video_id,channel_id,channel_title,video_title,published_at,observed_view_count,observed_like_count,observed_comment_count,observed_at,source_name,archive_type,thumbnail_url,thumbnail_gcs_uri,thumbnail_saved_url
jFPy6OJ_sdQ,UCMKCAHo4JFbXD2J77nWSswQ,2ch純愛物語,【2ch馴れ初め】 制服が買えず毎日ジャージで登校する貧乏女 姉のお下がりをプレゼントした結果…【ゆっくり】,2023-06-28,311769,4091,168,2024-01-07,competitor_sheet_20240107,competitor_sheet_archive,https://i.ytimg.com/vi/jFPy6OJ_sdQ/maxresdefault.jpg,,
piRgberZx0k,UCMKCAHo4JFbXD2J77nWSswQ,2ch純愛物語,【2ch馴れ初め】取引先で周りから罵声を浴びている美人清掃員が幼馴染だったので声をかけた結果…【ゆっくり】,2023-05-24,292255,3149,135,2024-01-07,competitor_sheet_20240107,competitor_sheet_archive,https://i.ytimg.com/vi/piRgberZx0k/maxresdefault.jpg,,
pPqGuD4NV18,UCMKCAHo4JFbXD2J77nWSswQ,2ch純愛物語,【2ch馴れ初め】留年間近の不良同級生に頼み込まれ毎日居残りして勉強を教えた結果…【ゆっくり】,2023-05-20,253405,2510,106,2024-01-07,competitor_sheet_20240107,competitor_sheet_archive,https://i.ytimg.com/vi/pPqGuD4NV18/maxresdefault.jpg,,
tR6z-zqKw0Y,UCMKCAHo4JFbXD2J77nWSswQ,2ch純愛物語,【2ch馴れ初め】毎日通ってる弁当屋の無愛想な女性店員→長期出張で暫く来れないと伝えた結果…【ゆっくり】,2023-11-07,210759,2200,52,2024-01-07,competitor_sheet_20240107,competitor_sheet_archive,https://i.ytimg.com/vi/tR6z-zqKw0Y/maxresdefault.jpg,,
pr6UBR7HQM8,UCMKCAHo4JFbXD2J77nWSswQ,2ch純愛物語,【2ch馴れ初め】シングルマザーの母の親友に頼まれて高熱の不良娘の看病をした結果…【ゆっくり】,2023-05-03,201189,1578,25,2024-01-07,competitor_sheet_20240107,competitor_sheet_archive,https://i.ytimg.com/vi/pr6UBR7HQM8/maxresdefault.jpg,,
ABDTm8Eq2xk,UCMKCAHo4JFbXD2J77nWSswQ,2ch純愛物語,【2ch馴れ初め】母親が交通事故で危篤に。駅の改札前で号泣する双子姉妹→放っておけず大事な商談に遅刻した結果…【ゆっくり】,2023-11-23,121279,2260,74,2024-01-07,competitor_sheet_20240107,competitor_sheet_archive,https://i.ytimg.com/vi/ABDTm8Eq2xk/maxresdefault.jpg,,
9GOPOiISZVs,UCMKCAHo4JFbXD2J77nWSswQ,2ch純愛物語,【2ch馴れ初め】極寒の夜、凍えながらおでん屋台に訪れた貧乏親子→温かいおでんを腹いっぱい食べさせた結果…【ゆっくり】,2023-11-16,117169,2307,102,2024-01-07,competitor_sheet_20240107,competitor_sheet_archive,https://i.ytimg.com/vi/9GOPOiISZVs/maxresdefault.jpg,,
bFwx4CIURT4,UCMKCAHo4JFbXD2J77nWSswQ,2ch純愛物語,【2ch馴れ初め】年に一度俺の営む民宿に遊びにくる母娘 廃業することを伝えた結果…【ゆっくり】,2023-06-27,90189,1233,38,2024-01-07,competitor_sheet_20240107,competitor_sheet_archive,https://i.ytimg.com/vi/bFwx4CIURT4/maxresdefault.jpg,,
P99fje5b7zc,UCMKCAHo4JFbXD2J77nWSswQ,2ch純愛物語,【2ch馴れ初め】 毎日俺を睨んでくる娘が通う保育園の先生→急な転勤で引っ越しする事を伝えた結果…【ゆっくり】,2023-12-31,78853,812,17,2024-01-07,competitor_sheet_20240107,competitor_sheet_archive,https://i.ytimg.com/vi/P99fje5b7zc/maxresdefault.jpg,,
JEXLIFmize4,UCMKCAHo4JFbXD2J77nWSswQ,2ch純愛物語,【2ch馴れ初め】娘の誕生日にケーキ屋でお金が払えず泣いてる貧乏シングルマザー→記念日に振られた俺が予約していた特製ホールケーキをあげた結果…【ゆっくり】,2023-11-17,65744,1473,33,2024-01-07,competitor_sheet_20240107,competitor_sheet_archive,https://i.ytimg.com/vi/JEXLIFmize4/maxresdefault.jpg,,
5Xf65qXaHWM,UCbmIgai3Xl6myks8yCFOqfg,2ch 馴れ初め白書,【2ch馴れ初め】極寒の夜、財布を届けてくれた女性ホームレス→お礼に温かいご飯を腹いっぱい食べさせた結果…【ゆっくり】,2023-11-10,502705,10191,370,2024-01-07,competitor_sheet_20240107,competitor_sheet_archive,https://i.ytimg.com/vi/5Xf65qXaHWM/maxresdefault.jpg,,
wNZkSCsu9oo,UCbmIgai3Xl6myks8yCFOqfg,2ch 馴れ初め白書,【2ch馴れ初め】踏切内で子供を抱え立ちすくむ貧乏シングルマザー→零細企業社長の俺が家政婦として雇った結果…【ゆっくり】,2023-11-21,133807,2087,64,2024-01-07,competitor_sheet_20240107,competitor_sheet_archive,https://i.ytimg.com/vi/wNZkSCsu9oo/maxresdefault.jpg,,
fhfUdds8gxw,UCMKCAHo4JFbXD2J77nWSswQ,2ch純愛物語,【2ch馴れ初め】いつも俺を見下してくる苦手なギャル同級生→昔命がけで助けた初恋の女の子だった結果…【ゆっくり】,2024-03-13,226768,2873,94,2024-05-03,competitor_sheet_20240503,competitor_sheet_archive,https://i.ytimg.com/vi/fhfUdds8gxw/maxresdefault.jpg,,
DvXGPqAXn_g,UCMKCAHo4JFbXD2J77nWSswQ,2ch純愛物語,【2ch馴れ初め】上級生の社長令嬢に目を付けられ父をクビにされた同級生→実は大企業会長子息、不良の俺が声を掛けた結果…【ゆっくり】,2024-03-14,203138,2293,60,2024-05-03,competitor_sheet_20240503,competitor_sheet_archive,https://i.ytimg.com/vi/DvXGPqAXn_g/maxresdefault.jpg,,
XSxtDzKQkTM,UCMKCAHo4JFbXD2J77nWSswQ,2ch純愛物語,【2ch馴れ初め】不良同級生の家にプリントを届けに来たクラス委員の俺→異変を感じたので実家に連れ帰った結果…【ゆっくり】,2024-03-24,173186,2348,46,2024-05-03,competitor_sheet_20240503,competitor_sheet_archive,https://i.ytimg.com/vi/XSxtDzKQkTM/maxresdefault.jpg,,
a07BtJ89b3Y,UCMKCAHo4JFbXD2J77nWSswQ,2ch純愛物語,【2ch馴れ初め】立ち上げた会社に面接に来た女性→幼い頃、命がけで俺を助けてくれた美人女性だった結果…【ゆっくり】,2024-03-18,155906,2479,44,2024-05-03,competitor_sheet_20240503,competitor_sheet_archive,https://i.ytimg.com/vi/a07BtJ89b3Y/maxresdefault.jpg,,
d3ZzfudX53s,UCMKCAHo4JFbXD2J77nWSswQ,2ch純愛物語,【2ch馴れ初め】 廃業寸前の旅館に現れたボロボロ婆さん→スイートルームに泊めた結果…【ゆっくり】,2024-03-31,149792,2522,60,2024-05-03,competitor_sheet_20240503,competitor_sheet_archive,https://i.ytimg.com/vi/d3ZzfudX53s/maxresdefault.jpg,,
NfbgiZKQ-kU,UCMKCAHo4JFbXD2J77nWSswQ,2ch純愛物語,【2ch馴れ初め】 他校の不良に絡まれる俺の苦手なギャル同級生→実は暴走族総長、陰キャの俺が助けた結果…【ゆっくり】,2024-04-02,76357,1062,30,2024-05-03,competitor_sheet_20240503,competitor_sheet_archive,https://i.ytimg.com/vi/NfbgiZKQ-kU/maxresdefault.jpg,,
RWeYb1wRDYo,UCMKCAHo4JFbXD2J77nWSswQ,2ch純愛物語,【2ch馴れ初め】母親の葬式で再会した双子連れの幼馴染→ボロボロで痩せ細っていたので理由を聞いた結果…【ゆっくり】,2024-03-19,73426,1231,26,2024-05-03,competitor_sheet_20240503,competitor_sheet_archive,https://i.ytimg.com/vi/RWeYb1wRDYo/maxresdefault.jpg,,
v60SQHF4-xM,UCMKCAHo4JFbXD2J77nWSswQ,2ch純愛物語,【2ch馴れ初め】起業仲間に裏切られ料理人を失った女店長→実は元三ツ星一流シェフ、デブ陰キャで常連の俺が手を貸した結果…【ゆっくり】,2024-04-09,70806,1109,31,2024-05-03,competitor_sheet_20240503,competitor_sheet_archive,https://i.ytimg.com/vi/v60SQHF4-xM/maxresdefault.jpg,,
xgEP4lV6uEQ,UCMKCAHo4JFbXD2J77nWSswQ,2ch純愛物語,【2ch馴れ初め3月総集編】いつも俺を見下してくる苦手なギャル同級生→昔命がけで助けた初恋の女の子だった結果… 2ch純愛物語 3月の人気動画まとめてみた！【作業用】【ゆっくり】,2024-04-05,62560,543,7,2024-05-03,competitor_sheet_20240503,competitor_sheet_archive,https://i.ytimg.com/vi/xgEP4lV6uEQ/maxresdefault.jpg,,
jNOPRiH93bQ,UCMKCAHo4JFbXD2J77nWSswQ,2ch純愛物語,【2ch馴れ初め】取引先で罵声を浴びるボロボロの男性清掃員→初恋の美人幼馴染だった結果…【ゆっくり】,2024-03-23,58538,1015,14,2024-05-03,competitor_sheet_20240503,competitor_sheet_archive,https://i.ytimg.com/vi/jNOPRiH93bQ/maxresdefault.jpg,,
EA953iqDewQ,UCbmIgai3Xl6myks8yCFOqfg,2ch 馴れ初め白書,【2ch馴れ初め】1人暮らしの祖母の家の前を毎日雪かきしに来てくれる双子姉妹→破けた夏靴を履いていたので新品の冬靴をプレゼントした結果…【ゆっくり】,2024-04-13,65231,1138,27,2024-05-03,competitor_sheet_20240503,competitor_sheet_archive,https://i.ytimg.com/vi/EA953iqDewQ/maxresdefault.jpg,,
QXsngZjdHuE,UCbmIgai3Xl6myks8yCFOqfg,2ch 馴れ初め白書,【2ch馴れ初め】 息子と2人お花見BBQ中に現れたみすぼらしい双子姉妹→空き部屋を提供した結果…【ゆっくり】,2024-04-11,56867,1140,41,2024-05-03,competitor_sheet_20240503,competitor_sheet_archive,https://i.ytimg.com/vi/QXsngZjdHuE/maxresdefault.jpg,,
Jb7MZf16Lck,UCbmIgai3Xl6myks8yCFOqfg,2ch 馴れ初め白書,【2ch馴れ初め】息子と2人お花見ピクニック中に現れたみすぼらしい少女→家がないと知り空き部屋に住ませた結果…【ゆっくり】,2024-03-18,51659,1002,25,2024-05-03,competitor_sheet_20240503,competitor_sheet_archive,https://i.ytimg.com/vi/Jb7MZf16Lck/maxresdefault.jpg,,
LDsUdvylXt4,,ムフフな馴れ初め【2chゆっくり】,【2ch馴れ初め】樹海でジ〇ツをしようとしていた美熟女「嫌なことばかりで…」→自宅に保護した【ゆっくり解説】,2023-12-01,21075480,172440,7590,2024-01-13,調査_馴れ初め_20240107:直近1か月,competitor_sheet_archive,https://i.ytimg.com/vi/LDsUdvylXt4/maxresdefault.jpg,,
4n4gN4xnWmo,,2ch馴れ初めヒストリー,【2ch馴れ初め】弟を塾に行かせる為に昼食を我慢する学校一の貧乏不良同級生→料理上手な俺が毎日山盛り弁当を作った結果...【ゆっくり】,2023-12-08,5237810,56110,2190,2024-01-13,調査_馴れ初め_20240107:直近1か月,competitor_sheet_archive,https://i.ytimg.com/vi/4n4gN4xnWmo/maxresdefault.jpg,,
Pkrk0BW6PGA,,馴れ初めロマンティック,【2ch 馴れ初め】幼馴染「一緒にお風呂入ろ…」→初◯◯した結果…【ゆっくり解説】,2023-12-06,3908050,12350,100,2024-01-13,調査_馴れ初め_20240107:直近1か月,competitor_sheet_archive,https://i.ytimg.com/vi/Pkrk0BW6PGA/maxresdefault.jpg,,
ZkoUfdXNxYU,,俺たちの馴れ初め,【2ch馴れ初め】宅飲み中に寝てしまった美人上司がまさかのノーパンだった→つい〇〇を舐めてしまった結果…【ゆっくり】,2023-12-15,3451100,21440,310,2024-01-13,調査_馴れ初め_20240107:直近1か月,competitor_sheet_archive,https://i.ytimg.com/vi/ZkoUfdXNxYU/maxresdefault.jpg,,
bqsMLl3dWxc,,俺たちの馴れ初め,【2ch馴れ初め】更衣室でパ〇ツの匂いを嗅いでたら 同僚にバレた→ 〇〇を舐めさせられた結果…【ゆっくり】,2023-12-23,3384660,17950,390,2024-01-13,調査_馴れ初め_20240107:直近1か月,competitor_sheet_archive,https://i.ytimg.com/vi/bqsMLl3dWxc/maxresdefault.jpg,,
_vO4lVsMe5Q,,思い出のゆっくり2ch,【2ch馴れ初め】激太り大食い外国人少女に 俺が和食を作り大量に与えた結果…,2023-12-04,3204490,34290,680,2024-01-13,調査_馴れ初め_20240107:直近1か月,competitor_sheet_archive,https://i.ytimg.com/vi/_vO4lVsMe5Q/maxresdefault.jpg,,
7FtlWLJz_hc,,マニマニピーポー,【漫画】ドS御曹司とドMメイドの濃厚な馴れ初め、ドMメイドが大富豪の使用人になった理由とは？,2023-12-10,3091000,29470,520,2024-01-13,調査_馴れ初め_20240107:直近1か月,competitor_sheet_archive,https://i.ytimg.com/vi/7FtlWLJz_hc/maxresdefault.jpg,,
nxOpyakt4QU,,2ch馴れ初めで愛を語る,【2ch馴れ初め】極寒の夜のコンビニ駐車場で凍えるボロボロの貧乏母娘 →温かいお風呂と自慢の手料理を振舞った結果,2023-12-15,2817910,19700,660,2024-01-13,調査_馴れ初め_20240107:直近1か月,competitor_sheet_archive,https://i.ytimg.com/vi/nxOpyakt4QU/maxresdefault.jpg,,
QahmiigY4YY,,2ch馴れ初メモリアル,【2ch馴れ初め】両親が離婚し再婚相手の１８歳の連れ子がまさかのS〇X依存症だった。一緒に暮らし始めたが毎晩義姉に迫られ…【ゆっくり解説】,2023-12-19,2651340,20120,550,2024-01-13,調査_馴れ初め_20240107:直近1か月,competitor_sheet_archive,https://i.ytimg.com/vi/QahmiigY4YY/maxresdefault.jpg,,
PD5zUA3OlrU,,俺たちの馴れ初め,【2ch馴れ初め】泊まりに来ていた姉の親友と脱衣所で鉢合わせ→ ピンクの〇〇〇を見てしまった結果…【ゆっくり】,2023-12-05,2594950,13580,120,2024-01-13,調査_馴れ初め_20240107:直近1か月,competitor_sheet_archive,https://i.ytimg.com/vi/PD5zUA3OlrU/maxresdefault.jpg,,
GDZa4gLB-5A,,ムフフな馴れ初め【2chゆっくり】,【2ch馴れ初め】家賃1000円のボロ小屋に住む熟女「どうか仕事をください…」俺「1発1万でどうですか？」→めちゃくちゃヤリまくった結果ｗ【ゆっくり解説】,2023-12-27,2462450,12460,500,2024-01-13,調査_馴れ初め_20240107:直近1か月,competitor_sheet_archive,https://i.ytimg.com/vi/GDZa4gLB-5A/maxresdefault.jpg,,
0fQD8dfPc-o,,俺たちの馴れ初め,【2ch馴れ初め】ゲームで負けたら何でもすると言った幼馴染に○○〇を見せてと頼んだ結果…【ゆっくり】,2023-12-03,2453860,10760,160,2024-01-13,調査_馴れ初め_20240107:直近1か月,competitor_sheet_archive,https://i.ytimg.com/vi/0fQD8dfPc-o/maxresdefault.jpg,,
BwUeMgYmo_A,,夜のひと馴れ初め,【2ch 馴れ初め】やけ酒で泥酔し美人家政婦とめちゃくちゃ●ッた結果【ゆっくり解説】,2023-12-23,2402490,7730,70,2024-01-13,調査_馴れ初め_20240107:直近1か月,competitor_sheet_archive,https://i.ytimg.com/vi/BwUeMgYmo_A/maxresdefault.jpg,,
t__HlA4Fl2Q,,2ch馴れ初メロディー,【2ch馴れ初め】ジサツ直前の美女に「最後に1回だけ○○○ヤらせてください！」とお持ち帰りした結果【ゆっくり】,2023-12-06,2399320,11060,180,2024-01-13,調査_馴れ初め_20240107:直近1か月,competitor_sheet_archive,https://i.ytimg.com/vi/t__HlA4Fl2Q/maxresdefault.jpg,,
UUnYHXb9_Bs,,俺たちの馴れ初め,【2ch馴れ初め】家族で訪れた露天風呂で同級生と遭遇 →〇〇ゃおうか？と誘われた結果…【ゆっくり】,2023-12-01,1979210,7720,120,2024-01-13,調査_馴れ初め_20240107:直近1か月,competitor_sheet_archive,https://i.ytimg.com/vi/UUnYHXb9_Bs/maxresdefault.jpg,,
TZWjzRBnnsg,,2ch馴れ初めで愛を語る,【2ch馴れ初め】全国模試１位のヤンキーが学校で陰キャを演じてたら ドベギャルに「あんた、教科書と結婚したら」とバカにされた結果,2023-12-13,1885350,14580,330,2024-01-13,調査_馴れ初め_20240107:直近1か月,competitor_sheet_archive,https://i.ytimg.com/vi/TZWjzRBnnsg/maxresdefault.jpg,,
IgO-5bUVuKU,,2ch馴れ初めプランナー,【2ch馴れ初め】ホームセンターで練炭を買うボロボロ親子→生涯孤独の俺が声をかけた結果【ゆっくり解説】,2023-12-03,1825280,28490,920,2024-01-13,調査_馴れ初め_20240107:直近1か月,competitor_sheet_archive,https://i.ytimg.com/vi/IgO-5bUVuKU/maxresdefault.jpg,,
dLVFiPLle1U,,2ch馴れ初めで愛を語る,【2ch馴れ初め】修学旅行中、子供用の下着を着ける貧乏女子がバカにされていたので 裁縫が得意な俺が助けた結果,2023-12-12,1792300,18440,510,2024-01-13,調査_馴れ初め_20240107:直近1か月,competitor_sheet_archive,https://i.ytimg.com/vi/dLVFiPLle1U/maxresdefault.jpg,,
Us_0nYBjZYU,,夜のひと馴れ初め,【2ch 馴れ初め】大会で骨折した美人幼馴染を至る所までお世話した結果【ゆっくり解説】,2024-01-04,1764090,9380,80,2024-01-13,調査_馴れ初め_20240107:直近1か月,competitor_sheet_archive,https://i.ytimg.com/vi/Us_0nYBjZYU/maxresdefault.jpg,,
FlawWnPM-0E,,私たちの馴れ初めTV,【馴れ初め】温泉旅館で大嫌いな美人上司のスカートの中が見えると「あなた後で私の部屋に来なさい！」部屋に行くと...【感動する話】,2023-12-07,1732900,5840,120,2024-01-13,調査_馴れ初め_20240107:直近1か月,competitor_sheet_archive,https://i.ytimg.com/vi/FlawWnPM-0E/maxresdefault.jpg,,
bFa4LVwkM_Y,,2chなれそめストーリー,【2ch馴れ初め】男性の病気で〇なしの俺が、女上司に相談すると、むしろ喜んでくれた結果【ゆっくり】,2023-12-13,1723800,8900,90,2024-01-13,調査_馴れ初め_20240107:直近1か月,competitor_sheet_archive,https://i.ytimg.com/vi/bFa4LVwkM_Y/maxresdefault.jpg,,
JkN8aqpsudk,,2ch馴れ初めクエスト,【2ch馴れ初め】入学式なのにジャージ姿の生活保護の同級生に亡き姉が一度も着られなかった制服を譲った結果【ゆっくり動画】,2023-12-12,1701490,28880,860,2024-01-13,調査_馴れ初め_20240107:直近1か月,competitor_sheet_archive,https://i.ytimg.com/vi/JkN8aqpsudk/maxresdefault.jpg,,
ud2T2rk3kaY,,2ch馴れ初めで愛を語る,【2ch馴れ初め】母のたこ焼き屋を手伝うぼろぼろの双子姉妹→零細企業社長の俺が差し入れ用に大量に買った結果,2023-12-22,1598750,17570,500,2024-01-13,調査_馴れ初め_20240107:直近1か月,competitor_sheet_archive,https://i.ytimg.com/vi/ud2T2rk3kaY/maxresdefault.jpg,,
WpsWfaNQoso,,馴れ初めアミーゴ,【2ch馴れ初め】俺の巨大になった息子を家事代行サービスの担当女性に直接見たいと頼まれた結果【ゆっくり解説】,2024-01-04,1587940,7130,110,2024-01-13,調査_馴れ初め_20240107:直近1か月,competitor_sheet_archive,https://i.ytimg.com/vi/WpsWfaNQoso/maxresdefault.jpg,,
TaCDTr3Y0Hg,,2ch馴れ初めで愛を語る,【2ch馴れ初め】豪雪の夜、薪を一人で買いに来る少女→重そうなので一緒に家まで運んだ結果,2023-12-21,1516530,19250,740,2024-01-13,調査_馴れ初め_20240107:直近1か月,competitor_sheet_archive,https://i.ytimg.com/vi/TaCDTr3Y0Hg/maxresdefault.jpg,,
J03UvEkMqao,,ムフフな馴れ初め【2chゆっくり】,【2ch馴れ初め】余命宣告された同室の美熟女「ﾀﾋぬ前に経験したかった…」俺「俺とヤリましょう！」→深夜の病室でヤリまくった結果【ゆっくり解説】,2024-01-06,1514240,9430,350,2024-01-13,調査_馴れ初め_20240107:直近1か月,competitor_sheet_archive,https://i.ytimg.com/vi/J03UvEkMqao/maxresdefault.jpg,,
kYxNVa4w10Q,,Dinesh Kumar,【馴れ初め】美人すぎる鬼上司が酔い潰れたので家に泊めると→突然目を覚まして、驚きの展開に,2023-12-07,1511640,8040,00,2024-01-13,調査_馴れ初め_20240107:直近1か月,competitor_sheet_archive,https://i.ytimg.com/vi/kYxNVa4w10Q/maxresdefault.jpg,,
xvgaHTsSt_0,,思い出のゆっくり2ch,【2ch馴れ初め】「良ければしばらく泊めてくれない…？私のためにも…！」両親を亡くした姪を引き取った俺…同僚が住込みで助けてくれた結果…,2023-12-19,1492100,15090,490,2024-01-13,調査_馴れ初め_20240107:直近1か月,competitor_sheet_archive,https://i.ytimg.com/vi/xvgaHTsSt_0/maxresdefault.jpg,,
ZvWeDgUTVbU,,大人の馴れ初め話【2chゆっくり】,【2ch 馴れ初め】コンプレックスに悩む女性→俺「君は最高だ、俺の理想の人だ」女性「ほんと？」この後めちゃくちゃにした【ゆっくり解説】,2023-12-11,1490230,6720,80,2024-01-13,調査_馴れ初め_20240107:直近1か月,competitor_sheet_archive,https://i.ytimg.com/vi/ZvWeDgUTVbU/maxresdefault.jpg,,
3qIE07FNWMs,,夜のひと馴れ初め,【2ch 馴れ初め】15年片思いしてる美人幼馴染をガチで押し倒してみた結果【ゆっくり解説】,2023-12-21,1478730,6910,50,2024-01-13,調査_馴れ初め_20240107:直近1か月,competitor_sheet_archive,https://i.ytimg.com/vi/3qIE07FNWMs/maxresdefault.jpg,,
EdcFbr_rP0M,,ムフフな馴れ初め【2chゆっくり】,【2ch馴れ初め】クリスマスに爆乳上司と2人きりで残業。→会社でヤリまくったｗｗｗ【ゆっくり解説】,2023-12-25,1395400,4200,180,2024-01-13,調査_馴れ初め_20240107:直近1か月,competitor_sheet_archive,https://i.ytimg.com/vi/EdcFbr_rP0M/maxresdefault.jpg,,
LrHrmQmLIVA,,2ch馴れ初めクエスト,【2ch馴れ初め】赤子を抱え引っ越しのあいさつにきたぼろぼろ服の貧乏女性が困ってそうだったので娘のお下がりを大量にあげた結果【ゆっくり動画】,2023-12-15,1386150,16760,220,2024-01-13,調査_馴れ初め_20240107:直近1か月,competitor_sheet_archive,https://i.ytimg.com/vi/LrHrmQmLIVA/maxresdefault.jpg,,
eN5RO9dRMv4,,2ch純愛物語,【2ch馴れ初め】極寒の夜、母親を亡くし親戚の家で暮らす双子が、飢餓寸前状態で庭に放置されていた結果【ゆっくり】,2023-12-11,1383770,19510,420,2024-01-13,調査_馴れ初め_20240107:直近1か月,competitor_sheet_archive,https://i.ytimg.com/vi/eN5RO9dRMv4/maxresdefault.jpg,,
V02h9TeFTc8,,2ch馴れ初めで愛を語る,【2ch馴れ初め】100万持ってやって来たガリガリの少女に廃業寸前のラーメン屋の俺が愛情たっぷりのラーメンを提供した結果,2023-12-03,1349170,14010,770,2024-01-13,調査_馴れ初め_20240107:直近1か月,competitor_sheet_archive,https://i.ytimg.com/vi/V02h9TeFTc8/maxresdefault.jpg,,
Z6UAwFmF23A,,2ch馴れ初めで愛を語る,【2ch馴れ初め】数年前女性を助けて腕に傷が残っている陰キャな俺→なぜか妹友人の美人モデルが食いついてきた結果,2023-12-18,1331450,9490,140,2024-01-13,調査_馴れ初め_20240107:直近1か月,competitor_sheet_archive,https://i.ytimg.com/vi/Z6UAwFmF23A/maxresdefault.jpg,,
kDwpJx9Ie60,,思い出のゆっくり2ch,【2ch馴れ初め】「明日の朝まで…どうかここに居させてください…」大雪警報の夜、ウチの車庫で身を寄せ合う謎の母娘。心配で家の中へ招いた結果…,2023-12-07,1322510,11660,220,2024-01-13,調査_馴れ初め_20240107:直近1か月,competitor_sheet_archive,https://i.ytimg.com/vi/kDwpJx9Ie60/maxresdefault.jpg,,
MT2OurPJeG0,,ムフフな馴れ初め【2chゆっくり】,【2ch馴れ初め】大晦日に全財産失った爆乳熟女「家も無くて…」俺「ウチで一発どうですか？ｗ」→ヤリまくって年越したｗ【ゆっくり解説】,2023-12-31,1286600,8910,280,2024-01-13,調査_馴れ初め_20240107:直近1か月,competitor_sheet_archive,https://i.ytimg.com/vi/MT2OurPJeG0/maxresdefault.jpg,,
uUA3-s04xNE,,俺たちの馴れ初め,【2ch馴れ初め】アパートの通路で泣いているシングルマザー→〇〇〇を凝視してから助けた結果…【ゆっくり】,2023-12-11,1274680,5410,80,2024-01-13,調査_馴れ初め_20240107:直近1か月,competitor_sheet_archive,https://i.ytimg.com/vi/uUA3-s04xNE/maxresdefault.jpg,,
2GNbpu39jW0,,2ch馴れ初めで愛を語る,【2ch馴れ初め】夜の山道でバイクが故障し困ってるレディース総長 助けたらなぜか同棲する事になった結果,2023-12-01,1258430,10290,180,2024-01-13,調査_馴れ初め_20240107:直近1か月,competitor_sheet_archive,https://i.ytimg.com/vi/2GNbpu39jW0/maxresdefault.jpg,,
yowgkdgx6us,,涙のひと馴れ初め,【2ch 馴れ初め】家で一人と勘違いした姉がお風呂上がり、全ネ果で気づかず俺の顔に座ってきた結果…【ゆっくり解説】,2024-01-06,1241450,8130,130,2024-01-13,調査_馴れ初め_20240107:直近1か月,competitor_sheet_archive,https://i.ytimg.com/vi/yowgkdgx6us/maxresdefault.jpg,,
dvoYgFEaUXM,,ムフフな馴れ初め【2chゆっくり】,【2ch馴れ初め】夜〇いが合法化されている村で…→めちゃくちゃヤラれたｗ【ゆっくり解説】,2023-12-06,1234950,8980,430,2024-01-13,調査_馴れ初め_20240107:直近1か月,competitor_sheet_archive,https://i.ytimg.com/vi/dvoYgFEaUXM/maxresdefault.jpg,,
jK12HEDGc68,,俺たちの馴れ初め,【2ch馴れ初め】浮気現場を先輩同僚に見られた→ 毎晩相手をさせられた結果…【ゆっくり】,2023-12-18,1221300,4380,110,2024-01-13,調査_馴れ初め_20240107:直近1か月,competitor_sheet_archive,https://i.ytimg.com/vi/jK12HEDGc68/maxresdefault.jpg,,
HoqbkGlpZhg,,2ch馴れ初めで愛を語る,【2ch馴れ初め】水泳教室の怖い元ヤン美人先生に 娘が亡き姉の子で俺は独身だとバレた結果,2023-12-08,1214380,11880,160,2024-01-13,調査_馴れ初め_20240107:直近1か月,competitor_sheet_archive,https://i.ytimg.com/vi/HoqbkGlpZhg/maxresdefault.jpg,,
s-eF8MrgHzk,,2chほっこり馴れ初め話,【2ch馴れ初め】ホームレス集団の中に元職場の女後輩を発見、立ち上げた会社に住み込みで雇った結果…【ゆっくり】,2023-12-16,1175660,10670,260,2024-01-13,調査_馴れ初め_20240107:直近1か月,competitor_sheet_archive,https://i.ytimg.com/vi/s-eF8MrgHzk/maxresdefault.jpg,,
POmWbEROsWA,,2ch馴れ初めスレ速報,【2ch馴れ初め】好奇心旺盛な幼馴染が「おっきいの入れてみたい」と言うので自慢の息子貸してあげた結果・・・【ゆっくり】,2023-12-15,1159560,7860,160,2024-01-13,調査_馴れ初め_20240107:直近1か月,competitor_sheet_archive,https://i.ytimg.com/vi/POmWbEROsWA/maxresdefault.jpg,,
yVOjRvwjDww,,2ch馴れ初めスレ速報,【2ch馴れ初め】田舎から泊まりに来た従妹が・・・結果【ゆっくり】,2023-12-23,1148990,8700,120,2024-01-13,調査_馴れ初め_20240107:直近1か月,competitor_sheet_archive,https://i.ytimg.com/vi/yVOjRvwjDww/maxresdefault.jpg,,
ZkOvfNSclDY,,2ch馴れ初めで愛を語る,【2ch馴れ初め】姉に頼まれコンビニでゴムを買う陰キャな俺 いつも塩対応なヤンキー店員が動揺しちゃった結果,2023-12-30,1131990,5890,190,2024-01-13,調査_馴れ初め_20240107:直近1か月,competitor_sheet_archive,https://i.ytimg.com/vi/ZkOvfNSclDY/maxresdefault.jpg,,
6fFogzDU4UQ,,大人の馴れ初め恋愛事情【2chゆっくり】,【2ch馴れ初め】A〇鑑賞を爆乳後輩に見られた→毎晩〇〇を舐めさせられた結果【ゆっくり解説】,2023-12-27,1112900,5440,170,2024-01-13,調査_馴れ初め_20240107:直近1か月,competitor_sheet_archive,https://i.ytimg.com/vi/6fFogzDU4UQ/maxresdefault.jpg,,
mhswqQeharc,,馴れ初めアミーゴ,【2ch馴れ初め】深夜の駅前で泥酔してた女上司を泊めたらテクが凄くて◯してしまった結果www【ゆっくり解説】,2024-01-02,1109620,4030,130,2024-01-13,調査_馴れ初め_20240107:直近1か月,competitor_sheet_archive,https://i.ytimg.com/vi/mhswqQeharc/maxresdefault.jpg,,
8ljX0NPwoLU,,2ch馴れ初め日和,【2ch馴れ初め】息子とトラックで帰省中に見かけた貧乏親子→廃棄予定の商品をあげた結果…【ゆっくり】,2023-12-21,1105180,9780,140,2024-01-13,調査_馴れ初め_20240107:直近1か月,competitor_sheet_archive,https://i.ytimg.com/vi/8ljX0NPwoLU/maxresdefault.jpg,,
XuGpyQQwwWE,,馴れ初めアミーゴ,【2ch馴れ初め】俺の大きくなった息子をベテラン家政婦に近くで見せて欲しいとお願いされた結果…【ゆっくり解説】,2023-12-23,1094240,4790,60,2024-01-13,調査_馴れ初め_20240107:直近1か月,competitor_sheet_archive,https://i.ytimg.com/vi/XuGpyQQwwWE/maxresdefault.jpg,,
LQ5cujQcYqE,,2ch馴れ初めで愛を語る,【2ch馴れ初め】陰キャの俺が借り物競争でヤンキー美女を担いでゴールしたらなぜかヤンキー美女に惚れられた結果…,2024-01-10,1093240,11430,280,2024-01-13,調査_馴れ初め_20240107:直近1か月,competitor_sheet_archive,https://i.ytimg.com/vi/LQ5cujQcYqE/maxresdefault.jpg,,
CEKN5BF10lA,,2ch馴れ初め日和,【2ch馴れ初め】豪雪の夜、灯油を一人で買いに来る少女→心配になり家まで送った結果…【ゆっくり】,2023-12-13,1067540,11820,170,2024-01-13,調査_馴れ初め_20240107:直近1か月,competitor_sheet_archive,https://i.ytimg.com/vi/CEKN5BF10lA/maxresdefault.jpg,,
u8Jgb-P-Nxc,,2ch馴れ初めクエスト,【2ch馴れ初め】貧しい家を助けるため、母のおにぎり屋を手伝うぼろぼろの少女から土木作業員の俺が大量に買ってあげた結果【ゆっくり動画】,2023-12-13,1053090,17780,390,2024-01-13,調査_馴れ初め_20240107:直近1か月,competitor_sheet_archive,https://i.ytimg.com/vi/u8Jgb-P-Nxc/maxresdefault.jpg,,
qnkzIqv6PE4,,大人の馴れ初め話【2chゆっくり】,【2ch 馴れ初め】お見合い相手が奇病だった→女性「こんな私でも 愛せますか？」俺「誓います」→まずは相性を確かめてみた結果ｗ【ゆっくり解説】,2023-12-20,1028670,10270,250,2024-01-13,調査_馴れ初め_20240107:直近1か月,competitor_sheet_archive,https://i.ytimg.com/vi/qnkzIqv6PE4/maxresdefault.jpg,,
gQEsjgeNZXQ,,大人の馴れ初め話【2chゆっくり】,【2ch 馴れ初め】顔に酷い火傷がある女性とお見合い→女性「こんな顔嫌いですよね」俺「世界一美人です！」号泣後、めちゃくちゃ燃えた【ゆっくり解説】,2023-12-22,1010080,9950,370,2024-01-13,調査_馴れ初め_20240107:直近1か月,competitor_sheet_archive,https://i.ytimg.com/vi/gQEsjgeNZXQ/maxresdefault.jpg,,
v_hd5aXvG7s,,2chほっこり馴れ初め話,【2ch馴れ初め】ガス代が払えず水で身体を洗う隣の部屋の女学生、家のお風呂に入れてあげた結果…【ゆっくり】,2023-12-21,997030,6440,110,2024-01-13,調査_馴れ初め_20240107:直近1か月,competitor_sheet_archive,https://i.ytimg.com/vi/v_hd5aXvG7s/maxresdefault.jpg,,
1aCCQlpfquY,,馴れ初めアミーゴ,【2ch 馴れ初め】両親不在の3日間。家政婦が寝てる間にこっそり◯◯揉んだら、寝ぼけたままネ果になりだした結果【ゆっくり解説】,2023-12-11,994430,2700,40,2024-01-13,調査_馴れ初め_20240107:直近1か月,competitor_sheet_archive,https://i.ytimg.com/vi/1aCCQlpfquY/maxresdefault.jpg,,
uqpxsOtLE_I,,俺たちの馴れ初め,【2ch馴れ初め】ビルの屋上から飛び降りようとするＯＬ→朝になるまで〇りまくった結果…【ゆっくり】,2024-01-03,989150,5150,110,2024-01-13,調査_馴れ初め_20240107:直近1か月,competitor_sheet_archive,https://i.ytimg.com/vi/uqpxsOtLE_I/maxresdefault.jpg,,
wawMdvNipZw,,2ch馴れ初めヒストリー,【2ch馴れ初め】両親に捨てられ親戚の家では奴隷扱い。ランドセルも買ってもらえず教科書を手に持って登校するボロボロ少女 →亡き姉が使えなかったランドセルを譲った結果...【ゆっくり】,2023-12-25,984830,17300,700,2024-01-13,調査_馴れ初め_20240107:直近1か月,competitor_sheet_archive,https://i.ytimg.com/vi/wawMdvNipZw/maxresdefault.jpg,,
R0VsfH8w04o,,2ch馴れ初めで愛を語る,【2ch馴れ初め】傷だらけで家出した10歳の俺を助けてくれた 不良ギャルに10年後会いに行った結果,2024-01-04,972640,6000,120,2024-01-13,調査_馴れ初め_20240107:直近1か月,competitor_sheet_archive,https://i.ytimg.com/vi/R0VsfH8w04o/maxresdefault.jpg,,
jhGe8JUgoxc,,2ch馴れ初めヒストリー,【2ch馴れ初め】ガラの悪い男達に囲まれる中、盲目の母を必死に庇う少女 →元暴走族総長の俺が助けて家まで送り届けた結果...【ゆっくり】,2023-12-14,969620,10960,340,2024-01-13,調査_馴れ初め_20240107:直近1か月,competitor_sheet_archive,https://i.ytimg.com/vi/jhGe8JUgoxc/maxresdefault.jpg,,
kEIaw2hq3dQ,,2ch馴れ初めヒストリー,【2ch馴れ初め】姉が押し付けてきた不愛想な少女→農家の俺が引き取り手伝ってもらった結果...【ゆっくり】,2024-01-03,965480,13720,270,2024-01-13,調査_馴れ初め_20240107:直近1か月,competitor_sheet_archive,https://i.ytimg.com/vi/kEIaw2hq3dQ/maxresdefault.jpg,,
83wsR9YV1fQ,,2ch純愛物語,【2ch馴れ初め】極寒の夜、強制退去の紙を眺め号泣するヤンキー隣人→保護し温かいご飯を食べさせた結果…【ゆっくり】,2023-12-07,954740,13610,290,2024-01-13,調査_馴れ初め_20240107:直近1か月,competitor_sheet_archive,https://i.ytimg.com/vi/83wsR9YV1fQ/maxresdefault.jpg,,
P99fje5b7zc,,2ch純愛物語,【2ch馴れ初め】 毎日俺を睨んでくる娘が通う保育園の先生→急な転勤で引っ越しする事を伝えた結果…【ゆっくり】,2023-12-31,951440,9950,180,2024-01-13,調査_馴れ初め_20240107:直近1か月,competitor_sheet_archive,https://i.ytimg.com/vi/P99fje5b7zc/maxresdefault.jpg,,
06jdAY02ZBU,,2ch馴れ初め物語,【2ch馴れ初め】大雪の中、家出して凍えている同じクラスの不良娘、放って置けず俺の家に招いた結果【ゆっくり】,2023-12-11,947820,6020,120,2024-01-13,調査_馴れ初め_20240107:直近1か月,competitor_sheet_archive,https://i.ytimg.com/vi/06jdAY02ZBU/maxresdefault.jpg,,
YcUwtVrWQXk,,2ch馴れ初め日記帳,【2ch馴れ初め】毒親の借金返済の為無理やり見合いさせられた女子高生→デブ陰キャで資産家子息の俺が結婚した結果…【ゆっくり】,2023-12-20,936740,14060,430,2024-01-13,調査_馴れ初め_20240107:直近1か月,competitor_sheet_archive,https://i.ytimg.com/vi/YcUwtVrWQXk/maxresdefault.jpg,,
UQHsxlHre8M,,2chほっこり馴れ初め話,【2ch馴れ初め】極寒の夜、迷子になった娘の面倒を見てくれたホームレス、飲食経営の俺が住み込みで雇った結果…【ゆっくり】,2023-12-14,933420,14350,230,2024-01-13,調査_馴れ初め_20240107:直近1か月,competitor_sheet_archive,https://i.ytimg.com/vi/UQHsxlHre8M/maxresdefault.jpg,,
AbIYkjDR-cE,,2ch馴れ初めスレ速報,【2ch馴れ初め】◯出し特集を美人幼馴染に見られ・・・結果【ゆっくり】,2024-01-04,925630,6330,150,2024-01-13,調査_馴れ初め_20240107:直近1か月,competitor_sheet_archive,https://i.ytimg.com/vi/AbIYkjDR-cE/maxresdefault.jpg,,
dOiYUHztCww,,2ch馴れ初めクエスト,【2ch馴れ初め】大雪の中、公園の公衆トイレの屋根の下で身を寄せ合うぼろぼろ親子に偶然通りかかった俺が声を掛けた結果【ゆっくり動画】,2023-12-14,915800,12080,220,2024-01-13,調査_馴れ初め_20240107:直近1か月,competitor_sheet_archive,https://i.ytimg.com/vi/dOiYUHztCww/maxresdefault.jpg,,
FA7SmTmkZzY,,2ch馴れ初めで愛を語る,【2ch馴れ初め】貧乏で修学旅行に行けないヤンキー女子高生に給料全部あげた結果,2023-12-26,906580,7110,90,2024-01-13,調査_馴れ初め_20240107:直近1か月,competitor_sheet_archive,https://i.ytimg.com/vi/FA7SmTmkZzY/maxresdefault.jpg,,
XHQiazEWAkY,,俺たちの馴れ初め,【2ch馴れ初め】彼氏に〇〇が臭いと言われて泣いている幼馴染 →匂いを嗅いで確認した結果…【ゆっくり】,2023-12-25,906070,5370,140,2024-01-13,調査_馴れ初め_20240107:直近1か月,competitor_sheet_archive,https://i.ytimg.com/vi/XHQiazEWAkY/maxresdefault.jpg,,
87Us4GRRldU,,2ch馴れ初め秘話,【2ch馴れ初め】大人のビデオを見て不安になった天然幼馴染が 私のアワビっておかしいの？と見せつけてきた結果【新作あり】#恋愛話 #2chSS #感動する話 #ゆっくり,2023-12-05,894230,4400,60,2024-01-13,調査_馴れ初め_20240107:直近1か月,competitor_sheet_archive,https://i.ytimg.com/vi/87Us4GRRldU/maxresdefault.jpg,,
FT5ugq1EhwE,,2ch馴れ初メモリアル,【2ch馴れ初め】寝る前に丁度いい！ちょっぴりHな馴れ初め話4連発!!下着が透けているマドンナ、清楚な幼馴染、仲の悪い義姉、叱られている新入社員と出会った結果【ゆっくり】【総集編】【作業用】【睡眠用】,2023-12-27,876400,6220,50,2024-01-13,調査_馴れ初め_20240107:直近1か月,competitor_sheet_archive,https://i.ytimg.com/vi/FT5ugq1EhwE/maxresdefault.jpg,,
6NkxmYUJUz0,,2ch馴れ初めクエスト,【2ch馴れ初め】毎日一人でおつかいに来る7歳のボロボロ少女が米を買いたいというので家まで運んであげた結果【ゆっくり動画】,2023-12-30,875110,11880,210,2024-01-13,調査_馴れ初め_20240107:直近1か月,competitor_sheet_archive,https://i.ytimg.com/vi/6NkxmYUJUz0/maxresdefault.jpg,,
Onf6Cl5tb0Y,,2ch馴れ初めヒストリー,【2ch馴れ初め】母が作った弁当を1人で必死に売るボロボロの少女→会社経営してる俺が社員の為に買い占めた結果...【ゆっくり】,2023-12-04,872040,14550,520,2024-01-13,調査_馴れ初め_20240107:直近1か月,competitor_sheet_archive,https://i.ytimg.com/vi/Onf6Cl5tb0Y/maxresdefault.jpg,,
vLDJ0T6A3ac,,2ch馴れ初めクエスト,【2ch馴れ初め】ド田舎の俺ん家の隣に越してきたがりがりの貧乏母娘に挨拶がてらうちの畑で取れた野菜と米を差し入れした結果【ゆっくり動画】,2023-12-25,859380,11130,200,2024-01-13,調査_馴れ初め_20240107:直近1か月,competitor_sheet_archive,https://i.ytimg.com/vi/vLDJ0T6A3ac/maxresdefault.jpg,,
0u32hxOIkBU,,ときめき馴れ初めノート,【2ch馴れ初め】極寒の夜、雪を食べ飢えをしのぐ亡き親友の娘 → 俺が営む温泉旅館へ連れ帰った結果【ゆっくり】,2023-12-23,839680,14150,260,2024-01-13,調査_馴れ初め_20240107:直近1か月,competitor_sheet_archive,https://i.ytimg.com/vi/0u32hxOIkBU/maxresdefault.jpg,,
FEZLGIHGjqQ,,2ch純愛物語,【2ch馴れ初め】修学旅行中、動物園で独りぼっちの車椅子の不良同級生→動物マニアで陰キャの俺が案内した結果…【ゆっくり】,2023-12-22,826390,8480,260,2024-01-13,調査_馴れ初め_20240107:直近1か月,competitor_sheet_archive,https://i.ytimg.com/vi/FEZLGIHGjqQ/maxresdefault.jpg,,
ukeEJ43G2RY,,夜のひと馴れ初め,【2ch 馴れ初め】出張先のホテルで未亡人熟女が…結果【ゆっくり解説】,2024-01-05,800380,2270,10,2024-01-13,調査_馴れ初め_20240107:直近1か月,competitor_sheet_archive,https://i.ytimg.com/vi/ukeEJ43G2RY/maxresdefault.jpg,,
niOb8JZ6bfY,,馴れ初めアミーゴ,【2ch馴れ初め】幼馴染が興味本位で俺の大きすぎる息子を見たいとお願いされた結果….【ゆっくり解説】,2023-12-01,794520,2890,30,2024-01-13,調査_馴れ初め_20240107:直近1か月,competitor_sheet_archive,https://i.ytimg.com/vi/niOb8JZ6bfY/maxresdefault.jpg,,
PcMN7P3PUbs,,2ch馴れ初め日記帳,【2ch馴れ初め】駅前でチンピラに絡まれ怯える涙目ヤンキー少女→元暴走族総長現オタクの俺が本気を出してしまった結果 …【ゆっくり】,2023-12-09,781770,9380,180,2024-01-13,調査_馴れ初め_20240107:直近1か月,competitor_sheet_archive,https://i.ytimg.com/vi/PcMN7P3PUbs/maxresdefault.jpg,,
ARcPIyNryNA,,馴れ初めロマンティック,【2ch馴れ初め】いつも可愛い幼馴染にからかわれている俺→仕返しにふざけてアソコを触った結果…【ゆっくり】,2023-12-01,772970,4150,20,2024-01-13,調査_馴れ初め_20240107:直近1か月,competitor_sheet_archive,https://i.ytimg.com/vi/ARcPIyNryNA/maxresdefault.jpg,,
TQukDrP44ZE,,私たちの馴れ初めTV,【馴れ初め】離婚前日に温泉旅館へ、俺「最後に一度だけいいか？」妻「いいわよ」20年前と全じ時間を...【感動する話】,2023-12-31,769950,3180,50,2024-01-13,調査_馴れ初め_20240107:直近1か月,competitor_sheet_archive,https://i.ytimg.com/vi/TQukDrP44ZE/maxresdefault.jpg,,
WoUPsie5k9s,,2ch 馴れ初め白書,【2ch馴れ初め】 社食をタッパーで持ち帰る田舎臭い貧乏新入社員→自宅に招待し自慢の手料理を振る舞った結果…【ゆっくり】,2023-12-03,765800,10600,240,2024-01-13,調査_馴れ初め_20240107:直近1か月,competitor_sheet_archive,https://i.ytimg.com/vi/WoUPsie5k9s/maxresdefault.jpg,,
rrF385jpvm4,,叡智な馴れ初め物語,【2ch馴れ初め】妹の太ももから濁った白いモノが流れていたので恐る恐る中身を見た結果,2023-12-07,757290,3190,30,2024-01-13,調査_馴れ初め_20240107:直近1か月,competitor_sheet_archive,https://i.ytimg.com/vi/rrF385jpvm4/maxresdefault.jpg,,
NZmp38WW6u4,,2ch純愛ばなし,【2ch馴れ初め】施設職員の虐待で泣き叫ぶ顔面包帯少女、１億円の商談を捨て助けに走った結果【ゆっくり】,2023-12-08,744900,13110,590,2024-01-13,調査_馴れ初め_20240107:直近1か月,competitor_sheet_archive,https://i.ytimg.com/vi/NZmp38WW6u4/maxresdefault.jpg,,
U8GBU9kD3pY,,夜のひと馴れ初め,【2ch 馴れ初め】キャンプ中友達が寝てる横で片思いの幼馴染を襲ってみた結果【ゆっくり解説】,2023-12-26,741210,2930,10,2024-01-13,調査_馴れ初め_20240107:直近1か月,competitor_sheet_archive,https://i.ytimg.com/vi/U8GBU9kD3pY/maxresdefault.jpg,,
Pmfn0oBqOxI,,2ch胸キュン馴れ初め,【2ch馴れ初め】皆が恐れるぼっちヤンキー女が修学旅行中ずっと一人だった。陰キャの俺が一緒に観光したら最初は冷たかったが徐々に心を開きデレるようになった結果…【ゆっくり】,2023-12-20,732080,4090,50,2024-01-13,調査_馴れ初め_20240107:直近1か月,competitor_sheet_archive,https://i.ytimg.com/vi/Pmfn0oBqOxI/maxresdefault.jpg,,
dIullQBEbxU,,俺たちの馴れ初め,【2ch馴れ初め】酔い潰れて帰宅したら隣人の女子大生の部屋だった → 〇〇がむき出しになっていた結果 …【ゆっくり】,2024-01-08,714010,3580,60,2024-01-13,調査_馴れ初め_20240107:直近1か月,competitor_sheet_archive,https://i.ytimg.com/vi/dIullQBEbxU/maxresdefault.jpg,,
BSR6Ks2GNKI,,叡智な馴れ初め物語,【2ch馴れ初め】エレベーターで美人上司のいい匂いに興奮してしまい息子が大きくなってしまった結果,2023-12-05,713580,2800,30,2024-01-13,調査_馴れ初め_20240107:直近1か月,competitor_sheet_archive,https://i.ytimg.com/vi/BSR6Ks2GNKI/maxresdefault.jpg,,
ryV7bnmGTvs,,ムフフな馴れ初め【2chゆっくり】,【2ch馴れ初め】男性経験が無い50代熟女上司。→俺好みに調教した結果ｗｗｗ【ゆっくり解説】,2023-12-21,693480,4140,130,2024-01-13,調査_馴れ初め_20240107:直近1か月,competitor_sheet_archive,https://i.ytimg.com/vi/ryV7bnmGTvs/maxresdefault.jpg,,
RpkgKq4fESU,,涙のひと馴れ初め,【2ch 馴れ初め】週一で通う推しの風◯嬢がまさかの幼馴染の母だった→実は余命3ヶ月だと伝えた結果….【ゆっくり解説】,2023-12-18,687320,3440,120,2024-01-13,調査_馴れ初め_20240107:直近1か月,competitor_sheet_archive,https://i.ytimg.com/vi/RpkgKq4fESU/maxresdefault.jpg,,
SAZHOMGnFCw,,2ch純愛物語,【2ch馴れ初め】 成人式なのにボロボロジャージ姿の元同級生→姉の形見の振袖を着付けした結果…【ゆっくり】,2024-01-05,685270,10360,190,2024-01-13,調査_馴れ初め_20240107:直近1か月,competitor_sheet_archive,https://i.ytimg.com/vi/SAZHOMGnFCw/maxresdefault.jpg,,
KD_Elm8z0ig,,2ch純愛物語,【2ch馴れ初め】家事代行を頼んだら学生時代俺を見下していた、学校一の不良女が現れた結果…【ゆっくり】,2023-12-14,685040,10190,200,2024-01-13,調査_馴れ初め_20240107:直近1か月,competitor_sheet_archive,https://i.ytimg.com/vi/KD_Elm8z0ig/maxresdefault.jpg,,
i9CNzDKrRvk,,2ch馴れ初めスレ速報,【2ch馴れ初め】過激な下着を干してた幼馴染・・・結果【ゆっくり】,2023-12-25,681540,4930,170,2024-01-13,調査_馴れ初め_20240107:直近1か月,competitor_sheet_archive,https://i.ytimg.com/vi/i9CNzDKrRvk/maxresdefault.jpg,,
qE3Cla6XKhM,,2ch馴れ初めで愛を語る,【2ch馴れ初め】クリスマスに予定のない40歳独身の俺 → 部下の残業を全て引き受けたら残業終わりに美人後輩に誘われた結果,2023-12-25,680330,3650,90,2024-01-13,調査_馴れ初め_20240107:直近1か月,competitor_sheet_archive,https://i.ytimg.com/vi/qE3Cla6XKhM/maxresdefault.jpg,,
g6LeXGO8JH8,,2ch馴れ初めクエスト,【2ch馴れ初め】真冬に家賃滞納で強制退去を迫られた隣の貧乏母娘に空き部屋を提供し鍋料理をご馳走した結果【ゆっくり動画】,2023-12-31,676190,10920,170,2024-01-13,調査_馴れ初め_20240107:直近1か月,competitor_sheet_archive,https://i.ytimg.com/vi/g6LeXGO8JH8/maxresdefault.jpg,,
GZW_yp24qgc,,2ch馴れ初め日和,【2ch馴れ初め】隣のパン工場で不採用になったボロボロ姿のシングルマザー→廃業寸前の俺の店で雇った結果…【ゆっくり】,2023-12-27,665960,8440,130,2024-01-13,調査_馴れ初め_20240107:直近1か月,competitor_sheet_archive,https://i.ytimg.com/vi/GZW_yp24qgc/maxresdefault.jpg,,
utoPSBvEosI,,夜のひと馴れ初め,【2ch 馴れ初め】両親を亡くした親友の子を引き取った俺美人上司と3人でお風呂に入った結果【ゆっくり解説】,2023-12-28,654410,2850,90,2024-01-13,調査_馴れ初め_20240107:直近1か月,competitor_sheet_archive,https://i.ytimg.com/vi/utoPSBvEosI/maxresdefault.jpg,,
9VRfVTWsc54,,大人の馴れ初め話【2chゆっくり】,【2ch 馴れ初め】スマートパチンコで大負けしている人妻に俺「玉あげるから一発どうですか？」と提案してみた結果【ゆっくり解説】,2024-01-06,627010,1770,110,2024-01-13,調査_馴れ初め_20240107:直近1か月,competitor_sheet_archive,https://i.ytimg.com/vi/9VRfVTWsc54/maxresdefault.jpg,,
mYYYzRClai8,,2ch馴れ初めで愛を語る,【2ch馴れ初め】学校一のヤンキー女と陰キャの俺がなぜか２人きりで修学旅行に行くことになった結果,2023-12-20,622060,5130,150,2024-01-13,調査_馴れ初め_20240107:直近1か月,competitor_sheet_archive,https://i.ytimg.com/vi/mYYYzRClai8/maxresdefault.jpg,,
clmqDytgTTU,,2ch馴れ初めクエスト,【2ch馴れ初め】娘とピクニック中に見かけた貧乏親子が落としたおにぎりを食べようとしていたので一緒にどうですかと声を掛けた結果【ゆっくり動画】,2023-12-04,617720,9760,210,2024-01-13,調査_馴れ初め_20240107:直近1か月,competitor_sheet_archive,https://i.ytimg.com/vi/clmqDytgTTU/maxresdefault.jpg,,
s3oSre8g-PI,,ムフフな馴れ初め【2chゆっくり】,【2ch馴れ初め】不感症で悩む美熟女上司「今まで感じたことが無くて…」→吸うやつ使いまくった結果ｗ【ゆっくり解説】,2024-01-04,615940,3270,20,2024-01-13,調査_馴れ初め_20240107:直近1か月,competitor_sheet_archive,https://i.ytimg.com/vi/s3oSre8g-PI/maxresdefault.jpg,,
Mwd-oT8xtTY,,2ch馴れ初めクエスト,【2ch馴れ初め】フードコートでいつも母親の帰りを待っているぼろぼろの双子姉妹に中華料理屋店主の俺がチャーハンをご馳走してあげた結果【ゆっくり動画】,2023-12-28,613200,9420,220,2024-01-13,調査_馴れ初め_20240107:直近1か月,competitor_sheet_archive,https://i.ytimg.com/vi/Mwd-oT8xtTY/maxresdefault.jpg,,
aJQy8C8J1xs,,2ch馴れ初め日和,【2ch馴れ初め】改装中の食堂に来たボロボロの少女→心に染みる鍋を振る舞った結果…【ゆっくり】,2023-12-18,612740,10120,190,2024-01-13,調査_馴れ初め_20240107:直近1か月,competitor_sheet_archive,https://i.ytimg.com/vi/aJQy8C8J1xs/maxresdefault.jpg,,
z45BO-hTBYQ,,大人の馴れ初め話ストーリー【2chゆっくり解説】,【2ch馴れ初め】突然俺の息子を触る真面目な委員長→委員長「ここ弱いの？」俺「も、もう発射する‼」→めっちゃヤリまくった【ゆっくり解説】,2023-12-06,606070,2820,40,2024-01-13,調査_馴れ初め_20240107:直近1か月,competitor_sheet_archive,https://i.ytimg.com/vi/z45BO-hTBYQ/maxresdefault.jpg,,
ToFtfJhTv7w,,夜のひと馴れ初め,【2ch 馴れ初め】隣に住む彼氏持ち美人同僚とめちゃくちゃ●った【ゆっくり解説】,2023-12-26,599780,3410,90,2024-01-13,調査_馴れ初め_20240107:直近1か月,competitor_sheet_archive,https://i.ytimg.com/vi/ToFtfJhTv7w/maxresdefault.jpg,,
2qrlPPvckmM,,2ch馴れ初メロディー,2ch馴れ初め】浮気されて泣いていたクールな女上司を持ち帰って我慢できなくなってしまったので、激しくズボズボした結果【ゆっくり】,2023-12-09,598500,4030,90,2024-01-13,調査_馴れ初め_20240107:直近1か月,competitor_sheet_archive,https://i.ytimg.com/vi/2qrlPPvckmM/maxresdefault.jpg,,
wMFnR3lo6gA,,2ch馴れ初めで愛を語る,【2ch馴れ初め】廃業寸前のラーメン屋に５円だけ持ったボロボロの貧乏姉妹が来店 → 10年後、ホームレスになった俺の前に大人になった美人姉妹が現れた結果,2023-12-27,597500,6580,220,2024-01-13,調査_馴れ初め_20240107:直近1か月,competitor_sheet_archive,https://i.ytimg.com/vi/wMFnR3lo6gA/maxresdefault.jpg,,
xGYhGYxcM_I,,2ch馴れ初め秘話【別館】,【2ch馴れ初め】セレブの犬として買われた俺… 毎日言われるがまま舐めまくっていた結果 #恋愛 #2chSS #ラブストーリー #ゆっくり #2ch馴れ初め #スカッと #感動する話,2024-01-01,594620,1900,20,2024-01-13,調査_馴れ初め_20240107:直近1か月,competitor_sheet_archive,https://i.ytimg.com/vi/xGYhGYxcM_I/maxresdefault.jpg,,
O_QYYIE3EsA,,夜のひと馴れ初め,【2ch 馴れ初め】お風呂に乱入してきた泥酔美人姉の1人◯手伝わされた結果【ゆっくり解説】,2023-12-24,592290,3030,20,2024-01-13,調査_馴れ初め_20240107:直近1か月,competitor_sheet_archive,https://i.ytimg.com/vi/O_QYYIE3EsA/maxresdefault.jpg,,
-6-PeXwk7Rs,,2ch馴れ初めで愛を語る,【2ch馴れ初め】元旦の公園で１人ぼっちで遊ぶ近所のボロボロ少女→大家族の俺がばあちゃん自慢のおせちを一緒に食べようと誘った結果,2024-01-05,576240,9310,260,2024-01-13,調査_馴れ初め_20240107:直近1か月,competitor_sheet_archive,https://i.ytimg.com/vi/-6-PeXwk7Rs/maxresdefault.jpg,,
GVEWygUNVVg,,2ch馴れ初メロディー,【2ch 馴れ初め】「男だと思っていた幼馴染と久々の再会したら「これマジ重いぜ」とGカップを見せてきたので凝視してしまった結果【ゆっくり】,2024-01-01,566850,5990,280,2024-01-13,調査_馴れ初め_20240107:直近1か月,competitor_sheet_archive,https://i.ytimg.com/vi/GVEWygUNVVg/maxresdefault.jpg,,
riKt9JQ68s0,,2chほっこり馴れ初め話,【2ch馴れ初め】公園で毎日娘と遊んでくれる貧乏女性、シッターさんとして雇った結果…【ゆっくり】,2024-01-08,556250,9670,100,2024-01-13,調査_馴れ初め_20240107:直近1か月,competitor_sheet_archive,https://i.ytimg.com/vi/riKt9JQ68s0/maxresdefault.jpg,,
fDV24P9nnCI,,2ch馴れ初め日記帳,【2ch馴れ初め】閉店間際のラーメン屋を訪れた赤子を抱えたボロボロ女性→放っておけず住込みで雇った結果…【ゆっくり】,2023-12-13,554360,7950,200,2024-01-13,調査_馴れ初め_20240107:直近1か月,competitor_sheet_archive,https://i.ytimg.com/vi/fDV24P9nnCI/maxresdefault.jpg,,
LyEem0H9YCE,,叡智な馴れ初め物語,【2ch馴れ初め】ずっと好きだった幼馴染と再会→ひと晩一緒に過ごした結果,2023-12-18,537830,3270,10,2024-01-13,調査_馴れ初め_20240107:直近1か月,competitor_sheet_archive,https://i.ytimg.com/vi/LyEem0H9YCE/maxresdefault.jpg,,
eFc80Sf438E,,2ch馴れ初めクエスト,【2ch馴れ初め】成人式3日前に再会したボロボロで悲しそうな幼馴染に亡き姉の着られなかった晴れ着を譲った結果【ゆっくり動画】,2024-01-06,529060,6980,120,2024-01-13,調査_馴れ初め_20240107:直近1か月,competitor_sheet_archive,https://i.ytimg.com/vi/eFc80Sf438E/maxresdefault.jpg,,
1KdCL8K73yM,,2ch馴れ初め日記帳,【2ch馴れ初め】誰も手に負えず親戚をたらい回しにされるヤンキー娘→大工の俺んちに下宿させた結果…【ゆっくり】,2023-12-01,529020,5920,40,2024-01-13,調査_馴れ初め_20240107:直近1か月,competitor_sheet_archive,https://i.ytimg.com/vi/1KdCL8K73yM/maxresdefault.jpg,,
A1YMUxOuFr8,,2ch馴れ初めヒストリー,【2ch馴れ初め】余命わずかな母の為、フリーマーケットで涙ぐみながら必死にビー玉を売るボロボロの少女→雑貨屋を営む俺が買い占めた結果...【ゆっくり】,2023-12-22,528450,7000,250,2024-01-13,調査_馴れ初め_20240107:直近1か月,competitor_sheet_archive,https://i.ytimg.com/vi/A1YMUxOuFr8/maxresdefault.jpg,,
ch_Hsv3WwUA,,2ch馴れ初め物語,【2ch馴れ初め】5人の兄弟のために給食の残りをこっそり持ち帰る不良同級生 ➡ 弁当屋の息子の俺が毎日デカ盛り弁当を届けてあげた結果【ゆっくり】,2023-12-27,525510,5530,310,2024-01-13,調査_馴れ初め_20240107:直近1か月,competitor_sheet_archive,https://i.ytimg.com/vi/ch_Hsv3WwUA/maxresdefault.jpg,,
fdA3FKdpK7U,,2ch馴れ初めクエスト,【2ch馴れ初め】双子の赤ちゃんを連れて近所に引っ越してきたボロボロの女性に小さくなった息子の服や靴を大量に持って行った結果【ゆっくり動画】,2024-01-01,520680,7880,140,2024-01-13,調査_馴れ初め_20240107:直近1か月,competitor_sheet_archive,https://i.ytimg.com/vi/fdA3FKdpK7U/maxresdefault.jpg,,
2r2JnXyEN_U,,2ch純愛馴れ初め集,【2ch馴れ初め】超絶地味で根暗ての貧乏転校生→実家の床屋で大変身させた結果…【ゆっくり】,2023-12-02,516520,7400,120,2024-01-13,調査_馴れ初め_20240107:直近1か月,competitor_sheet_archive,https://i.ytimg.com/vi/2r2JnXyEN_U/maxresdefault.jpg,,
uSaKf-kscCU,,大人の馴れ初め話ストーリー【2chゆっくり解説】,【2ch馴れ初め】部屋でアレしてる幼馴染→俺「おはよう！えっ！？」幼馴染「こ、これは…」→めっちゃ抱いたｗ【ゆっくり解説】,2023-12-03,516380,1250,50,2024-01-13,調査_馴れ初め_20240107:直近1か月,competitor_sheet_archive,https://i.ytimg.com/vi/uSaKf-kscCU/maxresdefault.jpg,,
io3XFVpfiWo,,馴れ初めアミーゴ,【2ch馴れ初め】家事代行にきた美女がサービスで下の処理もお願いしてみた結果....【作業用】【睡眠用】【総集編】,2024-01-03,512820,2790,50,2024-01-13,調査_馴れ初め_20240107:直近1か月,competitor_sheet_archive,https://i.ytimg.com/vi/io3XFVpfiWo/maxresdefault.jpg,,
r3JyA1q4mmo,,夜のひと馴れ初め,【2ch 馴れ初め】美尻熟女の元恋人「私を洗って…」お風呂で…結果【ゆっくり解説】,2024-01-01,504150,2970,50,2024-01-13,調査_馴れ初め_20240107:直近1か月,competitor_sheet_archive,https://i.ytimg.com/vi/r3JyA1q4mmo/maxresdefault.jpg,,
kD9tTiUaxCE,,2ch馴れ初めクエスト,【2ch馴れ初め】真冬に駅のロータリーで身を寄せ合う訳ありの貧乏母娘を母を迎えにきた俺が心配になり声を掛けた結果【ゆっくり動画】,2024-01-02,504040,8760,230,2024-01-13,調査_馴れ初め_20240107:直近1か月,competitor_sheet_archive,https://i.ytimg.com/vi/kD9tTiUaxCE/maxresdefault.jpg,,
3jqfbCvW--4,,2ch馴れ初めで愛を語る,【2ch馴れ初め】夜の公園で泣いている貧乏な女の子に百円をあげたら次の日、何故か学校一のヤンキー美女から呼び出された結果,2024-01-09,500810,5730,100,2024-01-13,調査_馴れ初め_20240107:直近1か月,competitor_sheet_archive,https://i.ytimg.com/vi/3jqfbCvW--4/maxresdefault.jpg,,
gQXhKT5Azv4,,2ch馴れ初め日和,【2ch馴れ初め】ゴミ捨て場の古着を泣きながら漁る貧乏少女→クリーニング屋の俺が声を掛けた結果…【ゆっくり】,2024-01-03,500650,9130,150,2024-01-13,調査_馴れ初め_20240107:直近1か月,competitor_sheet_archive,https://i.ytimg.com/vi/gQXhKT5Azv4/maxresdefault.jpg,,
a-bS___ZYSc,,2chなれそめストーリー,【2ch馴れ初め】巨尻の同僚が「営業で私に勝ったら何でもしてあげる」と勝負を挑んできたので、キッチリ負かせてお尻を舐めたいと頼んだ結果【ゆっくり解説】,2024-01-03,500020,3230,00,2024-01-13,調査_馴れ初め_20240107:直近1か月,competitor_sheet_archive,https://i.ytimg.com/vi/a-bS___ZYSc/maxresdefault.jpg,,
hmfpkEZNi3M,,2ch馴れ初めで愛を語る,【2ch馴れ初め】毎日もやしだけ購入するガリガリの貧乏姉妹に 隣に住む俺が激ウマ料理作ってご馳走した結果,2024-01-02,491820,4970,140,2024-01-13,調査_馴れ初め_20240107:直近1か月,competitor_sheet_archive,https://i.ytimg.com/vi/hmfpkEZNi3M/maxresdefault.jpg,,
auxuYE7Z-ZQ,,2ch馴れ初めクエスト,【2ch馴れ初め】お腹を空かせた弟と妹たちのためにバイトを沢山掛け持ちする同級生に大盛まかない付のうちの食堂で働かないかと誘った結果【ゆっくり動画】,2024-01-09,488040,8200,120,2024-01-13,調査_馴れ初め_20240107:直近1か月,competitor_sheet_archive,https://i.ytimg.com/vi/auxuYE7Z-ZQ/maxresdefault.jpg,,
BI7l3TR29zs,,2ch馴れ初めハウス,なけなしの5円玉で母親の借金を返そうとするボロボロの娘→天涯孤独のヤクザの俺が連れて帰った結果【2ch馴れ初め】,2023-12-12,476920,8490,380,2024-01-13,調査_馴れ初め_20240107:直近1か月,competitor_sheet_archive,https://i.ytimg.com/vi/BI7l3TR29zs/maxresdefault.jpg,,
xkmgdrz_Gzw,,大人の物語の世界,【馴れ初め】七回忌を終えた俺が終電を逃すと女医の義姉が「よかった家に泊まって」 「えっ？」思いがけない展開に俺の心は崩壊した,2023-12-12,476550,2490,00,2024-01-13,調査_馴れ初め_20240107:直近1か月,competitor_sheet_archive,https://i.ytimg.com/vi/xkmgdrz_Gzw/maxresdefault.jpg,,
GLgARX0jkNM,,ムフフな馴れ初め【2chゆっくり】,【2ch馴れ初め】夫に先立たれた欲求不満の未亡人「一人じゃ満足できなくて…」→全力でヤリまくった結果ｗ【ゆっくり解説】,2024-01-02,469020,3310,50,2024-01-13,調査_馴れ初め_20240107:直近1か月,competitor_sheet_archive,https://i.ytimg.com/vi/GLgARX0jkNM/maxresdefault.jpg,,
8tD48KU6wgI,,2ch馴れ初め日和,【2ch馴れ初め】大寒波の夜、地域の見回りで見つけた天涯孤独の少女→いちご農家の俺が引き取った結果…【ゆっくり】,2023-12-22,468410,7900,140,2024-01-13,調査_馴れ初め_20240107:直近1か月,competitor_sheet_archive,https://i.ytimg.com/vi/8tD48KU6wgI/maxresdefault.jpg,,
LgZb-lvPA5M,,2ch 馴れ初め白書,【2ch馴れ初め】【ゆっくり】,2023-12-27,467860,7630,250,2024-01-13,調査_馴れ初め_20240107:直近1か月,competitor_sheet_archive,https://i.ytimg.com/vi/LgZb-lvPA5M/maxresdefault.jpg,,
Hm_4wVjMHTM,,2ch馴れ初め物語,【2ch馴れ初め】親に捨てられ親戚にも疫病神扱いされるアルビノの少女 ➡ 俺が営む民宿で住み込みで手伝ってもらった結果【ゆっくり】,2023-12-23,467540,5520,370,2024-01-13,調査_馴れ初め_20240107:直近1か月,competitor_sheet_archive,https://i.ytimg.com/vi/Hm_4wVjMHTM/maxresdefault.jpg,,
UGdzXJcKn58,,2ch 馴れ初め白書,【2ch馴れ初め】両親に捨てられた兄妹→農家の俺が引き取った結果… 【ゆっくり】,2023-12-30,464370,7100,140,2024-01-13,調査_馴れ初め_20240107:直近1か月,competitor_sheet_archive,https://i.ytimg.com/vi/UGdzXJcKn58/maxresdefault.jpg,,
Wh4n9Ay3dLY,,大人の馴れ初め話【2chゆっくり】,【2ch 馴れ初め】バイト先の爆乳人妻「3年もレスなの…だから」イッチ「俺でいいんですか？」【ゆっくり解説】,2023-12-13,463020,2510,10,2024-01-13,調査_馴れ初め_20240107:直近1か月,competitor_sheet_archive,https://i.ytimg.com/vi/Wh4n9Ay3dLY/maxresdefault.jpg,,
ne3bgCFq_wE,,2chなれそめストーリー,【2ch馴れ初め】お風呂も入れない貧乏部下に家のお風呂を貸したら、アソコがツルツルだったので我慢できずに手を出してしまった結果【ゆっくり解説】,2023-12-22,462110,3790,60,2024-01-13,調査_馴れ初め_20240107:直近1か月,competitor_sheet_archive,https://i.ytimg.com/vi/ne3bgCFq_wE/maxresdefault.jpg,,
N8PR_RTpfzM,,私たちの馴れ初めTV,【馴れ初め】最愛の妻を亡った俺に、社長「うちの娘と結婚してくれ」同居を始めた最初の夜に 驚きの姿で現れ...【感動する話】,2023-12-03,461100,2790,20,2024-01-13,調査_馴れ初め_20240107:直近1か月,competitor_sheet_archive,https://i.ytimg.com/vi/N8PR_RTpfzM/maxresdefault.jpg,,
IBIPyDANtXc,,2ch馴れ初めで愛を語る,【2ch馴れ初め】思春期の娘に口を聞いてもらえないシングルファザーの俺 職場の美人後輩に助けられた結果,2023-12-29,461000,4220,20,2024-01-13,調査_馴れ初め_20240107:直近1か月,competitor_sheet_archive,https://i.ytimg.com/vi/IBIPyDANtXc/maxresdefault.jpg,,
jxD6oFXeYtY,,夜のひと馴れ初め,【2ch 馴れ初め】危機感のない美人年下幼馴染に大人の本気を教えてあげた結果【ゆっくり解説】,2023-12-30,457910,2030,30,2024-01-13,調査_馴れ初め_20240107:直近1か月,competitor_sheet_archive,https://i.ytimg.com/vi/jxD6oFXeYtY/maxresdefault.jpg,,
DF4rpVKQbqE,,2ch馴れ初めヒストリー,【2ch馴れ初め】無人販売所前で誰も買わないフルーツを必死に宣伝するボロボロ少女→人気パフェ店オーナーの俺が大量発注した結果...【ゆっくり】,2023-12-26,457760,7150,220,2024-01-13,調査_馴れ初め_20240107:直近1か月,competitor_sheet_archive,https://i.ytimg.com/vi/DF4rpVKQbqE/maxresdefault.jpg,,
E3HJNhhst9A,,2ch馴れ初めスレ速報,【2ch馴れ初め】家政婦よんだら生意気な後輩が！仕返しとしてふざけて裸エプロン頼んでみた結果・・・【ゆっくり】,2023-12-27,456290,2550,50,2024-01-13,調査_馴れ初め_20240107:直近1か月,competitor_sheet_archive,https://i.ytimg.com/vi/E3HJNhhst9A/maxresdefault.jpg,,
xNrNTUhm5Ug,,馴れ初めロマンティック,【2ch 馴れ初め】昔好きだった幼馴染と遭遇→お互い初ラ◯ホで初◯◯しした結果…【ゆっくり解説】,2023-12-29,453070,2270,10,2024-01-13,調査_馴れ初め_20240107:直近1か月,competitor_sheet_archive,https://i.ytimg.com/vi/xNrNTUhm5Ug/maxresdefault.jpg,,
zH5pePdJSTY,,叡智な馴れ初め物語,【2ch馴れ初め】いつもクールな美尻上司が泥酔して浴衣姿で甘えてきた結果,2023-12-10,447430,2910,10,2024-01-13,調査_馴れ初め_20240107:直近1か月,competitor_sheet_archive,https://i.ytimg.com/vi/zH5pePdJSTY/maxresdefault.jpg,,
88uyN4Niax8,,2ch馴れ初めヒストリー,【2ch馴れ初め】ファミレスで母を気遣い、食べたいものを我慢する健気なガリガリ少女→オーダーミスと嘘を言い特製オムライスを振舞った結果...【ゆっくり】,2024-01-04,447320,7980,220,2024-01-13,調査_馴れ初め_20240107:直近1か月,competitor_sheet_archive,https://i.ytimg.com/vi/88uyN4Niax8/maxresdefault.jpg,,
tjbMmc2X8vI,,2chほっこり馴れ初め話,【2ch馴れ初め】昔いじめっ子から守ってくれた元ヤン女性を炊き出し会場で発見、焼肉食べ放題に誘った結果…【ゆっくり】,2023-12-30,446340,4820,50,2024-01-13,調査_馴れ初め_20240107:直近1か月,competitor_sheet_archive,https://i.ytimg.com/vi/tjbMmc2X8vI/maxresdefault.jpg,,
85F-_RR6oaU,,2ch馴れ初めクエスト,【2ch馴れ初め】真冬の夜、閉店後の俺のラーメン屋に現れた貧乏親子が凍えていたのでラーメンをご馳走してあげた結果【ゆっくり動画】,2023-12-08,438470,7850,140,2024-01-13,調査_馴れ初め_20240107:直近1か月,competitor_sheet_archive,https://i.ytimg.com/vi/85F-_RR6oaU/maxresdefault.jpg,,
Ix808V9QmyQ,,2ch馴れ初めクエスト,【2ch馴れ初め】最後の半額シール付の総菜パンを他の人に取られ号泣する貧乏母娘に貧乏家庭出身で現店長の俺が半額シール付け忘れと嘘をつき貼ってあげた結果【ゆっくり動画】,2023-12-17,436130,7960,220,2024-01-13,調査_馴れ初め_20240107:直近1か月,competitor_sheet_archive,https://i.ytimg.com/vi/Ix808V9QmyQ/maxresdefault.jpg,,
DmE691MmiMI,,感動の馴れ初めばなし,【2ch馴れ初め】俺んちの駐車場で毎日凍えて野宿するホームレス女→親から相続したアパートの空き部屋に住ませた結果【伝説のスレ】,2023-12-20,435030,4720,110,2024-01-13,調査_馴れ初め_20240107:直近1か月,competitor_sheet_archive,https://i.ytimg.com/vi/DmE691MmiMI/maxresdefault.jpg,,
a-lqzBrcTqM,,2ch純愛物語,【2ch馴れ初め】田舎の山道で車が故障し困ってるヤンキー女性→車オタクで陰キャの俺が勇気を出して声を掛けた結果…【ゆっくり】,2023-12-26,434960,6020,150,2024-01-13,調査_馴れ初め_20240107:直近1か月,competitor_sheet_archive,https://i.ytimg.com/vi/a-lqzBrcTqM/maxresdefault.jpg,,
cQNVH9kG2mI,,2ch馴れ初めキューピッド,【2ch馴れ初め】貧しい家を助けるため倒壊寸前の屋台でおでんを売るボロボロ少女、大工屋の俺が修理してあげた結果...【ゆっくり】,2024-01-06,434300,6050,90,2024-01-13,調査_馴れ初め_20240107:直近1か月,competitor_sheet_archive,https://i.ytimg.com/vi/cQNVH9kG2mI/maxresdefault.jpg,,
5pPSfnO3nNk,,2chなれそめストーリー,【2ch馴れ初め】会社で残業してたら終電を逃して先輩の家に泊まることになったから「お腹空いた？」と言われたので、先輩のアワビをいただいた結果【ゆっくり解説】,2023-12-28,424280,2900,20,2024-01-13,調査_馴れ初め_20240107:直近1か月,competitor_sheet_archive,https://i.ytimg.com/vi/5pPSfnO3nNk/maxresdefault.jpg,,
pq5f8lhp9No,,叡智な馴れ初め物語,【2ch馴れ初め】電車内でOLに息子が当たり声を掛けられてしまった結果,2024-01-02,410680,3550,70,2024-01-13,調査_馴れ初め_20240107:直近1か月,competitor_sheet_archive,https://i.ytimg.com/vi/pq5f8lhp9No/maxresdefault.jpg,,
qi-yQ_xmHb4,,2ch馴れ初めクエスト,【2ch馴れ初め】一人で初詣に来ていたぼろぼろの少女が泣きそうだったので心配になって話かけた結果【ゆっくり動画】,2024-01-03,408940,8390,170,2024-01-13,調査_馴れ初め_20240107:直近1か月,competitor_sheet_archive,https://i.ytimg.com/vi/qi-yQ_xmHb4/maxresdefault.jpg,,
G06oL45_Ij8,,2ch馴れ初めで愛を語る,【2ch馴れ初め】隣のボロ家に引っ越してきたガリガリの貧乏母娘 → うどん屋を営む祖父の自慢の手料理を差し入れた結果,2024-01-08,405350,5640,210,2024-01-13,調査_馴れ初め_20240107:直近1か月,competitor_sheet_archive,https://i.ytimg.com/vi/G06oL45_Ij8/maxresdefault.jpg,,
sid_z10du-0,,2ch 馴れ初め白書,【2ch馴れ初め】真冬の深夜、ＳＡに置き去りにされた車椅子の少女→出張帰りの医者の俺が保護した結果… 【ゆっくり】,2024-01-01,399780,7050,180,2024-01-13,調査_馴れ初め_20240107:直近1か月,competitor_sheet_archive,https://i.ytimg.com/vi/sid_z10du-0/maxresdefault.jpg,,
dDXAfoPMq1k,,2ch馴れ初めスレ速報,【2ch馴れ初め】見るからに処◯の地味子の舌が凄テクすぎた結果・・・【ゆっくり】,2024-01-09,398620,3280,70,2024-01-13,調査_馴れ初め_20240107:直近1か月,competitor_sheet_archive,https://i.ytimg.com/vi/dDXAfoPMq1k/maxresdefault.jpg,,
n5cYGl-9SW0,,俺たちの馴れ初め,【2ch馴れ初め】初潮を迎えた小5の妹が半べそで→パ〇ツを脱ぎ見せてきた結果…【ゆっくり】,2024-01-05,397290,2920,70,2024-01-13,調査_馴れ初め_20240107:直近1か月,competitor_sheet_archive,https://i.ytimg.com/vi/n5cYGl-9SW0/maxresdefault.jpg,,
w0kgZsOQV_8,,2ch馴れ初め秘話【別館】,【2ch馴れ初め】元気になる薬を飲んでからメンエスに行くと俺の暴れ龍を見て美人担当が泣き出した結果 #恋愛 #2chSS #ラブストーリー #ゆっくり #2ch馴れ初め #スカッと #感動する話,2024-01-05,393460,1110,60,2024-01-13,調査_馴れ初め_20240107:直近1か月,competitor_sheet_archive,https://i.ytimg.com/vi/w0kgZsOQV_8/maxresdefault.jpg,,
Hg1Xm3y3xzo,,2ch感動の馴れ初め通信,【2ch感動の馴れ初め】幼い妹を連れ素うどんを分け合う貧乏姉妹→オーダーミスを装いサービスした結果...【ゆっくり】,2024-01-05,389300,4760,160,2024-01-13,調査_馴れ初め_20240107:直近1か月,competitor_sheet_archive,https://i.ytimg.com/vi/Hg1Xm3y3xzo/maxresdefault.jpg,,
7iEkaSW9AF8,,2ch馴れ初め日和,【2ch馴れ初め】ゲレンデに置きざりにされた女子大生→娘と泊まるログハウスに招いた結果…【ゆっくり】,2023-12-29,387800,5880,70,2024-01-13,調査_馴れ初め_20240107:直近1か月,competitor_sheet_archive,https://i.ytimg.com/vi/7iEkaSW9AF8/maxresdefault.jpg,,
T2bwe2OgOOk,,2ch馴れ初めクエスト,【2ch馴れ初め】漁終わりの俺の前に現れたお腹を空かせたぼろぼろ少女に獲れたての魚料理をご馳走してあげた結果【ゆっくり動画】,2023-12-29,384940,6020,160,2024-01-13,調査_馴れ初め_20240107:直近1か月,competitor_sheet_archive,https://i.ytimg.com/vi/T2bwe2OgOOk/maxresdefault.jpg,,
v2ZzVSfdlVk,,2ch 馴れ初め白書,【2ch馴れ初め】母の誕生日を祝いたいと川のエビを捕まえてきたびしょ濡れの少女→施設出身天涯孤独の俺が家族愛を知った結果… 【ゆっくり】,2024-01-11,384250,8610,230,2024-01-13,調査_馴れ初め_20240107:直近1か月,competitor_sheet_archive,https://i.ytimg.com/vi/v2ZzVSfdlVk/maxresdefault.jpg,,
--gkJtnALMQ,,2ch馴れ初めヒストリー,【2ch馴れ初め】いじめられている弟の為、突然勉強に目覚めた学校最強の金髪ヤンキー同級生→勉強好きな俺が手を貸した結果...【ゆっくり】,2024-01-05,383580,3780,90,2024-01-13,調査_馴れ初め_20240107:直近1か月,competitor_sheet_archive,https://i.ytimg.com/vi/--gkJtnALMQ/maxresdefault.jpg,,
OsiMO6O84LI,,2ch馴れ初め日記帳,【2ch馴れ初め】左遷された売上最下位の店舗で必死に働く美人店員→元売上１位有能店長の俺が本気を出した結果…【ゆっくり】,2024-01-08,382290,7060,130,2024-01-13,調査_馴れ初め_20240107:直近1か月,competitor_sheet_archive,https://i.ytimg.com/vi/OsiMO6O84LI/maxresdefault.jpg,,
OXSCkLCWF2Y,,2ch馴れ初メロディー,【2ch馴れ初め】俺が経営しているコンビニで万引きしたガリガリの貧乏ヤンキー少女「抱かせてやるから許して」→しっかり償ってもらった結果 【ゆっくり】,2023-12-14,380120,2530,80,2024-01-13,調査_馴れ初め_20240107:直近1か月,competitor_sheet_archive,https://i.ytimg.com/vi/OXSCkLCWF2Y/maxresdefault.jpg,,
ZPz8pl8iGEc,,2ch馴れ初めプランナー,【2ch馴れ初め】大雪の日俺が落とした部費を届けてくれた貧乏同級生→お礼に俺んちの定食を毎日ご馳走した結果【ゆっくり解説】,2023-12-16,376380,5930,100,2024-01-13,調査_馴れ初め_20240107:直近1か月,competitor_sheet_archive,https://i.ytimg.com/vi/ZPz8pl8iGEc/maxresdefault.jpg,,
PhVT79FgaVM,,2chなれそめストーリー,【2ch馴れ初め】吹雪の中、寒くて泣いて凍える貧乏女性に「何でもするので私の体買って下さい」と言われたので家に泊めて身体の相手をさせた結果【ゆっくり解説】,2023-12-23,374640,2520,40,2024-01-13,調査_馴れ初め_20240107:直近1か月,competitor_sheet_archive,https://i.ytimg.com/vi/PhVT79FgaVM/maxresdefault.jpg,,
wvTMlB6z7jw,,2chギリギリ馴れ初め,【2ch馴れ初め】酔っ払って横になった美人上司のマ〇コが見えてしまった結果…,2024-01-08,370450,1790,50,2024-01-13,調査_馴れ初め_20240107:直近1か月,competitor_sheet_archive,https://i.ytimg.com/vi/wvTMlB6z7jw/maxresdefault.jpg,,
1G2bBWy1M_k,,2ch馴れ初め日記帳,【2ch馴れ初め】上京後、挫折して地元に戻ってきた天才幼馴染→俺が立ち上げた会社に住込みで雇った結果…【ゆっくり】,2024-01-07,359940,5850,50,2024-01-13,調査_馴れ初め_20240107:直近1か月,competitor_sheet_archive,https://i.ytimg.com/vi/1G2bBWy1M_k/maxresdefault.jpg,,
R1Vt8c1GZgo,,2ch馴れ初めスレ速報,【2ch馴れ初め】告白してきた学校1可愛い後輩の事を幼馴染に自慢したら「こっちの方が魅力的よ」と自慢の巨乳差し出してきた結果・・・【ゆっくり】,2023-12-19,359160,2510,80,2024-01-13,調査_馴れ初め_20240107:直近1か月,competitor_sheet_archive,https://i.ytimg.com/vi/R1Vt8c1GZgo/maxresdefault.jpg,,
osgkq1IcAlo,,2ch胸キュン馴れ初め,【2ch馴れ初め】家族同然の幼馴染と旅行中に混浴と知らず温泉で鉢合わせ→誘惑された美人幼馴染と一緒にお風呂に入ることになってしまって…「色っぽくなったでしょ？♡」【ゆっくり】,2023-12-23,357100,1640,10,2024-01-13,調査_馴れ初め_20240107:直近1か月,competitor_sheet_archive,https://i.ytimg.com/vi/osgkq1IcAlo/maxresdefault.jpg,,
w7cILvnsHqM,,俺たちの馴れ初め,【2ch馴れ初め総集編】美人上司がまさかのノーパンだった→つい〇〇を舐めてしまった結果…俺たちの馴れ初め傑作選！人気動画まとめてみた！,2024-01-01,355120,2420,20,2024-01-13,調査_馴れ初め_20240107:直近1か月,competitor_sheet_archive,https://i.ytimg.com/vi/w7cILvnsHqM/maxresdefault.jpg,,
sCaUEhzD7yU,,2ch馴れ初めスレ速報,【2ch馴れ初め】超ブラコンの美人義妹がノーブラノーパンで密着マッサージしてくれた結果・・・【ゆっくり】,2023-12-12,354660,2690,20,2024-01-13,調査_馴れ初め_20240107:直近1か月,competitor_sheet_archive,https://i.ytimg.com/vi/sCaUEhzD7yU/maxresdefault.jpg,,
QnUBi_GKHTY,,涙のひと馴れ初め,【2ch 馴れ初め】酔って帰宅した姉が俺を彼氏と間違えて誘◯→ア◯コ◯めたら号泣された結果…【ゆっくり解説】,2023-12-26,353320,2450,10,2024-01-13,調査_馴れ初め_20240107:直近1か月,competitor_sheet_archive,https://i.ytimg.com/vi/QnUBi_GKHTY/maxresdefault.jpg,,
rghPIR-qmA4,,2ch馴れ初め日記帳,【2ch馴れ初め】正月なのに空腹で過ごす生活保護の隣人親子→母ちゃん直伝のお雑煮をご馳走した結果…【ゆっくり】,2024-01-01,352280,6210,180,2024-01-13,調査_馴れ初め_20240107:直近1か月,competitor_sheet_archive,https://i.ytimg.com/vi/rghPIR-qmA4/maxresdefault.jpg,,
mwIlOdIwBJU,,2ch馴れ初めスレ速報,【2ch馴れ初め】一回寝た美人後輩にお見合いすると伝えたら・・・結果【ゆっくり】,2023-12-30,349460,2680,30,2024-01-13,調査_馴れ初め_20240107:直近1か月,competitor_sheet_archive,https://i.ytimg.com/vi/mwIlOdIwBJU/maxresdefault.jpg,,
ZOXkofIKkxo,,2ch胸キュン馴れ初め,【2ch馴れ初め】上司に頼まれ引きこもりのブス娘と見合い。お試し期間で付き合うと地味な彼女がどんどんスタイル抜群の美人になり…【ゆっくり】,2023-12-24,346130,2710,40,2024-01-13,調査_馴れ初め_20240107:直近1か月,competitor_sheet_archive,https://i.ytimg.com/vi/ZOXkofIKkxo/maxresdefault.jpg,,
lK22J5lK1VY,,叡智な馴れ初め物語,【2ch馴れ初め】妹にお願いされてマッサージすると声を出し始めた結果,2023-12-08,343580,2260,20,2024-01-13,調査_馴れ初め_20240107:直近1か月,competitor_sheet_archive,https://i.ytimg.com/vi/lK22J5lK1VY/maxresdefault.jpg,,
7WowpkE82E4,,2ch馴れ初め日和,【2ch馴れ初め】今年最後の営業日に半額以下のお弁当を1つだけ買う貧乏親子→初売り用に準備していた福袋をあげた結果…【ゆっくり】,2023-12-31,340480,5390,90,2024-01-13,調査_馴れ初め_20240107:直近1か月,competitor_sheet_archive,https://i.ytimg.com/vi/7WowpkE82E4/maxresdefault.jpg,,
yi3al2JU9l8,,夜のひと馴れ初め,【2ch 馴れ初め】サレ夫（独身）の俺が美人熟女に特別な家事代行サービスを受けた結果【ゆっくり解説】,2023-12-31,337460,950,10,2024-01-13,調査_馴れ初め_20240107:直近1か月,competitor_sheet_archive,https://i.ytimg.com/vi/yi3al2JU9l8/maxresdefault.jpg,,
uyGcO2QCNAI,,2ch馴れ初めスレ速報,【2ch馴れ初め】電車でいつも見かける美人OLに・・・結果【ゆっくり】,2023-12-28,334920,2440,30,2024-01-13,調査_馴れ初め_20240107:直近1か月,competitor_sheet_archive,https://i.ytimg.com/vi/uyGcO2QCNAI/maxresdefault.jpg,,
h2hECmFFnfo,,2ch馴れ初めクエスト,【2ch馴れ初め】凍えるような寒さの中一緒に財布を探してくれた貧乏少女へお礼に有名焼肉店の弁当を持たせてあげた結果【ゆっくり動画】,2023-12-10,331480,6630,90,2024-01-13,調査_馴れ初め_20240107:直近1か月,competitor_sheet_archive,https://i.ytimg.com/vi/h2hECmFFnfo/maxresdefault.jpg,,
9pvNeHBxvD0,,2ch馴れ初めクエスト,【2ch馴れ初め】出張で半年滞在することになったアパートで隣合わせた貧乏母娘が困ってそうだったので実家から送られてくる野菜をプレゼントした結果【ゆっくり動画】,2024-01-07,329850,6450,110,2024-01-13,調査_馴れ初め_20240107:直近1か月,competitor_sheet_archive,https://i.ytimg.com/vi/9pvNeHBxvD0/maxresdefault.jpg,,
7GwSBXsBnoU,,2chほっこり馴れ初め話,【2ch馴れ初め】山道で木に縄をくくるボロボロ女性、何とか引き止めて家に招待した結果…【ゆっくり】,2023-12-18,325380,5640,130,2024-01-13,調査_馴れ初め_20240107:直近1か月,competitor_sheet_archive,https://i.ytimg.com/vi/7GwSBXsBnoU/maxresdefault.jpg,,
u5xMxoqphL8,,2ch馴れ初メロディー,【2ch馴れ初め】ソロキャンプをしていたＨカップ美女が、クマに襲われておっ〇いが丸出しになっていたので、勇気を出して撃退した結果【ゆっくり】,2024-01-06,325220,3010,100,2024-01-13,調査_馴れ初め_20240107:直近1か月,competitor_sheet_archive,https://i.ytimg.com/vi/u5xMxoqphL8/maxresdefault.jpg,,
OxvfU08ijrA,,2ch馴れ初めヒストリー,【2ch馴れ初め】スーパーで年越しは「カップ蕎麦を二人で分けようね」と話している貧乏親子→老舗蕎麦屋店主の俺が店に招待した結果...【ゆっくり】,2023-12-30,322800,5600,170,2024-01-13,調査_馴れ初め_20240107:直近1か月,competitor_sheet_archive,https://i.ytimg.com/vi/OxvfU08ijrA/maxresdefault.jpg,,
Wlkt0UTNPg4,,2ch胸キュン馴れ初め,【2ch馴れ初め】無能が迷子の少女を助けたら母親が俺の会社の美人鬼社長だった→懐いた娘が俺と結婚したいと言うと鬼社長が「ダメ！私と結婚するの！」と言い出した結果…【ゆっくり】,2024-01-02,320070,3690,40,2024-01-13,調査_馴れ初め_20240107:直近1か月,competitor_sheet_archive,https://i.ytimg.com/vi/Wlkt0UTNPg4/maxresdefault.jpg,,
d3ZneDLqk4U,,2ch純愛物語,【2ch馴れ初め】 大雪の日に俺が落とした祖母の形見を届けてくれた貧乏不良同級生→お礼に俺んちの銭湯の毎日タダ券をあげた結果…【ゆっくり】,2024-01-02,316010,5630,90,2024-01-13,調査_馴れ初め_20240107:直近1か月,competitor_sheet_archive,https://i.ytimg.com/vi/d3ZneDLqk4U/maxresdefault.jpg,,
tUc8-NFF5NY,,2chなれそめストーリー,【2ch馴れ初め】社員旅行で貸し切り露天風呂にきたら女上司とダブルブッキング、「ここでエッ〇しよっか？」といきなり誘ってきた結果【ゆっくり解説】,2023-12-30,315620,2100,00,2024-01-13,調査_馴れ初め_20240107:直近1か月,competitor_sheet_archive,https://i.ytimg.com/vi/tUc8-NFF5NY/maxresdefault.jpg,,
DHgMVaR3ybo,,馴れ初めアミーゴ,【2ch馴れ初め】俺の立派な息子を見た家政婦→顔を近づけ匂いを嗅いできた結果…【ゆっくり解説】,2023-12-17,315230,1580,40,2024-01-13,調査_馴れ初め_20240107:直近1か月,competitor_sheet_archive,https://i.ytimg.com/vi/DHgMVaR3ybo/maxresdefault.jpg,,
MNIw0D62Oak,,2ch馴れ初めキューピッド,【2ch馴れ初め】真冬の北海道で餓死寸前のボロボロの少女を旅中の俺がキャンピングカーで保護した結果...【ゆっくり】,2023-12-26,306740,4850,80,2024-01-13,調査_馴れ初め_20240107:直近1か月,competitor_sheet_archive,https://i.ytimg.com/vi/MNIw0D62Oak/maxresdefault.jpg,,
ZeVBZgX6jyU,,2ch馴れ初メモリアル,【2ch 馴れ初め】女友達と2人で晩酌中、友達がくれたお薬が怪しかったので、こっそり友達のお酒に入れた結果【ゆっくり解説】,2024-01-05,304530,2500,80,2024-01-13,調査_馴れ初め_20240107:直近1か月,competitor_sheet_archive,https://i.ytimg.com/vi/ZeVBZgX6jyU/maxresdefault.jpg,,
GJ9rTuy20tQ,,2ch馴れ初めプランナー,【2ch馴れ初め】車椅子のばあちゃんを溝にはめ放置する男達→元ボクサーの俺が助け男達を捕まえた結果【ゆっくり解説】,2023-12-23,300850,5120,120,2024-01-13,調査_馴れ初め_20240107:直近1か月,competitor_sheet_archive,https://i.ytimg.com/vi/GJ9rTuy20tQ/maxresdefault.jpg,,
inEP11Zuw64,,馴れ初めは2chから始まった,【2ch馴れ初め】極寒の夜にうちの庭に捨てられた白人の少女→娘が妹にならないと声をかけた結果...【ゆっくり】,2024-01-03,299970,6800,90,2024-01-13,調査_馴れ初め_20240107:直近1か月,competitor_sheet_archive,https://i.ytimg.com/vi/inEP11Zuw64/maxresdefault.jpg,,
zX8iEqqmgI4,,2ch馴れ初め日和,【2ch馴れ初め】兄夫婦の家で使用人扱いをされる字が読めない少女→養鶏農家の俺が声を掛けた結果…【ゆっくり】,2024-01-07,296890,6000,60,2024-01-13,調査_馴れ初め_20240107:直近1か月,competitor_sheet_archive,https://i.ytimg.com/vi/zX8iEqqmgI4/maxresdefault.jpg,,
BGH-l6TygfU,,叡智な馴れ初め物語,【2ch馴れ初め】脱衣所で清楚な姉のツルツルの〇〇をガン見してしまった結果,2024-01-03,296320,2520,30,2024-01-13,調査_馴れ初め_20240107:直近1か月,competitor_sheet_archive,https://i.ytimg.com/vi/BGH-l6TygfU/maxresdefault.jpg,,
cWAiQ6Xr-bY,,2ch馴れ初めクエスト,【2ch馴れ初め】赤子を背負いながらたい焼きの屋台を営むぼろぼろの女性から大家族の俺が親戚の集まりに持っていくため大量に買った結果【ゆっくり動画】,2024-01-08,295400,6980,140,2024-01-13,調査_馴れ初め_20240107:直近1か月,competitor_sheet_archive,https://i.ytimg.com/vi/cWAiQ6Xr-bY/maxresdefault.jpg,,
PUYH1sxrBEg,,2ch馴れ初めーる,天涯孤独の俺が賃貸アパートを借りたら、押し入れにボロボロの少女が寝ているんだが…【ゆっくり】【2ch馴れ初め】,2023-12-28,295180,4710,210,2024-01-13,調査_馴れ初め_20240107:直近1か月,competitor_sheet_archive,https://i.ytimg.com/vi/PUYH1sxrBEg/maxresdefault.jpg,,
hc3Z1uzVKZU,,2ch馴れ初メモリアル,2ch 馴れ初め】飲み仲間のヤーさんの組長に気に入られ 、根暗娘をもらってくれないかと頼まれた結果→超スタイル抜群の娘だった【ゆっくり解説】,2023-12-25,294090,3000,60,2024-01-13,調査_馴れ初め_20240107:直近1か月,competitor_sheet_archive,https://i.ytimg.com/vi/hc3Z1uzVKZU/maxresdefault.jpg,,
3rrvSTePiIU,,2ch馴れ初めクエスト,【2ch馴れ初め】雪の日に俺の免許証を拾って届けてくれたボロボロの母娘へお礼に娘と一緒に焼いたパンをプレゼントした結果【ゆっくり動画】,2024-01-10,288020,5070,110,2024-01-13,調査_馴れ初め_20240107:直近1か月,competitor_sheet_archive,https://i.ytimg.com/vi/3rrvSTePiIU/maxresdefault.jpg,,
toPmAOtfJFg,,夜のひと馴れ初め,【2ch 馴れ初め】びしょびしょ熟女上司に…結果【ゆっくり解説】,2024-01-02,285260,1680,20,2024-01-13,調査_馴れ初め_20240107:直近1か月,competitor_sheet_archive,https://i.ytimg.com/vi/toPmAOtfJFg/maxresdefault.jpg,,
a2lhMe3BcXw,,2ch馴れ初め日記帳,【2ch馴れ初め】ヤクザに絡まれ涙目の茶道部の清楚系後輩→実は最恐ヤンキーの妹だった結果…【ゆっくり】,2024-01-05,285010,3690,50,2024-01-13,調査_馴れ初め_20240107:直近1か月,competitor_sheet_archive,https://i.ytimg.com/vi/a2lhMe3BcXw/maxresdefault.jpg,,
5-hEazdpP-o,,2ch馴れ初めクエスト,【2ch馴れ初め】うちの店に面接にきたボロボロの恰好をした貧乏女性が子持ちで大変みたいなので即採用してあげた結果【ゆっくり動画】,2024-01-12,284510,7060,110,2024-01-13,調査_馴れ初め_20240107:直近1か月,competitor_sheet_archive,https://i.ytimg.com/vi/5-hEazdpP-o/maxresdefault.jpg,,
xt6909xuUTo,,思い出のゆっくり2ch,【2ch馴れ初め】「会話ほぼゼロじゃん…帰りたい…」友達が紹介してくれた女性…無口な地味女だったが嫌々飲みに行った結果,2024-01-08,284100,3680,90,2024-01-13,調査_馴れ初め_20240107:直近1か月,competitor_sheet_archive,https://i.ytimg.com/vi/xt6909xuUTo/maxresdefault.jpg,,
5Ilf3TVYEPA,,ムフフな馴れ初め【2chゆっくり】,【2ch馴れ初め】自分のカラダに自信を無くした美熟女「これでも抱ける…？」→全力で抱きまくったｗｗｗ【ゆっくり解説】,2024-01-08,281700,1930,60,2024-01-13,調査_馴れ初め_20240107:直近1か月,competitor_sheet_archive,https://i.ytimg.com/vi/5Ilf3TVYEPA/maxresdefault.jpg,,
cUR15VsmhU0,,2ch馴れ初めスレ速報,【2ch馴れ初め】駅で助けた桃尻美人女子大生と・・・結果【ゆっくり】,2023-12-29,276670,2620,20,2024-01-13,調査_馴れ初め_20240107:直近1か月,competitor_sheet_archive,https://i.ytimg.com/vi/cUR15VsmhU0/maxresdefault.jpg,,
t4fd652AOLQ,,2ch純愛物語,【2ch馴れ初め】暴走族総長を隠し学校では陰キャを演じる俺が、苦手な同級生と遭遇してしまった結果…【ゆっくり】,2023-12-27,274790,3730,140,2024-01-13,調査_馴れ初め_20240107:直近1か月,competitor_sheet_archive,https://i.ytimg.com/vi/t4fd652AOLQ/maxresdefault.jpg,,
_MCh8sHZznQ,,2ch 馴れ初め白書,【2ch馴れ初め】不良集団に虐められる盲目の姉を必死に守る幼い弟→実は元ヤン、現零細企業社長の俺が助けた結果…【ゆっくり】,2024-01-03,274200,5150,120,2024-01-13,調査_馴れ初め_20240107:直近1か月,competitor_sheet_archive,https://i.ytimg.com/vi/_MCh8sHZznQ/maxresdefault.jpg,,
wHKg2kwXcVE,,2ch馴れ初めヒストリー,【2ch馴れ初め】入学祝いに「今日は奮発して100円寿司に行こう！」と話しているのを聞かれて馬鹿にされている貧乏親子→生活保護家庭から高級店寿司職人になった俺が特上寿司を振舞った結果...【ゆっくり】,2023-12-31,269910,4080,190,2024-01-13,調査_馴れ初め_20240107:直近1か月,competitor_sheet_archive,https://i.ytimg.com/vi/wHKg2kwXcVE/maxresdefault.jpg,,
mnUIFZ9fLPE,,2ch馴れ初めプランナー,【2ch馴れ初め】真冬に橋の下に捨てられていた泥まみれの少女→俺と２人暮らしの母が「娘にならない？」と言った結果【ゆっくり解説】,2024-01-09,268700,4750,50,2024-01-13,調査_馴れ初め_20240107:直近1か月,competitor_sheet_archive,https://i.ytimg.com/vi/mnUIFZ9fLPE/maxresdefault.jpg,,
df9v_hGPj78,,2ch馴れ初めクエスト,【2ch馴れ初め】大雨の中、傘もささずに座り込むボロボロの母娘を俺の実家に連れて帰りお風呂と温かいご飯を提供した結果【ゆっくり動画】,2023-12-24,268530,5560,120,2024-01-13,調査_馴れ初め_20240107:直近1か月,competitor_sheet_archive,https://i.ytimg.com/vi/df9v_hGPj78/maxresdefault.jpg,,
Fqv4MlIkn90,,夜のひと馴れ初め,【2ch 馴れ初め】転職先で上司になった美人幼馴染の着替えに遭遇した結果【ゆっくり解説】,2024-01-08,261890,1710,30,2024-01-13,調査_馴れ初め_20240107:直近1か月,competitor_sheet_archive,https://i.ytimg.com/vi/Fqv4MlIkn90/maxresdefault.jpg,,
i4txVQbQyQ0,,2ch胸キュン馴れ初め,【2ch馴れ初め】温泉旅館で入浴中に掃除に来た美人女将に大きくなった俺の息子を見られた→「こっちも綺麗にしますね♡」と豹変し誘惑してきて…【ゆっくり】,2024-01-04,261420,2340,20,2024-01-13,調査_馴れ初め_20240107:直近1か月,competitor_sheet_archive,https://i.ytimg.com/vi/i4txVQbQyQ0/maxresdefault.jpg,,
P3v1Aq-isPM,,叡智な馴れ初め物語,【2ch馴れ初め】宅飲み中いつも厳しい鬼上司のアレが見えてしまった結果,2024-01-11,260410,1710,20,2024-01-13,調査_馴れ初め_20240107:直近1か月,competitor_sheet_archive,https://i.ytimg.com/vi/P3v1Aq-isPM/maxresdefault.jpg,,
AzStt48UKbY,,2ch馴れ初めで愛を語る,【2ch馴れ初め】妹の学費の為に昼飯を我慢する学校一の不良の俺に 料理上手な女子が毎日山盛り弁当を作ってくれた結果,2024-01-11,258730,3570,50,2024-01-13,調査_馴れ初め_20240107:直近1か月,competitor_sheet_archive,https://i.ytimg.com/vi/AzStt48UKbY/maxresdefault.jpg,,
Trvs9v77s9E,,2ch馴れ初め日記帳,【2ch馴れ初め】雪予報の夜、PAのトイレで凍えている母娘→田舎へ帰省途中だった俺が車中泊させた結果…【ゆっくり】,2023-12-27,256510,4860,140,2024-01-13,調査_馴れ初め_20240107:直近1か月,competitor_sheet_archive,https://i.ytimg.com/vi/Trvs9v77s9E/maxresdefault.jpg,,
S6zg3SutgSs,,2ch馴れ初めで愛を語る,【2ch馴れ初め】極寒の夜、おでん屋台の前で凍える貧乏母娘に 温かいおでんをお腹いっぱいになるまで振舞った結果,2024-01-12,255150,4730,40,2024-01-13,調査_馴れ初め_20240107:直近1か月,competitor_sheet_archive,https://i.ytimg.com/vi/S6zg3SutgSs/maxresdefault.jpg,,
XPxf_APpBuM,,2ch馴れ初め名作集,【2ch馴れ初め】出張から帰れず美人熟女上司とホテルへ行き、めちゃめちゃ〇ッてしまった結果【ゆっくり】,2024-01-01,254760,840,10,2024-01-13,調査_馴れ初め_20240107:直近1か月,competitor_sheet_archive,https://i.ytimg.com/vi/XPxf_APpBuM/maxresdefault.jpg,,
xRO_5jeVEy8,,2ch純愛物語,【2ch馴れ初め】 毎晩アパート下の公園で体を洗ってる隣人の姉弟→放っておけず自宅の風呂を貸した結果…【ゆっくり】,2024-01-04,252910,4740,80,2024-01-13,調査_馴れ初め_20240107:直近1か月,competitor_sheet_archive,https://i.ytimg.com/vi/xRO_5jeVEy8/maxresdefault.jpg,,
JmWg3N8WCdI,,叡智な馴れ初め物語,【2ch馴れ初め】高速バスで隣になったOLに○○され息子が元気になった結果,2024-01-01,251860,1910,00,2024-01-13,調査_馴れ初め_20240107:直近1か月,competitor_sheet_archive,https://i.ytimg.com/vi/JmWg3N8WCdI/maxresdefault.jpg,,
uOqkhbByMfw,,2ch馴れ初めスレ速報,【2ch馴れ初め】乙Pの発育が止まらない幼馴染が「重すぎ！ちょっと支えてよ！」と目の前に差し出してきた結果・・・【ゆっくり】,2024-01-01,251750,1930,70,2024-01-13,調査_馴れ初め_20240107:直近1か月,competitor_sheet_archive,https://i.ytimg.com/vi/uOqkhbByMfw/maxresdefault.jpg,,
mMRQLpUfyv0,,2ch純愛物語,【2ch馴れ初め】縁日の屋台で母が作った売れ残り焼きそばを必死に販売するボロボロ少女→食いしん坊の俺の好物だったので買い占めた結果…【ゆっくり】,2024-01-06,249510,5880,190,2024-01-13,調査_馴れ初め_20240107:直近1か月,competitor_sheet_archive,https://i.ytimg.com/vi/mMRQLpUfyv0/maxresdefault.jpg,,
bDEOgmOyjVA,,涙のひと馴れ初め,【2ch 馴れ初め】旅行先の海でタヒのうとしているボロボロの巨◯美女→ホテルでパイ◯みまくった結果….mp4【ゆっくり解説】,2023-12-22,248530,1450,30,2024-01-13,調査_馴れ初め_20240107:直近1か月,competitor_sheet_archive,https://i.ytimg.com/vi/bDEOgmOyjVA/maxresdefault.jpg,,
ZcOQsFEKBpA,,2ch馴れ初めスレ速報,【2ch馴れ初め】体がエロいと噂の美人部下と終電逃して宅飲みしたら噂の真相確かめられた結果・・・【ゆっくり】,2023-12-07,245530,2030,50,2024-01-13,調査_馴れ初め_20240107:直近1か月,competitor_sheet_archive,https://i.ytimg.com/vi/ZcOQsFEKBpA/maxresdefault.jpg,,
TiErEf5AArc,,2ch馴れ初メロディー,【2ch 馴れ初め】ぽっちゃりの彼女と付き合った結果。最高だった【ゆっくり】,2023-12-28,240160,2000,60,2024-01-13,調査_馴れ初め_20240107:直近1か月,competitor_sheet_archive,https://i.ytimg.com/vi/TiErEf5AArc/maxresdefault.jpg,,
I4dPJdnJRj4,,夜のひと馴れ初め,【2ch 馴れ初め】昔の初カノ美人熟女と…結果【ゆっくり解説】,2024-01-06,237960,1240,10,2024-01-13,調査_馴れ初め_20240107:直近1か月,competitor_sheet_archive,https://i.ytimg.com/vi/I4dPJdnJRj4/maxresdefault.jpg,,
lOmM_K6scHc,,2ch馴れ初め日和,【2ch馴れ初め】俺の働く雑居ビルに引っ越してきた貧乏親子→置き場に困った在庫品をお裾分けした結果…【ゆっくり】,2023-12-28,236450,3540,40,2024-01-13,調査_馴れ初め_20240107:直近1か月,competitor_sheet_archive,https://i.ytimg.com/vi/lOmM_K6scHc/maxresdefault.jpg,,
WO_Q11AmDDs,,2ch馴れ初めスレ速報,【2ch馴れ初め】経費で風◯に行ったら経理の美人後輩に「バラされたくなかったら…」と・・・結果【ゆっくり】,2023-12-31,235100,1960,40,2024-01-13,調査_馴れ初め_20240107:直近1か月,competitor_sheet_archive,https://i.ytimg.com/vi/WO_Q11AmDDs/maxresdefault.jpg,,
kudXZ9U7bn4,,2ch馴れ初めクエスト,【2ch馴れ初め】足を怪我した祖母の代わりに本屋の店番を頑張る一生懸命な少女の健気な姿に感動した俺が沢山買ってあげた結果【ゆっくり動画】,2024-01-05,234090,4930,80,2024-01-13,調査_馴れ初め_20240107:直近1か月,competitor_sheet_archive,https://i.ytimg.com/vi/kudXZ9U7bn4/maxresdefault.jpg,,
usEaDICIoP8,,私たちの馴れ初めTV,【馴れ初め】未亡人の義姉が嵐でうちに泊まることに素敵に時間の過ごした結果...【感動する話】,2024-01-04,233990,2290,20,2024-01-13,調査_馴れ初め_20240107:直近1か月,competitor_sheet_archive,https://i.ytimg.com/vi/usEaDICIoP8/maxresdefault.jpg,,
Qb9E1WuBlMI,,叡智な馴れ初め物語,【2ch馴れ初め】幼馴染に四つん這いで迫られそのまま欲望に負けてしまった結果,2024-01-06,233550,1860,00,2024-01-13,調査_馴れ初め_20240107:直近1か月,competitor_sheet_archive,https://i.ytimg.com/vi/Qb9E1WuBlMI/maxresdefault.jpg,,
Jxx21FfY-RU,,思い出のゆっくり2ch,【2ch馴れ初め】「ご趣味は？」「…別に」最悪のお見合い相手に後日思わぬ場所で再会した結果…,2023-12-05,228790,3700,40,2024-01-13,調査_馴れ初め_20240107:直近1か月,competitor_sheet_archive,https://i.ytimg.com/vi/Jxx21FfY-RU/maxresdefault.jpg,,
aMt8z1mipbs,,2chほっこり馴れ初め話,【2ch馴れ初め】危険な繁華街で迷子の娘を守ってくれた元ヤンホームレス、お礼にお風呂と手料理を振舞った結果…【ゆっくり】,2024-01-09,227350,4150,50,2024-01-13,調査_馴れ初め_20240107:直近1か月,competitor_sheet_archive,https://i.ytimg.com/vi/aMt8z1mipbs/maxresdefault.jpg,,
YFZzf5dgCVY,,2chなれそめストーリー,【2ch馴れ初め】赤点ばかりヤンキー同級生が「勉強を教えてくれ！」と頼んできたので、代わりに童貞を卒業したいとお願いした結果【ゆっくり解説】,2024-01-09,223860,1940,00,2024-01-13,調査_馴れ初め_20240107:直近1か月,competitor_sheet_archive,https://i.ytimg.com/vi/YFZzf5dgCVY/maxresdefault.jpg,,
vtNYmXzx4tk,,夜のひと馴れ初め,【2ch 馴れ初め】書類届けに同僚宅を覗いたら美人同僚妻が…結果【ゆっくり解説】,2024-01-07,222960,1300,10,2024-01-13,調査_馴れ初め_20240107:直近1か月,competitor_sheet_archive,https://i.ytimg.com/vi/vtNYmXzx4tk/maxresdefault.jpg,,
_52B1BIL81Q,,2ch馴れ初めキューピッド,【2ch馴れ初め】正月なのにボロボロのジャージ姿で独りぼっちの貧乏少女を大家族の俺が餅つき大会に招待した結果...【ゆっくり】,2024-01-02,221920,4870,100,2024-01-13,調査_馴れ初め_20240107:直近1か月,competitor_sheet_archive,https://i.ytimg.com/vi/_52B1BIL81Q/maxresdefault.jpg,,
_IfABwCx7m4,,2ch馴れ初めプランナー,【2ch馴れ初め】亡き嫁が残した娘は霊感が強く、突然娘が発した住所はシングルマザーの家で…【ゆっくり解説】,2023-12-12,220410,5170,90,2024-01-13,調査_馴れ初め_20240107:直近1か月,competitor_sheet_archive,https://i.ytimg.com/vi/_IfABwCx7m4/maxresdefault.jpg,,
tarTDH2hrqI,,2ch馴れ初め日記帳,【2ch馴れ初め】母のおにぎり屋を手伝うボロボロの双子姉妹→工場勤務の俺が差し入れ用に大量に買った結果…【ゆっくり】,2024-01-10,219290,5220,130,2024-01-13,調査_馴れ初め_20240107:直近1か月,competitor_sheet_archive,https://i.ytimg.com/vi/tarTDH2hrqI/maxresdefault.jpg,,
yTJc9Acipo0,,涙のひと馴れ初め,【2ch 馴れ初め】一人暮らしの様子を見にきた美人で優しいけど、欲◯不満な叔母さん→誘惑に負けて3日◯りまくった結果…【ゆっくり解説】,2024-01-11,218060,1560,40,2024-01-13,調査_馴れ初め_20240107:直近1か月,competitor_sheet_archive,https://i.ytimg.com/vi/yTJc9Acipo0/maxresdefault.jpg,,
HtSmJQZuKSo,,2ch馴れ初め日和,【2ch馴れ初め】転校して早々家が火事になったボロボロ姿の同級生→馬鹿にするクラスメイトの態度を一変させた結果…【ゆっくり】,2024-01-06,215540,4130,70,2024-01-13,調査_馴れ初め_20240107:直近1か月,competitor_sheet_archive,https://i.ytimg.com/vi/HtSmJQZuKSo/maxresdefault.jpg,,
hfa0GdXiUGs,,2ch恋する馴れ初め,【2ch馴れ初め】乳児院前で赤ちゃんを抱きしめるシングルマザー→放っておけず声を掛けた結果…【ゆっくり】,2024-01-04,215040,4180,170,2024-01-13,調査_馴れ初め_20240107:直近1か月,competitor_sheet_archive,https://i.ytimg.com/vi/hfa0GdXiUGs/maxresdefault.jpg,,
_bHKYlF_ylQ,,2ch胸キュン馴れ初め,【2ch馴れ初め】美人ギャルやヤンキー美女、職場や取引先の美女達との名作馴れ初め10選まとめ総集編【作業用】【ゆっくり】,2024-01-02,214440,1610,10,2024-01-13,調査_馴れ初め_20240107:直近1か月,competitor_sheet_archive,https://i.ytimg.com/vi/_bHKYlF_ylQ/maxresdefault.jpg,,
8nn8byf5jrU,,私たちの馴れ初めTV,【馴れ初め】女医の妻を亡くした俺に、隣に住む美しい母娘が「結婚してください！」思いがけない申し出を受けた俺は...【感動する話】,2023-12-25,212860,2100,20,2024-01-13,調査_馴れ初め_20240107:直近1か月,competitor_sheet_archive,https://i.ytimg.com/vi/8nn8byf5jrU/maxresdefault.jpg,,
su2uEEecvHA,,叡智な馴れ初め物語,【2ch馴れ初め】妹にマッサージで全身癒してもらいぶっかけてしまった結果,2023-12-28,211280,1550,00,2024-01-13,調査_馴れ初め_20240107:直近1か月,competitor_sheet_archive,https://i.ytimg.com/vi/su2uEEecvHA/maxresdefault.jpg,,
qmYPLOgyEKA,,2ch馴れ初め日記帳,【2ch馴れ初め】真冬に給湯器が壊れ水風呂で風邪を引く生活保護の隣人親子→心配になり家の風呂を毎日貸した結果…【ゆっくり】,2024-01-09,210980,3440,90,2024-01-13,調査_馴れ初め_20240107:直近1か月,competitor_sheet_archive,https://i.ytimg.com/vi/qmYPLOgyEKA/maxresdefault.jpg,,
bFtJ0n7tC8k,,私たちの馴れ初めTV,【馴れ初め】泥酔した姉が終電を逃し美人の友達と俺の家に「泊めて、この子あんたの会社の受付嬢だよ」一晩仲良くした結果...【感動する話】,2024-01-08,209660,2690,110,2024-01-13,調査_馴れ初め_20240107:直近1か月,competitor_sheet_archive,https://i.ytimg.com/vi/bFtJ0n7tC8k/maxresdefault.jpg,,
c5IRww_Ibes,,叡智な馴れ初め物語,【2ch馴れ初め総集編】憧れの上司と飲み会後ホ〇ルに行くとまさかの相性抜群だった結果【作業用】,2023-12-20,208270,1430,00,2024-01-13,調査_馴れ初め_20240107:直近1か月,competitor_sheet_archive,https://i.ytimg.com/vi/c5IRww_Ibes/maxresdefault.jpg,,
xS37h-IVsO8,,あなたと私の恋ばなし,【2ch馴れ初め】極寒の夜の公園で焼き鳥1本を分け合っている姉妹→今にも倒れそうだったので家に連れ帰った結果…【伝説のスレ】,2023-12-01,207810,3710,80,2024-01-13,調査_馴れ初め_20240107:直近1か月,competitor_sheet_archive,https://i.ytimg.com/vi/xS37h-IVsO8/maxresdefault.jpg,,
auwtsU_9zQU,,2ch馴れ初めスレ速報,【2ch馴れ初め】超がつくほどウブな美人彼女が暗闇にトラウマがあるので真っ昼間の明るい部屋で全身じっくり堪能してみた結果・・・【ゆっくり】,2023-12-04,206570,1700,50,2024-01-13,調査_馴れ初め_20240107:直近1か月,competitor_sheet_archive,https://i.ytimg.com/vi/auwtsU_9zQU/maxresdefault.jpg,,
6XSL_YsXkbk,,2ch馴れ初メモリアル,【2ch 馴れ初め】引っ越した家の隣から毎晩何か声が聞こえてくるので、勇気を出して隣の家へ突撃した結果【ゆっくり解説】,2024-01-08,206500,2110,40,2024-01-13,調査_馴れ初め_20240107:直近1か月,competitor_sheet_archive,https://i.ytimg.com/vi/6XSL_YsXkbk/maxresdefault.jpg,,
SKygz0DHz8k,,涙のひと馴れ初め,【2ch 馴れ初め】彼女が2泊3日の旅行で不在。暇で幼馴染と一緒にパチ◯コへ→大負け中の幼馴染と理性が吹き飛ぶほど◯った結果… 【ゆっくり解説】,2024-01-08,206050,1060,10,2024-01-13,調査_馴れ初め_20240107:直近1か月,competitor_sheet_archive,https://i.ytimg.com/vi/SKygz0DHz8k/maxresdefault.jpg,,
6Pdqd0u8K2w,,2ch馴れ初めスレ速報,【2ch馴れ初め】捻挫した美人同級生の保健室に付き添ったら別のトコ治療させられた結果・・・【ゆっくり】,2024-01-07,204930,1630,50,2024-01-13,調査_馴れ初め_20240107:直近1か月,competitor_sheet_archive,https://i.ytimg.com/vi/6Pdqd0u8K2w/maxresdefault.jpg,,
cCzBxBvyzN0,,2ch馴れ初め秘話【別館】,【2ch馴れ初め】ボロアパートの床が抜け天井から美脚が助ける名目でガン見した結果… #恋愛 #2chSS #ラブストーリー #ゆっくり #2ch馴れ初め #スカッと #感動する話,2024-01-08,204170,920,10,2024-01-13,調査_馴れ初め_20240107:直近1か月,competitor_sheet_archive,https://i.ytimg.com/vi/cCzBxBvyzN0/maxresdefault.jpg,,
UQFQWgIDIoo,,2ch馴れ初めスレ速報,【2ch馴れ初め】マドンナ的存在の美人部下が会社のビンゴ大会で俺だけに「特別な景品」くれた結果・・・【ゆっくり】,2023-12-16,203530,1730,30,2024-01-13,調査_馴れ初め_20240107:直近1か月,competitor_sheet_archive,https://i.ytimg.com/vi/UQFQWgIDIoo/maxresdefault.jpg,,
4r-KsXdC2aY,,2ch胸キュン馴れ初め,【2ch馴れ初め】美人レディース総長やキャバ嬢、美人JKや職場の美女との名作馴れ初め10選まとめ総集編【作業用】【ゆっくり】,2024-01-01,203250,1560,10,2024-01-13,調査_馴れ初め_20240107:直近1か月,competitor_sheet_archive,https://i.ytimg.com/vi/4r-KsXdC2aY/maxresdefault.jpg,,
jXKvacyuAQ4,,2ch馴れ初め秘話【別館】,【2ch馴れ初め】慰安旅行の移動中、美人人妻上司が 俺のマグナムを使わせて欲しいと誘惑してきた結果 #恋愛 #2chSS #ラブストーリー #ゆっくり #2ch馴れ初め #スカッと #感動する話,2024-01-10,203060,880,00,2024-01-13,調査_馴れ初め_20240107:直近1か月,competitor_sheet_archive,https://i.ytimg.com/vi/jXKvacyuAQ4/maxresdefault.jpg,,
38EMeNEWZgY,,私たちの馴れ初めTV,【馴れ初め】「一度だけ、私とお願い」もうすぐ嫁ぐ義理の姉が俺に頼み事→俺「今回だけ...」実は俺たちは...【感動する話】,2023-12-17,202990,2170,20,2024-01-13,調査_馴れ初め_20240107:直近1か月,competitor_sheet_archive,https://i.ytimg.com/vi/38EMeNEWZgY/maxresdefault.jpg,,
pLeTxvNb5QA,,2ch馴れ初め日記帳,【2ch馴れ初め】豪雪の夜、灯油の巡回販売中1人でタンクを抱えてやってきた少女→心配になり家まで送り届けた結果…【ゆっくり】,2024-01-04,201810,4010,90,2024-01-13,調査_馴れ初め_20240107:直近1か月,competitor_sheet_archive,https://i.ytimg.com/vi/pLeTxvNb5QA/maxresdefault.jpg,,
OtDp5VUHMVw,,2ch馴れ初めまとめ,【2ch馴れ初め】俺のたこやき屋に1円玉を握りしめて来店した貧乏少女→たこやきを腹一杯食べさせた結果…【ゆっくり解説】,2023-12-15,201050,4650,110,2024-01-13,調査_馴れ初め_20240107:直近1か月,competitor_sheet_archive,https://i.ytimg.com/vi/OtDp5VUHMVw/maxresdefault.jpg,,
G7pKVdCWMtA,,2chほっこり馴れ初め話,【2ch馴れ初め】おにぎりを万引きしようとするボロボロの少女、スーパーの店長の俺が理由を聞くと…【ゆっくり】,2024-01-06,199740,3310,40,2024-01-13,調査_馴れ初め_20240107:直近1か月,competitor_sheet_archive,https://i.ytimg.com/vi/G7pKVdCWMtA/maxresdefault.jpg,,
BN5c2wX9wjI,,2ch純愛物語,【2ch馴れ初め】今にも崩れそうなボロボロのラーメン屋を必死に直してる双子姉妹→プロ職人の俺が手を貸した結果…【ゆっくり】,2023-12-02,199450,4620,120,2024-01-13,調査_馴れ初め_20240107:直近1か月,competitor_sheet_archive,https://i.ytimg.com/vi/BN5c2wX9wjI/maxresdefault.jpg,,
TvqITAicBxY,,2chなれそめストーリー,【2ch馴れ初め】会社で一番のデブスな後輩が、なぜか毎日デートに誘ってくるので、試しに１日だけデートしてみた結果【ゆっくり解説】,2024-01-01,199290,1870,30,2024-01-13,調査_馴れ初め_20240107:直近1か月,competitor_sheet_archive,https://i.ytimg.com/vi/TvqITAicBxY/maxresdefault.jpg,,
AETfl9ztRhQ,,マンガみたいな2ch風馴れ初め話,【2ch馴れ初め】初めての泡風呂に行ったら娘の担任が出て来た→大きな〇カップをマッサージしてあげた結果【ゆっくり】,2023-12-02,198140,1180,60,2024-01-13,調査_馴れ初め_20240107:直近1か月,competitor_sheet_archive,https://i.ytimg.com/vi/AETfl9ztRhQ/maxresdefault.jpg,,
z_yeHAZsPXQ,,2ch馴れ初めスレ速報,【2ch馴れ初め】成績負けたらなんでもすると言った美人同僚に・・・【ゆっくり】,2024-01-10,195230,1430,20,2024-01-13,調査_馴れ初め_20240107:直近1か月,competitor_sheet_archive,https://i.ytimg.com/vi/z_yeHAZsPXQ/maxresdefault.jpg,,
MTYs57gHvCI,,馴れ初めアミーゴ,【2ch馴れ初め】いつも通う風◯店でウチの家政婦が担当に→自制できず◯してしまった【ゆっくり解説】,2024-01-10,193830,1050,00,2024-01-13,調査_馴れ初め_20240107:直近1か月,competitor_sheet_archive,https://i.ytimg.com/vi/MTYs57gHvCI/maxresdefault.jpg,,
EXoyyGhuUvQ,,大人の馴れ初め恋愛事情【2chゆっくり】,【2ch馴れ初め】女は苦手だとA〇の知識が豊富な爆〇後輩に言ったら→急に息子をご奉仕してきた結果【ゆっくり解説 】,2024-01-06,193600,1340,40,2024-01-13,調査_馴れ初め_20240107:直近1か月,competitor_sheet_archive,https://i.ytimg.com/vi/EXoyyGhuUvQ/maxresdefault.jpg,,
bEU4-ePNKN4,,叡智な馴れ初め物語,【2ch馴れ初め】清楚な嫁が失恋して落ち込んでいたので慰めた結果,2023-12-21,193200,1160,00,2024-01-13,調査_馴れ初め_20240107:直近1か月,competitor_sheet_archive,https://i.ytimg.com/vi/bEU4-ePNKN4/maxresdefault.jpg,,
L7tpQVr4Izs,,2ch馴れ初め日記帳,【2ch馴れ初め】誰も手に負えず義姉に押し付けられたヤンキー娘→元最強軍人の俺が代わりに育ててみた結果…【ゆっくり】,2024-01-06,192490,3300,80,2024-01-13,調査_馴れ初め_20240107:直近1か月,competitor_sheet_archive,https://i.ytimg.com/vi/L7tpQVr4Izs/maxresdefault.jpg,,
XfmvXB0A9sg,,2ch胸キュン馴れ初め,【2ch馴れ初め】行きつけの居酒屋にはいつも俺にだけ冷たい看板娘がいる。居酒屋で忘年会をする事になり女性同僚と話している所を見られたら彼女が突然号泣し…【ゆっくり】,2023-12-25,191640,2270,10,2024-01-13,調査_馴れ初め_20240107:直近1か月,competitor_sheet_archive,https://i.ytimg.com/vi/XfmvXB0A9sg/maxresdefault.jpg,,
YIg9gyoBzh8,,2chほっこり馴れ初め話,【2ch馴れ初め】大寒波の日に灯油を一人で買いに来たボロボロ少女、不思議に思い声をかけた結果…【ゆっくり】,2024-01-11,190840,3630,90,2024-01-13,調査_馴れ初め_20240107:直近1か月,competitor_sheet_archive,https://i.ytimg.com/vi/YIg9gyoBzh8/maxresdefault.jpg,,
Es22PjcGxVo,,2ch純愛物語,【2ch馴れ初め】年末セール中の服屋で最後の一着を他の人に取られ号泣するボロボロジャージの母娘→店長の俺が対象外の服を半額にした結果…【ゆっくり】,2024-01-07,190310,4410,60,2024-01-13,調査_馴れ初め_20240107:直近1か月,competitor_sheet_archive,https://i.ytimg.com/vi/Es22PjcGxVo/maxresdefault.jpg,,
sxmVxtNUVqU,,2ch馴れ初めスレ速報,【2ch馴れ初め】浮気した元カノのヤンキー妹が・・・結果【ゆっくり】,2024-01-05,190040,1490,60,2024-01-13,調査_馴れ初め_20240107:直近1か月,competitor_sheet_archive,https://i.ytimg.com/vi/sxmVxtNUVqU/maxresdefault.jpg,,
kOOP3BZDh9U,,2ch馴れ初めで愛を語る,【2ch馴れ初め 総集編】 大人気馴れ初め動画6選まとめてみた！ 2ch馴れ初めで愛を語る 【作業用】【ゆっくり】,2024-01-01,189990,1620,50,2024-01-13,調査_馴れ初め_20240107:直近1か月,competitor_sheet_archive,https://i.ytimg.com/vi/kOOP3BZDh9U/maxresdefault.jpg,,
QYSgZMKDA8M,,2ch胸キュン馴れ初め,【2ch馴れ初め】毎日通ってる弁当屋の美人店員からデートに誘われるのだが俺は拒否していた。しかしレンタル彼女と遊んだ事がバレたらヤンデレ化した【ゆっくり】,2024-01-06,188450,1950,90,2024-01-13,調査_馴れ初め_20240107:直近1か月,competitor_sheet_archive,https://i.ytimg.com/vi/QYSgZMKDA8M/maxresdefault.jpg,,
kkvBGAKxP5c,,思い出のゆっくり2ch,【2ch馴れ初め】「なんだか家族になったみたいね…！」「えっ！？」親戚の家で酷い扱いを受けるいとこの少女。ウチで保護したら幼馴染が助けてくれた結果…,2024-01-09,183990,4700,110,2024-01-13,調査_馴れ初め_20240107:直近1か月,competitor_sheet_archive,https://i.ytimg.com/vi/kkvBGAKxP5c/maxresdefault.jpg,,
O2Iu8sxhMLI,,2ch馴れ初めハウス,貧乏な家を助けるため、母のおでん屋を手伝うボロボロの三つ子→現場監督の俺が大量に購入した結果【2ch馴れ初め】,2024-01-10,182590,4490,150,2024-01-13,調査_馴れ初め_20240107:直近1か月,competitor_sheet_archive,https://i.ytimg.com/vi/O2Iu8sxhMLI/maxresdefault.jpg,,
szad2vIWqT8,,深夜の話,【馴れ初め】美人熟女の女上司と強制的に出張に同行、夜中→俺の部屋に現れると「ねぇ、いいでしょ!」,2024-01-08,182540,500,00,2024-01-13,調査_馴れ初め_20240107:直近1か月,competitor_sheet_archive,https://i.ytimg.com/vi/szad2vIWqT8/maxresdefault.jpg,,
5GPym4xLfhY,,大人の馴れ初め話【2chゆっくり】,【2ch 馴れ初め】突然女性が土下座してきた→女性「実は私…」俺「嘘だろ！？」→その晩、めちゃくちゃ燃えた【ゆっくり解説】,2023-12-09,181490,1000,30,2024-01-13,調査_馴れ初め_20240107:直近1か月,competitor_sheet_archive,https://i.ytimg.com/vi/5GPym4xLfhY/maxresdefault.jpg,,
iKYU9w-l5jc,,私たちの馴れ初めTV,【馴れ初め】ミニスカートの美人を助けると転職先の社長令嬢で、モジモジとしている彼女が 「実はわたし...」【感動する話】,2024-01-02,181300,2260,20,2024-01-13,調査_馴れ初め_20240107:直近1か月,competitor_sheet_archive,https://i.ytimg.com/vi/iKYU9w-l5jc/maxresdefault.jpg,,
ZOapNJs1D0o,,2ch胸キュン馴れ初め,【2ch馴れ初め】美人幼馴染や取引先の美女との名作馴れ初め5選まとめ総集編【作業用】【ゆっくり】,2023-12-29,181280,1540,10,2024-01-13,調査_馴れ初め_20240107:直近1か月,competitor_sheet_archive,https://i.ytimg.com/vi/ZOapNJs1D0o/maxresdefault.jpg,,
lJgp8MVAvm0,,2ch恋する馴れ初め,【2ch馴れ初め】毎日スーパーで半額シールを待つ貧乏双子→廃棄と嘘をつき特盛弁当を渡した結果…【ゆっくり】,2023-12-29,180290,3380,80,2024-01-13,調査_馴れ初め_20240107:直近1か月,competitor_sheet_archive,https://i.ytimg.com/vi/lJgp8MVAvm0/maxresdefault.jpg,,
53ZBT_U9BbY,,2ch馴れ初め日和,【2ch馴れ初め】 繁華街でゴミを拾い集めるボロボロの少女→ピアノ講師の俺が声を掛けた結果…【ゆっくり】,2023-12-26,179950,3920,90,2024-01-13,調査_馴れ初め_20240107:直近1か月,competitor_sheet_archive,https://i.ytimg.com/vi/53ZBT_U9BbY/maxresdefault.jpg,,
mIQrN1r0OZU,,2ch純愛物語,【2ch馴れ初め】極寒の夜、迷子になった一人娘の面倒を見てくれたデブス女性→お礼に焼肉食べ放題をご馳走した結果…【ゆっくり】,2024-01-08,178420,3860,60,2024-01-13,調査_馴れ初め_20240107:直近1か月,competitor_sheet_archive,https://i.ytimg.com/vi/mIQrN1r0OZU/maxresdefault.jpg,,
wT4xe07W82s,,2ch馴れ初めプランナー,【2ch感動馴れ初め】給食室でくず野菜を貰う田舎臭い貧乏同級生→うちに呼びばあちゃんの知恵と愛が詰まったカレーをご馳走した結果【ゆっくり解説】,2024-01-12,177060,3940,120,2024-01-13,調査_馴れ初め_20240107:直近1か月,competitor_sheet_archive,https://i.ytimg.com/vi/wT4xe07W82s/maxresdefault.jpg,,
bpLEwevCBRU,,2ch胸キュン馴れ初め,【2ch馴れ初め】塩対応な美人上司との出張先のホテルで同室に→なぜかカバンから大量のゴムが出てきて問い詰めた結果…【ゆっくり】,2024-01-10,176640,1620,10,2024-01-13,調査_馴れ初め_20240107:直近1か月,competitor_sheet_archive,https://i.ytimg.com/vi/bpLEwevCBRU/maxresdefault.jpg,,
3olKP-qGqWE,,2ch馴れ初めスレ速報,【2ch馴れ初め】家出した爆乳不良少女と31日間共同生活したら・・・結果【ゆっくり】,2024-01-08,172870,1670,20,2024-01-13,調査_馴れ初め_20240107:直近1か月,competitor_sheet_archive,https://i.ytimg.com/vi/3olKP-qGqWE/maxresdefault.jpg,,
lWbsXofBaYA,,2ch 馴れ初め白書,【2ch馴れ初め】改装中の和食店に現れたボロボロの貧乏少女→店長の俺が定食料理をご馳走した結果… 【ゆっくり】,2024-01-04,170880,4050,30,2024-01-13,調査_馴れ初め_20240107:直近1か月,competitor_sheet_archive,https://i.ytimg.com/vi/lWbsXofBaYA/maxresdefault.jpg,,
I-Ta7ynjnZY,,2ch馴れ初め秘話【別館】,【2ch馴れ初め】トイレで自分を慰める同期に今日飲みに行くか！と ドア越しに声をかけた結果 #恋愛 #2chSS #ラブストーリー #ゆっくり #2ch馴れ初め #スカッと #感動する話,2024-01-03,169420,910,40,2024-01-13,調査_馴れ初め_20240107:直近1か月,competitor_sheet_archive,https://i.ytimg.com/vi/I-Ta7ynjnZY/maxresdefault.jpg,,
n1s926xb-S8,,ムフフな馴れ初め【2chゆっくり】,【2ch馴れ初め】顔の傷が原因で捨てられた爆乳熟女「こんな顔ならﾀﾋんだ方がマシ…」→全力で抱いた結果ｗｗｗ【ゆっくり解説】,2024-01-10,169260,1530,20,2024-01-13,調査_馴れ初め_20240107:直近1か月,competitor_sheet_archive,https://i.ytimg.com/vi/n1s926xb-S8/maxresdefault.jpg,,
fTlvkwf7JXU,,馴れ初めアミーゴ,【2ch 馴れ初め】22歳で初めて行った泡のお店で女上司が出てきた→◯してしまった後に付き合った結果….【作業用】【ゆっくり】【総集編】,2023-12-30,168870,730,10,2024-01-13,調査_馴れ初め_20240107:直近1か月,competitor_sheet_archive,https://i.ytimg.com/vi/fTlvkwf7JXU/maxresdefault.jpg,,
EYAXTM4xO_s,,2ch馴れ初め日和,【2ch馴れ初め】息子と廃業寸前のうどん屋を営む貧乏親子→俺と双子の娘が毎週通った結果…【ゆっくり】,2024-01-05,167780,3830,30,2024-01-13,調査_馴れ初め_20240107:直近1か月,competitor_sheet_archive,https://i.ytimg.com/vi/EYAXTM4xO_s/maxresdefault.jpg,,
8bVU2QXe3z4,,馴れ初めは2chから始まった,【2ch馴れ初め】一人鍋をしている最中に突然現れた雪の上を裸足で歩く白人の少女→家に保護してちゃんこ鍋をご馳走した結果...【ゆっくり】,2023-12-19,164810,2960,60,2024-01-13,調査_馴れ初め_20240107:直近1か月,competitor_sheet_archive,https://i.ytimg.com/vi/8bVU2QXe3z4/maxresdefault.jpg,,
FiKBo0vfIgI,,2ch胸キュン馴れ初め,【2ch馴れ初め】俺の家で昼寝する無防備な幼馴染→悪戯で枕元にゴムを置いたら美人幼馴染が勘違いして…「責任取ってくれるよね…？♡」【ゆっくり】,2024-01-08,163130,1650,00,2024-01-13,調査_馴れ初め_20240107:直近1か月,competitor_sheet_archive,https://i.ytimg.com/vi/FiKBo0vfIgI/maxresdefault.jpg,,
CTlm3210dmY,,2ch 馴れ初め白書,【2ch馴れ初め】クリスマスの夜、ウチの庭に捨てられた痩せている少女→一緒に暮らそうと誘った結果… 【ゆっくり】,2024-01-06,161000,3810,50,2024-01-13,調査_馴れ初め_20240107:直近1か月,competitor_sheet_archive,https://i.ytimg.com/vi/CTlm3210dmY/maxresdefault.jpg,,
NsaXyNj54hU,,2ch馴れ初メロディー,【2ch馴れ初め】バイクで事故っていたレディース総長を拾った車屋店主の俺→住み込みで雇うことになり同棲した結果「抱いてくれ！」俺「は？」【ゆっくり】,2024-01-09,159710,1620,50,2024-01-13,調査_馴れ初め_20240107:直近1か月,competitor_sheet_archive,https://i.ytimg.com/vi/NsaXyNj54hU/maxresdefault.jpg,,
57_ioaWkKnQ,,思い出のゆっくり2ch,【2ch感動＆馴れ初め総集編】2023年人気動画まとめ！浮気相手の子と知らずに育ててきた娘…。数年後、俺の家に助けを求めてきた結果… 人気動画傑作選,2023-12-31,158950,1840,70,2024-01-13,調査_馴れ初め_20240107:直近1か月,competitor_sheet_archive,https://i.ytimg.com/vi/57_ioaWkKnQ/maxresdefault.jpg,,
BDFRRAsObCM,,2ch馴れ初め秘話【別館】,【2ch馴れ初め】お見合い相手の写真がタイプじゃなかったが実際会ってみたら可愛い上にGカップだった結果 #恋愛 #2chSS #ラブストーリー #ゆっくり #2ch馴れ初め #スカッと #感動する話,2023-12-27,158720,820,10,2024-01-13,調査_馴れ初め_20240107:直近1か月,competitor_sheet_archive,https://i.ytimg.com/vi/BDFRRAsObCM/maxresdefault.jpg,,
cOY-yx2aba0,,2chなれそめストーリー,【2ch馴れ初め】近所でも有名な悪ガキヤンキーを預かったら、夜な夜な布団に侵入され俺に跨ってきた結果【ゆっくり解説】,2023-12-10,158510,1570,00,2024-01-13,調査_馴れ初め_20240107:直近1か月,competitor_sheet_archive,https://i.ytimg.com/vi/cOY-yx2aba0/maxresdefault.jpg,,
8DLTd8IxKUU,,私たちの馴れ初めTV,【馴れ初め】温泉旅館の美人女将とエレベーターに閉じ込められると、女将が驚くことを言い始めました...【感動する話】,2023-12-22,158160,1560,60,2024-01-13,調査_馴れ初め_20240107:直近1か月,competitor_sheet_archive,https://i.ytimg.com/vi/8DLTd8IxKUU/maxresdefault.jpg,,
J62ZKKekczc,,思い出のゆっくり2ch,【2ch馴れ初め】「あら？結婚の約束したの忘れちゃったの？」遠くへ引越してしまった近所のお姉さん、11年後…俺のルームシェア相手募集にまさかの,2023-12-02,157350,3560,90,2024-01-13,調査_馴れ初め_20240107:直近1か月,competitor_sheet_archive,https://i.ytimg.com/vi/J62ZKKekczc/maxresdefault.jpg,,
2_u5GgMjEHE,,2ch馴れ初め日和,【2ch馴れ初め】母を気遣い試食を我慢するボロボロの少女→漁師の俺が焼き牡蠣をご馳走した結果…【ゆっくり】,2024-01-08,157170,3990,40,2024-01-13,調査_馴れ初め_20240107:直近1か月,competitor_sheet_archive,https://i.ytimg.com/vi/2_u5GgMjEHE/maxresdefault.jpg,,
e6p5GrdXr6U,,叡智な馴れ初め物語,【2ch馴れ初め】俺にだけ厳しい上司が「子供が欲しい」と泣きついてきた結果,2023-12-31,156150,1470,10,2024-01-13,調査_馴れ初め_20240107:直近1か月,competitor_sheet_archive,https://i.ytimg.com/vi/e6p5GrdXr6U/maxresdefault.jpg,,
ybAkskYAgh4,,叡智な馴れ初め物語,【2ch馴れ初め】失恋して傷ついた姉が家に帰ってきて泥酔して甘えてきた結果,2023-12-29,155430,1390,10,2024-01-13,調査_馴れ初め_20240107:直近1か月,competitor_sheet_archive,https://i.ytimg.com/vi/ybAkskYAgh4/maxresdefault.jpg,,
R5RvxJP8UHU,,大人の馴れ初め話【2chゆっくり】,【2ch 馴れ初め】毎日食事を作ってくるノー〇ラ隣人 →隣人「今日も 余ったの」俺「家、入る？」→家に入れてノーブ〇を堪能した結果ｗｗｗ【ゆっくり解説】,2024-01-09,155280,1220,10,2024-01-13,調査_馴れ初め_20240107:直近1か月,competitor_sheet_archive,https://i.ytimg.com/vi/R5RvxJP8UHU/maxresdefault.jpg,,
DTBPaJDpCL4,,2ch馴れ初メロディー,【2ch馴れ初め】掃除代行サービス頼んだらスタイル抜群の美人熟女がやってきたので、我慢できなくなって押し倒してしまい出してしまった結果【ゆっくり】,2024-01-11,153320,1590,70,2024-01-13,調査_馴れ初め_20240107:直近1か月,competitor_sheet_archive,https://i.ytimg.com/vi/DTBPaJDpCL4/maxresdefault.jpg,,
uEucJZlw5vE,,2ch馴れ初め秘話,【2ch馴れ初め】鋼鉄の息子を持つ俺がメンエスに行ったら 紙パンツを突き破ってしまった結果【新作あり】#恋愛話 #2chSS #感動する話 #ゆっくり #スカッと #2ch馴れ初め,2024-01-02,149080,1170,20,2024-01-13,調査_馴れ初め_20240107:直近1か月,competitor_sheet_archive,https://i.ytimg.com/vi/uEucJZlw5vE/maxresdefault.jpg,,
kj_14wpmdq0,,2ch馴れ初めストーリー 1170万の瞬間,【2ch 馴れ初め】痴漢されている10歳年下の女子高生を助け、年の差婚したはなし。,2023-12-31,148400,1120,30,2024-01-13,調査_馴れ初め_20240107:直近1か月,competitor_sheet_archive,https://i.ytimg.com/vi/kj_14wpmdq0/maxresdefault.jpg,,
2IBcpW4YGLY,,涙のひと馴れ初め,【2ch 馴れ初め】学校一のマドンナ先輩のお◯っこ◯んだら、毎日の放課後ご◯仕させられることになった結果….【ゆっくり解説】,2024-01-04,147410,1340,40,2024-01-13,調査_馴れ初め_20240107:直近1か月,competitor_sheet_archive,https://i.ytimg.com/vi/2IBcpW4YGLY/maxresdefault.jpg,,
XrQYXgLorck,,2ch胸キュン馴れ初め,【2ch馴れ初め】夜景スポットで1人のギャル。同棲中の彼氏にフラれて家が無い彼女を放っておけず俺の家で同棲したら…【ゆっくり】,2024-01-07,147240,1650,10,2024-01-13,調査_馴れ初め_20240107:直近1か月,competitor_sheet_archive,https://i.ytimg.com/vi/XrQYXgLorck/maxresdefault.jpg,,
pZGfAuS4qzI,,2ch馴れ初メロディー,【2ch馴れ初め】娘が亡き姉の子で実は独身だと久々に再会したヤンキーになっていた幼馴染にバレた結果・・・【ゆっくり】,2023-12-24,145040,1930,20,2024-01-13,調査_馴れ初め_20240107:直近1か月,competitor_sheet_archive,https://i.ytimg.com/vi/pZGfAuS4qzI/maxresdefault.jpg,,
8EdklAq6yTg,,2ch馴れ初め日和,【2ch馴れ初め】図書館で母親の帰りを待つボロボロの姉妹→休館日に心配になり様子を見に行った結果…【ゆっくり】,2024-01-09,145000,3340,50,2024-01-13,調査_馴れ初め_20240107:直近1か月,competitor_sheet_archive,https://i.ytimg.com/vi/8EdklAq6yTg/maxresdefault.jpg,,
eaHA7WSJU-A,,私たちの馴れ初めTV,【馴れ初め】泥酔した社長令嬢をお姫様抱っこして帰ると、妻「なにもしないの？」心を読まれてしまった俺は…【感動する話】,2024-01-11,144600,1530,20,2024-01-13,調査_馴れ初め_20240107:直近1か月,competitor_sheet_archive,https://i.ytimg.com/vi/eaHA7WSJU-A/maxresdefault.jpg,,
G9AHEq3oEIo,,夜のひと馴れ初め,【2ch 馴れ初め】親切にしたら美人熟女に気に入られ…結果【ゆっくり解説】,2024-01-09,143820,880,00,2024-01-13,調査_馴れ初め_20240107:直近1か月,competitor_sheet_archive,https://i.ytimg.com/vi/G9AHEq3oEIo/maxresdefault.jpg,,
0xFg-CNkoMU,,2chほっこり馴れ初め話,【2ch馴れ初め】隣に越してきた元ヤンのシングルマザー、仕事と育児に追われ悩んでいたので助けてあげた結果…【ゆっくり】,2023-12-23,142980,2040,10,2024-01-13,調査_馴れ初め_20240107:直近1か月,competitor_sheet_archive,https://i.ytimg.com/vi/0xFg-CNkoMU/maxresdefault.jpg,,
IP1z6w5nEco,,2chほっこり馴れ初め話,【2ch馴れ初め】ガラが悪い男から盲目の美人母を守ろうとする男の子、空手元日本一の俺が助けた結果…【ゆっくり】,2023-12-29,141230,3100,40,2024-01-13,調査_馴れ初め_20240107:直近1か月,competitor_sheet_archive,https://i.ytimg.com/vi/IP1z6w5nEco/maxresdefault.jpg,,
dh1VMgN0Oqs,,2ch 馴れ初め白書,【2ch馴れ初め】運動会の昼食で弁当を忘れたと嘘をつく貧乏親子→声を掛け山盛り弁当を一緒に食べた結果… 【ゆっくり】,2024-01-05,139710,2880,40,2024-01-13,調査_馴れ初め_20240107:直近1か月,competitor_sheet_archive,https://i.ytimg.com/vi/dh1VMgN0Oqs/maxresdefault.jpg,,
Mvn3TM0iwHU,,2ch馴れ初め秘話,【2ch馴れ初め】健全なマッサージ店に来店した美人OLが お尻をほぐされて●●を迎えた結果【新作あり】#恋愛話 #2chSS #感動する話 #ゆっくり #スカッと #2ch馴れ初め,2024-01-06,138830,810,00,2024-01-13,調査_馴れ初め_20240107:直近1か月,competitor_sheet_archive,https://i.ytimg.com/vi/Mvn3TM0iwHU/maxresdefault.jpg,,
XpiaTUvgFtk,,2ch馴れ初メモリアル,【2ch 馴れ初め】ギャル後輩ちゃんが学校の屋上で俺が昼寝しているのに気付かずに下着姿で自慢のおっ〇いを揺らした結果【ゆっくり解説】,2024-01-10,138030,1820,50,2024-01-13,調査_馴れ初め_20240107:直近1か月,competitor_sheet_archive,https://i.ytimg.com/vi/XpiaTUvgFtk/maxresdefault.jpg,,
Rj_ekIotVhM,,大人の馴れ初め恋愛事情【2chゆっくり】,【2ch 馴れ初め】大ケガで入院中、担当のGカップ巨乳ナースの対応のテクに息子が反応してしまった結果ｗ【ゆっくり解説】,2023-12-05,137290,990,40,2024-01-13,調査_馴れ初め_20240107:直近1か月,competitor_sheet_archive,https://i.ytimg.com/vi/Rj_ekIotVhM/maxresdefault.jpg,,
tXbVU8whyGc,,2ch純愛物語,【2ch馴れ初め総集編】台風の夜、俺んちの車庫で身を寄せ合うボロボロ親子→妻子を亡くし天涯孤独の俺が自宅に保護した結果… 2ch純愛物語 人気動画まとめてみた！総集編【作業用】【ゆっくり】,2024-01-03,137280,1510,00,2024-01-13,調査_馴れ初め_20240107:直近1か月,competitor_sheet_archive,https://i.ytimg.com/vi/tXbVU8whyGc/maxresdefault.jpg,,
UtcKRKAgWb8,,2ch馴れ初め日記帳,【2ch馴れ初め】大雨の夜、山道でバイクが故障し困ってるヤンキー少女→バイクオタクの俺が助けた結果…【ゆっくり】,2023-12-30,135590,2530,170,2024-01-13,調査_馴れ初め_20240107:直近1か月,competitor_sheet_archive,https://i.ytimg.com/vi/UtcKRKAgWb8/maxresdefault.jpg,,
nT8VrkgkEEA,,2ch馴れ初めスレ速報,【2ch馴れ初め】レンタルビデオ屋の美人店員が「私とする？」と煽ってきた結果・・・【ゆっくり】,2024-01-12,135460,1380,30,2024-01-13,調査_馴れ初め_20240107:直近1か月,competitor_sheet_archive,https://i.ytimg.com/vi/nT8VrkgkEEA/maxresdefault.jpg,,
jxXpXdANcy8,,夜のひと馴れ初め,【2ch 馴れ初め】天涯孤独の美人従姉妹に…【ゆっくり解説】,2024-01-12,133090,1070,30,2024-01-13,調査_馴れ初め_20240107:直近1か月,competitor_sheet_archive,https://i.ytimg.com/vi/jxXpXdANcy8/maxresdefault.jpg,,
BQGsPiwOT14,,思い出のゆっくり2ch,【2ch馴れ初め】「それじゃあ、僕に全部くれるかな？」道端でクッキーを売るボロボロ少女。俺が社員のために買い占めた結果…,2024-01-06,130860,3900,70,2024-01-13,調査_馴れ初め_20240107:直近1か月,competitor_sheet_archive,https://i.ytimg.com/vi/BQGsPiwOT14/maxresdefault.jpg,,
qGRoUZDPp_k,,馴れ初めは2chから始まった,【2ch馴れ初め】廃業寸前のおでん屋さんに赤ん坊を抱いたボロボロホームレス→店主の俺が熱々のおでんを奢った結果...【ゆっくり】,2023-12-14,129820,2960,40,2024-01-13,調査_馴れ初め_20240107:直近1か月,competitor_sheet_archive,https://i.ytimg.com/vi/qGRoUZDPp_k/maxresdefault.jpg,,
QHdMQmBabk8,,感動の馴れ初めばなし,【2ch馴れ初め】連休を使ってソロキャンをしていたら突然現れたボロボロ少女→出来立てキャンプ飯をご馳走した結果…【伝説のスレ】,2024-01-10,129780,2900,70,2024-01-13,調査_馴れ初め_20240107:直近1か月,competitor_sheet_archive,https://i.ytimg.com/vi/QHdMQmBabk8/maxresdefault.jpg,,
QU7BuBZT-no,,2ch純愛物語,【2ch馴れ初め】俺の引っ越し祝いで友達とたこ焼きパーティ中、突然、隣人の貧乏少女が現れた結果…【ゆっくり】,2024-01-09,129480,2630,40,2024-01-13,調査_馴れ初め_20240107:直近1か月,competitor_sheet_archive,https://i.ytimg.com/vi/QU7BuBZT-no/maxresdefault.jpg,,
zoAbfxAWyLg,,2ch馴れ初めプランナー,【2ch馴れ初め】超絶ワガママな大家さんの娘を１週間預かる事になった結果【ゆっくり解説】,2023-12-10,129040,2580,60,2024-01-13,調査_馴れ初め_20240107:直近1か月,competitor_sheet_archive,https://i.ytimg.com/vi/zoAbfxAWyLg/maxresdefault.jpg,,
jOfmRLSYqLA,,2ch馴れ初めゆっくりで最愛,【2ch馴れ初め】閉店間際のラーメン屋で半炒飯だけを分け合う貧乏母娘 天涯孤独の俺が大盛りの特製ラーメンをご馳走した結果【ゆっくり】,2024-01-09,128700,1940,30,2024-01-13,調査_馴れ初め_20240107:直近1か月,competitor_sheet_archive,https://i.ytimg.com/vi/jOfmRLSYqLA/maxresdefault.jpg,,
7Swa579f04s,,馴れ初めは2chから始まった,【2ch馴れ初め】極寒の日に仕事と家を奪われたニットを売る天涯孤独の盲目女性→放っておけず俺が営むうどん屋に住み込みで雇った結果...【ゆっくり】,2023-12-07,127520,3500,50,2024-01-13,調査_馴れ初め_20240107:直近1か月,competitor_sheet_archive,https://i.ytimg.com/vi/7Swa579f04s/maxresdefault.jpg,,
UUdWcVh3VTU,,私たちの馴れ初めTV,【馴れ初め】離婚したばかりの幼馴染が「今晩私の家に泊まって行って？」俺が「分かった」と同意すると思いがけない展開に...【感動する話】,2024-01-07,126840,1240,30,2024-01-13,調査_馴れ初め_20240107:直近1か月,competitor_sheet_archive,https://i.ytimg.com/vi/UUdWcVh3VTU/maxresdefault.jpg,,
DpUhSkBf-oU,,2ch馴れ初メモリアル,【2ch馴れ初め】ヤンキーが恐れる俺に付きまとう内気なJKにブチギレてはじめてを奪ってしまった結果【ゆっくり解説】,2023-12-23,126530,1690,40,2024-01-13,調査_馴れ初め_20240107:直近1か月,competitor_sheet_archive,https://i.ytimg.com/vi/DpUhSkBf-oU/maxresdefault.jpg,,
J-UwDWr--Nk,,私たちの馴れ初めTV,【馴れ初め】寝台特急に乗ると俺をフった彼女と再会「あの？」ドキドキしながら声をかけると、寝台に押し込まれて驚きの展開に...【感動する話】,2023-12-30,126460,1480,40,2024-01-13,調査_馴れ初め_20240107:直近1か月,competitor_sheet_archive,https://i.ytimg.com/vi/J-UwDWr--Nk/maxresdefault.jpg,,
UPBtQ9v4Oqs,,2ch馴れ初めヒストリー,【2ch馴れ初め】母の為、給食のおかわりジャンケンに命をかける貧乏同級生→父が経営する三ツ星レストランに母と一緒に招待した結果...【ゆっくり】,2024-01-06,125270,2790,60,2024-01-13,調査_馴れ初め_20240107:直近1か月,competitor_sheet_archive,https://i.ytimg.com/vi/UPBtQ9v4Oqs/maxresdefault.jpg,,
5VfKcq4JU8s,,2ch馴れ初め日和,【2ch馴れ初め】手術を控えた母の為、一人で生きる練習をするボロボロの少女→家事代行業を営む俺が声を掛けた結果…【ゆっくり】,2024-01-12,124310,2790,40,2024-01-13,調査_馴れ初め_20240107:直近1か月,competitor_sheet_archive,https://i.ytimg.com/vi/5VfKcq4JU8s/maxresdefault.jpg,,
2d8ziq62Zug,,2ch馴れ初め秘話,【2ch馴れ初め】種無しブドウの話をしていたら勘違いした女上司が ゴ◯無しOKねと誘ってきた結果【新作あり】#恋愛話 #2chSS #感動する話 #ゆっくり #スカッと #2ch馴れ初め,2024-01-10,124080,1070,10,2024-01-13,調査_馴れ初め_20240107:直近1か月,competitor_sheet_archive,https://i.ytimg.com/vi/2d8ziq62Zug/maxresdefault.jpg,,
blZ7hiyFvzI,,叡智な馴れ初め物語,【2ch馴れ初め】童〇の俺が姉に服を〇がされ初めてを奪われてしまった結果,2024-01-12,123440,1220,10,2024-01-13,調査_馴れ初め_20240107:直近1か月,competitor_sheet_archive,https://i.ytimg.com/vi/blZ7hiyFvzI/maxresdefault.jpg,,
ufSgixSpOU8,,大人の恋愛馴れ初めストーリー【2chゆっくり解説】,【2ch馴れ初め】突然俺のアレを触る同級生→同級生「出したらバラすｗｗｗ」俺「が、我慢できるわけないだろ！！！」→その結果・・・【ゆっくり解説】,2024-01-08,123310,440,20,2024-01-13,調査_馴れ初め_20240107:直近1か月,competitor_sheet_archive,https://i.ytimg.com/vi/ufSgixSpOU8/maxresdefault.jpg,,
evhnXpp-umY,,2ch馴れ初めスレ速報,【2ch馴れ初め】マドンナ的存在の美人同級生が突然「膝枕して」とねだってきたので全て言われるがままにした結果・・・【ゆっくり】,2023-12-03,123170,1250,30,2024-01-13,調査_馴れ初め_20240107:直近1か月,competitor_sheet_archive,https://i.ytimg.com/vi/evhnXpp-umY/maxresdefault.jpg,,
lCfqTPTuATc,,叡智な馴れ初め物語,【2ch馴れ初め】電車で気分が悪そうなOLに声を掛けたら俺の人生が変わった結果,2023-12-15,121830,1200,00,2024-01-13,調査_馴れ初め_20240107:直近1か月,competitor_sheet_archive,https://i.ytimg.com/vi/lCfqTPTuATc/maxresdefault.jpg,,
Hidoa1-Dt6E,,2ch馴れ初めだョ!全員集合,【2ch馴れ初め】終電後に泥酔して泣いている爆乳美人熟女とめちゃくちゃヤリまくった結果【ゆっくり】,2024-01-05,121260,320,10,2024-01-13,調査_馴れ初め_20240107:直近1か月,competitor_sheet_archive,https://i.ytimg.com/vi/Hidoa1-Dt6E/maxresdefault.jpg,,
2mEAXahu1s4,,2ch馴れ初め秘話,【2ch馴れ初め】河原でエ■本を読む生徒会長を目撃 口止めにめちゃくちゃしゃ●られた結果 【新作あり】#恋愛話 #2chSS #感動する話 #ゆっくり #スカッと #2ch馴れ初め,2024-01-05,121090,810,20,2024-01-13,調査_馴れ初め_20240107:直近1か月,competitor_sheet_archive,https://i.ytimg.com/vi/2mEAXahu1s4/maxresdefault.jpg,,
1sZNIcg3odI,,馴れ初めは2chから始まった,【2ch馴れ初め】深夜食堂でお金が払えず食い逃げしようとする貧乏母子→放っておけず声をかけたら幼馴染だったので仕事を手伝わせて毎日お腹いっぱい食べさせた結果...傑作5選【ゆっくり】,2023-12-31,119380,2210,30,2024-01-13,調査_馴れ初め_20240107:直近1か月,competitor_sheet_archive,https://i.ytimg.com/vi/1sZNIcg3odI/maxresdefault.jpg,,
FXF1bp3WidY,,2chほっこり馴れ初め話,【2ch馴れ初め】牧場の蛇口で身体を洗うホームレス女性、酪農している俺が住み込みで雇った結果…【ゆっくり】,2024-01-12,118000,2550,60,2024-01-13,調査_馴れ初め_20240107:直近1か月,competitor_sheet_archive,https://i.ytimg.com/vi/FXF1bp3WidY/maxresdefault.jpg,,
cnYRypv77xg,,2ch馴れ初め秘話,【2ch馴れ初め】短期出張の間同棲することになった幼馴染が家ではRA族だった事が発覚した結果 【新作あり】#恋愛話 #2chSS #感動する話 #ゆっくり #スカッと #2ch馴れ初め,2024-01-08,117930,1020,00,2024-01-13,調査_馴れ初め_20240107:直近1か月,competitor_sheet_archive,https://i.ytimg.com/vi/cnYRypv77xg/maxresdefault.jpg,,
TVXeKGXEcTY,,2ch馴れ初めだョ!全員集合,【2ch馴れ初め】家で一人晩酌してると泥酔の隣人美女が侵入してきて一緒にやりたいと誘われた結果【ゆっくり】,2023-12-07,117820,560,10,2024-01-13,調査_馴れ初め_20240107:直近1か月,competitor_sheet_archive,https://i.ytimg.com/vi/TVXeKGXEcTY/maxresdefault.jpg,,
vvc0iitQJlI,,感動の馴れ初めばなし,【2ch馴れ初め】真冬にTシャツジャージで登校し震えている足の不自由な同級生→亡き姉が着れなかった制服を譲った結果…【伝説のスレ】,2024-01-05,117650,2890,30,2024-01-13,調査_馴れ初め_20240107:直近1か月,competitor_sheet_archive,https://i.ytimg.com/vi/vvc0iitQJlI/maxresdefault.jpg,,
yuhX79LaHbU,,2ch馴れ初め秘話,【2ch馴れ初め】泊まりに来た幼馴染のジャングルたわしを 寝ぼけて掃除機で吸った結果 【新作あり】#恋愛話 #2chSS #感動する話 #ゆっくり #スカッと #2ch馴れ初め,2024-01-09,117200,880,00,2024-01-13,調査_馴れ初め_20240107:直近1か月,competitor_sheet_archive,https://i.ytimg.com/vi/yuhX79LaHbU/maxresdefault.jpg,,
K50Hr_kcGM8,,2ch馴れ初めヒストリー,【2ch馴れ初め】息子の学費の為に毎日昼ご飯を抜いている元ヤン現場監督 →料理好き社長の俺が毎日山盛り弁当を作った結果...【ゆっくり】,2024-01-10,114790,2220,20,2024-01-13,調査_馴れ初め_20240107:直近1か月,competitor_sheet_archive,https://i.ytimg.com/vi/K50Hr_kcGM8/maxresdefault.jpg,,
DUN98cYihKY,,2ch馴れ初めヒストリー,【2ch馴れ初め】深夜のコンビニに5円玉を握りしめ訪れた母想いのボロボロ少女 →店長の俺が具沢山おでんを買って家まで送り届けた結果...【ゆっくり】,2024-01-09,114530,2560,80,2024-01-13,調査_馴れ初め_20240107:直近1か月,competitor_sheet_archive,https://i.ytimg.com/vi/DUN98cYihKY/maxresdefault.jpg,,
WBP_IbxPJIo,,2ch胸キュン馴れ初め,【2ch馴れ初め】突然の豪雨で帰れなくなった俺は元ヤン女上司の自宅が近いため泊まる事に→お風呂借りると彼女が俺の着ていた服を嗅いでいて…【ゆっくり】,2024-01-12,113610,1360,20,2024-01-13,調査_馴れ初め_20240107:直近1か月,competitor_sheet_archive,https://i.ytimg.com/vi/WBP_IbxPJIo/maxresdefault.jpg,,
uNdGyHLMKuM,,2ch馴れ初めヒストリー,【2ch馴れ初め】花屋に訪れた10円玉を握りしめたボロボロの少女→母子家庭で育ち花屋を経営する俺が両手いっぱいの花束を渡した結果...【ゆっくり】,2023-12-06,113370,3040,50,2024-01-13,調査_馴れ初め_20240107:直近1か月,competitor_sheet_archive,https://i.ytimg.com/vi/uNdGyHLMKuM/maxresdefault.jpg,,
r6Rk0HU1iWg,,2ch馴れ初めエピソード,【2ch馴れ初め】レンタル彼女と逢ったら取引先の常務の1人娘だった結果【ゆっくり解説】,2023-12-06,112010,1570,20,2024-01-13,調査_馴れ初め_20240107:直近1か月,competitor_sheet_archive,https://i.ytimg.com/vi/r6Rk0HU1iWg/maxresdefault.jpg,,
00pxUwZSZJg,,2ch馴れ初め名作集,【2ch馴れ初め】残業中誕生日サプライズしようと給湯室に隠れてたら美人熟女上司がオ〇ニーし始めた結果【ゆっくり】,2023-12-30,110450,470,20,2024-01-13,調査_馴れ初め_20240107:直近1か月,competitor_sheet_archive,https://i.ytimg.com/vi/00pxUwZSZJg/maxresdefault.jpg,,
SYF21Jrvmjw,,馴れ初めロマンティック,【2ch馴れ初め】美人看護師に息子をなでられ発射した結果…【ゆっくり】,2023-12-18,110160,730,00,2024-01-13,調査_馴れ初め_20240107:直近1か月,competitor_sheet_archive,https://i.ytimg.com/vi/SYF21Jrvmjw/maxresdefault.jpg,,
Pm9nh6SvmTo,,2ch純愛物語,【2ch馴れ初め泣ける総集編】毎日ヨレヨレの服で出社する田舎臭い女後輩→週末ショッピングデートに誘った結果… 2ch純愛物語 人気動画まとめてみた！総集編【作業用】【ゆっくり】,2023-12-22,108740,1560,20,2024-01-13,調査_馴れ初め_20240107:直近1か月,competitor_sheet_archive,https://i.ytimg.com/vi/Pm9nh6SvmTo/maxresdefault.jpg,,
YHclLM4cenE,,2ch馴れ初めクエスト,【2ch馴れ初め】ぐったりする愛犬のそばで慌てている女性。たまたま通りかかった獣医の俺が応急処置してあげた結果【ゆっくり動画】,2024-01-11,108220,2750,100,2024-01-13,調査_馴れ初め_20240107:直近1か月,competitor_sheet_archive,https://i.ytimg.com/vi/YHclLM4cenE/maxresdefault.jpg,,
AaWwJApGwoo,,感動の馴れ初めばなし,【2ch馴れ初め】大事な商談前、重要書類を拾ってくれたボロボロ双子→お礼にオムライスをご馳走した結果…【伝説のスレ】,2024-01-11,107220,2920,00,2024-01-13,調査_馴れ初め_20240107:直近1か月,competitor_sheet_archive,https://i.ytimg.com/vi/AaWwJApGwoo/maxresdefault.jpg,,
gVK28wJCiPc,,私たちの馴れ初めTV,【馴れ初め】俺「お前！浮気してたのか…」彼女をイケメン上司に奪われたら、急に美人上司にベタ惚れされた。妻「ねぇ、ツキ合ってみる？」【感動する話】,2023-12-16,106700,1420,40,2024-01-13,調査_馴れ初め_20240107:直近1か月,competitor_sheet_archive,https://i.ytimg.com/vi/gVK28wJCiPc/maxresdefault.jpg,,
ZLgEkJE3JJc,,叡智な馴れ初め物語,【2ch馴れ初め総集編】妹の脚から白い液体が垂れていたので心配で声をかけた結果【作業用】,2024-01-06,106450,1110,20,2024-01-13,調査_馴れ初め_20240107:直近1か月,competitor_sheet_archive,https://i.ytimg.com/vi/ZLgEkJE3JJc/maxresdefault.jpg,,
6s5S-E4-tHA,,夜のひと馴れ初め,【2ch 馴れ初め】彼女との初夜に失敗した俺 義姉の「女の扱い方講座」受けた結果【ゆっくり解説】,2023-12-15,104030,610,10,2024-01-13,調査_馴れ初め_20240107:直近1か月,competitor_sheet_archive,https://i.ytimg.com/vi/6s5S-E4-tHA/maxresdefault.jpg,,
q6xopMj08ZE,,馴れ初めは2chから始まった,【2ch馴れ初め】毎日通う定食屋の天涯孤独の女店員に海外転勤が決まったと伝えた結果....傑作5選【ゆっくり】,2024-01-06,102160,1700,20,2024-01-13,調査_馴れ初め_20240107:直近1か月,competitor_sheet_archive,https://i.ytimg.com/vi/q6xopMj08ZE/maxresdefault.jpg,,
qq2CObqsLGE,,2ch馴れ初め日和,【2ch馴れ初め】2ch馴れ初め日和おすすめ動画まとめ6選#総集編【ゆっくり】,2024-01-04,101300,1390,00,2024-01-13,調査_馴れ初め_20240107:直近1か月,competitor_sheet_archive,https://i.ytimg.com/vi/qq2CObqsLGE/maxresdefault.jpg,,
dRVmwGXxaGQ,,ムフフな馴れ初め【2chゆっくり】,【2ch馴れ初め】浮気して別れた元嫁の爆乳義母「娘の不始末は私がカラダで償います…」→ガチでヤリまくったｗｗｗ【ゆっくり解説】,2024-01-12,100840,1110,30,2024-01-13,調査_馴れ初め_20240107:直近1か月,competitor_sheet_archive,https://i.ytimg.com/vi/dRVmwGXxaGQ/maxresdefault.jpg,,
8GLj5j261nM,,馴れ初めロマンティック,【2ch馴れ初め】美人女上司「溜まってるんでしょ？」→そのまま搾り取られてしまった結果【ゆっくり解説】,2024-01-08,97920,630,00,2024-01-13,調査_馴れ初め_20240107:直近1か月,competitor_sheet_archive,https://i.ytimg.com/vi/8GLj5j261nM/maxresdefault.jpg,,
qNO0ApJ3DoE,,私たちの馴れ初めTV,【馴れ初め】病院に緊急搬送されると美人の女医が俺を優遇。退院の前夜に俺のもとにやってきて、妻「私じゃダメかな...」【感動する話】,2023-12-29,97860,1350,30,2024-01-13,調査_馴れ初め_20240107:直近1か月,competitor_sheet_archive,https://i.ytimg.com/vi/qNO0ApJ3DoE/maxresdefault.jpg,,
WRN0IjAh_nU,,2ch馴れ初め秘話,【2ch馴れ初め】どっきりを仕掛けようと部屋に潜んでいたら 帰宅した義姉がオ●二ーをはじめてしまった結果【新作あり】#恋愛話 #2chSS #感動する話 #ゆっくり #スカッと #2ch馴れ初め,2023-12-08,95750,820,00,2024-01-13,調査_馴れ初め_20240107:直近1か月,competitor_sheet_archive,https://i.ytimg.com/vi/WRN0IjAh_nU/maxresdefault.jpg,,
eWLofbrv4i8,,馴れ初めは2chから始まった,【2ch馴れ初め】雪山で遭難し山小屋で身を寄せ合い誕生日を祝うボロボロ姉妹→発見して家に連れて帰り大家族の俺がみんなで祝った結果..【ゆっくり】,2023-12-06,94780,2070,00,2024-01-13,調査_馴れ初め_20240107:直近1か月,competitor_sheet_archive,https://i.ytimg.com/vi/eWLofbrv4i8/maxresdefault.jpg,,
obUcoMM0KB8,,叡智な馴れ初め物語,【2ch馴れ初め】二十歳になった妹に部屋で「しよ？」と誘われた結果,2024-01-09,92750,950,50,2024-01-13,調査_馴れ初め_20240107:直近1か月,competitor_sheet_archive,https://i.ytimg.com/vi/obUcoMM0KB8/maxresdefault.jpg,,
PFcsw-70VS4,,2ch純愛物語,【2ch馴れ初め総集編】正月なのに公園で1人遊びするボロボロ幼馴染→母ちゃん自慢のおせちを一緒に食べた結果… 2ch純愛物語 人気動画まとめてみた！総集編【作業用】【ゆっくり】,2024-01-01,92570,1480,20,2024-01-13,調査_馴れ初め_20240107:直近1か月,competitor_sheet_archive,https://i.ytimg.com/vi/PFcsw-70VS4/maxresdefault.jpg,,
eu3SjJLqFjU,,2ch 馴れ初め白書,【2ch馴れ初め】大雪の夜、ビルの屋上に置いて行かれた足が不自由な少女→幼い頃に両親に捨てられた管理人の俺が保護した結果… 【ゆっくり】,2024-01-12,92090,2190,50,2024-01-13,調査_馴れ初め_20240107:直近1か月,competitor_sheet_archive,https://i.ytimg.com/vi/eu3SjJLqFjU/maxresdefault.jpg,,
luqpncxeQns,,馴れ初めは2chから始まった,【2ch馴れ初め】タダ券で毎日一つの肉まんを分け合うボロボロ貧乏姉妹→店長の俺が大量の肉まんをご馳走した結果…【ゆっくり】,2023-12-30,90740,2320,20,2024-01-13,調査_馴れ初め_20240107:直近1か月,competitor_sheet_archive,https://i.ytimg.com/vi/luqpncxeQns/maxresdefault.jpg,,
-4QGNjuB04o,,2ch馴れ初めクエスト,【2ch馴れ初め総集編】（まとめ動画）大寒波の日に橋の下で身を寄せあう貧乏親子 温かい食事とお風呂を提供した結果 2ch馴れ初めクエスト 人気馴れ初め動画まとめてみました！【作業用】【ゆっくり】,2024-01-01,90250,1530,30,2024-01-13,調査_馴れ初め_20240107:直近1か月,competitor_sheet_archive,https://i.ytimg.com/vi/-4QGNjuB04o/maxresdefault.jpg,,
NU6jOEuJUDs,,2ch純愛物語,【2ch 馴れ初め総集編】 水筒を握りしめ空腹で花見をする親子→俺の1人焼肉をお裾分けした結果…2ch純愛物語 人気馴れ初め動画まとめてみた！総集編 【作業用】【ゆっくり】,2023-12-12,89430,1160,30,2024-01-13,調査_馴れ初め_20240107:直近1か月,competitor_sheet_archive,https://i.ytimg.com/vi/NU6jOEuJUDs/maxresdefault.jpg,,
1eJT_LWNkn8,,2ch胸キュン馴れ初め,【2ch馴れ初め】美人上司がテレビ会議を切り忘れて実は俺の事が大好きだと暴露した→ベタ甘な本性を全て見た結果【ゆっくり】,2024-01-09,88230,1190,00,2024-01-13,調査_馴れ初め_20240107:直近1か月,competitor_sheet_archive,https://i.ytimg.com/vi/1eJT_LWNkn8/maxresdefault.jpg,,
vSvm6sDr3fo,,101回目の馴れ初め,【2ch馴れ初め】いきなりパ〇ツを脱いで誘惑してくる美人後輩→うっかり中にイれた結果【作業用】【ゆっくり】【総集編】,2024-01-07,87270,580,00,2024-01-13,調査_馴れ初め_20240107:直近1か月,competitor_sheet_archive,https://i.ytimg.com/vi/vSvm6sDr3fo/maxresdefault.jpg,,
5kwzMyiDxaM,,2ch馴れ初めヒストリー,【2ch馴れ初め】交換留学で来た心の綺麗なデブスの外国人→友達との罰ゲームで1週間毎日話しかけた結果...【ゆっくり】,2024-01-07,87030,1790,80,2024-01-13,調査_馴れ初め_20240107:直近1か月,competitor_sheet_archive,https://i.ytimg.com/vi/5kwzMyiDxaM/maxresdefault.jpg,,
XCUWwwczxdI,,2chほっこり馴れ初め話,【2ch馴れ初め】大喧嘩をして疎遠になった幼馴染、久しぶりに連絡すると泣きながら助けてと言われた結果…【ゆっくり】,2023-12-20,86360,2410,40,2024-01-13,調査_馴れ初め_20240107:直近1か月,competitor_sheet_archive,https://i.ytimg.com/vi/XCUWwwczxdI/maxresdefault.jpg,,
-uwTjn44ZL0,,2ch馴れ初めスレ速報,【2ch馴れ初め】失恋しヒトカラ中美人店員が乱入！ふわふわもちもちのアレで慰めてくれた結果・・・【ゆっくり】,2023-12-18,86200,890,00,2024-01-13,調査_馴れ初め_20240107:直近1か月,competitor_sheet_archive,https://i.ytimg.com/vi/-uwTjn44ZL0/maxresdefault.jpg,,
ajSArTpajQw,,2ch馴れ初めヒストリー,【2ch馴れ初め】隣のボロ屋に引っ越してきた家具も買えない生活保護の貧乏母娘 →DIY好きの俺が古民家カフェ風の家に仕上げた結果...【ゆっくり】,2024-01-11,85920,1750,40,2024-01-13,調査_馴れ初め_20240107:直近1か月,competitor_sheet_archive,https://i.ytimg.com/vi/ajSArTpajQw/maxresdefault.jpg,,
oyoIo-y0U2I,,2ch馴れ初めプランナー,【2ch馴れ初め】親戚中をたらい回しにされる難聴の少女→農家の俺が引き取り手伝ってもらった結果【総集編】【作業用】【ゆっくり解説】,2024-01-10,85820,1650,20,2024-01-13,調査_馴れ初め_20240107:直近1か月,competitor_sheet_archive,https://i.ytimg.com/vi/oyoIo-y0U2I/maxresdefault.jpg,,
ZxSTw0tbKsQ,,私たちの馴れ初めTV,【馴れ初め】仕事納め帰り道ボロボロの美人鬼女上司を助けると、妻「このお礼は返すね！」翌日、驚きの姿で現れ...【感動する話】,2023-12-28,85620,940,10,2024-01-13,調査_馴れ初め_20240107:直近1か月,competitor_sheet_archive,https://i.ytimg.com/vi/ZxSTw0tbKsQ/maxresdefault.jpg,,
XnmD9YqXZKk,,2chほっこり馴れ初め話,【2ch馴れ初め】同じ団地に住む元ヤン女性と勉強に悩む女の子、元塾講師の俺が声をかけた結果…【ゆっくり】,2024-01-10,85040,1660,20,2024-01-13,調査_馴れ初め_20240107:直近1か月,competitor_sheet_archive,https://i.ytimg.com/vi/XnmD9YqXZKk/maxresdefault.jpg,,
S0QRPr2hvQw,,私たちの馴れ初めTV,【馴れ初め】隣の部屋に住む美人母娘にお鍋をご馳走すると、妻「お礼をさせてください」親密な関係に発展し...【感動する話】,2024-01-12,84870,1090,20,2024-01-13,調査_馴れ初め_20240107:直近1か月,competitor_sheet_archive,https://i.ytimg.com/vi/S0QRPr2hvQw/maxresdefault.jpg,,
oLb4eZD6hUU,,2ch 馴れ初め白書,【2ch馴れ初め】半額シール付のお弁当 最後の1つを他の人に取られ号泣する姉妹→店長の俺が廃棄商品を山盛りあげた結果… 【ゆっくり】,2024-01-09,84620,2120,80,2024-01-13,調査_馴れ初め_20240107:直近1か月,competitor_sheet_archive,https://i.ytimg.com/vi/oLb4eZD6hUU/maxresdefault.jpg,,
Ckp2pr8gW4U,,思い出のゆっくり2ch,【2ch馴れ初め総集編】「良ければしばらく泊めてくれない…？私のためにも…！」両親を亡くした姪を引き取った俺…同僚が住込みで助けてくれた結果… ！思い出のゆっくり2ch 人気動画まとめ,2024-01-07,84380,860,10,2024-01-13,調査_馴れ初め_20240107:直近1か月,competitor_sheet_archive,https://i.ytimg.com/vi/Ckp2pr8gW4U/maxresdefault.jpg,,
71_QuH0gi5Y,,2ch馴れ初め秘話【別館】,【2ch馴れ初め】甥っ子の面倒を見ていたら行き遅れ熟女上司に 子作りを迫られた結果 #恋愛 #2chSS #ラブストーリー #ゆっくり #2ch馴れ初め #スカッと #感動する話,2024-01-11,83930,410,00,2024-01-13,調査_馴れ初め_20240107:直近1か月,competitor_sheet_archive,https://i.ytimg.com/vi/71_QuH0gi5Y/maxresdefault.jpg,,
npTdIOS20pA,,大人の馴れ初め話【2chゆっくり】,【2ch 馴れ初め】バキ童だった俺。なぜか女子大生と車中泊することになりそのまま…【ゆっくり解説】,2023-12-03,83930,580,00,2024-01-13,調査_馴れ初め_20240107:直近1か月,competitor_sheet_archive,https://i.ytimg.com/vi/npTdIOS20pA/maxresdefault.jpg,,
s5rA6svthfY,,馴れ初めは2chから始まった,【2ch馴れ初め】学校１美しいといわれている不良娘の幼馴染が顔に火傷して醜い姿に…ある日泣いていたので心配で声をかけた結果…傑作5選【ゆっくり】,2024-01-07,81690,1450,30,2024-01-13,調査_馴れ初め_20240107:直近1か月,competitor_sheet_archive,https://i.ytimg.com/vi/s5rA6svthfY/maxresdefault.jpg,,
-DfoTWl-JZ0,,2chなれそめストーリー,【2ch馴れ初め】】冬休みで実家に泊まりに来た幼馴染、親の目を盗んで夜這いを決行しようとした結果【ゆっくり解説】,2024-01-05,81580,1190,10,2024-01-13,調査_馴れ初め_20240107:直近1か月,competitor_sheet_archive,https://i.ytimg.com/vi/-DfoTWl-JZ0/maxresdefault.jpg,,
aos8R9zHYhw,,叡智な馴れ初め物語,【2ch馴れ初め】一緒に住む姉の布団の中からマッサージ機が出てきたので理由を聞いた結果,2023-12-20,79590,610,20,2024-01-13,調査_馴れ初め_20240107:直近1か月,competitor_sheet_archive,https://i.ytimg.com/vi/aos8R9zHYhw/maxresdefault.jpg,,
TAx-kpyKa2c,,馴れ初めは2chから始まった,【2ch馴れ初め】店じまいした後の１人晩酌中に現れた亡くなった恩師のガリガリ不良娘→保護して店主の俺が男飯を振る舞った結果....【ゆっくり】,2023-12-31,77910,1580,20,2024-01-13,調査_馴れ初め_20240107:直近1か月,competitor_sheet_archive,https://i.ytimg.com/vi/TAx-kpyKa2c/maxresdefault.jpg,,
ege8ejFY0DM,,馴れ初めは2chから始まった,【2ch馴れ初め】極寒の夜、キャンピングカーで傷心旅行中に野宿する貧乏親子を発見→特性キャンプ飯をご馳走した結果...傑作5選【ゆっくり】,2024-01-10,77050,1200,10,2024-01-13,調査_馴れ初め_20240107:直近1か月,competitor_sheet_archive,https://i.ytimg.com/vi/ege8ejFY0DM/maxresdefault.jpg,,
bGfbqV-PeqY,,思い出のゆっくり2ch,【2ch馴れ初め】「卒業までご迷惑をおかけします…」好きだった幼馴染の親が会社倒産にあい…卒業まで俺の家に住むことになった結果…,2023-12-29,76030,1580,10,2024-01-13,調査_馴れ初め_20240107:直近1か月,competitor_sheet_archive,https://i.ytimg.com/vi/bGfbqV-PeqY/maxresdefault.jpg,,
b65nUtPuRsQ,,2ch純愛物語,【2ch馴れ初め】真冬なのにボロボロの夏服で歩く貧乏転校生→亡き姉のお下がりをあげた結果…【ゆっくり】,2024-01-10,75740,2050,40,2024-01-13,調査_馴れ初め_20240107:直近1か月,competitor_sheet_archive,https://i.ytimg.com/vi/b65nUtPuRsQ/maxresdefault.jpg,,
rnTG5IzfA7g,,2ch馴れ初め秘話【別館】,【2ch馴れ初め】パチンコ屋で知り合った巨乳美女に次に大当たりが来たら寝てあげると誘われた結果 #恋愛 #2chSS #ラブストーリー #ゆっくり #2ch馴れ初め #スカッと #感動する話,2024-01-06,73130,380,10,2024-01-13,調査_馴れ初め_20240107:直近1か月,competitor_sheet_archive,https://i.ytimg.com/vi/rnTG5IzfA7g/maxresdefault.jpg,,
nRLUVf-j3e4,,2ch 馴れ初め白書,【2ch馴れ初め】誰にも評価されず夢を諦めホームレスになった俺が公園で涙ぐむ少女に、絵が上手くなるコツを教えてあげた結果… 【ゆっくり】,2024-01-10,72350,1960,60,2024-01-13,調査_馴れ初め_20240107:直近1か月,competitor_sheet_archive,https://i.ytimg.com/vi/nRLUVf-j3e4/maxresdefault.jpg,,
fUMbojqmwFw,,思い出のゆっくり2ch,【2ch馴れ初め】「助けたら試験に間に合わない！でも…」大事なテストに向かう途中に、迷子の女の子を発見。自分のことを顧みず助けた結果…,2024-01-11,72350,2140,50,2024-01-13,調査_馴れ初め_20240107:直近1か月,competitor_sheet_archive,https://i.ytimg.com/vi/fUMbojqmwFw/maxresdefault.jpg,,
hOORBbXCiXI,,2ch馴れ初メモリアル,【2ch 馴れ初め】俺のタイプの可愛い店員だけ狙ってエ〇本を買い続けたら…【ゆっくり解説】,2024-01-12,72140,1190,50,2024-01-13,調査_馴れ初め_20240107:直近1か月,competitor_sheet_archive,https://i.ytimg.com/vi/hOORBbXCiXI/maxresdefault.jpg,,
3I7EMYSeDcw,,馴れ初めは2chから始まった,【2ch馴れ初め】階段前で泣きながら這いつくばる車椅子にのる外国人就活女性→放って置けず会場まで送り届けた結果…【ゆっくり】,2024-01-08,68860,1760,60,2024-01-13,調査_馴れ初め_20240107:直近1か月,competitor_sheet_archive,https://i.ytimg.com/vi/3I7EMYSeDcw/maxresdefault.jpg,,
qXpKuVJbSBE,,大人の馴れ初め話【2chゆっくり】,【2ch 馴れ初め】ヒッチハイクする爆乳美女→「乗せてください！お礼は…」イッチ「まじで？」【ゆっくり解説】,2023-12-15,67800,500,20,2024-01-13,調査_馴れ初め_20240107:直近1か月,competitor_sheet_archive,https://i.ytimg.com/vi/qXpKuVJbSBE/maxresdefault.jpg,,
F_W4xpZdvOs,,2ch馴れ初め物語,【2ch馴れ初め】姉夫婦が事故で他界し、残された4歳の姪っ子を引き取った俺 → 夜怖くて眠れないと大泣きしていた所を隣に住む美人幼馴染が駆けつけてくれた結果【ゆっくり】,2024-01-05,63320,740,00,2024-01-13,調査_馴れ初め_20240107:直近1か月,competitor_sheet_archive,https://i.ytimg.com/vi/F_W4xpZdvOs/maxresdefault.jpg,,
nyDubgvN7S4,,Dinesh Kumar,【馴れ初め】皆が恐れるツンデレ美人上司が、酔い潰れたので送ると、妻「いいですか？」俺「減るもんじゃないので 」,2023-12-23,62950,300,00,2024-01-13,調査_馴れ初め_20240107:直近1か月,competitor_sheet_archive,https://i.ytimg.com/vi/nyDubgvN7S4/maxresdefault.jpg,,
Jdo_7qlmmi8,,馴れ初めは2chから始まった,【2ch馴れ初め】雪山で息子と無理心中しようとするボロボロシングルマザー→放っておけず保護して家に連れて帰った結果...傑作5選【ゆっくり】,2024-01-08,61880,1540,00,2024-01-13,調査_馴れ初め_20240107:直近1か月,competitor_sheet_archive,https://i.ytimg.com/vi/Jdo_7qlmmi8/maxresdefault.jpg,,
11-58VVAju0,,夜のひと馴れ初め,【2ch 馴れ初め】シンママ美人キャバ嬢に一目ぼれしたら同じ会社の地味熟女だった結果【ゆっくり解説】,2024-01-11,61770,580,00,2024-01-13,調査_馴れ初め_20240107:直近1か月,competitor_sheet_archive,https://i.ytimg.com/vi/11-58VVAju0/maxresdefault.jpg,,
RF0zMExr1b8,,あなたと私の恋ばなし,【2ch馴れ初め】息子と一緒に家の庭でBBQをしていたら→ボロボロの盲目女性が突然突入した結果…【伝説のスレ】,2023-12-10,61760,1750,30,2024-01-13,調査_馴れ初め_20240107:直近1か月,competitor_sheet_archive,https://i.ytimg.com/vi/RF0zMExr1b8/maxresdefault.jpg,,
7HAny8xaJ8M,,叡智な馴れ初め物語,【2ch馴れ初め】憧れだった美人上司に勇気を出して「○○させて」とお願いして家に誘った結果,2024-01-10,61090,650,00,2024-01-13,調査_馴れ初め_20240107:直近1か月,competitor_sheet_archive,https://i.ytimg.com/vi/7HAny8xaJ8M/maxresdefault.jpg,,
QdK9oxLRM2c,,2ch馴れ初めプランナー,【2ch馴れ初め】誰も買わない手作りおにぎりを売る見た目のヤバい貧困親子→社食にと社長にかけあい契約した結果【総集編・作業用】【ゆっくり解説】,2024-01-11,59950,1450,20,2024-01-13,調査_馴れ初め_20240107:直近1か月,competitor_sheet_archive,https://i.ytimg.com/vi/QdK9oxLRM2c/maxresdefault.jpg,,
b1FUkwDsHYM,,叡智な馴れ初め物語,【2ch馴れ初め】電車で会ったヤンキーのJKが電車で我慢できないと迫られた結果,2024-01-08,59030,690,00,2024-01-13,調査_馴れ初め_20240107:直近1か月,competitor_sheet_archive,https://i.ytimg.com/vi/b1FUkwDsHYM/maxresdefault.jpg,,
EkWKOvAGxJ0,,感動スカイ,【感動する話・馴れ初め】10年ぶりに田舎に帰り働く俺。ある日、妊婦を助け診療所に駆け込むと美人女医に声をかけられ「あなた！もしかして？」後日、女医が恥ずかしそうに思わぬ言葉を…【泣ける話】【いい話】,2024-01-05,58860,560,20,2024-01-13,調査_馴れ初め_20240107:直近1か月,competitor_sheet_archive,https://i.ytimg.com/vi/EkWKOvAGxJ0/maxresdefault.jpg,,
RIQ9VPP2KFQ,,2ch 馴れ初め白書,【2ch馴れ初め】タダ券で頼んだ茶碗蒸しを分け合う貧乏親子→見習いの俺が盛り合わせを握った結果… 【ゆっくり】,2024-01-07,56270,1880,70,2024-01-13,調査_馴れ初め_20240107:直近1か月,competitor_sheet_archive,https://i.ytimg.com/vi/RIQ9VPP2KFQ/maxresdefault.jpg,,
Guyz7IXU4FE,,思い出のゆっくり2ch,【2ch馴れ初め】ずっと片思いしていた女性が結婚し絶望する俺。慰めてくれた同僚が急にアプローチしてきた結果…,2024-01-10,54370,1180,00,2024-01-13,調査_馴れ初め_20240107:直近1か月,competitor_sheet_archive,https://i.ytimg.com/vi/Guyz7IXU4FE/maxresdefault.jpg,,
rb9yFSgnbbg,,2ch馴れ初め劇場,【2ch馴れ初め】潰れかけのボロボロなパ屋を必死に経営する 貧乏親子→ 会社経営してる俺が社員の為に買い占めた結果【ゆっくり解説 】,2024-01-08,54230,1120,30,2024-01-13,調査_馴れ初め_20240107:直近1か月,competitor_sheet_archive,https://i.ytimg.com/vi/rb9yFSgnbbg/maxresdefault.jpg,,
dYRlfX3-ZfQ,,2ch風馴初め物語,【2ch 馴れ初め】美人女上司と不〇行為中をおっ〇いが大きい同僚に見られた結果…,2023-12-12,52600,560,00,2024-01-13,調査_馴れ初め_20240107:直近1か月,competitor_sheet_archive,https://i.ytimg.com/vi/dYRlfX3-ZfQ/maxresdefault.jpg,,
M5Ft_p6I2Ag,,2ch馴れ初め 婚ちゃんねる,【2ch馴れ初め】チビでいじめられてる男子高生→高身長美人ヤンキーJKになぜか優しめのパシリにされた結果...【ゆっくり】,2024-01-05,51770,710,20,2024-01-13,調査_馴れ初め_20240107:直近1か月,competitor_sheet_archive,https://i.ytimg.com/vi/M5Ft_p6I2Ag/maxresdefault.jpg,,
sMhx2UYR0vo,,2ch馴れ初めヒストリー,【2ch馴れ初め】唯一の肉親を亡くし親戚中たらい回しの盲目少女→超合理的で有名な俺が初めて感情的になった結果...【ゆっくり】,2024-01-08,51760,1620,20,2024-01-13,調査_馴れ初め_20240107:直近1か月,competitor_sheet_archive,https://i.ytimg.com/vi/sMhx2UYR0vo/maxresdefault.jpg,,
m9piakt5jzI,,馴れ初めは2chから始まった,【2ch馴れ初め】閉鎖した田舎の診療所の前で衰弱している弟を抱えて慌てる不良女子高生→夜勤明けの看護師の俺が応急処置した結果…傑作5選【ゆっくり】,2024-01-09,51240,940,00,2024-01-13,調査_馴れ初め_20240107:直近1か月,competitor_sheet_archive,https://i.ytimg.com/vi/m9piakt5jzI/maxresdefault.jpg,,
fDYUg-8Dgzo,,2ch馴れ初め秘話,【2ch馴れ初め】あだ名が「びしょ濡れ姫」の同僚を助ける名目でめちゃくちゃにした結果【新作あり】#恋愛話 #2chSS #感動する話 #ゆっくり #スカッと #2ch馴れ初め,2024-01-07,49930,460,00,2024-01-13,調査_馴れ初め_20240107:直近1か月,competitor_sheet_archive,https://i.ytimg.com/vi/fDYUg-8Dgzo/maxresdefault.jpg,,
j8T5RUqfbu8,,2ch馴れ初め日記帳,【2ch馴れ初め】駅で倒れてた老人を助けたらヤクザだった。お礼に組長から孫娘を紹介された結果…【ゆっくり】,2024-01-11,47140,1230,30,2024-01-13,調査_馴れ初め_20240107:直近1か月,competitor_sheet_archive,https://i.ytimg.com/vi/j8T5RUqfbu8/maxresdefault.jpg,,
NZODF-GFFSE,,2ch 馴れ初め白書,【2ch馴れ初め】駅の改札前で呆然と彷徨う少女→ 放っておけず大事な面接に遅刻した結果… 【ゆっくり】,2024-01-08,45160,1180,20,2024-01-13,調査_馴れ初め_20240107:直近1か月,competitor_sheet_archive,https://i.ytimg.com/vi/NZODF-GFFSE/maxresdefault.jpg,,
Brx7-yzSkQU,,2ch馴れ初めキューピッド,【2ch馴れ初め】給食をこっそり持ち帰るヤンキー女、弁当屋息子の俺が売れ残りをあげた結果...【ゆっくり】,2024-01-10,45080,1210,20,2024-01-13,調査_馴れ初め_20240107:直近1か月,competitor_sheet_archive,https://i.ytimg.com/vi/Brx7-yzSkQU/maxresdefault.jpg,,
x4EvNobZlrY,,大人の馴れ初め話【2chゆっくり】,【2ch 馴れ初め】混浴で爆乳美熟女に背中を洗われた→美女「次は前も」 俺「え？そこは！」俺の前も洗い出した結果ｗｗｗ【ゆっくり解説】,2024-01-12,42960,420,20,2024-01-13,調査_馴れ初め_20240107:直近1か月,competitor_sheet_archive,https://i.ytimg.com/vi/x4EvNobZlrY/maxresdefault.jpg,,
224JrAxvYAg,,2ch馴れ初め劇場,【2ch馴れ初め】毎ロデートに誘ってくる弁当屋の → 美女店員を拒否し続けた結果...【ゆっくり解説 】,2023-12-28,41800,520,10,2024-01-13,調査_馴れ初め_20240107:直近1か月,competitor_sheet_archive,https://i.ytimg.com/vi/224JrAxvYAg/maxresdefault.jpg,,
amEylkSWqEM,,2ch馴れ初め秘話【別館】,【2ch馴れ初め】普段はクールな美人上司がお酒の勢いで俺のデリケートゾーンをいじいじしてきた結果… #恋愛 #2chSS #ラブストーリー #ゆっくり #2ch馴れ初め #スカッと #感動する話,2024-01-10,41160,280,00,2024-01-13,調査_馴れ初め_20240107:直近1か月,competitor_sheet_archive,https://i.ytimg.com/vi/amEylkSWqEM/maxresdefault.jpg,,
0CV_7MCtuWk,,ときめき馴れ初めノート,【2ch馴れ初め】実は元暴走族総長 現底辺清掃員な俺がキモ社長からセクハラを受ける美女を、クビ覚悟で救った結果【ゆっくり】,2023-12-22,41120,1020,40,2024-01-13,調査_馴れ初め_20240107:直近1か月,competitor_sheet_archive,https://i.ytimg.com/vi/0CV_7MCtuWk/maxresdefault.jpg,,
TKzYTFVyyuc,,2ch馴れ初めヒストリー,【2ch馴れ初め】職場で仕事を押し付けられ嫌がらせを受けている後輩社員→売上No 1の俺が一緒に残って手伝った結果...【ゆっくり】,2024-01-12,39720,1270,10,2024-01-13,調査_馴れ初め_20240107:直近1か月,competitor_sheet_archive,https://i.ytimg.com/vi/TKzYTFVyyuc/maxresdefault.jpg,,
c_Q3U4ZP-AA,,馴れ初めは2chから始まった,【2ch馴れ初め】一人鍋をしている最中に突然現れた雪の上を裸足で歩く白人の少女→家に保護してちゃんこ鍋をご馳走した結果...傑作5選【ゆっくり】,2024-01-12,39560,720,20,2024-01-13,調査_馴れ初め_20240107:直近1か月,competitor_sheet_archive,https://i.ytimg.com/vi/c_Q3U4ZP-AA/maxresdefault.jpg,,
KKAk_oxoT1s,,Dinesh Kumar,【馴れ初め】社内一の美人上司に「絶対幸せにします！」と、告白すると。妻「秘密を見せるわ」突然上着を脱ぎ始め,2023-12-24,38730,250,00,2024-01-13,調査_馴れ初め_20240107:直近1か月,competitor_sheet_archive,https://i.ytimg.com/vi/KKAk_oxoT1s/maxresdefault.jpg,,
GPr3BJj9k5A,,2ch馴れ初めプランナー,【2ch馴れ初め】凄まじい異臭を放つ貧乏転校生→俺んちの銭湯で働いてもらった結果【ゆっくり解説】,2023-09-05,22926990,173680,9180,2024-01-07,調査_馴れ初め_20240107:動画_1年分,competitor_sheet_archive,https://i.ytimg.com/vi/GPr3BJj9k5A/maxresdefault.jpg,,
LDsUdvylXt4,,ムフフな馴れ初め【2chゆっくり】,【2ch馴れ初め】樹海でジ〇ツをしようとしていた美熟女「嫌なことばかりで…」→自宅に保護した【ゆっくり解説】,2023-12-01,20389360,168620,7490,2024-01-07,調査_馴れ初め_20240107:動画_1年分,competitor_sheet_archive,https://i.ytimg.com/vi/LDsUdvylXt4/maxresdefault.jpg,,
q9QAgnNew8c,,2ch馴れ初めにゃんこ【ゆっくり】,【2ch馴れ初め】遭難してた女を見捨てた俺、なぜか結婚…今回は遭難していた女性との長い長い馴れ初めエピソードです。,2023-02-13,16788380,170950,9470,2024-01-07,調査_馴れ初め_20240107:動画_1年分,competitor_sheet_archive,https://i.ytimg.com/vi/q9QAgnNew8c/maxresdefault.jpg,,
4VzhmnPDgpc,,涙のひと馴れ初め,【2ch 馴れ初め】中2のある日、向かいに住む女幼馴染がお風呂上がり→オ◯ニーしているのを見てしまった結果【ゆっくり解説】,2023-06-28,16406410,75620,3120,2024-01-07,調査_馴れ初め_20240107:動画_1年分,competitor_sheet_archive,https://i.ytimg.com/vi/4VzhmnPDgpc/maxresdefault.jpg,,
diuD5Osiv7w,,水曜日の2ch馴れ初め話,【2ch 馴れ初め】毎日くる美人熟女がしつこいので→白目◯いれくれたら買うと行った結果...【ゆっくり解説】,2023-10-02,8472490,23110,720,2024-01-07,調査_馴れ初め_20240107:動画_1年分,competitor_sheet_archive,https://i.ytimg.com/vi/diuD5Osiv7w/maxresdefault.jpg,,
tQN-EyVxxUY,,感動の馴れ初めばなし,【2ch馴れ初め】深夜、豪雨の中泣きながらバスを待ってる外国人→放っておけず家に泊まらせた結果...【伝説のスレ】,2023-04-26,8348990,70020,2240,2024-01-07,調査_馴れ初め_20240107:動画_1年分,competitor_sheet_archive,https://i.ytimg.com/vi/tQN-EyVxxUY/maxresdefault.jpg,,
YqhCPdOUJzc,,2ch馴れ初めストーリー,【2ch馴れ初め】幼馴染と風呂場で鉢合わせに、デカメロン丸出しの幼馴染から「一緒に入ろ」と誘われた結果【ゆっくり】,2023-06-26,8339220,30000,930,2024-01-07,調査_馴れ初め_20240107:動画_1年分,competitor_sheet_archive,https://i.ytimg.com/vi/YqhCPdOUJzc/maxresdefault.jpg,,
8FXEkju2MWs,,2ch馴れ初めストーリー,【2ch馴れ初め】風呂屋で出会った熟女に誘われて旅行に行ってみた結果【ゆっくり】,2023-05-19,7316290,16300,520,2024-01-07,調査_馴れ初め_20240107:動画_1年分,competitor_sheet_archive,https://i.ytimg.com/vi/8FXEkju2MWs/maxresdefault.jpg,,
wDGG1OoNrtM,,涙のひと馴れ初め,【2ch 馴れ初め】妹が全●でオ⚫︎ニーしている姿に遭遇→泣きながらお風呂に突入してきた結果…【ゆっくり解説】,2023-08-26,7240140,38800,970,2024-01-07,調査_馴れ初め_20240107:動画_1年分,competitor_sheet_archive,https://i.ytimg.com/vi/wDGG1OoNrtM/maxresdefault.jpg,,
3jYyFQA3Q3s,,2ch AVENGERS,【2ch馴れ初め】童○ニート風○へ行く,2023-04-05,7056740,45660,3700,2024-01-07,調査_馴れ初め_20240107:動画_1年分,competitor_sheet_archive,https://i.ytimg.com/vi/3jYyFQA3Q3s/maxresdefault.jpg,,
8AmPsR6iQsc,,2ch馴れ初めスレ速報,【2ch馴れ初め】幼馴染と風呂に入ったら俺の息子が暴走した結果・・・【ゆっくり】,2023-08-10,6987620,35470,460,2024-01-07,調査_馴れ初め_20240107:動画_1年分,competitor_sheet_archive,https://i.ytimg.com/vi/8AmPsR6iQsc/maxresdefault.jpg,,
3vjwAIEFb6o,,2ch 本当にあった馴れ初め通信,【2ch馴れ初め】不倫して出ていった元嫁の義母が、償いとして家に来た結果...【ゆっくり】,2023-07-28,5960100,20300,920,2024-01-07,調査_馴れ初め_20240107:動画_1年分,competitor_sheet_archive,https://i.ytimg.com/vi/3vjwAIEFb6o/maxresdefault.jpg,,
hnONc9a0J84,,感動の馴れ初めばなし,【2ch馴れ初め】誰も寄り付かない貧乏でボロボロの転校生におにぎりを握って持っていった結果...【伝説のスレ】,2023-03-30,5739880,89640,4470,2024-01-07,調査_馴れ初め_20240107:動画_1年分,competitor_sheet_archive,https://i.ytimg.com/vi/hnONc9a0J84/maxresdefault.jpg,,
jAudZJ5l4Cc,,大人の馴れ初め話【2chゆっくり】,【2ch 馴れ初め】パチンコで爆負け中の美女に玉上げるからどう？とお願いしてみた結果ｗ【ゆっくり解説】,2023-09-29,5094790,11440,1090,2024-01-07,調査_馴れ初め_20240107:動画_1年分,competitor_sheet_archive,https://i.ytimg.com/vi/jAudZJ5l4Cc/maxresdefault.jpg,,
24dfScz8CkQ,,2ch馴れ初めスレ速報,【2ch馴れ初め】脱毛の施術中、息子をサワサワされて大噴火した結果・・・【ゆっくり】,2023-07-28,5062860,38200,890,2024-01-07,調査_馴れ初め_20240107:動画_1年分,competitor_sheet_archive,https://i.ytimg.com/vi/24dfScz8CkQ/maxresdefault.jpg,,
5Xf65qXaHWM,,2ch 馴れ初め白書,【2ch馴れ初め】極寒の夜、財布を届けてくれた女性ホームレス→お礼に温かいご飯を腹いっぱい食べさせた結果…【ゆっくり】,2023-11-10,5027050,101910,3700,2024-01-07,調査_馴れ初め_20240107:動画_1年分,competitor_sheet_archive,https://i.ytimg.com/vi/5Xf65qXaHWM/maxresdefault.jpg,,
4n4gN4xnWmo,,2ch馴れ初めヒストリー,【2ch馴れ初め】弟を塾に行かせる為に昼食を我慢する学校一の貧乏不良同級生→料理上手な俺が毎日山盛り弁当を作った結果...【ゆっくり】,2023-12-08,4995150,52980,2050,2024-01-07,調査_馴れ初め_20240107:動画_1年分,competitor_sheet_archive,https://i.ytimg.com/vi/4n4gN4xnWmo/maxresdefault.jpg,,
ocBM9N8xs5Q,,思い出のゆっくり2ch,【2ch伝説の馴れ初め】「しれとこ～！」「ダメだ…見事に逆走してる！！」フィンランド人の18歳少女の自転車旅行にお供した結果… #2ch名作 自転車で旅に出たら人生変わった #2ch伝説のスレ,2023-06-25,4925180,81140,3060,2024-01-07,調査_馴れ初め_20240107:動画_1年分,competitor_sheet_archive,https://i.ytimg.com/vi/ocBM9N8xs5Q/maxresdefault.jpg,,
pnaQvMMZ6aw,,2ch馴れ初めで愛を語る,【2ch馴れ初め】大人が使うアレが抜けないと泣いて電話してきた幼馴染 俺が引っ張って助けた結果,2023-08-28,4921230,21890,450,2024-01-07,調査_馴れ初め_20240107:動画_1年分,competitor_sheet_archive,https://i.ytimg.com/vi/pnaQvMMZ6aw/maxresdefault.jpg,,
QthYo1NN5Cw,,2ch馴れ初めプランナー,【2ch馴れ初め】写真がブスな女ととりあえずお見合い→やっぱりブスで断ろうとした結果【ゆっくり解説】,2023-08-20,4729210,33920,2090,2024-01-07,調査_馴れ初め_20240107:動画_1年分,competitor_sheet_archive,https://i.ytimg.com/vi/QthYo1NN5Cw/maxresdefault.jpg,,
Sf-blpMGQZo,,2ch 馴れ初め天国,【2ch馴れ初め】セク依存の姉と2人で生活したら毎晩襲われるハメに…誰もが予想しなかった驚きの結末！【ゆっくり解説】,2023-07-01,3914800,13500,470,2024-01-07,調査_馴れ初め_20240107:動画_1年分,competitor_sheet_archive,https://i.ytimg.com/vi/Sf-blpMGQZo/maxresdefault.jpg,,
n_XaRARM1ME,,涙のひと馴れ初め,【2ch 馴れ初め】風◯店に行ったら隣人の美人熟女が担当に→ワイの初体験を捧げたらなぜか号泣されたんだが…w【ゆっくり解説】,2023-06-17,3872530,15320,360,2024-01-07,調査_馴れ初め_20240107:動画_1年分,competitor_sheet_archive,https://i.ytimg.com/vi/n_XaRARM1ME/maxresdefault.jpg,,
aAjFQyMAodQ,,涙のひと馴れ初め,【2ch 馴れ初め】母子家庭の友達の家でお泊まり。お風呂中に泥酔したお母さんが全ネ果で入ってきて→◯ったのを見られた結果…,2023-06-22,3797680,12700,450,2024-01-07,調査_馴れ初め_20240107:動画_1年分,competitor_sheet_archive,https://i.ytimg.com/vi/aAjFQyMAodQ/maxresdefault.jpg,,
9ruyeSj4iz0,,2ch馴れ初メロディー,【2ch馴れ初め】発育がすごい小6の義妹「おっ〇い重いよぉ～」と見せてきたのを凝視してしまった結果【ゆっくり解説】,2023-11-15,3796230,34720,00,2024-01-07,調査_馴れ初め_20240107:動画_1年分,competitor_sheet_archive,https://i.ytimg.com/vi/9ruyeSj4iz0/maxresdefault.jpg,,
Pkrk0BW6PGA,,馴れ初めロマンティック,【2ch 馴れ初め】幼馴染「一緒にお風呂入ろ…」→初◯◯した結果…【ゆっくり解説】,2023-12-06,3782610,11860,100,2024-01-07,調査_馴れ初め_20240107:動画_1年分,competitor_sheet_archive,https://i.ytimg.com/vi/Pkrk0BW6PGA/maxresdefault.jpg,,
D_7T62FqPJ8,,2chしあわせのなれそめ,【2ch馴れ初め】隣に住む貧乏ＪＤがガリガリだったので料理を振舞っていたらムチムチ美女になった【ゆっくり解説】,2023-05-06,3518670,37970,1190,2024-01-07,調査_馴れ初め_20240107:動画_1年分,competitor_sheet_archive,https://i.ytimg.com/vi/D_7T62FqPJ8/maxresdefault.jpg,,
RG1BLpuNToY,,俺たちの馴れ初め,【2ch馴れ初め】中学2年の夏、プールの授業で着替える同級生女子→思わずアソコを見てしまった結果…【ゆっくり】,2023-08-27,3413280,24280,810,2024-01-07,調査_馴れ初め_20240107:動画_1年分,competitor_sheet_archive,https://i.ytimg.com/vi/RG1BLpuNToY/maxresdefault.jpg,,
UyOsMxJZ7vY,,2ch馴れ初め通信,【2ch馴れ初め】俺の経営する民宿に素泊まりで来た貧乏母子、取れたての魚料理をご馳走した結果 【ゆっくり】,2023-06-21,3383700,26560,590,2024-01-07,調査_馴れ初め_20240107:動画_1年分,competitor_sheet_archive,https://i.ytimg.com/vi/UyOsMxJZ7vY/maxresdefault.jpg,,
UJWJJfRczdc,,2chなれそめストーリー,【2ch馴れ初め】ケンカに敗けたヤンキーに手を出した結果【ゆっくり解説】,2023-09-22,3358560,21140,280,2024-01-07,調査_馴れ初め_20240107:動画_1年分,competitor_sheet_archive,https://i.ytimg.com/vi/UJWJJfRczdc/maxresdefault.jpg,,
ZkoUfdXNxYU,,俺たちの馴れ初め,【2ch馴れ初め】宅飲み中に寝てしまった美人上司がまさかのノーパンだった→つい〇〇を舐めてしまった結果…【ゆっくり】,2023-12-15,3347800,20670,290,2024-01-07,調査_馴れ初め_20240107:動画_1年分,competitor_sheet_archive,https://i.ytimg.com/vi/ZkoUfdXNxYU/maxresdefault.jpg,,
kDms6uauDGM,,2ch馴れ初めロマンス,【2ch馴れ初め】家出したらDカップ美人のお姉さんに拾われ七日間一緒に過ごした結果【ゆっくり】,2023-05-21,3316270,36620,1080,2024-01-07,調査_馴れ初め_20240107:動画_1年分,competitor_sheet_archive,https://i.ytimg.com/vi/kDms6uauDGM/maxresdefault.jpg,,
ClirAoQnJqk,,あなたと私の恋ばなし,【2ch馴れ初め】突然の豪雨で帰れなくなる…無表情の女上司の自宅が近いので泊まることになった結果…【伝説のスレ】,2023-05-27,3309270,16330,180,2024-01-07,調査_馴れ初め_20240107:動画_1年分,competitor_sheet_archive,https://i.ytimg.com/vi/ClirAoQnJqk/maxresdefault.jpg,,
L3eZqcnRkkc,,思い出のゆっくり2ch,【2ch馴れ初め】「あれ？私の人生終わったと思ったのに…」親の借金のせいでデブなブサ男と結婚させられた結果…,2023-09-11,3281510,39640,1450,2024-01-07,調査_馴れ初め_20240107:動画_1年分,competitor_sheet_archive,https://i.ytimg.com/vi/L3eZqcnRkkc/maxresdefault.jpg,,
hIY4PblHLU0,,2chしあわせのなれそめ,【2ch馴れ初め】料理をしていたら泥酔した隣人が部屋に侵入してきた【ゆっくり解説】,2023-02-17,3259810,27550,930,2024-01-07,調査_馴れ初め_20240107:動画_1年分,competitor_sheet_archive,https://i.ytimg.com/vi/hIY4PblHLU0/maxresdefault.jpg,,
-B-F_WL3vLM,,人類の希望チャンネル,母友と生で【2ch馴れ初め】,2023-11-30,3137810,9350,240,2024-01-07,調査_馴れ初め_20240107:動画_1年分,competitor_sheet_archive,https://i.ytimg.com/vi/-B-F_WL3vLM/maxresdefault.jpg,,
SMTqg596aJw,,2chほっこり馴れ初め話,【2ch馴れ初め】一人暮らしの幼馴染が腕を骨折したので、毎日お風呂で洗ってあげた結果…【ゆっくり】,2023-06-23,3126920,14590,160,2024-01-07,調査_馴れ初め_20240107:動画_1年分,competitor_sheet_archive,https://i.ytimg.com/vi/SMTqg596aJw/maxresdefault.jpg,,
jFPy6OJ_sdQ,,2ch純愛物語,【2ch馴れ初め】 制服が買えず毎日ジャージで登校する貧乏女 姉のお下がりをプレゼントした結果…【ゆっくり】,2023-06-28,3117690,40910,1680,2024-01-07,調査_馴れ初め_20240107:動画_1年分,competitor_sheet_archive,https://i.ytimg.com/vi/jFPy6OJ_sdQ/maxresdefault.jpg,,
bqsMLl3dWxc,,俺たちの馴れ初め,【2ch馴れ初め】更衣室でパ〇ツの匂いを嗅いでたら 同僚にバレた→ 〇〇を舐めさせられた結果…【ゆっくり】,2023-12-23,3111290,16200,310,2024-01-07,調査_馴れ初め_20240107:動画_1年分,competitor_sheet_archive,https://i.ytimg.com/vi/bqsMLl3dWxc/maxresdefault.jpg,,
IZapCKj73DY,,2chしあわせのなれそめ,【2ch馴れ初め】夜勤明けの帰り道にボロボロのヤンキーJKがいた→心配で助けた結果【ゆっくり解説】,2023-03-15,3101670,29100,690,2024-01-07,調査_馴れ初め_20240107:動画_1年分,competitor_sheet_archive,https://i.ytimg.com/vi/IZapCKj73DY/maxresdefault.jpg,,
21EpCT98NLo,,思い出のゆっくり2ch,【2ch馴れ初め】低学歴はブスの相手なww 合コンで地味な女と二人きりになった結果…後日、彼女の正体が判明し…,2023-10-11,3094410,36430,1220,2024-01-07,調査_馴れ初め_20240107:動画_1年分,competitor_sheet_archive,https://i.ytimg.com/vi/21EpCT98NLo/maxresdefault.jpg,,
rcM2bym6n-c,,2chしあわせのなれそめ,【2ch馴れ初め】テントに戻ると見知らぬ遭難美女が全○で寝ていた【ゆっくり解説】,2023-03-30,3087760,23870,610,2024-01-07,調査_馴れ初め_20240107:動画_1年分,competitor_sheet_archive,https://i.ytimg.com/vi/rcM2bym6n-c/maxresdefault.jpg,,
sV2D4QDzsNg,,2chなれそめストーリー,【2ch馴れ初め】風呂でくつろいでいたら泥酔した全裸の美少女が乱入してきた【ゆっくり解説】,2023-04-25,3086400,19750,440,2024-01-07,調査_馴れ初め_20240107:動画_1年分,competitor_sheet_archive,https://i.ytimg.com/vi/sV2D4QDzsNg/maxresdefault.jpg,,
7FtlWLJz_hc,,マニマニピーポー,【漫画】ドS御曹司とドMメイドの濃厚な馴れ初め、ドMメイドが大富豪の使用人になった理由とは？,2023-12-10,3028880,29080,520,2024-01-07,調査_馴れ初め_20240107:動画_1年分,competitor_sheet_archive,https://i.ytimg.com/vi/7FtlWLJz_hc/maxresdefault.jpg,,
pg_QtHt2mYc,,2chなれそめストーリー,【2ch馴れ初め】社員旅行で美人上司が泥酔、浴衣の下に何も履いていなかった結果【ゆっくり】,2023-10-19,3009610,14120,190,2024-01-07,調査_馴れ初め_20240107:動画_1年分,competitor_sheet_archive,https://i.ytimg.com/vi/pg_QtHt2mYc/maxresdefault.jpg,,
OgWRcIqrA2E,,感動の馴れ初めばなし,【2ch馴れ初め】山登りが好きな俺。ナイトハイクをしていると、目の前にボロボロのギャルが...ギャルが苦手な内気な俺は遭難しているボロボロのギャルを見捨てる→が、なぜか結婚することに【伝説のスレ】,2023-04-05,3001690,25860,530,2024-01-07,調査_馴れ初め_20240107:動画_1年分,competitor_sheet_archive,https://i.ytimg.com/vi/OgWRcIqrA2E/maxresdefault.jpg,,
piRgberZx0k,,2ch純愛物語,【2ch馴れ初め】取引先で周りから罵声を浴びている美人清掃員が幼馴染だったので声をかけた結果…【ゆっくり】,2023-05-24,2922550,31490,1350,2024-01-07,調査_馴れ初め_20240107:動画_1年分,competitor_sheet_archive,https://i.ytimg.com/vi/piRgberZx0k/maxresdefault.jpg,,
STD6GN5Bihg,,大人の馴れ初め話【2chゆっくり】,【2ch 馴れ初め】旅行先でジサツ直前の熟女を発見→熟女「もう限界なの！」俺「僕に任せて」→おもちかえりした【ゆっくり解説】,2023-10-09,2888160,12020,380,2024-01-07,調査_馴れ初め_20240107:動画_1年分,competitor_sheet_archive,https://i.ytimg.com/vi/STD6GN5Bihg/maxresdefault.jpg,,
Enua9vb3nNU,,涙のひと馴れ初め,【2ch 馴れ初め】経費で風◯に行ったことが経理の美人上司にバレた→泣きながら何度も◯かれた結果… 【ゆっくり解説】,2023-11-13,2886540,15780,480,2024-01-07,調査_馴れ初め_20240107:動画_1年分,competitor_sheet_archive,https://i.ytimg.com/vi/Enua9vb3nNU/maxresdefault.jpg,,
Tab2xZ0cKvY,,俺たちの馴れ初め,【2ch馴れ初め】映画鑑賞中に手を掴んできた女友達が俺の手をパンツの中に入れた結果…【ゆっくり】,2023-08-19,2885740,11950,250,2024-01-07,調査_馴れ初め_20240107:動画_1年分,competitor_sheet_archive,https://i.ytimg.com/vi/Tab2xZ0cKvY/maxresdefault.jpg,,
rYmk0fvJGUc,,大人の馴れ初め話【2chゆっくり】,【2ch 馴れ初め】女性「私の身体をみてもほんとうに抱ける？」俺「勿論」→女性の身体を見るとそこには…【ゆっくり解説】,2023-11-26,2876750,15580,260,2024-01-07,調査_馴れ初め_20240107:動画_1年分,competitor_sheet_archive,https://i.ytimg.com/vi/rYmk0fvJGUc/maxresdefault.jpg,,
6YvkIfxsIwk,,2chなれそめストーリー,【2ch馴れ初め】取引先の女社長に頼まれてお見合いに行ったら、本人が登場した結果【ゆっくり解説】,2023-05-24,2775590,18920,320,2024-01-07,調査_馴れ初め_20240107:動画_1年分,competitor_sheet_archive,https://i.ytimg.com/vi/6YvkIfxsIwk/maxresdefault.jpg,,
_XNpHCP5DUo,,感動の馴れ初めばなし,【2ch馴れ初め】真夜中、路上で寝ていたホームレス女→「家に来ないか？」と誘った結果...【伝説のスレ】,2023-04-22,2725350,27860,690,2024-01-07,調査_馴れ初め_20240107:動画_1年分,competitor_sheet_archive,https://i.ytimg.com/vi/_XNpHCP5DUo/maxresdefault.jpg,,
3vFlFgn5i6U,,2ch馴れ初メモリアル,【2ch馴れ初め】誰もが恐れるレディース総長が、峠でバイクを転倒させ途方に暮れていたので、たまたま通りかかったバイクオタクの俺が助けた結果・・・,2023-02-26,2640050,24630,1540,2024-01-07,調査_馴れ初め_20240107:動画_1年分,competitor_sheet_archive,https://i.ytimg.com/vi/3vFlFgn5i6U/maxresdefault.jpg,,
PD5zUA3OlrU,,俺たちの馴れ初め,【2ch馴れ初め】泊まりに来ていた姉の親友と脱衣所で鉢合わせ→ ピンクの〇〇〇を見てしまった結果…【ゆっくり】,2023-12-05,2555560,13320,110,2024-01-07,調査_馴れ初め_20240107:動画_1年分,competitor_sheet_archive,https://i.ytimg.com/vi/PD5zUA3OlrU/maxresdefault.jpg,,
pPqGuD4NV18,,2ch純愛物語,【2ch馴れ初め】留年間近の不良同級生に頼み込まれ毎日居残りして勉強を教えた結果…【ゆっくり】,2023-05-20,2534050,25100,1060,2024-01-07,調査_馴れ初め_20240107:動画_1年分,competitor_sheet_archive,https://i.ytimg.com/vi/pPqGuD4NV18/maxresdefault.jpg,,
P8QXsF0SH0o,,青春のエモばなし,【2ch馴れ初め】幼馴染と宅飲みしてたら朝に…できちゃったと言われた結果【伝説のスレ】,2023-06-18,2496790,9100,430,2024-01-07,調査_馴れ初め_20240107:動画_1年分,competitor_sheet_archive,https://i.ytimg.com/vi/P8QXsF0SH0o/maxresdefault.jpg,,
D_xafbamIfU,,2ch馴れ初めスレ速報,【2ch馴れ初め】勉強に疲れ深夜にシャワーを浴びに行くと、生まれたままの姿の美女がいた結果・・・【ゆっくり】,2023-06-10,2496510,18010,320,2024-01-07,調査_馴れ初め_20240107:動画_1年分,competitor_sheet_archive,https://i.ytimg.com/vi/D_xafbamIfU/maxresdefault.jpg,,
0tNkM8FXg2E,,ゆっくり馴れ初め,【2ch馴れ初め】14年前に助けた小学生の女の子。気づかずホテルに行った結果【ゆっくり解説】,2023-04-05,2478000,24020,710,2024-01-07,調査_馴れ初め_20240107:動画_1年分,competitor_sheet_archive,https://i.ytimg.com/vi/0tNkM8FXg2E/maxresdefault.jpg,,
4YQoLjrHWRo,,2ch俺的スレまとめ,【2ch馴れ初め】引っ越してきた隣人はA〇女優だった！飼い犬を介して仲良くなった結果【ゆっくり】,2023-05-30,2477080,19160,500,2024-01-07,調査_馴れ初め_20240107:動画_1年分,competitor_sheet_archive,https://i.ytimg.com/vi/4YQoLjrHWRo/maxresdefault.jpg,,
jsmkYqdaoU0,,2ch馴れ初め通信,【2ch馴れ初め】楽器屋を営む俺の店の楽器を毎日眺めている貧乏中学生、廃棄予定の楽器をプレゼントした結果 【ゆっくり】,2023-06-16,2400050,29530,1540,2024-01-07,調査_馴れ初め_20240107:動画_1年分,competitor_sheet_archive,https://i.ytimg.com/vi/jsmkYqdaoU0/maxresdefault.jpg,,
U3i3-FaWvSQ,,101回目の馴れ初め,【2ch馴れ初め】幼馴染の引越しを手伝っている時、大人のおもちゃを見つけた結果…【ゆっくり解説】,2023-07-28,2388180,22030,900,2024-01-07,調査_馴れ初め_20240107:動画_1年分,competitor_sheet_archive,https://i.ytimg.com/vi/U3i3-FaWvSQ/maxresdefault.jpg,,
Of6Wsg14vNg,,俺たちの馴れ初め,【2ch馴れ初め】女と思っていない同級生のアソコをふざけて触ったら→急に恥じらう女に変わった結果…【ゆっくり】,2023-09-21,2374200,14070,250,2024-01-07,調査_馴れ初め_20240107:動画_1年分,competitor_sheet_archive,https://i.ytimg.com/vi/Of6Wsg14vNg/maxresdefault.jpg,,
IJOV3N0j8Bs,,大人の馴れ初め話【2chゆっくり】,【2ch 馴れ初め】引っ越し先の隣の部屋から毎日あの声が聞こえる→勇気を出して隣の家へいくと…【ゆっくり解説】,2023-10-01,2362400,9920,290,2024-01-07,調査_馴れ初め_20240107:動画_1年分,competitor_sheet_archive,https://i.ytimg.com/vi/IJOV3N0j8Bs/maxresdefault.jpg,,
0fQD8dfPc-o,,俺たちの馴れ初め,【2ch馴れ初め】ゲームで負けたら何でもすると言った幼馴染に○○〇を見せてと頼んだ結果…【ゆっくり】,2023-12-03,2322580,10210,160,2024-01-07,調査_馴れ初め_20240107:動画_1年分,competitor_sheet_archive,https://i.ytimg.com/vi/0fQD8dfPc-o/maxresdefault.jpg,,
GDZa4gLB-5A,,ムフフな馴れ初め【2chゆっくり】,【2ch馴れ初め】家賃1000円のボロ小屋に住む熟女「どうか仕事をください…」俺「1発1万でどうですか？」→めちゃくちゃヤリまくった結果ｗ【ゆっくり解説】,2023-12-27,2288750,11430,450,2024-01-07,調査_馴れ初め_20240107:動画_1年分,competitor_sheet_archive,https://i.ytimg.com/vi/GDZa4gLB-5A/maxresdefault.jpg,,
FXycKNgb98E,,2ch馴れ初め通信,【2ch馴れ初め】ホームレスへの炊き出しでボランティアをしていると、昔お世話になった上司と再会。上司と娘を家に連れて帰った結果 【ゆっくり】,2023-06-24,2286610,21080,540,2024-01-07,調査_馴れ初め_20240107:動画_1年分,competitor_sheet_archive,https://i.ytimg.com/vi/FXycKNgb98E/maxresdefault.jpg,,
XFrFHDluxYQ,,俺たちの馴れ初め,【2ch馴れ初め】同級生のスカートをめくったら、まさかのノーパンでピンクのアソコを見てしまった結果…【ゆっくり】,2023-08-13,2274800,13400,310,2024-01-07,調査_馴れ初め_20240107:動画_1年分,competitor_sheet_archive,https://i.ytimg.com/vi/XFrFHDluxYQ/maxresdefault.jpg,,
dZYzOQkV5k0,,2ch馴れ初メロディー,【2ch馴れ初め】20歳で初めて行った風◯で高校時代のGカップ女教師が出てきたが→我慢できずヤってしまった結・・・【ゆっくり解説】,2023-11-12,2195910,13370,320,2024-01-07,調査_馴れ初め_20240107:動画_1年分,competitor_sheet_archive,https://i.ytimg.com/vi/dZYzOQkV5k0/maxresdefault.jpg,,
8RXn0QNEo-Y,,2ch馴れ初めムービー,【2ch馴れ初め】毎日具無しパスタを泣きながら食べている貧乏女子高生に、おかずをおすそ分けした結果 【ゆっくり】,2023-06-08,2156370,33240,2170,2024-01-07,調査_馴れ初め_20240107:動画_1年分,competitor_sheet_archive,https://i.ytimg.com/vi/8RXn0QNEo-Y/maxresdefault.jpg,,
QrIM6tGYSSo,,2ch興味深い馴れ初め話,【2ch馴れ初め】中1の夏休み、思春期の幼馴染と俺の部屋でお互いに見せ合った結果【ゆっくり】,2023-09-07,2141210,13770,280,2024-01-07,調査_馴れ初め_20240107:動画_1年分,competitor_sheet_archive,https://i.ytimg.com/vi/QrIM6tGYSSo/maxresdefault.jpg,,
tR6z-zqKw0Y,,2ch純愛物語,【2ch馴れ初め】毎日通ってる弁当屋の無愛想な女性店員→長期出張で暫く来れないと伝えた結果…【ゆっくり】,2023-11-07,2107590,22000,520,2024-01-07,調査_馴れ初め_20240107:動画_1年分,competitor_sheet_archive,https://i.ytimg.com/vi/tR6z-zqKw0Y/maxresdefault.jpg,,
QahmiigY4YY,,2ch馴れ初メモリアル,【2ch馴れ初め】両親が離婚し再婚相手の１８歳の連れ子がまさかのS〇X依存症だった。一緒に暮らし始めたが毎晩義姉に迫られ…【ゆっくり解説】,2023-12-19,2083390,16680,480,2024-01-07,調査_馴れ初め_20240107:動画_1年分,competitor_sheet_archive,https://i.ytimg.com/vi/QahmiigY4YY/maxresdefault.jpg,,
zhk_r_cvOEY,,2chしあわせのなれそめ,【2ch馴れ初め】喧嘩で川に落とされて溺れているレディース総長を無我夢中で助けた結果【ゆっくり解説】,2023-04-28,2053170,15870,270,2024-01-07,調査_馴れ初め_20240107:動画_1年分,competitor_sheet_archive,https://i.ytimg.com/vi/zhk_r_cvOEY/maxresdefault.jpg,,
uGiJo53GWXM,,大人の馴れ初め話【2chゆっくり】,【2ch 馴れ初め】可愛くていい匂いがする同僚が女だった→そのままアクエリオンしてみた【ゆっくり解説】,2023-10-07,2049060,15190,1010,2024-01-07,調査_馴れ初め_20240107:動画_1年分,competitor_sheet_archive,https://i.ytimg.com/vi/uGiJo53GWXM/maxresdefault.jpg,,
C5v11LjvZsg,,感動の馴れ初めばなし,【2ch馴れ初め】最近毎日公園で見かけるガリガリ親子に自慢の手料理を振る舞った結果…【伝説のスレ】,2023-06-16,2048860,23660,670,2024-01-07,調査_馴れ初め_20240107:動画_1年分,competitor_sheet_archive,https://i.ytimg.com/vi/C5v11LjvZsg/maxresdefault.jpg,,
95PyvYpzcdw,,2chしあわせのなれそめ,【2ch馴れ初め】車に轢かれそうな貧乏少女を助けるとヤンキー美女に飛び蹴りされた【ゆっくり解説】,2023-06-26,2040320,19950,520,2024-01-07,調査_馴れ初め_20240107:動画_1年分,competitor_sheet_archive,https://i.ytimg.com/vi/95PyvYpzcdw/maxresdefault.jpg,,
pr6UBR7HQM8,,2ch純愛物語,【2ch馴れ初め】シングルマザーの母の親友に頼まれて高熱の不良娘の看病をした結果…【ゆっくり】,2023-05-03,2011890,15780,250,2024-01-07,調査_馴れ初め_20240107:動画_1年分,competitor_sheet_archive,https://i.ytimg.com/vi/pr6UBR7HQM8/maxresdefault.jpg,,
5QCiAGK66Zw,,2ch馴れ初め通信,【2ch馴れ初め】お世話になっている社内で一番綺麗で有名な美人熟女上司に、お見合いすることを伝えた結果 【ゆっくり】,2023-06-29,1993640,10210,260,2024-01-07,調査_馴れ初め_20240107:動画_1年分,competitor_sheet_archive,https://i.ytimg.com/vi/5QCiAGK66Zw/maxresdefault.jpg,,
cJ6ptKZL0es,,2ch馴れ初めエピソード,【2ch馴れ初め】学校一塩対応な美少女が、俺にだけ優しい理由にワロタ【ゆっくり解説】,2023-03-07,1978690,21830,1360,2024-01-07,調査_馴れ初め_20240107:動画_1年分,competitor_sheet_archive,https://i.ytimg.com/vi/cJ6ptKZL0es/maxresdefault.jpg,,
Y4qeEAoMAbs,,2ch馴れ初め日記帳,【2ch馴れ初め】道端で陣痛に苦しんでいる盲目の妊婦を放っておけず、一流企業の最終面接に遅刻した結果…【ゆっくり】,2023-11-25,1976550,25530,520,2024-01-07,調査_馴れ初め_20240107:動画_1年分,competitor_sheet_archive,https://i.ytimg.com/vi/Y4qeEAoMAbs/maxresdefault.jpg,,
Z_okUkTSwZI,,感動の馴れ初めばなし,【2ch馴れ初め】毎日俺のうどん屋の窓に張り付いて眺めている貧乏女子高生→かき揚げに半熟卵をトッピングしてネギもたっぷり乗せてあげた結果【伝説のスレ】,2023-06-27,1958200,25270,610,2024-01-07,調査_馴れ初め_20240107:動画_1年分,competitor_sheet_archive,https://i.ytimg.com/vi/Z_okUkTSwZI/maxresdefault.jpg,,
AEWb_Hysw8s,,2ch馴れ初メモリアル,【2ch馴れ初め】俺の部屋に無断で入ってきた義妹を、思春期真っ最中の俺は押し倒してしまい・・・,2023-02-12,1954290,18460,940,2024-01-07,調査_馴れ初め_20240107:動画_1年分,competitor_sheet_archive,https://i.ytimg.com/vi/AEWb_Hysw8s/maxresdefault.jpg,,
Mp5axZVvYj8,,2chなれそめストーリー,【2ch馴れ初め】地震で電車が動かず家に帰れない爆乳上司を家に泊めて朝までヤリまくった結果【ゆっくり解説】,2023-10-14,1952350,10760,110,2024-01-07,調査_馴れ初め_20240107:動画_1年分,competitor_sheet_archive,https://i.ytimg.com/vi/Mp5axZVvYj8/maxresdefault.jpg,,
tjiK3liKExA,,思い出のゆっくり2ch,【2ch伝説の馴れ初め】引きこもりニートが現実逃避したくて青森県に3年間住んだ結果→美人3姉妹との生活が始まり...,2023-03-17,1946910,24430,1140,2024-01-07,調査_馴れ初め_20240107:動画_1年分,competitor_sheet_archive,https://i.ytimg.com/vi/tjiK3liKExA/maxresdefault.jpg,,
v4AOBFxTzu8,,あなたと私の恋ばなし,【2ch馴れ初め】姉の買い物に付き合わされている姿をクラスの金髪ギャルに目撃された結果…【伝説のスレ】,2023-06-02,1942300,19380,450,2024-01-07,調査_馴れ初め_20240107:動画_1年分,competitor_sheet_archive,https://i.ytimg.com/vi/v4AOBFxTzu8/maxresdefault.jpg,,
ydwxTW-Dwy8,,2ch馴れ初め配信,【2ch馴れ初め】毎日俺の部屋に来る幼馴染が、俺の自慰行為中に部屋に入ってきた結果...,2023-08-06,1924880,10700,150,2024-01-07,調査_馴れ初め_20240107:動画_1年分,competitor_sheet_archive,https://i.ytimg.com/vi/ydwxTW-Dwy8/maxresdefault.jpg,,
Mzi4TP7H104,,2ch放課後の馴れ初め,【2ch馴れ初め】友達の母ちゃんに誘われて渋々2人で晩酌した結果【ゆっくり解説】,2023-05-12,1922590,7730,210,2024-01-07,調査_馴れ初め_20240107:動画_1年分,competitor_sheet_archive,https://i.ytimg.com/vi/Mzi4TP7H104/maxresdefault.jpg,,
UUnYHXb9_Bs,,俺たちの馴れ初め,【2ch馴れ初め】家族で訪れた露天風呂で同級生と遭遇 →〇〇ゃおうか？と誘われた結果…【ゆっくり】,2023-12-01,1915670,7390,110,2024-01-07,調査_馴れ初め_20240107:動画_1年分,competitor_sheet_archive,https://i.ytimg.com/vi/UUnYHXb9_Bs/maxresdefault.jpg,,
5RBAgkK2qxM,,感動の馴れ初めばなし,【2ch馴れ初め】ボロボロの見知らぬ女の子が俺の家の前でしゃがんでたので、ラーメンをご馳走した結果...【伝説のスレ】,2023-05-11,1888220,23820,640,2024-01-07,調査_馴れ初め_20240107:動画_1年分,competitor_sheet_archive,https://i.ytimg.com/vi/5RBAgkK2qxM/maxresdefault.jpg,,
Umu9riwcZtQ,,大人の楽しみ,【馴れ初め】結婚を諦めた43歳中年の俺に社内一美しい人妻が「私と結婚しませんか」「え？」 父親に会い驚愕,2023-11-18,1884150,8450,00,2024-01-07,調査_馴れ初め_20240107:動画_1年分,competitor_sheet_archive,https://i.ytimg.com/vi/Umu9riwcZtQ/maxresdefault.jpg,,
ep-MfK1JG5M,,感動の馴れ初めばなし,【2ch馴れ初め】妹の親友が泊まりに来たら、あの時助けた美少女だった。しかもなぜか定期的に泊まりにくる。しかし、ある日急にアプローチをされて...【伝説のスレ】,2023-03-29,1882010,15850,290,2024-01-07,調査_馴れ初め_20240107:動画_1年分,competitor_sheet_archive,https://i.ytimg.com/vi/ep-MfK1JG5M/maxresdefault.jpg,,
7g8Ofa3LQvE,,2chなれそめストーリー,【2ch馴れ初め】ツンデレの幼馴染と家で二人きりになったら予想外の展開になった【ゆっくり解説】,2023-03-29,1821540,17440,540,2024-01-07,調査_馴れ初め_20240107:動画_1年分,competitor_sheet_archive,https://i.ytimg.com/vi/7g8Ofa3LQvE/maxresdefault.jpg,,
AQby9ETKYKs,,101回目の馴れ初め,【2ch馴れ初め】すぐ濡れる幼馴染のパ◯ツに手を入れた結果wwww【ゆっくり解説】,2023-06-28,1810090,9740,140,2024-01-07,調査_馴れ初め_20240107:動画_1年分,competitor_sheet_archive,https://i.ytimg.com/vi/AQby9ETKYKs/maxresdefault.jpg,,
VTlbiOmR4OE,,馴れ初めは2chから始まった,【2ch馴れ初め】出張先で仕方なく相部屋になった巨乳の女上司にデカメロンを揉ませてと頼んだ結果...【ゆっくり】,2023-06-14,1799900,10640,180,2024-01-07,調査_馴れ初め_20240107:動画_1年分,competitor_sheet_archive,https://i.ytimg.com/vi/VTlbiOmR4OE/maxresdefault.jpg,,
TZWjzRBnnsg,,2ch馴れ初めで愛を語る,【2ch馴れ初め】全国模試１位のヤンキーが学校で陰キャを演じてたら ドベギャルに「あんた、教科書と結婚したら」とバカにされた結果,2023-12-13,1789360,13760,310,2024-01-07,調査_馴れ初め_20240107:動画_1年分,competitor_sheet_archive,https://i.ytimg.com/vi/TZWjzRBnnsg/maxresdefault.jpg,,
ygt_ep9tQgc,,101回目の馴れ初め,【2ch馴れ初め】久々に再会した幼馴染にエッ○の練習をさせてと言われた結果www【ゆっくり解説】,2023-06-09,1778090,8430,150,2024-01-07,調査_馴れ初め_20240107:動画_1年分,competitor_sheet_archive,https://i.ytimg.com/vi/ygt_ep9tQgc/maxresdefault.jpg,,
IgO-5bUVuKU,,2ch馴れ初めプランナー,【2ch馴れ初め】ホームセンターで練炭を買うボロボロ親子→生涯孤独の俺が声をかけた結果【ゆっくり解説】,2023-12-03,1773960,27660,880,2024-01-07,調査_馴れ初め_20240107:動画_1年分,competitor_sheet_archive,https://i.ytimg.com/vi/IgO-5bUVuKU/maxresdefault.jpg,,
KZ42CwHm4pM,,2ch興味深い馴れ初め話,【2ch馴れ初め】マッサージ中に 息子が大きくなってしまった...なぜか美人熟女が脱ぎ始めた結果【ゆっくり】,2023-07-05,1765290,8980,40,2024-01-07,調査_馴れ初め_20240107:動画_1年分,competitor_sheet_archive,https://i.ytimg.com/vi/KZ42CwHm4pM/maxresdefault.jpg,,
AitU4xprA-s,,101回目の馴れ初め,【2ch馴れ初め】宅飲み中、隣の美人女性に筆お◯しされたら妊娠してたwww【ゆっくり解説】【ゆっくり解説】,2023-06-17,1750110,7060,90,2024-01-07,調査_馴れ初め_20240107:動画_1年分,competitor_sheet_archive,https://i.ytimg.com/vi/AitU4xprA-s/maxresdefault.jpg,,
XOw-saiBTLw,,思い出のゆっくり2ch,【2ch馴れ初め】帰宅したら見知らぬ女が寝ていた結果・・・ 傑作選！感動の名作なれそめスレ厳選18本をまとめてみた！,2023-04-01,1712540,12050,140,2024-01-07,調査_馴れ初め_20240107:動画_1年分,competitor_sheet_archive,https://i.ytimg.com/vi/XOw-saiBTLw/maxresdefault.jpg,,
DY2C1dFM-Mo,,2chの中心で馴れ初めを叫ぶ,【2ch馴れ初め】俺の部屋に毎日通う可愛いヤンキーギャル→勝手に住み着いた結果・・・【ゆっくり】,2023-06-14,1709370,10260,350,2024-01-07,調査_馴れ初め_20240107:動画_1年分,competitor_sheet_archive,https://i.ytimg.com/vi/DY2C1dFM-Mo/maxresdefault.jpg,,
zTtbQOhU9HQ,,2chしあわせのなれそめ,【2ch馴れ初め】陰キャの俺が駅前で困ってるギャルを助けたら婚姻届を持って毎日追われた【ゆっくり解説】,2023-05-08,1694400,19500,590,2024-01-07,調査_馴れ初め_20240107:動画_1年分,competitor_sheet_archive,https://i.ytimg.com/vi/zTtbQOhU9HQ/maxresdefault.jpg,,
bFa4LVwkM_Y,,2chなれそめストーリー,【2ch馴れ初め】男性の病気で〇なしの俺が、女上司に相談すると、むしろ喜んでくれた結果【ゆっくり】,2023-12-13,1687550,8690,90,2024-01-07,調査_馴れ初め_20240107:動画_1年分,competitor_sheet_archive,https://i.ytimg.com/vi/bFa4LVwkM_Y/maxresdefault.jpg,,
jRZ4gg2Sp_0,,馴れ初めは2chから始まった,【2ch馴れ初め】出勤を楽しようと俺の家に泊まって連泊する同級生に理性を抑えられなかった結果...【ゆっくり】,2023-05-30,1667430,11300,340,2024-01-07,調査_馴れ初め_20240107:動画_1年分,competitor_sheet_archive,https://i.ytimg.com/vi/jRZ4gg2Sp_0/maxresdefault.jpg,,
9mpN5ySHfU0,,2chなれそめストーリー,【2ch馴れ初め】毎日ゴミ置き場で会う美人な団地妻、しゃがんだらノー〇ンなのが見えてしまい恐る恐る理由を聞いてみた結果【ゆっくり解説】,2023-12-19,1617340,5830,120,2024-01-07,調査_馴れ初め_20240107:動画_1年分,competitor_sheet_archive,https://i.ytimg.com/vi/9mpN5ySHfU0/maxresdefault.jpg,,
r_lxTW-zQmA,,2ch風馴初め物語,【2ch馴れ初め】事故で両親を〇した中1の俺が、1歳の妹のために全力で子育てした結果…,2023-05-27,1609680,13010,590,2024-01-07,調査_馴れ初め_20240107:動画_1年分,competitor_sheet_archive,https://i.ytimg.com/vi/r_lxTW-zQmA/maxresdefault.jpg,,
wIyimawLwSg,,叡智な馴れ初め物語,【2ch馴れ初め】美人な姉のアソコがツルツルだったので息子が覚醒してしまった結果,2023-11-05,1607490,9440,190,2024-01-07,調査_馴れ初め_20240107:動画_1年分,competitor_sheet_archive,https://i.ytimg.com/vi/wIyimawLwSg/maxresdefault.jpg,,
efUr7-mDtnY,,馴れ初めは2chから始まった,【2ch馴れ初め】家に帰宅すると高校時代の後輩が全裸でベッドで寝ていた結果...【ゆっくり】,2023-06-08,1599940,11120,190,2024-01-07,調査_馴れ初め_20240107:動画_1年分,competitor_sheet_archive,https://i.ytimg.com/vi/efUr7-mDtnY/maxresdefault.jpg,,
qO8fH7kvrZ0,,2chなれそめストーリー,【2ch馴れ初め】大雪の中、女子大生が泣いていたので、心配で家に泊めたらムッチムチ過ぎた結果 ゆっくり】,2023-06-23,1590560,11030,180,2024-01-07,調査_馴れ初め_20240107:動画_1年分,competitor_sheet_archive,https://i.ytimg.com/vi/qO8fH7kvrZ0/maxresdefault.jpg,,
1o0zgug3-lg,,2chなれそめストーリー,【２ch馴れ初め】ホームレス女性が路上で倒れた俺を助けてくれたので、家に泊めた結果【ゆっくり解説】,2023-06-02,1505750,9620,220,2024-01-07,調査_馴れ初め_20240107:動画_1年分,competitor_sheet_archive,https://i.ytimg.com/vi/1o0zgug3-lg/maxresdefault.jpg,,
HvXgkvXiCqA,,2chなれそめストーリー,【2ch馴れ初め】俺を異性と認識していない幼馴染を押し倒してわからせてみた結果【ゆっくり解説】,2023-04-21,1499760,10840,310,2024-01-07,調査_馴れ初め_20240107:動画_1年分,competitor_sheet_archive,https://i.ytimg.com/vi/HvXgkvXiCqA/maxresdefault.jpg,,
n94-Vv9PwE4,,2chなれそめストーリー,【2ch馴れ初め】先輩に「早く子供が欲しいんですよね」と相談したら、ホテルに連れて行かれてしまった結果【ゆっくり】,2023-11-26,1492160,8560,70,2024-01-07,調査_馴れ初め_20240107:動画_1年分,competitor_sheet_archive,https://i.ytimg.com/vi/n94-Vv9PwE4/maxresdefault.jpg,,
AeGXIOdw8yI,,思い出のゆっくり2ch,【2ch馴れ初め】おじにムリヤリ紹介されて暗すぎる女とお見合いした結果・・・,2023-05-02,1479290,10210,520,2024-01-07,調査_馴れ初め_20240107:動画_1年分,competitor_sheet_archive,https://i.ytimg.com/vi/AeGXIOdw8yI/maxresdefault.jpg,,
2UYQ_ock-i0,,2ch風馴初め物語,【2ch馴れ初め】入院先で看護師の元カノに再会→溜まっていたのでこっそりお口でしてくれた結果,2023-10-18,1461280,5260,130,2024-01-07,調査_馴れ初め_20240107:動画_1年分,competitor_sheet_archive,https://i.ytimg.com/vi/2UYQ_ock-i0/maxresdefault.jpg,,
ZvWeDgUTVbU,,大人の馴れ初め話【2chゆっくり】,【2ch 馴れ初め】コンプレックスに悩む女性→俺「君は最高だ、俺の理想の人だ」女性「ほんと？」この後めちゃくちゃにした【ゆっくり解説】,2023-12-11,1439600,6460,80,2024-01-07,調査_馴れ初め_20240107:動画_1年分,competitor_sheet_archive,https://i.ytimg.com/vi/ZvWeDgUTVbU/maxresdefault.jpg,,
JMNU7yzgHDU,,2chしあわせのなれそめ,【2ch馴れ初め】家族同然の幼馴染と旅行→ハメられてまさかの混浴で…【ゆっくり解説】,2023-06-27,1434130,11040,270,2024-01-07,調査_馴れ初め_20240107:動画_1年分,competitor_sheet_archive,https://i.ytimg.com/vi/JMNU7yzgHDU/maxresdefault.jpg,,
DtQL9MvpB-c,,俺たちの馴れ初め,【2ch馴れ初め】幼馴染JKの部屋に遊びに行ったら大人のおもちゃを見つけた結果…【ゆっくり】,2023-06-22,1416220,8210,190,2024-01-07,調査_馴れ初め_20240107:動画_1年分,competitor_sheet_archive,https://i.ytimg.com/vi/DtQL9MvpB-c/maxresdefault.jpg,,
7pdquZjd1Rw,,俺たちの馴れ初め,【2ch馴れ初め】いつも一人でしてると知った彼女の友達が私でよければと誘ってきた結果…【ゆっくり】,2023-09-04,1406450,4580,70,2024-01-07,調査_馴れ初め_20240107:動画_1年分,competitor_sheet_archive,https://i.ytimg.com/vi/7pdquZjd1Rw/maxresdefault.jpg,,
k_mzhu4UTt8,,2ch馴れ初め秘話,【2ch馴れ初め】油断した姿でソファに寝ていた親友の母のはだけた下着をガン見した結果,2023-06-28,1386760,5260,140,2024-01-07,調査_馴れ初め_20240107:動画_1年分,competitor_sheet_archive,https://i.ytimg.com/vi/k_mzhu4UTt8/maxresdefault.jpg,,
Us_0nYBjZYU,,夜のひと馴れ初め,【2ch 馴れ初め】大会で骨折した美人幼馴染を至る所までお世話した結果【ゆっくり解説】,2024-01-04,1374690,6830,50,2024-01-07,調査_馴れ初め_20240107:動画_1年分,competitor_sheet_archive,https://i.ytimg.com/vi/Us_0nYBjZYU/maxresdefault.jpg,,
TaCDTr3Y0Hg,,2ch馴れ初めで愛を語る,【2ch馴れ初め】豪雪の夜、薪を一人で買いに来る少女→重そうなので一緒に家まで運んだ結果,2023-12-21,1369270,17670,700,2024-01-07,調査_馴れ初め_20240107:動画_1年分,competitor_sheet_archive,https://i.ytimg.com/vi/TaCDTr3Y0Hg/maxresdefault.jpg,,
iDR32yVgDDw,,思い出のゆっくり2ch,【2ch馴れ初め】母ちゃんより怖い女上司と深夜の会社で二人っきりになった結果・・・,2023-03-28,1367010,14510,450,2024-01-07,調査_馴れ初め_20240107:動画_1年分,competitor_sheet_archive,https://i.ytimg.com/vi/iDR32yVgDDw/maxresdefault.jpg,,
93Gc4_8lHTk,,2chなれそめストーリー,【2ch馴れ初め】酔っ払ってナンパしてみたら、まさかの鬼上司で責任取らされた【【ゆっくり解説】,2023-04-23,1366050,10090,150,2024-01-07,調査_馴れ初め_20240107:動画_1年分,competitor_sheet_archive,https://i.ytimg.com/vi/93Gc4_8lHTk/maxresdefault.jpg,,
S7quAq0d_F8,,2ch馴れ初めまとめ,【2ch馴れ初め】手作り唐揚げで晩酌中、他界した妻の双子の妹が助けを求めてきた→放っておけず直ぐに保護した結果…【ゆっくり解説】,2023-11-27,1360040,9790,160,2024-01-07,調査_馴れ初め_20240107:動画_1年分,competitor_sheet_archive,https://i.ytimg.com/vi/S7quAq0d_F8/maxresdefault.jpg,,
nJMu967lRRU,,2ch馴れ初め物語,【2ch総集編】馴れ初め①人気動画8選まとめ総集編【作業用】【ゆっくり】,2023-03-13,1342600,7290,160,2024-01-07,調査_馴れ初め_20240107:動画_1年分,competitor_sheet_archive,https://i.ytimg.com/vi/nJMu967lRRU/maxresdefault.jpg,,
0bYJI3t0Q3Y,,2ch馴れ初めプランナー,【2ch馴れ初め】娘の成績上げたら何でもしくれるという熟女→俺の××を〇〇して欲しいというと…【ゆっくり解説】,2023-09-09,1340900,5450,80,2024-01-07,調査_馴れ初め_20240107:動画_1年分,competitor_sheet_archive,https://i.ytimg.com/vi/0bYJI3t0Q3Y/maxresdefault.jpg,,
wNZkSCsu9oo,,2ch 馴れ初め白書,【2ch馴れ初め】踏切内で子供を抱え立ちすくむ貧乏シングルマザー→零細企業社長の俺が家政婦として雇った結果…【ゆっくり】,2023-11-21,1338070,20870,640,2024-01-07,調査_馴れ初め_20240107:動画_1年分,competitor_sheet_archive,https://i.ytimg.com/vi/wNZkSCsu9oo/maxresdefault.jpg,,
BZm4IlpbXpI,,2ch馴れ初め秘話,【2ch馴れ初め】スカートを履き忘れて出掛けた天然の幼馴染丸見えの下着をガン見した結果…,2023-06-29,1323850,12650,560,2024-01-07,調査_馴れ初め_20240107:動画_1年分,competitor_sheet_archive,https://i.ytimg.com/vi/BZm4IlpbXpI/maxresdefault.jpg,,
OC57nSCfgpM,,思い出のゆっくり2ch,【2ch馴れ初め】貧乏で靴が買えない転校生に、バイトして靴をプレゼントした結果… 2ch 馴れ初めスレ傑作選！号泣必至！泣ける…感動の名作なれそめ人気動画 7本をまとめてみた！総集編,2023-06-02,1321900,14910,350,2024-01-07,調査_馴れ初め_20240107:動画_1年分,competitor_sheet_archive,https://i.ytimg.com/vi/OC57nSCfgpM/maxresdefault.jpg,,
zlZevTCanl0,,2ch馴れ初メモリアル,【2ch馴れ初め】俺の送迎会で終電を逃した俺をいつも無能と笑ってた美人上司。困っていたので俺の家が近くだったので招いたら「さみしいよぉ…」とベタベタ甘えてきて…【ゆっくり】,2023-06-16,1304070,7170,120,2024-01-07,調査_馴れ初め_20240107:動画_1年分,competitor_sheet_archive,https://i.ytimg.com/vi/zlZevTCanl0/maxresdefault.jpg,,
IUhQ50Z_Oe4,,大人の馴れ初め話【2chゆっくり】,【2ch 馴れ初め】ボロボロな姿で家でしてる熟女を拾った→助けてあげようと家に連れて帰った結果【ゆっくり解説】,2023-11-10,1287190,6480,50,2024-01-07,調査_馴れ初め_20240107:動画_1年分,competitor_sheet_archive,https://i.ytimg.com/vi/IUhQ50Z_Oe4/maxresdefault.jpg,,
vwaxQuiebSo,,2ch馴れ初めは突然に,【2ch馴れ初め】俺に厳しい元ヤン保育士に娘が亡くなった姉の子とバレて…3人でデートすることになった…【ゆっくり解説】,2023-05-11,1273060,10540,380,2024-01-07,調査_馴れ初め_20240107:動画_1年分,competitor_sheet_archive,https://i.ytimg.com/vi/vwaxQuiebSo/maxresdefault.jpg,,
X-3bUMazows,,2ch馴れ初めキューピッド,【2ch馴れ初め】廃業寸前の和食店に10円玉を握りしめたボロボロの少女が来た。店主の俺が天ぷらを奢った結果...【ゆっくり】,2023-06-27,1272770,17880,360,2024-01-07,調査_馴れ初め_20240107:動画_1年分,competitor_sheet_archive,https://i.ytimg.com/vi/X-3bUMazows/maxresdefault.jpg,,
Z6UAwFmF23A,,2ch馴れ初めで愛を語る,【2ch馴れ初め】数年前女性を助けて腕に傷が残っている陰キャな俺→なぜか妹友人の美人モデルが食いついてきた結果,2023-12-18,1237410,8920,140,2024-01-07,調査_馴れ初め_20240107:動画_1年分,competitor_sheet_archive,https://i.ytimg.com/vi/Z6UAwFmF23A/maxresdefault.jpg,,
FPMU7hPuTwQ,,2chしあわせのなれそめ,【2ch馴れ初め】オタクで陰キャの俺がアニソンを熱唱していたら、美女「隣の部屋と間違えちった！」俺「あ…あ…」ヒトカラのはずがいつの間にか…【ゆっくり解説】,2023-02-14,1234140,15140,820,2024-01-07,調査_馴れ初め_20240107:動画_1年分,competitor_sheet_archive,https://i.ytimg.com/vi/FPMU7hPuTwQ/maxresdefault.jpg,,
Wz8MFhX0ZAQ,,ムフフな馴れ初め【2chゆっくり】,【2ch馴れ初め】廃墟で遭遇したボロボロの美女→自宅に保護した【ゆっくり解説】,2023-11-26,1229610,11610,430,2024-01-07,調査_馴れ初め_20240107:動画_1年分,competitor_sheet_archive,https://i.ytimg.com/vi/Wz8MFhX0ZAQ/maxresdefault.jpg,,
2GNbpu39jW0,,2ch馴れ初めで愛を語る,【2ch馴れ初め】夜の山道でバイクが故障し困ってるレディース総長 助けたらなぜか同棲する事になった結果,2023-12-01,1218040,10010,180,2024-01-07,調査_馴れ初め_20240107:動画_1年分,competitor_sheet_archive,https://i.ytimg.com/vi/2GNbpu39jW0/maxresdefault.jpg,,
ABDTm8Eq2xk,,2ch純愛物語,【2ch馴れ初め】母親が交通事故で危篤に。駅の改札前で号泣する双子姉妹→放っておけず大事な商談に遅刻した結果…【ゆっくり】,2023-11-23,1212790,22600,740,2024-01-07,調査_馴れ初め_20240107:動画_1年分,competitor_sheet_archive,https://i.ytimg.com/vi/ABDTm8Eq2xk/maxresdefault.jpg,,
EHLhMnwXRMU,,2chなれそめストーリー,【２ch馴れ初め】年上の女上司に「取引先に行くわよ！」と営業に同行したら婚約者として親に紹介された【ゆっくり解説】,2023-06-18,1196610,10530,110,2024-01-07,調査_馴れ初め_20240107:動画_1年分,competitor_sheet_archive,https://i.ytimg.com/vi/EHLhMnwXRMU/maxresdefault.jpg,,
hjRkx-XkhsQ,,青春のエモばなし,【2ch馴れ初め】強烈な吹雪の夜、無人駅でうずくまる外国人 →放っておけず家に泊まらせた結果・・・【伝説のスレ】,2023-06-25,1186430,5630,90,2024-01-07,調査_馴れ初め_20240107:動画_1年分,competitor_sheet_archive,https://i.ytimg.com/vi/hjRkx-XkhsQ/maxresdefault.jpg,,
HoqbkGlpZhg,,2ch馴れ初めで愛を語る,【2ch馴れ初め】水泳教室の怖い元ヤン美人先生に 娘が亡き姉の子で俺は独身だとバレた結果,2023-12-08,1184910,11530,160,2024-01-07,調査_馴れ初め_20240107:動画_1年分,competitor_sheet_archive,https://i.ytimg.com/vi/HoqbkGlpZhg/maxresdefault.jpg,,
uUA3-s04xNE,,俺たちの馴れ初め,【2ch馴れ初め】アパートの通路で泣いているシングルマザー→〇〇〇を凝視してから助けた結果…【ゆっくり】,2023-12-11,1181700,5230,80,2024-01-07,調査_馴れ初め_20240107:動画_1年分,competitor_sheet_archive,https://i.ytimg.com/vi/uUA3-s04xNE/maxresdefault.jpg,,
9GOPOiISZVs,,2ch純愛物語,【2ch馴れ初め】極寒の夜、凍えながらおでん屋台に訪れた貧乏親子→温かいおでんを腹いっぱい食べさせた結果…【ゆっくり】,2023-11-16,1171690,23070,1020,2024-01-07,調査_馴れ初め_20240107:動画_1年分,competitor_sheet_archive,https://i.ytimg.com/vi/9GOPOiISZVs/maxresdefault.jpg,,
MT2OurPJeG0,,ムフフな馴れ初め【2chゆっくり】,【2ch馴れ初め】大晦日に全財産失った爆乳熟女「家も無くて…」俺「ウチで一発どうですか？ｗ」→ヤリまくって年越したｗ【ゆっくり解説】,2023-12-31,1167020,8070,270,2024-01-07,調査_馴れ初め_20240107:動画_1年分,competitor_sheet_archive,https://i.ytimg.com/vi/MT2OurPJeG0/maxresdefault.jpg,,
iljXbghzZJM,,俺たちの馴れ初め,【2ch馴れ初め】俺を男として見ようとしない幼馴染の目の前でゴムを購入した結果…【ゆっくり】,2023-06-22,1156930,5360,70,2024-01-07,調査_馴れ初め_20240107:動画_1年分,competitor_sheet_archive,https://i.ytimg.com/vi/iljXbghzZJM/maxresdefault.jpg,,
Bz0rXAdjQt8,,バタやんちゃんねる,杉浦太陽さんと初コラボ！辻希美さんとの馴れ初めにバタやん大興奮!!〜バタ友になってください①【ゲスト・杉浦太陽さん】,2024-01-06,1154530,31360,900,2024-01-07,調査_馴れ初め_20240107:動画_1年分,competitor_sheet_archive,https://i.ytimg.com/vi/Bz0rXAdjQt8/maxresdefault.jpg,,
qvOwmRqjENo,,2chゆっくり馴れ初め【感動ストーリー】,【2ch馴れ初め】ドラクエのすれ違い通信に現れたストーカー容疑者を二人で探し出した結果【ゆっくり動画】,2023-04-09,1141150,21120,1010,2024-01-07,調査_馴れ初め_20240107:動画_1年分,competitor_sheet_archive,https://i.ytimg.com/vi/qvOwmRqjENo/maxresdefault.jpg,,
Yk1mujac6no,,2ch馴れ初め物語,【2ch馴れ初め】【総集編】運命的過ぎる出会いをした馴れ初めスレ10選まとめ①【作業用】【ゆっくり】,2023-03-05,1126630,5410,50,2024-01-07,調査_馴れ初め_20240107:動画_1年分,competitor_sheet_archive,https://i.ytimg.com/vi/Yk1mujac6no/maxresdefault.jpg,,
WpsWfaNQoso,,馴れ初めアミーゴ,【2ch馴れ初め】俺の巨大になった息子を家事代行サービスの担当女性に直接見たいと頼まれた結果【ゆっくり解説】,2024-01-04,1125350,5140,40,2024-01-07,調査_馴れ初め_20240107:動画_1年分,competitor_sheet_archive,https://i.ytimg.com/vi/WpsWfaNQoso/maxresdefault.jpg,,
s-eF8MrgHzk,,2chほっこり馴れ初め話,【2ch馴れ初め】ホームレス集団の中に元職場の女後輩を発見、立ち上げた会社に住み込みで雇った結果…【ゆっくり】,2023-12-16,1115830,10230,260,2024-01-07,調査_馴れ初め_20240107:動画_1年分,competitor_sheet_archive,https://i.ytimg.com/vi/s-eF8MrgHzk/maxresdefault.jpg,,
brbCRyHHjUw,,2ch馴れ初メロディー,【2ch馴れ初め】男でも勝てない女ヤンキーに勝ってしまった空手日本１の俺。次の日、清楚美人化した彼女が現れ「責任取ってね♥」と迫られ・・・【ゆっくり】,2023-10-14,1108040,10380,210,2024-01-07,調査_馴れ初め_20240107:動画_1年分,competitor_sheet_archive,https://i.ytimg.com/vi/brbCRyHHjUw/maxresdefault.jpg,,
q4gmUqzS9_o,,2ch 本当にあった馴れ初め通信,本当にあった馴れ初め NO.91,2023-11-17,1105610,3690,20,2024-01-07,調査_馴れ初め_20240107:動画_1年分,competitor_sheet_archive,https://i.ytimg.com/vi/q4gmUqzS9_o/maxresdefault.jpg,,
j-lOcxGlRvE,,2chなれそめストーリー,【2ch馴れ初め】俺の経営する整体院に来た会社の元上司、責め過ぎて濡らしてしまった結果【ゆっくり解説】,2023-11-19,1086920,5980,50,2024-01-07,調査_馴れ初め_20240107:動画_1年分,competitor_sheet_archive,https://i.ytimg.com/vi/j-lOcxGlRvE/maxresdefault.jpg,,
eZhGnAuFESU,,2chしあわせのなれそめ,【2ch馴れ初め】妹のように思っていた後輩JKに今度お見合いすると話したら【ゆっくり解説】,2023-03-13,1072860,11690,240,2024-01-07,調査_馴れ初め_20240107:動画_1年分,competitor_sheet_archive,https://i.ytimg.com/vi/eZhGnAuFESU/maxresdefault.jpg,,
iF5QD55dvwU,,感動の馴れ初めばなし,【2ch馴れ初め】可愛い妹と仲良く買い物をしている姿をクラスのアイドルに見られた結果・・・【伝説のスレ】,2023-04-10,1055090,12710,340,2024-01-07,調査_馴れ初め_20240107:動画_1年分,competitor_sheet_archive,https://i.ytimg.com/vi/iF5QD55dvwU/maxresdefault.jpg,,
Bg3SURr6JK0,,感動の馴れ初めばなし,【2ch馴れ初め】幼馴染で学校一の美少女が陰キャでモテない俺にずっと想いを寄せてたと知った結果...【伝説のスレ】,2023-03-28,1045170,11640,300,2024-01-07,調査_馴れ初め_20240107:動画_1年分,competitor_sheet_archive,https://i.ytimg.com/vi/Bg3SURr6JK0/maxresdefault.jpg,,
rGIeOlJijGs,,感動の馴れ初めばなし,【2ch馴れ初め】陰キャの俺が最恐ヤンキーの可愛い妹を助けると美人姉妹からプロポーズされた結果...【伝説のスレ】,2023-03-24,1040990,12290,550,2024-01-07,調査_馴れ初め_20240107:動画_1年分,competitor_sheet_archive,https://i.ytimg.com/vi/rGIeOlJijGs/maxresdefault.jpg,,
Y4gc32ISsNM,,2ch 涙の馴れ初め話,【2ch馴れ初め】スーパーで唐揚げを盗む腹ペコの女性を行きつけの居酒屋に連れて行った結果…【ゆっくり】,2023-06-21,1033700,13050,570,2024-01-07,調査_馴れ初め_20240107:動画_1年分,competitor_sheet_archive,https://i.ytimg.com/vi/Y4gc32ISsNM/maxresdefault.jpg,,
1Qb8XiKh7Sg,,時には2ちゃんのように,【2ch馴れ初め】ふざけ半分で幼馴染とラブホに泊まってみたら、理性を保てず男女の仲になってしまった結果…【ゆっくり】,2023-06-23,1024590,5840,60,2024-01-07,調査_馴れ初め_20240107:動画_1年分,competitor_sheet_archive,https://i.ytimg.com/vi/1Qb8XiKh7Sg/maxresdefault.jpg,,
u8Jgb-P-Nxc,,2ch馴れ初めクエスト,【2ch馴れ初め】貧しい家を助けるため、母のおにぎり屋を手伝うぼろぼろの少女から土木作業員の俺が大量に買ってあげた結果【ゆっくり動画】,2023-12-13,1019470,17290,390,2024-01-07,調査_馴れ初め_20240107:動画_1年分,competitor_sheet_archive,https://i.ytimg.com/vi/u8Jgb-P-Nxc/maxresdefault.jpg,,
4uq8RA2JoVw,,感動の馴れ初めばなし,【2ch馴れ初め】陰キャな俺のことを大っ嫌いな美少女。横断歩道で彼女が転んでうずくまっていて、車に轢かれそうなので助けた結果...【伝説のスレ】,2023-03-27,1010700,10600,280,2024-01-07,調査_馴れ初め_20240107:動画_1年分,competitor_sheet_archive,https://i.ytimg.com/vi/4uq8RA2JoVw/maxresdefault.jpg,,
noeqSX7NVQc,,2ch胸キュン馴れ初め,【2ch馴れ初め】夜勤帰りに毎日会うヤンキーJKにに何故か睨まれる陰キャな俺「俺何かしましたか？」と勇気を出して話しかけた結果…【ゆっくり】,2023-05-07,1009250,7250,110,2024-01-07,調査_馴れ初め_20240107:動画_1年分,competitor_sheet_archive,https://i.ytimg.com/vi/noeqSX7NVQc/maxresdefault.jpg,,
pHPYgc73nas,,2chゆっくり馴れ初め【感動ストーリー】,【2ch馴れ初め】妹みたいなJK幼馴染が両親の目の前で俺に言った驚愕のセリフ「○○しよ？」【ゆっくり動画】,2023-04-01,1008420,10470,390,2024-01-07,調査_馴れ初め_20240107:動画_1年分,competitor_sheet_archive,https://i.ytimg.com/vi/pHPYgc73nas/maxresdefault.jpg,,
FltGDESYFXw,,ナレソメ予備校の婚活戦略,しゅくろーの馴れ初めと結婚までの交際期間は？シングルマザー と結婚した理由,2023-02-11,1007240,10130,640,2024-01-07,調査_馴れ初め_20240107:動画_1年分,competitor_sheet_archive,https://i.ytimg.com/vi/FltGDESYFXw/maxresdefault.jpg,,
POmWbEROsWA,,2ch馴れ初めスレ速報,【2ch馴れ初め】好奇心旺盛な幼馴染が「おっきいの入れてみたい」と言うので自慢の息子貸してあげた結果・・・【ゆっくり】,2023-12-15,999470,6950,130,2024-01-07,調査_馴れ初め_20240107:動画_1年分,competitor_sheet_archive,https://i.ytimg.com/vi/POmWbEROsWA/maxresdefault.jpg,,
0MPeZjfzps0,,感動の馴れ初めばなし,【2ch馴れ初め】入院中の俺の見舞いに来た学校一人気者の美女→寝ている俺にキスをしてきた結果…【伝説のスレ】,2023-06-13,994760,9870,210,2024-01-07,調査_馴れ初め_20240107:動画_1年分,competitor_sheet_archive,https://i.ytimg.com/vi/0MPeZjfzps0/maxresdefault.jpg,,
Nf4Fo_ybAO8,,2chなれそめストーリー,【2ch馴れ初め】クラスのヤンキーが見舞いに来たので禁欲した俺が寝たふりしていたら息子を触りだした結果【ゆっくり解説】,2023-11-24,993570,6250,60,2024-01-07,調査_馴れ初め_20240107:動画_1年分,competitor_sheet_archive,https://i.ytimg.com/vi/Nf4Fo_ybAO8/maxresdefault.jpg,,
GZel5L_L3vk,,2ch馴れ初め物語,【2ch馴れ初め】嵐の中公園で1人苦しんでる外国人…発熱してたので助けた結果…【ゆっくり】,2023-03-18,989260,10020,160,2024-01-07,調査_馴れ初め_20240107:動画_1年分,competitor_sheet_archive,https://i.ytimg.com/vi/GZel5L_L3vk/maxresdefault.jpg,,
_f13ZfHyijY,,2chしあわせのなれそめ,【2ch馴れ初め】親の借金で大学中退→夢を諦めた俺、なぜか就職先の美人社長令嬢に猛アピールされた結果【ゆっくり解説】,2023-02-16,988950,9980,410,2024-01-07,調査_馴れ初め_20240107:動画_1年分,competitor_sheet_archive,https://i.ytimg.com/vi/_f13ZfHyijY/maxresdefault.jpg,,
xlJgzRlFmLM,,2ch馴れ初めグラフティ【ゆっくり解説】,【２ch馴れ初め】男の弱点ついてくるなよ・・ハーフっぽいモテ女を泣かせた後でドラマが・・【ゆっくり解説】,2023-02-14,972410,11660,430,2024-01-07,調査_馴れ初め_20240107:動画_1年分,competitor_sheet_archive,https://i.ytimg.com/vi/xlJgzRlFmLM/maxresdefault.jpg,,
qnkzIqv6PE4,,大人の馴れ初め話【2chゆっくり】,【2ch 馴れ初め】お見合い相手が奇病だった→女性「こんな私でも 愛せますか？」俺「誓います」→まずは相性を確かめてみた結果ｗ【ゆっくり解説】,2023-12-20,961490,9680,250,2024-01-07,調査_馴れ初め_20240107:動画_1年分,competitor_sheet_archive,https://i.ytimg.com/vi/qnkzIqv6PE4/maxresdefault.jpg,,
bwQvcip_UPQ,,馴れ初め脚長オジサン,【2ch馴れ初め】毎朝通勤で会う小汚い女が猛暑のあまり卒倒した→服を脱がして連れ帰った結果…【ゆっくり解説】,2023-07-02,958910,10960,200,2024-01-07,調査_馴れ初め_20240107:動画_1年分,competitor_sheet_archive,https://i.ytimg.com/vi/bwQvcip_UPQ/maxresdefault.jpg,,
2KkqWh0eOFs,,2chなれそめストーリー,【2ch馴れ初め】美人だけど無愛想な女社長に辞表と間違えて婚姻届けを渡したら…【ゆっくり解説】,2023-04-27,951140,8570,160,2024-01-07,調査_馴れ初め_20240107:動画_1年分,competitor_sheet_archive,https://i.ytimg.com/vi/2KkqWh0eOFs/maxresdefault.jpg,,
Uhun6EVux6Q,,2ch馴れ初め天国,【2ch馴れ初め】買い物してたら、美人の婦人警官から職質を受けた→「俺も警察だ」と伝えた結果…,2023-06-19,949430,9540,380,2024-01-07,調査_馴れ初め_20240107:動画_1年分,competitor_sheet_archive,https://i.ytimg.com/vi/Uhun6EVux6Q/maxresdefault.jpg,,
79xZDhdnVuI,,思い出のゆっくり2ch,【2ch馴れ初め】姉の子が重い難病に…俺「はい700万円」姉「必ず返すから！」→後日、姉からとんでもないお返しが…,2023-06-13,946490,10280,440,2024-01-07,調査_馴れ初め_20240107:動画_1年分,competitor_sheet_archive,https://i.ytimg.com/vi/79xZDhdnVuI/maxresdefault.jpg,,
_hycrtfk2FY,,2ch馴れ初めキューピッド,【2ch馴れ初め】ギャンブル依存症の私が農家の長男に嫁いだ結果...【ゆっくり】,2023-06-24,937200,12800,420,2024-01-07,調査_馴れ初め_20240107:動画_1年分,competitor_sheet_archive,https://i.ytimg.com/vi/_hycrtfk2FY/maxresdefault.jpg,,
hHZLXJabACo,,2chなれそめストーリー,【2ch馴れ初め】貧乏なので妖艶な大家さんに家賃の相談したら監禁された【ゆっくり解説】,2023-05-09,932110,8270,170,2024-01-07,調査_馴れ初め_20240107:動画_1年分,competitor_sheet_archive,https://i.ytimg.com/vi/hHZLXJabACo/maxresdefault.jpg,,
XuGpyQQwwWE,,馴れ初めアミーゴ,【2ch馴れ初め】俺の大きくなった息子をベテラン家政婦に近くで見せて欲しいとお願いされた結果…【ゆっくり解説】,2023-12-23,914960,4120,60,2024-01-07,調査_馴れ初め_20240107:動画_1年分,competitor_sheet_archive,https://i.ytimg.com/vi/XuGpyQQwwWE/maxresdefault.jpg,,
L8d5wXRajtw,,101回目の馴れ初め,【2ch馴れ初め】泥酔した幼馴染に俺のフル◯ッキを見せつけたら、予想外の反応が返ってきた結果www【ゆっくり解説】,2023-07-02,913870,4460,90,2024-01-07,調査_馴れ初め_20240107:動画_1年分,competitor_sheet_archive,https://i.ytimg.com/vi/L8d5wXRajtw/maxresdefault.jpg,,
5QwFn8ZyDO8,,夜のひと馴れ初め,【2ch 馴れ初め】田舎に泊まりに行ったが暇だったので、叔母に媚◯飲ませてみた結果【ゆっくり解説】,2023-11-17,905700,2580,50,2024-01-07,調査_馴れ初め_20240107:動画_1年分,competitor_sheet_archive,https://i.ytimg.com/vi/5QwFn8ZyDO8/maxresdefault.jpg,,
bFwx4CIURT4,,2ch純愛物語,【2ch馴れ初め】年に一度俺の営む民宿に遊びにくる母娘 廃業することを伝えた結果…【ゆっくり】,2023-06-27,901890,12330,380,2024-01-07,調査_馴れ初め_20240107:動画_1年分,competitor_sheet_archive,https://i.ytimg.com/vi/bFwx4CIURT4/maxresdefault.jpg,,
6fFogzDU4UQ,,大人の馴れ初め恋愛事情【2chゆっくり】,【2ch馴れ初め】A〇鑑賞を爆乳後輩に見られた→毎晩アワビを舐めさせられた結果【ゆっくり解説】,2023-12-27,896080,4190,170,2024-01-07,調査_馴れ初め_20240107:動画_1年分,competitor_sheet_archive,https://i.ytimg.com/vi/6fFogzDU4UQ/maxresdefault.jpg,,
m8v2coUB6fw,,2ch馴れ初め物語,【2ch馴れ初め総集編】積極的な女性との出会いをまとめてみた10選【作業用】【ゆっくり】,2023-03-27,887620,6770,70,2024-01-07,調査_馴れ初め_20240107:動画_1年分,competitor_sheet_archive,https://i.ytimg.com/vi/m8v2coUB6fw/maxresdefault.jpg,,
0pkXVxLkZwU,,2chなれそめストーリー,【2ch馴れ初め】車に轢かれそうなマドンナがを間一髪で助けた結果【ゆっくり解説】,2023-04-29,879330,9030,150,2024-01-07,調査_馴れ初め_20240107:動画_1年分,competitor_sheet_archive,https://i.ytimg.com/vi/0pkXVxLkZwU/maxresdefault.jpg,,
DWiuyRDSbU8,,2chなれそめストーリー,【2ch馴れ初め】俺をガン無視するマドンナ。同じ飯を食う仲に。3か月後立場が逆転したwww【ゆっくり解説】,2023-04-03,877980,9230,210,2024-01-07,調査_馴れ初め_20240107:動画_1年分,competitor_sheet_archive,https://i.ytimg.com/vi/DWiuyRDSbU8/maxresdefault.jpg,,
F5p9g8CaaEY,,大人の馴れ初め話【2chゆっくり】,【2ch 馴れ初め】ジサツ寸前の美女を助けた→女性「生きる意味がない」俺「俺が生きる意味をあげるよ」【ゆっくり解説】,2023-11-18,875860,7250,110,2024-01-07,調査_馴れ初め_20240107:動画_1年分,competitor_sheet_archive,https://i.ytimg.com/vi/F5p9g8CaaEY/maxresdefault.jpg,,
4HGJNsC9hLw,,ゆっくり馴れ初め,【2ch馴れ初め】趣味が同じ推しの風俗嬢を、プライベートで家に誘った結果【ゆっくり解説】,2023-05-14,852000,5800,270,2024-01-07,調査_馴れ初め_20240107:動画_1年分,competitor_sheet_archive,https://i.ytimg.com/vi/4HGJNsC9hLw/maxresdefault.jpg,,
roDC1GWIkhI,,2ch馴れ初めは突然に,【2ch馴れ初め】男勝りな幼馴染が落としたスマホを拾ったら、なぜか待ち受けの写真が俺だった…すると本人が後ろにいて…【ゆっくり解説】,2023-05-23,851040,7220,220,2024-01-07,調査_馴れ初め_20240107:動画_1年分,competitor_sheet_archive,https://i.ytimg.com/vi/roDC1GWIkhI/maxresdefault.jpg,,
FA7SmTmkZzY,,2ch馴れ初めで愛を語る,【2ch馴れ初め】貧乏で修学旅行に行けないヤンキー女子高生に給料全部あげた結果,2023-12-26,846990,6820,80,2024-01-07,調査_馴れ初め_20240107:動画_1年分,competitor_sheet_archive,https://i.ytimg.com/vi/FA7SmTmkZzY/maxresdefault.jpg,,
uqpxsOtLE_I,,俺たちの馴れ初め,【2ch馴れ初め】ビルの屋上から飛び降りようとするＯＬ→朝になるまで〇りまくった結果…【ゆっくり】,2024-01-03,842550,4460,90,2024-01-07,調査_馴れ初め_20240107:動画_1年分,competitor_sheet_archive,https://i.ytimg.com/vi/uqpxsOtLE_I/maxresdefault.jpg,,
YcUwtVrWQXk,,2ch馴れ初め日記帳,【2ch馴れ初め】毒親の借金返済の為無理やり見合いさせられた女子高生→デブ陰キャで資産家子息の俺が結婚した結果…【ゆっくり】,2023-12-20,839920,12700,390,2024-01-07,調査_馴れ初め_20240107:動画_1年分,competitor_sheet_archive,https://i.ytimg.com/vi/YcUwtVrWQXk/maxresdefault.jpg,,
XHQiazEWAkY,,俺たちの馴れ初め,【2ch馴れ初め】彼氏に〇〇が臭いと言われて泣いている幼馴染 →匂いを嗅いで確認した結果…【ゆっくり】,2023-12-25,835640,4940,110,2024-01-07,調査_馴れ初め_20240107:動画_1年分,competitor_sheet_archive,https://i.ytimg.com/vi/XHQiazEWAkY/maxresdefault.jpg,,
OrcXJ3FEjbE,,2chほのぼのちゃんちゃん,【2ch馴れ初め】なぜかいつも俺にだけ塩対応な幼馴染に、彼女が出来たという嘘をついた結果…,2023-02-11,830310,9000,510,2024-01-07,調査_馴れ初め_20240107:動画_1年分,competitor_sheet_archive,https://i.ytimg.com/vi/OrcXJ3FEjbE/maxresdefault.jpg,,
wgIiPVtNvws,,2chしあわせのなれそめ,【2ch馴れ初め】田舎の幼馴染の部屋で泥酔、すると「今夜、親いないから」と言われた結果…【ゆっくり解説】,2023-04-20,829270,6360,80,2024-01-07,調査_馴れ初め_20240107:動画_1年分,competitor_sheet_archive,https://i.ytimg.com/vi/wgIiPVtNvws/maxresdefault.jpg,,
0uERjZBtebg,,大人の馴れ初め話ストーリー【2chゆっくり解説】,【2ch馴れ初め】とある本を見てたら幼馴染が乱入→俺「うわー！見るなぁぁ！」幼馴染「貸してごらんｗｗｗ」→その後めっちゃヤった結果【ゆっくり解説】,2023-11-30,821800,2530,30,2024-01-07,調査_馴れ初め_20240107:動画_1年分,competitor_sheet_archive,https://i.ytimg.com/vi/0uERjZBtebg/maxresdefault.jpg,,
Pmm51BAm8N0,,2ch馴れ初メロディー,【2ch馴れ初め】向かいの幼馴染の部屋のカーテンがひらり。まさかの〇〇を目撃し視線が合ってしまった数分後、ピンポーン「責任取ってよね」と俺の家に上がり込んできた結果【【ゆっくり】,2023-11-25,819840,5100,30,2024-01-07,調査_馴れ初め_20240107:動画_1年分,competitor_sheet_archive,https://i.ytimg.com/vi/Pmm51BAm8N0/maxresdefault.jpg,,
GcXtAeIO7zw,,2ch馴れ初めは突然に,【2ch馴れ初め】落ちてきたキャラパ◯ツを返そうと、上の部屋に行くとヤンキー女が顔真っ赤にして出てきた結果…【ゆっくり解説】,2023-06-23,818100,5570,70,2024-01-07,調査_馴れ初め_20240107:動画_1年分,competitor_sheet_archive,https://i.ytimg.com/vi/GcXtAeIO7zw/maxresdefault.jpg,,
-F6K8-u2P3g,,馴れ初めは2chから始まった,【2ch馴れ初め】虐められて独りぼっち屋上で弁当を食べる外国人転校生の女子に声をかけた結果【ゆっくり】,2023-04-20,817590,10520,250,2024-01-07,調査_馴れ初め_20240107:動画_1年分,competitor_sheet_archive,https://i.ytimg.com/vi/-F6K8-u2P3g/maxresdefault.jpg,,
mhswqQeharc,,馴れ初めアミーゴ,【2ch馴れ初め】深夜の駅前で泥酔してた女上司を泊めたらテクが凄くて◯してしまった結果www【ゆっくり解説】,2024-01-02,815960,3180,110,2024-01-07,調査_馴れ初め_20240107:動画_1年分,competitor_sheet_archive,https://i.ytimg.com/vi/mhswqQeharc/maxresdefault.jpg,,
RNvkigjwhEY,,思い出のゆっくり2ch,【2ch馴れ初め】兄嫁の連れ子の8歳の姪と同居…10年後、告白された結果ｗ,2023-06-02,810190,9420,400,2024-01-07,調査_馴れ初め_20240107:動画_1年分,competitor_sheet_archive,https://i.ytimg.com/vi/RNvkigjwhEY/maxresdefault.jpg,,
GoGmwpBzt40,,2ch馴れ初め名作集,【2ch馴れ初め】いつもノーブラ散歩している爆乳美人熟女に声をかけてめちゃくちゃヤった結果【ゆっくり】,2023-11-25,803580,2690,10,2024-01-07,調査_馴れ初め_20240107:動画_1年分,competitor_sheet_archive,https://i.ytimg.com/vi/GoGmwpBzt40/maxresdefault.jpg,,
vLDJ0T6A3ac,,2ch馴れ初めクエスト,【2ch馴れ初め】ド田舎の俺ん家の隣に越してきたがりがりの貧乏母娘に挨拶がてらうちの畑で取れた野菜と米を差し入れした結果【ゆっくり動画】,2023-12-25,795120,10620,190,2024-01-07,調査_馴れ初め_20240107:動画_1年分,competitor_sheet_archive,https://i.ytimg.com/vi/vLDJ0T6A3ac/maxresdefault.jpg,,
jCYFHpI0n08,,2chなれそめストーリー,【2ch馴れ初め】会社の先輩に俺の息子が包〇だと相談したら、「じゃあ見せてみな」とシゴかれてしまった結果【ゆっくり解説】,2023-12-09,793190,3920,30,2024-01-07,調査_馴れ初め_20240107:動画_1年分,competitor_sheet_archive,https://i.ytimg.com/vi/jCYFHpI0n08/maxresdefault.jpg,,
AtXdYGDgBu4,,2ch風馴初め物語,【2ch馴れ初め】結婚を約束した彼女に浮気されフラれた、1年後彼女の姉から衝撃の事実を聞かされた結果…,2023-05-06,789050,6040,200,2024-01-07,調査_馴れ初め_20240107:動画_1年分,competitor_sheet_archive,https://i.ytimg.com/vi/AtXdYGDgBu4/maxresdefault.jpg,,
P99fje5b7zc,,2ch純愛物語,【2ch馴れ初め】 毎日俺を睨んでくる娘が通う保育園の先生→急な転勤で引っ越しする事を伝えた結果…【ゆっくり】,2023-12-31,788530,8120,170,2024-01-07,調査_馴れ初め_20240107:動画_1年分,competitor_sheet_archive,https://i.ytimg.com/vi/P99fje5b7zc/maxresdefault.jpg,,
ZkOvfNSclDY,,2ch馴れ初めで愛を語る,【2ch馴れ初め】姉に頼まれコンビニでゴムを買う陰キャな俺 いつも塩対応なヤンキー店員が動揺しちゃった結果,2023-12-30,780870,5110,190,2024-01-07,調査_馴れ初め_20240107:動画_1年分,competitor_sheet_archive,https://i.ytimg.com/vi/ZkOvfNSclDY/maxresdefault.jpg,,
UhplTzEBMNQ,,馴れ初めは2chから始まった,【2ch馴れ初め】ラーメンを分け合うガリガリ極貧親子に店長の俺が勝手に奢った結果...【ゆっくり】,2023-06-29,776530,11340,280,2024-01-07,調査_馴れ初め_20240107:動画_1年分,competitor_sheet_archive,https://i.ytimg.com/vi/UhplTzEBMNQ/maxresdefault.jpg,,
4h4UtqJcwx4,,2chしあわせのなれそめ,【2ch馴れ初め】車に轢かれそうな子供を助けたら巨乳の美人妻が現れビンタされた【ゆっくり解説】,2023-03-09,775980,7800,330,2024-01-07,調査_馴れ初め_20240107:動画_1年分,competitor_sheet_archive,https://i.ytimg.com/vi/4h4UtqJcwx4/maxresdefault.jpg,,
gvFks89-3xo,,2chなれそめストーリー,【２ch馴れ初め】完璧すぎて逆に誰も近寄らないマドンナの頭を撫でたらデレデレ超甘えてきた結果【ゆっくり解説】,2023-06-16,773850,8460,310,2024-01-07,調査_馴れ初め_20240107:動画_1年分,competitor_sheet_archive,https://i.ytimg.com/vi/gvFks89-3xo/maxresdefault.jpg,,
u-HwphuV9YE,,2chほっこり馴れ初め話,【2ch馴れ初め】目覚めると学生時代の美人同級生が全裸になって隣で寝ていた結果…【ゆっくり】,2023-06-29,769490,5010,120,2024-01-07,調査_馴れ初め_20240107:動画_1年分,competitor_sheet_archive,https://i.ytimg.com/vi/u-HwphuV9YE/maxresdefault.jpg,,
gcNxy21GjrE,,思い出のゆっくり2ch,【2ch馴れ初め】田舎に転勤になって絶望した結果ｗ #2ch名作スレ,2023-03-19,763220,9580,250,2024-01-07,調査_馴れ初め_20240107:動画_1年分,competitor_sheet_archive,https://i.ytimg.com/vi/gcNxy21GjrE/maxresdefault.jpg,,
jtpURPwY5Aw,,2chなれそめストーリー,【2ch馴れ初め】今日で最後の同僚美女が送別会で泥酔したので、自宅まで送ったら押し倒された…【ゆっくり解説】,2023-05-15,761030,6010,100,2024-01-07,調査_馴れ初め_20240107:動画_1年分,competitor_sheet_archive,https://i.ytimg.com/vi/jtpURPwY5Aw/maxresdefault.jpg,,
ZgTxNAVQIck,,2ch馴れ初めハウス,【2ch馴れ初め】アメリカから転校し日本語が話せず同級生に馬鹿にされる嫁子→帰国子女で英語がペラペラの俺が日本語を教えてあげた結果,2023-10-31,758970,5610,160,2024-01-07,調査_馴れ初め_20240107:動画_1年分,competitor_sheet_archive,https://i.ytimg.com/vi/ZgTxNAVQIck/maxresdefault.jpg,,
ytb7B2R9p-I,,2chしあわせのなれそめ,【2ch馴れ初め】幼馴染が働く定食屋に俺の妹を連れて行ったら勘違いされて泣かれた【ゆっくり解説】,2023-05-10,752330,6850,210,2024-01-07,調査_馴れ初め_20240107:動画_1年分,competitor_sheet_archive,https://i.ytimg.com/vi/ytb7B2R9p-I/maxresdefault.jpg,,
1K2GKkYMcGQ,,俺の打上げ台【ゆっくり馴れ初め劇場】,【2ch馴れ初め】美人な女上司と三日三晩○○し続けてみた,2023-07-01,746560,3430,110,2024-01-07,調査_馴れ初め_20240107:動画_1年分,competitor_sheet_archive,https://i.ytimg.com/vi/1K2GKkYMcGQ/maxresdefault.jpg,,
KWsDY7SmcCE,,感動の馴れ初めばなし,【2ch馴れ初め】俺ん家の犬小屋で野宿する貧乏外国人→恐る恐る声をかけてみた結果...【伝説のスレ】,2023-05-16,738770,11990,280,2024-01-07,調査_馴れ初め_20240107:動画_1年分,competitor_sheet_archive,https://i.ytimg.com/vi/KWsDY7SmcCE/maxresdefault.jpg,,
em4HX_iYypc,,2ch馴れ初めは突然に,【2ch馴れ初め】雨上がりの道路で立ちゴケしそうだったレディース総長をかばって大怪我、利き手を骨折した結果…【ゆっくり解説】,2023-06-04,736940,6570,220,2024-01-07,調査_馴れ初め_20240107:動画_1年分,competitor_sheet_archive,https://i.ytimg.com/vi/em4HX_iYypc/maxresdefault.jpg,,
brNUmrtZpkk,,2ch馴れ初めストーリー,【2ch馴れ初め】高校時代に好きだった女の子が風俗嬢になったと聞いたので本指名しにいってみた結果【ゆっくり】,2023-06-09,736840,4880,160,2024-01-07,調査_馴れ初め_20240107:動画_1年分,competitor_sheet_archive,https://i.ytimg.com/vi/brNUmrtZpkk/maxresdefault.jpg,,
oF5QD0w1mx4,,2ch馴れ初メモリアル,【2ch馴れ初め】田舎の川で一人釣りをしていたら「助けてください‼」全ネ果の美女が流れてきたので助けてあげた結果…【ゆっくり】,2023-06-26,731830,7940,330,2024-01-07,調査_馴れ初め_20240107:動画_1年分,competitor_sheet_archive,https://i.ytimg.com/vi/oF5QD0w1mx4/maxresdefault.jpg,,
rrF385jpvm4,,叡智な馴れ初め物語,【2ch馴れ初め】妹の太ももから濁った白いモノが流れていたので恐る恐る中身を見た結果,2023-12-07,718340,3050,30,2024-01-07,調査_馴れ初め_20240107:動画_1年分,competitor_sheet_archive,https://i.ytimg.com/vi/rrF385jpvm4/maxresdefault.jpg,,
xqxoNuZrAt0,,usataniうさたにパイセン/ギャルの教科書,【馴れ初め】出会って即スピード婚するまでを詳しく話します【初公開】,2023-02-07,717230,7210,740,2024-01-07,調査_馴れ初め_20240107:動画_1年分,competitor_sheet_archive,https://i.ytimg.com/vi/xqxoNuZrAt0/maxresdefault.jpg,,
jiudtx4ENw0,,2ch馴れ初めは突然に,【2ch馴れ初め】職場で男からチヤホヤされていた美人OLに地味な俺が塩対応し続けたら、家まで押しかけてきた…【ゆっくり解説】,2023-06-16,712330,4740,90,2024-01-07,調査_馴れ初め_20240107:動画_1年分,competitor_sheet_archive,https://i.ytimg.com/vi/jiudtx4ENw0/maxresdefault.jpg,,
4Z1jFxt72Oc,,2ch胸キュン馴れ初め,【2ch馴れ初め】喧嘩で川に落とされて溺れている暴走族総長を無我夢中で助け、人工呼吸をしたら胸元にサラシを巻いていて…【ゆっくり】,2023-06-04,710830,5330,160,2024-01-07,調査_馴れ初め_20240107:動画_1年分,competitor_sheet_archive,https://i.ytimg.com/vi/4Z1jFxt72Oc/maxresdefault.jpg,,
w6s2uGoSAY4,,あなたと私の恋ばなし,【2ch馴れ初め】朝目が覚めたら職場の上司が俺の家で朝食作っていた結果…【伝説のスレ】,2023-06-21,704850,5100,90,2024-01-07,調査_馴れ初め_20240107:動画_1年分,competitor_sheet_archive,https://i.ytimg.com/vi/w6s2uGoSAY4/maxresdefault.jpg,,
ARcPIyNryNA,,馴れ初めロマンティック,【2ch馴れ初め】いつも可愛い幼馴染にからかわれている俺→仕返しにふざけてアソコを触った結果…【ゆっくり】,2023-12-01,701230,3810,10,2024-01-07,調査_馴れ初め_20240107:動画_1年分,competitor_sheet_archive,https://i.ytimg.com/vi/ARcPIyNryNA/maxresdefault.jpg,,
qZ4V8ovc5D8,,2ch馴れ初メモリアル,【2ch馴れ初め】いつも陰キャな俺を見下すヤンキー女をかばって大怪我をしてしまった俺。彼女「責任取るから許して…」と泣いて抱き着いてきたので…【ゆっくり】,2023-06-13,698820,6520,160,2024-01-07,調査_馴れ初め_20240107:動画_1年分,competitor_sheet_archive,https://i.ytimg.com/vi/qZ4V8ovc5D8/maxresdefault.jpg,,
BSR6Ks2GNKI,,叡智な馴れ初め物語,【2ch馴れ初め】エレベーターで美人上司のいい匂いに興奮してしまい息子が大きくなってしまった結果,2023-12-05,696790,2700,20,2024-01-07,調査_馴れ初め_20240107:動画_1年分,competitor_sheet_archive,https://i.ytimg.com/vi/BSR6Ks2GNKI/maxresdefault.jpg,,
HtmGl2JC9ro,,おとなの純愛小説,【馴れ初め】クールな美人上司と出張に行くと 美人上司の実家が偶然近くで 一緒に顔を出すと「やっと男ができたのね」 俺「はい、愛してます」と言った結果...【感動する話】,2023-06-24,690280,3570,20,2024-01-07,調査_馴れ初め_20240107:動画_1年分,competitor_sheet_archive,https://i.ytimg.com/vi/HtmGl2JC9ro/maxresdefault.jpg,,
ukeEJ43G2RY,,夜のひと馴れ初め,【2ch 馴れ初め】出張先のホテルで未亡人熟女が…結果【ゆっくり解説】,2024-01-05,680260,1710,10,2024-01-07,調査_馴れ初め_20240107:動画_1年分,competitor_sheet_archive,https://i.ytimg.com/vi/ukeEJ43G2RY/maxresdefault.jpg,,
sIhUL7m9L-0,,2ch馴れ初め名作集,【2ch馴れ初め】泥酔の美人熟女上司のアソコを触ると酔ったふりしてペロペロし始めた結果【ゆっくり】,2023-12-31,676980,1590,20,2024-01-07,調査_馴れ初め_20240107:動画_1年分,competitor_sheet_archive,https://i.ytimg.com/vi/sIhUL7m9L-0/maxresdefault.jpg,,
1MQSRYlExos,,101回目の馴れ初め,【2ch馴れ初め】学校の更衣室で幼馴染に骨抜きにされた結果www【ゆっくり解説】,2023-06-23,673080,4080,80,2024-01-07,調査_馴れ初め_20240107:動画_1年分,competitor_sheet_archive,https://i.ytimg.com/vi/1MQSRYlExos/maxresdefault.jpg,,
LZapRsYCuCU,,2ch 馴れ初め天国,【2ch馴れ初め】セク依存の人気バイト美女と店主が同棲した結果ww【ゆっくり解説】,2023-07-04,671610,1790,70,2024-01-07,調査_馴れ初め_20240107:動画_1年分,competitor_sheet_archive,https://i.ytimg.com/vi/LZapRsYCuCU/maxresdefault.jpg,,
ezxTDjRPo08,,私たちの馴れ初めTV,【馴れ初め】社内で人気No.1美人上司に告白すると突然ビンタされ「あなた覚えてないの？」俺「えっ？」→いきなり上着を脱ぎ始めた美人上司に驚愕した...【感動する話】,2023-02-14,668250,3870,80,2024-01-07,調査_馴れ初め_20240107:動画_1年分,competitor_sheet_archive,https://i.ytimg.com/vi/ezxTDjRPo08/maxresdefault.jpg,,
E4gq5C7M4IQ,,2ch馴れ初め物語,【2ch総集編】馴れ初め②人気動画９選まとめ総集編【作業用】【ゆっくり】,2023-04-29,662550,5150,30,2024-01-07,調査_馴れ初め_20240107:動画_1年分,competitor_sheet_archive,https://i.ytimg.com/vi/E4gq5C7M4IQ/maxresdefault.jpg,,
H3G7MIGzHsk,,2ch馴れ初めストーリー,【2ch馴れ初め】フワフワでかわいい猫が職場で寝てた→職場の後輩が出勤した結果,2023-01-09,659610,8430,320,2024-01-07,調査_馴れ初め_20240107:動画_1年分,competitor_sheet_archive,https://i.ytimg.com/vi/H3G7MIGzHsk/maxresdefault.jpg,,
JEXLIFmize4,,2ch純愛物語,【2ch馴れ初め】娘の誕生日にケーキ屋でお金が払えず泣いてる貧乏シングルマザー→記念日に振られた俺が予約していた特製ホールケーキをあげた結果…【ゆっくり】,2023-11-17,657440,14730,330,2024-01-07,調査_馴れ初め_20240107:動画_1年分,competitor_sheet_archive,https://i.ytimg.com/vi/JEXLIFmize4/maxresdefault.jpg,,
L2vaKBw9ObU,,私たちの馴れ初めTV,【馴れ初め】俺を見下してた元高校NO.1美女が、やばい店で働いていたので行ってみた結果... 妻「ちょっ、あなた...」【感動する話】,2023-01-13,653150,4580,80,2024-01-07,調査_馴れ初め_20240107:動画_1年分,competitor_sheet_archive,https://i.ytimg.com/vi/L2vaKBw9ObU/maxresdefault.jpg,,
OGu6olbLVpM,,2ch胸キュン馴れ初め,【2ch馴れ初め】男嫌いで有名な美人ヤンキー女子が、道端でうずくまっていたので陰キャな俺が勇気を出して助けた結果 【ゆっくり】,2023-05-21,644530,6030,50,2024-01-07,調査_馴れ初め_20240107:動画_1年分,competitor_sheet_archive,https://i.ytimg.com/vi/OGu6olbLVpM/maxresdefault.jpg,,
6c4uItmsg5E,,私たちの馴れ初めTV,【馴れ初め】美人でスタイルのいい受付嬢を助けて入院した俺→退院後、毎晩うちに通う様になり妻「夜、お世話もするよ...」【感動する話】,2023-06-01,641570,3470,40,2024-01-07,調査_馴れ初め_20240107:動画_1年分,competitor_sheet_archive,https://i.ytimg.com/vi/6c4uItmsg5E/maxresdefault.jpg,,
eIKQUYoEbnk,,2ch 本当にあった馴れ初め通信,本当にあった馴れ初め NO.87,2023-11-21,636100,2470,60,2024-01-07,調査_馴れ初め_20240107:動画_1年分,competitor_sheet_archive,https://i.ytimg.com/vi/eIKQUYoEbnk/maxresdefault.jpg,,
J4e6dxNDTVY,,ムフフな馴れ初め【2chゆっくり】,【2ch馴れ初め】美人鬼上司の秘密が発覚…【ゆっくり解説】,2023-11-17,624400,5620,50,2024-01-07,調査_馴れ初め_20240107:動画_1年分,competitor_sheet_archive,https://i.ytimg.com/vi/J4e6dxNDTVY/maxresdefault.jpg,,
RpkgKq4fESU,,涙のひと馴れ初め,【2ch 馴れ初め】週一で通う推しの風◯嬢がまさかの幼馴染の母だった→実は余命3ヶ月だと伝えた結果….【ゆっくり解説】,2023-12-18,622300,3080,90,2024-01-07,調査_馴れ初め_20240107:動画_1年分,competitor_sheet_archive,https://i.ytimg.com/vi/RpkgKq4fESU/maxresdefault.jpg,,
2Q1nFGnn5Sg,,2chしあわせのなれそめ,【2ch馴れ初め】仕事帰りのコンビニでJKの自転車が壊れて暴走していたのを助けたら…【ゆっくり解説】,2023-05-17,612990,7020,230,2024-01-07,調査_馴れ初め_20240107:動画_1年分,competitor_sheet_archive,https://i.ytimg.com/vi/2Q1nFGnn5Sg/maxresdefault.jpg,,
AbIYkjDR-cE,,2ch馴れ初めスレ速報,【2ch馴れ初め】◯出し特集を美人幼馴染に見られ・・・結果【ゆっくり】,2024-01-04,609210,4450,110,2024-01-07,調査_馴れ初め_20240107:動画_1年分,competitor_sheet_archive,https://i.ytimg.com/vi/AbIYkjDR-cE/maxresdefault.jpg,,
GdjnCuw3eQ8,,2ch放課後の馴れ初め,【2ch馴れ初め】駐輪場に住み着くホームレス女、みるみる痩せるので飯をあげた結果【ゆっくり解説】,2023-04-24,608140,7520,240,2024-01-07,調査_馴れ初め_20240107:動画_1年分,competitor_sheet_archive,https://i.ytimg.com/vi/GdjnCuw3eQ8/maxresdefault.jpg,,
uFtTnZMUW9U,,感動の馴れ初めばなし,【2ch馴れ初め】誰も寄り付かないボロボロで貧困のクラスメイトにチキンポットパイを買って一緒に食べた結果…【伝説のスレ】,2023-06-28,594840,8950,170,2024-01-07,調査_馴れ初め_20240107:動画_1年分,competitor_sheet_archive,https://i.ytimg.com/vi/uFtTnZMUW9U/maxresdefault.jpg,,
qE3Cla6XKhM,,2ch馴れ初めで愛を語る,【2ch馴れ初め】クリスマスに予定のない40歳独身の俺 → 部下の残業を全て引き受けたら残業終わりに美人後輩に誘われた結果,2023-12-25,594590,3470,90,2024-01-07,調査_馴れ初め_20240107:動画_1年分,competitor_sheet_archive,https://i.ytimg.com/vi/qE3Cla6XKhM/maxresdefault.jpg,,
z45BO-hTBYQ,,大人の馴れ初め話ストーリー【2chゆっくり解説】,【2ch馴れ初め】突然俺の息子を触る真面目な委員長→委員長「ここ弱いの？」俺「も、もう発射する‼」→めっちゃヤリまくった【ゆっくり解説】,2023-12-06,589590,2600,40,2024-01-07,調査_馴れ初め_20240107:動画_1年分,competitor_sheet_archive,https://i.ytimg.com/vi/z45BO-hTBYQ/maxresdefault.jpg,,
V1SzXsxkwZU,,2ch風馴初め物語,【2ch馴れ初め】Eカップの女バスの先輩が俺を子供扱いしてきたので、大人の証拠を見せた結果…,2023-10-26,584180,3010,20,2024-01-07,調査_馴れ初め_20240107:動画_1年分,competitor_sheet_archive,https://i.ytimg.com/vi/V1SzXsxkwZU/maxresdefault.jpg,,
mYYYzRClai8,,2ch馴れ初めで愛を語る,【2ch馴れ初め】学校一のヤンキー女と陰キャの俺がなぜか２人きりで修学旅行に行くことになった結果,2023-12-20,583930,4950,140,2024-01-07,調査_馴れ初め_20240107:動画_1年分,competitor_sheet_archive,https://i.ytimg.com/vi/mYYYzRClai8/maxresdefault.jpg,,
R0VsfH8w04o,,2ch馴れ初めで愛を語る,【2ch馴れ初め】傷だらけで家出した10歳の俺を助けてくれた 不良ギャルに10年後会いに行った結果,2024-01-04,576270,4510,90,2024-01-07,調査_馴れ初め_20240107:動画_1年分,competitor_sheet_archive,https://i.ytimg.com/vi/R0VsfH8w04o/maxresdefault.jpg,,
GZW_yp24qgc,,2ch馴れ初め日和,【2ch馴れ初め】隣のパン工場で不採用になったボロボロ姿のシングルマザー→廃業寸前の俺の店で雇った結果…【ゆっくり】,2023-12-27,574890,7840,130,2024-01-07,調査_馴れ初め_20240107:動画_1年分,competitor_sheet_archive,https://i.ytimg.com/vi/GZW_yp24qgc/maxresdefault.jpg,,
aJQy8C8J1xs,,2ch馴れ初め日和,【2ch馴れ初め】改装中の食堂に来たボロボロの少女→心に染みる鍋を振る舞った結果…【ゆっくり】,2023-12-18,572560,9730,180,2024-01-07,調査_馴れ初め_20240107:動画_1年分,competitor_sheet_archive,https://i.ytimg.com/vi/aJQy8C8J1xs/maxresdefault.jpg,,
9Jpjhz3MFos,,2chしあわせのなれそめ,【2ch馴れ初め】カップル割引に釣られてヤンキーJKと偽恋人をしたらキスをする事になった結果【ゆっくり解説】,2023-05-27,571340,5930,160,2024-01-07,調査_馴れ初め_20240107:動画_1年分,competitor_sheet_archive,https://i.ytimg.com/vi/9Jpjhz3MFos/maxresdefault.jpg,,
7BZCYO1YPjA,,2chなれそめ-運命の恋物語-,【2ch馴れ初め】職場で美人上司から突然のキス！？憧れの彼女は実は…,2023-05-09,571220,4620,70,2024-01-07,調査_馴れ初め_20240107:動画_1年分,competitor_sheet_archive,https://i.ytimg.com/vi/7BZCYO1YPjA/maxresdefault.jpg,,
UBq1Lznc1w0,,私たちの馴れ初めTV,【馴れ初め】ツンデレの美人上司が、雨の中傘もささず大泣きしてた、俺の家に連れて帰りシャワーを貸すと驚きの姿で現れ...【感動する話】,2023-02-09,570880,3680,30,2024-01-07,調査_馴れ初め_20240107:動画_1年分,competitor_sheet_archive,https://i.ytimg.com/vi/UBq1Lznc1w0/maxresdefault.jpg,,
Mwd-oT8xtTY,,2ch馴れ初めクエスト,【2ch馴れ初め】フードコートでいつも母親の帰りを待っているぼろぼろの双子姉妹に中華料理屋店主の俺がチャーハンをご馳走してあげた結果【ゆっくり動画】,2023-12-28,569320,8980,200,2024-01-07,調査_馴れ初め_20240107:動画_1年分,competitor_sheet_archive,https://i.ytimg.com/vi/Mwd-oT8xtTY/maxresdefault.jpg,,
Pmfn0oBqOxI,,2ch胸キュン馴れ初め,【2ch馴れ初め】皆が恐れるぼっちヤンキー女が修学旅行中ずっと一人だった。陰キャの俺が一緒に観光したら最初は冷たかったが徐々に心を開きデレるようになった結果…【ゆっくり】,2023-12-20,557360,3590,50,2024-01-07,調査_馴れ初め_20240107:動画_1年分,competitor_sheet_archive,https://i.ytimg.com/vi/Pmfn0oBqOxI/maxresdefault.jpg,,
g6LeXGO8JH8,,2ch馴れ初めクエスト,【2ch馴れ初め】真冬に家賃滞納で強制退去を迫られた隣の貧乏母娘に空き部屋を提供し鍋料理をご馳走した結果【ゆっくり動画】,2023-12-31,548910,9210,160,2024-01-07,調査_馴れ初め_20240107:動画_1年分,competitor_sheet_archive,https://i.ytimg.com/vi/g6LeXGO8JH8/maxresdefault.jpg,,
_a2yEImPt_w,,思い出のゆっくり2ch,【2ch馴れ初め】親が決めた許嫁みたいな幼馴染から全力で逃げた結果 #2ch名作スレ,2023-05-09,548490,8090,610,2024-01-07,調査_馴れ初め_20240107:動画_1年分,competitor_sheet_archive,https://i.ytimg.com/vi/_a2yEImPt_w/maxresdefault.jpg,,
DQ-nOzJ0fcE,,思い出のゆっくり2ch,【2ch馴れ初め】人生に絶望してたとき見知らぬ男が家に入ってきて・・・。 傑作選！感動の名作なれそめスレ厳選15本をまとめてみた！総集編,2023-04-21,545360,6090,140,2024-01-07,調査_馴れ初め_20240107:動画_1年分,competitor_sheet_archive,https://i.ytimg.com/vi/DQ-nOzJ0fcE/maxresdefault.jpg,,
gjppUR0l-6c,,思い出のゆっくり2ch,【2ch馴れ初め】昔めっちゃ怖かった高校の先生を飲みに誘った結果,2023-05-01,540220,6810,180,2024-01-07,調査_馴れ初め_20240107:動画_1年分,competitor_sheet_archive,https://i.ytimg.com/vi/gjppUR0l-6c/maxresdefault.jpg,,
bsuJljziQRo,,2ch俺的スレまとめ,【2ch馴れ初め】幼馴染と再会したらボンキュボンになっていた⇒結婚を申し込まれた結果ｗ【ゆっくり】,2023-05-18,539640,5010,60,2024-01-07,調査_馴れ初め_20240107:動画_1年分,competitor_sheet_archive,https://i.ytimg.com/vi/bsuJljziQRo/maxresdefault.jpg,,
ZfaivzzgxAo,,馴れ初めフレンド仮,【2ch馴れ初め】社長令嬢と無理やり1か月同棲させられ、ワガママすぎるお嬢様に大激怒した結果…,2023-06-06,537710,4310,50,2024-01-07,調査_馴れ初め_20240107:動画_1年分,competitor_sheet_archive,https://i.ytimg.com/vi/ZfaivzzgxAo/maxresdefault.jpg,,
HMMg0UCxOLM,,2ch興味深い馴れ初め話,【2ch馴れ初め】高熱でキツそうな隣人の美人熟女に家にあった坐薬入れてあげた結果【ゆっくり】,2023-06-20,536820,3460,50,2024-01-07,調査_馴れ初め_20240107:動画_1年分,competitor_sheet_archive,https://i.ytimg.com/vi/HMMg0UCxOLM/maxresdefault.jpg,,
dXo4iLZUBTI,,思い出のゆっくり2ch,【2ch馴れ初め】朝起きたら職場の後輩が俺の部屋に勝手に侵入していた結果ｗ #2ch名作スレ,2023-05-12,522540,6490,270,2024-01-07,調査_馴れ初め_20240107:動画_1年分,competitor_sheet_archive,https://i.ytimg.com/vi/dXo4iLZUBTI/maxresdefault.jpg,,
ToFtfJhTv7w,,夜のひと馴れ初め,【2ch 馴れ初め】隣に住む彼氏持ち美人同僚とめちゃくちゃ●った【ゆっくり解説】,2023-12-26,517980,2990,60,2024-01-07,調査_馴れ初め_20240107:動画_1年分,competitor_sheet_archive,https://i.ytimg.com/vi/ToFtfJhTv7w/maxresdefault.jpg,,
-sww8Nns0-U,,2chなれそめストーリー,【２ch馴れ初め】陰キャで非モテな俺が同僚から告白されているのを見て無口な女上司が裏で号泣していた【ゆっくり解説】,2023-06-08,517400,4750,60,2024-01-07,調査_馴れ初め_20240107:動画_1年分,competitor_sheet_archive,https://i.ytimg.com/vi/-sww8Nns0-U/maxresdefault.jpg,,
iOB88KlL2Vc,,101回目の馴れ初め,【2ch馴れ初め】あざとエ〇イ後輩と終電に間に合わず自宅で〇〇した結果w【ゆっくり解説】,2023-06-21,510600,3020,60,2024-01-07,調査_馴れ初め_20240107:動画_1年分,competitor_sheet_archive,https://i.ytimg.com/vi/iOB88KlL2Vc/maxresdefault.jpg,,
bnI78p1d9s8,,101回目の馴れ初め,【2ch馴れ初め】Dカップの女上司に泥酔してム○コ○えられた結果wwww【ゆっくり解説】,2023-06-26,508980,2690,30,2024-01-07,調査_馴れ初め_20240107:動画_1年分,competitor_sheet_archive,https://i.ytimg.com/vi/bnI78p1d9s8/maxresdefault.jpg,,
w5uAKo3LZhY,,2ch馴れ初め物語,【2ch馴れ初め】幼い頃、トイレを手伝ってあげてた同僚の娘…女子大生になってから再会した結果…【ゆっくり】,2023-06-10,508390,4520,10,2024-01-07,調査_馴れ初め_20240107:動画_1年分,competitor_sheet_archive,https://i.ytimg.com/vi/w5uAKo3LZhY/maxresdefault.jpg,,
_VCtB-PKrto,,2chなれそめストーリー,【2ch馴れ初め】学校一の美女と罰ゲームで付き合ったら、衝撃な展開になったんだが【ゆっくり解説】,2023-03-25,501630,5780,220,2024-01-07,調査_馴れ初め_20240107:動画_1年分,competitor_sheet_archive,https://i.ytimg.com/vi/_VCtB-PKrto/maxresdefault.jpg,,
iX106zOGB3E,,私たちの馴れ初めTV,【馴れ初め】モテない陰キャの俺が辞表届けを大嫌いな美人上司に手渡すと「それなら私の夫にならない？」「えっ？」新婚生活がヤバすぎて...【感動する話】,2023-06-30,499030,3800,100,2024-01-07,調査_馴れ初め_20240107:動画_1年分,competitor_sheet_archive,https://i.ytimg.com/vi/iX106zOGB3E/maxresdefault.jpg,,
VplO3nBt4w4,,俺たちの馴れ初め,【2ch馴れ初め】ドブ川で身体を洗うホームレス女→家に招きお風呂を貸した結果…【ゆっくり】,2023-06-21,498340,4470,140,2024-01-07,調査_馴れ初め_20240107:動画_1年分,competitor_sheet_archive,https://i.ytimg.com/vi/VplO3nBt4w4/maxresdefault.jpg,,
vTWIATo73Lk,,思い出のゆっくり2ch,【2ch馴れ初め】美人の同僚が原因不明の発疹で悪臭のバケモノに…俺だけが態度を変えなかった結果,2023-06-12,493740,7360,290,2024-01-07,調査_馴れ初め_20240107:動画_1年分,competitor_sheet_archive,https://i.ytimg.com/vi/vTWIATo73Lk/maxresdefault.jpg,,
PKrVyBbH578,,感動の馴れ初めばなし,【2ch馴れ初め】豪雨の中、道端で困っているギャルを助けたら、婚姻届を持って毎日迫られた結果…【伝説のスレ】,2023-06-18,492180,6100,190,2024-01-07,調査_馴れ初め_20240107:動画_1年分,competitor_sheet_archive,https://i.ytimg.com/vi/PKrVyBbH578/maxresdefault.jpg,,
BTDXwk0Jh9A,,2chなれそめストーリー,【2ch馴れ初め】学校の体育祭でヤンキーJKが着替えていたドアをうっかり開けしまった結果【ゆっくり解説】,2023-05-19,487120,4570,80,2024-01-07,調査_馴れ初め_20240107:動画_1年分,competitor_sheet_archive,https://i.ytimg.com/vi/BTDXwk0Jh9A/maxresdefault.jpg,,
RiCxtI-6vLI,,馴れ初めフレンド仮,【2ch馴れ初め】金髪ハーフの女が「久しぶりだね！ダーリン！」陰キャの俺は婚約もしてないし彼女もいたことないんだが…,2023-05-13,484120,5570,110,2024-01-07,調査_馴れ初め_20240107:動画_1年分,competitor_sheet_archive,https://i.ytimg.com/vi/RiCxtI-6vLI/maxresdefault.jpg,,
SAZHOMGnFCw,,2ch純愛物語,【2ch馴れ初め】 成人式なのにボロボロジャージ姿の元同級生→姉の形見の振袖を着付けした結果…【ゆっくり】,2024-01-05,483550,8210,130,2024-01-07,調査_馴れ初め_20240107:動画_1年分,competitor_sheet_archive,https://i.ytimg.com/vi/SAZHOMGnFCw/maxresdefault.jpg,,
cwbMy4puHy0,,私たちの馴れ初めTV,【馴れ初め】社員全員を虜にする美人上司に俺の秘密がバレてしまった結果、妻「私と結婚してください♡」俺「え？」その理由がヤバ過ぎて...【感動する話】,2023-04-24,481960,2900,70,2024-01-07,調査_馴れ初め_20240107:動画_1年分,competitor_sheet_archive,https://i.ytimg.com/vi/cwbMy4puHy0/maxresdefault.jpg,,
LyEem0H9YCE,,叡智な馴れ初め物語,【2ch馴れ初め】ずっと好きだった幼馴染と再会→ひと晩一緒に過ごした結果,2023-12-18,479570,2850,10,2024-01-07,調査_馴れ初め_20240107:動画_1年分,competitor_sheet_archive,https://i.ytimg.com/vi/LyEem0H9YCE/maxresdefault.jpg,,
zwEmV8VvOAA,,2ch馴れ初め日和,【2ch馴れ初め】山奥のキャンプ場でソロキャンプ。暗闇からボロボロの女が出没し、俺の車で車中泊させた結果【ゆっくり】,2023-06-02,473730,4680,90,2024-01-07,調査_馴れ初め_20240107:動画_1年分,competitor_sheet_archive,https://i.ytimg.com/vi/zwEmV8VvOAA/maxresdefault.jpg,,
s3oSre8g-PI,,ムフフな馴れ初め【2chゆっくり】,【2ch馴れ初め】不感症で悩む美熟女上司「今まで感じたことが無くて…」→吸うやつ使いまくった結果ｗ【ゆっくり解説】,2024-01-04,471260,2370,20,2024-01-07,調査_馴れ初め_20240107:動画_1年分,competitor_sheet_archive,https://i.ytimg.com/vi/s3oSre8g-PI/maxresdefault.jpg,,
NkU2IbBYtT0,,2ch馴れ初め通信,【2ch馴れ初め】吹雪の夜にボロボロの姿で歩く熟女と子供、心配で声を掛けた結果 【ゆっくり】,2023-05-25,456580,5950,140,2024-01-07,調査_馴れ初め_20240107:動画_1年分,competitor_sheet_archive,https://i.ytimg.com/vi/NkU2IbBYtT0/maxresdefault.jpg,,
TMl6scfTYpI,,2ch馴れ初めは突然に,【2ch馴れ初め】鬼女上司に怒られた翌日、コスプレイベント会場で美人レイヤーに声をかけた結果…【ゆっくり解説】,2023-04-26,449040,5030,120,2024-01-07,調査_馴れ初め_20240107:動画_1年分,competitor_sheet_archive,https://i.ytimg.com/vi/TMl6scfTYpI/maxresdefault.jpg,,
N8PR_RTpfzM,,私たちの馴れ初めTV,【馴れ初め】最愛の妻を亡った俺に、社長「うちの娘と結婚してくれ」同居を始めた最初の夜に 驚きの姿で現れ...【感動する話】,2023-12-03,443170,2730,20,2024-01-07,調査_馴れ初め_20240107:動画_1年分,competitor_sheet_archive,https://i.ytimg.com/vi/N8PR_RTpfzM/maxresdefault.jpg,,
83XsDi7ThGc,,2chほっこり馴れ初め話,【2ch馴れ初め】美人になった幼馴染と同窓会で再会、酔った勢いで男女の関係を持ってしまった結果…【ゆっくり】,2023-06-11,441610,3780,60,2024-01-07,調査_馴れ初め_20240107:動画_1年分,competitor_sheet_archive,https://i.ytimg.com/vi/83XsDi7ThGc/maxresdefault.jpg,,
aVow8jf8u_o,,101回目の馴れ初め,【2ch馴れ初め】俺に厳しい美人上司が初めてだったので破った結果w【ゆっくり解説】,2023-06-07,435690,3390,00,2024-01-07,調査_馴れ初め_20240107:動画_1年分,competitor_sheet_archive,https://i.ytimg.com/vi/aVow8jf8u_o/maxresdefault.jpg,,
tarKS8l0hBs,,おとなの純愛小説,【馴れ初め】冷徹な美人女社長に冗談で告白すると、妻「好きにしていいわよ♡」好きにした結果…【感動する話】,2023-05-29,433740,2410,20,2024-01-07,調査_馴れ初め_20240107:動画_1年分,competitor_sheet_archive,https://i.ytimg.com/vi/tarKS8l0hBs/maxresdefault.jpg,,
LgZb-lvPA5M,,2ch 馴れ初め白書,【2ch馴れ初め】【ゆっくり】,2023-12-27,432120,7120,240,2024-01-07,調査_馴れ初め_20240107:動画_1年分,competitor_sheet_archive,https://i.ytimg.com/vi/LgZb-lvPA5M/maxresdefault.jpg,,
_xrXDqoyunM,,思い出のゆっくり2ch,【2ch馴れ初め】親にも親戚にも捨てられ、生きるために歳の差倍以上バツ2中卒オジサンとやけくそで結婚した結果…,2023-06-06,432120,6460,210,2024-01-07,調査_馴れ初め_20240107:動画_1年分,competitor_sheet_archive,https://i.ytimg.com/vi/_xrXDqoyunM/maxresdefault.jpg,,
WNBrFN8tQ3Y,,おとなの純愛小説,【馴れ初め】俺「女性に興味ないんです」会社のマドンナの告白を断り友人と合コンに参加すると、マドンナも居て「どう言うことなの？」【感動する話】,2023-05-21,428750,2650,40,2024-01-07,調査_馴れ初め_20240107:動画_1年分,competitor_sheet_archive,https://i.ytimg.com/vi/WNBrFN8tQ3Y/maxresdefault.jpg,,
gaUidfj-QUI,,Dinesh Kumar,【馴れ初め】温泉旅館で大嫌いな美人上司のスカートの中が見えると「あなた後で私の部屋に来なさい！」部屋に行くと,2023-12-21,427320,1060,00,2024-01-07,調査_馴れ初め_20240107:動画_1年分,competitor_sheet_archive,https://i.ytimg.com/vi/gaUidfj-QUI/maxresdefault.jpg,,
3xYNr1pJHkc,,2ch馴れ初めスレ速報,"【2ch馴れ初め】足を怪我した俺が部下に""お世話""してもらった結果・・・【ゆっくり】",2023-06-17,426580,3970,80,2024-01-07,調査_馴れ初め_20240107:動画_1年分,competitor_sheet_archive,https://i.ytimg.com/vi/3xYNr1pJHkc/maxresdefault.jpg,,
zH5pePdJSTY,,叡智な馴れ初め物語,【2ch馴れ初め】いつもクールな美尻上司が泥酔して浴衣姿で甘えてきた結果,2023-12-10,426320,2780,10,2024-01-07,調査_馴れ初め_20240107:動画_1年分,competitor_sheet_archive,https://i.ytimg.com/vi/zH5pePdJSTY/maxresdefault.jpg,,
kD9tTiUaxCE,,2ch馴れ初めクエスト,【2ch馴れ初め】真冬に駅のロータリーで身を寄せ合う訳ありの貧乏母娘を母を迎えにきた俺が心配になり声を掛けた結果【ゆっくり動画】,2024-01-02,425520,7840,200,2024-01-07,調査_馴れ初め_20240107:動画_1年分,competitor_sheet_archive,https://i.ytimg.com/vi/kD9tTiUaxCE/maxresdefault.jpg,,
DW7KE59X3JU,,あなたと私の恋ばなし,【2ch馴れ初め】大雨の深夜、サービスエリアに置いてけぼりにされた双子→出張帰りの俺が温かいスープをご馳走した結果…【伝説のスレ】,2023-11-21,423290,5240,100,2024-01-07,調査_馴れ初め_20240107:動画_1年分,competitor_sheet_archive,https://i.ytimg.com/vi/DW7KE59X3JU/maxresdefault.jpg,,
EUAWImbBPpo,,感動の馴れ初めばなし,【2ch馴れ初め】ブサイクでコミュ障の俺がハーフ系美女に罰ゲームで告白された結果...【伝説のスレ】,2023-03-31,421510,5800,250,2024-01-07,調査_馴れ初め_20240107:動画_1年分,competitor_sheet_archive,https://i.ytimg.com/vi/EUAWImbBPpo/maxresdefault.jpg,,
jxD6oFXeYtY,,夜のひと馴れ初め,【2ch 馴れ初め】危機感のない美人年下幼馴染に大人の本気を教えてあげた結果【ゆっくり解説】,2023-12-30,421040,1850,30,2024-01-07,調査_馴れ初め_20240107:動画_1年分,competitor_sheet_archive,https://i.ytimg.com/vi/jxD6oFXeYtY/maxresdefault.jpg,,
r3JyA1q4mmo,,夜のひと馴れ初め,【2ch 馴れ初め】美尻熟女の元恋人「私を洗って…」お風呂で…結果【ゆっくり解説】,2024-01-01,416390,2470,30,2024-01-07,調査_馴れ初め_20240107:動画_1年分,competitor_sheet_archive,https://i.ytimg.com/vi/r3JyA1q4mmo/maxresdefault.jpg,,
oH1K4XTKaGA,,2ch 馴れ初め白書,【2ch馴れ初め】【ゆっくり】,2023-12-28,408400,6600,100,2024-01-07,調査_馴れ初め_20240107:動画_1年分,competitor_sheet_archive,https://i.ytimg.com/vi/oH1K4XTKaGA/maxresdefault.jpg,,
fdA3FKdpK7U,,2ch馴れ初めクエスト,【2ch馴れ初め】双子の赤ちゃんを連れて近所に引っ越してきたボロボロの女性に小さくなった息子の服や靴を大量に持って行った結果【ゆっくり動画】,2024-01-01,406700,6620,130,2024-01-07,調査_馴れ初め_20240107:動画_1年分,competitor_sheet_archive,https://i.ytimg.com/vi/fdA3FKdpK7U/maxresdefault.jpg,,
wP4fghVQqY4,,2ch胸キュン馴れ初め,【馴れ初め】合コンで高卒陰キャと俺を見下すDQN「低学歴はブスの相手w」と地味眼鏡女と2人きりにさせられたが、実は彼女の正体がヤバかった‼【ゆっくり】,2023-05-13,405710,4100,90,2024-01-07,調査_馴れ初め_20240107:動画_1年分,competitor_sheet_archive,https://i.ytimg.com/vi/wP4fghVQqY4/maxresdefault.jpg,,
SLSb9KuSOMI,,2ch馴れ初め通信,【2ch馴れ初め】俺の会社の面接会場から号泣しながら帰る外国人JDに、心配で声を掛けた結果 【ゆっくり】,2023-05-08,402670,5600,80,2024-01-07,調査_馴れ初め_20240107:動画_1年分,competitor_sheet_archive,https://i.ytimg.com/vi/SLSb9KuSOMI/maxresdefault.jpg,,
og_w7oALquw,,私たちの馴れ初めTV,【馴れ初め】妻「私のこと好きなんですか？」俺「君しかいないんだ！」妻「私、ワケアリだけど大丈夫？」俺「えっ！？」【感動する話】,2023-01-17,401280,2500,30,2024-01-07,調査_馴れ初め_20240107:動画_1年分,competitor_sheet_archive,https://i.ytimg.com/vi/og_w7oALquw/maxresdefault.jpg,,
989R6mGbjY4,,私たちの馴れ初めTV,【馴れ初め】大企業の美人社長令嬢が、親戚の赤ん坊を抱いてる俺見て大号泣「好きだったのに...」俺「えっ？」真実を伝えると...【感動する話】,2023-04-12,400020,3300,20,2024-01-07,調査_馴れ初め_20240107:動画_1年分,competitor_sheet_archive,https://i.ytimg.com/vi/989R6mGbjY4/maxresdefault.jpg,,
58J5FW0ReLY,,2chなれそめ-運命の恋物語-,【2ch馴れ初め】俺にだけ塩対応な美人女医→転勤することを伝えた結果,2023-06-15,399380,3330,80,2024-01-07,調査_馴れ初め_20240107:動画_1年分,competitor_sheet_archive,https://i.ytimg.com/vi/58J5FW0ReLY/maxresdefault.jpg,,
xNrNTUhm5Ug,,馴れ初めロマンティック,【2ch 馴れ初め】昔好きだった幼馴染と遭遇→お互い初ラ◯ホで初◯◯しした結果…【ゆっくり解説】,2023-12-29,399180,1960,10,2024-01-07,調査_馴れ初め_20240107:動画_1年分,competitor_sheet_archive,https://i.ytimg.com/vi/xNrNTUhm5Ug/maxresdefault.jpg,,
IBIPyDANtXc,,2ch馴れ初めで愛を語る,【2ch馴れ初め】思春期の娘に口を聞いてもらえないシングルファザーの俺 職場の美人後輩に助けられた結果,2023-12-29,397640,3660,20,2024-01-07,調査_馴れ初め_20240107:動画_1年分,competitor_sheet_archive,https://i.ytimg.com/vi/IBIPyDANtXc/maxresdefault.jpg,,
Nq9YiDhXM0o,,2chなれそめストーリー,【２ch馴れ初め】「彼氏が欲しい！」と酔って愚痴る女上司にふざけて告白した結果【ゆっくり解説】,2023-06-01,397600,4240,20,2024-01-07,調査_馴れ初め_20240107:動画_1年分,competitor_sheet_archive,https://i.ytimg.com/vi/Nq9YiDhXM0o/maxresdefault.jpg,,
hmfpkEZNi3M,,2ch馴れ初めで愛を語る,【2ch馴れ初め】毎日もやしだけ購入するガリガリの貧乏姉妹に 隣に住む俺が激ウマ料理作ってご馳走した結果,2024-01-02,394970,4300,130,2024-01-07,調査_馴れ初め_20240107:動画_1年分,competitor_sheet_archive,https://i.ytimg.com/vi/hmfpkEZNi3M/maxresdefault.jpg,,
E3HJNhhst9A,,2ch馴れ初めスレ速報,【2ch馴れ初め】家政婦よんだら生意気な後輩が！仕返しとしてふざけて裸エプロン頼んでみた結果・・・【ゆっくり】,2023-12-27,394590,2330,50,2024-01-07,調査_馴れ初め_20240107:動画_1年分,competitor_sheet_archive,https://i.ytimg.com/vi/E3HJNhhst9A/maxresdefault.jpg,,
GLgARX0jkNM,,ムフフな馴れ初め【2chゆっくり】,【2ch馴れ初め】夫に先立たれた欲求不満の未亡人「一人じゃ満足できなくて…」→全力でヤリまくった結果ｗ【ゆっくり解説】,2024-01-02,390840,2670,40,2024-01-07,調査_馴れ初め_20240107:動画_1年分,competitor_sheet_archive,https://i.ytimg.com/vi/GLgARX0jkNM/maxresdefault.jpg,,
Wh4n9Ay3dLY,,大人の馴れ初め話【2chゆっくり】,【2ch 馴れ初め】バイト先の爆乳人妻「3年もレスなの…だから」イッチ「俺でいいんですか？」【ゆっくり解説】,2023-12-13,390820,2190,10,2024-01-07,調査_馴れ初め_20240107:動画_1年分,competitor_sheet_archive,https://i.ytimg.com/vi/Wh4n9Ay3dLY/maxresdefault.jpg,,
fkZyZR383N8,,思い出のゆっくり2ch,【2ch馴れ初め】電車で挙動不審な外国人女性に声をかけた結果・・・！#2ch名作 #長編,2023-02-09,390820,7680,200,2024-01-07,調査_馴れ初め_20240107:動画_1年分,competitor_sheet_archive,https://i.ytimg.com/vi/fkZyZR383N8/maxresdefault.jpg,,
cZvZSO-uJnM,,ゆたせなランド,【ドライブ】ゆたせなの馴れ初めについて👫〜出会いから付き合うまで〜,2023-02-23,390790,13420,570,2024-01-07,調査_馴れ初め_20240107:動画_1年分,competitor_sheet_archive,https://i.ytimg.com/vi/cZvZSO-uJnM/maxresdefault.jpg,,
a-lqzBrcTqM,,2ch純愛物語,【2ch馴れ初め】田舎の山道で車が故障し困ってるヤンキー女性→車オタクで陰キャの俺が勇気を出して声を掛けた結果…【ゆっくり】,2023-12-26,389530,5440,150,2024-01-07,調査_馴れ初め_20240107:動画_1年分,competitor_sheet_archive,https://i.ytimg.com/vi/a-lqzBrcTqM/maxresdefault.jpg,,
gQXhKT5Azv4,,2ch馴れ初め日和,【2ch馴れ初め】ゴミ捨て場の古着を泣きながら漁る貧乏少女→クリーニング屋の俺が声を掛けた結果…【ゆっくり】,2024-01-03,386870,7830,130,2024-01-07,調査_馴れ初め_20240107:動画_1年分,competitor_sheet_archive,https://i.ytimg.com/vi/gQXhKT5Azv4/maxresdefault.jpg,,
tdx5H-lcMVM,,2ch胸キュン馴れ初め,【2ch馴れ初め】会社で恐れられている鬼女上司。俺が独身だと気づくと急に態度が激変し甘えてきて…【ゆっくり】,2023-05-25,377690,4110,110,2024-01-07,調査_馴れ初め_20240107:動画_1年分,competitor_sheet_archive,https://i.ytimg.com/vi/tdx5H-lcMVM/maxresdefault.jpg,,
io3XFVpfiWo,,馴れ初めアミーゴ,【2ch馴れ初め】家事代行にきた美女がサービスで下の処理もお願いしてみた結果....【作業用】【睡眠用】【総集編】,2024-01-03,373030,1840,30,2024-01-07,調査_馴れ初め_20240107:動画_1年分,competitor_sheet_archive,https://i.ytimg.com/vi/io3XFVpfiWo/maxresdefault.jpg,,
xhXW4wzrvsw,,思い出のゆっくり2ch,【2ch馴れ初め】転勤でド田舎に飛ばされて絶望し結果→大家さんの娘と出会い…。 傑作選！感動の名作なれそめスレ厳選20本をまとめてみた！総集編,2023-04-25,367720,4940,50,2024-01-07,調査_馴れ初め_20240107:動画_1年分,competitor_sheet_archive,https://i.ytimg.com/vi/xhXW4wzrvsw/maxresdefault.jpg,,
GVEWygUNVVg,,2ch馴れ初メロディー,【2ch 馴れ初め】「男だと思っていた幼馴染と久々の再会したら「これマジ重いぜ」とGカップを見せてきたので凝視してしまった結果【ゆっくり】,2024-01-01,362470,4040,210,2024-01-07,調査_馴れ初め_20240107:動画_1年分,competitor_sheet_archive,https://i.ytimg.com/vi/GVEWygUNVVg/maxresdefault.jpg,,
XkMpTn3E6FY,,感動の馴れ初めばなし,【2ch馴れ初め】貧乏ニートで崖っぷちの俺が迷子の女の子を助けたら、美人警察官に捕まり告白された結果…【伝説のスレ】,2023-06-26,359610,5810,110,2024-01-07,調査_馴れ初め_20240107:動画_1年分,competitor_sheet_archive,https://i.ytimg.com/vi/XkMpTn3E6FY/maxresdefault.jpg,,
-6-PeXwk7Rs,,2ch馴れ初めで愛を語る,【2ch馴れ初め】元旦の公園で１人ぼっちで遊ぶ近所のボロボロ少女→大家族の俺がばあちゃん自慢のおせちを一緒に食べようと誘った結果,2024-01-05,358350,5720,160,2024-01-07,調査_馴れ初め_20240107:動画_1年分,competitor_sheet_archive,https://i.ytimg.com/vi/-6-PeXwk7Rs/maxresdefault.jpg,,
OXSCkLCWF2Y,,2ch馴れ初メロディー,【2ch馴れ初め】俺が経営しているコンビニで万引きしたガリガリの貧乏ヤンキー少女「抱かせてやるから許して」→しっかり償ってもらった結果 【ゆっくり】,2023-12-14,358140,2380,80,2024-01-07,調査_馴れ初め_20240107:動画_1年分,competitor_sheet_archive,https://i.ytimg.com/vi/OXSCkLCWF2Y/maxresdefault.jpg,,
7ffwlmKQbFI,,2chしあわせのなれそめ,【2ch馴れ初め】深夜に雷雨でテントが壊れたビッチョビチョのソロキャン美女と一晩過ごした結果【ゆっくり解説】,2023-06-28,356400,3730,90,2024-01-07,調査_馴れ初め_20240107:動画_1年分,competitor_sheet_archive,https://i.ytimg.com/vi/7ffwlmKQbFI/maxresdefault.jpg,,
XmDJnr_rM94,,2ch馴れ初め日記帳,【2ch馴れ初め】ガラの悪い男達に囲まれ涙目で困っている耳が聞こえないホームレス→元ヤクザの俺が助けた結果【ゆっくり】,2023-12-29,355640,6660,130,2024-01-07,調査_馴れ初め_20240107:動画_1年分,competitor_sheet_archive,https://i.ytimg.com/vi/XmDJnr_rM94/maxresdefault.jpg,,
XRLRGuBHc80,,2ch馴れ初めエピソード,【2ch馴れ初め】卒業式の前日に俺の好きな人をバラされた結果...【ゆっくり解説】,2023-03-16,355100,4310,80,2024-01-07,調査_馴れ初め_20240107:動画_1年分,competitor_sheet_archive,https://i.ytimg.com/vi/XRLRGuBHc80/maxresdefault.jpg,,
5pPSfnO3nNk,,2chなれそめストーリー,【2ch馴れ初め】会社で残業してたら終電を逃して先輩の家に泊まることになったから「お腹空いた？」と言われたので、先輩のアワビをいただいた結果【ゆっくり解説】,2023-12-28,352070,2470,20,2024-01-07,調査_馴れ初め_20240107:動画_1年分,competitor_sheet_archive,https://i.ytimg.com/vi/5pPSfnO3nNk/maxresdefault.jpg,,
SPfYOCrNT3k,,おとなの純愛小説,【馴れ初め】妻「あなたに紹介したい人がいるの」無愛想だけど美人令嬢に連れられ社長室へ→すると「お父さん私の彼氏よ」社長に彼氏として紹介され...【感動する話】,2023-06-26,350700,1910,00,2024-01-07,調査_馴れ初め_20240107:動画_1年分,competitor_sheet_archive,https://i.ytimg.com/vi/SPfYOCrNT3k/maxresdefault.jpg,,
25HL3Q7mVSg,,おとなの純愛小説,【馴れ初め】塩対応の美人上司とキャンプにいくとテントの中にゴムが落ちていて、美人上司が拾った結果→思わぬ展開に...【感動する話】,2023-06-22,349790,2340,10,2024-01-07,調査_馴れ初め_20240107:動画_1年分,competitor_sheet_archive,https://i.ytimg.com/vi/25HL3Q7mVSg/maxresdefault.jpg,,
ttH756-2HHE,,2ch馴れ初めストーリー,【2ch馴れ初め】俺を嫌う学園のマドンナを無視し続けた結果 www【ゆっくり解説 面白いスレ】,2023-03-16,346990,3550,40,2024-01-07,調査_馴れ初め_20240107:動画_1年分,competitor_sheet_archive,https://i.ytimg.com/vi/ttH756-2HHE/maxresdefault.jpg,,
DffB8iX2UGM,,2chなれそめストーリー,【2ch馴れ初め】残業で終電を逃して困っていたら同僚女性が家に泊めてくれた結果【ゆっくり解説】,2023-05-30,343640,3350,40,2024-01-07,調査_馴れ初め_20240107:動画_1年分,competitor_sheet_archive,https://i.ytimg.com/vi/DffB8iX2UGM/maxresdefault.jpg,,
xlVo6xi6eZ8,,2chなれそめストーリー,【2ch馴れ初め】交通事故で入院したら、担当の看護師が憧れの先輩で何でもしてくれた【ゆっくり解説】,2023-05-10,341770,3480,50,2024-01-07,調査_馴れ初め_20240107:動画_1年分,competitor_sheet_archive,https://i.ytimg.com/vi/xlVo6xi6eZ8/maxresdefault.jpg,,
88uyN4Niax8,,2ch馴れ初めヒストリー,【2ch馴れ初め】ファミレスで母を気遣い、食べたいものを我慢する健気なガリガリ少女→オーダーミスと嘘を言い特製オムライスを振舞った結果...【ゆっくり】,2024-01-04,340050,6520,180,2024-01-07,調査_馴れ初め_20240107:動画_1年分,competitor_sheet_archive,https://i.ytimg.com/vi/88uyN4Niax8/maxresdefault.jpg,,
T2bwe2OgOOk,,2ch馴れ初めクエスト,【2ch馴れ初め】漁終わりの俺の前に現れたお腹を空かせたぼろぼろ少女に獲れたての魚料理をご馳走してあげた結果【ゆっくり動画】,2023-12-29,338280,5560,160,2024-01-07,調査_馴れ初め_20240107:動画_1年分,competitor_sheet_archive,https://i.ytimg.com/vi/T2bwe2OgOOk/maxresdefault.jpg,,
3VTd_g046uI,,私たちの馴れ初めTV,【馴れ初め】超美人なのにハンサムよりもブサイクの俺にアプローチしてくる受付嬢。俺「お金目当てですか？」妻「違います！」 本当の理由を聞いて驚愕した…【感動する話】,2023-05-26,335900,2300,60,2024-01-07,調査_馴れ初め_20240107:動画_1年分,competitor_sheet_archive,https://i.ytimg.com/vi/3VTd_g046uI/maxresdefault.jpg,,
qi-yQ_xmHb4,,2ch馴れ初めクエスト,【2ch馴れ初め】一人で初詣に来ていたぼろぼろの少女が泣きそうだったので心配になって話かけた結果【ゆっくり動画】,2024-01-03,333720,7440,140,2024-01-07,調査_馴れ初め_20240107:動画_1年分,competitor_sheet_archive,https://i.ytimg.com/vi/qi-yQ_xmHb4/maxresdefault.jpg,,
eFc80Sf438E,,2ch馴れ初めクエスト,【2ch馴れ初め】成人式3日前に再会したボロボロで悲しそうな幼馴染に亡き姉の着られなかった晴れ着を譲った結果【ゆっくり動画】,2024-01-06,327420,5130,100,2024-01-07,調査_馴れ初め_20240107:動画_1年分,competitor_sheet_archive,https://i.ytimg.com/vi/eFc80Sf438E/maxresdefault.jpg,,
HOgTC07gCnA,,2chなれそめストーリー,【2ch馴れ初め】社畜の俺が真夜中に一文無しの乙女を助けてあげたら人生が激変した【ゆっくり解説】,2023-05-02,323250,4250,70,2024-01-07,調査_馴れ初め_20240107:動画_1年分,competitor_sheet_archive,https://i.ytimg.com/vi/HOgTC07gCnA/maxresdefault.jpg,,
pRMUHwEavPs,,官能的な物語,【馴れ初め】隣の未亡人が住む部屋に小さな覗き穴を発見!毎晩、変な声が聞こえてくるので、覗いてみた結果,2023-10-22,322040,860,00,2024-01-07,調査_馴れ初め_20240107:動画_1年分,competitor_sheet_archive,https://i.ytimg.com/vi/pRMUHwEavPs/maxresdefault.jpg,,
W6QPcWzFMgc,,あなたと私の恋ばなし,【2ch馴れ初め】服ズタボロの外国人が俺のアパートの前で座り込んでいたので、味噌汁とおむすびを食べさせてあげた結果…【伝説のスレ】,2023-06-06,321550,4790,70,2024-01-07,調査_馴れ初め_20240107:動画_1年分,competitor_sheet_archive,https://i.ytimg.com/vi/W6QPcWzFMgc/maxresdefault.jpg,,
7iEkaSW9AF8,,2ch馴れ初め日和,【2ch馴れ初め】ゲレンデに置きざりにされた女子大生→娘と泊まるログハウスに招いた結果…【ゆっくり】,2023-12-29,319070,5540,70,2024-01-07,調査_馴れ初め_20240107:動画_1年分,competitor_sheet_archive,https://i.ytimg.com/vi/7iEkaSW9AF8/maxresdefault.jpg,,
R1Vt8c1GZgo,,2ch馴れ初めスレ速報,【2ch馴れ初め】告白してきた学校1可愛い後輩の事を幼馴染に自慢したら「こっちの方が魅力的よ」と自慢の巨乳差し出してきた結果・・・【ゆっくり】,2023-12-19,316880,2310,70,2024-01-07,調査_馴れ初め_20240107:動画_1年分,competitor_sheet_archive,https://i.ytimg.com/vi/R1Vt8c1GZgo/maxresdefault.jpg,,
ADgNvgUHwxg,,思い出のゆっくり2ch,【2ch馴れ初め】陰キャが突然マドンナに告白された結果,2023-04-07,311520,3850,80,2024-01-07,調査_馴れ初め_20240107:動画_1年分,competitor_sheet_archive,https://i.ytimg.com/vi/ADgNvgUHwxg/maxresdefault.jpg,,
Lyi1wXk4l24,,2ch馴れ初めストーリー,【2ch馴れ初め】再婚によってできた妹、夜寝ていたらソーセージをナデナデされた結果【ゆっくり】,2023-06-27,309660,2170,70,2024-01-07,調査_馴れ初め_20240107:動画_1年分,competitor_sheet_archive,https://i.ytimg.com/vi/Lyi1wXk4l24/maxresdefault.jpg,,
ZOXkofIKkxo,,2ch胸キュン馴れ初め,【2ch馴れ初め】上司に頼まれ引きこもりのブス娘と見合い。お試し期間で付き合うと地味な彼女がどんどんスタイル抜群の美人になり…【ゆっくり】,2023-12-24,307180,2570,40,2024-01-07,調査_馴れ初め_20240107:動画_1年分,competitor_sheet_archive,https://i.ytimg.com/vi/ZOXkofIKkxo/maxresdefault.jpg,,
aL4M_0kJ_gY,,2chなれそめストーリー,【2ch馴れ初め】友達だと思ってた幼馴染に「お前は女として見れない」と伝えた結果【ゆっくり解説】,2023-05-20,305630,3240,60,2024-01-07,調査_馴れ初め_20240107:動画_1年分,competitor_sheet_archive,https://i.ytimg.com/vi/aL4M_0kJ_gY/maxresdefault.jpg,,
rodFxHE50Mo,,私たちの馴れ初めTV,【馴れ初め】結婚式当日に花嫁に逃げられると、妻「私が代理をします！」俺「えっ？」知らない女性と結婚式を挙げた結果...【感動する話】,2023-04-29,305290,2470,20,2024-01-07,調査_馴れ初め_20240107:動画_1年分,competitor_sheet_archive,https://i.ytimg.com/vi/rodFxHE50Mo/maxresdefault.jpg,,
JpK6hjAbOak,,2chなれそめストーリー,【２ch馴れ初め】「男に興味が無い」と言っていた女上司と俺が合コンに行ったら出会った結果【ゆっくり解説】,2023-06-14,304960,3570,70,2024-01-07,調査_馴れ初め_20240107:動画_1年分,competitor_sheet_archive,https://i.ytimg.com/vi/JpK6hjAbOak/maxresdefault.jpg,,
yi3al2JU9l8,,夜のひと馴れ初め,【2ch 馴れ初め】サレ夫（独身）の俺が美人熟女に特別な家事代行サービスを受けた結果【ゆっくり解説】,2023-12-31,304450,880,10,2024-01-07,調査_馴れ初め_20240107:動画_1年分,competitor_sheet_archive,https://i.ytimg.com/vi/yi3al2JU9l8/maxresdefault.jpg,,
7WowpkE82E4,,2ch馴れ初め日和,【2ch馴れ初め】今年最後の営業日に半額以下のお弁当を1つだけ買う貧乏親子→初売り用に準備していた福袋をあげた結果…【ゆっくり】,2023-12-31,302620,5110,90,2024-01-07,調査_馴れ初め_20240107:動画_1年分,competitor_sheet_archive,https://i.ytimg.com/vi/7WowpkE82E4/maxresdefault.jpg,,
uyGcO2QCNAI,,2ch馴れ初めスレ速報,【2ch馴れ初め】電車でいつも見かける美人OLに・・・結果【ゆっくり】,2023-12-28,299740,2180,30,2024-01-07,調査_馴れ初め_20240107:動画_1年分,competitor_sheet_archive,https://i.ytimg.com/vi/uyGcO2QCNAI/maxresdefault.jpg,,
yBt32mtHIPE,,あなたと私の恋ばなし,【2ch馴れ初め】冷徹鬼上司から彼氏のフリをしてほしいと頼まれた結果…【伝説のスレ】,2023-06-05,298570,3190,40,2024-01-07,調査_馴れ初め_20240107:動画_1年分,competitor_sheet_archive,https://i.ytimg.com/vi/yBt32mtHIPE/maxresdefault.jpg,,
PQgbwKKz4z0,,2ch純愛物語,【2ch馴れ初め】深夜の駐車場でヤクザに囲まれて泣いてるヤンキー隣人→オタクで陰キャな俺が本気を出した結果…【ゆっくり】,2023-12-23,298500,5600,80,2024-01-07,調査_馴れ初め_20240107:動画_1年分,competitor_sheet_archive,https://i.ytimg.com/vi/PQgbwKKz4z0/maxresdefault.jpg,,
TAF5HnLlXRs,,私たちの馴れ初めTV,【馴れ初め】タマタマ寄ったお店の美女に一目惚れした俺「仲良くなれますか？」妻「無理です！」俺「えっ？」妻「なぜならワタシは...」【感動する話】,2023-03-12,298300,1670,20,2024-01-07,調査_馴れ初め_20240107:動画_1年分,competitor_sheet_archive,https://i.ytimg.com/vi/TAF5HnLlXRs/maxresdefault.jpg,,
w0kgZsOQV_8,,2ch馴れ初め秘話【別館】,【2ch馴れ初め】元気になる薬を飲んでからメンエスに行くと俺の暴れ龍を見て美人担当が泣き出した結果 #恋愛 #2chSS #ラブストーリー #ゆっくり #2ch馴れ初め #スカッと #感動する話,2024-01-05,297210,880,40,2024-01-07,調査_馴れ初め_20240107:動画_1年分,competitor_sheet_archive,https://i.ytimg.com/vi/w0kgZsOQV_8/maxresdefault.jpg,,
pq5f8lhp9No,,叡智な馴れ初め物語,【2ch馴れ初め】電車内でOLに息子が当たり声を掛けられてしまった結果,2024-01-02,297150,2590,70,2024-01-07,調査_馴れ初め_20240107:動画_1年分,competitor_sheet_archive,https://i.ytimg.com/vi/pq5f8lhp9No/maxresdefault.jpg,,
q1XBKjJGe-g,,2ch胸キュン馴れ初め,【2ch馴れ初め】職場のクールな女上司に告白してフラれた俺。しかしその後、俺が同僚からアタックされ始めると上司の態度が急変し…,2023-04-14,296590,2680,70,2024-01-07,調査_馴れ初め_20240107:動画_1年分,competitor_sheet_archive,https://i.ytimg.com/vi/q1XBKjJGe-g/maxresdefault.jpg,,
ExSSVDXWVdo,,ずんだもん馴れ初め話,【2ch馴れ初め】クラスの可愛いヤンキーギャルが俺の部屋に毎日通い勝手に住み着いた結果…,2023-06-28,292320,3180,50,2024-01-07,調査_馴れ初め_20240107:動画_1年分,competitor_sheet_archive,https://i.ytimg.com/vi/ExSSVDXWVdo/maxresdefault.jpg,,
dHXJDtwGXwg,,2chなれそめストーリー,【2ch馴れ初め】病院で泣いていた鬼上司が「余命1年なの…」電話で話しているのを聞いてしまった結果【ゆっくり解説】,2023-05-26,291080,3560,70,2024-01-07,調査_馴れ初め_20240107:動画_1年分,competitor_sheet_archive,https://i.ytimg.com/vi/dHXJDtwGXwg/maxresdefault.jpg,,
w7cILvnsHqM,,俺たちの馴れ初め,【2ch馴れ初め総集編】美人上司がまさかのノーパンだった→つい〇〇を舐めてしまった結果…俺たちの馴れ初め傑作選！人気動画まとめてみた！,2024-01-01,288970,1910,20,2024-01-07,調査_馴れ初め_20240107:動画_1年分,competitor_sheet_archive,https://i.ytimg.com/vi/w7cILvnsHqM/maxresdefault.jpg,,
DHgMVaR3ybo,,馴れ初めアミーゴ,【2ch馴れ初め】俺の立派な息子を見た家政婦→顔を近づけ匂いを嗅いできた結果…【ゆっくり解説】,2023-12-17,286770,1440,30,2024-01-07,調査_馴れ初め_20240107:動画_1年分,competitor_sheet_archive,https://i.ytimg.com/vi/DHgMVaR3ybo/maxresdefault.jpg,,
-_dOY8kpV8U,,2ch馴れ初め通信,【2ch馴れ初め】深夜に泥酔状態でタクシーの乗車してきた美人熟女、自宅まで送り届けた結果 【ゆっくり】,2023-06-03,274930,1750,110,2024-01-07,調査_馴れ初め_20240107:動画_1年分,competitor_sheet_archive,https://i.ytimg.com/vi/-_dOY8kpV8U/maxresdefault.jpg,,
ZHSK10CvlG8,,ずんだもん馴れ初め話,【2ch馴れ初め】クラスのマドンナと罰ゲームで付き合うことに→1週間後に大激怒した結果…,2023-05-18,271230,2320,50,2024-01-07,調査_馴れ初め_20240107:動画_1年分,competitor_sheet_archive,https://i.ytimg.com/vi/ZHSK10CvlG8/maxresdefault.jpg,,
gZ4MOx39Kps,,おとなの純愛小説,【馴れ初め】大嫌いだった幼馴染とお見合い結婚するハメに、別れる前提で結婚した結果 急に俺に甘え出し...【感動する話】,2023-05-23,271150,1500,30,2024-01-07,調査_馴れ初め_20240107:動画_1年分,competitor_sheet_archive,https://i.ytimg.com/vi/gZ4MOx39Kps/maxresdefault.jpg,,
GJ9rTuy20tQ,,2ch馴れ初めプランナー,【2ch馴れ初め】車椅子のばあちゃんを溝にはめ放置する男達→元ボクサーの俺が助け男達を捕まえた結果【ゆっくり解説】,2023-12-23,270620,4680,120,2024-01-07,調査_馴れ初め_20240107:動画_1年分,competitor_sheet_archive,https://i.ytimg.com/vi/GJ9rTuy20tQ/maxresdefault.jpg,,
scGuqGKQSCo,,2ch風馴初め物語,【2ch馴れ初め】高校生の友達の妹から告白された→8歳の女の子だった為、軽い気持ちで返事をしたら12年後に…,2023-06-07,270220,2750,80,2024-01-07,調査_馴れ初め_20240107:動画_1年分,competitor_sheet_archive,https://i.ytimg.com/vi/scGuqGKQSCo/maxresdefault.jpg,,
d3ZneDLqk4U,,2ch純愛物語,【2ch馴れ初め】 大雪の日に俺が落とした祖母の形見を届けてくれた貧乏不良同級生→お礼に俺んちの銭湯の毎日タダ券をあげた結果…【ゆっくり】,2024-01-02,260860,4760,80,2024-01-07,調査_馴れ初め_20240107:動画_1年分,competitor_sheet_archive,https://i.ytimg.com/vi/d3ZneDLqk4U/maxresdefault.jpg,,
MUWWTyCmYgI,,2ch純愛物語,【2ch馴れ初め】うちのタケノコ山で何故か野宿している外国人がいたので地主の息子の俺が声を掛けた結果…【ゆっくり】,2023-05-18,254680,4000,70,2024-01-07,調査_馴れ初め_20240107:動画_1年分,competitor_sheet_archive,https://i.ytimg.com/vi/MUWWTyCmYgI/maxresdefault.jpg,,
toPmAOtfJFg,,夜のひと馴れ初め,【2ch 馴れ初め】びしょびしょ熟女上司に…結果【ゆっくり解説】,2024-01-02,250250,1490,20,2024-01-07,調査_馴れ初め_20240107:動画_1年分,competitor_sheet_archive,https://i.ytimg.com/vi/toPmAOtfJFg/maxresdefault.jpg,,
Hg1Xm3y3xzo,,2ch感動の馴れ初め通信,【2ch感動の馴れ初め】幼い妹を連れ素うどんを分け合う貧乏姉妹→オーダーミスを装いサービスした結果...【ゆっくり】,2024-01-05,249940,3680,120,2024-01-07,調査_馴れ初め_20240107:動画_1年分,competitor_sheet_archive,https://i.ytimg.com/vi/Hg1Xm3y3xzo/maxresdefault.jpg,,
-6Z1Am_wM3w,,私たちの馴れ初めTV,【馴れ初め】「待った？♡」信号待ちで見知らぬ美人学生に腕をギュッとされ強引に彼女の自宅に連れて行かれると「ちょ！」思わぬ展開に...【感動する話】,2023-03-11,247920,1640,40,2024-01-07,調査_馴れ初め_20240107:動画_1年分,competitor_sheet_archive,https://i.ytimg.com/vi/-6Z1Am_wM3w/maxresdefault.jpg,,
2ul8eg9o_hE,,2ch風馴初め物語,【2ch馴れ初め】シングルマザーの母親に「不良娘が高熱を出して寝込んだので看病してほしい」と頼まれた結果…,2023-05-26,244890,2070,60,2024-01-07,調査_馴れ初め_20240107:動画_1年分,competitor_sheet_archive,https://i.ytimg.com/vi/2ul8eg9o_hE/maxresdefault.jpg,,
cUR15VsmhU0,,2ch馴れ初めスレ速報,【2ch馴れ初め】駅で助けた桃尻美人女子大生と・・・結果【ゆっくり】,2023-12-29,243700,2400,20,2024-01-07,調査_馴れ初め_20240107:動画_1年分,competitor_sheet_archive,https://i.ytimg.com/vi/cUR15VsmhU0/maxresdefault.jpg,,
8I02IAW2JDE,,2ch馴れ初めスケッチ,【2ch馴れ初め】社内で有名なドS女上司が二人きりだと激甘なんだが【ゆっくり解説】,2023-06-17,243100,2290,40,2024-01-07,調査_馴れ初め_20240107:動画_1年分,competitor_sheet_archive,https://i.ytimg.com/vi/8I02IAW2JDE/maxresdefault.jpg,,
BVafPAZ2AEk,,叡智な馴れ初め物語,【2ch馴れ初め】,2023-12-27,240800,1880,10,2024-01-07,調査_馴れ初め_20240107:動画_1年分,competitor_sheet_archive,https://i.ytimg.com/vi/BVafPAZ2AEk/maxresdefault.jpg,,
bqkvDXps2SM,,ココロノトビラ,【馴れ初め】ヘタレな俺が元カノの親友の嫁の家に泊まることに。バスタオル姿の嫁を見て、股間を沈めようとしたのだが、目の前の巨にゅう！フトモモ！尻！に理性が飛んでしまい…,2023-05-08,239370,1320,10,2024-01-07,調査_馴れ初め_20240107:動画_1年分,competitor_sheet_archive,https://i.ytimg.com/vi/bqkvDXps2SM/maxresdefault.jpg,,
e9gmzU1VmeY,,私たちの馴れ初めTV,【馴れ初め★総集編】年上の美人上司が泥酔したので、俺の家に連れて帰ると…妻「〇〇する約束でしょ？」俺「えっ？」実は運命の相手で...【感動する話】,2023-04-29,237390,1430,00,2024-01-07,調査_馴れ初め_20240107:動画_1年分,competitor_sheet_archive,https://i.ytimg.com/vi/e9gmzU1VmeY/maxresdefault.jpg,,
BGH-l6TygfU,,叡智な馴れ初め物語,【2ch馴れ初め】脱衣所で清楚な姉のツルツルの〇〇をガン見してしまった結果,2024-01-03,229120,1920,30,2024-01-07,調査_馴れ初め_20240107:動画_1年分,competitor_sheet_archive,https://i.ytimg.com/vi/BGH-l6TygfU/maxresdefault.jpg,,
h3268sDknCI,,私たちの馴れ初めTV,【馴れ初め】俺の母ちゃんより怖い美女が俺の部下になった結果、なぜか俺に甘えだし 気がつくと俺たちは...【感動する話】,2023-03-15,228460,1630,10,2024-01-07,調査_馴れ初め_20240107:動画_1年分,competitor_sheet_archive,https://i.ytimg.com/vi/h3268sDknCI/maxresdefault.jpg,,
gDiTLBUed7Y,,思い出のゆっくり2ch,【2ch馴れ初め】36歳のオッサンが親友の娘に告白された結果,2023-04-03,228060,3160,90,2024-01-07,調査_馴れ初め_20240107:動画_1年分,competitor_sheet_archive,https://i.ytimg.com/vi/gDiTLBUed7Y/maxresdefault.jpg,,
a2lhMe3BcXw,,2ch馴れ初め日記帳,【2ch馴れ初め】ヤクザに絡まれ涙目の茶道部の清楚系後輩→実は最恐ヤンキーの妹だった結果…【ゆっくり】,2024-01-05,227230,3090,30,2024-01-07,調査_馴れ初め_20240107:動画_1年分,competitor_sheet_archive,https://i.ytimg.com/vi/a2lhMe3BcXw/maxresdefault.jpg,,
lOmM_K6scHc,,2ch馴れ初め日和,【2ch馴れ初め】俺の働く雑居ビルに引っ越してきた貧乏親子→置き場に困った在庫品をお裾分けした結果…【ゆっくり】,2023-12-28,223950,3470,40,2024-01-07,調査_馴れ初め_20240107:動画_1年分,competitor_sheet_archive,https://i.ytimg.com/vi/lOmM_K6scHc/maxresdefault.jpg,,
inEP11Zuw64,,馴れ初めは2chから始まった,【2ch馴れ初め】極寒の夜にうちの庭に捨てられた白人の少女→娘が妹にならないと声をかけた結果...【ゆっくり】,2024-01-03,221620,5170,80,2024-01-07,調査_馴れ初め_20240107:動画_1年分,competitor_sheet_archive,https://i.ytimg.com/vi/inEP11Zuw64/maxresdefault.jpg,,
JprtMkFX0fA,,2chなれそめストーリー,【2ch馴れ初め】旅行先で美人女将が事故で怪我していたいので、手当してあげたらおもてなしされた【ゆっくり解説】,2023-05-08,219970,2710,180,2024-01-07,調査_馴れ初め_20240107:動画_1年分,competitor_sheet_archive,https://i.ytimg.com/vi/JprtMkFX0fA/maxresdefault.jpg,,
xRO_5jeVEy8,,2ch純愛物語,【2ch馴れ初め】 毎晩アパート下の公園で体を洗ってる隣人の姉弟→放っておけず自宅の風呂を貸した結果…【ゆっくり】,2024-01-04,219370,4250,70,2024-01-07,調査_馴れ初め_20240107:動画_1年分,competitor_sheet_archive,https://i.ytimg.com/vi/xRO_5jeVEy8/maxresdefault.jpg,,
AQZuIB_zcC4,,俺の打上げ台【ゆっくり馴れ初め劇場】,【2ch馴れ初め】美魔女上司とご褒美中○しセクしてみた,2023-06-28,214930,1430,10,2024-01-07,調査_馴れ初め_20240107:動画_1年分,competitor_sheet_archive,https://i.ytimg.com/vi/AQZuIB_zcC4/maxresdefault.jpg,,
_MCh8sHZznQ,,2ch 馴れ初め白書,【2ch馴れ初め】不良集団に虐められる盲目の姉を必死に守る幼い弟→実は元ヤン、現零細企業社長の俺が助けた結果…【ゆっくり】,2024-01-03,210660,4000,100,2024-01-07,調査_馴れ初め_20240107:動画_1年分,competitor_sheet_archive,https://i.ytimg.com/vi/_MCh8sHZznQ/maxresdefault.jpg,,
rdTUl1d34Js,,2chなれそめストーリー,【2ch馴れ初め】陰キャが休憩中にゲームをしていたら、同僚美女の家に招かえれてしまった【ゆっくり解説】,2023-05-27,209880,2580,50,2024-01-07,調査_馴れ初め_20240107:動画_1年分,competitor_sheet_archive,https://i.ytimg.com/vi/rdTUl1d34Js/maxresdefault.jpg,,
ZeVBZgX6jyU,,2ch馴れ初メモリアル,【2ch 馴れ初め】女友達と2人で晩酌中、友達がくれたお薬が怪しかったので、こっそり友達のお酒に入れた結果【ゆっくり解説】,2024-01-05,208220,1760,60,2024-01-07,調査_馴れ初め_20240107:動画_1年分,competitor_sheet_archive,https://i.ytimg.com/vi/ZeVBZgX6jyU/maxresdefault.jpg,,
nN1bs8OhiAU,,私たちの馴れ初めTV,【馴れ初め★総集編】俺を見下してた元高校NO.1美女が、やばい店で働いていたので行ってみた結果、妻「ちょっ、あなた...」【感動する話】,2023-06-25,208080,1190,00,2024-01-07,調査_馴れ初め_20240107:動画_1年分,competitor_sheet_archive,https://i.ytimg.com/vi/nN1bs8OhiAU/maxresdefault.jpg,,
kudXZ9U7bn4,,2ch馴れ初めクエスト,【2ch馴れ初め】足を怪我した祖母の代わりに本屋の店番を頑張る一生懸命な少女の健気な姿に感動した俺が沢山買ってあげた結果【ゆっくり動画】,2024-01-05,206010,4410,60,2024-01-07,調査_馴れ初め_20240107:動画_1年分,competitor_sheet_archive,https://i.ytimg.com/vi/kudXZ9U7bn4/maxresdefault.jpg,,
i4txVQbQyQ0,,2ch胸キュン馴れ初め,【2ch馴れ初め】温泉旅館で入浴中に掃除に来た美人女将に大きくなった俺の息子を見られた→「こっちも綺麗にしますね♡」と豹変し誘惑してきて…【ゆっくり】,2024-01-04,201890,2030,20,2024-01-07,調査_馴れ初め_20240107:動画_1年分,competitor_sheet_archive,https://i.ytimg.com/vi/i4txVQbQyQ0/maxresdefault.jpg,,
Bbx3q9wtF_Q,,2chしあわせのなれそめ,【2ch馴れ初め】俺が営む弁当屋のゴミを漁るボロボロの少女に弁当を奢ったら最高の美人になった【ゆっくり解説】,2023-06-03,201070,3000,00,2024-01-07,調査_馴れ初め_20240107:動画_1年分,competitor_sheet_archive,https://i.ytimg.com/vi/Bbx3q9wtF_Q/maxresdefault.jpg,,
3fVNg08G5Jk,,2ch馴れ初めプランナー,【2ch馴れ初め】親を亡くし言葉を話せなくなった姪を迷惑がる親戚→田舎で民宿経営してる俺が引き取った結果【ゆっくり解説】,2024-01-01,199130,3310,120,2024-01-07,調査_馴れ初め_20240107:動画_1年分,competitor_sheet_archive,https://i.ytimg.com/vi/3fVNg08G5Jk/maxresdefault.jpg,,
MORFq1rGWmg,,おとなの純愛小説,【馴れ初め】彼氏のいる憧れの美人上司に告白してフラれた俺→しかし、俺が同僚からアプローチされ始めると上司の態度が激変し...【感動する話】,2023-06-02,198240,1210,10,2024-01-07,調査_馴れ初め_20240107:動画_1年分,competitor_sheet_archive,https://i.ytimg.com/vi/MORFq1rGWmg/maxresdefault.jpg,,
8nn8byf5jrU,,私たちの馴れ初めTV,【馴れ初め】女医の妻を亡くした俺に、隣に住む美しい母娘が「結婚してください！」思いがけない申し出を受けた俺は...【感動する話】,2023-12-25,195190,2000,20,2024-01-07,調査_馴れ初め_20240107:動画_1年分,competitor_sheet_archive,https://i.ytimg.com/vi/8nn8byf5jrU/maxresdefault.jpg,,
WO_Q11AmDDs,,2ch馴れ初めスレ速報,【2ch馴れ初め】経費で風◯に行ったら経理の美人後輩に「バラされたくなかったら…」と・・・結果【ゆっくり】,2023-12-31,190560,1740,40,2024-01-07,調査_馴れ初め_20240107:動画_1年分,competitor_sheet_archive,https://i.ytimg.com/vi/WO_Q11AmDDs/maxresdefault.jpg,,
cQNVH9kG2mI,,2ch馴れ初めキューピッド,【2ch馴れ初め】貧しい家を助けるため倒壊寸前の屋台でおでんを売るボロボロ少女、大工屋の俺が修理してあげた結果...【ゆっくり】,2024-01-06,190060,3740,40,2024-01-07,調査_馴れ初め_20240107:動画_1年分,competitor_sheet_archive,https://i.ytimg.com/vi/cQNVH9kG2mI/maxresdefault.jpg,,
XPxf_APpBuM,,2ch馴れ初め名作集,【2ch馴れ初め】出張から帰れず美人熟女上司とホテルへ行き、めちゃめちゃ〇ッてしまった結果【ゆっくり】,2024-01-01,188480,670,10,2024-01-07,調査_馴れ初め_20240107:動画_1年分,competitor_sheet_archive,https://i.ytimg.com/vi/XPxf_APpBuM/maxresdefault.jpg,,
su2uEEecvHA,,叡智な馴れ初め物語,【2ch馴れ初め】妹にマッサージで全身癒してもらいぶっかけてしまった結果,2023-12-28,188390,1450,00,2024-01-07,調査_馴れ初め_20240107:動画_1年分,competitor_sheet_archive,https://i.ytimg.com/vi/su2uEEecvHA/maxresdefault.jpg,,
tf0nqSpWBwM,,2ch 馴れ初め白書,【2ch馴れ初め】深夜のコンビニでお金が足りず号泣する双子姉妹→放っておけずお会計し送り届けた結果… 【ゆっくり】,2023-12-25,179520,3240,50,2024-01-07,調査_馴れ初め_20240107:動画_1年分,competitor_sheet_archive,https://i.ytimg.com/vi/tf0nqSpWBwM/maxresdefault.jpg,,
Y7MB48UiBQ8,,2ch馴れ初めスレ速報,【2ch馴れ初め】ブルマが似合う美人幼馴染と体育倉庫に閉じ込められ暗闇で◯◯した結果・・・【ゆっくり】,2023-12-14,172340,1590,40,2024-01-07,調査_馴れ初め_20240107:動画_1年分,competitor_sheet_archive,https://i.ytimg.com/vi/Y7MB48UiBQ8/maxresdefault.jpg,,
pLeTxvNb5QA,,2ch馴れ初め日記帳,【2ch馴れ初め】豪雪の夜、灯油の巡回販売中1人でタンクを抱えてやってきた少女→心配になり家まで送り届けた結果…【ゆっくり】,2024-01-04,170660,3520,80,2024-01-07,調査_馴れ初め_20240107:動画_1年分,competitor_sheet_archive,https://i.ytimg.com/vi/pLeTxvNb5QA/maxresdefault.jpg,,
qbHawB_xO68,,2ch馴れ初めストーリー,【2ch馴れ初め】何度も振られた幼馴染美女の前から姿を消したら結婚できた件 www【ゆっくり解説 面白いスレ】,2023-04-23,168520,1520,40,2024-01-07,調査_馴れ初め_20240107:動画_1年分,competitor_sheet_archive,https://i.ytimg.com/vi/qbHawB_xO68/maxresdefault.jpg,,
BAQz7e_N4N4,,2ch馴れ初メロディー,【2ch馴れ初め】発育が良い美人家庭教師「合格したら先生が●●●させてあげる」必死に頑張った結果【ゆっくり】,2023-11-26,167480,1820,50,2024-01-07,調査_馴れ初め_20240107:動画_1年分,competitor_sheet_archive,https://i.ytimg.com/vi/BAQz7e_N4N4/maxresdefault.jpg,,
e9IDpbPXg1o,,ひょっとこ馴れ初め太郎,【2ch馴れ初め】うちの会社に面接に来たボロボロの格好をした貧乏老婆→資格をたくさん持ってたので即採用した結果【ゆっくり】,2024-03-10,4917990,69980,1770,2024-05-03,調査_馴れ初め_20240503:Videos_3-4,competitor_sheet_archive,https://i.ytimg.com/vi/e9IDpbPXg1o/maxresdefault.jpg,,
C3ssR9Bneys,,2ch馴れ初めで愛を語る,【2ch馴れ初め】汚いお爺さんに金を貸したら実はヤクザ組長 → 数日後、大量の黒服と極道の美女がやって来た結果,2024-04-15,3167040,18620,660,2024-05-03,調査_馴れ初め_20240503:Videos_3-4,competitor_sheet_archive,https://i.ytimg.com/vi/C3ssR9Bneys/maxresdefault.jpg,,
GLyY5cKhO9Y,,2ch馴れ初め横丁,【2ch馴れ初め】昼時なのに閑古鳥が鳴いているボロボロのお弁当屋さん→急遽10人分のお弁当を作ってもらった結果…,2024-03-07,3027130,29830,930,2024-05-06,調査_馴れ初め_20240503:Videos_3-4,competitor_sheet_archive,https://i.ytimg.com/vi/GLyY5cKhO9Y/maxresdefault.jpg,,
YVIqF7ldvJI,,2ch馴れ初め日記帳,【2ch馴れ初め】親戚中に邪魔者扱いされる耳の聞こえない天才少女→都会から離れ山ごもり生活の俺が引き取った結果…【ゆっくり】,2024-03-05,2883160,30540,600,2024-05-03,調査_馴れ初め_20240503:Videos_3-4,competitor_sheet_archive,https://i.ytimg.com/vi/YVIqF7ldvJI/maxresdefault.jpg,,
Mjw-z8PZfhM,,2ch馴れ初めで愛を語る,【2ch馴れ初め】親戚に奴隷扱いされていた姪を引き取った俺 → 妹を亡くした幼馴染が母親のように接してくれた結果,2024-04-20,2749620,40020,1650,2024-05-03,調査_馴れ初め_20240503:Videos_3-4,competitor_sheet_archive,https://i.ytimg.com/vi/Mjw-z8PZfhM/maxresdefault.jpg,,
QPv9PhrB8UE,,2ch馴れ初め奇跡の出会い,【2ch馴れ初め】俺のラーメン屋に面接に来たホームレス母娘→学生時代クラスの中心にいたヤンキー美女だった結果...【ゆっくり】,2024-03-05,2552710,25480,670,2024-05-03,調査_馴れ初め_20240503:Videos_3-4,competitor_sheet_archive,https://i.ytimg.com/vi/QPv9PhrB8UE/maxresdefault.jpg,,
K6mLB-nvm8s,,2ch馴れ初めで愛を語る,【2ch馴れ初め】迷子の双子を助けて送り届けたらヤクザ事務所 → 大量の黒服と片思いしてるクラスの清楚系美女が待ち受けてた結果,2024-03-26,2405650,22950,520,2024-05-03,調査_馴れ初め_20240503:Videos_3-4,competitor_sheet_archive,https://i.ytimg.com/vi/K6mLB-nvm8s/maxresdefault.jpg,,
9Pl4R_gp3jE,,2ch馴れ初め日記帳,【2ch馴れ初め】ハッカーに攻撃され涙目で必死に対応する女性社員→無能のフリをした凄腕エンジニアの俺が本気を出した結果…【ゆっくり】,2024-03-10,2364110,27890,750,2024-05-03,調査_馴れ初め_20240503:Videos_3-4,competitor_sheet_archive,https://i.ytimg.com/vi/9Pl4R_gp3jE/maxresdefault.jpg,,
fhfUdds8gxw,,2ch純愛物語,【2ch馴れ初め】いつも俺を見下してくる苦手なギャル同級生→昔命がけで助けた初恋の女の子だった結果…【ゆっくり】,2024-03-13,2267680,28730,940,2024-05-03,調査_馴れ初め_20240503:Videos_3-4,competitor_sheet_archive,https://i.ytimg.com/vi/fhfUdds8gxw/maxresdefault.jpg,,
luvNeP-TAs8,,2ch馴れ初めキューピッド,【2ch馴れ初め】地味な新人男性の教育をすることになった私→後日、彼の本当の姿に騒然…【ゆっくり】,2024-03-14,2224860,21630,600,2024-05-03,調査_馴れ初め_20240503:Videos_3-4,competitor_sheet_archive,https://i.ytimg.com/vi/luvNeP-TAs8/maxresdefault.jpg,,
xK3brAbI6lA,,2ch馴れ初め日記帳,【2ch馴れ初め】誘拐寸前で助けた双子姉妹を送り届けるとヤクザ事務所だった→学校一の不良娘が出てきた結果…【ゆっくり】,2024-03-13,2059380,21910,590,2024-05-03,調査_馴れ初め_20240503:Videos_3-4,competitor_sheet_archive,https://i.ytimg.com/vi/xK3brAbI6lA/maxresdefault.jpg,,
DvXGPqAXn_g,,2ch純愛物語,【2ch馴れ初め】上級生の社長令嬢に目を付けられ父をクビにされた同級生→実は大企業会長子息、不良の俺が声を掛けた結果…【ゆっくり】,2024-03-14,2031380,22930,600,2024-05-03,調査_馴れ初め_20240503:Videos_3-4,competitor_sheet_archive,https://i.ytimg.com/vi/DvXGPqAXn_g/maxresdefault.jpg,,
X0yrb7IFCP8,,2ch馴れ初めで愛を語る,【2ch馴れ初め】お茶会のいちご大福300個をドタキャンされた廃業寸前の和菓子屋 → 有名旅館の若旦那の俺が全て買い取った結果,2024-04-09,1988320,27320,1180,2024-05-03,調査_馴れ初め_20240503:Videos_3-4,competitor_sheet_archive,https://i.ytimg.com/vi/X0yrb7IFCP8/maxresdefault.jpg,,
5Pm2_TCYVUI,,2ch 馴れ初め ストーリーズ,【2ch馴れ初め】赤字続きの俺の会社に面接に来た謎のボロボロ女性→超有能だったので秘書として即採用した結果【ゆっくり】,2024-04-05,1882990,19180,300,2024-05-03,調査_馴れ初め_20240503:Videos_3-4,competitor_sheet_archive,https://i.ytimg.com/vi/5Pm2_TCYVUI/maxresdefault.jpg,,
yflW0KGlAwE,,2ch馴れ初め奇跡の出会い,【2ch馴れ初め】両親を亡くし親戚から厄介者扱いの双子→キモオタ資産家子息の俺が引取った結果...【ゆっくり】,2024-03-07,1761270,15650,350,2024-05-03,調査_馴れ初め_20240503:Videos_3-4,competitor_sheet_archive,https://i.ytimg.com/vi/yflW0KGlAwE/maxresdefault.jpg,,
XSxtDzKQkTM,,2ch純愛物語,【2ch馴れ初め】不良同級生の家にプリントを届けに来たクラス委員の俺→異変を感じたので実家に連れ帰った結果…【ゆっくり】,2024-03-24,1731860,23480,460,2024-05-03,調査_馴れ初め_20240503:Videos_3-4,competitor_sheet_archive,https://i.ytimg.com/vi/XSxtDzKQkTM/maxresdefault.jpg,,
o52Q-oDR3pM,,2ch馴れ初めで愛を語る,【2ch馴れ初め】取引先の元ヤン女社長に頼まれお見合いに行ったら まさかの本人が登場した結果,2024-04-21,1727060,21790,430,2024-05-03,調査_馴れ初め_20240503:Videos_3-4,competitor_sheet_archive,https://i.ytimg.com/vi/o52Q-oDR3pM/maxresdefault.jpg,,
bISi2_UC4ts,,2ch馴れ初め 愛のメモリー,【2ch馴れ初め/感動名作】身寄りのない子供を引き取り過労で倒れた俺→独身の美人上司がお見舞いに来た結果,2024-04-19,1690340,28180,1010,2024-05-03,調査_馴れ初め_20240503:Videos_3-4,competitor_sheet_archive,https://i.ytimg.com/vi/bISi2_UC4ts/maxresdefault.jpg,,
tXJCh70esPc,,2ch馴れ初め横丁,【2ch馴れ初め】家族から厄介者扱いされるボロボロの老婆→バイトとして俺の定食屋で雇った結果…,2024-04-03,1681080,23790,480,2024-05-03,調査_馴れ初め_20240503:Videos_3-4,competitor_sheet_archive,https://i.ytimg.com/vi/tXJCh70esPc/maxresdefault.jpg,,
YpuziC0QUes,,2ch馴れ初めで愛を語る,【2ch馴れ初め】高校時代の宿敵のレディース総長 → 10年後お見合いで再会した結果,2024-03-21,1611960,12960,270,2024-05-03,調査_馴れ初め_20240503:Videos_3-4,competitor_sheet_archive,https://i.ytimg.com/vi/YpuziC0QUes/maxresdefault.jpg,,
a07BtJ89b3Y,,2ch純愛物語,【2ch馴れ初め】立ち上げた会社に面接に来た女性→幼い頃、命がけで俺を助けてくれた美人女性だった結果…【ゆっくり】,2024-03-18,1559060,24790,440,2024-05-03,調査_馴れ初め_20240503:Videos_3-4,competitor_sheet_archive,https://i.ytimg.com/vi/a07BtJ89b3Y/maxresdefault.jpg,,
YFPECvPL4rM,,2ch馴れ初め奇跡の出会い,【2ch馴れ初め】赤字続きの俺の営む旅館に面接に来たホームレス母娘 →超有能だったので住み込みで即採用した結果...【ゆっくり】,2024-04-19,1547910,21190,470,2024-05-03,調査_馴れ初め_20240503:Videos_3-4,competitor_sheet_archive,https://i.ytimg.com/vi/YFPECvPL4rM/maxresdefault.jpg,,
OdZ4Te9CSEw,,思い出のゆっくり2ch,【2ch馴れ初め】「こんな可愛いお部屋…見たことない！」酷い親戚が捨てた姪を引き取った俺…保育士の幼馴染が母親のように接してくれた結果,2024-04-06,1522670,23540,770,2024-05-03,調査_馴れ初め_20240503:Videos_3-4,competitor_sheet_archive,https://i.ytimg.com/vi/OdZ4Te9CSEw/maxresdefault.jpg,,
1u-h_FJH6Cg,,2ch馴れ初めで愛を語る,【2ch馴れ初め】廃業寸前の焼肉屋で経営者新年会の予約３０人分をドタキャンされたボロボロ母娘 → 零細企業社長の俺が社員全員呼んで焼肉を振舞った結果,2024-03-28,1517020,21670,740,2024-05-03,調査_馴れ初め_20240503:Videos_3-4,competitor_sheet_archive,https://i.ytimg.com/vi/1u-h_FJH6Cg/maxresdefault.jpg,,
d3ZzfudX53s,,2ch純愛物語,【2ch馴れ初め】 廃業寸前の旅館に現れたボロボロ婆さん→スイートルームに泊めた結果…【ゆっくり】,2024-03-31,1497920,25220,600,2024-05-03,調査_馴れ初め_20240503:Videos_3-4,competitor_sheet_archive,https://i.ytimg.com/vi/d3ZzfudX53s/maxresdefault.jpg,,
lNqaBRJMeYg,,2ch馴れ初めキューピッド,【2ch馴れ初め】道で倒れてるヤ○ザにラーメンをご馳走した俺→後日、娘を更生させてくれと懇願された結果…【ゆっくり】,2024-03-10,1435380,14100,410,2024-05-03,調査_馴れ初め_20240503:Videos_3-4,competitor_sheet_archive,https://i.ytimg.com/vi/lNqaBRJMeYg/maxresdefault.jpg,,
ChnwmZ3BxuA,,2ch馴れ初めで愛を語る,【2ch馴れ初め】転校生でいつもぼっちのヤンキー女子 → 腕の大きなあざに見覚えがあり振り向いてくれるまで何度も声をかけた結果,2024-03-10,1379420,12500,390,2024-05-03,調査_馴れ初め_20240503:Videos_3-4,competitor_sheet_archive,https://i.ytimg.com/vi/ChnwmZ3BxuA/maxresdefault.jpg,,
lvQE8WfyFEg,,2ch馴れ初めヒストリー,【2ch馴れ初め】取引先で罵声を浴びるかつて天才と呼ばれていた幼馴染→大企業社長の俺が秘書として雇った結果...【ゆっくり】,2024-04-09,1343260,16690,420,2024-05-03,調査_馴れ初め_20240503:Videos_3-4,competitor_sheet_archive,https://i.ytimg.com/vi/lvQE8WfyFEg/maxresdefault.jpg,,
dwGhj26x3K8,,2ch馴れ初めで愛を語る,【2ch馴れ初め】亡き母のカレーを作ってほしいとレシピノートを持ってやってきたガリガリの双子姉妹 → 廃業寸前のカレー屋を営む俺が再現した結果,2024-04-12,1252470,20710,810,2024-05-03,調査_馴れ初め_20240503:Videos_3-4,competitor_sheet_archive,https://i.ytimg.com/vi/dwGhj26x3K8/maxresdefault.jpg,,
_3vFYw2ClN8,,2ch馴れ初めハウス,社長令嬢に嫌われ社員旅行中に置き去りにされた女性社員→元自衛隊エースの俺が本気を出した結果【2ch馴れ初め】,2024-03-19,1195990,14460,660,2024-05-03,調査_馴れ初め_20240503:Videos_3-4,competitor_sheet_archive,https://i.ytimg.com/vi/_3vFYw2ClN8/maxresdefault.jpg,,
a4_0x8DqO5Y,,2ch馴れ初めキューピッド,【2ch馴れ初め】親友に仲間を奪われた女性→元天才SE現地味清掃員の俺だけが残った結果…【ゆっくり】,2024-04-17,1190490,11670,230,2024-05-03,調査_馴れ初め_20240503:Videos_3-4,competitor_sheet_archive,https://i.ytimg.com/vi/a4_0x8DqO5Y/maxresdefault.jpg,,
y-tyXF-mnWo,,2ch馴れ初め奇跡の出会い,【2ch馴れ初め】中卒が理由で解雇され路頭に迷っている学校一の秀才幼馴染 →零細企業社長の俺が住込みで雇った結果...【ゆっくり】,2024-04-13,1154940,14550,370,2024-05-03,調査_馴れ初め_20240503:Videos_3-4,competitor_sheet_archive,https://i.ytimg.com/vi/y-tyXF-mnWo/maxresdefault.jpg,,
5xkGC8anm4c,,2ch馴れ初めで愛を語る,【2ch馴れ初め】長期出張が決まった社長に頼まれ 金髪不良娘と1か月同棲することになった結果,2024-04-08,1069120,9750,160,2024-05-03,調査_馴れ初め_20240503:Videos_3-4,competitor_sheet_archive,https://i.ytimg.com/vi/5xkGC8anm4c/maxresdefault.jpg,,
WWBDszULtw8,,2ch馴れ初めで愛を語る,【2ch馴れ初め】田舎で１人暮らしする父の話相手になってくれるボロボロの双子 → 破れたトートバッグしか持ってないので、新品のランドセルをプレゼントした結果,2024-03-23,1064540,16830,390,2024-05-03,調査_馴れ初め_20240503:Videos_3-4,competitor_sheet_archive,https://i.ytimg.com/vi/WWBDszULtw8/maxresdefault.jpg,,
Fskr3HqHqzc,,2ch馴れ初め日記帳,【2ch 馴れ初め総集編】実家の工場が倒産し高校を辞めることになった同級生→ぼっち陰キャで実は大企業後継ぎ息子の俺が助けた結果…【作業用】【ゆっくり】,2024-03-30,1028420,8080,50,2024-05-03,調査_馴れ初め_20240503:Videos_3-4,competitor_sheet_archive,https://i.ytimg.com/vi/Fskr3HqHqzc/maxresdefault.jpg,,
my_ZFrhDil0,,2ch馴れ初めで愛を語る,【2ch馴れ初め】深夜のファミレスでパンを分け合う貧乏姉妹 → 亡き娘の好きだったお子様ランチを振舞った結果,2024-04-03,927360,16810,660,2024-05-03,調査_馴れ初め_20240503:Videos_3-4,competitor_sheet_archive,https://i.ytimg.com/vi/my_ZFrhDil0/maxresdefault.jpg,,
7bOyrcTuz5U,,2ch馴れ初めで愛を語る,【2ch馴れ初め】社畜の俺が残業で終電を逃し深夜のファミレスで時間を潰してたら 初対面のキャバ嬢に相席を求められた結果,2024-04-13,926050,9490,260,2024-05-03,調査_馴れ初め_20240503:Videos_3-4,competitor_sheet_archive,https://i.ytimg.com/vi/7bOyrcTuz5U/maxresdefault.jpg,,
w9F5fMt7a8w,,思い出のゆっくり2ch,【2ch馴れ初め】僻地にあるウチの田舎へ越してきたワケあり母娘…挨拶代わりに米30キロ持って行った結果,2024-04-17,841630,13470,330,2024-05-03,調査_馴れ初め_20240503:Videos_3-4,competitor_sheet_archive,https://i.ytimg.com/vi/w9F5fMt7a8w/maxresdefault.jpg,,
b0YhLOPttFQ,,2ch馴れ初めキューピッド,【2ch馴れ初め】頼みを断れずに地味男とお見合い→後日、彼の驚きの正体が…【ゆっくり】,2024-04-14,840640,10310,160,2024-05-03,調査_馴れ初め_20240503:Videos_3-4,competitor_sheet_archive,https://i.ytimg.com/vi/b0YhLOPttFQ/maxresdefault.jpg,,
UcI9r69nibI,,2ch馴れ初め日記帳,【2ch馴れ初め】涙目少女【ゆっくり】,2024-03-28,811990,12580,240,2024-05-03,調査_馴れ初め_20240503:Videos_3-4,competitor_sheet_archive,https://i.ytimg.com/vi/UcI9r69nibI/maxresdefault.jpg,,
mJqGHdgBd_4,,2ch馴れ初め横丁,【2ch馴れ初め】20年以上取引していた高級スイーツ店に突如契約を打ち切られたイチゴ農家の親子→小さな洋菓子店の俺が小口契約した結果…,2024-03-27,799590,12820,460,2024-05-03,調査_馴れ初め_20240503:Videos_3-4,competitor_sheet_archive,https://i.ytimg.com/vi/mJqGHdgBd_4/maxresdefault.jpg,,
4GO866W_WiA,,2ch馴れ初めで愛を語る,【2ch馴れ初め】母の誕生日に大好きなメロンパンをあげたいとやって来た双子姉妹 → お手伝いしてもらい３人で特大メロンパンを焼いた結果,2024-04-27,784670,12500,400,2024-05-03,調査_馴れ初め_20240503:Videos_3-4,competitor_sheet_archive,https://i.ytimg.com/vi/4GO866W_WiA/maxresdefault.jpg,,
4Xk8HQNK_3o,,2ch馴れ初め 愛のメモリー,【2ch馴れ初め/感動名作】シニア採用で入社したヨボヨボの婆さん→俺が教育係をするハメになった結果,2024-04-05,766340,9210,200,2024-05-03,調査_馴れ初め_20240503:Videos_3-4,competitor_sheet_archive,https://i.ytimg.com/vi/4Xk8HQNK_3o/maxresdefault.jpg,,
NfbgiZKQ-kU,,2ch純愛物語,【2ch馴れ初め】 他校の不良に絡まれる俺の苦手なギャル同級生→実は暴走族総長、陰キャの俺が助けた結果…【ゆっくり】,2024-04-02,763570,10620,300,2024-05-03,調査_馴れ初め_20240503:Videos_3-4,competitor_sheet_archive,https://i.ytimg.com/vi/NfbgiZKQ-kU/maxresdefault.jpg,,
JxigQZBRH1M,,2ch馴れ初めシネマ,【2ch馴れ初め】ヤンキー美女と調理実習の授業でペアに→料理好きな俺が行列町中華秘伝のチャーハンのレシピを教えた結果,2024-04-17,752270,7530,140,2024-05-03,調査_馴れ初め_20240503:Videos_3-4,competitor_sheet_archive,https://i.ytimg.com/vi/JxigQZBRH1M/maxresdefault.jpg,,
AiTgMvWdLxI,,ひょっとこ馴れ初め太郎,【2ch馴れ初め】うちの会社に弁当を押し売りに来たボロボロのシングルマザー→建設会社社長の俺が社員270人分の宅配弁当を契約した結果…【ゆっくり】,2024-04-12,736840,11950,250,2024-05-03,調査_馴れ初め_20240503:Videos_3-4,competitor_sheet_archive,https://i.ytimg.com/vi/AiTgMvWdLxI/maxresdefault.jpg,,
RWeYb1wRDYo,,2ch純愛物語,【2ch馴れ初め】母親の葬式で再会した双子連れの幼馴染→ボロボロで痩せ細っていたので理由を聞いた結果…【ゆっくり】,2024-03-19,734260,12310,260,2024-05-03,調査_馴れ初め_20240503:Videos_3-4,competitor_sheet_archive,https://i.ytimg.com/vi/RWeYb1wRDYo/maxresdefault.jpg,,
JOJLh_ay8I4,,2ch馴れ初め奇跡の出会い,【2ch馴れ初め】親戚に酷い扱いをされていた子供を引き取った俺 →隣人の元ヤン美女が母親のように接してくれた結果…【ゆっくり】,2024-04-26,717760,11910,310,2024-05-03,調査_馴れ初め_20240503:Videos_3-4,competitor_sheet_archive,https://i.ytimg.com/vi/JOJLh_ay8I4/maxresdefault.jpg,,
ZPHesrT3H0o,,ひょっとこ馴れ初め太郎,【2ch馴れ初め】医療機器の展示会で1組だけブースがないボロボロ女性社員→総合病院を経営する俺が声をかけた結果…【ゆっくり】,2024-04-03,715370,10440,240,2024-05-03,調査_馴れ初め_20240503:Videos_3-4,competitor_sheet_archive,https://i.ytimg.com/vi/ZPHesrT3H0o/maxresdefault.jpg,,
zX8hMqgyv2A,,2ch馴れ初めで愛を語る,【2ch馴れ初め】挫折して田舎に戻って来た東大卒の天才同級生 → 廃業寸前の俺の弁当屋を手伝ってもらった結果,2024-04-25,712530,9300,270,2024-05-03,調査_馴れ初め_20240503:Videos_3-4,competitor_sheet_archive,https://i.ytimg.com/vi/zX8hMqgyv2A/maxresdefault.jpg,,
0IX4CnBOD0g,,2ch馴れ初め 愛のメモリー,【2ch馴れ初め/感動名作】家族全員を失い、一人ぼっちになった隣人の女の子→本当の兄弟のように一緒に過ごした結果,2024-04-12,711020,12350,390,2024-05-03,調査_馴れ初め_20240503:Videos_3-4,competitor_sheet_archive,https://i.ytimg.com/vi/0IX4CnBOD0g/maxresdefault.jpg,,
m8YMqED8Tig,,2ch馴れ初めで愛を語る,【2ch馴れ初め】突然ヤクザが現れ涙目になる行きつけのうどん屋の母娘 → ザコのフリをした俺が正体を現した結果…,2024-03-29,710090,10360,180,2024-05-03,調査_馴れ初め_20240503:Videos_3-4,competitor_sheet_archive,https://i.ytimg.com/vi/m8YMqED8Tig/maxresdefault.jpg,,
v60SQHF4-xM,,2ch純愛物語,【2ch馴れ初め】起業仲間に裏切られ料理人を失った女店長→実は元三ツ星一流シェフ、デブ陰キャで常連の俺が手を貸した結果…【ゆっくり】,2024-04-09,708060,11090,310,2024-05-03,調査_馴れ初め_20240503:Videos_3-4,competitor_sheet_archive,https://i.ytimg.com/vi/v60SQHF4-xM/maxresdefault.jpg,,
moXgeEUh90g,,2ch馴れ初めヒストリー,【2ch馴れ初め】地元で有名な暴走族からホームレス女性を必死に守るヤンキー娘→初代総長の俺が助けた結果...【ゆっくり】,2024-03-05,656340,8360,70,2024-05-03,調査_馴れ初め_20240503:Videos_3-4,competitor_sheet_archive,https://i.ytimg.com/vi/moXgeEUh90g/maxresdefault.jpg,,
5kCv2DrPIWc,,2ch馴れ初めハウス,元請から問題児の社員を押し付けられた下請けの同級生→元外資コンサルのエースの俺が本気を出した結果【2ch馴れ初め】,2024-04-14,655640,8560,300,2024-05-03,調査_馴れ初め_20240503:Videos_3-4,competitor_sheet_archive,https://i.ytimg.com/vi/5kCv2DrPIWc/maxresdefault.jpg,,
EA953iqDewQ,,2ch 馴れ初め白書,【2ch馴れ初め】1人暮らしの祖母の家の前を毎日雪かきしに来てくれる双子姉妹→破けた夏靴を履いていたので新品の冬靴をプレゼントした結果…【ゆっくり】,2024-04-13,652310,11380,270,2024-05-03,調査_馴れ初め_20240503:Videos_3-4,competitor_sheet_archive,https://i.ytimg.com/vi/EA953iqDewQ/maxresdefault.jpg,,
BP_bPTzBOW0,,馴れ初めは2chから始まった,【2ch馴れ初め】目の前で社長が倒れ必死で助けを呼ぶ美人秘書→影の薄い清掃員で元凄腕ドクターの俺が本気を出した結果【ゆっくり】,2024-04-01,638060,11900,350,2024-05-03,調査_馴れ初め_20240503:Videos_3-4,competitor_sheet_archive,https://i.ytimg.com/vi/BP_bPTzBOW0/maxresdefault.jpg,,
WDlgSNyMm-A,,ひょっとこ馴れ初め太郎,【2ch馴れ初め】旅行シーズンなのに１軒だけ客ゼロのボロボロ旅館→急遽社員40人を泊めてもらった結果…【ゆっくり】,2024-04-26,631020,8480,200,2024-05-03,調査_馴れ初め_20240503:Videos_3-4,competitor_sheet_archive,https://i.ytimg.com/vi/WDlgSNyMm-A/maxresdefault.jpg,,
xgEP4lV6uEQ,,2ch純愛物語,【2ch馴れ初め3月総集編】いつも俺を見下してくる苦手なギャル同級生→昔命がけで助けた初恋の女の子だった結果… 2ch純愛物語 3月の人気動画まとめてみた！【作業用】【ゆっくり】,2024-04-05,625600,5430,70,2024-05-03,調査_馴れ初め_20240503:Videos_3-4,competitor_sheet_archive,https://i.ytimg.com/vi/xgEP4lV6uEQ/maxresdefault.jpg,,
KqYYRqf-wSc,,2ch馴れ初め横丁,【2ch馴れ初め】コスパを理由にZ世代若社長に突然契約を切られた塗装屋の親子→小さなリフォーム会社の俺が雇った結果…,2024-04-26,618220,7930,70,2024-05-03,調査_馴れ初め_20240503:Videos_3-4,competitor_sheet_archive,https://i.ytimg.com/vi/KqYYRqf-wSc/maxresdefault.jpg,,
07c2pXa9Ntw,,2ch馴れ初めクエスト,【2ch馴れ初め】俺ん家の山に迷い込んだ泥だらけの少女、山菜をふんだんに使った手料理を振舞った結果【ゆっくり動画】,2024-04-04,607680,11110,170,2024-05-03,調査_馴れ初め_20240503:Videos_3-4,competitor_sheet_archive,https://i.ytimg.com/vi/07c2pXa9Ntw/maxresdefault.jpg,,
uE3ifWpHNSY,,2ch馴れ初めヒストリー,【2ch馴れ初め】双子育児が原因でクビになり泣いてる貧乏母娘 →人手不足で困っていた俺の定食屋で住み込みで雇った結果...【ゆっくり】,2024-04-03,604640,11740,250,2024-05-03,調査_馴れ初め_20240503:Videos_3-4,competitor_sheet_archive,https://i.ytimg.com/vi/uE3ifWpHNSY/maxresdefault.jpg,,
nFhlyEsSq0c,,2ch馴れ初めヒストリー,【2ch馴れ初め】毎日父の家に遊びに来ていた貧乏双子姉妹 →父は天国に旅立ったことを伝えた結果...【ゆっくり】,2024-03-28,604570,8600,200,2024-05-03,調査_馴れ初め_20240503:Videos_3-4,competitor_sheet_archive,https://i.ytimg.com/vi/nFhlyEsSq0c/maxresdefault.jpg,,
2TdAk5Lrjec,,2ch馴れ初めで愛を語る,【2ch馴れ初め】ヤクザの娘と知らずにバイト先で怒ったら → 数日後、家に組長と黒服がやって来た結果,2024-04-30,596570,7350,130,2024-05-03,調査_馴れ初め_20240503:Videos_3-4,competitor_sheet_archive,https://i.ytimg.com/vi/2TdAk5Lrjec/maxresdefault.jpg,,
jNOPRiH93bQ,,2ch純愛物語,【2ch馴れ初め】取引先で罵声を浴びるボロボロの男性清掃員→初恋の美人幼馴染だった結果…【ゆっくり】,2024-03-23,585380,10150,140,2024-05-03,調査_馴れ初め_20240503:Videos_3-4,competitor_sheet_archive,https://i.ytimg.com/vi/jNOPRiH93bQ/maxresdefault.jpg,,
QXsngZjdHuE,,2ch 馴れ初め白書,【2ch馴れ初め】 息子と2人お花見BBQ中に現れたみすぼらしい双子姉妹→空き部屋を提供した結果…【ゆっくり】,2024-04-11,568670,11400,410,2024-05-03,調査_馴れ初め_20240503:Videos_3-4,competitor_sheet_archive,https://i.ytimg.com/vi/QXsngZjdHuE/maxresdefault.jpg,,
6xBKcHdsKr0,,2ch馴れ初め奇跡の出会い,【2ch馴れ初め】銀行から突然融資を打ち切られ途方に暮れるラーメン屋の母娘→常連客でキモオタ資産家の俺が助けた結果...【ゆっくり】,2024-04-15,568430,9650,280,2024-05-03,調査_馴れ初め_20240503:Videos_3-4,competitor_sheet_archive,https://i.ytimg.com/vi/6xBKcHdsKr0/maxresdefault.jpg,,
b4uwkOhIRbU,,2ch馴れ初めヒストリー,【2ch馴れ初め】レストランで注文が来ずに泣いている貧乏母娘 →母子家庭育ちで星付きオーナーシェフの俺がもてなした結果...【ゆっくり】,2024-04-20,545950,8880,180,2024-05-03,調査_馴れ初め_20240503:Videos_3-4,competitor_sheet_archive,https://i.ytimg.com/vi/b4uwkOhIRbU/maxresdefault.jpg,,
HhsepJhrTDc,,2ch馴れ初め日記帳,【2ch馴れ初め】俺を見下すエリート医師が難病の緊急手術で顔色真っ青に→天才外科医であることを隠し無能な看護師を演じる俺が本気を出した結果…【ゆっくり】,2024-04-05,542120,8300,130,2024-05-03,調査_馴れ初め_20240503:Videos_3-4,competitor_sheet_archive,https://i.ytimg.com/vi/HhsepJhrTDc/maxresdefault.jpg,,
-7OtRqeRrsM,,2ch馴れ初めヒストリー,【2ch馴れ初め】社員旅行で30人分の宿泊予約をキャンセルされたボロボロ親子→建築会社社長の俺が大工達の為に予約した結果...【ゆっくり】,2024-04-15,533420,8850,230,2024-05-03,調査_馴れ初め_20240503:Videos_3-4,competitor_sheet_archive,https://i.ytimg.com/vi/-7OtRqeRrsM/maxresdefault.jpg,,
Zk4cCIFhPo0,,2ch馴れ初め横丁,【2ch馴れ初め】宴会20人分の予約をキャンセルされた廃業寸前の居酒屋→零細企業社長の俺が代わりに貸切予約を入れた結果…,2024-03-31,525050,6920,190,2024-05-03,調査_馴れ初め_20240503:Videos_3-4,competitor_sheet_archive,https://i.ytimg.com/vi/Zk4cCIFhPo0/maxresdefault.jpg,,
Jb7MZf16Lck,,2ch 馴れ初め白書,【2ch馴れ初め】息子と2人お花見ピクニック中に現れたみすぼらしい少女→家がないと知り空き部屋に住ませた結果…【ゆっくり】,2024-03-18,516590,10020,250,2024-05-03,調査_馴れ初め_20240503:Videos_3-4,competitor_sheet_archive,https://i.ytimg.com/vi/Jb7MZf16Lck/maxresdefault.jpg,,
QIsZUBruQmU,,2ch馴れ初め横丁,【2ch馴れ初め】地元スーパーの新店長娘に嫌われ突然クビにされた愛想の良い女性店員→精肉店店主の俺が雇った結果…,2024-04-12,514550,7330,190,2024-05-03,調査_馴れ初め_20240503:Videos_3-4,competitor_sheet_archive,https://i.ytimg.com/vi/QIsZUBruQmU/maxresdefault.jpg,,
emRZpLQSg2g,,2ch馴れ初めシネマ,【2ch馴れ初め】生徒のミスをかばい涙目で徹夜を覚悟する美人教師→学校ではぼっち陰キャの天才プログラマの俺が本気を出した結果,2024-04-22,501640,5240,130,2024-05-03,調査_馴れ初め_20240503:Videos_3-4,competitor_sheet_archive,https://i.ytimg.com/vi/emRZpLQSg2g/maxresdefault.jpg,,
8H2mo0DeMfA,,ひょっとこ馴れ初め太郎,【2ch馴れ初め】朝のピークタイムなのに1人も客が来ない廃業寸前の弁当屋→急遽社員60人分の弁当を用意してもらった結果…【ゆっくり】,2024-04-05,500120,8340,200,2024-05-03,調査_馴れ初め_20240503:Videos_3-4,competitor_sheet_archive,https://i.ytimg.com/vi/8H2mo0DeMfA/maxresdefault.jpg,,
PUGUFmFRYGM,,2ch 馴れ初め白書,【2ch馴れ初め】卒業旅行当日にドタキャンされた貧乏母娘→高級温泉旅館を営む俺が声を掛けた結果…【ゆっくり】,2024-04-19,498050,7900,220,2024-05-03,調査_馴れ初め_20240503:Videos_3-4,competitor_sheet_archive,https://i.ytimg.com/vi/PUGUFmFRYGM/maxresdefault.jpg,,
BvR-gPY1aQY,,2ch馴れ初めで愛を灯す,【2ch馴れ初め】廃業寸前の町中華で汗まみれで必死に中華鍋を振るうボロボロ母娘、元中華料理人が手を貸した結果,2024-03-12,457550,6550,220,2024-05-03,調査_馴れ初め_20240503:Videos_3-4,competitor_sheet_archive,https://i.ytimg.com/vi/BvR-gPY1aQY/maxresdefault.jpg,,
M6Ruik7qj_M,,思い出のゆっくり2ch,【2ch馴れ初め】他界したシングルマザーの姉が残した子供を引き取り育てる俺…やむなく子連れ出勤したら、美人社長に呼び出され…,2024-04-26,447930,7660,180,2024-05-03,調査_馴れ初め_20240503:Videos_3-4,competitor_sheet_archive,https://i.ytimg.com/vi/M6Ruik7qj_M/maxresdefault.jpg,,
wk7NL3a39P4,,2ch馴れ初めシネマ,【2ch馴れ初め】早朝の魚市場、大量の食材を抱え大号泣する女性→礼はいらないトラック野郎の俺が本気を出した結果,2024-04-06,445480,4620,140,2024-05-03,調査_馴れ初め_20240503:Videos_3-4,competitor_sheet_archive,https://i.ytimg.com/vi/wk7NL3a39P4/maxresdefault.jpg,,
dtv9DWRABBk,,ひょっとこ馴れ初め太郎,【2ch馴れ初め】貸切予約をドタキャンされ困り果てるボロボロ親子→土建屋社長の俺が職人に振る舞った結果【ゆっくり】,2024-04-08,444370,8440,110,2024-05-03,調査_馴れ初め_20240503:Videos_3-4,competitor_sheet_archive,https://i.ytimg.com/vi/dtv9DWRABBk/maxresdefault.jpg,,
KkJsFBwCfWE,,2ch馴れ初めクエスト,【2ch馴れ初め】みんなが嫌がる仕事を押し付けられる地味な女性契約社員、独立予定の俺が声をかけた結果【ゆっくり動画】,2024-04-15,434230,7700,90,2024-05-03,調査_馴れ初め_20240503:Videos_3-4,competitor_sheet_archive,https://i.ytimg.com/vi/KkJsFBwCfWE/maxresdefault.jpg,,
BdOI8LGVWzc,,2ch 馴れ初め白書,【2ch馴れ初め】30人分の唐揚げ弁当をキャンセルされた貧乏母娘→会社経営してる俺が社員の為に買い取った結果…【ゆっくり】,2024-04-15,431470,8520,240,2024-05-03,調査_馴れ初め_20240503:Videos_3-4,competitor_sheet_archive,https://i.ytimg.com/vi/BdOI8LGVWzc/maxresdefault.jpg,,
xcni0tm_h5M,,2ch馴れ初めラブレター,【2ch馴れ初め】卒業旅行当日に置き去りにされた車椅子の親子→高級旅館を営む俺が声を掛けた結果...【ゆっくり】,2024-04-06,426070,4600,70,2024-05-03,調査_馴れ初め_20240503:Videos_3-4,competitor_sheet_archive,https://i.ytimg.com/vi/xcni0tm_h5M/maxresdefault.jpg,,
8ISoMSHYzgY,,2ch 馴れ初め白書,【2ch馴れ初め】 週末花見スポットで1人晩酌中、空腹で水を分け合う双子姉妹→亡き娘が好きだった七輪飯をご馳走した結果…【ゆっくり】,2024-04-26,417650,9350,230,2024-05-03,調査_馴れ初め_20240503:Videos_3-4,competitor_sheet_archive,https://i.ytimg.com/vi/8ISoMSHYzgY/maxresdefault.jpg,,
71HLC0P4rUg,,2ch馴れ初めで愛を語る,【2ch馴れ初め】共同経営していた親友に裏切られた俺 → 優秀な社員は全員引き抜かれてしまったがギャル社員だけが残された結果,2024-04-26,417540,5500,160,2024-05-03,調査_馴れ初め_20240503:Videos_3-4,competitor_sheet_archive,https://i.ytimg.com/vi/71HLC0P4rUg/maxresdefault.jpg,,
CIO7E6ZDdOk,,2ch馴れ初めで愛を語る,【2ch馴れ初め 総集編】 大人気馴れ初め動画6選まとめ 2ch馴れ初めで愛を語る 【作業用】【ゆっくり】,2024-04-14,406220,4810,20,2024-05-03,調査_馴れ初め_20240503:Videos_3-4,competitor_sheet_archive,https://i.ytimg.com/vi/CIO7E6ZDdOk/maxresdefault.jpg,,
T9V65fOzLUA,,ひょっとこ馴れ初め太郎,【2ch馴れ初め】家族から邪魔者扱いされる手先が器用なお婆さん→繊維会社社長の俺が住み込みで雇った結果…【ゆっくり】,2024-04-13,406040,5520,50,2024-05-03,調査_馴れ初め_20240503:Videos_3-4,competitor_sheet_archive,https://i.ytimg.com/vi/T9V65fOzLUA/maxresdefault.jpg,,
LcHPxXHukM4,,2ch馴れ初めラブレター,【2ch馴れ初め】華金の夜、すき焼きで1人晩酌してたら庭からボロボロな婆さんが現れた結果...【ゆっくり】,2024-04-22,399110,6070,110,2024-05-03,調査_馴れ初め_20240503:Videos_3-4,competitor_sheet_archive,https://i.ytimg.com/vi/LcHPxXHukM4/maxresdefault.jpg,,
jqcEZDBuE30,,2ch馴れ初め日記帳,【2ch馴れ初め】両親が他界し親戚の家で居場所なく退学間際の同級生→大家族の俺の店で住込みバイトに誘った結果…【ゆっくり】,2024-04-22,397780,6630,180,2024-05-03,調査_馴れ初め_20240503:Videos_3-4,competitor_sheet_archive,https://i.ytimg.com/vi/jqcEZDBuE30/maxresdefault.jpg,,
1Xyz9OlYzBo,,2ch馴れ初め 愛のメモリー,【2ch馴れ初め/感動名作】「お姉ちゃん…お腹すいた」いつも半額シールを待つ貧乏姉妹に店長の俺が唐揚げ弁当をご馳走した結果,2024-04-16,390690,5550,140,2024-05-03,調査_馴れ初め_20240503:Videos_3-4,competitor_sheet_archive,https://i.ytimg.com/vi/1Xyz9OlYzBo/maxresdefault.jpg,,
l-dKk_Txyok,,2ch馴れ初めヒストリー,【2ch馴れ初め】娘が妹のように可愛がっている貧乏双子 →ガリガリなので自慢の男飯を振舞った結果...【ゆっくり】,2024-04-06,390350,8160,130,2024-05-03,調査_馴れ初め_20240503:Videos_3-4,competitor_sheet_archive,https://i.ytimg.com/vi/l-dKk_Txyok/maxresdefault.jpg,,
6N8jgwtYymU,,2ch 馴れ初め白書,【2ch馴れ初め】夏季休暇の日に息子と2人釣り中、突然現れたボロボロ少女→ホームレスと知り休める場所を提供した結果…【ゆっくり】,2024-03-29,388760,6800,160,2024-05-03,調査_馴れ初め_20240503:Videos_3-4,competitor_sheet_archive,https://i.ytimg.com/vi/6N8jgwtYymU/maxresdefault.jpg,,
5wZeWgd0wV4,,2ch馴れ初めクエスト,【2ch馴れ初め】母と散歩中に現れたみずぼらしい女の子、山で生活していると聞き自宅に招いた結果【ゆっくり動画】,2024-04-25,385780,7530,110,2024-05-03,調査_馴れ初め_20240503:Videos_3-4,competitor_sheet_archive,https://i.ytimg.com/vi/5wZeWgd0wV4/maxresdefault.jpg,,
L9nBYZrK-zY,,ひょっとこ馴れ初め太郎,【2ch馴れ初め】歓迎会で90人分のお花見弁当をキャンセルされた貧乏親子→物流会社社長の俺が全部買い取った結果…【ゆっくり】,2024-04-17,380160,7510,210,2024-05-03,調査_馴れ初め_20240503:Videos_3-4,competitor_sheet_archive,https://i.ytimg.com/vi/L9nBYZrK-zY/maxresdefault.jpg,,
PZAHomQ5X8A,,2ch馴れ初めハウス,生前に母が依頼していた設計図を製造元に差し出す双子姉妹→廃業寸前の工業を営む俺が完成させた結果【馴れ初め2ch】,2024-04-25,375820,5790,100,2024-05-03,調査_馴れ初め_20240503:Videos_3-4,competitor_sheet_archive,https://i.ytimg.com/vi/PZAHomQ5X8A/maxresdefault.jpg,,
l-O6YV_a-3U,,2ch馴れ初め日記帳,【2ch馴れ初め】父親の会社の経営難を救う為、無理やり見合いさせられた女子高生→引きこもりニートで有名企業社長長男の俺が結婚した結果…【ゆっくり】,2024-04-01,372930,5360,80,2024-05-03,調査_馴れ初め_20240503:Videos_3-4,competitor_sheet_archive,https://i.ytimg.com/vi/l-O6YV_a-3U/maxresdefault.jpg,,
OG6mYgc-RAM,,2ch馴れ初めキューピッド,【2ch馴れ初め】入院した病院の担当看護師が10年前、結婚の約束をした少女だった結果…【ゆっくり】,2024-04-25,358600,6050,160,2024-05-03,調査_馴れ初め_20240503:Videos_3-4,competitor_sheet_archive,https://i.ytimg.com/vi/OG6mYgc-RAM/maxresdefault.jpg,,
XmPPDCCrnDk,,2ch 馴れ初め白書,【2ch馴れ初め】 深夜のファミレスで小ライスを分け合い誕生日を祝う双子姉妹→亡き娘と同じ誕生日だったのでお子様セットをご馳走した結果…【ゆっくり】,2024-04-18,353510,7910,200,2024-05-03,調査_馴れ初め_20240503:Videos_3-4,competitor_sheet_archive,https://i.ytimg.com/vi/XmPPDCCrnDk/maxresdefault.jpg,,
BkO3_tj-JUw,,2ch純愛物語,【2ch馴れ初め】入院中の病院にいるいつも不愛想な美人看護師→完治したので退院の挨拶をした結果…【ゆっくり】,2024-04-03,352590,5570,110,2024-05-03,調査_馴れ初め_20240503:Videos_3-4,competitor_sheet_archive,https://i.ytimg.com/vi/BkO3_tj-JUw/maxresdefault.jpg,,
kphmzk39-Gw,,2ch 馴れ初め白書,【2ch馴れ初め】事故で家族全員を失いひとりぼっちになった隣家の少女→ウチのラーメン屋で引き取った結果…【ゆっくり】,2024-04-21,349380,7130,170,2024-05-03,調査_馴れ初め_20240503:Videos_3-4,competitor_sheet_archive,https://i.ytimg.com/vi/kphmzk39-Gw/maxresdefault.jpg,,
W015UphObZ0,,2ch馴れ初めキューピッド,【2ch馴れ初め】貧乏な俺がラーメンの出前を頼んだら金持ちお嬢様が配達に来た結果…【ゆっくり】,2024-04-02,343760,4780,90,2024-05-03,調査_馴れ初め_20240503:Videos_3-4,competitor_sheet_archive,https://i.ytimg.com/vi/W015UphObZ0/maxresdefault.jpg,,
f9Z-KoDBheo,,2ch馴れ初め奇跡の出会い,【2ch馴れ初め】突然ヤクザが現れ震えている定食屋の母娘→常連客の俺が正体を明かし助けた結果...【ゆっくり】,2024-05-01,338270,5670,160,2024-05-03,調査_馴れ初め_20240503:Videos_3-4,competitor_sheet_archive,https://i.ytimg.com/vi/f9Z-KoDBheo/maxresdefault.jpg,,
03qQq-0fEZ4,,2ch馴れ初めキューピッド,【2ch馴れ初め】潰れかけの魚屋に月1回だけ来る爺さんに店主の私がお土産をサービスした結果…【ゆっくり】,2024-03-04,333950,5190,190,2024-05-03,調査_馴れ初め_20240503:Videos_3-4,competitor_sheet_archive,https://i.ytimg.com/vi/03qQq-0fEZ4/maxresdefault.jpg,,
gU6KGYowF5g,,2ch馴れ初め日記帳,【2ch馴れ初め】社長令嬢に嫌われ社内旅行先の山奥で置き去りにされた女性→元軍人、現窓際陰キャ社員の俺が本気を出した結果…【ゆっくり】,2024-03-30,325890,5500,110,2024-05-03,調査_馴れ初め_20240503:Videos_3-4,competitor_sheet_archive,https://i.ytimg.com/vi/gU6KGYowF5g/maxresdefault.jpg,,
7_94Q6nJexc,,2ch純愛物語,【2ch馴れ初め】卒業旅行当日に置き去りにされる貧乏同級生→俺の実家の高級旅館に招待した結果…【ゆっくり】,2024-04-23,320900,5740,200,2024-05-03,調査_馴れ初め_20240503:Videos_3-4,competitor_sheet_archive,https://i.ytimg.com/vi/7_94Q6nJexc/maxresdefault.jpg,,
NfzPZaR5oAM,,2ch 馴れ初め白書,【2ch馴れ初め】 放課後、車椅子の祖母が飼う愛犬を毎日散歩に連れてってくれる貧乏少女→1週間同じ服を着てたので新品の服をプレゼントした結果…【ゆっくり】,2024-04-25,318830,6980,130,2024-05-03,調査_馴れ初め_20240503:Videos_3-4,competitor_sheet_archive,https://i.ytimg.com/vi/NfzPZaR5oAM/maxresdefault.jpg,,
OdCLqBCIE7M,,ひょっとこ馴れ初め太郎,【2ch馴れ初め】社内プレゼン大会でお局から1人だけ他人扱いされる女性社員→次期社長の俺が声をかけた結果…【ゆっくり】,2024-04-14,318130,5110,130,2024-05-03,調査_馴れ初め_20240503:Videos_3-4,competitor_sheet_archive,https://i.ytimg.com/vi/OdCLqBCIE7M/maxresdefault.jpg,,
DXKLa_7Esg0,,2ch馴れ初め奇跡の出会い,【2ch馴れ初め】極寒の夜、宿泊拒否され途方に暮れるボロボロ親子→キモオタ資産家でホテルを経営する俺が声をかけた結果...【ゆっくり】,2024-04-11,315770,5100,280,2024-05-03,調査_馴れ初め_20240503:Videos_3-4,competitor_sheet_archive,https://i.ytimg.com/vi/DXKLa_7Esg0/maxresdefault.jpg,,
wrqU-XJy9bs,,ひょっとこ馴れ初め太郎,【2ch馴れ初め】地味な女性社員を教育することになった窓際社員の俺→後日、彼女の正体に社内がざわついて…【ゆっくり】,2024-04-03,295460,4060,80,2024-05-03,調査_馴れ初め_20240503:Videos_3-4,competitor_sheet_archive,https://i.ytimg.com/vi/wrqU-XJy9bs/maxresdefault.jpg,,
fP0fj8NgnTE,,2ch馴れ初めラブレター,【2ch馴れ初め】いつも無愛想で俺のことが大嫌いな双子の妹 →実は血は繋がっていないとバレた結果...【ゆっくり】,2024-04-13,294320,2630,50,2024-05-03,調査_馴れ初め_20240503:Videos_3-4,competitor_sheet_archive,https://i.ytimg.com/vi/fP0fj8NgnTE/maxresdefault.jpg,,
E8tTdZX23Gc,,2ch馴れ初めキューピッド,【2ch馴れ初め】ライバルに陥れられた女性→建設関係の俺が助けた結果…【ゆっくり】,2024-04-20,288000,4800,20,2024-05-03,調査_馴れ初め_20240503:Videos_3-4,competitor_sheet_archive,https://i.ytimg.com/vi/E8tTdZX23Gc/maxresdefault.jpg,,
H9dy2Jw0RdU,,2ch 馴れ初め ストーリーズ,【2ch馴れ初め】赤字続きの洋菓子店に苺の営業に来た謎のボロボロ女性→激ウマだったので独占大量発注した結果【ゆっくり】,2024-04-12,287860,5620,150,2024-05-03,調査_馴れ初め_20240503:Videos_3-4,competitor_sheet_archive,https://i.ytimg.com/vi/H9dy2Jw0RdU/maxresdefault.jpg,,
fWZI3dcTfDA,,ひょっとこ馴れ初め太郎,【2ch馴れ初め】潰れかけのレストランに面接に来たボロボロの老婆→双子の娘の直感で即採用した結果…【ゆっくり】,2024-04-20,284960,4800,110,2024-05-03,調査_馴れ初め_20240503:Videos_3-4,competitor_sheet_archive,https://i.ytimg.com/vi/fWZI3dcTfDA/maxresdefault.jpg,,
zhfYRN6q7O8,,2ch 馴れ初め白書,【2ch馴れ初め】夏祭りの射的で号泣する貧乏親子→デブ陰キャで元自衛隊員の俺が手を貸した結果…【ゆっくり】,2024-04-05,283750,5870,140,2024-05-03,調査_馴れ初め_20240503:Videos_3-4,competitor_sheet_archive,https://i.ytimg.com/vi/zhfYRN6q7O8/maxresdefault.jpg,,
6z656lkIFok,,2ch馴れ初め日記帳,【2ch馴れ初め】50人分の唐揚げ弁当を当日キャンセルされたボロボロ親子→イベント会社を経営する俺が差入れ用に全部買取った結果…【ゆっくり】,2024-04-11,279180,5310,160,2024-05-03,調査_馴れ初め_20240503:Videos_3-4,competitor_sheet_archive,https://i.ytimg.com/vi/6z656lkIFok/maxresdefault.jpg,,
1qbFgzHmq7E,,ひょっとこ馴れ初め太郎,【2ch馴れ初め】田舎に1人で暮らす母の家に毎日草むしりを手伝いに来てくれる貧乏少女→破けた服を着ていたので新品の服11着をプレゼントした結果…【ゆっくり】,2024-04-29,277950,4740,30,2024-05-03,調査_馴れ初め_20240503:Videos_3-4,competitor_sheet_archive,https://i.ytimg.com/vi/1qbFgzHmq7E/maxresdefault.jpg,,
zyPznznOb7E,,2ch馴れ初めヒストリー,【2ch馴れ初め】突然現れたヤクザから母を必死に守るボロボロ少女 →常連客の俺が正体を明かし助けた結果...【ゆっくり】,2024-04-07,275040,5670,100,2024-05-03,調査_馴れ初め_20240503:Videos_3-4,competitor_sheet_archive,https://i.ytimg.com/vi/zyPznznOb7E/maxresdefault.jpg,,
vLHavgcTsVY,,2ch馴れ初めクエスト,【2ch馴れ初め】発注ミスにより大量のお肉が届き絶望する精肉店の親子、焼き肉屋を経営する俺が声を掛けた結果【ゆっくり動画】,2024-04-23,273620,6540,130,2024-05-03,調査_馴れ初め_20240503:Videos_3-4,competitor_sheet_archive,https://i.ytimg.com/vi/vLHavgcTsVY/maxresdefault.jpg,,
FB2LSpWzNHI,,2ch馴れ初めラブレター,【2ch馴れ初め】汚いお婆さんに金を貸したら実は大企業会長 →美人孫娘を連れ大量の金を持って来た結果...【ゆっくり】,2024-04-27,273090,4140,60,2024-05-03,調査_馴れ初め_20240503:Videos_3-4,competitor_sheet_archive,https://i.ytimg.com/vi/FB2LSpWzNHI/maxresdefault.jpg,,
-gjJOBrRgfo,,2ch純愛物語,【2ch馴れ初め】1人暮らしの祖母の家に毎日遊びに来るガリガリ双子姉妹→ひな祭りだったのでちらし寿司をご馳走した結果…【ゆっくり】,2024-03-07,271990,5960,60,2024-05-03,調査_馴れ初め_20240503:Videos_3-4,competitor_sheet_archive,https://i.ytimg.com/vi/-gjJOBrRgfo/maxresdefault.jpg,,
MZe0V_syq0c,,2ch 馴れ初め白書,【2ch馴れ初め】夏休みに入った息子と2人キャンプ中に現れたボロボロ少女→ホームレスと知り翌日家に連れ帰った結果…【ゆっくり】,2024-04-22,269710,6070,190,2024-05-03,調査_馴れ初め_20240503:Videos_3-4,competitor_sheet_archive,https://i.ytimg.com/vi/MZe0V_syq0c/maxresdefault.jpg,,
c-IFIYfF3Pg,,2ch馴れ初めキューピッド,【2ch馴れ初め】料理が趣味の俺が肉じゃがを作っていたら、いつも険しい顔の隣人が突入してきた結果…【ゆっくり】,2024-04-28,268180,4660,240,2024-05-03,調査_馴れ初め_20240503:Videos_3-4,competitor_sheet_archive,https://i.ytimg.com/vi/c-IFIYfF3Pg/maxresdefault.jpg,,
Deh1Nmc38qg,,2ch純愛物語,【2ch馴れ初め】親戚から邪魔者扱いされる器用な天才双子姉妹→製造会社次期社長の俺が引き取った結果…【ゆっくり】,2024-04-21,261600,5620,140,2024-05-03,調査_馴れ初め_20240503:Videos_3-4,competitor_sheet_archive,https://i.ytimg.com/vi/Deh1Nmc38qg/maxresdefault.jpg,,
5u7r5oE0Zqk,,2ch馴れ初め日記帳,【2ch馴れ初め】駅のロータリーでチンピラに絡まれ涙目で怯えるホームレス→元空手王者、現鉄道オタクの俺が本気を出してしまった結果 …【ゆっくり】,2024-03-17,260670,4350,120,2024-05-03,調査_馴れ初め_20240503:Videos_3-4,competitor_sheet_archive,https://i.ytimg.com/vi/5u7r5oE0Zqk/maxresdefault.jpg,,
vmfJMMQBPzo,,2ch馴れ初めヒストリー,【2ch馴れ初め】放課後の校舎裏で強面のヤンキーに絡まれるクラスの女子 →実は元暴走族総長の俺が本気を出して助けた結果...【ゆっくり】,2024-03-14,255540,2770,20,2024-05-03,調査_馴れ初め_20240503:Videos_3-4,competitor_sheet_archive,https://i.ytimg.com/vi/vmfJMMQBPzo/maxresdefault.jpg,,
Rj-NWDUhN8k,,2ch馴れ初め奇跡の出会い,【2ch馴れ初め】最終面接で片親を理由に落とされたかつて天才と呼ばれていた幼馴染 →次期社長の俺が声を掛けた結果...【ゆっくり】,2024-04-29,246700,3970,80,2024-05-03,調査_馴れ初め_20240503:Videos_3-4,competitor_sheet_archive,https://i.ytimg.com/vi/Rj-NWDUhN8k/maxresdefault.jpg,,
efA7QNCp4PU,,2ch馴れ初めヒストリー,【2ch馴れ初め】米屋におつかいに来たボロボロ双子姉妹 →異変を感じたので一緒に家まで運んだ結果...【ゆっくり】,2024-04-27,246530,4460,70,2024-05-03,調査_馴れ初め_20240503:Videos_3-4,competitor_sheet_archive,https://i.ytimg.com/vi/efA7QNCp4PU/maxresdefault.jpg,,
itgq2LSgNHU,,2ch 馴れ初め白書,【2ch馴れ初め】 誕生日祝いに予約した旅館で宿泊拒否されるボロボロ親子→俺の営む廃業寸前の旅館に招待した結果…【ゆっくり】,2024-04-23,240830,5510,130,2024-05-03,調査_馴れ初め_20240503:Videos_3-4,competitor_sheet_archive,https://i.ytimg.com/vi/itgq2LSgNHU/maxresdefault.jpg,,
qoO4d2WY-rM,,ひょっとこ馴れ初め太郎,【2ch馴れ初め】建設現場で33人分の日替わり弁当をキャンセルされるボロボロ親子→施主の俺が全て買い取り近隣に配った結果…【ゆっくり】,2024-04-28,238250,4200,90,2024-05-03,調査_馴れ初め_20240503:Videos_3-4,competitor_sheet_archive,https://i.ytimg.com/vi/qoO4d2WY-rM/maxresdefault.jpg,,
hj4A-SO6qZI,,2chほっこり馴れ初め話,【2ch馴れ初め】亡き父から継いだ俺の定食屋に面接に来たシングルマザー、断ろうとしたら母が引き止めてきた結果…【ゆっくり】,2024-03-27,237240,5640,100,2024-05-03,調査_馴れ初め_20240503:Videos_3-4,competitor_sheet_archive,https://i.ytimg.com/vi/hj4A-SO6qZI/maxresdefault.jpg,,
RC43uHScW-M,,2ch馴れ初め横丁,【2ch馴れ初め】小さな日の丸弁当を分け合いお花見する貧乏母娘→放っておけず俺達の重箱弁当をお裾分けした結果…,2024-04-11,235460,4930,130,2024-05-03,調査_馴れ初め_20240503:Videos_3-4,competitor_sheet_archive,https://i.ytimg.com/vi/RC43uHScW-M/maxresdefault.jpg,,
PIlHdvtQ9r8,,2ch馴れ初め 愛のメモリー,【2ch馴れ初め/感動名作】母の焼き芋屋を手伝うボロボロの双子姉妹→建設会社社長の俺が差し入れ用に大量に買った結果,2024-04-27,235250,5980,220,2024-05-03,調査_馴れ初め_20240503:Videos_3-4,competitor_sheet_archive,https://i.ytimg.com/vi/PIlHdvtQ9r8/maxresdefault.jpg,,
pkHhm7gvuF0,,2ch馴れ初めヒストリー,【2ch馴れ初め】事故で両親を失い親戚の家で奴隷扱いのボロボロ双子→本当の兄のように一緒に過ごした結果...【ゆっくり】,2024-04-28,233520,5230,60,2024-05-03,調査_馴れ初め_20240503:Videos_3-4,competitor_sheet_archive,https://i.ytimg.com/vi/pkHhm7gvuF0/maxresdefault.jpg,,
pqhw_UEnTWU,,2ch馴れ初めヒストリー,【2ch馴れ初め】両親に捨てられ親戚からも厄介者扱いのボロボロ双子→製造会社社長の俺が引き取った結果...【ゆっくり】,2024-04-24,233060,4460,60,2024-05-03,調査_馴れ初め_20240503:Videos_3-4,competitor_sheet_archive,https://i.ytimg.com/vi/pqhw_UEnTWU/maxresdefault.jpg,,
V-U_BhKlZoU,,2ch馴れ初め日記帳,【2ch馴れ初め】高学歴銀行員に狙われ廃業寸前の定食屋母娘→常連ニートで実は資産家の俺が力を貸した結果…【ゆっくり】,2024-04-21,231150,4940,100,2024-05-03,調査_馴れ初め_20240503:Videos_3-4,competitor_sheet_archive,https://i.ytimg.com/vi/V-U_BhKlZoU/maxresdefault.jpg,,
FzOfIUKxGXk,,2ch馴れ初めクエスト,【2ch馴れ初め】一人っ子の俺が上京し寂しがる両親の所に遊びに来る貧乏少女、帰省時に特上寿司を買っていった結果【ゆっくり動画】,2024-03-09,230100,4360,80,2024-05-03,調査_馴れ初め_20240503:Videos_3-4,competitor_sheet_archive,https://i.ytimg.com/vi/FzOfIUKxGXk/maxresdefault.jpg,,
1clVeuqqCws,,2ch 馴れ初め白書,【2ch馴れ初め】深夜のタクシー乗り場で乗車拒否される高熱の娘を抱えたボロボロ女性→閉院寸前ボロ病院を継いだ俺が声を掛けた結果…【ゆっくり】,2024-04-28,228550,4850,120,2024-05-03,調査_馴れ初め_20240503:Videos_3-4,competitor_sheet_archive,https://i.ytimg.com/vi/1clVeuqqCws/maxresdefault.jpg,,
zvgoC1MZGKA,,ひょっとこ馴れ初め太郎,【2ch馴れ初め】うちの会社にウォーターサーバーを訪問販売しに来たボロボロのシングルマザー→製造会社社長の俺が37支店分を契約した結果…【ゆっくり】,2024-04-20,226520,4100,100,2024-05-03,調査_馴れ初め_20240503:Videos_3-4,competitor_sheet_archive,https://i.ytimg.com/vi/zvgoC1MZGKA/maxresdefault.jpg,,
6VSne3-HzBI,,2ch 馴れ初め白書,【2ch馴れ初め】ウチの庭に捨てられた見知らぬ少女を引き取った俺→料理好きな会社の美人後輩に相談した結果…【ゆっくり】,2024-04-29,225340,5080,210,2024-05-03,調査_馴れ初め_20240503:Videos_3-4,competitor_sheet_archive,https://i.ytimg.com/vi/6VSne3-HzBI/maxresdefault.jpg,,
V-u9fVopnt8,,2ch馴れ初め 愛のメモリー,【2ch馴れ初め/感動名作】「とりあえず一回デートしろよ」学校一のヤンキー美女に狙われた陰キャな俺→ゴリ押しに負けてデートした結果,2024-04-24,225020,2560,60,2024-05-03,調査_馴れ初め_20240503:Videos_3-4,competitor_sheet_archive,https://i.ytimg.com/vi/V-u9fVopnt8/maxresdefault.jpg,,
7oEjQnV2oYc,,2ch純愛物語,【2ch馴れ初め】向かいの高級料亭で突如取引中止を告げられる野菜農家の親子→廃業寸前ライバル料亭を営む俺が小口契約した結果…【ゆっくり】,2024-04-20,224470,4360,140,2024-05-03,調査_馴れ初め_20240503:Videos_3-4,competitor_sheet_archive,https://i.ytimg.com/vi/7oEjQnV2oYc/maxresdefault.jpg,,
cWDe6pr2QxY,,ひょっとこ馴れ初め太郎,【2ch馴れ初め】刑務所に入った父親のせいで親戚中から厄介者扱いされるボロボロ少女→田舎で静かに暮らす俺が引き取った結果…【ゆっくり】,2024-04-10,221210,4670,190,2024-05-03,調査_馴れ初め_20240503:Videos_3-4,competitor_sheet_archive,https://i.ytimg.com/vi/cWDe6pr2QxY/maxresdefault.jpg,,
SWrC_v8emc0,,2chほっこり馴れ初め話,【2ch馴れ初め】ひきこもりだった娘を救ってくれた貧乏少女、もうすぐ居なくなることを教えてくれた結果…【ゆっくり】,2024-03-31,221030,5800,40,2024-05-03,調査_馴れ初め_20240503:Videos_3-4,competitor_sheet_archive,https://i.ytimg.com/vi/SWrC_v8emc0/maxresdefault.jpg,,
tt0Iz61nl9o,,ひょっとこ馴れ初め太郎,【2ch馴れ初め】両親が亡くなり親戚からたらい回しにされる天才少女→社長の俺が引き取り秘書に相談した結果...【ゆっくり】,2024-03-09,220910,3820,70,2024-05-03,調査_馴れ初め_20240503:Videos_3-4,competitor_sheet_archive,https://i.ytimg.com/vi/tt0Iz61nl9o/maxresdefault.jpg,,
M8er68whDpc,,2ch馴れ初めヒストリー,【2ch馴れ初め】大雨の中、傘もささずにおつかいに来たボロボロの双子→異変を感じたので家まで送った結果...【ゆっくり】,2024-04-29,220790,4910,100,2024-05-03,調査_馴れ初め_20240503:Videos_3-4,competitor_sheet_archive,https://i.ytimg.com/vi/M8er68whDpc/maxresdefault.jpg,,
WPkpYmMCMJ0,,2ch 馴れ初め白書,【2ch馴れ初め】大雨の中、傘を忘れた息子を送り届けてくれたガリガリ母娘→お礼に揚げたての唐揚げをご馳走した結果… 【ゆっくり】,2024-03-08,218880,5240,70,2024-05-03,調査_馴れ初め_20240503:Videos_3-4,competitor_sheet_archive,https://i.ytimg.com/vi/WPkpYmMCMJ0/maxresdefault.jpg,,
FRBrSoOzQ8s,,2ch馴れ初め日記帳,【2ch馴れ初め】独立して念願の高級料亭で元同僚に50人分の当日キャンセルされた幼馴染→昔陰キャで現在敏腕経営者となった俺の堪忍袋の緒が切れてしまった結果…【ゆっくり】,2024-04-09,215830,3790,60,2024-05-03,調査_馴れ初め_20240503:Videos_3-4,competitor_sheet_archive,https://i.ytimg.com/vi/FRBrSoOzQ8s/maxresdefault.jpg,,
T7DjGemblnc,,2ch馴れ初めクエスト,【2ch馴れ初め】30人分の焼肉をキャンセルされ途方に暮れる小さなお店の母娘、柔道を習う俺が友人達を連れていった結果【ゆっくり動画】,2024-04-02,214990,5030,80,2024-05-03,調査_馴れ初め_20240503:Videos_3-4,competitor_sheet_archive,https://i.ytimg.com/vi/T7DjGemblnc/maxresdefault.jpg,,
M-NOfQhucYQ,,2ch馴れ初め横丁,【2ch馴れ初め】亡き夫の店も財産も全て奪われた孤独なお婆さん→俺のラーメン屋で日雇いバイトで雇った結果…,2024-04-28,214940,3240,40,2024-05-03,調査_馴れ初め_20240503:Videos_3-4,competitor_sheet_archive,https://i.ytimg.com/vi/M-NOfQhucYQ/maxresdefault.jpg,,
YHFRQDjftJw,,2ch純愛物語,【2ch馴れ初め】自宅に置き去りにされなけなしの5円玉でピザを頼むガリガリ少女→異変を感じたので実家に連れ帰った結果…【ゆっくり】,2024-03-16,212300,4710,50,2024-05-03,調査_馴れ初め_20240503:Videos_3-4,competitor_sheet_archive,https://i.ytimg.com/vi/YHFRQDjftJw/maxresdefault.jpg,,
iGWX4vpLax8,,2ch馴れ初めクエスト,【2ch馴れ初め】両親を亡くし一人になった姪を預かることになった俺、同期の女性社員に色々と助けてもらった結果【ゆっくり動画】,2024-04-16,212080,5380,80,2024-05-03,調査_馴れ初め_20240503:Videos_3-4,competitor_sheet_archive,https://i.ytimg.com/vi/iGWX4vpLax8/maxresdefault.jpg,,
TG_bygftKnE,,2ch純愛物語,【2ch馴れ初め】 貧乏な俺が妹の誕生日になけなしのお金でピザを頼んだら、いつも俺を見下すクラスの社長令嬢が現れた結果…【ゆっくり】,2024-04-17,210460,3730,130,2024-05-03,調査_馴れ初め_20240503:Videos_3-4,competitor_sheet_archive,https://i.ytimg.com/vi/TG_bygftKnE/maxresdefault.jpg,,
CVjAxYt_nbw,,ひょっとこ馴れ初め太郎,【2ch馴れ初め】700万個作った金属加工品をキャンセルされた町工場の親子→製造会社の俺が声をかけた結果…【ゆっくり】,2024-04-25,210030,3580,100,2024-05-03,調査_馴れ初め_20240503:Videos_3-4,competitor_sheet_archive,https://i.ytimg.com/vi/CVjAxYt_nbw/maxresdefault.jpg,,
JsYeUh7GR-w,,2ch馴れ初め奇跡の出会い,【2ch馴れ初め】廃業寸前の俺の旅館に面接に来た双子の婆さん →超ハイスペックだったので即採用した結果...【ゆっくり】,2024-04-25,209930,3710,90,2024-05-03,調査_馴れ初め_20240503:Videos_3-4,competitor_sheet_archive,https://i.ytimg.com/vi/JsYeUh7GR-w/maxresdefault.jpg,,
PlalJD2G97w,,ひょっとこ馴れ初め太郎,【2ch馴れ初め】田舎で1人暮らしする母の話し相手になってくれるボロボロの三つ子→突然母が「娘にならない？」と言った結果…【ゆっくり】,2024-04-30,206220,4120,30,2024-05-03,調査_馴れ初め_20240503:Videos_3-4,competitor_sheet_archive,https://i.ytimg.com/vi/PlalJD2G97w/maxresdefault.jpg,,
oMmOdFxqFbg,,2ch馴れ初めクエスト,【2ch馴れ初め】深夜の公園でカットケーキの1粒のイチゴを譲り合う双子、自分用に買ったホールケーキを渡した結果【ゆっくり動画】,2024-04-30,205030,5380,80,2024-05-03,調査_馴れ初め_20240503:Videos_3-4,competitor_sheet_archive,https://i.ytimg.com/vi/oMmOdFxqFbg/maxresdefault.jpg,,
v4cLSOU0PeY,,2ch馴れ初めラブレター,【2ch馴れ初め】炊き出し会場で見かけたかつて神童と呼ばれた幼馴染 →零細企業社長の俺が住込みで雇った結果...【ゆっくり】,2024-04-28,200900,3090,90,2024-05-03,調査_馴れ初め_20240503:Videos_3-4,competitor_sheet_archive,https://i.ytimg.com/vi/v4cLSOU0PeY/maxresdefault.jpg,,
lxbuwPxCEbE,,2ch馴れ初めクエスト,【2ch馴れ初め】父が遺してくれた金庫が錆びて開けられず途方に暮れる女性、鍵業者の俺が開けてあげた結果【ゆっくり動画】,2024-03-05,200050,4020,60,2024-05-03,調査_馴れ初め_20240503:Videos_3-4,competitor_sheet_archive,https://i.ytimg.com/vi/lxbuwPxCEbE/maxresdefault.jpg,,
WxuN7DVBPM4,,2ch馴れ初めゆっくりで最愛,【2ch 馴れ初め】展示会で倒産寸前の俺の会社に面接に来た謎のボロボロの女性→超有能だったので即戦力として採用した結果【ゆっくり】,2024-04-21,198520,3740,40,2024-05-03,調査_馴れ初め_20240503:Videos_3-4,competitor_sheet_archive,https://i.ytimg.com/vi/WxuN7DVBPM4/maxresdefault.jpg,,
1BepihqWpS4,,2ch馴れ初めクエスト,【2ch馴れ初め】俺の養殖場の魚を釣ろうとするボロボロ少女、新鮮な魚をさばいて振舞ってあげた結果【ゆっくり動画】,2024-04-28,197080,5190,80,2024-05-03,調査_馴れ初め_20240503:Videos_3-4,competitor_sheet_archive,https://i.ytimg.com/vi/1BepihqWpS4/maxresdefault.jpg,,
VAjVicQhQ3k,,2ch馴れ初めヒストリー,【2ch馴れ初め】亡き母のレシピを持ってきたボロボロ双子 →廃業寸前ラーメン屋の俺が振舞った結果...【ゆっくり】,2024-04-23,193730,4000,110,2024-05-03,調査_馴れ初め_20240503:Videos_3-4,competitor_sheet_archive,https://i.ytimg.com/vi/VAjVicQhQ3k/maxresdefault.jpg,,
Vr2bBpzZ9yU,,2ch馴れ初めキューピッド,【2ch馴れ初め】友達が紹介してくれた地味男と二人きりで嫌々飲んだ結果…【ゆっくり】,2024-04-27,189880,2730,70,2024-05-03,調査_馴れ初め_20240503:Videos_3-4,competitor_sheet_archive,https://i.ytimg.com/vi/Vr2bBpzZ9yU/maxresdefault.jpg,,
c5A4yvDWptk,,2ch馴れ初め日記帳,【2ch馴れ初め】霊感があり不気味がられて親戚をたらい回しにされる少女→廃病院で開業した医者の俺が引取った結果…【ゆっくり】,2024-04-30,188310,4100,80,2024-05-03,調査_馴れ初め_20240503:Videos_3-4,competitor_sheet_archive,https://i.ytimg.com/vi/c5A4yvDWptk/maxresdefault.jpg,,
lvr8EVzCJ0E,,ひょっとこ馴れ初め太郎,【2ch馴れ初め】社員旅行当日に置き去りにされるシングルマザーの女性社員→取引先社長の俺が声をかけた結果…【ゆっくり】,2024-04-07,185500,3780,40,2024-05-03,調査_馴れ初め_20240503:Videos_3-4,competitor_sheet_archive,https://i.ytimg.com/vi/lvr8EVzCJ0E/maxresdefault.jpg,,
pm6QOli6I6k,,2chほっこり馴れ初め話,【2ch馴れ初め】夜職経験が理由で内定を取り消された天才幼馴染、大企業社長の俺が秘書として雇った結果…【ゆっくり】,2024-04-24,183000,3550,80,2024-05-03,調査_馴れ初め_20240503:Videos_3-4,competitor_sheet_archive,https://i.ytimg.com/vi/pm6QOli6I6k/maxresdefault.jpg,,
YAnMxQIdC68,,2ch 馴れ初め白書,【2ch馴れ初め】20年間取引した高級焼肉屋に突如取引中止を告げられる精肉店の母娘→廃業寸前ライバル店を経営する俺が大量発注した結果…【ゆっくり】,2024-05-01,182720,4370,110,2024-05-03,調査_馴れ初め_20240503:Videos_3-4,competitor_sheet_archive,https://i.ytimg.com/vi/YAnMxQIdC68/maxresdefault.jpg,,
GYKJ1s5aMFc,,2ch馴れ初めで愛を語る,【2ch馴れ初め 総集編】 大人気馴れ初め動画6選 2ch馴れ初めで愛を語る 【作業用】【ゆっくり】,2024-04-29,182540,2160,30,2024-05-03,調査_馴れ初め_20240503:Videos_3-4,competitor_sheet_archive,https://i.ytimg.com/vi/GYKJ1s5aMFc/maxresdefault.jpg,,
7FbfldhGOmc,,2ch馴れ初めクエスト,【2ch馴れ初め】双子の世話と仕事で過労になり職を失ったシングルマザー、旅館を経営する俺が住み込みで雇った結果【ゆっくり動画】,2024-03-10,177320,4880,130,2024-05-03,調査_馴れ初め_20240503:Videos_3-4,competitor_sheet_archive,https://i.ytimg.com/vi/7FbfldhGOmc/maxresdefault.jpg,,
coZHrmAxu10,,2ch馴れ初めシネマ,【2ch馴れ初め】1000個のフルーツサンドを当日キャンセルされた貧乏親子→運送ドライバーの俺が丸ごと買い取った結果,2024-04-14,173400,2270,30,2024-05-03,調査_馴れ初め_20240503:Videos_3-4,competitor_sheet_archive,https://i.ytimg.com/vi/coZHrmAxu10/maxresdefault.jpg,,
Uih12JBbMNY,,2ch馴れ初めで愛を語る,【2ch馴れ初め】家の前の汚いホームレスに弁当を恵んだら、実はヤクザ組長 → 極道の美女と大量の黒服を連れてきた結果,2024-05-02,171450,3190,80,2024-05-03,調査_馴れ初め_20240503:Videos_3-4,competitor_sheet_archive,https://i.ytimg.com/vi/Uih12JBbMNY/maxresdefault.jpg,,
qWK88p_S8GY,,2ch馴れ初めで愛を語る,【2ch馴れ初め】仕事中の事故で車椅子になった俺 → 彼女にも捨てられ絶望していたら どん底の俺を職場の後輩が助けてくれた結果,2024-04-28,169250,2780,60,2024-05-03,調査_馴れ初め_20240503:Videos_3-4,competitor_sheet_archive,https://i.ytimg.com/vi/qWK88p_S8GY/maxresdefault.jpg,,
ESSjgEj46As,,2ch馴れ初めゆっくりで最愛,【2ch 馴れ初め】毒親の借金返済のため強引に見合いをさせられた女子高生→陰キャ キモオタ社長の俺と結婚した結果【ゆっくり】,2024-04-17,168510,3610,40,2024-05-03,調査_馴れ初め_20240503:Videos_3-4,competitor_sheet_archive,https://i.ytimg.com/vi/ESSjgEj46As/maxresdefault.jpg,,
dafNGVD5D94,,ひょっとこ馴れ初め太郎,【2ch馴れ初め】車の販売を拒否され追い出されるボロボロ親子→ライバル店で働く俺が声をかけた結果…【ゆっくり】,2024-04-24,164340,2970,90,2024-05-03,調査_馴れ初め_20240503:Videos_3-4,competitor_sheet_archive,https://i.ytimg.com/vi/dafNGVD5D94/maxresdefault.jpg,,
fthiGwdTRNs,,2ch馴れ初め 愛のメモリー,【2ch馴れ初め/感動名作】50人分のお弁当をキャンセルされた貧乏親子→製造会社を経営する俺がまるごと買い取った結果,2024-05-02,160840,3610,100,2024-05-03,調査_馴れ初め_20240503:Videos_3-4,competitor_sheet_archive,https://i.ytimg.com/vi/fthiGwdTRNs/maxresdefault.jpg,,
CeApIDXSQe0,,2ch馴れ初め日記帳,【2ch馴れ初め】家族から邪魔者扱いされる泥だらけの野菜を抱えた老婆→三ツ星レストランを営む俺が大型契約した結果…【ゆっくり】,2024-04-27,155550,2760,70,2024-05-03,調査_馴れ初め_20240503:Videos_3-4,competitor_sheet_archive,https://i.ytimg.com/vi/CeApIDXSQe0/maxresdefault.jpg,,
H9sczths24w,,ひょっとこ馴れ初め太郎,【2ch馴れ初め】交流会のようかん200個をドタキャンされた和菓子屋のボロボロ親子→旅館経営者の俺が全て買い取った結果【ゆっくり】,2024-04-27,155070,3730,110,2024-05-03,調査_馴れ初め_20240503:Videos_3-4,competitor_sheet_archive,https://i.ytimg.com/vi/H9sczths24w/maxresdefault.jpg,,
vqjeQqi7Sn8,,2ch純愛物語,【2ch馴れ初め】陰キャで不登校の俺の家に毎朝迎えに来るヤンキー同級生→ある日突然来なくなり探した結果…【ゆっくり】,2024-03-09,154630,3050,50,2024-05-03,調査_馴れ初め_20240503:Videos_3-4,competitor_sheet_archive,https://i.ytimg.com/vi/vqjeQqi7Sn8/maxresdefault.jpg,,
V3hGQZn5MlU,,2ch馴れ初め横丁,【2ch馴れ初め】深夜徘徊で通った公園で犬と一緒に震えているボロボロの少女→心配になり話しかけた結果,2024-03-13,154530,3840,60,2024-05-03,調査_馴れ初め_20240503:Videos_3-4,competitor_sheet_archive,https://i.ytimg.com/vi/V3hGQZn5MlU/maxresdefault.jpg,,
D1I1NWUsdMM,,2ch馴れ初めラブレター,【2ch馴れ初め】俺の旅館に面接に来たホームレス女性→昔命がけで助けてくれた美人女性だった結果...【ゆっくり】,2024-04-10,153540,2240,30,2024-05-03,調査_馴れ初め_20240503:Videos_3-4,competitor_sheet_archive,https://i.ytimg.com/vi/D1I1NWUsdMM/maxresdefault.jpg,,
Ipt1IMPQ_CU,,思い出のゆっくり2ch,【2ch馴れ初め＆感動総集編】電車で妊婦さんを助けて大遅刻した陰キャの俺…学校のマドンナが突然話しかけてきた結果… 思い出のゆっくり2ch人気動画まとめ,2024-04-28,152950,1930,50,2024-05-03,調査_馴れ初め_20240503:Videos_3-4,competitor_sheet_archive,https://i.ytimg.com/vi/Ipt1IMPQ_CU/maxresdefault.jpg,,
7cNQ9RnooKk,,2chほっこり馴れ初め話,【2ch馴れ初め】大型スーパーができ客がいなくなった八百屋女性、飲食店経営の俺が大量発注した結果…【ゆっくり】,2024-04-22,151060,3960,80,2024-05-03,調査_馴れ初め_20240503:Videos_3-4,competitor_sheet_archive,https://i.ytimg.com/vi/7cNQ9RnooKk/maxresdefault.jpg,,
-RhBtWFsdeY,,2ch馴れ初めクエスト,【2ch馴れ初め】幼い娘を連れて転職活動する母親、面接官の俺が事情を聞き採用した結果【ゆっくり動画】,2024-05-01,150660,4410,60,2024-05-03,調査_馴れ初め_20240503:Videos_3-4,competitor_sheet_archive,https://i.ytimg.com/vi/-RhBtWFsdeY/maxresdefault.jpg,,
DhNH9i1g7o4,,2ch馴れ初め 愛のメモリー,【2ch馴れ初め/感動名作】「ママ、お腹すいたよ…」大雪の日、サービスエリアで大号泣する貧乏母娘→長距離トラック運転手の俺が保護した結果,2024-04-21,150120,3590,110,2024-05-03,調査_馴れ初め_20240503:Videos_3-4,competitor_sheet_archive,https://i.ytimg.com/vi/DhNH9i1g7o4/maxresdefault.jpg,,
mMh-Cl234qk,,2ch馴れ初めクエスト,【2ch馴れ初め】野良犬から1人娘を守ってくれた小学生の少女、お礼がしたくて何か困っていることがないか聞いた結果【ゆっくり動画】,2024-05-02,150030,4430,60,2024-05-03,調査_馴れ初め_20240503:Videos_3-4,competitor_sheet_archive,https://i.ytimg.com/vi/mMh-Cl234qk/maxresdefault.jpg,,
Nrwnr1KsiLA,,2ch 馴れ初め白書,【2ch馴れ初め】 両親を失い一緒に暮らす親戚との外食で食事を与えられない少女→店主の俺が秘伝の豚骨ラーメンを大盛にしてご馳走した結果…【ゆっくり】,2024-05-02,147270,3890,60,2024-05-03,調査_馴れ初め_20240503:Videos_3-4,competitor_sheet_archive,https://i.ytimg.com/vi/Nrwnr1KsiLA/maxresdefault.jpg,,
omERK17uaG4,,2ch純愛物語,【2ch馴れ初め】親子遠足当日、ママ友に30人分のハンバーグ弁当をキャンセルされた貧乏母娘 →建設会社社長の俺が差し入れ用に買い取った結果…【ゆっくり】,2024-04-27,144380,3370,100,2024-05-03,調査_馴れ初め_20240503:Videos_3-4,competitor_sheet_archive,https://i.ytimg.com/vi/omERK17uaG4/maxresdefault.jpg,,
jmWbf9-Rusw,,2chほっこり馴れ初め話,【2ch馴れ初め】取引先社長の頼みを断れずコミュ障の愛娘とお見合い、無言に耐え切れず帰ろうとした結果…【ゆっくり】,2024-04-30,144030,2600,50,2024-05-03,調査_馴れ初め_20240503:Videos_3-4,competitor_sheet_archive,https://i.ytimg.com/vi/jmWbf9-Rusw/maxresdefault.jpg,,
ycFPo3JTv7I,,2ch馴れ初めヒストリー,【2ch馴れ初め】路地裏でガラの悪いチンピラに絡まれる同級生女子 →元テコンドー王者の俺が本気を出してしまった結果...【ゆっくり】,2024-03-10,141960,2310,40,2024-05-03,調査_馴れ初め_20240503:Videos_3-4,competitor_sheet_archive,https://i.ytimg.com/vi/ycFPo3JTv7I/maxresdefault.jpg,,
J9vjsFwX5vo,,2ch馴れ初め日記帳,【2ch馴れ初め】両親を失い奴隷扱いされる５歳の姪を引き取った俺→妹を亡くした美人同僚が母親のように接してくれた結果…【ゆっくり】,2024-04-29,137940,3330,50,2024-05-03,調査_馴れ初め_20240503:Videos_3-4,competitor_sheet_archive,https://i.ytimg.com/vi/J9vjsFwX5vo/maxresdefault.jpg,,
cu7OH8W_wPk,,2ch純愛物語,【2ch馴れ初め】毎日俺を睨んでくる息子が通う保育園の先生→幼い頃、命がけで助けた女の子だった結果…【ゆっくり】,2024-03-30,136640,3140,90,2024-05-03,調査_馴れ初め_20240503:Videos_3-4,competitor_sheet_archive,https://i.ytimg.com/vi/cu7OH8W_wPk/maxresdefault.jpg,,
BI3awf4Ajjs,,2ch純愛物語,【2ch馴れ初め】町角でデブ陰キャの俺とぶつかり怪我をした女性→放っておけず空き部屋を提供し看病した結果…【ゆっくり】,2024-05-01,135970,3200,90,2024-05-03,調査_馴れ初め_20240503:Videos_3-4,competitor_sheet_archive,https://i.ytimg.com/vi/BI3awf4Ajjs/maxresdefault.jpg,,
gYxRtSuxf2Y,,2ch馴れ初め横丁,【2ch馴れ初め】お祭りで迷子の娘を保護してくれた病気で不当解雇されたボロボロのお婆さん→居酒屋の俺が住み込みで雇った結果,2024-04-25,134760,2450,120,2024-05-03,調査_馴れ初め_20240503:Videos_3-4,competitor_sheet_archive,https://i.ytimg.com/vi/gYxRtSuxf2Y/maxresdefault.jpg,,
vCUjGy5jqeY,,2ch馴れ初めゆっくりで最愛,【2ch 馴れ初め】通勤ラッシュ時に駅の改札前で突然倒れたお婆さんを放っておけず大口契約の商談に遅刻した結果【ゆっくり】,2024-04-30,134430,1970,50,2024-05-03,調査_馴れ初め_20240503:Videos_3-4,competitor_sheet_archive,https://i.ytimg.com/vi/vCUjGy5jqeY/maxresdefault.jpg,,
KC6Z4mAys6A,,2ch馴れ初めゆっくりで最愛,【2ch馴れ初め】一日中閑古鳥が鳴いている廃業寸前のボロボロな弁当屋→ 工場長の俺が100人分の弁当を発注した結果 【ゆっくり】,2024-03-30,128370,3480,50,2024-05-03,調査_馴れ初め_20240503:Videos_3-4,competitor_sheet_archive,https://i.ytimg.com/vi/KC6Z4mAys6A/maxresdefault.jpg,,
KaMd69E60Rk,,2ch馴れ初めヒストリー,【2ch馴れ初め】息子と2人登山中に突然現れたボロボロ双子 →ホームレスと知り空き部屋を提供した結果...【ゆっくり】,2024-04-26,124250,2830,50,2024-05-03,調査_馴れ初め_20240503:Videos_3-4,competitor_sheet_archive,https://i.ytimg.com/vi/KaMd69E60Rk/maxresdefault.jpg,,
GxX-cqMVc9A,,2ch純愛物語,【2ch馴れ初め】俺の営む味噌ラーメン屋に面接に来た貧乏双子姉妹→チャーシュー丼セットをご馳走し話を聞いた結果…【ゆっくり】,2024-04-25,123440,3370,70,2024-05-03,調査_馴れ初め_20240503:Videos_3-4,competitor_sheet_archive,https://i.ytimg.com/vi/GxX-cqMVc9A/maxresdefault.jpg,,
N8DLFzdYz7s,,2ch馴れ初め横丁,【2ch馴れ初め】閉店を決めた小さな洋菓子店に来たボロボロの双子姉妹→最後に特大ホールケーキをサービスした結果…,2024-04-29,122820,3080,90,2024-05-03,調査_馴れ初め_20240503:Videos_3-4,competitor_sheet_archive,https://i.ytimg.com/vi/N8DLFzdYz7s/maxresdefault.jpg,,
4qxcKNgrVWE,,2ch 馴れ初め白書,【2ch馴れ初め】近所で有名なボロ家に引っ越してきた双子を連れた貧乏女性→学生時代有名だったお金持ちのお嬢様だった結果… 【ゆっくり】,2024-03-09,120430,2820,70,2024-05-03,調査_馴れ初め_20240503:Videos_3-4,competitor_sheet_archive,https://i.ytimg.com/vi/4qxcKNgrVWE/maxresdefault.jpg,,
-NjTTAH3eSA,,2ch馴れ初めラブレター,【2ch馴れ初め】俺のラーメン屋に来た貧乏な女性 →亡き恩師の娘だったので特盛ラーメンをご馳走した結果...【ゆっくり】,2024-04-24,120030,2530,30,2024-05-03,調査_馴れ初め_20240503:Videos_3-4,competitor_sheet_archive,https://i.ytimg.com/vi/-NjTTAH3eSA/maxresdefault.jpg,,
UsmuLY4nJVI,,2ch 馴れ初め白書,【2ch馴れ初め】 弟の誕生日に亡き母の料理が食べたいとレシピノートを持ってきた少女→廃業寸前の定食屋を営む俺が協力した結果…【ゆっくり】,2024-04-30,119930,3110,150,2024-05-03,調査_馴れ初め_20240503:Videos_3-4,competitor_sheet_archive,https://i.ytimg.com/vi/UsmuLY4nJVI/maxresdefault.jpg,,
e26Ou5cqBc0,,2ch 馴れ初め白書,【2ch 馴れ初め総集編】改装中の和食店に現れたボロボロの貧乏少女→店長の俺が定食料理をご馳走した結果…2ch馴れ初め白書 人気馴れ初め動画まとめてみた！総集編【作業用】【ゆっくり】,2024-03-31,119330,1790,10,2024-05-03,調査_馴れ初め_20240503:Videos_3-4,competitor_sheet_archive,https://i.ytimg.com/vi/e26Ou5cqBc0/maxresdefault.jpg,,
3I1Ns0YXNEM,,2ch馴れ初めラブレター,【2ch馴れ初め】先生に頼まれ性格最悪な社長令嬢と学級委員に →さすがに堪忍袋の緒が切れてしまった結果...【ゆっくり】,2024-04-04,118210,1640,40,2024-05-03,調査_馴れ初め_20240503:Videos_3-4,competitor_sheet_archive,https://i.ytimg.com/vi/3I1Ns0YXNEM/maxresdefault.jpg,,
fcbxY0mXw40,,2ch 馴れ初め白書,【2ch馴れ初め】地味なメガネ女の家に忘れ物を届けに来たクラス委員の俺 →美少女と大量の黒服が出てきた結果…【ゆっくり】,2024-04-08,117950,2230,100,2024-05-03,調査_馴れ初め_20240503:Videos_3-4,competitor_sheet_archive,https://i.ytimg.com/vi/fcbxY0mXw40/maxresdefault.jpg,,
fnv0qkSmIu8,,2ch馴れ初め日記帳,【2ch馴れ初め】昔いじめられていた俺を助けてくれたギャル→数年後、駅のホームで罵声を浴びる清掃員の彼女を発見した結果…【ゆっくり】,2024-05-02,114500,2290,20,2024-05-03,調査_馴れ初め_20240503:Videos_3-4,competitor_sheet_archive,https://i.ytimg.com/vi/fnv0qkSmIu8/maxresdefault.jpg,,
NfEL-jLi0Vo,,2chほっこり馴れ初め話,【2ch馴れ初め】火事で家族を失い1人ぼっちになった少女、俺の両親が引き取り本当の兄妹のように過ごした結果…【ゆっくり】,2024-05-01,110110,2990,80,2024-05-03,調査_馴れ初め_20240503:Videos_3-4,competitor_sheet_archive,https://i.ytimg.com/vi/NfEL-jLi0Vo/maxresdefault.jpg,,
VbS-fNqDTqs,,2ch馴れ初めヒストリー,【2ch馴れ初め】銀行から突然融資を売り切られ廃業寸線の町工場の親子 →元請の次期社長の俺が出資した結果...【ゆっくり】,2024-04-13,108570,2490,40,2024-05-03,調査_馴れ初め_20240503:Videos_3-4,competitor_sheet_archive,https://i.ytimg.com/vi/VbS-fNqDTqs/maxresdefault.jpg,,
uzKRfe5rkqo,,ひょっとこ馴れ初め太郎,【2ch馴れ初め】赤字続きの俺の旅館に面接に来たボロボロの婆さん→元一流の仲居さんだったので即採用した結果【ゆっくり】,2024-04-29,108280,2360,40,2024-05-03,調査_馴れ初め_20240503:Videos_3-4,competitor_sheet_archive,https://i.ytimg.com/vi/uzKRfe5rkqo/maxresdefault.jpg,,
ICB57qA8Egs,,2ch馴れ初めクエスト,【2ch馴れ初め】事実無根の噂のせいで予約キャンセルが相次ぎお店が倒産寸前の貧乏親子、中小企業社長の俺が社食として契約した結果【ゆっくり動画】,2024-04-26,106540,3330,90,2024-05-03,調査_馴れ初め_20240503:Videos_3-4,competitor_sheet_archive,https://i.ytimg.com/vi/ICB57qA8Egs/maxresdefault.jpg,,
LgO8kjkXlvY,,2ch馴れ初めラブレター,【2ch馴れ初め】片親が理由で大企業の内定取り消しにあった同級生女子→実は次期社長の俺が声を掛けた結果...【ゆっくり】,2024-04-26,102610,2110,50,2024-05-03,調査_馴れ初め_20240503:Videos_3-4,competitor_sheet_archive,https://i.ytimg.com/vi/LgO8kjkXlvY/maxresdefault.jpg,,
7Rg6uTmQ4NU,,2ch馴れ初めシネマ,【2ch馴れ初め】倒れたお婆さんを助けたら実はヤクザの姐さん→数日後、極道の美女と大量の黒服がやって来た結果,2024-04-27,97280,1140,50,2024-05-03,調査_馴れ初め_20240503:Videos_3-4,competitor_sheet_archive,https://i.ytimg.com/vi/7Rg6uTmQ4NU/maxresdefault.jpg,,
7Se3ewmraoo,,2chほっこり馴れ初め話,【2ch馴れ初め】娘と二人でピクニック中に現れた貧相な少女、家なき子だと知りボロアパートを紹介した結果…【ゆっくり】,2024-04-28,96240,2670,40,2024-05-03,調査_馴れ初め_20240503:Videos_3-4,competitor_sheet_archive,https://i.ytimg.com/vi/7Se3ewmraoo/maxresdefault.jpg,,
POgLMhivEoQ,,2ch馴れ初めゆっくりで最愛,【2ch 馴れ初め】会社で一番の根暗な地味女の新人教育担当になった俺→後日、彼女の驚きの正体に社内騒然【ゆっくり】,2024-04-23,94630,1980,30,2024-05-03,調査_馴れ初め_20240503:Videos_3-4,competitor_sheet_archive,https://i.ytimg.com/vi/POgLMhivEoQ/maxresdefault.jpg,,
bpYblMSY0io,,2ch純愛物語,【2ch馴れ初め】起業仲間に裏切られ全社員を引き抜かれた女社長→元天才エンジニア、現無能扱いされ雑用係の俺だけが残った結果…【ゆっくり】,2024-04-26,94270,2350,30,2024-05-03,調査_馴れ初め_20240503:Videos_3-4,competitor_sheet_archive,https://i.ytimg.com/vi/bpYblMSY0io/maxresdefault.jpg,,
bcLLl4gWImM,,2ch馴れ初め日記帳,【2ch 馴れ初め総集編】保護者会の集まりで50人分を当日キャンセルされた廃業寸前小料理屋のボロボロ親子→建築会社社長の俺が全席引受け大工達に振舞った結果…【作業用】【ゆっくり】,2024-04-27,93910,1200,00,2024-05-03,調査_馴れ初め_20240503:Videos_3-4,competitor_sheet_archive,https://i.ytimg.com/vi/bcLLl4gWImM/maxresdefault.jpg,,
QYxPdC3kiCU,,2ch馴れ初め横丁,【2ch馴れ初め】児童施設に支援していた元資産家の俺→10年後、ホームレスの俺の前に施設育ちの姉妹が現れた結果…,2024-04-05,88900,2040,20,2024-05-03,調査_馴れ初め_20240503:Videos_3-4,competitor_sheet_archive,https://i.ytimg.com/vi/QYxPdC3kiCU/maxresdefault.jpg,,
Ak2AaPlxPm0,,2ch純愛物語,【2ch馴れ初め】中卒が理由で突然解雇され途方に暮れるかつて天才と呼ばれていた幼馴染→廃業寸前ライバル会社社長の俺が住み込みで雇った結果…【ゆっくり】,2024-04-29,87720,2250,60,2024-05-03,調査_馴れ初め_20240503:Videos_3-4,competitor_sheet_archive,https://i.ytimg.com/vi/Ak2AaPlxPm0/maxresdefault.jpg,,
qmkbKGVR-ik,,2ch馴れ初めキューピッド,【2ch馴れ初め】父がいなくなり廃業寸前になった店に来た女性→実は父が15年前に助けた少女だった結果…【ゆっくり】,2024-04-26,86180,2200,40,2024-05-03,調査_馴れ初め_20240503:Videos_3-4,competitor_sheet_archive,https://i.ytimg.com/vi/qmkbKGVR-ik/maxresdefault.jpg,,
waAMR_HgcPo,,2ch馴れ初めクエスト,【2ch馴れ初め】母を気遣い一番安いお皿のお寿司だけ選ぶ女子中学生、入学祝いとして大トロを振舞った結果【ゆっくり動画】,2024-03-31,83180,2520,30,2024-05-03,調査_馴れ初め_20240503:Videos_3-4,competitor_sheet_archive,https://i.ytimg.com/vi/waAMR_HgcPo/maxresdefault.jpg,,
sHhOwWLEo7Q,,ひょっとこ馴れ初め太郎,【2ch馴れ初め】通信技術の展示会で嫌がらせを受けるボロボロ女性社員→廃業寸前のホテル経営者の俺が声をかけた結果…【ゆっくり】,2024-04-30,79580,1730,30,2024-05-03,調査_馴れ初め_20240503:Videos_3-4,competitor_sheet_archive,https://i.ytimg.com/vi/sHhOwWLEo7Q/maxresdefault.jpg,,
SaScK6Xl0Ys,,2ch 馴れ初め白書,【2ch 馴れ初め総集編】ラーメン屋で母を気遣い具無しスープだけ頼む健気な少女→トッピング特盛にしてご馳走した結果…2ch馴れ初め白書 人気馴れ初め動画まとめてみた！総集編【作業用】【ゆっくり】,2024-04-28,76090,1350,20,2024-05-03,調査_馴れ初め_20240503:Videos_3-4,competitor_sheet_archive,https://i.ytimg.com/vi/SaScK6Xl0Ys/maxresdefault.jpg,,
X7BSez-CZA0,,2ch馴れ初め横丁,【2ch馴れ初め】祖父の遺産争いで親戚から酷い扱いを受けた笑わない双子姉妹を引き取った俺→幼馴染が娘のように可愛がった結果,2024-05-02,74540,2230,10,2024-05-03,調査_馴れ初め_20240503:Videos_3-4,competitor_sheet_archive,https://i.ytimg.com/vi/X7BSez-CZA0/maxresdefault.jpg,,
pkIFS35yuhk,,2ch純愛物語,【2ch馴れ初め】海の事故で家族全員を失い独りになった隣人の少女→亡き娘と重なり放っておけず声を掛けた結果…【ゆっくり】,2024-05-02,72740,2170,70,2024-05-03,調査_馴れ初め_20240503:Videos_3-4,competitor_sheet_archive,https://i.ytimg.com/vi/pkIFS35yuhk/maxresdefault.jpg,,
UtxhKHpP4gQ,,ひょっとこ馴れ初め太郎,【2ch馴れ初め】元請けの社長令嬢に目を付けられ取引を中止にされた女性社員→大企業で次期社長の俺が声をかけた結果…【ゆっくり】,2024-03-26,70920,1550,00,2024-05-03,調査_馴れ初め_20240503:Videos_3-4,competitor_sheet_archive,https://i.ytimg.com/vi/UtxhKHpP4gQ/maxresdefault.jpg,,
xlBc5U_mNHg,,2ch純愛物語,【2ch馴れ初め】コネ入社の社長令嬢に仕事を押し付けられる貧乏女性社員 →いつも無能なフリをしてるIQ200の俺が手を貸した結果 …【ゆっくり】,2024-04-30,69170,1970,80,2024-05-03,調査_馴れ初め_20240503:Videos_3-4,competitor_sheet_archive,https://i.ytimg.com/vi/xlBc5U_mNHg/maxresdefault.jpg,,
H7QEr8JiEic,,馴れ初めは2chから始まった,【2ch馴れ初め】目の前で社長が倒れ必死で助けを呼ぶ美人秘書→影の薄い清掃員で元凄腕ドクターの俺が本気を出した結果...傑作5選【ゆっくり】,2024-05-01,65270,1300,10,2024-05-03,調査_馴れ初め_20240503:Videos_3-4,competitor_sheet_archive,https://i.ytimg.com/vi/H7QEr8JiEic/maxresdefault.jpg,,
m9mkm4Oev4A,,2ch馴れ初めヒストリー,【2ch馴れ初め】親戚の酷い扱いによりしゃべらなくなった不愛想な姪→妹を亡くした幼馴染が姉のように接してくれた結果...【ゆっくり】,2024-04-30,64580,1810,110,2024-05-03,調査_馴れ初め_20240503:Videos_3-4,competitor_sheet_archive,https://i.ytimg.com/vi/m9mkm4Oev4A/maxresdefault.jpg,,
VA6lNChjGrA,,2ch馴れ初めヒストリー,【2ch馴れ初め】不良グループから絡まれるヤンキー美女同級生→元剣道全国一位で現陰キャオタクの俺が本気を出してしまった結果...【ゆっくり】,2024-04-17,63290,1130,30,2024-05-03,調査_馴れ初め_20240503:Videos_3-4,competitor_sheet_archive,https://i.ytimg.com/vi/VA6lNChjGrA/maxresdefault.jpg,,
6vgaFtuHMQY,,2ch馴れ初めクエスト,【2ch馴れ初め】妻を亡くし寂しい思いをしている1人娘、幼馴染が母親の代わりをしてくれた結果【ゆっくり動画】,2024-04-27,62950,1960,70,2024-05-03,調査_馴れ初め_20240503:Videos_3-4,competitor_sheet_archive,https://i.ytimg.com/vi/6vgaFtuHMQY/maxresdefault.jpg,,
c6j0Czr_Tss,,2ch馴れ初めクエスト,【2ch馴れ初め】生活費を稼ぐために高校を中退した姉にお礼をしたい貧乏少女、雑貨屋の俺が願いを叶えてあげた結果【ゆっくり動画】,2024-03-21,61070,1820,20,2024-05-03,調査_馴れ初め_20240503:Videos_3-4,competitor_sheet_archive,https://i.ytimg.com/vi/c6j0Czr_Tss/maxresdefault.jpg,,
0b3ZWNcyo1k,,2ch馴れ初め日記帳,【2ch馴れ初め】亡き母の炒飯が食べたいとボロボロのノートを持ってきた双子姉妹→廃業寸前の中華屋を営む俺が母の味を再現した結果…【ゆっくり】,2024-04-28,60860,1550,110,2024-05-03,調査_馴れ初め_20240503:Videos_3-4,competitor_sheet_archive,https://i.ytimg.com/vi/0b3ZWNcyo1k/maxresdefault.jpg,,
yGvaqCIWi-g,,2ch馴れ初めクエスト,【2ch馴れ初め】身寄りのない少女を預かることになった俺、何でも相談できる女上司の元へ向かった結果【ゆっくり動画】,2024-04-29,56850,1870,50,2024-05-03,調査_馴れ初め_20240503:Videos_3-4,competitor_sheet_archive,https://i.ytimg.com/vi/yGvaqCIWi-g/maxresdefault.jpg,,
uUo4Npy-o5Y,,2chほっこり馴れ初め話,【2ch馴れ初め】祖母の大切にしていた花壇の世話を手伝ってくれるボロボロ双子姉妹、母への誕生日プレゼントが買えないというので花を分けてあげた結果…【ゆっくり】,2024-04-27,52290,1520,10,2024-05-03,調査_馴れ初め_20240503:Videos_3-4,competitor_sheet_archive,https://i.ytimg.com/vi/uUo4Npy-o5Y/maxresdefault.jpg,,
Tspyr8ogdRM,,2ch馴れ初め横丁,【2ch馴れ初め】足の悪い祖母が乗る車椅子を押して毎日一緒に散歩してくれる近所の貧乏少女→お礼にその家族を晩御飯に招待した結果,2024-05-01,48850,1300,30,2024-05-03,調査_馴れ初め_20240503:Videos_3-4,competitor_sheet_archive,https://i.ytimg.com/vi/Tspyr8ogdRM/maxresdefault.jpg,,
lO24PlJIOvk,,2ch純愛物語,【2ch馴れ初め】貧乏な俺が放課後炊き出しボランティアに参加中、いつも俺を見下すクラスの社長令嬢が現れた結果…【ゆっくり】,2024-04-28,48700,1210,20,2024-05-03,調査_馴れ初め_20240503:Videos_3-4,competitor_sheet_archive,https://i.ytimg.com/vi/lO24PlJIOvk/maxresdefault.jpg,,
yysYmD3sx7k,,2ch胸キュン馴れ初め,【2ch馴れ初め総集編】貧乏で修学旅行に行けず泣いてる隣人のヤンキー女子高生に俺の給料全額の15万円をあげた結果【ゆっくり】,2024-05-01,46570,650,00,2024-05-03,調査_馴れ初め_20240503:Videos_3-4,competitor_sheet_archive,https://i.ytimg.com/vi/yysYmD3sx7k/maxresdefault.jpg,,
LDsUdvylXt4,,ムフフな馴れ初め【2chゆっくり】,【2ch馴れ初め】樹海でジ〇ツをしようとしていた美熟女「嫌なことばかりで…」→自宅に保護した【ゆっくり解説】,2023-01-12,18094540,155480,6740,12/30/2023,調査_馴れ初め_20240107:元データ12月,competitor_sheet_archive,https://i.ytimg.com/vi/LDsUdvylXt4/maxresdefault.jpg,,
4n4gN4xnWmo,,2ch馴れ初めヒストリー,【2ch馴れ初め】弟を塾に行かせる為に昼食を我慢する学校一の貧乏不良同級生→料理上手な俺が毎日山盛り弁当を作った結果...【ゆっくり】,2023-08-12,4274480,43710,1710,12/30/2023,調査_馴れ初め_20240107:元データ12月,competitor_sheet_archive,https://i.ytimg.com/vi/4n4gN4xnWmo/maxresdefault.jpg,,
Pkrk0BW6PGA,,馴れ初めロマンティック,【2ch 馴れ初め】幼馴染「一緒にお風呂入ろ…」→初◯◯した結果…【ゆっくり解説】,2023-06-12,3564850,11160,90,12/30/2023,調査_馴れ初め_20240107:元データ12月,competitor_sheet_archive,https://i.ytimg.com/vi/Pkrk0BW6PGA/maxresdefault.jpg,,
ZkoUfdXNxYU,,俺たちの馴れ初め,【2ch馴れ初め】宅飲み中に寝てしまった美人上司がまさかのノーパンだった→つい〇〇を舐めてしまった結果…【ゆっくり】,2023-12-15,3041620,18060,240,12/30/2023,調査_馴れ初め_20240107:元データ12月,competitor_sheet_archive,https://i.ytimg.com/vi/ZkoUfdXNxYU/maxresdefault.jpg,,
7FtlWLJz_hc,,マニマニピーポー,【漫画】ドS御曹司とドMメイドの濃厚な馴れ初め、ドMメイドが大富豪の使用人になった理由とは？,2023-10-12,2881860,27990,510,12/30/2023,調査_馴れ初め_20240107:元データ12月,competitor_sheet_archive,https://i.ytimg.com/vi/7FtlWLJz_hc/maxresdefault.jpg,,
_vO4lVsMe5Q,,思い出のゆっくり2ch,【2ch馴れ初め】激太り大食い外国人少女に 俺が和食を作り大量に与えた結果…,2023-04-12,2876500,29630,680,12/30/2023,調査_馴れ初め_20240107:元データ12月,competitor_sheet_archive,https://i.ytimg.com/vi/_vO4lVsMe5Q/maxresdefault.jpg,,
bqsMLl3dWxc,,俺たちの馴れ初め,【2ch馴れ初め】更衣室でパ〇ツの匂いを嗅いでたら 同僚にバレた→ 〇〇を舐めさせられた結果…【ゆっくり】,2023-12-23,2433030,11950,230,12/30/2023,調査_馴れ初め_20240107:元データ12月,competitor_sheet_archive,https://i.ytimg.com/vi/bqsMLl3dWxc/maxresdefault.jpg,,
PD5zUA3OlrU,,俺たちの馴れ初め,【2ch馴れ初め】泊まりに来ていた姉の親友と脱衣所で鉢合わせ→ ピンクの〇〇〇を見てしまった結果…【ゆっくり】,2023-05-12,2330310,12440,110,12/30/2023,調査_馴れ初め_20240107:元データ12月,competitor_sheet_archive,https://i.ytimg.com/vi/PD5zUA3OlrU/maxresdefault.jpg,,
0fQD8dfPc-o,,俺たちの馴れ初め,【2ch馴れ初め】ゲームで負けたら何でもすると言った幼馴染に○○〇を見せてと頼んだ結果…【ゆっくり】,2023-03-12,2138960,9340,160,12/30/2023,調査_馴れ初め_20240107:元データ12月,competitor_sheet_archive,https://i.ytimg.com/vi/0fQD8dfPc-o/maxresdefault.jpg,,
nxOpyakt4QU,,2ch馴れ初めで愛を語る,【2ch馴れ初め】極寒の夜のコンビニ駐車場で凍えるボロボロの貧乏母娘 →温かいお風呂と自慢の手料理を振舞った結果,2023-12-15,1919860,14550,470,12/30/2023,調査_馴れ初め_20240107:元データ12月,competitor_sheet_archive,https://i.ytimg.com/vi/nxOpyakt4QU/maxresdefault.jpg,,
BwUeMgYmo_A,,夜のひと馴れ初め,【2ch 馴れ初め】やけ酒で泥酔し美人家政婦とめちゃくちゃ●ッた結果【ゆっくり解説】,2023-12-23,1893800,6170,60,12/30/2023,調査_馴れ初め_20240107:元データ12月,competitor_sheet_archive,https://i.ytimg.com/vi/BwUeMgYmo_A/maxresdefault.jpg,,
-B-F_WL3vLM,,人類の希望チャンネル,母友と生で【2ch馴れ初め】,2023-11-30,1817200,5970,140,12/30/2023,調査_馴れ初め_20240107:元データ12月,competitor_sheet_archive,https://i.ytimg.com/vi/-B-F_WL3vLM/maxresdefault.jpg,,
UUnYHXb9_Bs,,俺たちの馴れ初め,【2ch馴れ初め】家族で訪れた露天風呂で同級生と遭遇 →〇〇ゃおうか？と誘われた結果…【ゆっくり】,2023-01-12,1794470,6810,100,12/30/2023,調査_馴れ初め_20240107:元データ12月,competitor_sheet_archive,https://i.ytimg.com/vi/UUnYHXb9_Bs/maxresdefault.jpg,,
TZWjzRBnnsg,,2ch馴れ初めで愛を語る,【2ch馴れ初め】全国模試１位のヤンキーが学校で陰キャを演じてたら ドベギャルに「あんた、教科書と結婚したら」とバカにされた結果,2023-12-13,1612070,12680,270,12/30/2023,調査_馴れ初め_20240107:元データ12月,competitor_sheet_archive,https://i.ytimg.com/vi/TZWjzRBnnsg/maxresdefault.jpg,,
dLVFiPLle1U,,2ch馴れ初めで愛を語る,【2ch馴れ初め】修学旅行中、子供用の下着を着ける貧乏女子がバカにされていたので 裁縫が得意な俺が助けた結果,2023-12-12,1565910,15950,450,12/30/2023,調査_馴れ初め_20240107:元データ12月,competitor_sheet_archive,https://i.ytimg.com/vi/dLVFiPLle1U/maxresdefault.jpg,,
IgO-5bUVuKU,,2ch馴れ初めプランナー,【2ch馴れ初め】ホームセンターで練炭を買うボロボロ親子→生涯孤独の俺が声をかけた結果【ゆっくり解説】,2023-03-12,1532200,23880,750,12/30/2023,調査_馴れ初め_20240107:元データ12月,competitor_sheet_archive,https://i.ytimg.com/vi/IgO-5bUVuKU/maxresdefault.jpg,,
JkN8aqpsudk,,2ch馴れ初めクエスト,【2ch馴れ初め】入学式なのにジャージ姿の生活保護の同級生に亡き姉が一度も着られなかった制服を譲った結果【ゆっくり動画】,2023-12-12,1508530,25930,740,12/30/2023,調査_馴れ初め_20240107:元データ12月,competitor_sheet_archive,https://i.ytimg.com/vi/JkN8aqpsudk/maxresdefault.jpg,,
ZvWeDgUTVbU,,大人の馴れ初め話【2chゆっくり】,【2ch 馴れ初め】コンプレックスに悩む女性→俺「君は最高だ、俺の理想の人だ」女性「ほんと？」この後めちゃくちゃにした【ゆっくり解説】,2023-11-12,1321990,5660,70,12/30/2023,調査_馴れ初め_20240107:元データ12月,competitor_sheet_archive,https://i.ytimg.com/vi/ZvWeDgUTVbU/maxresdefault.jpg,,
16DUAlkDtUY,,2ch馴れ初メロディー,【2ch馴れ初め】スタイル抜群のロ〇きょぬーの義妹が寝てる時に滅茶苦茶揉んだ結果【ゆっくり】,2023-12-26,1217810,8700,260,12/30/2023,調査_馴れ初め_20240107:元データ12月,competitor_sheet_archive,https://i.ytimg.com/vi/16DUAlkDtUY/maxresdefault.jpg,,
QahmiigY4YY,,2ch馴れ初メモリアル,【2ch馴れ初め】両親が離婚し再婚相手の１８歳の連れ子がまさかのS〇X依存症だった。一緒に暮らし始めたが毎晩義姉に迫られ…【ゆっくり解説】,2023-12-19,1185630,10400,290,12/30/2023,調査_馴れ初め_20240107:元データ12月,competitor_sheet_archive,https://i.ytimg.com/vi/QahmiigY4YY/maxresdefault.jpg,,
lSII4ujweH0,,2ch馴れ初メモリアル,【2ch 馴れ初め】ケンカに敗れお股を広げて倒れている女ヤンキーに手を出した結果【ゆっくり解説】,2023-07-12,1175700,8330,150,12/30/2023,調査_馴れ初め_20240107:元データ12月,competitor_sheet_archive,https://i.ytimg.com/vi/lSII4ujweH0/maxresdefault.jpg,,
V02h9TeFTc8,,2ch馴れ初めで愛を語る,【2ch馴れ初め】100万持ってやって来たガリガリの少女に廃業寸前のラーメン屋の俺が愛情たっぷりのラーメンを提供した結果,2023-03-12,1171890,12560,710,12/30/2023,調査_馴れ初め_20240107:元データ12月,competitor_sheet_archive,https://i.ytimg.com/vi/V02h9TeFTc8/maxresdefault.jpg,,
utpoDQYKNsI,,2ch馴れ初めで愛を語る,【2ch馴れ初め】目が合っただけで「好き」と勘違いされ、学校一のデブに狙われた陰キャな俺 あまりに一生懸命だったのでデートしてみた結果,2023-06-12,1146620,9050,420,12/30/2023,調査_馴れ初め_20240107:元データ12月,competitor_sheet_archive,https://i.ytimg.com/vi/utpoDQYKNsI/maxresdefault.jpg,,
3qIE07FNWMs,,夜のひと馴れ初め,【2ch 馴れ初め】15年片思いしてる美人幼馴染をガチで押し倒してみた結果【ゆっくり解説】,2023-12-21,1121430,5380,40,12/30/2023,調査_馴れ初め_20240107:元データ12月,competitor_sheet_archive,https://i.ytimg.com/vi/3qIE07FNWMs/maxresdefault.jpg,,
2GNbpu39jW0,,2ch馴れ初めで愛を語る,【2ch馴れ初め】夜の山道でバイクが故障し困ってるレディース総長 助けたらなぜか同棲する事になった結果,2023-01-12,1121220,9360,150,12/30/2023,調査_馴れ初め_20240107:元データ12月,competitor_sheet_archive,https://i.ytimg.com/vi/2GNbpu39jW0/maxresdefault.jpg,,
kDwpJx9Ie60,,思い出のゆっくり2ch,【2ch馴れ初め】「明日の朝まで…どうかここに居させてください…」大雪警報の夜、ウチの車庫で身を寄せ合う謎の母娘。心配で家の中へ招いた結果…,2023-07-12,1117540,10140,180,12/30/2023,調査_馴れ初め_20240107:元データ12月,competitor_sheet_archive,https://i.ytimg.com/vi/kDwpJx9Ie60/maxresdefault.jpg,,
HoqbkGlpZhg,,2ch馴れ初めで愛を語る,【2ch馴れ初め】水泳教室の怖い元ヤン美人先生に 娘が亡き姉の子で俺は独身だとバレた結果,2023-08-12,1113960,10930,160,12/30/2023,調査_馴れ初め_20240107:元データ12月,competitor_sheet_archive,https://i.ytimg.com/vi/HoqbkGlpZhg/maxresdefault.jpg,,
eN5RO9dRMv4,,2ch純愛物語,【2ch馴れ初め】極寒の夜、母親を亡くし親戚の家で暮らす双子が、飢餓寸前状態で庭に放置されていた結果【ゆっくり】,2023-11-12,1109850,15770,330,12/30/2023,調査_馴れ初め_20240107:元データ12月,competitor_sheet_archive,https://i.ytimg.com/vi/eN5RO9dRMv4/maxresdefault.jpg,,
jK12HEDGc68,,俺たちの馴れ初め,【2ch馴れ初め】浮気現場を先輩同僚に見られた→ 毎晩相手をさせられた結果…【ゆっくり】,2023-12-18,1091920,3930,110,12/30/2023,調査_馴れ初め_20240107:元データ12月,competitor_sheet_archive,https://i.ytimg.com/vi/jK12HEDGc68/maxresdefault.jpg,,
51IX50RW5aU,,おとなの純愛小説,【感動する話】俺を診察する美人の女医のスカートの中が見えたら「責任とってくれますか？♡」俺「え？...嘘だよね!?」【朗読】【馴れ初め】,2023-03-12,1085510,5210,90,12/30/2023,調査_馴れ初め_20240107:元データ12月,competitor_sheet_archive,https://i.ytimg.com/vi/51IX50RW5aU/maxresdefault.jpg,,
LrHrmQmLIVA,,2ch馴れ初めクエスト,【2ch馴れ初め】赤子を抱え引っ越しのあいさつにきたぼろぼろ服の貧乏女性が困ってそうだったので娘のお下がりを大量にあげた結果【ゆっくり動画】,2023-12-15,1059930,14090,180,12/30/2023,調査_馴れ初め_20240107:元データ12月,competitor_sheet_archive,https://i.ytimg.com/vi/LrHrmQmLIVA/maxresdefault.jpg,,
uUA3-s04xNE,,俺たちの馴れ初め,【2ch馴れ初め】アパートの通路で泣いているシングルマザー→〇〇〇を凝視してから助けた結果…【ゆっくり】,2023-11-12,1044610,4860,70,12/30/2023,調査_馴れ初め_20240107:元データ12月,competitor_sheet_archive,https://i.ytimg.com/vi/uUA3-s04xNE/maxresdefault.jpg,,
Z6UAwFmF23A,,2ch馴れ初めで愛を語る,【2ch馴れ初め】数年前女性を助けて腕に傷が残っている陰キャな俺→なぜか妹友人の美人モデルが食いついてきた結果,2023-12-18,1040210,7900,100,12/30/2023,調査_馴れ初め_20240107:元データ12月,competitor_sheet_archive,https://i.ytimg.com/vi/Z6UAwFmF23A/maxresdefault.jpg,,
MraJp7aAuqk,,2ch 馴れ初め白書,【2ch馴れ初め】 親に捨てられ親戚中で邪魔者扱いされる足が不自由な少女→酪農家の俺が引き取った結果…【ゆっくり】,2023-06-12,1011280,14500,300,12/30/2023,調査_馴れ初め_20240107:元データ12月,competitor_sheet_archive,https://i.ytimg.com/vi/MraJp7aAuqk/maxresdefault.jpg,,
xvgaHTsSt_0,,思い出のゆっくり2ch,【2ch馴れ初め】「良ければしばらく泊めてくれない…？私のためにも…！」両親を亡くした姪を引き取った俺…同僚が住込みで助けてくれた結果…,2023-12-19,999870,11210,310,12/30/2023,調査_馴れ初め_20240107:元データ12月,competitor_sheet_archive,https://i.ytimg.com/vi/xvgaHTsSt_0/maxresdefault.jpg,,
N-HPTsTRRyE,,絵鳩ウタのボイコミワンダーランド【恋愛ラブコメ漫画】,【漫画】俺を嫌っている上司の飲みの場に遭遇。女友達「好きな人に電話かけなよ～」俺のケータイが鳴ってるんだが【恋愛漫画】【ラブコメ】【馴れ初め】,2023-12-25,993760,17300,460,12/30/2023,調査_馴れ初め_20240107:元データ12月,competitor_sheet_archive,https://i.ytimg.com/vi/N-HPTsTRRyE/maxresdefault.jpg,,
ud2T2rk3kaY,,2ch馴れ初めで愛を語る,【2ch馴れ初め】母のたこ焼き屋を手伝うぼろぼろの双子姉妹→零細企業社長の俺が差し入れ用に大量に買った結果,2023-12-22,992560,12390,310,12/30/2023,調査_馴れ初め_20240107:元データ12月,competitor_sheet_archive,https://i.ytimg.com/vi/ud2T2rk3kaY/maxresdefault.jpg,,
dvoYgFEaUXM,,ムフフな馴れ初め【2chゆっくり】,【2ch馴れ初め】夜〇いが合法化されている村で…→めちゃくちゃヤラれたｗ【ゆっくり解説】,2023-06-12,991240,6860,370,12/30/2023,調査_馴れ初め_20240107:元データ12月,competitor_sheet_archive,https://i.ytimg.com/vi/dvoYgFEaUXM/maxresdefault.jpg,,
TaCDTr3Y0Hg,,2ch馴れ初めで愛を語る,【2ch馴れ初め】豪雪の夜、薪を一人で買いに来る少女→重そうなので一緒に家まで運んだ結果,2023-12-21,981140,14260,550,12/30/2023,調査_馴れ初め_20240107:元データ12月,competitor_sheet_archive,https://i.ytimg.com/vi/TaCDTr3Y0Hg/maxresdefault.jpg,,
s-eF8MrgHzk,,2chほっこり馴れ初め話,【2ch馴れ初め】ホームレス集団の中に元職場の女後輩を発見、立ち上げた会社に住み込みで雇った結果…【ゆっくり】,2023-12-16,954790,9370,210,12/30/2023,調査_馴れ初め_20240107:元データ12月,competitor_sheet_archive,https://i.ytimg.com/vi/s-eF8MrgHzk/maxresdefault.jpg,,
aG9Y45LuS7w,,2ch馴れ初めで愛を語る,【2ch馴れ初め】難病の少女を救うため ホームレスの俺が馬鹿にされながらも空き缶を本気で集めた結果,2023-11-30,945600,16010,790,12/30/2023,調査_馴れ初め_20240107:元データ12月,competitor_sheet_archive,https://i.ytimg.com/vi/aG9Y45LuS7w/maxresdefault.jpg,,
CEKN5BF10lA,,2ch馴れ初め日和,【2ch馴れ初め】豪雪の夜、灯油を一人で買いに来る少女→心配になり家まで送った結果…【ゆっくり】,2023-12-13,919190,10870,160,12/30/2023,調査_馴れ初め_20240107:元データ12月,competitor_sheet_archive,https://i.ytimg.com/vi/CEKN5BF10lA/maxresdefault.jpg,,
B5D4bWIayHY,,2ch馴れ初めプランナー,【2ch馴れ初め】友人に騙され学校1のヤンキー女と丸１日動物園デートさせられた結果【ゆっくり解説】,2023-01-12,890190,9990,180,12/30/2023,調査_馴れ初め_20240107:元データ12月,competitor_sheet_archive,https://i.ytimg.com/vi/B5D4bWIayHY/maxresdefault.jpg,,
oexAVu6NNoU,,俺たちの馴れ初め,【2ch馴れ初め】泥酔して寝ている先輩同僚 こっそり〇〇〇を触ったら→ 酔ったふりして〇ぎだした結果…【ゆっくり】,2023-07-12,890040,4200,30,12/30/2023,調査_馴れ初め_20240107:元データ12月,competitor_sheet_archive,https://i.ytimg.com/vi/oexAVu6NNoU/maxresdefault.jpg,,
0iyS60z9f-U,,思い出のゆっくり2ch,【2ch馴れ初め】「こんな奴隷みたいな所はダメだ！給料を払うからウチへ来てくれ！」親を亡くし親戚をたらい回しにされる少女…農家の俺が引き取った結果…,2023-12-17,871840,10540,120,12/30/2023,調査_馴れ初め_20240107:元データ12月,competitor_sheet_archive,https://i.ytimg.com/vi/0iyS60z9f-U/maxresdefault.jpg,,
u8Jgb-P-Nxc,,2ch馴れ初めクエスト,【2ch馴れ初め】貧しい家を助けるため、母のおにぎり屋を手伝うぼろぼろの少女から土木作業員の俺が大量に買ってあげた結果【ゆっくり動画】,2023-12-13,862070,14830,340,12/30/2023,調査_馴れ初め_20240107:元データ12月,competitor_sheet_archive,https://i.ytimg.com/vi/u8Jgb-P-Nxc/maxresdefault.jpg,,
GtR212dF-EU,,俺たちの馴れ初め,【2ch馴れ初め】女として見れないと会社の美人部下に言ったら→またがって○○を押し付けてきた結果…【ゆっくり】,2023-12-20,837740,4900,120,12/30/2023,調査_馴れ初め_20240107:元データ12月,competitor_sheet_archive,https://i.ytimg.com/vi/GtR212dF-EU/maxresdefault.jpg,,
83wsR9YV1fQ,,2ch純愛物語,【2ch馴れ初め】極寒の夜、強制退去の紙を眺め号泣するヤンキー隣人→保護し温かいご飯を食べさせた結果…【ゆっくり】,2023-07-12,836450,12380,260,12/30/2023,調査_馴れ初め_20240107:元データ12月,competitor_sheet_archive,https://i.ytimg.com/vi/83wsR9YV1fQ/maxresdefault.jpg,,
BtfZNkQ7JJs,,思い出のゆっくり2ch,【2ch馴れ初め】「決めた！私、明日から本当の自分を見せます！」「えっ…！？」職場の地味な新人女性の教育係を押し付けられた結果…後日、彼女は本当の姿で出社し…,2023-10-12,818790,9530,210,12/30/2023,調査_馴れ初め_20240107:元データ12月,competitor_sheet_archive,https://i.ytimg.com/vi/BtfZNkQ7JJs/maxresdefault.jpg,,
MVwtLGHgeSE,,2ch 馴れ初め白書,【2ch馴れ初め】極寒の夜、一人娘を失い駅前で最期の晩酌中、突然、空き缶を売る貧乏少女が現れた結果…【ゆっくり】,2023-11-30,805990,12830,340,12/30/2023,調査_馴れ初め_20240107:元データ12月,competitor_sheet_archive,https://i.ytimg.com/vi/MVwtLGHgeSE/maxresdefault.jpg,,
eSAH0ooctrk,,2ch馴れ初めクエスト,【2ch馴れ初め】俺の住んでるアパートに越してきた生活保護の親子が食べる物がないようなのでうちのすき焼きパーティに招待した結果【ゆっくり動画】,2023-09-12,805140,12040,220,12/30/2023,調査_馴れ初め_20240107:元データ12月,competitor_sheet_archive,https://i.ytimg.com/vi/eSAH0ooctrk/maxresdefault.jpg,,
jhGe8JUgoxc,,2ch馴れ初めヒストリー,【2ch馴れ初め】ガラの悪い男達に囲まれる中、盲目の母を必死に庇う少女 →元暴走族総長の俺が助けて家まで送り届けた結果...【ゆっくり】,2023-12-14,779630,9770,320,12/30/2023,調査_馴れ初め_20240107:元データ12月,competitor_sheet_archive,https://i.ytimg.com/vi/jhGe8JUgoxc/maxresdefault.jpg,,
GDZa4gLB-5A,,ムフフな馴れ初め【2chゆっくり】,【2ch馴れ初め】家賃1000円のボロ小屋に住む熟女「どうか仕事をください…」俺「1発1万でどうですか？」→めちゃくちゃヤリまくった結果ｗ【ゆっくり解説】,2023-12-27,772420,4290,130,12/30/2023,調査_馴れ初め_20240107:元データ12月,competitor_sheet_archive,https://i.ytimg.com/vi/GDZa4gLB-5A/maxresdefault.jpg,,
0uERjZBtebg,,大人の馴れ初め話ストーリー【2chゆっくり解説】,【2ch馴れ初め】とある本を見てたら幼馴染が乱入→俺「うわー！見るなぁぁ！」幼馴染「貸してごらんｗｗｗ」→その後めっちゃヤった結果【ゆっくり解説】,2023-11-30,771510,2430,30,12/30/2023,調査_馴れ初め_20240107:元データ12月,competitor_sheet_archive,https://i.ytimg.com/vi/0uERjZBtebg/maxresdefault.jpg,,
WoUPsie5k9s,,2ch 馴れ初め白書,【2ch馴れ初め】 社食をタッパーで持ち帰る田舎臭い貧乏新入社員→自宅に招待し自慢の手料理を振る舞った結果…【ゆっくり】,2023-03-12,735980,10320,240,12/30/2023,調査_馴れ初め_20240107:元データ12月,competitor_sheet_archive,https://i.ytimg.com/vi/WoUPsie5k9s/maxresdefault.jpg,,
hpD_QJrocdk,,2ch馴れ初メモリアル,【2ch 馴れ初め】小悪魔巨〇友達が誰もいない公園で俺の上にまたがって動いた結果www【ゆっくり解説】,2023-01-12,733420,6560,100,12/30/2023,調査_馴れ初め_20240107:元データ12月,competitor_sheet_archive,https://i.ytimg.com/vi/hpD_QJrocdk/maxresdefault.jpg,,
Qzv3m_44B1g,,2ch純愛物語,【2ch馴れ初め】隣に越してきた毎日ボロボロのジャージ姿の貧乏姉妹→姉のお下がりを大量にあげた結果…【ゆっくり】,2023-01-12,729820,12580,300,12/30/2023,調査_馴れ初め_20240107:元データ12月,competitor_sheet_archive,https://i.ytimg.com/vi/Qzv3m_44B1g/maxresdefault.jpg,,
Onf6Cl5tb0Y,,2ch馴れ初めヒストリー,【2ch馴れ初め】母が作った弁当を1人で必死に売るボロボロの少女→会社経営してる俺が社員の為に買い占めた結果...【ゆっくり】,2023-04-12,728310,12760,470,12/30/2023,調査_馴れ初め_20240107:元データ12月,competitor_sheet_archive,https://i.ytimg.com/vi/Onf6Cl5tb0Y/maxresdefault.jpg,,
bvCnUNTPu64,,2ch馴れ初めクエスト,【2ch馴れ初め】雪予報の夜、車の鍵を一緒に探してくれたホームレス女性へお礼に風呂と空き部屋を貸した結果【ゆっくり動画】,2023-11-30,707100,13640,210,12/30/2023,調査_馴れ初め_20240107:元データ12月,competitor_sheet_archive,https://i.ytimg.com/vi/bvCnUNTPu64/maxresdefault.jpg,,
aKrrhqDIn1c,,あなたと私の恋ばなし,【2ch馴れ初め】バス停で泣きながら這いつくばる車椅子就活生→放って置けず会場まで送り届けた結果…【伝説のスレ】,2023-02-12,700150,7540,260,12/30/2023,調査_馴れ初め_20240107:元データ12月,competitor_sheet_archive,https://i.ytimg.com/vi/aKrrhqDIn1c/maxresdefault.jpg,,
dOiYUHztCww,,2ch馴れ初めクエスト,【2ch馴れ初め】大雪の中、公園の公衆トイレの屋根の下で身を寄せ合うぼろぼろ親子に偶然通りかかった俺が声を掛けた結果【ゆっくり動画】,2023-12-14,698650,9970,170,12/30/2023,調査_馴れ初め_20240107:元データ12月,competitor_sheet_archive,https://i.ytimg.com/vi/dOiYUHztCww/maxresdefault.jpg,,
niOb8JZ6bfY,,馴れ初めアミーゴ,【2ch馴れ初め】幼馴染が興味本位で俺の大きすぎる息子を見たいとお願いされた結果….【ゆっくり解説】,2023-01-12,693540,2470,30,12/30/2023,調査_馴れ初め_20240107:元データ12月,competitor_sheet_archive,https://i.ytimg.com/vi/niOb8JZ6bfY/maxresdefault.jpg,,
YkqeUPUgxzY,,2ch馴れ初めで愛を語る,【2ch馴れ初め】ヤ〇ザから届いたスーツケースに1億円と謎の美少女→ 借金をチャラにする代わりに組長娘と同棲することになった結果,2023-10-12,691280,6550,200,12/30/2023,調査_馴れ初め_20240107:元データ12月,competitor_sheet_archive,https://i.ytimg.com/vi/YkqeUPUgxzY/maxresdefault.jpg,,
XHQiazEWAkY,,俺たちの馴れ初め,【2ch馴れ初め】彼氏に〇〇が臭いと言われて泣いている幼馴染 →匂いを嗅いで確認した結果…【ゆっくり】,2023-12-25,675150,4070,80,12/30/2023,調査_馴れ初め_20240107:元データ12月,competitor_sheet_archive,https://i.ytimg.com/vi/XHQiazEWAkY/maxresdefault.jpg,,
v_hd5aXvG7s,,2chほっこり馴れ初め話,【2ch馴れ初め】ガス代が払えず水で身体を洗う隣の部屋の女学生、家のお風呂に入れてあげた結果…【ゆっくり】,2023-12-21,672140,5600,100,12/30/2023,調査_馴れ初め_20240107:元データ12月,competitor_sheet_archive,https://i.ytimg.com/vi/v_hd5aXvG7s/maxresdefault.jpg,,
UQHsxlHre8M,,2chほっこり馴れ初め話,【2ch馴れ初め】極寒の夜、迷子になった娘の面倒を見てくれたホームレス、飲食経営の俺が住み込みで雇った結果…【ゆっくり】,2023-12-14,671680,11420,170,12/30/2023,調査_馴れ初め_20240107:元データ12月,competitor_sheet_archive,https://i.ytimg.com/vi/UQHsxlHre8M/maxresdefault.jpg,,
kFdeI_rYrPM,,2ch 馴れ初め白書,【2ch馴れ初め】 深夜のスーパーで半額弁当のお金が払えず号泣する貧乏姉弟→お会計し家まで送り届けた結果…【ゆっくり】,2023-07-12,664520,9020,230,12/30/2023,調査_馴れ初め_20240107:元データ12月,competitor_sheet_archive,https://i.ytimg.com/vi/kFdeI_rYrPM/maxresdefault.jpg,,
8ljX0NPwoLU,,2ch馴れ初め日和,【2ch馴れ初め】息子とトラックで帰省中に見かけた貧乏親子→廃棄予定の商品をあげた結果…【ゆっくり】,2023-12-21,659690,7590,80,12/30/2023,調査_馴れ初め_20240107:元データ12月,competitor_sheet_archive,https://i.ytimg.com/vi/8ljX0NPwoLU/maxresdefault.jpg,,
POmWbEROsWA,,2ch馴れ初めスレ速報,【2ch馴れ初め】好奇心旺盛な幼馴染が「おっきいの入れてみたい」と言うので自慢の息子貸してあげた結果・・・【ゆっくり】,2023-12-15,654100,5100,80,12/30/2023,調査_馴れ初め_20240107:元データ12月,competitor_sheet_archive,https://i.ytimg.com/vi/POmWbEROsWA/maxresdefault.jpg,,
rrF385jpvm4,,叡智な馴れ初め物語,【2ch馴れ初め】妹の太ももから濁った白いモノが流れていたので恐る恐る中身を見た結果,2023-07-12,652280,2760,30,12/30/2023,調査_馴れ初め_20240107:元データ12月,competitor_sheet_archive,https://i.ytimg.com/vi/rrF385jpvm4/maxresdefault.jpg,,
dzKr_iFSI6I,,2ch馴れ初めヒストリー,【2ch馴れ初め】母親の誕生日を祝いたいと茶碗蒸しだけ予約してきたボロボロの貧乏少女 →母子家庭で育ち有名店の寿司職人になった俺が特上寿司を振舞った結果...【ゆっくり】,2023-07-12,644300,9600,210,12/30/2023,調査_馴れ初め_20240107:元データ12月,competitor_sheet_archive,https://i.ytimg.com/vi/dzKr_iFSI6I/maxresdefault.jpg,,
qnkzIqv6PE4,,大人の馴れ初め話【2chゆっくり】,【2ch 馴れ初め】お見合い相手が奇病だった→女性「こんな私でも 愛せますか？」俺「誓います」→まずは相性を確かめてみた結果ｗ【ゆっくり解説】,2023-12-20,641810,6230,170,12/30/2023,調査_馴れ初め_20240107:元データ12月,competitor_sheet_archive,https://i.ytimg.com/vi/qnkzIqv6PE4/maxresdefault.jpg,,
yVOjRvwjDww,,2ch馴れ初めスレ速報,【2ch馴れ初め】田舎から泊まりに来た従妹が・・・結果【ゆっくり】,2023-12-23,616580,4700,90,12/30/2023,調査_馴れ初め_20240107:元データ12月,competitor_sheet_archive,https://i.ytimg.com/vi/yVOjRvwjDww/maxresdefault.jpg,,
FA7SmTmkZzY,,2ch馴れ初めで愛を語る,【2ch馴れ初め】貧乏で修学旅行に行けないヤンキー女子高生に給料全部あげた結果,2023-12-26,610380,5500,40,12/30/2023,調査_馴れ初め_20240107:元データ12月,competitor_sheet_archive,https://i.ytimg.com/vi/FA7SmTmkZzY/maxresdefault.jpg,,
bKjtmGEgrek,,2ch純愛物語,【2ch馴れ初め】早朝に1人散歩中公園に放置された飢餓寸前少女→愛犬を亡くし毎日地獄の俺が保護した結果…【ゆっくり】,2023-05-12,608970,14780,510,12/30/2023,調査_馴れ初め_20240107:元データ12月,competitor_sheet_archive,https://i.ytimg.com/vi/bKjtmGEgrek/maxresdefault.jpg,,
NpyTWiN8D3k,,2ch 馴れ初め白書,【2ch馴れ初め】 【ゆっくり】,2023-01-12,603960,9970,130,12/30/2023,調査_馴れ初め_20240107:元データ12月,competitor_sheet_archive,https://i.ytimg.com/vi/NpyTWiN8D3k/maxresdefault.jpg,,
lBHZiuivMME,,2ch馴れ初めで愛を語る,【2ch馴れ初め】生意気な美人キャバ嬢を守るため いつもは冴えない店長の俺が伝説の組長息子の本気出した結果,2023-11-12,603740,5250,80,12/30/2023,調査_馴れ初め_20240107:元データ12月,competitor_sheet_archive,https://i.ytimg.com/vi/lBHZiuivMME/maxresdefault.jpg,,
PcMN7P3PUbs,,2ch馴れ初め日記帳,【2ch馴れ初め】駅前でチンピラに絡まれ怯える涙目ヤンキー少女→元暴走族総長現オタクの俺が本気を出してしまった結果 …【ゆっくり】,2023-09-12,589890,7010,130,12/30/2023,調査_馴れ初め_20240107:元データ12月,competitor_sheet_archive,https://i.ytimg.com/vi/PcMN7P3PUbs/maxresdefault.jpg,,
ARcPIyNryNA,,馴れ初めロマンティック,【2ch馴れ初め】いつも可愛い幼馴染にからかわれている俺→仕返しにふざけてアソコを触った結果…【ゆっくり】,2023-01-12,588440,3400,00,12/30/2023,調査_馴れ初め_20240107:元データ12月,competitor_sheet_archive,https://i.ytimg.com/vi/ARcPIyNryNA/maxresdefault.jpg,,
jfLaXyP4cO0,,2ch 馴れ初め白書,【2ch馴れ初め】 真冬の夜、サービスエリアに置き去りにされた餓死寸前の少女→日本一周中の俺が温かい男飯を振る舞った結果…【ゆっくり】,2023-09-12,583070,8850,330,12/30/2023,調査_馴れ初め_20240107:元データ12月,competitor_sheet_archive,https://i.ytimg.com/vi/jfLaXyP4cO0/maxresdefault.jpg,,
yHBSnsCQFXU,,夜のひと馴れ初め,【2ch 馴れ初め】幼馴染の豊満ボディ褒めたら「私も大きくなったとこ見たい」と言われた結果【ゆっくり解説】,2023-12-22,582340,2090,00,12/30/2023,調査_馴れ初め_20240107:元データ12月,competitor_sheet_archive,https://i.ytimg.com/vi/yHBSnsCQFXU/maxresdefault.jpg,,
vMVK2pTFcac,,思い出のゆっくり2ch,【2ch馴れ初め】突然俺の家にやって来た米軍女性をオタクの聖地に連れて行ってあげた結果…,2023-08-12,567310,9440,230,12/30/2023,調査_馴れ初め_20240107:元データ12月,competitor_sheet_archive,https://i.ytimg.com/vi/vMVK2pTFcac/maxresdefault.jpg,,
5s_yNnUGX1s,,2ch純愛物語,【2ch馴れ初め】深夜の駐車場でカツアゲされ号泣する親子→合気道6段コンビニバイトの俺が助けた結果…【ゆっくり】,2023-12-13,565420,7450,150,12/30/2023,調査_馴れ初め_20240107:元データ12月,competitor_sheet_archive,https://i.ytimg.com/vi/5s_yNnUGX1s/maxresdefault.jpg,,
BSR6Ks2GNKI,,叡智な馴れ初め物語,【2ch馴れ初め】エレベーターで美人上司のいい匂いに興奮してしまい息子が大きくなってしまった結果,2023-05-12,557800,2420,20,12/30/2023,調査_馴れ初め_20240107:元データ12月,competitor_sheet_archive,https://i.ytimg.com/vi/BSR6Ks2GNKI/maxresdefault.jpg,,
z45BO-hTBYQ,,大人の馴れ初め話ストーリー【2chゆっくり解説】,【2ch馴れ初め】突然俺の息子を触る真面目な委員長→委員長「ここ弱いの？」俺「も、もう発射する‼」→めっちゃヤリまくった【ゆっくり解説】,2023-06-12,549120,2300,40,12/30/2023,調査_馴れ初め_20240107:元データ12月,competitor_sheet_archive,https://i.ytimg.com/vi/z45BO-hTBYQ/maxresdefault.jpg,,
wlPRGWIAW2Q,,2ch馴れ初め名作集,【2ch馴れ初め】美人熟女上司の家で泥酔し目を覚ますと息子が丸出しで終わった後だった結果【ゆっくり】,2023-12-15,541250,1520,40,12/30/2023,調査_馴れ初め_20240107:元データ12月,competitor_sheet_archive,https://i.ytimg.com/vi/wlPRGWIAW2Q/maxresdefault.jpg,,
gQEsjgeNZXQ,,大人の馴れ初め話【2chゆっくり】,【2ch 馴れ初め】顔に酷い火傷がある女性とお見合い→女性「こんな顔嫌いですよね」俺「世界一美人です！」号泣後、めちゃくちゃ燃えた【ゆっくり解説】,2023-12-22,534850,4560,130,12/30/2023,調査_馴れ初め_20240107:元データ12月,competitor_sheet_archive,https://i.ytimg.com/vi/gQEsjgeNZXQ/maxresdefault.jpg,,
EdcFbr_rP0M,,ムフフな馴れ初め【2chゆっくり】,【2ch馴れ初め】クリスマスに爆乳上司と2人きりで残業。→会社でヤリまくったｗｗｗ【ゆっくり解説】,2023-12-25,534640,2200,110,12/30/2023,調査_馴れ初め_20240107:元データ12月,competitor_sheet_archive,https://i.ytimg.com/vi/EdcFbr_rP0M/maxresdefault.jpg,,
clmqDytgTTU,,2ch馴れ初めクエスト,【2ch馴れ初め】娘とピクニック中に見かけた貧乏親子が落としたおにぎりを食べようとしていたので一緒にどうですかと声を掛けた結果【ゆっくり動画】,2023-04-12,534400,8710,160,12/30/2023,調査_馴れ初め_20240107:元データ12月,competitor_sheet_archive,https://i.ytimg.com/vi/clmqDytgTTU/maxresdefault.jpg,,
vLDJ0T6A3ac,,2ch馴れ初めクエスト,【2ch馴れ初め】ド田舎の俺ん家の隣に越してきたがりがりの貧乏母娘に挨拶がてらうちの畑で取れた野菜と米を差し入れした結果【ゆっくり動画】,2023-12-25,534030,8180,170,12/30/2023,調査_馴れ初め_20240107:元データ12月,competitor_sheet_archive,https://i.ytimg.com/vi/vLDJ0T6A3ac/maxresdefault.jpg,,
QwqVxQMZahI,,2ch馴れ初めヒストリー,【2ch馴れ初め】離婚後、実家に戻り酪農を継いだ俺→子猫を抱えたガリガリの少女が現れた結果...【ゆっくり】,2023-11-12,525310,9520,170,12/30/2023,調査_馴れ初め_20240107:元データ12月,competitor_sheet_archive,https://i.ytimg.com/vi/QwqVxQMZahI/maxresdefault.jpg,,
mYYYzRClai8,,2ch馴れ初めで愛を語る,【2ch馴れ初め】学校一のヤンキー女と陰キャの俺がなぜか２人きりで修学旅行に行くことになった結果,2023-12-20,517960,4570,140,12/30/2023,調査_馴れ初め_20240107:元データ12月,competitor_sheet_archive,https://i.ytimg.com/vi/mYYYzRClai8/maxresdefault.jpg,,
YcUwtVrWQXk,,2ch馴れ初め日記帳,【2ch馴れ初め】毒親の借金返済の為無理やり見合いさせられた女子高生→デブ陰キャで資産家子息の俺が結婚した結果…【ゆっくり】,2023-12-20,517180,8070,190,12/30/2023,調査_馴れ初め_20240107:元データ12月,competitor_sheet_archive,https://i.ytimg.com/vi/YcUwtVrWQXk/maxresdefault.jpg,,
tQwpU9Vb-aU,,馴れ初めロマンティック,【2ch馴れ初め】社員旅行で美人上司が泥酔、浴衣の下からアソコが見えた結果【ゆっくり】,2023-12-20,511100,2020,30,12/30/2023,調査_馴れ初め_20240107:元データ12月,competitor_sheet_archive,https://i.ytimg.com/vi/tQwpU9Vb-aU/maxresdefault.jpg,,
qE3Cla6XKhM,,2ch馴れ初めで愛を語る,【2ch馴れ初め】クリスマスに予定のない40歳独身の俺 → 部下の残業を全て引き受けたら残業終わりに美人後輩に誘われた結果,2023-12-25,494610,3240,90,12/30/2023,調査_馴れ初め_20240107:元データ12月,competitor_sheet_archive,https://i.ytimg.com/vi/qE3Cla6XKhM/maxresdefault.jpg,,
uSaKf-kscCU,,大人の馴れ初め話ストーリー【2chゆっくり解説】,【2ch馴れ初め】部屋でアレしてる幼馴染→俺「おはよう！えっ！？」幼馴染「こ、これは…」→めっちゃ抱いたｗ【ゆっくり解説】,2023-03-12,493110,1210,50,12/30/2023,調査_馴れ初め_20240107:元データ12月,competitor_sheet_archive,https://i.ytimg.com/vi/uSaKf-kscCU/maxresdefault.jpg,,
Da0p3YvzcLk,,2ch馴れ初めハウス,大事な商談に向かう途中、困っている俺に代車を提供してくれた義手の女性⇨社長の俺が恩返しした結果,2023-01-12,483600,12370,310,12/30/2023,調査_馴れ初め_20240107:元データ12月,competitor_sheet_archive,https://i.ytimg.com/vi/Da0p3YvzcLk/maxresdefault.jpg,,
XuGpyQQwwWE,,馴れ初めアミーゴ,【2ch馴れ初め】俺の大きくなった息子をベテラン家政婦に近くで見せて欲しいとお願いされた結果…【ゆっくり解説】,2023-12-23,483110,2680,00,12/30/2023,調査_馴れ初め_20240107:元データ12月,competitor_sheet_archive,https://i.ytimg.com/vi/XuGpyQQwwWE/maxresdefault.jpg,,
wawMdvNipZw,,2ch馴れ初めヒストリー,【2ch馴れ初め】両親に捨てられ親戚の家では奴隷扱い。ランドセルも買ってもらえず教科書を手に持って登校するボロボロ少女 →亡き姉が使えなかったランドセルを譲った結果...【ゆっくり】,2023-12-25,473580,10240,340,12/30/2023,調査_馴れ初め_20240107:元データ12月,competitor_sheet_archive,https://i.ytimg.com/vi/wawMdvNipZw/maxresdefault.jpg,,
FEZLGIHGjqQ,,2ch純愛物語,【2ch馴れ初め】修学旅行中、動物園で独りぼっちの車椅子の不良同級生→動物マニアで陰キャの俺が案内した結果…【ゆっくり】,2023-12-22,472170,5980,210,12/30/2023,調査_馴れ初め_20240107:元データ12月,competitor_sheet_archive,https://i.ytimg.com/vi/FEZLGIHGjqQ/maxresdefault.jpg,,
KD_Elm8z0ig,,2ch純愛物語,【2ch馴れ初め】家事代行を頼んだら学生時代俺を見下していた、学校一の不良女が現れた結果…【ゆっくり】,2023-12-14,450570,6870,120,12/30/2023,調査_馴れ初め_20240107:元データ12月,competitor_sheet_archive,https://i.ytimg.com/vi/KD_Elm8z0ig/maxresdefault.jpg,,
utoPSBvEosI,,夜のひと馴れ初め,【2ch 馴れ初め】両親を亡くした親友の子を引き取った俺美人上司と3人でお風呂に入った結果【ゆっくり解説】,2023-12-28,448420,1820,40,12/30/2023,調査_馴れ初め_20240107:元データ12月,competitor_sheet_archive,https://i.ytimg.com/vi/utoPSBvEosI/maxresdefault.jpg,,
O_QYYIE3EsA,,夜のひと馴れ初め,【2ch 馴れ初め】お風呂に乱入してきた泥酔美人姉の1人◯手伝わされた結果【ゆっくり解説】,2023-12-24,445660,2200,20,12/30/2023,調査_馴れ初め_20240107:元データ12月,competitor_sheet_archive,https://i.ytimg.com/vi/O_QYYIE3EsA/maxresdefault.jpg,,
zQxDc1AWsFk,,絵鳩ウタのボイコミワンダーランド【恋愛ラブコメ漫画】,【漫画】厳しい女上司が泥酔しているところに遭遇→介抱したら通い妻に「私も食べて♡」ってギャップがかわいすぎる【恋愛漫画】【ラブコメ】【馴れ初め】,2023-11-29,438170,10290,600,12/30/2023,調査_馴れ初め_20240107:元データ12月,competitor_sheet_archive,https://i.ytimg.com/vi/zQxDc1AWsFk/maxresdefault.jpg,,
wMFnR3lo6gA,,2ch馴れ初めで愛を語る,【2ch馴れ初め】廃業寸前のラーメン屋に５円だけ持ったボロボロの貧乏姉妹が来店 → 10年後、ホームレスになった俺の前に大人になった美人姉妹が現れた結果,2023-12-27,430070,5280,140,12/30/2023,調査_馴れ初め_20240107:元データ12月,competitor_sheet_archive,https://i.ytimg.com/vi/wMFnR3lo6gA/maxresdefault.jpg,,
2UfX6nTp2JI,,2ch馴れ初メロディー,【2ch馴れ初め】俺の家なのに泥酔美女が全裸で俺の入る風呂に入ってきて・・・【ゆっくり】【作業用】【睡眠用】【総集編】,2023-12-13,419370,2680,00,12/30/2023,調査_馴れ初め_20240107:元データ12月,competitor_sheet_archive,https://i.ytimg.com/vi/2UfX6nTp2JI/maxresdefault.jpg,,
m_4b1yCU994,,2ch純愛物語,【2ch馴れ初め】一人娘を失い心〇しようと彷徨っていた俺が、置き去りにされた盲目少女と遭遇した結果…【ゆっくり】,2023-12-17,413050,7360,160,12/30/2023,調査_馴れ初め_20240107:元データ12月,competitor_sheet_archive,https://i.ytimg.com/vi/m_4b1yCU994/maxresdefault.jpg,,
aJQy8C8J1xs,,2ch馴れ初め日和,【2ch馴れ初め】改装中の食堂に来たボロボロの少女→心に染みる鍋を振る舞った結果…【ゆっくり】,2023-12-18,403290,8120,170,12/30/2023,調査_馴れ初め_20240107:元データ12月,competitor_sheet_archive,https://i.ytimg.com/vi/aJQy8C8J1xs/maxresdefault.jpg,,
LyEem0H9YCE,,叡智な馴れ初め物語,【2ch馴れ初め】ずっと好きだった幼馴染と再会→ひと晩一緒に過ごした結果,2023-12-18,401110,2390,10,12/30/2023,調査_馴れ初め_20240107:元データ12月,competitor_sheet_archive,https://i.ytimg.com/vi/LyEem0H9YCE/maxresdefault.jpg,,
Q-fgFStWExk,,馴れ初めアミーゴ,【2ch馴れ初め】あまりにもしつこい美人上司を自宅に誘って◯りまくった結果….【ゆっくり解説】,2023-12-27,399720,2240,00,12/30/2023,調査_馴れ初め_20240107:元データ12月,competitor_sheet_archive,https://i.ytimg.com/vi/Q-fgFStWExk/maxresdefault.jpg,,
HOA4IyD33w8,,夜のひと馴れ初め,【2ch 馴れ初め】会えば喧嘩ばかりの幼馴染の濡れた下着姿に大事な部分が興奮した結果【ゆっくり解説】,2023-12-27,397640,2480,00,12/30/2023,調査_馴れ初め_20240107:元データ12月,competitor_sheet_archive,https://i.ytimg.com/vi/HOA4IyD33w8/maxresdefault.jpg,,
sIzhMo0n488,,2ch 馴れ初め白書,【2ch馴れ初め】灼熱の炎天下、無人駅に置き去りにされた目の見えない少女→俺が保護した結果… 【ゆっくり】,2023-12-20,397560,7800,200,12/30/2023,調査_馴れ初め_20240107:元データ12月,competitor_sheet_archive,https://i.ytimg.com/vi/sIzhMo0n488/maxresdefault.jpg,,
2r2JnXyEN_U,,2ch純愛馴れ初め集,【2ch馴れ初め】超絶地味で根暗ての貧乏転校生→実家の床屋で大変身させた結果…【ゆっくり】,2023-02-12,395400,5590,70,12/30/2023,調査_馴れ初め_20240107:元データ12月,competitor_sheet_archive,https://i.ytimg.com/vi/2r2JnXyEN_U/maxresdefault.jpg,,
i9CNzDKrRvk,,2ch馴れ初めスレ速報,【2ch馴れ初め】過激な下着を干してた幼馴染・・・結果【ゆっくり】,2023-12-25,389810,2950,150,12/30/2023,調査_馴れ初め_20240107:元データ12月,competitor_sheet_archive,https://i.ytimg.com/vi/i9CNzDKrRvk/maxresdefault.jpg,,
58bvpbbJ41k,,2ch馴れ初め日記帳,【2ch馴れ初め】 潰れかけの小料理屋を一生懸命営む母娘→漁師の俺が手を貸した結果…【ゆっくり】,2023-05-12,389630,6360,80,12/30/2023,調査_馴れ初め_20240107:元データ12月,competitor_sheet_archive,https://i.ytimg.com/vi/58bvpbbJ41k/maxresdefault.jpg,,
u4EiYwzp2jA,,感動の馴れ初めばなし,【2ch馴れ初め】クラスで空気的存在の俺が修学旅行で誰も手を付けられないスケバンとあまりもの同士で観光することになった結果【伝説のスレ】,2023-11-29,388930,4320,110,12/30/2023,調査_馴れ初め_20240107:元データ12月,competitor_sheet_archive,https://i.ytimg.com/vi/u4EiYwzp2jA/maxresdefault.jpg,,
zH5pePdJSTY,,叡智な馴れ初め物語,【2ch馴れ初め】いつもクールな美尻上司が泥酔して浴衣姿で甘えてきた結果,2023-10-12,386370,2550,10,12/30/2023,調査_馴れ初め_20240107:元データ12月,competitor_sheet_archive,https://i.ytimg.com/vi/zH5pePdJSTY/maxresdefault.jpg,,
85F-_RR6oaU,,2ch馴れ初めクエスト,【2ch馴れ初め】真冬の夜、閉店後の俺のラーメン屋に現れた貧乏親子が凍えていたのでラーメンをご馳走してあげた結果【ゆっくり動画】,2023-08-12,378150,7000,140,12/30/2023,調査_馴れ初め_20240107:元データ12月,competitor_sheet_archive,https://i.ytimg.com/vi/85F-_RR6oaU/maxresdefault.jpg,,
N8PR_RTpfzM,,私たちの馴れ初めTV,【馴れ初め】最愛の妻を亡った俺に、社長「うちの娘と結婚してくれ」同居を始めた最初の夜に 驚きの姿で現れ...【感動する話】,2023-03-12,372790,2470,20,12/30/2023,調査_馴れ初め_20240107:元データ12月,competitor_sheet_archive,https://i.ytimg.com/vi/N8PR_RTpfzM/maxresdefault.jpg,,
Ix808V9QmyQ,,2ch馴れ初めクエスト,【2ch馴れ初め】最後の半額シール付の総菜パンを他の人に取られ号泣する貧乏母娘に貧乏家庭出身で現店長の俺が半額シール付け忘れと嘘をつき貼ってあげた結果【ゆっくり動画】,2023-12-17,371090,7140,190,12/30/2023,調査_馴れ初め_20240107:元データ12月,competitor_sheet_archive,https://i.ytimg.com/vi/Ix808V9QmyQ/maxresdefault.jpg,,
Fxd4dFMtsBo,,2ch馴れ初めスレ速報,【2ch馴れ初め】19歳巨乳貧乏JDが深夜道端でうずくまってたので持ち帰ってヤリまくった結果・・・【ゆっくり】,2023-08-12,369560,2610,100,12/30/2023,調査_馴れ初め_20240107:元データ12月,competitor_sheet_archive,https://i.ytimg.com/vi/Fxd4dFMtsBo/maxresdefault.jpg,,
1ZnRha60Vbk,,おとなの純愛小説,【感動する話】憧れの令嬢とお見合い ある理由で断ると 「ふざけるな！」怒鳴る義父に 「気づかないんですか？」【朗読】【馴れ初め】,2023-08-12,363520,1200,30,12/30/2023,調査_馴れ初め_20240107:元データ12月,competitor_sheet_archive,https://i.ytimg.com/vi/1ZnRha60Vbk/maxresdefault.jpg,,
814IBznZXe8,,2ch馴れ初めクエスト,【2ch馴れ初め】まかないを毎回タッパーで持ち帰る貧乏新入社員の事情を知った俺が弟と一緒に住み込みで働かないかと誘った結果【ゆっくり動画】,2023-12-23,362470,7170,110,12/30/2023,調査_馴れ初め_20240107:元データ12月,competitor_sheet_archive,https://i.ytimg.com/vi/814IBznZXe8/maxresdefault.jpg,,
GZW_yp24qgc,,2ch馴れ初め日和,【2ch馴れ初め】隣のパン工場で不採用になったボロボロ姿のシングルマザー→廃業寸前の俺の店で雇った結果…【ゆっくり】,2023-12-27,362100,5890,80,12/30/2023,調査_馴れ初め_20240107:元データ12月,competitor_sheet_archive,https://i.ytimg.com/vi/GZW_yp24qgc/maxresdefault.jpg,,
EhMYvVvZBJE,,叡智な馴れ初め物語,【2ch馴れ初め】いつも優しい姉が親に内緒で毎晩ベッドに誘ってきた結果,2023-11-30,359520,2330,10,12/30/2023,調査_馴れ初め_20240107:元データ12月,competitor_sheet_archive,https://i.ytimg.com/vi/EhMYvVvZBJE/maxresdefault.jpg,,
UxG3qjZL1Z8,,馴れ初めアミーゴ,【2ch馴れ初め】資料室でアワビを刺激してる女上司発見→俺のキノコを添えてみた結果【ゆっくり解説】,2023-12-19,357860,2030,30,12/30/2023,調査_馴れ初め_20240107:元データ12月,competitor_sheet_archive,https://i.ytimg.com/vi/UxG3qjZL1Z8/maxresdefault.jpg,,
ZPz8pl8iGEc,,2ch馴れ初めプランナー,【2ch馴れ初め】大雪の日俺が落とした部費を届けてくれた貧乏同級生→お礼に俺んちの定食を毎日ご馳走した結果【ゆっくり解説】,2023-12-16,357820,5680,100,12/30/2023,調査_馴れ初め_20240107:元データ12月,competitor_sheet_archive,https://i.ytimg.com/vi/ZPz8pl8iGEc/maxresdefault.jpg,,
tcdzg1oSKTI,,2ch馴れ初めプランナー,【2ch馴れ初め】大きな荷物を抱え動けない少女を助け、何とかこぎ着けた取引に遅刻した結果【ゆっくり解説】,2023-08-12,355390,6240,110,12/30/2023,調査_馴れ初め_20240107:元データ12月,competitor_sheet_archive,https://i.ytimg.com/vi/tcdzg1oSKTI/maxresdefault.jpg,,
8tD48KU6wgI,,2ch馴れ初め日和,【2ch馴れ初め】大寒波の夜、地域の見回りで見つけた天涯孤独の少女→いちご農家の俺が引き取った結果…【ゆっくり】,2023-12-22,354460,6560,120,12/30/2023,調査_馴れ初め_20240107:元データ12月,competitor_sheet_archive,https://i.ytimg.com/vi/8tD48KU6wgI/maxresdefault.jpg,,
FRZwVcA8uNc,,2ch馴れ初めヒストリー,【2ch馴れ初め】極寒の夜、凍えながら財布を届けに来てくれたボロボロの少女 →お礼におでんをご馳走して温まってもらった結果...【ゆっくり】,2023-12-16,353120,5410,130,12/30/2023,調査_馴れ初め_20240107:元データ12月,competitor_sheet_archive,https://i.ytimg.com/vi/FRZwVcA8uNc/maxresdefault.jpg,,
PDYjsI0k6-c,,2ch純愛物語,【2ch馴れ初め】真冬に毎日ボロボロジャージ姿で凍えてる隣家の貧乏姉弟→大家族の俺が大量のお下がりをあげた結果…【ゆっくり】,2023-12-18,350550,7070,140,12/30/2023,調査_馴れ初め_20240107:元データ12月,competitor_sheet_archive,https://i.ytimg.com/vi/PDYjsI0k6-c/maxresdefault.jpg,,
ch_Hsv3WwUA,,2ch馴れ初め物語,【2ch馴れ初め】5人の兄弟のために給食の残りをこっそり持ち帰る不良同級生 ➡ 弁当屋の息子の俺が毎日デカ盛り弁当を届けてあげた結果【ゆっくり】,2023-12-27,346550,4340,190,12/30/2023,調査_馴れ初め_20240107:元データ12月,competitor_sheet_archive,https://i.ytimg.com/vi/ch_Hsv3WwUA/maxresdefault.jpg,,
7mFf2XJasdg,,2ch純愛物語,【2ch馴れ初め】出勤途中、バス停で号泣してるボロボロ姉弟→放っておけず入社初日に遅刻した結果…【ゆっくり】,2023-10-12,344280,6140,80,12/30/2023,調査_馴れ初め_20240107:元データ12月,competitor_sheet_archive,https://i.ytimg.com/vi/7mFf2XJasdg/maxresdefault.jpg,,
Hm_4wVjMHTM,,2ch馴れ初め物語,【2ch馴れ初め】親に捨てられ親戚にも疫病神扱いされるアルビノの少女 ➡ 俺が営む民宿で住み込みで手伝ってもらった結果【ゆっくり】,2023-12-23,308050,3920,310,12/30/2023,調査_馴れ初め_20240107:元データ12月,competitor_sheet_archive,https://i.ytimg.com/vi/Hm_4wVjMHTM/maxresdefault.jpg,,
WzhM-GGdjp4,,2ch馴れ初めクエスト,【2ch馴れ初め】妻と別れた後、故郷に戻り家業の漁師を継いだ俺が猫を抱えボロボロの姿で現れた少女に魚をあげた結果【ゆっくり動画】,2023-12-22,299120,4930,100,12/30/2023,調査_馴れ初め_20240107:元データ12月,competitor_sheet_archive,https://i.ytimg.com/vi/WzhM-GGdjp4/maxresdefault.jpg,,
EoibbAnpikQ,,2ch胸キュン馴れ初め,【2ch馴れ初め】初キャバクラで人気No1キャバ嬢を指名したら職場の塩対応な美人先輩だった。驚く俺に「お願い秘密にして？サービスするから♡」抱きつき誘惑してきた結果。実は…【ゆっくり】,2023-11-29,297430,2590,40,12/30/2023,調査_馴れ初め_20240107:元データ12月,competitor_sheet_archive,https://i.ytimg.com/vi/EoibbAnpikQ/maxresdefault.jpg,,
lK22J5lK1VY,,叡智な馴れ初め物語,【2ch馴れ初め】妹にお願いされてマッサージすると声を出し始めた結果,2023-08-12,297100,1940,20,12/30/2023,調査_馴れ初め_20240107:元データ12月,competitor_sheet_archive,https://i.ytimg.com/vi/lK22J5lK1VY/maxresdefault.jpg,,
OXSCkLCWF2Y,,2ch馴れ初メロディー,【2ch馴れ初め】俺が経営しているコンビニで万引きしたガリガリの貧乏ヤンキー少女「抱かせてやるから許して」→しっかり償ってもらった結果 【ゆっくり】,2023-12-14,297000,1990,80,12/30/2023,調査_馴れ初め_20240107:元データ12月,competitor_sheet_archive,https://i.ytimg.com/vi/OXSCkLCWF2Y/maxresdefault.jpg,,
ToFtfJhTv7w,,夜のひと馴れ初め,【2ch 馴れ初め】隣に住む彼氏持ち美人同僚とめちゃくちゃ●った【ゆっくり解説】,2023-12-26,296190,1740,60,12/30/2023,調査_馴れ初め_20240107:元データ12月,competitor_sheet_archive,https://i.ytimg.com/vi/ToFtfJhTv7w/maxresdefault.jpg,,
DF4rpVKQbqE,,2ch馴れ初めヒストリー,【2ch馴れ初め】無人販売所前で誰も買わないフルーツを必死に宣伝するボロボロ少女→人気パフェ店オーナーの俺が大量発注した結果...【ゆっくり】,2023-12-26,295300,5240,90,12/30/2023,調査_馴れ初め_20240107:元データ12月,competitor_sheet_archive,https://i.ytimg.com/vi/DF4rpVKQbqE/maxresdefault.jpg,,
AwzlE1UXodA,,2ch馴れ初めクエスト,【2ch馴れ初め】東京駅で迷子になり号泣している女の子を放っておけず昇進試験に遅刻した結果【ゆっくり動画】,2023-12-21,294300,5670,90,12/30/2023,調査_馴れ初め_20240107:元データ12月,competitor_sheet_archive,https://i.ytimg.com/vi/AwzlE1UXodA/maxresdefault.jpg,,
WOea6ZkQT9M,,2ch馴れ初めキューピッド,【2ch馴れ初め】いつもコンビニ前で座っているボロボロの双子がある日突然いなくなったので探した結果...【ゆっくり】,2023-08-12,289970,5550,70,12/30/2023,調査_馴れ初め_20240107:元データ12月,competitor_sheet_archive,https://i.ytimg.com/vi/WOea6ZkQT9M/maxresdefault.jpg,,
1aCCQlpfquY,,馴れ初めアミーゴ,【2ch 馴れ初め】両親不在の3日間。家政婦が寝てる間にこっそり◯◯揉んだら、寝ぼけたままネ果になりだした結果【ゆっくり解説】,2023-11-12,289450,1210,10,12/30/2023,調査_馴れ初め_20240107:元データ12月,competitor_sheet_archive,https://i.ytimg.com/vi/1aCCQlpfquY/maxresdefault.jpg,,
oH1K4XTKaGA,,2ch 馴れ初め白書,【2ch馴れ初め】【ゆっくり】,2023-12-28,288130,5420,90,12/30/2023,調査_馴れ初め_20240107:元データ12月,competitor_sheet_archive,https://i.ytimg.com/vi/oH1K4XTKaGA/maxresdefault.jpg,,
UdxZRVpbrv0,,私たちの馴れ初めTV,【馴れ初め】忘年会から帰宅すると泥酔した美人上司が俺の家の前で爆睡。神対応した結果...【感動する話】,2023-12-21,286510,2200,20,12/30/2023,調査_馴れ初め_20240107:元データ12月,competitor_sheet_archive,https://i.ytimg.com/vi/UdxZRVpbrv0/maxresdefault.jpg,,
9x7P3HN2hlk,,2ch 馴れ初め白書,【2ch馴れ初め】 一人夜釣り中、娘を抱え泣きながら彷徨うシングルマザー→声を掛け釣りたて魚料理を振舞った結果…【ゆっくり】,2023-05-12,281520,5550,100,12/30/2023,調査_馴れ初め_20240107:元データ12月,competitor_sheet_archive,https://i.ytimg.com/vi/9x7P3HN2hlk/maxresdefault.jpg,,
7GwSBXsBnoU,,2chほっこり馴れ初め話,【2ch馴れ初め】山道で木に縄をくくるボロボロ女性、何とか引き止めて家に招待した結果…【ゆっくり】,2023-12-18,281130,5100,110,12/30/2023,調査_馴れ初め_20240107:元データ12月,competitor_sheet_archive,https://i.ytimg.com/vi/7GwSBXsBnoU/maxresdefault.jpg,,
8XGmX_JE5mk,,2ch馴れ初め日記帳,【2ch馴れ初め】雪の日に、愛猫を一緒に探してくれたホームレス女性→お礼に温かい食事と空き部屋を貸した結果…【ゆっくり】,2023-12-22,275570,4930,80,12/30/2023,調査_馴れ初め_20240107:元データ12月,competitor_sheet_archive,https://i.ytimg.com/vi/8XGmX_JE5mk/maxresdefault.jpg,,
_wkh89WWXBI,,2ch 馴れ初め白書,【2ch馴れ初め】深夜の路上で倒れてる飢餓で動けない貧乏シングルマザー→大手企業社長の俺が自宅に保護した結果…【ゆっくり】,2023-12-12,272470,5450,120,12/30/2023,調査_馴れ初め_20240107:元データ12月,competitor_sheet_archive,https://i.ytimg.com/vi/_wkh89WWXBI/maxresdefault.jpg,,
_lQGVLnxYaM,,2chほっこり馴れ初め話,【2ch馴れ初め】華金夜、1人孤独に晩酌していると、ボロボロの女の子に声を掛けられた結果…【ゆっくり】,2023-11-12,269880,4340,40,12/30/2023,調査_馴れ初め_20240107:元データ12月,competitor_sheet_archive,https://i.ytimg.com/vi/_lQGVLnxYaM/maxresdefault.jpg,,
DrSfBpDjRsc,,私たちの馴れ初めTV,【馴れ初め】カギを失くすと美人鬼上司の家に泊まるハメに。しかし→俺「なんで俺のカギがここに？」妻「実は私ね...」【感動する話】,2023-11-30,266880,2280,10,12/30/2023,調査_馴れ初め_20240107:元データ12月,competitor_sheet_archive,https://i.ytimg.com/vi/DrSfBpDjRsc/maxresdefault.jpg,,
MEbEyQo4Jck,,2ch馴れ初めストーリー 1170万の瞬間,【2ch 馴れ初め】新幹線でたまたま隣り合わせた美女がピンク〇ーターをとりだした上に、会社にまで登場した話,2023-11-29,266830,1290,20,12/30/2023,調査_馴れ初め_20240107:元データ12月,competitor_sheet_archive,https://i.ytimg.com/vi/MEbEyQo4Jck/maxresdefault.jpg,,
sCaUEhzD7yU,,2ch馴れ初めスレ速報,【2ch馴れ初め】超ブラコンの美人義妹がノーブラノーパンで密着マッサージしてくれた結果・・・【ゆっくり】,2023-12-12,266390,2090,00,12/30/2023,調査_馴れ初め_20240107:元データ12月,competitor_sheet_archive,https://i.ytimg.com/vi/sCaUEhzD7yU/maxresdefault.jpg,,
zCjSdut1vdQ,,2ch馴れ初めプランナー,【2ch馴れ初め】お金が足りず薬が買えない貧乏姉妹…どうやら母親が危ない状況。放っておけず大手企業の内定式に遅刻した結果【ゆっくり解説】,2023-12-24,265060,3760,80,12/30/2023,調査_馴れ初め_20240107:元データ12月,competitor_sheet_archive,https://i.ytimg.com/vi/zCjSdut1vdQ/maxresdefault.jpg,,
LgZb-lvPA5M,,2ch 馴れ初め白書,【2ch馴れ初め】【ゆっくり】,2023-12-27,263510,5620,150,12/30/2023,調査_馴れ初め_20240107:元データ12月,competitor_sheet_archive,https://i.ytimg.com/vi/LgZb-lvPA5M/maxresdefault.jpg,,
UpxH-SeCxGw,,2chほっこり馴れ初め話,【2ch馴れ初め】真冬の公園で娘を抱きかかえ凍える貧乏親子、心配で連れて帰ることにした結果…【ゆっくり】,2023-12-19,262540,5410,150,12/30/2023,調査_馴れ初め_20240107:元データ12月,competitor_sheet_archive,https://i.ytimg.com/vi/UpxH-SeCxGw/maxresdefault.jpg,,
ou5mTOuqmDc,,2ch胸キュン馴れ初め,【2ch馴れ初め】美人受付嬢やマドンナ、ヤンキー美女や社長令嬢との名作馴れ初め10選まとめ総集編【作業用】【ゆっくり】,2023-12-17,259040,2070,30,12/30/2023,調査_馴れ初め_20240107:元データ12月,competitor_sheet_archive,https://i.ytimg.com/vi/ou5mTOuqmDc/maxresdefault.jpg,,
qq_1ZOMTMgc,,2ch馴れ初めヒストリー,【2ch馴れ初め】天ぷら屋に母親の誕生日を祝いたいと雑草を持ってきたボロボロの少女 →家族の温もりを知らない天涯孤独の俺がフルコースを振舞った結果...【ゆっくり】,2023-12-20,257910,5870,160,12/30/2023,調査_馴れ初め_20240107:元データ12月,competitor_sheet_archive,https://i.ytimg.com/vi/qq_1ZOMTMgc/maxresdefault.jpg,,
xI_BgWXHU2E,,2ch馴れ初めスレ速報,【2ch馴れ初め】学級委員の美人同級生が机の角で・・・結果【ゆっくり】,2023-12-22,249410,2380,70,12/30/2023,調査_馴れ初め_20240107:元データ12月,competitor_sheet_archive,https://i.ytimg.com/vi/xI_BgWXHU2E/maxresdefault.jpg,,
IBIPyDANtXc,,2ch馴れ初めで愛を語る,【2ch馴れ初め】思春期の娘に口を聞いてもらえないシングルファザーの俺 職場の美人後輩に助けられた結果,2023-12-29,249010,2150,10,12/30/2023,調査_馴れ初め_20240107:元データ12月,competitor_sheet_archive,https://i.ytimg.com/vi/IBIPyDANtXc/maxresdefault.jpg,,
ul9-C7qupbI,,馴れ初めロマンティック,【2ch馴れ初め】映画鑑賞中、女友達が突然俺の手をパンツの中に入れた結果…【ゆっくり】,2023-04-12,245300,1640,30,12/30/2023,調査_馴れ初め_20240107:元データ12月,competitor_sheet_archive,https://i.ytimg.com/vi/ul9-C7qupbI/maxresdefault.jpg,,
PQgbwKKz4z0,,2ch純愛物語,【2ch馴れ初め】深夜の駐車場でヤクザに囲まれて泣いてるヤンキー隣人→オタクで陰キャな俺が本気を出した結果…【ゆっくり】,2023-12-23,237270,4650,50,12/30/2023,調査_馴れ初め_20240107:元データ12月,competitor_sheet_archive,https://i.ytimg.com/vi/PQgbwKKz4z0/maxresdefault.jpg,,
ZOXkofIKkxo,,2ch胸キュン馴れ初め,【2ch馴れ初め】上司に頼まれ引きこもりのブス娘と見合い。お試し期間で付き合うと地味な彼女がどんどんスタイル抜群の美人になり…【ゆっくり】,2023-12-24,237100,2310,40,12/30/2023,調査_馴れ初め_20240107:元データ12月,competitor_sheet_archive,https://i.ytimg.com/vi/ZOXkofIKkxo/maxresdefault.jpg,,
E3HJNhhst9A,,2ch馴れ初めスレ速報,【2ch馴れ初め】家政婦よんだら生意気な後輩が！仕返しとしてふざけて裸エプロン頼んでみた結果・・・【ゆっくり】,2023-12-27,237010,1420,30,12/30/2023,調査_馴れ初め_20240107:元データ12月,competitor_sheet_archive,https://i.ytimg.com/vi/E3HJNhhst9A/maxresdefault.jpg,,
pdSqvooncb0,,思い出のゆっくり2ch,【2ch馴れ初め】「私はダメな父親です…どうか…卒業まででいいので娘を一緒に…」突然家賃を払えなくなった隣の女子大生を卒業まで俺の部屋に住ませた結果,2023-12-25,236770,4050,70,12/30/2023,調査_馴れ初め_20240107:元データ12月,competitor_sheet_archive,https://i.ytimg.com/vi/pdSqvooncb0/maxresdefault.jpg,,
GJ9rTuy20tQ,,2ch馴れ初めプランナー,【2ch馴れ初め】車椅子のばあちゃんを溝にはめ放置する男達→元ボクサーの俺が助け男達を捕まえた結果【ゆっくり解説】,2023-12-23,234740,4320,90,12/30/2023,調査_馴れ初め_20240107:元データ12月,competitor_sheet_archive,https://i.ytimg.com/vi/GJ9rTuy20tQ/maxresdefault.jpg,,
a6EwzDFVoLY,,2ch恋する馴れ初め,【2ch馴れ初め】配達中にバス停で発見した凄まじい異臭のする貧乏姉妹→保護して特盛カレーをご馳走した結果…【ゆっくり】,2023-12-24,232690,3930,90,12/30/2023,調査_馴れ初め_20240107:元データ12月,competitor_sheet_archive,https://i.ytimg.com/vi/a6EwzDFVoLY/maxresdefault.jpg,,
df9v_hGPj78,,2ch馴れ初めクエスト,【2ch馴れ初め】大雨の中、傘もささずに座り込むボロボロの母娘を俺の実家に連れて帰りお風呂と温かいご飯を提供した結果【ゆっくり動画】,2023-12-24,228990,4720,120,12/30/2023,調査_馴れ初め_20240107:元データ12月,competitor_sheet_archive,https://i.ytimg.com/vi/df9v_hGPj78/maxresdefault.jpg,,
cqJvoyyJuxg,,叡智な馴れ初め物語,【2ch馴れ初め】妹のデカメロンが目の前でポロリして息子が元気になった結果,2023-04-12,228040,1660,00,12/30/2023,調査_馴れ初め_20240107:元データ12月,competitor_sheet_archive,https://i.ytimg.com/vi/cqJvoyyJuxg/maxresdefault.jpg,,
FT5ugq1EhwE,,2ch馴れ初メモリアル,【2ch馴れ初め】寝る前に丁度いい！ちょっぴりHな馴れ初め話4連発!!下着が透けているマドンナ、清楚な幼馴染、仲の悪い義姉、叱られている新入社員と出会った結果【ゆっくり】【総集編】【作業用】【睡眠用】,2023-12-27,226440,2030,20,12/30/2023,調査_馴れ初め_20240107:元データ12月,competitor_sheet_archive,https://i.ytimg.com/vi/FT5ugq1EhwE/maxresdefault.jpg,,
IZzBeE1Znjk,,2ch胸キュン馴れ初め,【2ch馴れ初め】会社が倒産し無職になったら取引先の美人社長に雇われて家事代行をしながら同棲する事に→しかし休日になると立場が逆転…【ゆっくり】,2023-12-15,224950,2130,10,12/30/2023,調査_馴れ初め_20240107:元データ12月,competitor_sheet_archive,https://i.ytimg.com/vi/IZzBeE1Znjk/maxresdefault.jpg,,
gvmTOWHsjfU,,思い出のゆっくり2ch,【2ch馴れ初め】「お姉ちゃん…僕を嫌いになったかも…」大雪の日に姉とはぐれた男の子。俺がおんぶして一緒に探してあげた結果…,2023-12-24,223780,4190,40,12/30/2023,調査_馴れ初め_20240107:元データ12月,competitor_sheet_archive,https://i.ytimg.com/vi/gvmTOWHsjfU/maxresdefault.jpg,,
KYIKU2db9xY,,私たちの馴れ初めTV,【馴れ初め】美人の女医と2人きりでエレベーターに閉じ込められた俺「トイレが我慢できない」と伝えた結果とんでもないことを...【感動する話】,2023-11-29,222390,2120,40,12/30/2023,調査_馴れ初め_20240107:元データ12月,competitor_sheet_archive,https://i.ytimg.com/vi/KYIKU2db9xY/maxresdefault.jpg,,
k9WS0yk2p58,,2ch胸キュン馴れ初め,【2ch馴れ初め】終電を逃した会社の美人後輩を家に泊めた俺。手を出さず寝ようとしたのだが、深夜になると「何もしないの？♡」と美人後輩から逆に迫られて…【ゆっくり】,2023-12-21,220980,1660,20,12/30/2023,調査_馴れ初め_20240107:元データ12月,competitor_sheet_archive,https://i.ytimg.com/vi/k9WS0yk2p58/maxresdefault.jpg,,
1ylt5oVf4aM,,2ch胸キュン馴れ初め,【2ch馴れ初め】入院先の美人看護師が学生時代に誰もが知る元最恐レディース総長だったと知ってしまった。美人看護師も俺の事を知っていて秘密の関係が始まった結果…【ゆっくり】,2023-11-30,220500,2570,40,12/30/2023,調査_馴れ初め_20240107:元データ12月,competitor_sheet_archive,https://i.ytimg.com/vi/1ylt5oVf4aM/maxresdefault.jpg,,
fylS8G-kFbE,,大人の馴れ初め話【2chゆっくり】,【2ch 馴れ初め】惚れた女性が人妻だった→人妻「私だって発散したい！」イッチ「まじで？」→結果ｗｗｗ【ゆっくり解説】,2023-12-18,216740,1070,20,12/30/2023,調査_馴れ初め_20240107:元データ12月,competitor_sheet_archive,https://i.ytimg.com/vi/fylS8G-kFbE/maxresdefault.jpg,,
a-lqzBrcTqM,,2ch純愛物語,【2ch馴れ初め】田舎の山道で車が故障し困ってるヤンキー女性→車オタクで陰キャの俺が勇気を出して声を掛けた結果…【ゆっくり】,2023-12-26,216460,3470,50,12/30/2023,調査_馴れ初め_20240107:元データ12月,competitor_sheet_archive,https://i.ytimg.com/vi/a-lqzBrcTqM/maxresdefault.jpg,,
Jxx21FfY-RU,,思い出のゆっくり2ch,【2ch馴れ初め】「ご趣味は？」「…別に」最悪のお見合い相手に後日思わぬ場所で再会した結果…,2023-05-12,216360,3630,40,12/30/2023,調査_馴れ初め_20240107:元データ12月,competitor_sheet_archive,https://i.ytimg.com/vi/Jxx21FfY-RU/maxresdefault.jpg,,
VyD0vXONDxI,,大人の馴れ初め話【2chゆっくり】,【2ch 馴れ初め】ある日突然、女性に何故か全力グーパンされた→「お前のせいだ！」「人違いです」 →この後…【ゆっくり解説】,2023-11-29,213300,1320,60,12/30/2023,調査_馴れ初め_20240107:元データ12月,competitor_sheet_archive,https://i.ytimg.com/vi/VyD0vXONDxI/maxresdefault.jpg,,
5AAfTX1eVe0,,2ch胸キュン馴れ初め,【2ch馴れ初め】雨宿りのために大学のマドンナを家に招いた陰キャの俺→処理を忘れていた大量の使用済みティッシュをマドンナに見られた結果…【ゆっくり】,2023-12-22,211000,2040,00,12/30/2023,調査_馴れ初め_20240107:元データ12月,competitor_sheet_archive,https://i.ytimg.com/vi/5AAfTX1eVe0/maxresdefault.jpg,,
_IfABwCx7m4,,2ch馴れ初めプランナー,【2ch馴れ初め】亡き嫁が残した娘は霊感が強く、突然娘が発した住所はシングルマザーの家で…【ゆっくり解説】,2023-12-12,210260,5060,90,12/30/2023,調査_馴れ初め_20240107:元データ12月,competitor_sheet_archive,https://i.ytimg.com/vi/_IfABwCx7m4/maxresdefault.jpg,,
DHgMVaR3ybo,,馴れ初めアミーゴ,【2ch馴れ初め】俺の立派な息子を見た家政婦→顔を近づけ匂いを嗅いできた結果…【ゆっくり解説】,2023-12-17,208970,1110,20,12/30/2023,調査_馴れ初め_20240107:元データ12月,competitor_sheet_archive,https://i.ytimg.com/vi/DHgMVaR3ybo/maxresdefault.jpg,,
gW5icKeL0BI,,2ch馴れ初めスレ速報,【2ch馴れ初め】何度もデートに誘ってくる美人整体師に・・・結果【ゆっくり】,2023-12-24,208280,1800,40,12/30/2023,調査_馴れ初め_20240107:元データ12月,competitor_sheet_archive,https://i.ytimg.com/vi/gW5icKeL0BI/maxresdefault.jpg,,
ZcOQsFEKBpA,,2ch馴れ初めスレ速報,【2ch馴れ初め】体がエロいと噂の美人部下と終電逃して宅飲みしたら噂の真相確かめられた結果・・・【ゆっくり】,2023-07-12,207260,1790,40,12/30/2023,調査_馴れ初め_20240107:元データ12月,competitor_sheet_archive,https://i.ytimg.com/vi/ZcOQsFEKBpA/maxresdefault.jpg,,
xS37h-IVsO8,,あなたと私の恋ばなし,【2ch馴れ初め】極寒の夜の公園で焼き鳥1本を分け合っている姉妹→今にも倒れそうだったので家に連れ帰った結果…【伝説のスレ】,2023-01-12,206270,3660,80,12/30/2023,調査_馴れ初め_20240107:元データ12月,competitor_sheet_archive,https://i.ytimg.com/vi/xS37h-IVsO8/maxresdefault.jpg,,
mU3vVneWY98,,2ch胸キュン馴れ初め,【2ch馴れ初め】一人旅中に学生時代俺を嫌っていた美人同級生と遭遇→なぜか俺についてきて実は俺のストーカーをしていたと発覚し…【ゆっくり】,2023-12-27,202560,2010,30,12/30/2023,調査_馴れ初め_20240107:元データ12月,competitor_sheet_archive,https://i.ytimg.com/vi/mU3vVneWY98/maxresdefault.jpg,,
hc3Z1uzVKZU,,2ch馴れ初メモリアル,2ch 馴れ初め】飲み仲間のヤーさんの組長に気に入られ 、根暗娘をもらってくれないかと頼まれた結果→超スタイル抜群の娘だった【ゆっくり解説】,2023-12-25,199390,2320,50,12/30/2023,調査_馴れ初め_20240107:元データ12月,competitor_sheet_archive,https://i.ytimg.com/vi/hc3Z1uzVKZU/maxresdefault.jpg,,
kvYwIMA49qs,,2ch 馴れ初め白書,【2ch馴れ初め】【ゆっくり】,2023-12-17,197850,4940,90,12/30/2023,調査_馴れ初め_20240107:元データ12月,competitor_sheet_archive,https://i.ytimg.com/vi/kvYwIMA49qs/maxresdefault.jpg,,
VoGwq6Zfa5Q,,2ch純愛物語,【2ch馴れ初め】極寒の夜、難病の娘の為に募金活動する貧乏シングルマザー→一人娘を失い毎日地獄の俺が全財産あげた結果…【ゆっくり】,2023-12-28,195100,4760,80,12/30/2023,調査_馴れ初め_20240107:元データ12月,competitor_sheet_archive,https://i.ytimg.com/vi/VoGwq6Zfa5Q/maxresdefault.jpg,,
ZfWb73dWwnE,,夜のひと馴れ初め,【2ch 馴れ初め】中学2年の健康診断で 美人生徒会長の裸を見てしまった結果【ゆっくり解説】,2023-12-25,193160,970,20,12/30/2023,調査_馴れ初め_20240107:元データ12月,competitor_sheet_archive,https://i.ytimg.com/vi/ZfWb73dWwnE/maxresdefault.jpg,,
uyGcO2QCNAI,,2ch馴れ初めスレ速報,【2ch馴れ初め】電車でいつも見かける美人OLに・・・結果【ゆっくり】,2023-12-28,191840,1480,30,12/30/2023,調査_馴れ初め_20240107:元データ12月,competitor_sheet_archive,https://i.ytimg.com/vi/uyGcO2QCNAI/maxresdefault.jpg,,
zVZTlWG5GCs,,2chほっこり馴れ初め話,【2ch馴れ初め】サンタの恰好でバイトをしていると、女の子に優しいパパが欲しいと頼まれた結果…【ゆっくり】,2023-01-12,190710,4130,90,12/30/2023,調査_馴れ初め_20240107:元データ12月,competitor_sheet_archive,https://i.ytimg.com/vi/zVZTlWG5GCs/maxresdefault.jpg,,
k8cyc847Aug,,2ch馴れ初め日記帳,【2ch馴れ初め】 駅のホームで赤ん坊を抱え心中を図ったシングルマザー→天涯孤独の俺が間一髪で助け保護した結果…【ゆっくり】,2023-03-12,188100,3530,50,12/30/2023,調査_馴れ初め_20240107:元データ12月,competitor_sheet_archive,https://i.ytimg.com/vi/k8cyc847Aug/maxresdefault.jpg,,
BVafPAZ2AEk,,叡智な馴れ初め物語,【2ch馴れ初め】両親が留守の夜、姉が号泣しながらお〇呂に突撃してきた結果,2023-12-27,187720,1510,10,12/30/2023,調査_馴れ初め_20240107:元データ12月,competitor_sheet_archive,https://i.ytimg.com/vi/BVafPAZ2AEk/maxresdefault.jpg,,
osgkq1IcAlo,,2ch胸キュン馴れ初め,【2ch馴れ初め】家族同然の幼馴染と旅行中に混浴と知らず温泉で鉢合わせ→誘惑された美人幼馴染と一緒にお風呂に入ることになってしまって…「色っぽくなったでしょ？♡」【ゆっくり】,2023-12-23,187590,1300,10,12/30/2023,調査_馴れ初め_20240107:元データ12月,competitor_sheet_archive,https://i.ytimg.com/vi/osgkq1IcAlo/maxresdefault.jpg,,
xeyzKw-odu4,,2ch純愛ばなし,【2ch馴れ初め】植物状態の母を介護しつつ寝ずにケーキを移動販売する片腕娘、親の借金５千万背負い絶望する俺が手伝った結果【ゆっくり】,2023-09-12,187410,3590,160,12/30/2023,調査_馴れ初め_20240107:元データ12月,competitor_sheet_archive,https://i.ytimg.com/vi/xeyzKw-odu4/maxresdefault.jpg,,
T2bwe2OgOOk,,2ch馴れ初めクエスト,【2ch馴れ初め】漁終わりの俺の前に現れたお腹を空かせたぼろぼろ少女に獲れたての魚料理をご馳走してあげた結果【ゆっくり動画】,2023-12-29,183830,3490,70,12/30/2023,調査_馴れ初め_20240107:元データ12月,competitor_sheet_archive,https://i.ytimg.com/vi/T2bwe2OgOOk/maxresdefault.jpg,,
K4SAYjULuNs,,馴れ初めロマンティック,2ch馴れ初め】同窓会で久々に再会た幼馴染が酔って帰宅中「中に出していいよ」と誘ってきたので、我慢できなくなってホテルでガチでした結果【ゆっくり】,2023-12-22,177780,930,10,12/30/2023,調査_馴れ初め_20240107:元データ12月,competitor_sheet_archive,https://i.ytimg.com/vi/K4SAYjULuNs/maxresdefault.jpg,,
lOmM_K6scHc,,2ch馴れ初め日和,【2ch馴れ初め】俺の働く雑居ビルに引っ越してきた貧乏親子→置き場に困った在庫品をお裾分けした結果…【ゆっくり】,2023-12-28,174860,2890,30,12/30/2023,調査_馴れ初め_20240107:元データ12月,competitor_sheet_archive,https://i.ytimg.com/vi/lOmM_K6scHc/maxresdefault.jpg,,
5GPym4xLfhY,,大人の馴れ初め話【2chゆっくり】,【2ch 馴れ初め】突然女性が土下座してきた→女性「実は私…」俺「嘘だろ！？」→その晩、めちゃくちゃ燃えた【ゆっくり解説】,2023-09-12,174830,990,30,12/30/2023,調査_馴れ初め_20240107:元データ12月,competitor_sheet_archive,https://i.ytimg.com/vi/5GPym4xLfhY/maxresdefault.jpg,,
38EMeNEWZgY,,私たちの馴れ初めTV,【馴れ初め】「一度だけ、私とお願い」もうすぐ嫁ぐ義理の姉が俺に頼み事→俺「今回だけ...」実は俺たちは...【感動する話】,2023-12-17,174610,1960,20,12/30/2023,調査_馴れ初め_20240107:元データ12月,competitor_sheet_archive,https://i.ytimg.com/vi/38EMeNEWZgY/maxresdefault.jpg,,
LXquCqGFXUs,,夜のひと馴れ初め,【2ch 馴れ初め】罰ゲームで美人幼馴染と…【ゆっくり解説】,2023-12-29,173360,1010,10,12/30/2023,調査_馴れ初め_20240107:元データ12月,competitor_sheet_archive,https://i.ytimg.com/vi/LXquCqGFXUs/maxresdefault.jpg,,
auwtsU_9zQU,,2ch馴れ初めスレ速報,【2ch馴れ初め】超がつくほどウブな美人彼女が暗闇にトラウマがあるので真っ昼間の明るい部屋で全身じっくり堪能してみた結果・・・【ゆっくり】,2023-04-12,173080,1570,50,12/30/2023,調査_馴れ初め_20240107:元データ12月,competitor_sheet_archive,https://i.ytimg.com/vi/auwtsU_9zQU/maxresdefault.jpg,,
QR2SQLYmzUY,,思い出のゆっくり2ch,【2ch馴れ初め】「この寒さは危険だ！どうか俺の家へ！」落とした鍵を拾ってくれたホームレス女性。お礼におっれの家に招いた結果…,2023-12-27,172780,3150,130,12/30/2023,調査_馴れ初め_20240107:元データ12月,competitor_sheet_archive,https://i.ytimg.com/vi/QR2SQLYmzUY/maxresdefault.jpg,,
7iEkaSW9AF8,,2ch馴れ初め日和,【2ch馴れ初め】ゲレンデに置きざりにされた女子大生→娘と泊まるログハウスに招いた結果…【ゆっくり】,2023-12-29,170860,3400,40,12/30/2023,調査_馴れ初め_20240107:元データ12月,competitor_sheet_archive,https://i.ytimg.com/vi/7iEkaSW9AF8/maxresdefault.jpg,,
Trvs9v77s9E,,2ch馴れ初め日記帳,【2ch馴れ初め】雪予報の夜、PAのトイレで凍えている母娘→田舎へ帰省途中だった俺が車中泊させた結果…【ゆっくり】,2023-12-27,170700,3360,140,12/30/2023,調査_馴れ初め_20240107:元データ12月,competitor_sheet_archive,https://i.ytimg.com/vi/Trvs9v77s9E/maxresdefault.jpg,,
OtDp5VUHMVw,,2ch馴れ初めまとめ,【2ch馴れ初め】俺のたこやき屋に1円玉を握りしめて来店した貧乏少女→たこやきを腹一杯食べさせた結果…【ゆっくり解説】,2023-12-15,168900,4150,80,12/30/2023,調査_馴れ初め_20240107:元データ12月,competitor_sheet_archive,https://i.ytimg.com/vi/OtDp5VUHMVw/maxresdefault.jpg,,
bDEOgmOyjVA,,涙のひと馴れ初め,【2ch 馴れ初め】旅行先の海でタヒのうとしているボロボロの巨◯美女→ホテルでパイ◯みまくった結果….mp4【ゆっくり解説】,2023-12-22,168770,910,30,12/30/2023,調査_馴れ初め_20240107:元データ12月,competitor_sheet_archive,https://i.ytimg.com/vi/bDEOgmOyjVA/maxresdefault.jpg,,
25RLRTk1MCI,,2chほっこり馴れ初め話,【2ch馴れ初め】家が貧乏で音楽を諦めた不良の同級生、母の形見のピアノを譲った結果…【ゆっくり】,2023-12-13,168550,3280,80,12/30/2023,調査_馴れ初め_20240107:元データ12月,competitor_sheet_archive,https://i.ytimg.com/vi/25RLRTk1MCI/maxresdefault.jpg,,
8XTJXAxBHog,,馴れ初めは2chから始まった,【2ch馴れ初め】誰も近寄らない義眼の少女が売る破産寸前ボロボロ和菓子屋→旅館経営する俺が毎日通った結果...【ゆっくり】,2023-12-23,167880,4540,120,12/30/2023,調査_馴れ初め_20240107:元データ12月,competitor_sheet_archive,https://i.ytimg.com/vi/8XTJXAxBHog/maxresdefault.jpg,,
UQFQWgIDIoo,,2ch馴れ初めスレ速報,【2ch馴れ初め】マドンナ的存在の美人部下が会社のビンゴ大会で俺だけに「特別な景品」くれた結果・・・【ゆっくり】,2023-12-16,166860,1450,20,12/30/2023,調査_馴れ初め_20240107:元データ12月,competitor_sheet_archive,https://i.ytimg.com/vi/UQFQWgIDIoo/maxresdefault.jpg,,
xNrNTUhm5Ug,,馴れ初めロマンティック,【2ch 馴れ初め】昔好きだった幼馴染と遭遇→お互い初ラ◯ホで初◯◯しした結果…【ゆっくり解説】,2023-12-29,166630,950,10,12/30/2023,調査_馴れ初め_20240107:元データ12月,competitor_sheet_archive,https://i.ytimg.com/vi/xNrNTUhm5Ug/maxresdefault.jpg,,
t4fd652AOLQ,,2ch純愛物語,【2ch馴れ初め】暴走族総長を隠し学校では陰キャを演じる俺が、苦手な同級生と遭遇してしまった結果…【ゆっくり】,2023-12-27,166100,2670,90,12/30/2023,調査_馴れ初め_20240107:元データ12月,competitor_sheet_archive,https://i.ytimg.com/vi/t4fd652AOLQ/maxresdefault.jpg,,
8ITQd2L5THE,,2ch馴れ初めヒストリー,【2ch馴れ初め】焼肉屋の排気口で白おにぎりを食べている貧乏姉妹 →手伝いさせ焼肉食べ放題をご馳走した結果...【ゆっくり】,2023-12-27,164360,2860,110,12/30/2023,調査_馴れ初め_20240107:元データ12月,competitor_sheet_archive,https://i.ytimg.com/vi/8ITQd2L5THE/maxresdefault.jpg,,
bEU4-ePNKN4,,叡智な馴れ初め物語,【2ch馴れ初め】清楚な嫁が失恋して落ち込んでいたので慰めた結果,2023-12-21,164270,970,00,12/30/2023,調査_馴れ初め_20240107:元データ12月,competitor_sheet_archive,https://i.ytimg.com/vi/bEU4-ePNKN4/maxresdefault.jpg,,
MNIw0D62Oak,,2ch馴れ初めキューピッド,【2ch馴れ初め】真冬の北海道で餓死寸前のボロボロの少女を旅中の俺がキャンピングカーで保護した結果...【ゆっくり】,2023-12-26,163500,3480,30,12/30/2023,調査_馴れ初め_20240107:元データ12月,competitor_sheet_archive,https://i.ytimg.com/vi/MNIw0D62Oak/maxresdefault.jpg,,
ioXGAmdtNrQ,,2chほのぼのちゃんちゃん,【2ch馴れ初め】ひ弱な俺をからかってくるバイト先のギャルが、「童○卒業したら自信つくらしいよ？」と、ロッカールームでささやいた結果…【ゆっくり】,2023-12-25,158050,1010,130,12/30/2023,調査_馴れ初め_20240107:元データ12月,competitor_sheet_archive,https://i.ytimg.com/vi/ioXGAmdtNrQ/maxresdefault.jpg,,
wwCG9ybTwCQ,,2ch馴れ初めまとめ,【2ch馴れ初め】老舗鰻屋で絶品うな重を堪能してたら、他界した親友の姉が助けを求めてきた→放っておけず直ぐに保護した結果…【ゆっくり解説】,2023-03-12,157470,3190,30,12/30/2023,調査_馴れ初め_20240107:元データ12月,competitor_sheet_archive,https://i.ytimg.com/vi/wwCG9ybTwCQ/maxresdefault.jpg,,
XfmvXB0A9sg,,2ch胸キュン馴れ初め,【2ch馴れ初め】行きつけの居酒屋にはいつも俺にだけ冷たい看板娘がいる。居酒屋で忘年会をする事になり女性同僚と話している所を見られたら彼女が突然号泣し…【ゆっくり】,2023-12-25,156190,1950,10,12/30/2023,調査_馴れ初め_20240107:元データ12月,competitor_sheet_archive,https://i.ytimg.com/vi/XfmvXB0A9sg/maxresdefault.jpg,,
dheB4qrNqHg,,2ch馴れ初めプランナー,【2ch馴れ初め】小学生の漢字も読めない不良女→赤点回避のため漢検２級の俺が教える事に…【ゆっくり解説】,2023-12-17,154880,2700,70,12/30/2023,調査_馴れ初め_20240107:元データ12月,competitor_sheet_archive,https://i.ytimg.com/vi/dheB4qrNqHg/maxresdefault.jpg,,
J62ZKKekczc,,思い出のゆっくり2ch,【2ch馴れ初め】「あら？結婚の約束したの忘れちゃったの？」遠くへ引越してしまった近所のお姉さん、11年後…俺のルームシェア相手募集にまさかの,2023-02-12,154390,3500,90,12/30/2023,調査_馴れ初め_20240107:元データ12月,competitor_sheet_archive,https://i.ytimg.com/vi/J62ZKKekczc/maxresdefault.jpg,,
ezrku56jXBc,,思い出のゆっくり2ch,【2ch馴れ初め】「これからは幸せになってほしい！だからさ、妹としてウチに来なよ！」貧乏な毒親を亡くし天涯孤独になった女子高生…常連客の俺が妹として引き取った結果…,2023-12-23,153470,2790,70,12/30/2023,調査_馴れ初め_20240107:元データ12月,competitor_sheet_archive,https://i.ytimg.com/vi/ezrku56jXBc/maxresdefault.jpg,,
4Py8YURa_CE,,馴れ初めは2chから始まった,【2ch馴れ初め】深夜のスーパーにきた貯金箱を持って号泣している言葉が理解できないボロボロの金髪白人少女→元看護師の俺が声をかけた結果...【ゆっくり】,2023-12-22,152940,2950,20,12/30/2023,調査_馴れ初め_20240107:元データ12月,competitor_sheet_archive,https://i.ytimg.com/vi/4Py8YURa_CE/maxresdefault.jpg,,
8nn8byf5jrU,,私たちの馴れ初めTV,【馴れ初め】女医の妻を亡くした俺に、隣に住む美しい母娘が「結婚してください！」思いがけない申し出を受けた俺は...【感動する話】,2023-12-25,152470,1660,00,12/30/2023,調査_馴れ初め_20240107:元データ12月,competitor_sheet_archive,https://i.ytimg.com/vi/8nn8byf5jrU/maxresdefault.jpg,,
oyESznNtRSQ,,2chほっこり馴れ初め話,【2ch馴れ初め】恋人に振られイルミネーションを見ながらやけ酒する俺、近づいてきた猫におつまみをあげた結果…【ゆっくり】,2023-05-12,148350,2870,50,12/30/2023,調査_馴れ初め_20240107:元データ12月,competitor_sheet_archive,https://i.ytimg.com/vi/oyESznNtRSQ/maxresdefault.jpg,,
nhlEdEY6Vq4,,私たちの馴れ初めTV,【馴れ初め】美人の同僚と温泉旅館で相部屋に脱衣場で彼女の秘密が見えると「責任とってもらうわよ」 思わぬ展開に発展し...【感動する話】,2023-12-26,147590,1310,10,12/30/2023,調査_馴れ初め_20240107:元データ12月,competitor_sheet_archive,https://i.ytimg.com/vi/nhlEdEY6Vq4/maxresdefault.jpg,,
N8BBYDI-HE0,,2ch馴れ初め秘話【別館】,【2ch馴れ初め】「行き遅れ」と揶揄される美人熟女上司を酒の勢いで口説いてホテルに行った結果 #恋愛 #2chSS #ラブストーリー #ゆっくり #2ch馴れ初め #スカッと #感動する話,2023-12-23,146550,480,00,12/30/2023,調査_馴れ初め_20240107:元データ12月,competitor_sheet_archive,https://i.ytimg.com/vi/N8BBYDI-HE0/maxresdefault.jpg,,
B_GeWcnCLi4,,2ch 馴れ初め白書,【2ch馴れ初め】閉鎖した病院前で高熱の弟を抱え慌てる不良女→居合わせた医者の俺が応急処置した結果… 【ゆっくり】,2023-12-24,145210,2450,60,12/30/2023,調査_馴れ初め_20240107:元データ12月,competitor_sheet_archive,https://i.ytimg.com/vi/B_GeWcnCLi4/maxresdefault.jpg,,
Z8YuMPXu07M,,2ch 馴れ初め白書,【2ch馴れ初め】毎日試食を持ち帰る市場バイトのヤンチャ娘→店長の俺がデカ盛り海鮮丼をご馳走した結果…【ゆっくり】,2023-11-29,144590,3110,110,12/30/2023,調査_馴れ初め_20240107:元データ12月,competitor_sheet_archive,https://i.ytimg.com/vi/Z8YuMPXu07M/maxresdefault.jpg,,
5-wtXY_OQy0,,2ch馴れ初めスレ速報,【2ch馴れ初め】成長期の美人幼馴染の入浴中にこっそり脱衣所に潜入したらビショビショの下着発見した結果・・・【ゆっくり】,2023-01-12,141740,1310,10,12/30/2023,調査_馴れ初め_20240107:元データ12月,competitor_sheet_archive,https://i.ytimg.com/vi/5-wtXY_OQy0/maxresdefault.jpg,,
Y7MB48UiBQ8,,2ch馴れ初めスレ速報,【2ch馴れ初め】ブルマが似合う美人幼馴染と体育倉庫に閉じ込められ暗闇で◯◯した結果・・・【ゆっくり】,2023-12-14,140970,1440,30,12/30/2023,調査_馴れ初め_20240107:元データ12月,competitor_sheet_archive,https://i.ytimg.com/vi/Y7MB48UiBQ8/maxresdefault.jpg,,
8TXB0g_noSA,,馴れ初めは2chから始まった,【2ch馴れ初め】学校１美しいといわれている不良娘の幼馴染が顔に火傷して醜い姿に…ある日泣いていたので心配で声をかけた結果…【ゆっくり】,2023-11-30,140180,2670,70,12/30/2023,調査_馴れ初め_20240107:元データ12月,competitor_sheet_archive,https://i.ytimg.com/vi/8TXB0g_noSA/maxresdefault.jpg,,
c5IRww_Ibes,,叡智な馴れ初め物語,【2ch馴れ初め総集編】憧れの上司と飲み会後ホ〇ルに行くとまさかの相性抜群だった結果【作業用】,2023-12-20,140140,950,00,12/30/2023,調査_馴れ初め_20240107:元データ12月,competitor_sheet_archive,https://i.ytimg.com/vi/c5IRww_Ibes/maxresdefault.jpg,,
m0uduyBij6w,,2ch馴れ初めクエスト,【2ch馴れ初め】家族行事のBBQ中に肉を焼く俺の前に現れた貧乏少女はお腹が空いているようだったので一緒に食べていきなよと誘った結果【ゆっくり動画】,2023-12-26,139610,3400,30,12/30/2023,調査_馴れ初め_20240107:元データ12月,competitor_sheet_archive,https://i.ytimg.com/vi/m0uduyBij6w/maxresdefault.jpg,,
Ii2YSJ223Io,,2ch馴れ初めスレ速報,【2ch馴れ初め】隠れ巨乳の地味部下に「あなたの子が欲しいです」と馬乗りになられた結果・・・【ゆっくり】,2023-12-13,139040,1420,10,12/30/2023,調査_馴れ初め_20240107:元データ12月,competitor_sheet_archive,https://i.ytimg.com/vi/Ii2YSJ223Io/maxresdefault.jpg,,
0xFg-CNkoMU,,2chほっこり馴れ初め話,【2ch馴れ初め】隣に越してきた元ヤンのシングルマザー、仕事と育児に追われ悩んでいたので助けてあげた結果…【ゆっくり】,2023-12-23,137560,1910,10,12/30/2023,調査_馴れ初め_20240107:元データ12月,competitor_sheet_archive,https://i.ytimg.com/vi/0xFg-CNkoMU/maxresdefault.jpg,,
53ZBT_U9BbY,,2ch馴れ初め日和,【2ch馴れ初め】 繁華街でゴミを拾い集めるボロボロの少女→ピアノ講師の俺が声を掛けた結果…【ゆっくり】,2023-12-26,137110,3140,70,12/30/2023,調査_馴れ初め_20240107:元データ12月,competitor_sheet_archive,https://i.ytimg.com/vi/53ZBT_U9BbY/maxresdefault.jpg,,
8DLTd8IxKUU,,私たちの馴れ初めTV,【馴れ初め】温泉旅館の美人女将とエレベーターに閉じ込められると、女将が驚くことを言い始めました...【感動する話】,2023-12-22,136280,1420,50,12/30/2023,調査_馴れ初め_20240107:元データ12月,competitor_sheet_archive,https://i.ytimg.com/vi/8DLTd8IxKUU/maxresdefault.jpg,,
zofbTLJGaG0,,叡智な馴れ初め物語,【2ch馴れ初め】親の再婚で姉になった美人女性の正体がまさかの…結果,2023-12-24,133500,1080,10,12/30/2023,調査_馴れ初め_20240107:元データ12月,competitor_sheet_archive,https://i.ytimg.com/vi/zofbTLJGaG0/maxresdefault.jpg,,
jqZr5_wlClU,,2chスレ 超有益馴れ初めものがたり,高校生なのに月のお小遣いが100円の少女。屋台のやきそばをたくさん振舞った結果…。,2023-02-12,130400,2830,80,12/30/2023,調査_馴れ初め_20240107:元データ12月,competitor_sheet_archive,https://i.ytimg.com/vi/jqZr5_wlClU/maxresdefault.jpg,,
H-PbIjVmnZs,,2ch馴れ初めで愛を語る,【2ch馴れ初め 総集編】 元ヤン馴れ初め動画6選まとめてみた！ 【作業用】【ゆっくり】,2023-12-23,129640,1200,20,12/30/2023,調査_馴れ初め_20240107:元データ12月,competitor_sheet_archive,https://i.ytimg.com/vi/H-PbIjVmnZs/maxresdefault.jpg,,
_j2wrJIrwYU,,2ch馴れ初めプランナー,【2ch馴れ初め】両親を亡くした幼馴染。毎年誕生日にBBQした海で一人泣いていた→肉屋の俺ん家、家族総出でBBQ実施した結果【ゆっくり解説】,2023-12-21,128390,2520,30,12/30/2023,調査_馴れ初め_20240107:元データ12月,competitor_sheet_archive,https://i.ytimg.com/vi/_j2wrJIrwYU/maxresdefault.jpg,,
1gR4gk21EcQ,,馴れ初めは2chから始まった,【2ch馴れ初め】雪山で息子と無理心中しようとするボロボロシングルマザー→放っておけず保護して家に連れて帰った結果...【ゆっくり】,2023-11-29,126340,3050,50,12/30/2023,調査_馴れ初め_20240107:元データ12月,competitor_sheet_archive,https://i.ytimg.com/vi/1gR4gk21EcQ/maxresdefault.jpg,,
cUR15VsmhU0,,2ch馴れ初めスレ速報,【2ch馴れ初め】駅で助けた桃尻美人女子大生と・・・結果【ゆっくり】,2023-12-29,126300,1300,20,12/30/2023,調査_馴れ初め_20240107:元データ12月,competitor_sheet_archive,https://i.ytimg.com/vi/cUR15VsmhU0/maxresdefault.jpg,,
5W9mdXS3Y5c,,2ch馴れ初めスレ速報,【2ch馴れ初め】有能な美人部下と飲みに行った勢いでまさかの◯◯…恥ずかしすぎてその後大号泣されてしまった結果・・・【ゆっくり】,2023-11-30,126030,980,20,12/30/2023,調査_馴れ初め_20240107:元データ12月,competitor_sheet_archive,https://i.ytimg.com/vi/5W9mdXS3Y5c/maxresdefault.jpg,,
zoAbfxAWyLg,,2ch馴れ初めプランナー,【2ch馴れ初め】超絶ワガママな大家さんの娘を１週間預かる事になった結果【ゆっくり解説】,2023-10-12,125120,2520,60,12/30/2023,調査_馴れ初め_20240107:元データ12月,competitor_sheet_archive,https://i.ytimg.com/vi/zoAbfxAWyLg/maxresdefault.jpg,,
d0ZHHR5z8z4,,2ch馴れ初めハウス,弟の義足を買うために、潰れかけのパン屋を手伝うボロボロの女の子→スーパーの経営者の俺が新店舗に出店依頼した結果【2ch馴れ初め】,2023-12-25,125110,3360,70,12/30/2023,調査_馴れ初め_20240107:元データ12月,competitor_sheet_archive,https://i.ytimg.com/vi/d0ZHHR5z8z4/maxresdefault.jpg,,
VlQ-SEnnfg4,,2ch馴れ初めヒストリー,【2ch馴れ初め】吹雪の中、車が立ち往生しているボロボロ親子 →整備士の俺が助けた結果...【ゆっくり】,2023-12-28,124620,2640,40,12/30/2023,調査_馴れ初め_20240107:元データ12月,competitor_sheet_archive,https://i.ytimg.com/vi/VlQ-SEnnfg4/maxresdefault.jpg,,
LPD9ZvAPHig,,2chスレ 超有益馴れ初めものがたり,俺のことをエッチさんと呼び間違える少女。見かねた俺が訂正を続けた結果…。,2023-03-12,123900,1890,90,12/30/2023,調査_馴れ初め_20240107:元データ12月,competitor_sheet_archive,https://i.ytimg.com/vi/LPD9ZvAPHig/maxresdefault.jpg,,
7Swa579f04s,,馴れ初めは2chから始まった,【2ch馴れ初め】極寒の日に仕事と家を奪われたニットを売る天涯孤独の盲目女性→放っておけず俺が営むうどん屋に住み込みで雇った結果...【ゆっくり】,2023-07-12,122950,3470,50,12/30/2023,調査_馴れ初め_20240107:元データ12月,competitor_sheet_archive,https://i.ytimg.com/vi/7Swa579f04s/maxresdefault.jpg,,
ZC-2WHplaG8,,馴れ初めは2chから始まった,【2ch馴れ初め】母の誕生日に大切なマフラーを持ってショートケーキを買いに来た耳が聞こえないボロボロ少女→今は亡き祖母から継いだホールケーキをご馳走した結果...【ゆっくり】,2023-12-28,122050,2890,30,12/30/2023,調査_馴れ初め_20240107:元データ12月,competitor_sheet_archive,https://i.ytimg.com/vi/ZC-2WHplaG8/maxresdefault.jpg,,
3u2OZTyPCHI,,2ch風馴初め物語,【2ch馴れ初め】幼馴染がじゃんけんで勝負して俺が買ったらパンツくれた！？,2023-02-12,121260,1180,40,12/30/2023,調査_馴れ初め_20240107:元データ12月,competitor_sheet_archive,https://i.ytimg.com/vi/3u2OZTyPCHI/maxresdefault.jpg,,
j7XBcqbi2MQ,,大人の馴れ初め話【2chゆっくり】,【2ch 馴れ初め】ホームレスの爆乳熟女にご飯をごちそうした→熟女「お礼するわ」イッチ「いいんですか？」家に連れて帰った結果【ゆっくり解説】,2023-12-16,120040,930,20,12/30/2023,調査_馴れ初め_20240107:元データ12月,competitor_sheet_archive,https://i.ytimg.com/vi/j7XBcqbi2MQ/maxresdefault.jpg,,
_f0gqUd7Evs,,叡智な馴れ初め物語,【2ch馴れ初め】デカメロンの姉にA〇を見ているのがバレてしまいそのままナデナデしてもらった結果,2023-01-12,119360,1000,10,12/30/2023,調査_馴れ初め_20240107:元データ12月,competitor_sheet_archive,https://i.ytimg.com/vi/_f0gqUd7Evs/maxresdefault.jpg,,
v3de4xap_D4,,思い出のゆっくり2ch,【2ch馴れ初め】「今すぐウチに来い！こんな姿見て放っておけないよ！」毒親から酷い扱いを受ける幼馴染を救い出し、俺の実家に避難させた結果…,2023-12-26,118930,2870,10,12/30/2023,調査_馴れ初め_20240107:元データ12月,competitor_sheet_archive,https://i.ytimg.com/vi/v3de4xap_D4/maxresdefault.jpg,,
ZZRdNAR2eOU,,2ch馴れ初めスレ速報,【2ch馴れ初め】懐いてくる美人部下と夜勤中に事務室で使用済み◯◯を発見してしまったらムチムチの太もも見せつけてきた結果・・・【ゆっくり】,2023-06-12,117740,1150,70,12/30/2023,調査_馴れ初め_20240107:元データ12月,competitor_sheet_archive,https://i.ytimg.com/vi/ZZRdNAR2eOU/maxresdefault.jpg,,
Bt8VQggxVRg,,2ch馴れ初めまとめ,【2ch馴れ初め】食費1カ月1万円生活を送る貧乏母娘→ラーメン屋見習いの俺が毎日まかないのラーメンを届けた結果…【ゆっくり解説】,2023-01-12,114980,2540,50,12/30/2023,調査_馴れ初め_20240107:元データ12月,competitor_sheet_archive,https://i.ytimg.com/vi/Bt8VQggxVRg/maxresdefault.jpg,,
zBdpkI0fzzA,,2ch馴れ初めまとめ,【2ch馴れ初め】極寒の夜、泥酔し公園で寝ていた俺に毛布を掛けてくれた女性ホームレス→お礼に家のお風呂に入れてあげた結果…【ゆっくり解説】,2023-02-12,112830,2430,40,12/30/2023,調査_馴れ初め_20240107:元データ12月,competitor_sheet_archive,https://i.ytimg.com/vi/zBdpkI0fzzA/maxresdefault.jpg,,
FvPkgBa0zOU,,2ch風馴初め物語,【2ch 馴れ初め】パパ活疑惑の美人女子高生がしつこく連絡先を聞いてくるので、「おっ〇い触らせてくれたら」と言ってみた結果…,2023-11-29,112700,970,10,12/30/2023,調査_馴れ初め_20240107:元データ12月,competitor_sheet_archive,https://i.ytimg.com/vi/FvPkgBa0zOU/maxresdefault.jpg,,
_36xpWbQzOc,,2ch馴れ初めスレ速報,【2ch馴れ初め】負けず嫌いの美人同期がデスクの下でひとり遊びに勤しんでいたので俺も負けじと競い合った結果・・・【ゆっくり】,2023-02-12,112390,1170,30,12/30/2023,調査_馴れ初め_20240107:元データ12月,competitor_sheet_archive,https://i.ytimg.com/vi/_36xpWbQzOc/maxresdefault.jpg,,
QtgR4A7UJDI,,思い出のゆっくり2ch,【2ch馴れ初め】「あなたは私を助けてくれたヒーローです…」幼馴染が他界し残された娘…親戚をたらい回しにされ喋れなくなり、俺に助けを求めた結果…,2023-03-12,112230,3060,60,12/30/2023,調査_馴れ初め_20240107:元データ12月,competitor_sheet_archive,https://i.ytimg.com/vi/QtgR4A7UJDI/maxresdefault.jpg,,
D8IeauDPt9k,,2ch馴れ初めエピソード,【2ch馴れ初め】通勤電車でいつも気にしていた女性から突然抱きしめられた結果【ゆっくり解説】,2023-11-30,111670,1310,30,12/30/2023,調査_馴れ初め_20240107:元データ12月,competitor_sheet_archive,https://i.ytimg.com/vi/D8IeauDPt9k/maxresdefault.jpg,,
tf0nqSpWBwM,,2ch 馴れ初め白書,【2ch馴れ初め】深夜のコンビニでお金が足りず号泣する双子姉妹→放っておけずお会計し送り届けた結果… 【ゆっくり】,2023-12-25,111420,2290,50,12/30/2023,調査_馴れ初め_20240107:元データ12月,competitor_sheet_archive,https://i.ytimg.com/vi/tf0nqSpWBwM/maxresdefault.jpg,,
evhnXpp-umY,,2ch馴れ初めスレ速報,【2ch馴れ初め】マドンナ的存在の美人同級生が突然「膝枕して」とねだってきたので全て言われるがままにした結果・・・【ゆっくり】,2023-03-12,108320,1150,30,12/30/2023,調査_馴れ初め_20240107:元データ12月,competitor_sheet_archive,https://i.ytimg.com/vi/evhnXpp-umY/maxresdefault.jpg,,
Pe_dbUgduaE,,2ch 馴れ初め白書,【2ch馴れ初め】 大雨の夜、亡き妻の形見を必死に探してくれた女性ホームレス→お礼に温かいご飯とお風呂を提供した結果…【ゆっくり】,2023-12-26,107270,2280,60,12/30/2023,調査_馴れ初め_20240107:元データ12月,competitor_sheet_archive,https://i.ytimg.com/vi/Pe_dbUgduaE/maxresdefault.jpg,,
66t5emUx5lk,,2ch馴れ初めハウス,公園で倒れていた俺におにぎりをくれた廃業寸前の弁当屋を営む貧乏親子→ヤクザになった俺が毎日大量に買いに行った結果【2ch馴れ初め】,2023-12-27,106940,3190,130,12/30/2023,調査_馴れ初め_20240107:元データ12月,competitor_sheet_archive,https://i.ytimg.com/vi/66t5emUx5lk/maxresdefault.jpg,,
M7N6v8IonBk,,大人の馴れ初め話【2chゆっくり】,【2ch 馴れ初め】幼馴染「抜けない！助けて！」俺「何が！？」→幼馴染の家に速攻行った結果ｗｗｗ【ゆっくり解説】,2023-12-24,106100,720,00,12/30/2023,調査_馴れ初め_20240107:元データ12月,competitor_sheet_archive,https://i.ytimg.com/vi/M7N6v8IonBk/maxresdefault.jpg,,
UkiPUbgq_jY,,思い出のゆっくり2ch,【2ch馴れ初め】子供をおんぶしながら潰れかけのおにぎり屋を必死に営む女性。俺が毎日通い続けた結果・・・,2023-12-21,105380,2900,90,12/30/2023,調査_馴れ初め_20240107:元データ12月,competitor_sheet_archive,https://i.ytimg.com/vi/UkiPUbgq_jY/maxresdefault.jpg,,
EVs5WD7ssXE,,2ch馴れ初め日記帳,【2ch馴れ初め】通勤途中駅の階段の上から突然降ってきたデブス女性→一目惚れされ断れず嫌々デートに付き合った結果…【ゆっくり】,2023-12-28,105040,1700,90,12/30/2023,調査_馴れ初め_20240107:元データ12月,competitor_sheet_archive,https://i.ytimg.com/vi/EVs5WD7ssXE/maxresdefault.jpg,,
gVK28wJCiPc,,私たちの馴れ初めTV,【馴れ初め】俺「お前！浮気してたのか…」彼女をイケメン上司に奪われたら、急に美人上司にベタ惚れされた。妻「ねぇ、ツキ合ってみる？」【感動する話】,2023-12-16,99690,1380,40,12/30/2023,調査_馴れ初め_20240107:元データ12月,competitor_sheet_archive,https://i.ytimg.com/vi/gVK28wJCiPc/maxresdefault.jpg,,
y6r8WAJ5rXM,,2chほっこり馴れ初め話,【2ch馴れ初め】案内提示版の前で途方に暮れる半泣きの女性、急ぎの用事を諦め助けてあげた結果…【ゆっくり】,2023-12-24,98530,1910,80,12/30/2023,調査_馴れ初め_20240107:元データ12月,competitor_sheet_archive,https://i.ytimg.com/vi/y6r8WAJ5rXM/maxresdefault.jpg,,
eWLofbrv4i8,,馴れ初めは2chから始まった,【2ch馴れ初め】雪山で遭難し山小屋で身を寄せ合い誕生日を祝うボロボロ姉妹→発見して家に連れて帰り大家族の俺がみんなで祝った結果..【ゆっくり】,2023-06-12,93850,2050,00,12/30/2023,調査_馴れ初め_20240107:元データ12月,competitor_sheet_archive,https://i.ytimg.com/vi/eWLofbrv4i8/maxresdefault.jpg,,
DGWqhsbFbCg,,馴れ初めは2chから始まった,【2ch馴れ初め】極寒の公園で地面の雪を食べるボロボロ貧乏少女を放っておけず保護してお腹いっぱいケーキとチキンを食べさせた結果...傑作馴れ初め5選【ゆっくり】,2023-11-30,93790,1910,20,12/30/2023,調査_馴れ初め_20240107:元データ12月,competitor_sheet_archive,https://i.ytimg.com/vi/DGWqhsbFbCg/maxresdefault.jpg,,
3k1YaABn628,,2ch馴れ初めプランナー,【2ch馴れ初め】毎日100円のパンしか買わない激やせ外国人→俺が栄養満点の日本食を腹いっぱい食わせた結果【ゆっくり解説】,2023-12-26,93390,1900,20,12/30/2023,調査_馴れ初め_20240107:元データ12月,competitor_sheet_archive,https://i.ytimg.com/vi/3k1YaABn628/maxresdefault.jpg,,
aY3y285OM6M,,2ch 馴れ初め白書,【2ch馴れ初め】 節約の為に毎日昼ご飯を抜く母子家庭の貧乏不良同級生→料理好きの俺が毎日手作り弁当をあげた結果… 【ゆっくり】,2023-12-22,92810,1860,50,12/30/2023,調査_馴れ初め_20240107:元データ12月,competitor_sheet_archive,https://i.ytimg.com/vi/aY3y285OM6M/maxresdefault.jpg,,
5gBduaghUQQ,,2chほのぼのちゃんちゃん,【2ch馴れ初め】宅飲みで酔って雑魚寝していた妹の友達が、突然俺の部屋に来た結果…【ゆっくり】,2023-11-30,92000,600,10,12/30/2023,調査_馴れ初め_20240107:元データ12月,competitor_sheet_archive,https://i.ytimg.com/vi/5gBduaghUQQ/maxresdefault.jpg,,
fAo6x7iK8YA,,2ch馴れ初めまとめ,【2ch馴れ初め】傘を盗まれ豪雨の中、泣きながら夜道を歩く盲目少女→声を掛け家まで送り届けた結果…【ゆっくり解説】,2023-11-29,91430,2530,20,12/30/2023,調査_馴れ初め_20240107:元データ12月,competitor_sheet_archive,https://i.ytimg.com/vi/fAo6x7iK8YA/maxresdefault.jpg,,
sTbLbZWLhZk,,2chほっこり馴れ初め話,【2ch馴れ初め】妻子を失い生きる希望を失った俺、ホームレス女性に声を掛けられた結果…【ゆっくり】,2023-12-17,90060,2060,30,12/30/2023,調査_馴れ初め_20240107:元データ12月,competitor_sheet_archive,https://i.ytimg.com/vi/sTbLbZWLhZk/maxresdefault.jpg,,
FH5Hk0XHku0,,2ch馴れ初め日和,【2ch馴れ初め】冬本番の寒さなのに上着もなく凍える貧乏親子→放っておけず暖を取らせた結果…【ゆっくり】,2023-12-24,89440,2120,00,12/30/2023,調査_馴れ初め_20240107:元データ12月,competitor_sheet_archive,https://i.ytimg.com/vi/FH5Hk0XHku0/maxresdefault.jpg,,
-Nia0K7Usyo,,夜のひと馴れ初め,【2ch 馴れ初め】Lホテルへ頻繁に誘ってくる常連美女人妻3回目で遂に「休憩」した結果【ゆっくり解説】,2023-11-29,87640,530,00,12/30/2023,調査_馴れ初め_20240107:元データ12月,competitor_sheet_archive,https://i.ytimg.com/vi/-Nia0K7Usyo/maxresdefault.jpg,,
Owurz6Uk7kg,,2ch馴れ初め日記帳,【2ch馴れ初め】水泳の授業は常に見学で見下される陰キャの俺→好きな子の前で溺れた人を救い出した結果…【ゆっくり】,2023-12-26,86980,1660,10,12/30/2023,調査_馴れ初め_20240107:元データ12月,competitor_sheet_archive,https://i.ytimg.com/vi/Owurz6Uk7kg/maxresdefault.jpg,,
u4zeP52Rn7g,,叡智な馴れ初め物語,【2ch馴れ初め】DTの俺が姉と「ご褒美」を賭けた真剣勝負をした結果,2023-12-25,86640,810,10,12/30/2023,調査_馴れ初め_20240107:元データ12月,competitor_sheet_archive,https://i.ytimg.com/vi/u4zeP52Rn7g/maxresdefault.jpg,,
ns7u8WhUTlQ,,2ch馴れ初め秘話,【2ch馴れ初め】童●狩りと噂されている美人女教師に俺のハジメテを捧げた結果【新作あり】【恋愛話】【2chSS】【感動する話】【ゆっくり】【総集編】,2023-11-30,86510,760,00,12/30/2023,調査_馴れ初め_20240107:元データ12月,competitor_sheet_archive,https://i.ytimg.com/vi/ns7u8WhUTlQ/maxresdefault.jpg,,
DdTlwTw_-6c,,馴れ初めは2chから始まった,【2ch馴れ初め】極寒の冬山に置き去りにされた餓死寸前の金髪ヤンキー少女→偶然居合わせた俺が家に保護して男飯を振る舞った結果...馴れ初め5選【ゆっくり】,2023-12-27,84510,1670,30,12/30/2023,調査_馴れ初め_20240107:元データ12月,competitor_sheet_archive,https://i.ytimg.com/vi/DdTlwTw_-6c/maxresdefault.jpg,,
f5K7lZctIIA,,2ch純愛物語,【2ch馴れ初めスカッと総集編】灼熱の中ボロボロのリアカーを押しすいかを売る女→海の家を経営する俺が全部買取った結果… 2ch純愛物語 人気動画まとめてみた！総集編【作業用】【ゆっくり】,2023-12-29,82950,1310,10,12/30/2023,調査_馴れ初め_20240107:元データ12月,competitor_sheet_archive,https://i.ytimg.com/vi/f5K7lZctIIA/maxresdefault.jpg,,
-rcXCp9NUS0,,2ch風馴初め物語,【2ch馴れ初め】家庭教師の女子大生が俺の使用済みのティッシュと大量のコン●ームを見ちゃった結果…,2023-03-12,82910,670,00,12/30/2023,調査_馴れ初め_20240107:元データ12月,competitor_sheet_archive,https://i.ytimg.com/vi/-rcXCp9NUS0/maxresdefault.jpg,,
IP1z6w5nEco,,2chほっこり馴れ初め話,【2ch馴れ初め】ガラが悪い男から盲目の美人母を守ろうとする男の子、空手元日本一の俺が助けた結果…【ゆっくり】,2023-12-29,81180,1760,20,12/30/2023,調査_馴れ初め_20240107:元データ12月,competitor_sheet_archive,https://i.ytimg.com/vi/IP1z6w5nEco/maxresdefault.jpg,,
npTdIOS20pA,,大人の馴れ初め話【2chゆっくり】,【2ch 馴れ初め】バキ童だった俺。なぜか女子大生と車中泊することになりそのまま…【ゆっくり解説】,2023-03-12,81070,540,00,12/30/2023,調査_馴れ初め_20240107:元データ12月,competitor_sheet_archive,https://i.ytimg.com/vi/npTdIOS20pA/maxresdefault.jpg,,
XCUWwwczxdI,,2chほっこり馴れ初め話,【2ch馴れ初め】大喧嘩をして疎遠になった幼馴染、久しぶりに連絡すると泣きながら助けてと言われた結果…【ゆっくり】,2023-12-20,80110,2330,40,12/30/2023,調査_馴れ初め_20240107:元データ12月,competitor_sheet_archive,https://i.ytimg.com/vi/XCUWwwczxdI/maxresdefault.jpg,,
TfqwDTD-hKM,,2ch馴れ初メモリアル,【2ch 馴れ初め】クリスマスの深夜２時まで誰かを待っている美少女に、声を掛けたら泣きながら抱き着かれた結果【ゆっくり解説】,2023-12-24,79860,1560,20,12/30/2023,調査_馴れ初め_20240107:元データ12月,competitor_sheet_archive,https://i.ytimg.com/vi/TfqwDTD-hKM/maxresdefault.jpg,,
2qUI8nnEbHg,,2ch馴れ初め純愛ストーリー,【2ch馴れ初め】超エリート校に勤務する元ヤンの俺が男子生徒を→本気を出して助け家まで送り届けた結果…【ゆっくり】,2023-02-12,77190,1300,60,12/30/2023,調査_馴れ初め_20240107:元データ12月,competitor_sheet_archive,https://i.ytimg.com/vi/2qUI8nnEbHg/maxresdefault.jpg,,
lJgp8MVAvm0,,2ch恋する馴れ初め,【2ch馴れ初め】毎日スーパーで半額シールを待つ貧乏双子→廃棄と嘘をつき特盛弁当を渡した結果…【ゆっくり】,2023-12-29,76900,1820,30,12/30/2023,調査_馴れ初め_20240107:元データ12月,competitor_sheet_archive,https://i.ytimg.com/vi/lJgp8MVAvm0/maxresdefault.jpg,,
aAlU0VfQWdw,,2ch馴れ初め名作集,【2ch馴れ初め】超しつこい爆乳美人熟女ストーカーホテルに誘ってヤりまくった結果【ゆっくり】,2023-04-12,74920,350,00,12/30/2023,調査_馴れ初め_20240107:元データ12月,competitor_sheet_archive,https://i.ytimg.com/vi/aAlU0VfQWdw/maxresdefault.jpg,,
R_YyZZ8PvD8,,2ch馴れ初めハウス,姉が双子の妹だけを残し音信不通に→引きこもりの俺が育てることになった結果【馴れ初め2ch】,2023-12-26,73700,1780,90,12/30/2023,調査_馴れ初め_20240107:元データ12月,competitor_sheet_archive,https://i.ytimg.com/vi/R_YyZZ8PvD8/maxresdefault.jpg,,
iE9FhkEnZPA,,叡智な馴れ初め物語,【2ch馴れ初め】お〇呂に入っていると泥酔した超絶美女の姉が凸してきた結果,2023-12-23,73020,790,10,12/30/2023,調査_馴れ初め_20240107:元データ12月,competitor_sheet_archive,https://i.ytimg.com/vi/iE9FhkEnZPA/maxresdefault.jpg,,
jlPbU43pRBY,,馴れ初めは2chから始まった,【2ch馴れ初め】田舎の獣道で挫いた足を引きずって歩く同級生→偶然居合わせた俺がおんぶで家まで運んで治療した結果...傑作5選【ゆっくり】,2023-12-28,72860,1490,00,12/30/2023,調査_馴れ初め_20240107:元データ12月,competitor_sheet_archive,https://i.ytimg.com/vi/jlPbU43pRBY/maxresdefault.jpg,,
xgmx7moFdlI,,私生活の話,【馴れ初め】湘南の海で出会った水着ギャルが、「お兄さんどこ見てるんですか？」俺「えっ？」やり場に困った俺に、妻「この先も見たいですか？」,2023-01-12,72290,80,,12/30/2023,調査_馴れ初め_20240107:元データ12月,competitor_sheet_archive,https://i.ytimg.com/vi/xgmx7moFdlI/maxresdefault.jpg,,
T2pXflSXg2s,,2ch純愛馴れ初め集,【2ch馴れ初め】親子遠足で水筒を握りしめ空腹でいる貧乏親子に、自慢の弁当をお裾分けした結果…【ゆっくり】,2023-11-30,71470,1450,30,12/30/2023,調査_馴れ初め_20240107:元データ12月,competitor_sheet_archive,https://i.ytimg.com/vi/T2pXflSXg2s/maxresdefault.jpg,,
aos8R9zHYhw,,叡智な馴れ初め物語,【2ch馴れ初め】一緒に住む姉の布団の中からマッサージ機が出てきたので理由を聞いた結果,2023-12-20,71410,540,20,12/30/2023,調査_馴れ初め_20240107:元データ12月,competitor_sheet_archive,https://i.ytimg.com/vi/aos8R9zHYhw/maxresdefault.jpg,,
KPUD-HLLeTc,,2ch馴れ初めキューピッド,【2ch馴れ初め】毎日具なしパスタの貧乏不良女におかずをおすそ分けした結果...【ゆっくり】,2023-12-24,71290,1410,20,12/30/2023,調査_馴れ初め_20240107:元データ12月,competitor_sheet_archive,https://i.ytimg.com/vi/KPUD-HLLeTc/maxresdefault.jpg,,
x0BQ6uF2Ngo,,涙のひと馴れ初め,【2ch 馴れ初め】20歳の誕生日にまさかの俺が貰われ子だと判明→その夜妹に◯われて◯ってしまった結果…【ゆっくり解説】,2023-12-16,71210,590,10,12/30/2023,調査_馴れ初め_20240107:元データ12月,competitor_sheet_archive,https://i.ytimg.com/vi/x0BQ6uF2Ngo/maxresdefault.jpg,,
SBosjimR5_E,,夜のひと馴れ初め,【2ch 馴れ初め】ドラッグストアで精力剤を買ったら美人不良少女が泣き出した結果【ゆっくり解説】,2023-12-25,70180,580,10,12/30/2023,調査_馴れ初め_20240107:元データ12月,competitor_sheet_archive,https://i.ytimg.com/vi/SBosjimR5_E/maxresdefault.jpg,,
oX4zNWlsoVU,,2ch馴れ初めーる,台風で畑全滅の俺→貧困少女がどんぐりをくれた結果【ゆっくり】【2ch馴れ初め】,2023-06-12,69550,1820,70,12/30/2023,調査_馴れ初め_20240107:元データ12月,competitor_sheet_archive,https://i.ytimg.com/vi/oX4zNWlsoVU/maxresdefault.jpg,,
PkVVzG2c8fQ,,馴れ初めは2chから始まった,【2ch馴れ初め】持ちが原因で職を失い絶望するシングルマザー→放っておけず近くの旅館経営者の俺が住み込みで雇った結果...傑作5選【ゆっくり】,2023-12-30,69520,1270,00,12/30/2023,調査_馴れ初め_20240107:元データ12月,competitor_sheet_archive,https://i.ytimg.com/vi/PkVVzG2c8fQ/maxresdefault.jpg,,
ow2J_fZG9rk,,ひとつぶの泪,【感動】取引先の美人受付嬢との合コン。一番人気の美女を激怒させてしまった俺→後日、同僚が明かした彼女の過去が…【馴れ初め】,2023-12-20,69120,740,10,12/30/2023,調査_馴れ初め_20240107:元データ12月,competitor_sheet_archive,https://i.ytimg.com/vi/ow2J_fZG9rk/maxresdefault.jpg,,
qNO0ApJ3DoE,,私たちの馴れ初めTV,【馴れ初め】病院に緊急搬送されると美人の女医が俺を優遇。退院の前夜に俺のもとにやってきて、妻「私じゃダメかな...」【感動する話】,2023-12-29,68730,1050,20,12/30/2023,調査_馴れ初め_20240107:元データ12月,competitor_sheet_archive,https://i.ytimg.com/vi/qNO0ApJ3DoE/maxresdefault.jpg,,
by-yLs6Bpk8,,2ch馴れ初めプランナー,【2ch馴れ初め】大雪の日、俺の畑の小屋で凍えているガリガリ親子→畑の様子を見に行った俺が保護した結果【ゆっくり解説】,2023-12-28,67640,1300,30,12/30/2023,調査_馴れ初め_20240107:元データ12月,competitor_sheet_archive,https://i.ytimg.com/vi/by-yLs6Bpk8/maxresdefault.jpg,,
uajg2tFFlMw,,2ch馴れ初めだョ!全員集合,【2ch馴れ初め】水泳大会で着替え中の幼馴染の全裸をガン見した結果結果【ゆっくり】,2023-01-12,66460,350,00,12/30/2023,調査_馴れ初め_20240107:元データ12月,competitor_sheet_archive,https://i.ytimg.com/vi/uajg2tFFlMw/maxresdefault.jpg,,
0rX5irRLKyY,,2chほのぼのちゃんちゃん,【2ch馴れ初め】バニーガールに変身したクラスの喪女が抜群の美女になり、「私、実は肉食だよ？」と、思いっきり俺のアレを食べられた結果…【ゆっくり】,2023-12-28,63410,360,30,12/30/2023,調査_馴れ初め_20240107:元データ12月,competitor_sheet_archive,https://i.ytimg.com/vi/0rX5irRLKyY/maxresdefault.jpg,,
ugmlaGdGMO8,,2ch馴れ初めヒストリー,【2ch馴れ初め】ボロボロで誰も寄りつかない弁当屋で必死に客寄せを頑張る貧乏少女 →土木作業員の俺が常連客になった結果...【ゆっくり】,2023-12-29,63400,1890,40,12/30/2023,調査_馴れ初め_20240107:元データ12月,competitor_sheet_archive,https://i.ytimg.com/vi/ugmlaGdGMO8/maxresdefault.jpg,,
xzbm_9q8tMM,,馴れ初めは2chから始まった,【2ch馴れ初め】子持ちが原因で職を失い家を追い出された無愛想なシングルマザー→実家の惣菜屋で雇った結果...【ゆっくり】,2023-03-12,61750,1790,20,12/30/2023,調査_馴れ初め_20240107:元データ12月,competitor_sheet_archive,https://i.ytimg.com/vi/xzbm_9q8tMM/maxresdefault.jpg,,
8wW8WQxvbi4,,2chスレ 超有益馴れ初めものがたり,名前を聞くとなぜか怒る、遠足中の少女、なだめるためにお菓子をプレゼントした結果…。,2023-12-23,61710,1120,00,12/30/2023,調査_馴れ初め_20240107:元データ12月,competitor_sheet_archive,https://i.ytimg.com/vi/8wW8WQxvbi4/maxresdefault.jpg,,
H2xTofJg64c,,馴れ初めは2chから始まった,【2ch馴れ初め】知り合いの経営者から頼まれ断れず暴食デブスな女の子を無理やり預けられ面倒をみることになった結果...【ゆっくり】,2023-12-25,54120,1200,10,12/30/2023,調査_馴れ初め_20240107:元データ12月,competitor_sheet_archive,https://i.ytimg.com/vi/H2xTofJg64c/maxresdefault.jpg,,
2btdmlhVSpY,,2chほのぼのちゃんちゃん,【2ch馴れ初め】トイレの前でひとりグッズを落とした女性社員に、もっと気持ちいい方法を教えた結果…【ゆっくり】,2023-12-23,52870,540,10,12/30/2023,調査_馴れ初め_20240107:元データ12月,competitor_sheet_archive,https://i.ytimg.com/vi/2btdmlhVSpY/maxresdefault.jpg,,
okPnvODsQws,,2ch馴れ初めだョ!全員集合,【2ch馴れ初め】32歳童〇の俺が幼馴染にDT捨てさせてと土下座でお願いした結果【ゆっくり】,2023-11-29,51410,300,10,12/30/2023,調査_馴れ初め_20240107:元データ12月,competitor_sheet_archive,https://i.ytimg.com/vi/okPnvODsQws/maxresdefault.jpg,,
dYRlfX3-ZfQ,,2ch風馴初め物語,【2ch 馴れ初め】美人女上司と不〇行為中をおっ〇いが大きい同僚に見られた結果…,2023-12-12,51140,540,00,12/30/2023,調査_馴れ初め_20240107:元データ12月,competitor_sheet_archive,https://i.ytimg.com/vi/dYRlfX3-ZfQ/maxresdefault.jpg,,
DPHip2qeuYE,,2ch馴れ初め秘話【別館】,【2ch馴れ初め】SNSの人気エ●垢の正体がまさかの隣人…スマホ画面を見せて確認した結果 #恋愛 #2chSS #ラブストーリー #ゆっくり #2ch馴れ初め #スカッと #感動する話,2023-12-24,50790,290,00,12/30/2023,調査_馴れ初め_20240107:元データ12月,competitor_sheet_archive,https://i.ytimg.com/vi/DPHip2qeuYE/maxresdefault.jpg,,
abGE2qdAazs,,叡智な馴れ初め物語,【2ch馴れ初め】ずっと想いを隠してきた姉に寝言で告白してしまった結果,2023-12-26,49860,580,10,12/30/2023,調査_馴れ初め_20240107:元データ12月,competitor_sheet_archive,https://i.ytimg.com/vi/abGE2qdAazs/maxresdefault.jpg,,
MQ9QujGjdKo,,馴れ初めは2chから始まった,【2ch馴れ初め】隣に引っ越してきた生活保護を受けるガリガリ外国人貧乏親子→和食のフルコースを振る舞った結果…【ゆっくり】,2023-12-27,49610,1310,10,12/30/2023,調査_馴れ初め_20240107:元データ12月,competitor_sheet_archive,https://i.ytimg.com/vi/MQ9QujGjdKo/maxresdefault.jpg,,
9xsWAapmTek,,2chほっこり馴れ初め話,【2ch馴れ初め】突然別れを切り出した彼女、納得できず家に押しかけると衝撃の事実を知った結果…【ゆっくり】,2023-11-29,49270,1380,50,12/30/2023,調査_馴れ初め_20240107:元データ12月,competitor_sheet_archive,https://i.ytimg.com/vi/9xsWAapmTek/maxresdefault.jpg,,
HDht2TbqVFY,,2ch馴れ初め秘話,【2ch馴れ初め】義妹にデレデレな俺に嫉妬した義姉が 私にもチューしろと迫り、欲望が爆発した結果【新作あり】#恋愛話 #2chSS #感動する話 #ゆっくり #スカッと #2ch馴れ初め,2023-12-29,48750,480,10,12/30/2023,調査_馴れ初め_20240107:元データ12月,competitor_sheet_archive,https://i.ytimg.com/vi/HDht2TbqVFY/maxresdefault.jpg,,
FIPyWaXA7iA,,2ch 馴れ初め白書,【2ch 馴れ初め感動総集編】 親に捨てられ親戚中で邪魔者扱いされる足が不自由な少女→酪農家の俺が引き取った結果… 2ch馴れ初め白書 人気馴れ初め動画まとめてみた！総集編 【作業用】【ゆっくり】,2023-12-29,48300,790,10,12/30/2023,調査_馴れ初め_20240107:元データ12月,competitor_sheet_archive,https://i.ytimg.com/vi/FIPyWaXA7iA/maxresdefault.jpg,,
q7cBTs-wI24,,2ch風馴初め物語,【2ch馴れ初め】学校一大人しい女の子が、モブキャラの俺を陰から見てストーキングしてた結果…,2023-04-12,47920,720,40,12/30/2023,調査_馴れ初め_20240107:元データ12月,competitor_sheet_archive,https://i.ytimg.com/vi/q7cBTs-wI24/maxresdefault.jpg,,
rm6zWWyRDlA,,2ch馴れ初めエピソード,【2ch馴れ初め】ド田舎で潰れかけの美人女将が1人で営む小料理屋に通い続けた結果【ゆっくり解説】,2023-12-12,47530,680,10,12/30/2023,調査_馴れ初め_20240107:元データ12月,competitor_sheet_archive,https://i.ytimg.com/vi/rm6zWWyRDlA/maxresdefault.jpg,,
ICjEZkKR72A,,私たちの馴れ初めTV,【馴れ初め★総集編】姉が他界して小学校3年生の姪を引き取ると、美人の幼馴染が俺の家に上がり込んできて、妻「嫁になるね」と言って...【感動する話】,2023-12-24,46240,490,00,12/30/2023,調査_馴れ初め_20240107:元データ12月,competitor_sheet_archive,https://i.ytimg.com/vi/ICjEZkKR72A/maxresdefault.jpg,,
dLuStMD3drA,,2ch馴れ初めエピソード,【2ch馴れ初め】1人カラオケしていたら泥酔グラマー女性が乱入してきた結果【ゆっくり解説】,2023-12-20,45020,750,20,12/30/2023,調査_馴れ初め_20240107:元データ12月,competitor_sheet_archive,https://i.ytimg.com/vi/dLuStMD3drA/maxresdefault.jpg,,
Nt4hQk-lIgU,,感動の馴れ初めばなし,【2ch馴れ初め】極寒の晩、失くした財布を届けてくれた難聴の女→お礼に揚げたて唐揚げをご馳走した結果…【伝説のスレ】,2023-12-26,44910,1420,10,12/30/2023,調査_馴れ初め_20240107:元データ12月,competitor_sheet_archive,https://i.ytimg.com/vi/Nt4hQk-lIgU/maxresdefault.jpg,,
cPr-BIFAVsc,,2ch馴れ初め日記帳,【2ch馴れ初め】終電で乗り過ごし車掌に起こされた俺→不眠症の美女に添い寝して欲しいと言われた結果…【ゆっくり】,2023-12-24,43500,1100,10,12/30/2023,調査_馴れ初め_20240107:元データ12月,competitor_sheet_archive,https://i.ytimg.com/vi/cPr-BIFAVsc/maxresdefault.jpg,,
WgIe-4zDy_c,,2chほのぼのちゃんちゃん,【2ch馴れ初め】美人の年下上司が泥酔し俺の部屋で見ちゃいけないものを発見し、「これってどうやって使うの」なんて、わかっているくせにニヤニヤしてきた結果…【ゆっくり】,2023-12-26,42930,500,50,12/30/2023,調査_馴れ初め_20240107:元データ12月,competitor_sheet_archive,https://i.ytimg.com/vi/WgIe-4zDy_c/maxresdefault.jpg,,
F-FQiHNU4EM,,2ch馴れ初めーる,真冬の公園で娘の誕生日を祝う貧乏親子→おでん屋台の俺がおすそ分けした結果【ゆっくり】【2ch馴れ初め】,2023-12-12,42260,1490,40,12/30/2023,調査_馴れ初め_20240107:元データ12月,competitor_sheet_archive,https://i.ytimg.com/vi/F-FQiHNU4EM/maxresdefault.jpg,,
WFxVg3OYwIo,,馴れ初めは2chから始まった,【2ch馴れ初め】妹のために仕送りをする公園の水で腹を満たす生活保護を受ける学校１の不良少女に、プロの料理人を目指している俺が得意料理を作ってあげた結果...【ゆっくり】,2023-12-29,41470,1160,30,12/30/2023,調査_馴れ初め_20240107:元データ12月,competitor_sheet_archive,https://i.ytimg.com/vi/WFxVg3OYwIo/maxresdefault.jpg,,
5ahBqgAij2s,,夜のひと馴れ初め,【2ch 馴れ初め】バス停で美人ヤンキーを助けたら激カワストーカーになった結果【ゆっくり解説】,2023-12-24,40240,300,10,12/30/2023,調査_馴れ初め_20240107:元データ12月,competitor_sheet_archive,https://i.ytimg.com/vi/5ahBqgAij2s/maxresdefault.jpg,,
vGB-FT8MhBY,,2ch馴れ初めストーリー 1170万の瞬間,【2ch 馴れ初め】中学時代にいじめられていた俺、社会人になっていじめっこと再会し、立場逆転して、結婚することになった話。,2023-12-15,38350,520,00,12/30/2023,調査_馴れ初め_20240107:元データ12月,competitor_sheet_archive,https://i.ytimg.com/vi/vGB-FT8MhBY/maxresdefault.jpg,,
cpnAoxm8yJY,,夜のひと馴れ初め,【2ch 馴れ初め】夜勤中の美人熟女看護師に 1人処理を見られた結果【ゆっくり解説】,2023-12-13,38340,370,10,12/30/2023,調査_馴れ初め_20240107:元データ12月,competitor_sheet_archive,https://i.ytimg.com/vi/cpnAoxm8yJY/maxresdefault.jpg,,
5Lc7TRCBkVk,,大人の馴れ初め話【2chゆっくり】,【2ch 馴れ初め】家に入れず泣いてる爆乳美女→俺「家来る？」美女「いいの？」→この後、 滅茶苦茶ヤッタｗｗｗ【ゆっくり解説】,2023-12-27,38110,340,20,12/30/2023,調査_馴れ初め_20240107:元データ12月,competitor_sheet_archive,https://i.ytimg.com/vi/5Lc7TRCBkVk/maxresdefault.jpg,,
55ASXtV_LmI,,2ch馴れ初め天国,【2ch馴れ初め】不倫した元嫁の弁護士が慰謝料を請求してきたので「俺も弁護士だ」と伝えた結果,2023-01-12,37280,340,00,12/30/2023,調査_馴れ初め_20240107:元データ12月,competitor_sheet_archive,https://i.ytimg.com/vi/55ASXtV_LmI/maxresdefault.jpg,,
ZIkXhkqW2Fo,,2ch馴れ初めだョ!全員集合,【2ch馴れ初め】家庭教師のJDに大量の使用済ティッシュを見られオ〇ニーがバレた結果【ゆっくり】,2023-05-12,36390,280,10,12/30/2023,調査_馴れ初め_20240107:元データ12月,competitor_sheet_archive,https://i.ytimg.com/vi/ZIkXhkqW2Fo/maxresdefault.jpg,,
2uk8znSmTiE,UCGAn8ks-dTNfJK7i9LgSBvQ,2ch馴れ初めで愛を語る,【2ch馴れ初め】閉店間際のラーメン屋でタダ券で頼んだミニ炒飯を2人で分け合う親子に俺が大盛りのラーメンをご馳走した結果…,2023-10-01,6900280,85370,4730,2024-01-07,調査_馴れ初め_20240107:動画_ 2ch馴れ初めで愛を語る,competitor_sheet_archive,https://i.ytimg.com/vi/2uk8znSmTiE/maxresdefault.jpg,,
pnaQvMMZ6aw,UCGAn8ks-dTNfJK7i9LgSBvQ,2ch馴れ初めで愛を語る,【2ch馴れ初め】大人が使うアレが抜けないと泣いて電話してきた幼馴染 俺が引っ張って助けた結果,2023-08-28,4920050,21880,450,2024-01-07,調査_馴れ初め_20240107:動画_ 2ch馴れ初めで愛を語る,competitor_sheet_archive,https://i.ytimg.com/vi/pnaQvMMZ6aw/maxresdefault.jpg,,
KsNJwr1O02c,UCGAn8ks-dTNfJK7i9LgSBvQ,2ch馴れ初めで愛を語る,【2ch馴れ初め】不倫して出て行った元嫁の代償として 元嫁の姉が自宅に押しかけて来て毎日お世話してくれた結果,2023-09-28,4063950,10800,290,2024-01-07,調査_馴れ初め_20240107:動画_ 2ch馴れ初めで愛を語る,competitor_sheet_archive,https://i.ytimg.com/vi/KsNJwr1O02c/maxresdefault.jpg,,
IoPopVjcu_k,UCGAn8ks-dTNfJK7i9LgSBvQ,2ch馴れ初めで愛を語る,【2ch馴れ初め】妻子を失い地獄の日々を送る俺 公園で独り晩酌中現れたボロボロ少女につまみのたこ焼きを振舞った結果,2023-10-15,4041730,39240,2360,2024-01-07,調査_馴れ初め_20240107:動画_ 2ch馴れ初めで愛を語る,competitor_sheet_archive,https://i.ytimg.com/vi/IoPopVjcu_k/maxresdefault.jpg,,
23FussXhqUM,UCGAn8ks-dTNfJK7i9LgSBvQ,2ch馴れ初めで愛を語る,【2ch馴れ初め】勧誘がしつこい生保レディに パン〇をくれたら契約すると追い払った結果・・・,2023-09-04,3413300,22600,1590,2024-01-07,調査_馴れ初め_20240107:動画_ 2ch馴れ初めで愛を語る,competitor_sheet_archive,https://i.ytimg.com/vi/23FussXhqUM/maxresdefault.jpg,,
gkN6BL3CrwE,UCGAn8ks-dTNfJK7i9LgSBvQ,2ch馴れ初めで愛を語る,【2ch馴れ初め】余命半年で入院する天涯孤独の俺に 看護師の幼馴染が毎晩お世話してくれた結果,2023-09-16,3089730,13190,290,2024-01-07,調査_馴れ初め_20240107:動画_ 2ch馴れ初めで愛を語る,competitor_sheet_archive,https://i.ytimg.com/vi/gkN6BL3CrwE/maxresdefault.jpg,,
uIQL4iNtkmg,UCGAn8ks-dTNfJK7i9LgSBvQ,2ch馴れ初めで愛を語る,【2ch馴れ初め】発育がいいのにブラをつけてない同じクラスの貧乏女子 姉のブ〇ジャーをプレゼントした結果,2023-10-03,3082200,26830,900,2024-01-07,調査_馴れ初め_20240107:動画_ 2ch馴れ初めで愛を語る,competitor_sheet_archive,https://i.ytimg.com/vi/uIQL4iNtkmg/maxresdefault.jpg,,
nxOpyakt4QU,UCGAn8ks-dTNfJK7i9LgSBvQ,2ch馴れ初めで愛を語る,【2ch馴れ初め】極寒の夜のコンビニ駐車場で凍えるボロボロの貧乏母娘 →温かいお風呂と自慢の手料理を振舞った結果,2023-12-15,2601370,18520,650,2024-01-07,調査_馴れ初め_20240107:動画_ 2ch馴れ初めで愛を語る,competitor_sheet_archive,https://i.ytimg.com/vi/nxOpyakt4QU/maxresdefault.jpg,,
fZQ1WuWk_oA,UCGAn8ks-dTNfJK7i9LgSBvQ,2ch馴れ初めで愛を語る,【2ch馴れ初め】釣り仲間のヤクザの組長に気に入られ 娘をもらってくれないかと頼まれた結果,2023-10-21,2356510,12140,430,2024-01-07,調査_馴れ初め_20240107:動画_ 2ch馴れ初めで愛を語る,competitor_sheet_archive,https://i.ytimg.com/vi/fZQ1WuWk_oA/maxresdefault.jpg,,
CnDqU4wuiOw,UCGAn8ks-dTNfJK7i9LgSBvQ,2ch馴れ初めで愛を語る,【2ch馴れ初め】悪性リンパ腫で余命３ヶ月と宣告されたシングルファーザーの俺 娘を1人残して逝けないので幼馴染に連絡した結果,2023-10-08,2251070,18320,660,2024-01-07,調査_馴れ初め_20240107:動画_ 2ch馴れ初めで愛を語る,competitor_sheet_archive,https://i.ytimg.com/vi/CnDqU4wuiOw/maxresdefault.jpg,,
ZQftYwRyu_k,UCGAn8ks-dTNfJK7i9LgSBvQ,2ch馴れ初めで愛を語る,【2ch馴れ初め】掃除代行サービス頼んだら幼馴染が担当に 下の処理もお願いしてみた結果,2023-08-25,2077740,10530,190,2024-01-07,調査_馴れ初め_20240107:動画_ 2ch馴れ初めで愛を語る,competitor_sheet_archive,https://i.ytimg.com/vi/ZQftYwRyu_k/maxresdefault.jpg,,
oRq2PiuSYe4,UCGAn8ks-dTNfJK7i9LgSBvQ,2ch馴れ初めで愛を語る,【2ch馴れ初め】デブで豚扱いされていた俺 → 学校一の不良女に毎日ガン飛ばされた結果,2023-11-03,2016650,19480,780,2024-01-07,調査_馴れ初め_20240107:動画_ 2ch馴れ初めで愛を語る,competitor_sheet_archive,https://i.ytimg.com/vi/oRq2PiuSYe4/maxresdefault.jpg,,
MAwEBWPEMoc,UCGAn8ks-dTNfJK7i9LgSBvQ,2ch馴れ初めで愛を語る,【2ch馴れ初め】深夜のコンビニで泥酔したキャバ嬢に絡まれ そのまま同棲することになった結果,2023-11-05,1899950,7650,190,2024-01-07,調査_馴れ初め_20240107:動画_ 2ch馴れ初めで愛を語る,competitor_sheet_archive,https://i.ytimg.com/vi/MAwEBWPEMoc/maxresdefault.jpg,,
RRQ4Zvf_guw,UCGAn8ks-dTNfJK7i9LgSBvQ,2ch馴れ初めで愛を語る,【2ch馴れ初め】登山中遭難した見ず知らずの女性を助け ２人で１つの寝袋で寝た結果,2023-09-10,1863900,7500,120,2024-01-07,調査_馴れ初め_20240107:動画_ 2ch馴れ初めで愛を語る,competitor_sheet_archive,https://i.ytimg.com/vi/RRQ4Zvf_guw/maxresdefault.jpg,,
TZWjzRBnnsg,UCGAn8ks-dTNfJK7i9LgSBvQ,2ch馴れ初めで愛を語る,【2ch馴れ初め】全国模試１位のヤンキーが学校で陰キャを演じてたら ドベギャルに「あんた、教科書と結婚したら」とバカにされた結果,2023-12-13,1786730,13740,310,2024-01-07,調査_馴れ初め_20240107:動画_ 2ch馴れ初めで愛を語る,competitor_sheet_archive,https://i.ytimg.com/vi/TZWjzRBnnsg/maxresdefault.jpg,,
dLVFiPLle1U,UCGAn8ks-dTNfJK7i9LgSBvQ,2ch馴れ初めで愛を語る,【2ch馴れ初め】修学旅行中、子供用の下着を着ける貧乏女子がバカにされていたので 裁縫が得意な俺が助けた結果,2023-12-12,1724710,17520,500,2024-01-07,調査_馴れ初め_20240107:動画_ 2ch馴れ初めで愛を語る,competitor_sheet_archive,https://i.ytimg.com/vi/dLVFiPLle1U/maxresdefault.jpg,,
2t09dZbWwI4,UCGAn8ks-dTNfJK7i9LgSBvQ,2ch馴れ初めで愛を語る,【2ch馴れ初め】娘が実は他界した兄の子で、俺はずっと独身だと元ヤンキー保育士にバレた→いつも怖かったのに優しくなりデートすることになった結果,2023-10-13,1701730,15360,390,2024-01-07,調査_馴れ初め_20240107:動画_ 2ch馴れ初めで愛を語る,competitor_sheet_archive,https://i.ytimg.com/vi/2t09dZbWwI4/maxresdefault.jpg,,
r413kNJqGhI,UCGAn8ks-dTNfJK7i9LgSBvQ,2ch馴れ初めで愛を語る,【2ch馴れ初め】偏差値30の不良女に頼まれて ガリ勉の陰キャが毎日勉強を教えた結果,2023-11-06,1507260,13910,630,2024-01-07,調査_馴れ初め_20240107:動画_ 2ch馴れ初めで愛を語る,competitor_sheet_archive,https://i.ytimg.com/vi/r413kNJqGhI/maxresdefault.jpg,,
ud2T2rk3kaY,UCGAn8ks-dTNfJK7i9LgSBvQ,2ch馴れ初めで愛を語る,【2ch馴れ初め】母のたこ焼き屋を手伝うぼろぼろの双子姉妹→零細企業社長の俺が差し入れ用に大量に買った結果,2023-12-22,1419590,15830,430,2024-01-07,調査_馴れ初め_20240107:動画_ 2ch馴れ初めで愛を語る,competitor_sheet_archive,https://i.ytimg.com/vi/ud2T2rk3kaY/maxresdefault.jpg,,
9CLAf6s36tI,UCGAn8ks-dTNfJK7i9LgSBvQ,2ch馴れ初めで愛を語る,【2ch馴れ初め】デカメロン丸出しの幼馴染に誘惑されて10年ぶりに一緒にお風呂に入った結果,2023-09-26,1373160,5890,110,2024-01-07,調査_馴れ初め_20240107:動画_ 2ch馴れ初めで愛を語る,competitor_sheet_archive,https://i.ytimg.com/vi/9CLAf6s36tI/maxresdefault.jpg,,
TaCDTr3Y0Hg,UCGAn8ks-dTNfJK7i9LgSBvQ,2ch馴れ初めで愛を語る,【2ch馴れ初め】豪雪の夜、薪を一人で買いに来る少女→重そうなので一緒に家まで運んだ結果,2023-12-21,1366200,17670,700,2024-01-07,調査_馴れ初め_20240107:動画_ 2ch馴れ初めで愛を語る,competitor_sheet_archive,https://i.ytimg.com/vi/TaCDTr3Y0Hg/maxresdefault.jpg,,
_eC6er2YqkU,UCGAn8ks-dTNfJK7i9LgSBvQ,2ch馴れ初めで愛を語る,【2ch馴れ初め】皆が恐れる１人ぼっちのヤンキー女 陰キャの俺が修学旅行中一緒に観光した結果,2023-11-21,1363340,8530,110,2024-01-07,調査_馴れ初め_20240107:動画_ 2ch馴れ初めで愛を語る,competitor_sheet_archive,https://i.ytimg.com/vi/_eC6er2YqkU/maxresdefault.jpg,,
wJ5nX0lcy1I,UCGAn8ks-dTNfJK7i9LgSBvQ,2ch馴れ初めで愛を語る,【2ch馴れ初め】ビール片手に帰宅中、お腹を空かせたボロボロの姉妹を発見→つまみの焼き鳥をお裾分けした結果,2023-10-11,1317580,16600,450,2024-01-07,調査_馴れ初め_20240107:動画_ 2ch馴れ初めで愛を語る,competitor_sheet_archive,https://i.ytimg.com/vi/wJ5nX0lcy1I/maxresdefault.jpg,,
Ml62vUkcaDg,UCGAn8ks-dTNfJK7i9LgSBvQ,2ch馴れ初めで愛を語る,【2ch馴れ初め】閉店間際のおにぎり屋に10円玉を握りしめてきたボロボロの少女 天涯孤独の俺が具沢山の大きなおむすびをご馳走した結果,2023-09-27,1300700,13120,320,2024-01-07,調査_馴れ初め_20240107:動画_ 2ch馴れ初めで愛を語る,competitor_sheet_archive,https://i.ytimg.com/vi/Ml62vUkcaDg/maxresdefault.jpg,,
V02h9TeFTc8,UCGAn8ks-dTNfJK7i9LgSBvQ,2ch馴れ初めで愛を語る,【2ch馴れ初め】100万持ってやって来たガリガリの少女に廃業寸前のラーメン屋の俺が愛情たっぷりのラーメンを提供した結果,2023-12-03,1289110,13500,760,2024-01-07,調査_馴れ初め_20240107:動画_ 2ch馴れ初めで愛を語る,competitor_sheet_archive,https://i.ytimg.com/vi/V02h9TeFTc8/maxresdefault.jpg,,
Z6UAwFmF23A,UCGAn8ks-dTNfJK7i9LgSBvQ,2ch馴れ初めで愛を語る,【2ch馴れ初め】数年前女性を助けて腕に傷が残っている陰キャな俺→なぜか妹友人の美人モデルが食いついてきた結果,2023-12-18,1236160,8920,140,2024-01-07,調査_馴れ初め_20240107:動画_ 2ch馴れ初めで愛を語る,competitor_sheet_archive,https://i.ytimg.com/vi/Z6UAwFmF23A/maxresdefault.jpg,,
wAqGZFzSWT8,UCGAn8ks-dTNfJK7i9LgSBvQ,2ch馴れ初めで愛を語る,【2ch馴れ初め】前世を思い出した俺が 前世の嫁に会いに行った結果,2023-09-13,1233540,17600,770,2024-01-07,調査_馴れ初め_20240107:動画_ 2ch馴れ初めで愛を語る,competitor_sheet_archive,https://i.ytimg.com/vi/wAqGZFzSWT8/maxresdefault.jpg,,
2GNbpu39jW0,UCGAn8ks-dTNfJK7i9LgSBvQ,2ch馴れ初めで愛を語る,【2ch馴れ初め】夜の山道でバイクが故障し困ってるレディース総長 助けたらなぜか同棲する事になった結果,2023-12-01,1217250,10010,180,2024-01-07,調査_馴れ初め_20240107:動画_ 2ch馴れ初めで愛を語る,competitor_sheet_archive,https://i.ytimg.com/vi/2GNbpu39jW0/maxresdefault.jpg,,
f12NZV9Cl08,UCGAn8ks-dTNfJK7i9LgSBvQ,2ch馴れ初めで愛を語る,【2ch馴れ初め】家政婦呼んだら元ヤンで意地悪な女上司が現れ 副業禁止なのに働いてる事情を知って協力することになった結果,2023-11-28,1211770,10090,270,2024-01-07,調査_馴れ初め_20240107:動画_ 2ch馴れ初めで愛を語る,competitor_sheet_archive,https://i.ytimg.com/vi/f12NZV9Cl08/maxresdefault.jpg,,
Ss_ftmP6Jog,UCGAn8ks-dTNfJK7i9LgSBvQ,2ch馴れ初めで愛を語る,【2ch馴れ初め】暴走族総長を隠す陰キャな俺 好きな子が不良に絡まれていたので本気出した結果,2023-11-08,1207270,7850,310,2024-01-07,調査_馴れ初め_20240107:動画_ 2ch馴れ初めで愛を語る,competitor_sheet_archive,https://i.ytimg.com/vi/Ss_ftmP6Jog/maxresdefault.jpg,,
utpoDQYKNsI,UCGAn8ks-dTNfJK7i9LgSBvQ,2ch馴れ初めで愛を語る,【2ch馴れ初め】目が合っただけで「好き」と勘違いされ、学校一のデブに狙われた陰キャな俺 あまりに一生懸命だったのでデートしてみた結果,2023-12-06,1198180,9340,420,2024-01-07,調査_馴れ初め_20240107:動画_ 2ch馴れ初めで愛を語る,competitor_sheet_archive,https://i.ytimg.com/vi/utpoDQYKNsI/maxresdefault.jpg,,
HoqbkGlpZhg,UCGAn8ks-dTNfJK7i9LgSBvQ,2ch馴れ初めで愛を語る,【2ch馴れ初め】水泳教室の怖い元ヤン美人先生に 娘が亡き姉の子で俺は独身だとバレた結果,2023-12-08,1183870,11520,160,2024-01-07,調査_馴れ初め_20240107:動画_ 2ch馴れ初めで愛を語る,competitor_sheet_archive,https://i.ytimg.com/vi/HoqbkGlpZhg/maxresdefault.jpg,,
AKWCYtkFF2U,UCGAn8ks-dTNfJK7i9LgSBvQ,2ch馴れ初めで愛を語る,【2ch馴れ初め総集編】見たら元気になる馴れ初め 7選 まとめてみた！【作業用】【ゆっくり】,2023-10-12,1107840,7060,120,2024-01-07,調査_馴れ初め_20240107:動画_ 2ch馴れ初めで愛を語る,competitor_sheet_archive,https://i.ytimg.com/vi/AKWCYtkFF2U/maxresdefault.jpg,,
1_guXl06e3o,UCGAn8ks-dTNfJK7i9LgSBvQ,2ch馴れ初めで愛を語る,【2ch馴れ初め】駅でぐったりしている妊婦を放っておけず 大事なプレゼンをすっぽかして助けた結果,2023-10-22,1040980,9610,310,2024-01-07,調査_馴れ初め_20240107:動画_ 2ch馴れ初めで愛を語る,competitor_sheet_archive,https://i.ytimg.com/vi/1_guXl06e3o/maxresdefault.jpg,,
aG9Y45LuS7w,UCGAn8ks-dTNfJK7i9LgSBvQ,2ch馴れ初めで愛を語る,【2ch馴れ初め】難病の少女を救うため ホームレスの俺が馬鹿にされながらも空き缶を本気で集めた結果,2023-11-30,987820,16530,800,2024-01-07,調査_馴れ初め_20240107:動画_ 2ch馴れ初めで愛を語る,competitor_sheet_archive,https://i.ytimg.com/vi/aG9Y45LuS7w/maxresdefault.jpg,,
OW-rhtbm8Ac,UCGAn8ks-dTNfJK7i9LgSBvQ,2ch馴れ初めで愛を語る,【2ch馴れ初め】ファミレスで1つの皿を注文したがお金が払えず泣いているボロボロの母娘を発見 ご馳走して俺の自宅に保護した結果,2023-08-31,956560,8250,100,2024-01-07,調査_馴れ初め_20240107:動画_ 2ch馴れ初めで愛を語る,competitor_sheet_archive,https://i.ytimg.com/vi/OW-rhtbm8Ac/maxresdefault.jpg,,
Y709cyn4acE,UCGAn8ks-dTNfJK7i9LgSBvQ,2ch馴れ初めで愛を語る,【2ch馴れ初め】親の再婚で出来た可愛い義妹のピンチに陰キャのフリしてた最強ヤンキーの俺が本気を出した結果,2023-10-29,868570,7960,270,2024-01-07,調査_馴れ初め_20240107:動画_ 2ch馴れ初めで愛を語る,competitor_sheet_archive,https://i.ytimg.com/vi/Y709cyn4acE/maxresdefault.jpg,,
BRjctgLh1ik,UCGAn8ks-dTNfJK7i9LgSBvQ,2ch馴れ初めで愛を語る,【2ch馴れ初め】昔助けたレディース総長が 入院先で美人看護師になっていて毎日ご奉仕してくれた結果,2023-11-11,853000,6210,250,2024-01-07,調査_馴れ初め_20240107:動画_ 2ch馴れ初めで愛を語る,competitor_sheet_archive,https://i.ytimg.com/vi/BRjctgLh1ik/maxresdefault.jpg,,
FA7SmTmkZzY,UCGAn8ks-dTNfJK7i9LgSBvQ,2ch馴れ初めで愛を語る,【2ch馴れ初め】貧乏で修学旅行に行けないヤンキー女子高生に給料全部あげた結果,2023-12-26,846040,6820,80,2024-01-07,調査_馴れ初め_20240107:動画_ 2ch馴れ初めで愛を語る,competitor_sheet_archive,https://i.ytimg.com/vi/FA7SmTmkZzY/maxresdefault.jpg,,
9kaK8PfzA4E,UCGAn8ks-dTNfJK7i9LgSBvQ,2ch馴れ初めで愛を語る,【2ch馴れ初め】いつも日の丸弁当の俺に唐揚げと卵焼きをくれた金持ちの同級生 10年後ホームレスになって俺の前に現れた結果,2023-11-01,842480,9200,310,2024-01-07,調査_馴れ初め_20240107:動画_ 2ch馴れ初めで愛を語る,competitor_sheet_archive,https://i.ytimg.com/vi/9kaK8PfzA4E/maxresdefault.jpg,,
ZkOvfNSclDY,UCGAn8ks-dTNfJK7i9LgSBvQ,2ch馴れ初めで愛を語る,【2ch馴れ初め】姉に頼まれコンビニでゴムを買う陰キャな俺 いつも塩対応なヤンキー店員が動揺しちゃった結果,2023-12-30,777890,5080,190,2024-01-07,調査_馴れ初め_20240107:動画_ 2ch馴れ初めで愛を語る,competitor_sheet_archive,https://i.ytimg.com/vi/ZkOvfNSclDY/maxresdefault.jpg,,
YkqeUPUgxzY,UCGAn8ks-dTNfJK7i9LgSBvQ,2ch馴れ初めで愛を語る,【2ch馴れ初め】ヤ〇ザから届いたスーツケースに1億円と謎の美少女→ 借金をチャラにする代わりに組長娘と同棲することになった結果,2023-12-10,719960,6820,200,2024-01-07,調査_馴れ初め_20240107:動画_ 2ch馴れ初めで愛を語る,competitor_sheet_archive,https://i.ytimg.com/vi/YkqeUPUgxzY/maxresdefault.jpg,,
9EhBYGuMXtQ,UCGAn8ks-dTNfJK7i9LgSBvQ,2ch馴れ初めで愛を語る,【2ch馴れ初め】シングルマザーで毎日独りぼっちの家族団欒を知らない貧乏少女 大家族の俺が晩夕飯に誘った結果・・・,2023-09-09,709570,9260,150,2024-01-07,調査_馴れ初め_20240107:動画_ 2ch馴れ初めで愛を語る,competitor_sheet_archive,https://i.ytimg.com/vi/9EhBYGuMXtQ/maxresdefault.jpg,,
IuY_ggo4p7E,UCGAn8ks-dTNfJK7i9LgSBvQ,2ch馴れ初めで愛を語る,【2ch馴れ初め】スーパーで試食をしまくるボロボロの貧乏母娘 店長の俺が大盛りの唐揚げ弁当を振舞った結果,2023-10-17,703870,8640,310,2024-01-07,調査_馴れ初め_20240107:動画_ 2ch馴れ初めで愛を語る,competitor_sheet_archive,https://i.ytimg.com/vi/IuY_ggo4p7E/maxresdefault.jpg,,
2S-equHHqiM,UCGAn8ks-dTNfJK7i9LgSBvQ,2ch馴れ初めで愛を語る,【2ch馴れ初め総集編】胸キュン馴れ初め 6選まとめてみた！ 【ゆっくり】【作業用】,2023-10-25,703080,5630,50,2024-01-07,調査_馴れ初め_20240107:動画_ 2ch馴れ初めで愛を語る,competitor_sheet_archive,https://i.ytimg.com/vi/2S-equHHqiM/maxresdefault.jpg,,
YPkDfBpQdwc,UCGAn8ks-dTNfJK7i9LgSBvQ,2ch馴れ初めで愛を語る,【2ch馴れ初め】廃業寸前の蕎麦屋を経営する俺 飲み帰りにホームレスの女性を助けたら数日後人生が変わった結果,2023-11-25,703000,6470,160,2024-01-07,調査_馴れ初め_20240107:動画_ 2ch馴れ初めで愛を語る,competitor_sheet_archive,https://i.ytimg.com/vi/YPkDfBpQdwc/maxresdefault.jpg,,
xx5Sl37BBdE,UCGAn8ks-dTNfJK7i9LgSBvQ,2ch馴れ初めで愛を語る,【2ch馴れ初め】極寒の夜、ヒッチハイクするボロボロの貧乏母娘→長距離トラック運転手の俺が温かい飲み物とお風呂を提供した結果,2023-10-07,685860,8280,150,2024-01-07,調査_馴れ初め_20240107:動画_ 2ch馴れ初めで愛を語る,competitor_sheet_archive,https://i.ytimg.com/vi/xx5Sl37BBdE/maxresdefault.jpg,,
lBHZiuivMME,UCGAn8ks-dTNfJK7i9LgSBvQ,2ch馴れ初めで愛を語る,【2ch馴れ初め】生意気な美人キャバ嬢を守るため いつもは冴えない店長の俺が伝説の組長息子の本気出した結果,2023-12-11,654100,5600,80,2024-01-07,調査_馴れ初め_20240107:動画_ 2ch馴れ初めで愛を語る,competitor_sheet_archive,https://i.ytimg.com/vi/lBHZiuivMME/maxresdefault.jpg,,
5zD6rCa6-jI,UCGAn8ks-dTNfJK7i9LgSBvQ,2ch馴れ初めで愛を語る,【2ch馴れ初め】靴磨きで生計を立てる貧乏少女に天涯孤独の俺が声をかけて焼き飯を振舞った結果,2023-10-20,649860,10600,530,2024-01-07,調査_馴れ初め_20240107:動画_ 2ch馴れ初めで愛を語る,competitor_sheet_archive,https://i.ytimg.com/vi/5zD6rCa6-jI/maxresdefault.jpg,,
nInv3eAm8BE,UCGAn8ks-dTNfJK7i9LgSBvQ,2ch馴れ初めで愛を語る,【2ch馴れ初め】土砂降りの雨の中、重要書類をホームレスの美女が届けてくれたので 助けてくれたお礼にお風呂を貸した結果,2023-11-16,638970,7140,110,2024-01-07,調査_馴れ初め_20240107:動画_ 2ch馴れ初めで愛を語る,competitor_sheet_archive,https://i.ytimg.com/vi/nInv3eAm8BE/maxresdefault.jpg,,
z6aDOlEtTTA,UCGAn8ks-dTNfJK7i9LgSBvQ,2ch馴れ初めで愛を語る,【2ch馴れ初め】具合が悪くてうずくまっている天涯孤独のホームレス女性→次期社長の俺が助けて雇った結果,2023-10-28,635230,7940,280,2024-01-07,調査_馴れ初め_20240107:動画_ 2ch馴れ初めで愛を語る,competitor_sheet_archive,https://i.ytimg.com/vi/z6aDOlEtTTA/maxresdefault.jpg,,
Ib8oJMNmh_w,UCGAn8ks-dTNfJK7i9LgSBvQ,2ch馴れ初めで愛を語る,【2ch馴れ初め】路地裏で乱〇された全〇の幼馴染を全力で助けて告白した結果,2023-09-11,617710,4430,70,2024-01-07,調査_馴れ初め_20240107:動画_ 2ch馴れ初めで愛を語る,competitor_sheet_archive,https://i.ytimg.com/vi/Ib8oJMNmh_w/maxresdefault.jpg,,
NKQFErzPROU,UCGAn8ks-dTNfJK7i9LgSBvQ,2ch馴れ初めで愛を語る,【2ch馴れ初め】助けた婆さんがヤクザの重鎮だった→ 美人の孫娘と契りを交わすことになった結果,2023-11-02,612550,4130,110,2024-01-07,調査_馴れ初め_20240107:動画_ 2ch馴れ初めで愛を語る,competitor_sheet_archive,https://i.ytimg.com/vi/NKQFErzPROU/maxresdefault.jpg,,
qE3Cla6XKhM,UCGAn8ks-dTNfJK7i9LgSBvQ,2ch馴れ初めで愛を語る,【2ch馴れ初め】クリスマスに予定のない40歳独身の俺 → 部下の残業を全て引き受けたら残業終わりに美人後輩に誘われた結果,2023-12-25,593960,3460,90,2024-01-07,調査_馴れ初め_20240107:動画_ 2ch馴れ初めで愛を語る,competitor_sheet_archive,https://i.ytimg.com/vi/qE3Cla6XKhM/maxresdefault.jpg,,
5QKyLPkOpUk,UCGAn8ks-dTNfJK7i9LgSBvQ,2ch馴れ初めで愛を語る,【2ch馴れ初め】いつも塩対応な美人家政婦に妹が忘れた派手なパン〇を見られて泣かれた結果,2023-12-05,592240,5560,50,2024-01-07,調査_馴れ初め_20240107:動画_ 2ch馴れ初めで愛を語る,competitor_sheet_archive,https://i.ytimg.com/vi/5QKyLPkOpUk/maxresdefault.jpg,,
mYYYzRClai8,UCGAn8ks-dTNfJK7i9LgSBvQ,2ch馴れ初めで愛を語る,【2ch馴れ初め】学校一のヤンキー女と陰キャの俺がなぜか２人きりで修学旅行に行くことになった結果,2023-12-20,582240,4930,140,2024-01-07,調査_馴れ初め_20240107:動画_ 2ch馴れ初めで愛を語る,competitor_sheet_archive,https://i.ytimg.com/vi/mYYYzRClai8/maxresdefault.jpg,,
R0VsfH8w04o,UCGAn8ks-dTNfJK7i9LgSBvQ,2ch馴れ初めで愛を語る,【2ch馴れ初め】傷だらけで家出した10歳の俺を助けてくれた 不良ギャルに10年後会いに行った結果,2024-01-04,571490,4480,90,2024-01-07,調査_馴れ初め_20240107:動画_ 2ch馴れ初めで愛を語る,competitor_sheet_archive,https://i.ytimg.com/vi/R0VsfH8w04o/maxresdefault.jpg,,
ls21EzR-5M4,UCGAn8ks-dTNfJK7i9LgSBvQ,2ch馴れ初めで愛を語る,【2ch 馴れ初め】店にボロボロの姿でやってきた無一文の美人女性→「私、帰るところがないんです・・・」と泣かれたので連れて帰った結果,2023-10-05,550410,4130,40,2024-01-07,調査_馴れ初め_20240107:動画_ 2ch馴れ初めで愛を語る,competitor_sheet_archive,https://i.ytimg.com/vi/ls21EzR-5M4/maxresdefault.jpg,,
wMFnR3lo6gA,UCGAn8ks-dTNfJK7i9LgSBvQ,2ch馴れ初めで愛を語る,【2ch馴れ初め】廃業寸前のラーメン屋に５円だけ持ったボロボロの貧乏姉妹が来店 → 10年後、ホームレスになった俺の前に大人になった美人姉妹が現れた結果,2023-12-27,546450,6120,210,2024-01-07,調査_馴れ初め_20240107:動画_ 2ch馴れ初めで愛を語る,competitor_sheet_archive,https://i.ytimg.com/vi/wMFnR3lo6gA/maxresdefault.jpg,,
kt-npNwzM9Q,UCGAn8ks-dTNfJK7i9LgSBvQ,2ch馴れ初めで愛を語る,【2ch馴れ初め】ありったけのおはじきを集めて俺のタコ焼き屋に来た姉妹… 大きなタコ焼きをご馳走した結果,2023-08-23,532720,6630,180,2024-01-07,調査_馴れ初め_20240107:動画_ 2ch馴れ初めで愛を語る,competitor_sheet_archive,https://i.ytimg.com/vi/kt-npNwzM9Q/maxresdefault.jpg,,
z2q7NaAk4k4,UCGAn8ks-dTNfJK7i9LgSBvQ,2ch馴れ初めで愛を語る,【2ch馴れ初め】山頂のテント場で食材を忘れ泣いている美人熟女→ 放っておけずキャンプ飯をお裾分けした結果,2023-10-04,507410,3640,20,2024-01-07,調査_馴れ初め_20240107:動画_ 2ch馴れ初めで愛を語る,competitor_sheet_archive,https://i.ytimg.com/vi/z2q7NaAk4k4/maxresdefault.jpg,,
0WNbMuKUsCA,UCGAn8ks-dTNfJK7i9LgSBvQ,2ch馴れ初めで愛を語る,【2ch馴れ初め】２人で１つの卵かけごはんを分け合うガリガリ貧乏親子に 店長の俺が特盛親子丼をご馳走した結果,2023-10-10,450200,6250,270,2024-01-07,調査_馴れ初め_20240107:動画_ 2ch馴れ初めで愛を語る,competitor_sheet_archive,https://i.ytimg.com/vi/0WNbMuKUsCA/maxresdefault.jpg,,
94p8ggDn3sY,UCGAn8ks-dTNfJK7i9LgSBvQ,2ch馴れ初めで愛を語る,【2ch馴れ初め】家に泊まりに来た姉の親友が深夜に俺の部屋に来て「私には魅力がないの？」と泣きながら服を脱ごうとした結果,2023-09-23,414780,3200,40,2024-01-07,調査_馴れ初め_20240107:動画_ 2ch馴れ初めで愛を語る,competitor_sheet_archive,https://i.ytimg.com/vi/94p8ggDn3sY/maxresdefault.jpg,,
IBIPyDANtXc,UCGAn8ks-dTNfJK7i9LgSBvQ,2ch馴れ初めで愛を語る,【2ch馴れ初め】思春期の娘に口を聞いてもらえないシングルファザーの俺 職場の美人後輩に助けられた結果,2023-12-29,395910,3630,20,2024-01-07,調査_馴れ初め_20240107:動画_ 2ch馴れ初めで愛を語る,competitor_sheet_archive,https://i.ytimg.com/vi/IBIPyDANtXc/maxresdefault.jpg,,
hmfpkEZNi3M,UCGAn8ks-dTNfJK7i9LgSBvQ,2ch馴れ初めで愛を語る,【2ch馴れ初め】毎日もやしだけ購入するガリガリの貧乏姉妹に 隣に住む俺が激ウマ料理作ってご馳走した結果,2024-01-02,392830,4290,130,2024-01-07,調査_馴れ初め_20240107:動画_ 2ch馴れ初めで愛を語る,competitor_sheet_archive,https://i.ytimg.com/vi/hmfpkEZNi3M/maxresdefault.jpg,,
nLkLlIrW8FI,UCGAn8ks-dTNfJK7i9LgSBvQ,2ch馴れ初めで愛を語る,【2ch馴れ初め】母親の誕生日をマカロニグラタンで祝いたいと50円を差し出すボロボロの貧乏少女 洋食屋を営む俺が花束とバースデイケーキも振舞った結果,2023-11-24,368730,5710,260,2024-01-07,調査_馴れ初め_20240107:動画_ 2ch馴れ初めで愛を語る,competitor_sheet_archive,https://i.ytimg.com/vi/nLkLlIrW8FI/maxresdefault.jpg,,
-6-PeXwk7Rs,UCGAn8ks-dTNfJK7i9LgSBvQ,2ch馴れ初めで愛を語る,【2ch馴れ初め】元旦の公園で１人ぼっちで遊ぶ近所のボロボロ少女→大家族の俺がばあちゃん自慢のおせちを一緒に食べようと誘った結果,2024-01-05,354200,5710,160,2024-01-07,調査_馴れ初め_20240107:動画_ 2ch馴れ初めで愛を語る,competitor_sheet_archive,https://i.ytimg.com/vi/-6-PeXwk7Rs/maxresdefault.jpg,,
-Lf-UQzQKps,UCGAn8ks-dTNfJK7i9LgSBvQ,2ch馴れ初めで愛を語る,【2ch馴れ初め 総集編】 青春の馴れ初め動画6選まとめてみた！ 【作業用】【ゆっくり】,2023-11-29,348430,2770,40,2024-01-07,調査_馴れ初め_20240107:動画_ 2ch馴れ初めで愛を語る,competitor_sheet_archive,https://i.ytimg.com/vi/-Lf-UQzQKps/maxresdefault.jpg,,
iXxe3ag--hI,UCGAn8ks-dTNfJK7i9LgSBvQ,2ch馴れ初めで愛を語る,【2ch馴れ初め】妻子を失いリストラされて抜け殻になってしまった俺 現れたボロボロ少女におでんを振舞った結果,2023-11-17,322480,4960,110,2024-01-07,調査_馴れ初め_20240107:動画_ 2ch馴れ初めで愛を語る,competitor_sheet_archive,https://i.ytimg.com/vi/iXxe3ag--hI/maxresdefault.jpg,,
bkD16qW989k,UCGAn8ks-dTNfJK7i9LgSBvQ,2ch馴れ初めで愛を語る,【2ch馴れ初め】橋の上で一人娘と心中を図ったシングルマザーに 孤児院出身の俺が声をかけた結果,2023-11-22,308750,5030,130,2024-01-07,調査_馴れ初め_20240107:動画_ 2ch馴れ初めで愛を語る,competitor_sheet_archive,https://i.ytimg.com/vi/bkD16qW989k/maxresdefault.jpg,,
S_CtbrY7GNs,UCGAn8ks-dTNfJK7i9LgSBvQ,2ch馴れ初めで愛を語る,【2ch馴れ初め】アナウンサー目指して上京した幼馴染と炊き出しで再会 放っておけずボロボロになった幼馴染を俺の店で雇った結果,2023-09-05,305800,3340,70,2024-01-07,調査_馴れ初め_20240107:動画_ 2ch馴れ初めで愛を語る,competitor_sheet_archive,https://i.ytimg.com/vi/S_CtbrY7GNs/maxresdefault.jpg,,
unqoJov2h6U,UCGAn8ks-dTNfJK7i9LgSBvQ,2ch馴れ初めで愛を語る,【2ch馴れ初め総集編】感動する馴れ初め動画 6選 集めてみた！【作業用】【ゆっくり】,2023-10-18,283290,2690,40,2024-01-07,調査_馴れ初め_20240107:動画_ 2ch馴れ初めで愛を語る,competitor_sheet_archive,https://i.ytimg.com/vi/unqoJov2h6U/maxresdefault.jpg,,
IlBoLp3ZLyE,UCGAn8ks-dTNfJK7i9LgSBvQ,2ch馴れ初めで愛を語る,【2ch馴れ初め】立ちんぼスポットで泣きながら立っている幼馴染を発見 → 理由も聞かずに連れて帰った結果,2023-08-30,265590,1780,60,2024-01-07,調査_馴れ初め_20240107:動画_ 2ch馴れ初めで愛を語る,competitor_sheet_archive,https://i.ytimg.com/vi/IlBoLp3ZLyE/maxresdefault.jpg,,
dguryn9A610,UCGAn8ks-dTNfJK7i9LgSBvQ,2ch馴れ初めで愛を語る,【2ch馴れ初め】幼馴染の部屋で大人のおもちゃを見つけてしまい 抑えきれず押し倒してしまった結果,2023-09-21,257710,1980,20,2024-01-07,調査_馴れ初め_20240107:動画_ 2ch馴れ初めで愛を語る,competitor_sheet_archive,https://i.ytimg.com/vi/dguryn9A610/maxresdefault.jpg,,
5pIXGNjnwg0,UCGAn8ks-dTNfJK7i9LgSBvQ,2ch馴れ初めで愛を語る,【2ch馴れ初め】震災で妻子を亡くして天涯孤独になった俺 さまよっている少女に声をかけた結果,2023-11-14,235030,4810,290,2024-01-07,調査_馴れ初め_20240107:動画_ 2ch馴れ初めで愛を語る,competitor_sheet_archive,https://i.ytimg.com/vi/5pIXGNjnwg0/maxresdefault.jpg,,
7fl_hl-gC1E,UCGAn8ks-dTNfJK7i9LgSBvQ,2ch馴れ初めで愛を語る,【2ch馴れ初め】学校帰りのバスでいつも一緒に帰る可愛い幼馴染が 急にア〇コ触ってきた結果,2023-08-29,232500,1740,20,2024-01-07,調査_馴れ初め_20240107:動画_ 2ch馴れ初めで愛を語る,competitor_sheet_archive,https://i.ytimg.com/vi/7fl_hl-gC1E/maxresdefault.jpg,,
s5dVTf-gAhE,UCGAn8ks-dTNfJK7i9LgSBvQ,2ch馴れ初めで愛を語る,【2ch馴れ初め】袋いっぱいのビー玉を抱えて俺のケーキ屋に来たボロボロの少女 大きなショートケーキを振舞った結果,2023-08-27,223020,3060,120,2024-01-07,調査_馴れ初め_20240107:動画_ 2ch馴れ初めで愛を語る,competitor_sheet_archive,https://i.ytimg.com/vi/s5dVTf-gAhE/maxresdefault.jpg,,
sEifgeWxtww,UCGAn8ks-dTNfJK7i9LgSBvQ,2ch馴れ初めで愛を語る,【2ch馴れ初め】ぽっちゃりデブな社長令嬢とイヤイヤお見合いをすることに お断りできなかった結果,2023-09-02,203850,2410,30,2024-01-07,調査_馴れ初め_20240107:動画_ 2ch馴れ初めで愛を語る,competitor_sheet_archive,https://i.ytimg.com/vi/sEifgeWxtww/maxresdefault.jpg,,
AMuOqK71K38,UCGAn8ks-dTNfJK7i9LgSBvQ,2ch馴れ初めで愛を語る,【2ch馴れ初め総集編】 10月の人気動画6選 まとめてみた！ 【作業用】【ゆっくり】,2023-11-10,187430,1730,30,2024-01-07,調査_馴れ初め_20240107:動画_ 2ch馴れ初めで愛を語る,competitor_sheet_archive,https://i.ytimg.com/vi/AMuOqK71K38/maxresdefault.jpg,,
q154u2SF-tQ,UCGAn8ks-dTNfJK7i9LgSBvQ,2ch馴れ初めで愛を語る,【2ch馴れ初め】事故で両腕を骨折して強制禁欲を余儀なくされている俺 幼馴染に息子をなでなでされた結果,2023-09-01,163770,1310,30,2024-01-07,調査_馴れ初め_20240107:動画_ 2ch馴れ初めで愛を語る,competitor_sheet_archive,https://i.ytimg.com/vi/q154u2SF-tQ/maxresdefault.jpg,,
H-PbIjVmnZs,UCGAn8ks-dTNfJK7i9LgSBvQ,2ch馴れ初めで愛を語る,【2ch馴れ初め 総集編】 元ヤン馴れ初め動画6選まとめてみた！ 【作業用】【ゆっくり】,2023-12-23,145980,1320,20,2024-01-07,調査_馴れ初め_20240107:動画_ 2ch馴れ初めで愛を語る,competitor_sheet_archive,https://i.ytimg.com/vi/H-PbIjVmnZs/maxresdefault.jpg,,
wC9P_9Gxj4g,UCGAn8ks-dTNfJK7i9LgSBvQ,2ch馴れ初めで愛を語る,【2ch馴れ初め】骨折して動けない俺をお風呂に入れる幼馴染→きれいに体を洗ってくれた結果・・・,2023-08-21,137830,1090,10,2024-01-07,調査_馴れ初め_20240107:動画_ 2ch馴れ初めで愛を語る,competitor_sheet_archive,https://i.ytimg.com/vi/wC9P_9Gxj4g/maxresdefault.jpg,,
ZUND93XPImU,UCGAn8ks-dTNfJK7i9LgSBvQ,2ch馴れ初めで愛を語る,【2ch馴れ初め】隣に住む美人妻が全〇で締め出されていたので 凝視しながらも助けた結果,2023-09-24,119990,910,20,2024-01-07,調査_馴れ初め_20240107:動画_ 2ch馴れ初めで愛を語る,competitor_sheet_archive,https://i.ytimg.com/vi/ZUND93XPImU/maxresdefault.jpg,,
kOOP3BZDh9U,UCGAn8ks-dTNfJK7i9LgSBvQ,2ch馴れ初めで愛を語る,【2ch馴れ初め 総集編】 大人気馴れ初め動画6選まとめてみた！ 2ch馴れ初めで愛を語る 【作業用】【ゆっくり】,2024-01-01,116680,1140,50,2024-01-07,調査_馴れ初め_20240107:動画_ 2ch馴れ初めで愛を語る,competitor_sheet_archive,https://i.ytimg.com/vi/kOOP3BZDh9U/maxresdefault.jpg,,
DvQPYMpI5Rk,UCGAn8ks-dTNfJK7i9LgSBvQ,2ch馴れ初めで愛を語る,【2ch馴れ初め】華金の夜、１人焼肉で晩酌してたら 庭からボロボロの少女が突入してきた結果,2023-09-17,108940,1970,30,2024-01-07,調査_馴れ初め_20240107:動画_ 2ch馴れ初めで愛を語る,competitor_sheet_archive,https://i.ytimg.com/vi/DvQPYMpI5Rk/maxresdefault.jpg,,
iQjXANtiDmE,UCGAn8ks-dTNfJK7i9LgSBvQ,2ch馴れ初めで愛を語る,【2ch馴れ初め】夜の山道で陣痛に苦しむ妊婦に うつ病で人生やめようとしたサラリーマンが出くわした結果,2023-11-27,83940,1750,20,2024-01-07,調査_馴れ初め_20240107:動画_ 2ch馴れ初めで愛を語る,competitor_sheet_archive,https://i.ytimg.com/vi/iQjXANtiDmE/maxresdefault.jpg,,
AmYJshXDWWk,UCGAn8ks-dTNfJK7i9LgSBvQ,2ch馴れ初めで愛を語る,【２ch馴れ初め】ピクニックでお弁当を落として泣いている親子 アウトドア歴20年の俺が声をかけた結果,2023-09-03,81150,1250,60,2024-01-07,調査_馴れ初め_20240107:動画_ 2ch馴れ初めで愛を語る,competitor_sheet_archive,https://i.ytimg.com/vi/AmYJshXDWWk/maxresdefault.jpg,,
3odP5_OlzHg,UCGAn8ks-dTNfJK7i9LgSBvQ,2ch馴れ初めで愛を語る,【2ch馴れ初め】糖尿病で余命半年宣告された俺 減量のため行ったジムの専属トレーナーが初恋の幼馴染で厳しく指導してくれた結果,2023-10-24,77620,1770,80,2024-01-07,調査_馴れ初め_20240107:動画_ 2ch馴れ初めで愛を語る,competitor_sheet_archive,https://i.ytimg.com/vi/3odP5_OlzHg/maxresdefault.jpg,,
4lxcCCaKM1U,UCGAn8ks-dTNfJK7i9LgSBvQ,2ch馴れ初めで愛を語る,【2ch馴れ初め】風俗に行ったら昔好きだった幼馴染と再会 幼馴染が全〇で号泣した結果,2023-09-14,62180,820,10,2024-01-07,調査_馴れ初め_20240107:動画_ 2ch馴れ初めで愛を語る,competitor_sheet_archive,https://i.ytimg.com/vi/4lxcCCaKM1U/maxresdefault.jpg,,
OKow4fSTn5k,UCGAn8ks-dTNfJK7i9LgSBvQ,2ch馴れ初めで愛を語る,【2ch馴れ初め】川でアユ釣りをしている母子が1匹も釣れず号泣 アユ釣り名人の俺が声をかけた結果,2023-09-15,57250,1100,00,2024-01-07,調査_馴れ初め_20240107:動画_ 2ch馴れ初めで愛を語る,competitor_sheet_archive,https://i.ytimg.com/vi/OKow4fSTn5k/maxresdefault.jpg,,
gKCq3p8CfDU,UCGAn8ks-dTNfJK7i9LgSBvQ,2ch馴れ初めで愛を語る,【2ch馴れ初め】宅飲み中エアコンが壊れ、暑いと言ってネ果になり始めた幼馴染に下心が爆発してしまった結果,2023-09-08,56800,420,10,2024-01-07,調査_馴れ初め_20240107:動画_ 2ch馴れ初めで愛を語る,competitor_sheet_archive,https://i.ytimg.com/vi/gKCq3p8CfDU/maxresdefault.jpg,,
s5yBIqHJbv8,UCGAn8ks-dTNfJK7i9LgSBvQ,2ch馴れ初めで愛を語る,【2ch馴れ初め】ヤクザから救ってくれた美人婦人警官に一目惚れして必死に口説いた結果,2023-12-02,48280,830,50,2024-01-07,調査_馴れ初め_20240107:動画_ 2ch馴れ初めで愛を語る,competitor_sheet_archive,https://i.ytimg.com/vi/s5yBIqHJbv8/maxresdefault.jpg,,
VQDyM87ZacE,UCGAn8ks-dTNfJK7i9LgSBvQ,2ch馴れ初めで愛を語る,【2ch馴れ初め 総集編】 前世からの約束を守るため、前世の妻に会いに行った結果 ...胸キュン馴れ初め動画6選まとめてみた！総集編【作業用【ゆっくり】,2023-12-19,37040,560,20,2024-01-07,調査_馴れ初め_20240107:動画_ 2ch馴れ初めで愛を語る,competitor_sheet_archive,https://i.ytimg.com/vi/VQDyM87ZacE/maxresdefault.jpg,,
-GYHIreY36Y,UCGAn8ks-dTNfJK7i9LgSBvQ,2ch馴れ初めで愛を語る,【2ch馴れ初め】プロポーズ当日に振られた俺 ホームレス美少女に婚約指輪をあげた結果,2023-09-07,28800,450,20,2024-01-07,調査_馴れ初め_20240107:動画_ 2ch馴れ初めで愛を語る,competitor_sheet_archive,https://i.ytimg.com/vi/-GYHIreY36Y/maxresdefault.jpg,,
uVj_CoF_piU,UCGAn8ks-dTNfJK7i9LgSBvQ,2ch馴れ初めで愛を語る,【2ch馴れ初め】脱獄犯の俺をアパートに匿ってくれた謎の美人女性 → 愛する彼女のために自首した結果,2024-01-06,22620,420,10,2024-01-07,調査_馴れ初め_20240107:動画_ 2ch馴れ初めで愛を語る,competitor_sheet_archive,https://i.ytimg.com/vi/uVj_CoF_piU/maxresdefault.jpg,,
uujdmq4WcG0,UCGAn8ks-dTNfJK7i9LgSBvQ,2ch馴れ初めで愛を語る,【2ch馴れ初め】生活保護を受けておりお風呂に入れない貧乏転校生 異臭が凄まじいので俺の実家の銭湯で働いていてもらった結果,2023-09-29,20530,570,10,2024-01-07,調査_馴れ初め_20240107:動画_ 2ch馴れ初めで愛を語る,competitor_sheet_archive,https://i.ytimg.com/vi/uujdmq4WcG0/maxresdefault.jpg,,
Ga9eEXj3W04,UCGAn8ks-dTNfJK7i9LgSBvQ,2ch馴れ初めで愛を語る,【2ch馴れ初め】女性恐怖症の俺が事故物件で巨乳のギャル女幽霊と同居したおかげでモテモテになった結果,2023-09-20,17780,280,50,2024-01-07,調査_馴れ初め_20240107:動画_ 2ch馴れ初めで愛を語る,competitor_sheet_archive,https://i.ytimg.com/vi/Ga9eEXj3W04/maxresdefault.jpg,,
