video_id,channel_id,channel_title,video_title,published_at,view_count,like_count,comment_count,fetched_at,availability,checked_at
jFPy6OJ_sdQ,,,,,,,,,unavailable,2026-09-29T22:40:10+00:00
piRgberZx0k,,,,,,,,,unavailable,2026-09-29T22:40:10+00:00
pPqGuD4NV18,,,,,,,,,unavailable,2026-09-29T22:40:10+00:00
tR6z-zqKw0Y,,,,,,,,,unavailable,2026-09-29T22:40:10+00:00
pr6UBR7HQM8,,,,,,,,,unavailable,2026-09-29T22:40:10+00:00
ABDTm8Eq2xk,,,,,,,,,unavailable,2026-09-29T22:40:10+00:00
9GOPOiISZVs,,,,,,,,,unavailable,2026-09-29T22:40:10+00:00
bFwx4CIURT4,,,,,,,,,unavailable,2026-09-29T22:40:10+00:00
P99fje5b7zc,,,,,,,,,unavailable,2026-09-29T22:40:10+00:00
JEXLIFmize4,,,,,,,,,unavailable,2026-09-29T22:40:10+00:00
5Xf65qXaHWM,,,,,,,,,unavailable,2026-09-29T22:40:10+00:00
wNZkSCsu9oo,,,,,,,,,unavailable,2026-09-29T22:40:10+00:00
fhfUdds8gxw,,,,,,,,,unavailable,2026-09-29T22:40:10+00:00
DvXGPqAXn_g,,,,,,,,,unavailable,2026-09-29T22:40:10+00:00
XSxtDzKQkTM,,,,,,,,,unavailable,2026-09-29T22:40:10+00:00
a07BtJ89b3Y,,,,,,,,,unavailable,2026-09-29T22:40:10+00:00
d3ZzfudX53s,,,,,,,,,unavailable,2026-09-29T22:40:10+00:00
NfbgiZKQ-kU,,,,,,,,,unavailable,2026-09-29T22:40:10+00:00
RWeYb1wRDYo,,,,,,,,,unavailable,2026-09-29T22:40:10+00:00
v60SQHF4-xM,,,,,,,,,unavailable,2026-09-29T22:40:10+00:00
xgEP4lV6uEQ,,,,,,,,,unavailable,2026-09-29T22:40:10+00:00
jNOPRiH93bQ,,,,,,,,,unavailable,2026-09-29T22:40:10+00:00
EA953iqDewQ,,,,,,,,,unavailable,2026-09-29T22:40:10+00:00
QXsngZjdHuE,,,,,,,,,unavailable,2026-09-29T22:40:10+00:00
Jb7MZf16Lck,,,,,,,,,unavailable,2026-09-29T22:40:10+00:00
4n4gN4xnWmo,,,,,,,,,unavailable,2026-09-29T22:40:10+00:00
_vO4lVsMe5Q,UC5qxS4hFAhSqPXNIZ-j4h-A,思い出のゆっくり2ch,【2ch馴れ初め】激太り大食い外国人少女に　俺が和食を作り大量に与えた結果…,2023-12-04T10:30:10Z,826511,7909,66,2026-09-29T22:40:10+00:00,public,2026-09-29T22:40:10+00:00
nxOpyakt4QU,UCGAn8ks-dTNfJK7i9LgSBvQ,2ch馴れ初めで愛を語る,【2ch馴れ初め】極寒の夜のコンビニ駐車場で凍えるボロボロの貧乏母娘 →温かいお風呂と自慢の手料理を振舞った結果,2023-12-15T11:17:07Z,395692,2880,86,2026-09-29T22:40:10+00:00,public,2026-09-29T22:40:10+00:00
TZWjzRBnnsg,UCGAn8ks-dTNfJK7i9LgSBvQ,2ch馴れ初めで愛を語る,【2ch馴れ初め】全国模試１位のヤンキーが学校で陰キャを演じてたら ドベギャルに「あんた、教科書と結婚したら」とバカにされた結果,2023-12-13T10:06:55Z,315653,2280,48,2026-09-29T22:40:10+00:00,public,2026-09-29T22:40:10+00:00
dLVFiPLle1U,UCGAn8ks-dTNfJK7i9LgSBvQ,2ch馴れ初めで愛を語る,【2ch馴れ初め】修学旅行中、子供用の下着を着ける貧乏女子がバカにされていたので 裁縫が得意な俺が助けた結果,2023-12-12T10:40:15Z,325252,3116,87,2026-09-29T22:40:10+00:00,public,2026-09-29T22:40:10+00:00
JkN8aqpsudk,,,,,,,,,unavailable,2026-09-29T22:40:10+00:00
ud2T2rk3kaY,UCGAn8ks-dTNfJK7i9LgSBvQ,2ch馴れ初めで愛を語る,【2ch馴れ初め】母のたこ焼き屋を手伝うぼろぼろの双子姉妹→零細企業社長の俺が差し入れ用に大量に買った結果,2023-12-22T10:11:54Z,256839,2707,78,2026-09-29T22:40:10+00:00,public,2026-09-29T22:40:10+00:00
TaCDTr3Y0Hg,UCGAn8ks-dTNfJK7i9LgSBvQ,2ch馴れ初めで愛を語る,【2ch馴れ初め】豪雪の夜、薪を一人で買いに来る少女→重そうなので一緒に家まで運んだ結果,2023-12-21T11:23:00Z,222802,2570,95,2026-09-29T22:40:10+00:00,public,2026-09-29T22:40:10+00:00
xvgaHTsSt_0,UC5qxS4hFAhSqPXNIZ-j4h-A,思い出のゆっくり2ch,【2ch馴れ初め】「良ければしばらく泊めてくれない…？私のためにも…！」両親を亡くした姪を引き取った俺…同僚が住込みで助けてくれた結果…,2023-12-19T10:30:17Z,261457,2531,82,2026-09-29T22:40:10+00:00,public,2026-09-29T22:40:10+00:00
LrHrmQmLIVA,,,,,,,,,unavailable,2026-09-29T22:40:10+00:00
eN5RO9dRMv4,,,,,,,,,unavailable,2026-09-29T22:40:10+00:00
V02h9TeFTc8,UCGAn8ks-dTNfJK7i9LgSBvQ,2ch馴れ初めで愛を語る,【2ch馴れ初め】100万持ってやって来たガリガリの少女に廃業寸前のラーメン屋の俺が愛情たっぷりのラーメンを提供した結果,2023-12-03T11:33:51Z,245155,2362,118,2026-09-29T22:40:10+00:00,public,2026-09-29T22:40:10+00:00
Z6UAwFmF23A,UCGAn8ks-dTNfJK7i9LgSBvQ,2ch馴れ初めで愛を語る,【2ch馴れ初め】数年前女性を助けて腕に傷が残っている陰キャな俺→なぜか妹友人の美人モデルが食いついてきた結果,2023-12-18T09:00:18Z,262911,1688,29,2026-09-29T22:40:10+00:00,public,2026-09-29T22:40:10+00:00
kDwpJx9Ie60,UC5qxS4hFAhSqPXNIZ-j4h-A,思い出のゆっくり2ch,【2ch馴れ初め】「明日の朝まで…どうかここに居させてください…」大雪警報の夜、ウチの車庫で身を寄せ合う謎の母娘。心配で家の中へ招いた結果…,2023-12-07T10:30:11Z,147915,1252,24,2026-09-29T22:40:10+00:00,public,2026-09-29T22:40:10+00:00
2GNbpu39jW0,UCGAn8ks-dTNfJK7i9LgSBvQ,2ch馴れ初めで愛を語る,【2ch馴れ初め】夜の山道でバイクが故障し困ってるレディース総長　助けたらなぜか同棲する事になった結果,2023-12-01T10:31:30Z,281955,1782,31,2026-09-29T22:40:10+00:00,public,2026-09-29T22:40:10+00:00
HoqbkGlpZhg,UCGAn8ks-dTNfJK7i9LgSBvQ,2ch馴れ初めで愛を語る,【2ch馴れ初め】水泳教室の怖い元ヤン美人先生に　娘が亡き姉の子で俺は独身だとバレた結果,2023-12-08T09:04:50Z,249226,2126,40,2026-09-29T22:40:10+00:00,public,2026-09-29T22:40:10+00:00
s-eF8MrgHzk,,,,,,,,,unavailable,2026-09-29T22:40:10+00:00
ZkOvfNSclDY,UCGAn8ks-dTNfJK7i9LgSBvQ,2ch馴れ初めで愛を語る,【2ch馴れ初め】姉に頼まれコンビニでゴムを買う陰キャな俺 いつも塩対応なヤンキー店員が動揺しちゃった結果,2023-12-30T10:58:03Z,334907,1597,47,2026-09-29T22:40:10+00:00,public,2026-09-29T22:40:10+00:00
LQ5cujQcYqE,UCGAn8ks-dTNfJK7i9LgSBvQ,2ch馴れ初めで愛を語る,【2ch馴れ初め】陰キャの俺が借り物競争でヤンキー美女を担いでゴールしたらなぜかヤンキー美女に惚れられた結果…,2024-01-10T09:00:20Z,978598,8131,182,2026-09-29T22:40:10+00:00,public,2026-09-29T22:40:10+00:00
u8Jgb-P-Nxc,,,,,,,,,unavailable,2026-09-29T22:40:10+00:00
v_hd5aXvG7s,,,,,,,,,unavailable,2026-09-29T22:40:10+00:00
wawMdvNipZw,,,,,,,,,unavailable,2026-09-29T22:40:10+00:00
R0VsfH8w04o,UCGAn8ks-dTNfJK7i9LgSBvQ,2ch馴れ初めで愛を語る,【2ch馴れ初め】傷だらけで家出した10歳の俺を助けてくれた 不良ギャルに10年後会いに行った結果,2024-01-04T10:06:38Z,198114,899,20,2026-09-29T22:40:10+00:00,public,2026-09-29T22:40:10+00:00
jhGe8JUgoxc,,,,,,,,,unavailable,2026-09-29T22:40:10+00:00
kEIaw2hq3dQ,,,,,,,,,unavailable,2026-09-29T22:40:10+00:00
83wsR9YV1fQ,,,,,,,,,unavailable,2026-09-29T22:40:10+00:00
06jdAY02ZBU,UCOBZRjeoyyA26TcAmkXq7uQ,2ch馴れ初め物語,【2ch馴れ初め】大雪の中、家出して凍えている同じクラスの不良娘、放って置けず俺の家に招いた結果【ゆっくり】,2023-12-11T10:00:00Z,100594,628,12,2026-09-29T22:40:10+00:00,public,2026-09-29T22:40:10+00:00
YcUwtVrWQXk,,,,,,,,,unavailable,2026-09-29T22:40:10+00:00
UQHsxlHre8M,,,,,,,,,unavailable,2026-09-29T22:40:10+00:00
dOiYUHztCww,,,,,,,,,unavailable,2026-09-29T22:40:10+00:00
FA7SmTmkZzY,UCGAn8ks-dTNfJK7i9LgSBvQ,2ch馴れ初めで愛を語る,【2ch馴れ初め】貧乏で修学旅行に行けないヤンキー女子高生に給料全部あげた結果,2023-12-26T08:57:38Z,113921,862,12,2026-09-29T22:40:10+00:00,public,2026-09-29T22:40:10+00:00
6NkxmYUJUz0,,,,,,,,,unavailable,2026-09-29T22:40:10+00:00
Onf6Cl5tb0Y,,,,,,,,,unavailable,2026-09-29T22:40:10+00:00
vLDJ0T6A3ac,,,,,,,,,unavailable,2026-09-29T22:40:10+00:00
FEZLGIHGjqQ,,,,,,,,,unavailable,2026-09-29T22:40:10+00:00
PcMN7P3PUbs,,,,,,,,,unavailable,2026-09-29T22:40:10+00:00
WoUPsie5k9s,,,,,,,,,unavailable,2026-09-29T22:40:10+00:00
SAZHOMGnFCw,,,,,,,,,unavailable,2026-09-29T22:40:10+00:00
KD_Elm8z0ig,,,,,,,,,unavailable,2026-09-29T22:40:10+00:00
qE3Cla6XKhM,UCGAn8ks-dTNfJK7i9LgSBvQ,2ch馴れ初めで愛を語る,【2ch馴れ初め】クリスマスに予定のない40歳独身の俺 → 部下の残業を全て引き受けたら残業終わりに美人後輩に誘われた結果,2023-12-24T15:14:12Z,86471,449,9,2026-09-29T22:40:10+00:00,public,2026-09-29T22:40:10+00:00
g6LeXGO8JH8,,,,,,,,,unavailable,2026-09-29T22:40:10+00:00
mYYYzRClai8,UCGAn8ks-dTNfJK7i9LgSBvQ,2ch馴れ初めで愛を語る,【2ch馴れ初め】学校一のヤンキー女と陰キャの俺がなぜか２人きりで修学旅行に行くことになった結果,2023-12-20T10:12:57Z,102268,697,20,2026-09-29T22:40:10+00:00,public,2026-09-29T22:40:10+00:00
clmqDytgTTU,,,,,,,,,unavailable,2026-09-29T22:40:10+00:00
Mwd-oT8xtTY,,,,,,,,,unavailable,2026-09-29T22:40:10+00:00
wMFnR3lo6gA,UCGAn8ks-dTNfJK7i9LgSBvQ,2ch馴れ初めで愛を語る,【2ch馴れ初め】廃業寸前のラーメン屋に５円だけ持ったボロボロの貧乏姉妹が来店 → 10年後、ホームレスになった俺の前に大人になった美人姉妹が現れた結果,2023-12-27T09:35:53Z,72734,792,23,2026-09-29T22:40:10+00:00,public,2026-09-29T22:40:10+00:00
-6-PeXwk7Rs,UCGAn8ks-dTNfJK7i9LgSBvQ,2ch馴れ初めで愛を語る,【2ch馴れ初め】元旦の公園で１人ぼっちで遊ぶ近所のボロボロ少女→大家族の俺がばあちゃん自慢のおせちを一緒に食べようと誘った結果,2024-01-05T08:53:54Z,137697,1941,51,2026-09-29T22:40:10+00:00,public,2026-09-29T22:40:10+00:00
riKt9JQ68s0,,,,,,,,,unavailable,2026-09-29T22:40:10+00:00
fDV24P9nnCI,,,,,,,,,unavailable,2026-09-29T22:40:10+00:00
eFc80Sf438E,,,,,,,,,unavailable,2026-09-29T22:40:10+00:00
1KdCL8K73yM,,,,,,,,,unavailable,2026-09-29T22:40:10+00:00
A1YMUxOuFr8,,,,,,,,,unavailable,2026-09-29T22:40:10+00:00
ch_Hsv3WwUA,UCOBZRjeoyyA26TcAmkXq7uQ,2ch馴れ初め物語,【2ch馴れ初め】5人の兄弟のために給食の残りをこっそり持ち帰る不良同級生 ➡ 弁当屋の息子の俺が毎日デカ盛り弁当を届けてあげた結果【ゆっくり】,2023-12-27T09:00:31Z,55978,590,31,2026-09-29T22:40:10+00:00,public,2026-09-29T22:40:10+00:00
fdA3FKdpK7U,,,,,,,,,unavailable,2026-09-29T22:40:10+00:00
kD9tTiUaxCE,,,,,,,,,unavailable,2026-09-29T22:40:10+00:00
3jqfbCvW--4,UCGAn8ks-dTNfJK7i9LgSBvQ,2ch馴れ初めで愛を語る,【2ch馴れ初め】夜の公園で泣いている貧乏な女の子に百円をあげたら次の日、何故か学校一のヤンキー美女から呼び出された結果,2024-01-09T09:00:03Z,111003,1097,17,2026-09-29T22:40:10+00:00,public,2026-09-29T22:40:10+00:00
hmfpkEZNi3M,UCGAn8ks-dTNfJK7i9LgSBvQ,2ch馴れ初めで愛を語る,【2ch馴れ初め】毎日もやしだけ購入するガリガリの貧乏姉妹に　 隣に住む俺が激ウマ料理作ってご馳走した結果,2024-01-02T10:29:41Z,77975,670,23,2026-09-29T22:40:10+00:00,public,2026-09-29T22:40:10+00:00
auxuYE7Z-ZQ,,,,,,,,,unavailable,2026-09-29T22:40:10+00:00
LgZb-lvPA5M,,,,,,,,,unavailable,2026-09-29T22:40:10+00:00
Hm_4wVjMHTM,UCOBZRjeoyyA26TcAmkXq7uQ,2ch馴れ初め物語,【2ch馴れ初め】親に捨てられ親戚にも疫病神扱いされるアルビノの少女 ➡ 俺が営む民宿で住み込みで手伝ってもらった結果【ゆっくり】,2023-12-23T09:30:07Z,70517,748,42,2026-09-29T22:40:10+00:00,public,2026-09-29T22:40:10+00:00
UGdzXJcKn58,,,,,,,,,unavailable,2026-09-29T22:40:10+00:00
IBIPyDANtXc,UCGAn8ks-dTNfJK7i9LgSBvQ,2ch馴れ初めで愛を語る,【2ch馴れ初め】思春期の娘に口を聞いてもらえないシングルファザーの俺 職場の美人後輩に助けられた結果,2023-12-29T08:13:09Z,65362,581,4,2026-09-29T22:40:10+00:00,public,2026-09-29T22:40:10+00:00
DF4rpVKQbqE,,,,,,,,,unavailable,2026-09-29T22:40:10+00:00
88uyN4Niax8,,,,,,,,,unavailable,2026-09-29T22:40:10+00:00
tjbMmc2X8vI,,,,,,,,,unavailable,2026-09-29T22:40:10+00:00
85F-_RR6oaU,,,,,,,,,unavailable,2026-09-29T22:40:10+00:00
Ix808V9QmyQ,,,,,,,,,unavailable,2026-09-29T22:40:10+00:00
a-lqzBrcTqM,,,,,,,,,unavailable,2026-09-29T22:40:10+00:00
cQNVH9kG2mI,UCf-5TwO_qhozUjT_t7wFo7g,2ch馴れ初めキューピッド,【2ch馴れ初め】貧しい家を助けるため倒壊寸前の屋台でおでんを売るボロボロ少女、大工屋の俺が修理してあげた結果...【ゆっくり】,2024-01-06T10:00:31Z,69639,815,13,2026-09-29T22:40:10+00:00,public,2026-09-29T22:40:10+00:00
qi-yQ_xmHb4,,,,,,,,,unavailable,2026-09-29T22:40:10+00:00
G06oL45_Ij8,UCGAn8ks-dTNfJK7i9LgSBvQ,2ch馴れ初めで愛を語る,【2ch馴れ初め】隣のボロ家に引っ越してきたガリガリの貧乏母娘 → うどん屋を営む祖父の自慢の手料理を差し入れた結果,2024-01-08T01:46:00Z,192789,1962,58,2026-09-29T22:40:10+00:00,public,2026-09-29T22:40:10+00:00
sid_z10du-0,,,,,,,,,unavailable,2026-09-29T22:40:10+00:00
T2bwe2OgOOk,,,,,,,,,unavailable,2026-09-29T22:40:10+00:00
v2ZzVSfdlVk,,,,,,,,,unavailable,2026-09-29T22:40:10+00:00
--gkJtnALMQ,,,,,,,,,unavailable,2026-09-29T22:40:10+00:00
OsiMO6O84LI,,,,,,,,,unavailable,2026-09-29T22:40:10+00:00
1G2bBWy1M_k,,,,,,,,,unavailable,2026-09-29T22:40:10+00:00
rghPIR-qmA4,,,,,,,,,unavailable,2026-09-29T22:40:10+00:00
h2hECmFFnfo,,,,,,,,,unavailable,2026-09-29T22:40:10+00:00
9pvNeHBxvD0,,,,,,,,,unavailable,2026-09-29T22:40:10+00:00
7GwSBXsBnoU,,,,,,,,,unavailable,2026-09-29T22:40:10+00:00
OxvfU08ijrA,,,,,,,,,unavailable,2026-09-29T22:40:10+00:00
d3ZneDLqk4U,,,,,,,,,unavailable,2026-09-29T22:40:10+00:00
MNIw0D62Oak,UCf-5TwO_qhozUjT_t7wFo7g,2ch馴れ初めキューピッド,【2ch馴れ初め】真冬の北海道で餓死寸前のボロボロの少女を旅中の俺がキャンピングカーで保護した結果...【ゆっくり】,2023-12-26T10:00:20Z,47566,641,8,2026-09-29T22:40:10+00:00,public,2026-09-29T22:40:10+00:00
cWAiQ6Xr-bY,,,,,,,,,unavailable,2026-09-29T22:40:10+00:00
3rrvSTePiIU,,,,,,,,,unavailable,2026-09-29T22:40:10+00:00
a2lhMe3BcXw,,,,,,,,,unavailable,2026-09-29T22:40:10+00:00
5-hEazdpP-o,,,,,,,,,unavailable,2026-09-29T22:40:10+00:00
xt6909xuUTo,UC5qxS4hFAhSqPXNIZ-j4h-A,思い出のゆっくり2ch,【2ch馴れ初め】「会話ほぼゼロじゃん…帰りたい…」友達が紹介してくれた女性…無口な地味女だったが嫌々飲みに行った結果,2024-01-08T10:30:17Z,202754,919,25,2026-09-29T22:40:10+00:00,public,2026-09-29T22:40:10+00:00
t4fd652AOLQ,,,,,,,,,unavailable,2026-09-29T22:40:10+00:00
_MCh8sHZznQ,,,,,,,,,unavailable,2026-09-29T22:40:10+00:00
wHKg2kwXcVE,,,,,,,,,unavailable,2026-09-29T22:40:10+00:00
df9v_hGPj78,,,,,,,,,unavailable,2026-09-29T22:40:10+00:00
AzStt48UKbY,UCGAn8ks-dTNfJK7i9LgSBvQ,2ch馴れ初めで愛を語る,【2ch馴れ初め】妹の学費の為に昼飯を我慢する学校一の不良の俺に 料理上手な女子が毎日山盛り弁当を作ってくれた結果,2024-01-11T09:00:07Z,159144,1526,40,2026-09-29T22:40:10+00:00,public,2026-09-29T22:40:10+00:00
Trvs9v77s9E,,,,,,,,,unavailable,2026-09-29T22:40:10+00:00
S6zg3SutgSs,UCGAn8ks-dTNfJK7i9LgSBvQ,2ch馴れ初めで愛を語る,【2ch馴れ初め】極寒の夜、おでん屋台の前で凍える貧乏母娘に 温かいおでんをお腹いっぱいになるまで振舞った結果,2024-01-12T09:00:19Z,100893,1376,24,2026-09-29T22:40:10+00:00,public,2026-09-29T22:40:10+00:00
xRO_5jeVEy8,,,,,,,,,unavailable,2026-09-29T22:40:10+00:00
mMRQLpUfyv0,,,,,,,,,unavailable,2026-09-29T22:40:10+00:00
kudXZ9U7bn4,,,,,,,,,unavailable,2026-09-29T22:40:10+00:00
Jxx21FfY-RU,UC5qxS4hFAhSqPXNIZ-j4h-A,思い出のゆっくり2ch,【2ch馴れ初め】「ご趣味は？」「…別に」最悪のお見合い相手に後日思わぬ場所で再会した結果…,2023-12-05T10:30:11Z,30498,421,7,2026-09-29T22:40:10+00:00,public,2026-09-29T22:40:10+00:00
aMt8z1mipbs,,,,,,,,,unavailable,2026-09-29T22:40:10+00:00
_52B1BIL81Q,UCf-5TwO_qhozUjT_t7wFo7g,2ch馴れ初めキューピッド,【2ch馴れ初め】正月なのにボロボロのジャージ姿で独りぼっちの貧乏少女を大家族の俺が餅つき大会に招待した結果...【ゆっくり】,2024-01-02T10:15:01Z,49514,776,11,2026-09-29T22:40:10+00:00,public,2026-09-29T22:40:10+00:00
tarTDH2hrqI,,,,,,,,,unavailable,2026-09-29T22:40:10+00:00
qmYPLOgyEKA,,,,,,,,,unavailable,2026-09-29T22:40:10+00:00
pLeTxvNb5QA,,,,,,,,,unavailable,2026-09-29T22:40:10+00:00
G7pKVdCWMtA,,,,,,,,,unavailable,2026-09-29T22:40:10+00:00
BN5c2wX9wjI,,,,,,,,,unavailable,2026-09-29T22:40:10+00:00
L7tpQVr4Izs,,,,,,,,,unavailable,2026-09-29T22:40:10+00:00
YIg9gyoBzh8,,,,,,,,,unavailable,2026-09-29T22:40:10+00:00
Es22PjcGxVo,,,,,,,,,unavailable,2026-09-29T22:40:10+00:00
kOOP3BZDh9U,UCGAn8ks-dTNfJK7i9LgSBvQ,2ch馴れ初めで愛を語る,【2ch馴れ初め 総集編】 大人気馴れ初め動画6選まとめてみた！　2ch馴れ初めで愛を語る　【作業用】【ゆっくり】,2024-01-01T06:55:44Z,43513,387,11,2026-09-29T22:40:10+00:00,public,2026-09-29T22:40:10+00:00
kkvBGAKxP5c,,,,,,,,,unavailable,2026-09-29T22:40:10+00:00
mIQrN1r0OZU,,,,,,,,,unavailable,2026-09-29T22:40:10+00:00
lWbsXofBaYA,,,,,,,,,unavailable,2026-09-29T22:40:10+00:00
CTlm3210dmY,,,,,,,,,unavailable,2026-09-29T22:40:10+00:00
57_ioaWkKnQ,UC5qxS4hFAhSqPXNIZ-j4h-A,思い出のゆっくり2ch,【2ch感動＆馴れ初め総集編】2023年人気動画まとめ！浮気相手の子と知らずに育ててきた娘…。数年後、俺の家に助けを求めてきた結果… 人気動画傑作選,2023-12-31T10:00:04Z,38619,399,13,2026-09-29T22:40:10+00:00,public,2026-09-29T22:40:10+00:00
J62ZKKekczc,UC5qxS4hFAhSqPXNIZ-j4h-A,思い出のゆっくり2ch,【2ch馴れ初め】「あら？結婚の約束したの忘れちゃったの？」遠くへ引越してしまった近所のお姉さん、11年後…俺のルームシェア相手募集にまさかの,2023-12-02T10:30:04Z,17188,374,9,2026-09-29T22:40:10+00:00,public,2026-09-29T22:40:10+00:00
0xFg-CNkoMU,,,,,,,,,unavailable,2026-09-29T22:40:10+00:00
IP1z6w5nEco,,,,,,,,,unavailable,2026-09-29T22:40:10+00:00
dh1VMgN0Oqs,,,,,,,,,unavailable,2026-09-29T22:40:10+00:00
tXbVU8whyGc,,,,,,,,,unavailable,2026-09-29T22:40:10+00:00
UtcKRKAgWb8,,,,,,,,,unavailable,2026-09-29T22:40:10+00:00
BQGsPiwOT14,UC5qxS4hFAhSqPXNIZ-j4h-A,思い出のゆっくり2ch,【2ch馴れ初め】「それじゃあ、僕に全部くれるかな？」道端でクッキーを売るボロボロ少女。俺が社員のために買い占めた結果…,2024-01-06T10:30:07Z,17380,486,8,2026-09-29T22:40:10+00:00,public,2026-09-29T22:40:10+00:00
QU7BuBZT-no,,,,,,,,,unavailable,2026-09-29T22:40:10+00:00
jOfmRLSYqLA,UCvlBRb921xn_o13VTnILOKw,2ch馴れ初めゆっくりで最愛,【2ch馴れ初め】閉店間際のラーメン屋で半炒飯だけを分け合う貧乏母娘 天涯孤独の俺が大盛りの特製ラーメンをご馳走した結果【ゆっくり】,2024-01-09T09:00:27Z,17063,292,4,2026-09-29T22:40:10+00:00,public,2026-09-29T22:40:10+00:00
UPBtQ9v4Oqs,,,,,,,,,unavailable,2026-09-29T22:40:10+00:00
FXF1bp3WidY,,,,,,,,,unavailable,2026-09-29T22:40:10+00:00
K50Hr_kcGM8,,,,,,,,,unavailable,2026-09-29T22:40:10+00:00
DUN98cYihKY,,,,,,,,,unavailable,2026-09-29T22:40:10+00:00
uNdGyHLMKuM,,,,,,,,,unavailable,2026-09-29T22:40:10+00:00
Pm9nh6SvmTo,,,,,,,,,unavailable,2026-09-29T22:40:10+00:00
YHclLM4cenE,,,,,,,,,unavailable,2026-09-29T22:40:10+00:00
PFcsw-70VS4,,,,,,,,,unavailable,2026-09-29T22:40:10+00:00
eu3SjJLqFjU,,,,,,,,,unavailable,2026-09-29T22:40:10+00:00
-4QGNjuB04o,,,,,,,,,unavailable,2026-09-29T22:40:10+00:00
NU6jOEuJUDs,,,,,,,,,unavailable,2026-09-29T22:40:10+00:00
5kwzMyiDxaM,,,,,,,,,unavailable,2026-09-29T22:40:10+00:00
XCUWwwczxdI,,,,,,,,,unavailable,2026-09-29T22:40:10+00:00
ajSArTpajQw,,,,,,,,,unavailable,2026-09-29T22:40:10+00:00
XnmD9YqXZKk,,,,,,,,,unavailable,2026-09-29T22:40:10+00:00
oLb4eZD6hUU,,,,,,,,,unavailable,2026-09-29T22:40:10+00:00
Ckp2pr8gW4U,UC5qxS4hFAhSqPXNIZ-j4h-A,思い出のゆっくり2ch,【2ch馴れ初め総集編】「良ければしばらく泊めてくれない…？私のためにも…！」両親を亡くした姪を引き取った俺…同僚が住込みで助けてくれた結果… ！思い出のゆっくり2ch 人気動画まとめ,2024-01-07T10:30:03Z,16256,154,1,2026-09-29T22:40:10+00:00,public,2026-09-29T22:40:10+00:00
bGfbqV-PeqY,UC5qxS4hFAhSqPXNIZ-j4h-A,思い出のゆっくり2ch,【2ch馴れ初め】「卒業までご迷惑をおかけします…」好きだった幼馴染の親が会社倒産にあい…卒業まで俺の家に住むことになった結果…,2023-12-29T10:30:11Z,9506,178,1,2026-09-29T22:40:10+00:00,public,2026-09-29T22:40:10+00:00
b65nUtPuRsQ,,,,,,,,,unavailable,2026-09-29T22:40:10+00:00
nRLUVf-j3e4,,,,,,,,,unavailable,2026-09-29T22:40:10+00:00
fUMbojqmwFw,UC5qxS4hFAhSqPXNIZ-j4h-A,思い出のゆっくり2ch,【2ch馴れ初め】「助けたら試験に間に合わない！でも…」大事なテストに向かう途中に、迷子の女の子を発見。自分のことを顧みず助けた結果…,2024-01-11T10:30:22Z,13996,323,7,2026-09-29T22:40:10+00:00,public,2026-09-29T22:40:10+00:00
F_W4xpZdvOs,UCOBZRjeoyyA26TcAmkXq7uQ,2ch馴れ初め物語,【2ch馴れ初め】姉夫婦が事故で他界し、残された4歳の姪っ子を引き取った俺 → 夜怖くて眠れないと大泣きしていた所を隣に住む美人幼馴染が駆けつけてくれた結果【ゆっくり】,2024-01-05T09:00:18Z,8269,85,0,2026-09-29T22:40:10+00:00,public,2026-09-29T22:40:10+00:00
RIQ9VPP2KFQ,,,,,,,,,unavailable,2026-09-29T22:40:10+00:00
Guyz7IXU4FE,UC5qxS4hFAhSqPXNIZ-j4h-A,思い出のゆっくり2ch,【2ch馴れ初め】ずっと片思いしていた女性が結婚し絶望する俺。慰めてくれた同僚が急にアプローチしてきた結果…,2024-01-10T10:30:05Z,20190,173,1,2026-09-29T22:40:10+00:00,public,2026-09-29T22:40:10+00:00
sMhx2UYR0vo,,,,,,,,,unavailable,2026-09-29T22:40:10+00:00
j8T5RUqfbu8,,,,,,,,,unavailable,2026-09-29T22:40:10+00:00
NZODF-GFFSE,,,,,,,,,unavailable,2026-09-29T22:40:10+00:00
Brx7-yzSkQU,UCf-5TwO_qhozUjT_t7wFo7g,2ch馴れ初めキューピッド,【2ch馴れ初め】給食をこっそり持ち帰るヤンキー女、弁当屋息子の俺が売れ残りをあげた結果...【ゆっくり】,2024-01-10T10:00:08Z,7187,162,2,2026-09-29T22:40:10+00:00,public,2026-09-29T22:40:10+00:00
TKzYTFVyyuc,,,,,,,,,unavailable,2026-09-29T22:40:10+00:00
ocBM9N8xs5Q,UC5qxS4hFAhSqPXNIZ-j4h-A,思い出のゆっくり2ch,【2ch伝説の馴れ初め】「しれとこ～！」「ダメだ…見事に逆走してる！！」フィンランド人の18歳少女の自転車旅行にお供した結果…　#2ch名作  自転車で旅に出たら人生変わった #2ch伝説のスレ,2023-06-25T10:30:24Z,736861,10592,389,2026-09-29T22:40:10+00:00,public,2026-09-29T22:40:10+00:00
pnaQvMMZ6aw,UCGAn8ks-dTNfJK7i9LgSBvQ,2ch馴れ初めで愛を語る,【2ch馴れ初め】大人が使うアレが抜けないと泣いて電話してきた幼馴染　俺が引っ張って助けた結果,2023-08-28T09:21:57Z,870703,3754,72,2026-09-29T22:40:10+00:00,public,2026-09-29T22:40:10+00:00
L3eZqcnRkkc,,,,,,,,,unavailable,2026-09-29T22:40:10+00:00
SMTqg596aJw,,,,,,,,,unavailable,2026-09-29T22:40:10+00:00
21EpCT98NLo,UC5qxS4hFAhSqPXNIZ-j4h-A,思い出のゆっくり2ch,【2ch馴れ初め】低学歴はブスの相手なww 合コンで地味な女と二人きりになった結果…後日、彼女の正体が判明し…,2023-10-11T10:30:02Z,442098,4570,142,2026-09-29T22:40:10+00:00,public,2026-09-29T22:40:10+00:00
8RXn0QNEo-Y,,,,,,,,,unavailable,2026-09-29T22:40:10+00:00
Y4qeEAoMAbs,,,,,,,,,unavailable,2026-09-29T22:40:10+00:00
tjiK3liKExA,UC5qxS4hFAhSqPXNIZ-j4h-A,思い出のゆっくり2ch,【2ch伝説の馴れ初め】引きこもりニートが現実逃避したくて青森県に3年間住んだ結果→美人3姉妹との生活が始まり...,2023-03-17T10:30:19Z,267005,3101,146,2026-09-29T22:40:10+00:00,public,2026-09-29T22:40:10+00:00
XOw-saiBTLw,UC5qxS4hFAhSqPXNIZ-j4h-A,思い出のゆっくり2ch,【2ch馴れ初め】帰宅したら見知らぬ女が寝ていた結果・・・ 傑作選！感動の名作なれそめスレ厳選18本をまとめてみた！,2023-04-01T10:00:19Z,187188,1272,14,2026-09-29T22:40:10+00:00,public,2026-09-29T22:40:10+00:00
AeGXIOdw8yI,UC5qxS4hFAhSqPXNIZ-j4h-A,思い出のゆっくり2ch,【2ch馴れ初め】おじにムリヤリ紹介されて暗すぎる女とお見合いした結果・・・,2023-05-02T10:30:05Z,152871,1045,52,2026-09-29T22:40:10+00:00,public,2026-09-29T22:40:10+00:00
iDR32yVgDDw,UC5qxS4hFAhSqPXNIZ-j4h-A,思い出のゆっくり2ch,【2ch馴れ初め】母ちゃんより怖い女上司と深夜の会社で二人っきりになった結果・・・,2023-03-28T10:30:15Z,171495,1701,48,2026-09-29T22:40:10+00:00,public,2026-09-29T22:40:10+00:00
nJMu967lRRU,UCOBZRjeoyyA26TcAmkXq7uQ,2ch馴れ初め物語,【2ch総集編】馴れ初め①人気動画8選まとめ総集編【作業用】【ゆっくり】,2023-03-13T00:00:16Z,141279,735,16,2026-09-29T22:40:10+00:00,public,2026-09-29T22:40:10+00:00
OC57nSCfgpM,UC5qxS4hFAhSqPXNIZ-j4h-A,思い出のゆっくり2ch,【2ch馴れ初め】貧乏で靴が買えない転校生に、バイトして靴をプレゼントした結果…　2ch 馴れ初めスレ傑作選！号泣必至！泣ける…感動の名作なれそめ人気動画 7本をまとめてみた！総集編,2023-06-02T12:00:27Z,150484,1593,37,2026-09-29T22:40:10+00:00,public,2026-09-29T22:40:10+00:00
X-3bUMazows,UCf-5TwO_qhozUjT_t7wFo7g,2ch馴れ初めキューピッド,【2ch馴れ初め】廃業寸前の和食店に10円玉を握りしめたボロボロの少女が来た。店主の俺が天ぷらを奢った結果...【ゆっくり】,2023-06-27T11:00:32Z,133313,1853,38,2026-09-29T22:40:10+00:00,public,2026-09-29T22:40:10+00:00
Yk1mujac6no,UCOBZRjeoyyA26TcAmkXq7uQ,2ch馴れ初め物語,【2ch馴れ初め】【総集編】運命的過ぎる出会いをした馴れ初めスレ10選まとめ①【作業用】【ゆっくり】,2023-03-05T10:00:26Z,124997,567,5,2026-09-29T22:40:10+00:00,public,2026-09-29T22:40:10+00:00
GZel5L_L3vk,UCOBZRjeoyyA26TcAmkXq7uQ,2ch馴れ初め物語,【2ch馴れ初め】嵐の中公園で1人苦しんでる外国人…発熱してたので助けた結果…【ゆっくり】,2023-03-18T10:00:09Z,110400,1053,17,2026-09-29T22:40:10+00:00,public,2026-09-29T22:40:10+00:00
bwQvcip_UPQ,UCZGcH1Ng57XSxnX62skVOrQ,馴れ初め脚長オジサン,【2ch馴れ初め】毎朝通勤で会う小汚い女が猛暑のあまり卒倒した→服を脱がして連れ帰った結果…【ゆっくり解説】,2023-07-02T08:00:17Z,97077,1097,19,2026-09-29T22:40:10+00:00,public,2026-09-29T22:40:10+00:00
79xZDhdnVuI,UC5qxS4hFAhSqPXNIZ-j4h-A,思い出のゆっくり2ch,【2ch馴れ初め】姉の子が重い難病に…俺「はい700万円」姉「必ず返すから！」→後日、姉からとんでもないお返しが…,2023-06-13T10:30:04Z,106579,1137,50,2026-09-29T22:40:10+00:00,public,2026-09-29T22:40:10+00:00
_hycrtfk2FY,UCf-5TwO_qhozUjT_t7wFo7g,2ch馴れ初めキューピッド,【2ch馴れ初め】ギャンブル依存症の私が農家の長男に嫁いだ結果...【ゆっくり】,2023-06-24T10:00:26Z,100115,1323,42,2026-09-29T22:40:10+00:00,public,2026-09-29T22:40:10+00:00
m8v2coUB6fw,UCOBZRjeoyyA26TcAmkXq7uQ,2ch馴れ初め物語,【2ch馴れ初め総集編】積極的な女性との出会いをまとめてみた10選【作業用】【ゆっくり】,2023-03-27T10:00:27Z,98722,706,9,2026-09-29T22:40:10+00:00,public,2026-09-29T22:40:10+00:00
OrcXJ3FEjbE,UCNgCovRcGFrH1qe5uwJ5utg,2chほのぼのちゃんちゃん,【2ch馴れ初め】なぜかいつも俺にだけ塩対応な幼馴染に、彼女が出来たという嘘をついた結果…,2023-02-11T10:00:14Z,109132,1087,55,2026-09-29T22:40:10+00:00,public,2026-09-29T22:40:10+00:00
RNvkigjwhEY,UC5qxS4hFAhSqPXNIZ-j4h-A,思い出のゆっくり2ch,【2ch馴れ初め】兄嫁の連れ子の8歳の姪と同居…10年後、告白された結果ｗ,2023-06-02T10:00:19Z,99307,1083,40,2026-09-29T22:40:10+00:00,public,2026-09-29T22:40:10+00:00
u-HwphuV9YE,,,,,,,,,unavailable,2026-09-29T22:40:10+00:00
gcNxy21GjrE,UC5qxS4hFAhSqPXNIZ-j4h-A,思い出のゆっくり2ch,【2ch馴れ初め】田舎に転勤になって絶望した結果ｗ　#2ch名作スレ,2023-03-19T10:30:17Z,84842,1034,25,2026-09-29T22:40:10+00:00,public,2026-09-29T22:40:10+00:00
E4gq5C7M4IQ,UCOBZRjeoyyA26TcAmkXq7uQ,2ch馴れ初め物語,【2ch総集編】馴れ初め②人気動画９選まとめ総集編【作業用】【ゆっくり】,2023-04-29T10:00:07Z,72766,538,3,2026-09-29T22:40:10+00:00,public,2026-09-29T22:40:10+00:00
_a2yEImPt_w,UC5qxS4hFAhSqPXNIZ-j4h-A,思い出のゆっくり2ch,【2ch馴れ初め】親が決めた許嫁みたいな幼馴染から全力で逃げた結果　#2ch名作スレ,2023-05-09T10:30:19Z,67110,913,63,2026-09-29T22:40:10+00:00,public,2026-09-29T22:40:10+00:00
DQ-nOzJ0fcE,UC5qxS4hFAhSqPXNIZ-j4h-A,思い出のゆっくり2ch,【2ch馴れ初め】人生に絶望してたとき見知らぬ男が家に入ってきて・・・。 傑作選！感動の名作なれそめスレ厳選15本をまとめてみた！総集編,2023-04-21T11:00:07Z,73171,695,15,2026-09-29T22:40:10+00:00,public,2026-09-29T22:40:10+00:00
gjppUR0l-6c,UC5qxS4hFAhSqPXNIZ-j4h-A,思い出のゆっくり2ch,【2ch馴れ初め】昔めっちゃ怖かった高校の先生を飲みに誘った結果,2023-05-01T10:30:20Z,69593,818,21,2026-09-29T22:40:10+00:00,public,2026-09-29T22:40:10+00:00
dXo4iLZUBTI,UC5qxS4hFAhSqPXNIZ-j4h-A,思い出のゆっくり2ch,【2ch馴れ初め】朝起きたら職場の後輩が俺の部屋に勝手に侵入していた結果ｗ　#2ch名作スレ,2023-05-12T10:30:10Z,70900,784,28,2026-09-29T22:40:10+00:00,public,2026-09-29T22:40:10+00:00
w5uAKo3LZhY,UCOBZRjeoyyA26TcAmkXq7uQ,2ch馴れ初め物語,【2ch馴れ初め】幼い頃、トイレを手伝ってあげてた同僚の娘…女子大生になってから再会した結果…【ゆっくり】,2023-06-10T01:00:19Z,56435,484,1,2026-09-29T22:40:10+00:00,public,2026-09-29T22:40:10+00:00
vTWIATo73Lk,UC5qxS4hFAhSqPXNIZ-j4h-A,思い出のゆっくり2ch,【2ch馴れ初め】美人の同僚が原因不明の発疹で悪臭のバケモノに…俺だけが態度を変えなかった結果,2023-06-12T10:30:29Z,56286,799,32,2026-09-29T22:40:10+00:00,public,2026-09-29T22:40:10+00:00
83XsDi7ThGc,,,,,,,,,unavailable,2026-09-29T22:40:10+00:00
_xrXDqoyunM,UC5qxS4hFAhSqPXNIZ-j4h-A,思い出のゆっくり2ch,【2ch馴れ初め】親にも親戚にも捨てられ、生きるために歳の差倍以上バツ2中卒オジサンとやけくそで結婚した結果…,2023-06-06T10:30:09Z,74836,894,28,2026-09-29T22:40:10+00:00,public,2026-09-29T22:40:10+00:00
oH1K4XTKaGA,,,,,,,,,unavailable,2026-09-29T22:40:10+00:00
fkZyZR383N8,UC5qxS4hFAhSqPXNIZ-j4h-A,思い出のゆっくり2ch,【2ch馴れ初め】電車で挙動不審な外国人女性に声をかけた結果・・・！#2ch名作 #長編,2023-02-09T10:30:10Z,91532,1339,30,2026-09-29T22:40:10+00:00,public,2026-09-29T22:40:10+00:00
xhXW4wzrvsw,UC5qxS4hFAhSqPXNIZ-j4h-A,思い出のゆっくり2ch,【2ch馴れ初め】転勤でド田舎に飛ばされて絶望し結果→大家さんの娘と出会い…。 傑作選！感動の名作なれそめスレ厳選20本をまとめてみた！総集編,2023-04-25T12:00:46Z,54885,594,6,2026-09-29T22:40:10+00:00,public,2026-09-29T22:40:10+00:00
XmDJnr_rM94,,,,,,,,,unavailable,2026-09-29T22:40:10+00:00
ADgNvgUHwxg,UC5qxS4hFAhSqPXNIZ-j4h-A,思い出のゆっくり2ch,【2ch馴れ初め】陰キャが突然マドンナに告白された結果,2023-04-07T10:30:04Z,46837,502,11,2026-09-29T22:40:10+00:00,public,2026-09-29T22:40:10+00:00
PQgbwKKz4z0,,,,,,,,,unavailable,2026-09-29T22:40:10+00:00
MUWWTyCmYgI,,,,,,,,,unavailable,2026-09-29T22:40:10+00:00
gDiTLBUed7Y,UC5qxS4hFAhSqPXNIZ-j4h-A,思い出のゆっくり2ch,【2ch馴れ初め】36歳のオッサンが親友の娘に告白された結果,2023-04-03T10:30:18Z,27688,373,10,2026-09-29T22:40:10+00:00,public,2026-09-29T22:40:10+00:00
tf0nqSpWBwM,,,,,,,,,unavailable,2026-09-29T22:40:10+00:00
C3ssR9Bneys,UCGAn8ks-dTNfJK7i9LgSBvQ,2ch馴れ初めで愛を語る,【2ch馴れ初め】汚いお爺さんに金を貸したら実はヤクザ組長 → 数日後、大量の黒服と極道の美女がやって来た結果,2024-04-15T09:00:11Z,947728,3761,116,2026-09-29T22:40:10+00:00,public,2026-09-29T22:40:10+00:00
YVIqF7ldvJI,,,,,,,,,unavailable,2026-09-29T22:40:10+00:00
Mjw-z8PZfhM,UCGAn8ks-dTNfJK7i9LgSBvQ,2ch馴れ初めで愛を語る,【2ch馴れ初め】親戚に奴隷扱いされていた姪を引き取った俺 → 妹を亡くした幼馴染が母親のように接してくれた結果,2024-04-20T03:00:22Z,1427338,17389,547,2026-09-29T22:40:10+00:00,public,2026-09-29T22:40:10+00:00
QPv9PhrB8UE,UCIJONPMEYWDjyz07oNx55Pw,2ch馴れ初め奇跡の出会い,【2ch馴れ初め】俺のラーメン屋に面接に来たホームレス母娘→学生時代クラスの中心にいたヤンキー美女だった結果...【ゆっくり】,2024-03-05T09:00:19Z,326990,3110,76,2026-09-29T22:40:10+00:00,public,2026-09-29T22:40:10+00:00
K6mLB-nvm8s,UCGAn8ks-dTNfJK7i9LgSBvQ,2ch馴れ初めで愛を語る,【2ch馴れ初め】迷子の双子を助けて送り届けたらヤクザ事務所 → 大量の黒服と片思いしてるクラスの清楚系美女が待ち受けてた結果,2024-03-26T09:00:14Z,569091,5387,123,2026-09-29T22:40:10+00:00,public,2026-09-29T22:40:10+00:00
9Pl4R_gp3jE,,,,,,,,,unavailable,2026-09-29T22:40:10+00:00
luvNeP-TAs8,UCf-5TwO_qhozUjT_t7wFo7g,2ch馴れ初めキューピッド,【2ch馴れ初め】地味な新人男性の教育をすることになった私→後日、彼の本当の姿に騒然…【ゆっくり】,2024-03-14T09:00:35Z,255354,2339,62,2026-09-29T22:40:10+00:00,public,2026-09-29T22:40:10+00:00
xK3brAbI6lA,,,,,,,,,unavailable,2026-09-29T22:40:10+00:00
X0yrb7IFCP8,UCGAn8ks-dTNfJK7i9LgSBvQ,2ch馴れ初めで愛を語る,【2ch馴れ初め】お茶会のいちご大福300個をドタキャンされた廃業寸前の和菓子屋 →  有名旅館の若旦那の俺が全て買い取った結果,2024-04-09T09:51:37Z,325569,3749,169,2026-09-29T22:40:10+00:00,public,2026-09-29T22:40:10+00:00
5Pm2_TCYVUI,UCqaL3Zr-4tF2AjQziFuhelg,2ch 馴れ初め ストーリーズ,【2ch馴れ初め】赤字続きの俺の会社に面接に来た謎のボロボロ女性→超有能だったので秘書として即採用した結果【ゆっくり】,2024-04-05T10:00:04Z,230413,2176,30,2026-09-29T22:40:10+00:00,public,2026-09-29T22:40:10+00:00
yflW0KGlAwE,UCIJONPMEYWDjyz07oNx55Pw,2ch馴れ初め奇跡の出会い,【2ch馴れ初め】両親を亡くし親戚から厄介者扱いの双子→キモオタ資産家子息の俺が引取った結果...【ゆっくり】,2024-03-07T10:00:58Z,197240,1734,34,2026-09-29T22:40:10+00:00,public,2026-09-29T22:40:10+00:00
o52Q-oDR3pM,UCGAn8ks-dTNfJK7i9LgSBvQ,2ch馴れ初めで愛を語る,【2ch馴れ初め】取引先の元ヤン女社長に頼まれお見合いに行ったら　まさかの本人が登場した結果,2024-04-21T04:05:03Z,618281,4708,85,2026-09-29T22:40:10+00:00,public,2026-09-29T22:40:10+00:00
YpuziC0QUes,UCGAn8ks-dTNfJK7i9LgSBvQ,2ch馴れ初めで愛を語る,【2ch馴れ初め】高校時代の宿敵のレディース総長 → 10年後お見合いで再会した結果,2024-03-21T10:36:59Z,306145,1880,40,2026-09-29T22:40:10+00:00,public,2026-09-29T22:40:10+00:00
YFPECvPL4rM,UCIJONPMEYWDjyz07oNx55Pw,2ch馴れ初め奇跡の出会い,【2ch馴れ初め】赤字続きの俺の営む旅館に面接に来たホームレス母娘 →超有能だったので住み込みで即採用した結果...【ゆっくり】,2024-04-19T10:00:35Z,421864,4389,98,2026-09-29T22:40:10+00:00,public,2026-09-29T22:40:10+00:00
OdZ4Te9CSEw,UC5qxS4hFAhSqPXNIZ-j4h-A,思い出のゆっくり2ch,【2ch馴れ初め】「こんな可愛いお部屋…見たことない！」酷い親戚が捨てた姪を引き取った俺…保育士の幼馴染が母親のように接してくれた結果,2024-04-06T10:30:13Z,192137,2832,80,2026-09-29T22:40:10+00:00,public,2026-09-29T22:40:10+00:00
1u-h_FJH6Cg,UCGAn8ks-dTNfJK7i9LgSBvQ,2ch馴れ初めで愛を語る,【2ch馴れ初め】廃業寸前の焼肉屋で経営者新年会の予約３０人分をドタキャンされたボロボロ母娘 → 零細企業社長の俺が社員全員呼んで焼肉を振舞った結果,2024-03-28T09:00:04Z,211923,2687,96,2026-09-29T22:40:10+00:00,public,2026-09-29T22:40:10+00:00
lNqaBRJMeYg,UCf-5TwO_qhozUjT_t7wFo7g,2ch馴れ初めキューピッド,【2ch馴れ初め】道で倒れてるヤ○ザにラーメンをご馳走した俺→後日、娘を更生させてくれと懇願された結果…【ゆっくり】,2024-03-10T09:00:30Z,179401,1725,54,2026-09-29T22:40:10+00:00,public,2026-09-29T22:40:10+00:00
ChnwmZ3BxuA,UCGAn8ks-dTNfJK7i9LgSBvQ,2ch馴れ初めで愛を語る,【2ch馴れ初め】転校生でいつもぼっちのヤンキー女子 → 腕の大きなあざに見覚えがあり振り向いてくれるまで何度も声をかけた結果,2024-03-10T04:00:06Z,181694,1583,42,2026-09-29T22:40:10+00:00,public,2026-09-29T22:40:10+00:00
lvQE8WfyFEg,,,,,,,,,unavailable,2026-09-29T22:40:10+00:00
dwGhj26x3K8,UCGAn8ks-dTNfJK7i9LgSBvQ,2ch馴れ初めで愛を語る,【2ch馴れ初め】亡き母のカレーを作ってほしいとレシピノートを持ってやってきたガリガリの双子姉妹 → 廃業寸前のカレー屋を営む俺が再現した結果,2024-04-12T09:00:25Z,208435,2839,103,2026-09-29T22:40:10+00:00,public,2026-09-29T22:40:10+00:00
a4_0x8DqO5Y,UCf-5TwO_qhozUjT_t7wFo7g,2ch馴れ初めキューピッド,【2ch馴れ初め】親友に仲間を奪われた女性→元天才SE現地味清掃員の俺だけが残った結果…【ゆっくり】,2024-04-17T12:15:01Z,193515,1525,32,2026-09-29T22:40:10+00:00,public,2026-09-29T22:40:10+00:00
y-tyXF-mnWo,UCIJONPMEYWDjyz07oNx55Pw,2ch馴れ初め奇跡の出会い,【2ch馴れ初め】中卒が理由で解雇され路頭に迷っている学校一の秀才幼馴染 →零細企業社長の俺が住込みで雇った結果...【ゆっくり】,2024-04-13T10:00:46Z,249840,2365,61,2026-09-29T22:40:10+00:00,public,2026-09-29T22:40:10+00:00
5xkGC8anm4c,UCGAn8ks-dTNfJK7i9LgSBvQ,2ch馴れ初めで愛を語る,【2ch馴れ初め】長期出張が決まった社長に頼まれ 金髪不良娘と1か月同棲することになった結果,2024-04-08T12:10:13Z,297428,1844,32,2026-09-29T22:40:10+00:00,public,2026-09-29T22:40:10+00:00
WWBDszULtw8,UCGAn8ks-dTNfJK7i9LgSBvQ,2ch馴れ初めで愛を語る,【2ch馴れ初め】田舎で１人暮らしする父の話相手になってくれるボロボロの双子 → 破れたトートバッグしか持ってないので、新品のランドセルをプレゼントした結果,2024-03-23T11:41:40Z,194608,2391,66,2026-09-29T22:40:10+00:00,public,2026-09-29T22:40:10+00:00
Fskr3HqHqzc,,,,,,,,,unavailable,2026-09-29T22:40:10+00:00
my_ZFrhDil0,UCGAn8ks-dTNfJK7i9LgSBvQ,2ch馴れ初めで愛を語る,【2ch馴れ初め】深夜のファミレスでパンを分け合う貧乏姉妹 →  亡き娘の好きだったお子様ランチを振舞った結果,2024-04-03T09:20:54Z,143956,2198,84,2026-09-29T22:40:10+00:00,public,2026-09-29T22:40:10+00:00
7bOyrcTuz5U,UCGAn8ks-dTNfJK7i9LgSBvQ,2ch馴れ初めで愛を語る,【2ch馴れ初め】社畜の俺が残業で終電を逃し深夜のファミレスで時間を潰してたら 初対面のキャバ嬢に相席を求められた結果,2024-04-13T07:00:03Z,211622,1652,42,2026-09-29T22:40:10+00:00,public,2026-09-29T22:40:10+00:00
w9F5fMt7a8w,UC5qxS4hFAhSqPXNIZ-j4h-A,思い出のゆっくり2ch,【2ch馴れ初め】僻地にあるウチの田舎へ越してきたワケあり母娘…挨拶代わりに米30キロ持って行った結果,2024-04-17T10:30:30Z,135175,1865,44,2026-09-29T22:40:10+00:00,public,2026-09-29T22:40:10+00:00
b0YhLOPttFQ,UCf-5TwO_qhozUjT_t7wFo7g,2ch馴れ初めキューピッド,【2ch馴れ初め】頼みを断れずに地味男とお見合い→後日、彼の驚きの正体が…【ゆっくり】,2024-04-14T12:15:01Z,198712,1663,32,2026-09-29T22:40:10+00:00,public,2026-09-29T22:40:10+00:00
UcI9r69nibI,,,,,,,,,unavailable,2026-09-29T22:40:10+00:00
4GO866W_WiA,UCGAn8ks-dTNfJK7i9LgSBvQ,2ch馴れ初めで愛を語る,【2ch馴れ初め】母の誕生日に大好きなメロンパンをあげたいとやって来た双子姉妹 → お手伝いしてもらい３人で特大メロンパンを焼いた結果,2024-04-27T04:27:59Z,142784,1899,58,2026-09-29T22:40:10+00:00,public,2026-09-29T22:40:10+00:00
JOJLh_ay8I4,UCIJONPMEYWDjyz07oNx55Pw,2ch馴れ初め奇跡の出会い,【2ch馴れ初め】親戚に酷い扱いをされていた子供を引き取った俺 →隣人の元ヤン美女が母親のように接してくれた結果…【ゆっくり】,2024-04-26T10:00:28Z,195113,2519,62,2026-09-29T22:40:10+00:00,public,2026-09-29T22:40:10+00:00
zX8hMqgyv2A,UCGAn8ks-dTNfJK7i9LgSBvQ,2ch馴れ初めで愛を語る,【2ch馴れ初め】挫折して田舎に戻って来た東大卒の天才同級生 → 廃業寸前の俺の弁当屋を手伝ってもらった結果,2024-04-25T10:30:56Z,87046,1095,32,2026-09-29T22:40:10+00:00,public,2026-09-29T22:40:10+00:00
m8YMqED8Tig,UCGAn8ks-dTNfJK7i9LgSBvQ,2ch馴れ初めで愛を語る,【2ch馴れ初め】突然ヤクザが現れ涙目になる行きつけのうどん屋の母娘 → ザコのフリをした俺が正体を現した結果…,2024-03-29T09:00:51Z,96217,1237,23,2026-09-29T22:40:10+00:00,public,2026-09-29T22:40:10+00:00
moXgeEUh90g,,,,,,,,,unavailable,2026-09-29T22:40:10+00:00
07c2pXa9Ntw,,,,,,,,,unavailable,2026-09-29T22:40:10+00:00
uE3ifWpHNSY,,,,,,,,,unavailable,2026-09-29T22:40:10+00:00
nFhlyEsSq0c,,,,,,,,,unavailable,2026-09-29T22:40:10+00:00
2TdAk5Lrjec,UCGAn8ks-dTNfJK7i9LgSBvQ,2ch馴れ初めで愛を語る,【2ch馴れ初め】ヤクザの娘と知らずにバイト先で怒ったら → 数日後、家に組長と黒服がやって来た結果,2024-04-30T09:00:02Z,222744,1900,49,2026-09-29T22:40:10+00:00,public,2026-09-29T22:40:10+00:00
6xBKcHdsKr0,UCIJONPMEYWDjyz07oNx55Pw,2ch馴れ初め奇跡の出会い,【2ch馴れ初め】銀行から突然融資を打ち切られ途方に暮れるラーメン屋の母娘→常連客でキモオタ資産家の俺が助けた結果...【ゆっくり】,2024-04-15T10:00:04Z,91864,1227,40,2026-09-29T22:40:10+00:00,public,2026-09-29T22:40:10+00:00
b4uwkOhIRbU,,,,,,,,,unavailable,2026-09-29T22:40:10+00:00
HhsepJhrTDc,,,,,,,,,unavailable,2026-09-29T22:40:10+00:00
-7OtRqeRrsM,,,,,,,,,unavailable,2026-09-29T22:40:10+00:00
PUGUFmFRYGM,,,,,,,,,unavailable,2026-09-29T22:40:10+00:00
M6Ruik7qj_M,UC5qxS4hFAhSqPXNIZ-j4h-A,思い出のゆっくり2ch,【2ch馴れ初め】他界したシングルマザーの姉が残した子供を引き取り育てる俺…やむなく子連れ出勤したら、美人社長に呼び出され…,2024-04-26T10:30:11Z,64049,957,27,2026-09-29T22:40:10+00:00,public,2026-09-29T22:40:10+00:00
KkJsFBwCfWE,,,,,,,,,unavailable,2026-09-29T22:40:10+00:00
BdOI8LGVWzc,,,,,,,,,unavailable,2026-09-29T22:40:10+00:00
xcni0tm_h5M,UC9M17Nb4VrBTCynrJSTMj6Q,2ch馴れ初めラブレター,【2ch馴れ初め】卒業旅行当日に置き去りにされた車椅子の親子→高級旅館を営む俺が声を掛けた結果...【ゆっくり】,2024-04-06T09:00:52Z,61317,554,6,2026-09-29T22:40:10+00:00,public,2026-09-29T22:40:10+00:00
8ISoMSHYzgY,,,,,,,,,unavailable,2026-09-29T22:40:10+00:00
71HLC0P4rUg,UCGAn8ks-dTNfJK7i9LgSBvQ,2ch馴れ初めで愛を語る,【2ch馴れ初め】共同経営していた親友に裏切られた俺 → 優秀な社員は全員引き抜かれてしまったがギャル社員だけが残された結果,2024-04-26T09:00:10Z,55798,661,15,2026-09-29T22:40:10+00:00,public,2026-09-29T22:40:10+00:00
CIO7E6ZDdOk,UCGAn8ks-dTNfJK7i9LgSBvQ,2ch馴れ初めで愛を語る,【2ch馴れ初め 総集編】 大人気馴れ初め動画6選まとめ　2ch馴れ初めで愛を語る　【作業用】【ゆっくり】,2024-04-14T03:00:05Z,116242,1038,10,2026-09-29T22:40:10+00:00,public,2026-09-29T22:40:10+00:00
LcHPxXHukM4,UC9M17Nb4VrBTCynrJSTMj6Q,2ch馴れ初めラブレター,【2ch馴れ初め】華金の夜、すき焼きで1人晩酌してたら庭からボロボロな婆さんが現れた結果...【ゆっくり】,2024-04-22T09:00:23Z,51364,742,16,2026-09-29T22:40:10+00:00,public,2026-09-29T22:40:10+00:00
jqcEZDBuE30,,,,,,,,,unavailable,2026-09-29T22:40:10+00:00
l-dKk_Txyok,,,,,,,,,unavailable,2026-09-29T22:40:10+00:00
6N8jgwtYymU,,,,,,,,,unavailable,2026-09-29T22:40:10+00:00
5wZeWgd0wV4,,,,,,,,,unavailable,2026-09-29T22:40:10+00:00
l-O6YV_a-3U,,,,,,,,,unavailable,2026-09-29T22:40:10+00:00
OG6mYgc-RAM,UCf-5TwO_qhozUjT_t7wFo7g,2ch馴れ初めキューピッド,【2ch馴れ初め】入院した病院の担当看護師が10年前、結婚の約束をした少女だった結果…【ゆっくり】,2024-04-25T12:00:21Z,110380,1169,26,2026-09-29T22:40:10+00:00,public,2026-09-29T22:40:10+00:00
XmPPDCCrnDk,,,,,,,,,unavailable,2026-09-29T22:40:10+00:00
BkO3_tj-JUw,,,,,,,,,unavailable,2026-09-29T22:40:10+00:00
kphmzk39-Gw,,,,,,,,,unavailable,2026-09-29T22:40:10+00:00
W015UphObZ0,UCf-5TwO_qhozUjT_t7wFo7g,2ch馴れ初めキューピッド,【2ch馴れ初め】貧乏な俺がラーメンの出前を頼んだら金持ちお嬢様が配達に来た結果…【ゆっくり】,2024-04-02T09:00:31Z,37974,514,10,2026-09-29T22:40:10+00:00,public,2026-09-29T22:40:10+00:00
f9Z-KoDBheo,UCIJONPMEYWDjyz07oNx55Pw,2ch馴れ初め奇跡の出会い,【2ch馴れ初め】突然ヤクザが現れ震えている定食屋の母娘→常連客の俺が正体を明かし助けた結果...【ゆっくり】,2024-05-01T10:00:36Z,107847,1258,33,2026-09-29T22:40:10+00:00,public,2026-09-29T22:40:10+00:00
03qQq-0fEZ4,UCf-5TwO_qhozUjT_t7wFo7g,2ch馴れ初めキューピッド,【2ch馴れ初め】潰れかけの魚屋に月1回だけ来る爺さんに店主の私がお土産をサービスした結果…【ゆっくり】,2024-03-04T09:00:00Z,35444,544,19,2026-09-29T22:40:10+00:00,public,2026-09-29T22:40:10+00:00
gU6KGYowF5g,,,,,,,,,unavailable,2026-09-29T22:40:10+00:00
7_94Q6nJexc,,,,,,,,,unavailable,2026-09-29T22:40:10+00:00
NfzPZaR5oAM,,,,,,,,,unavailable,2026-09-29T22:40:10+00:00
DXKLa_7Esg0,UCIJONPMEYWDjyz07oNx55Pw,2ch馴れ初め奇跡の出会い,【2ch馴れ初め】極寒の夜、宿泊拒否され途方に暮れるボロボロ親子→キモオタ資産家でホテルを経営する俺が声をかけた結果...【ゆっくり】,2024-04-11T10:00:17Z,55127,690,32,2026-09-29T22:40:10+00:00,public,2026-09-29T22:40:10+00:00
fP0fj8NgnTE,UC9M17Nb4VrBTCynrJSTMj6Q,2ch馴れ初めラブレター,【2ch馴れ初め】いつも無愛想で俺のことが大嫌いな双子の妹 →実は血は繋がっていないとバレた結果...【ゆっくり】,2024-04-13T09:00:25Z,155592,1005,73,2026-09-29T22:40:10+00:00,public,2026-09-29T22:40:10+00:00
E8tTdZX23Gc,UCf-5TwO_qhozUjT_t7wFo7g,2ch馴れ初めキューピッド,【2ch馴れ初め】ライバルに陥れられた女性→建設関係の俺が助けた結果…【ゆっくり】,2024-04-20T12:00:12Z,36460,553,3,2026-09-29T22:40:10+00:00,public,2026-09-29T22:40:10+00:00
H9dy2Jw0RdU,UCqaL3Zr-4tF2AjQziFuhelg,2ch 馴れ初め ストーリーズ,【2ch馴れ初め】赤字続きの洋菓子店に苺の営業に来た謎のボロボロ女性→激ウマだったので独占大量発注した結果【ゆっくり】,2024-04-12T10:00:27Z,37278,648,15,2026-09-29T22:40:10+00:00,public,2026-09-29T22:40:10+00:00
zhfYRN6q7O8,,,,,,,,,unavailable,2026-09-29T22:40:10+00:00
6z656lkIFok,,,,,,,,,unavailable,2026-09-29T22:40:10+00:00
zyPznznOb7E,,,,,,,,,unavailable,2026-09-29T22:40:10+00:00
vLHavgcTsVY,,,,,,,,,unavailable,2026-09-29T22:40:10+00:00
FB2LSpWzNHI,UC9M17Nb4VrBTCynrJSTMj6Q,2ch馴れ初めラブレター,【2ch馴れ初め】汚いお婆さんに金を貸したら実は大企業会長 →美人孫娘を連れ大量の金を持って来た結果...【ゆっくり】,2024-04-27T09:00:10Z,61611,757,9,2026-09-29T22:40:10+00:00,public,2026-09-29T22:40:10+00:00
-gjJOBrRgfo,,,,,,,,,unavailable,2026-09-29T22:40:10+00:00
MZe0V_syq0c,,,,,,,,,unavailable,2026-09-29T22:40:10+00:00
c-IFIYfF3Pg,UCf-5TwO_qhozUjT_t7wFo7g,2ch馴れ初めキューピッド,【2ch馴れ初め】料理が趣味の俺が肉じゃがを作っていたら、いつも険しい顔の隣人が突入してきた結果…【ゆっくり】,2024-04-28T10:00:23Z,70843,853,40,2026-09-29T22:40:10+00:00,public,2026-09-29T22:40:10+00:00
Deh1Nmc38qg,,,,,,,,,unavailable,2026-09-29T22:40:10+00:00
5u7r5oE0Zqk,,,,,,,,,unavailable,2026-09-29T22:40:10+00:00
vmfJMMQBPzo,,,,,,,,,unavailable,2026-09-29T22:40:10+00:00
Rj-NWDUhN8k,UCIJONPMEYWDjyz07oNx55Pw,2ch馴れ初め奇跡の出会い,【2ch馴れ初め】最終面接で片親を理由に落とされたかつて天才と呼ばれていた幼馴染 →次期社長の俺が声を掛けた結果...【ゆっくり】,2024-04-29T10:00:19Z,45755,650,14,2026-09-29T22:40:10+00:00,public,2026-09-29T22:40:10+00:00
efA7QNCp4PU,,,,,,,,,unavailable,2026-09-29T22:40:10+00:00
itgq2LSgNHU,,,,,,,,,unavailable,2026-09-29T22:40:10+00:00
hj4A-SO6qZI,,,,,,,,,unavailable,2026-09-29T22:40:10+00:00
pkHhm7gvuF0,,,,,,,,,unavailable,2026-09-29T22:40:10+00:00
pqhw_UEnTWU,,,,,,,,,unavailable,2026-09-29T22:40:10+00:00
V-U_BhKlZoU,,,,,,,,,unavailable,2026-09-29T22:40:10+00:00
FzOfIUKxGXk,,,,,,,,,unavailable,2026-09-29T22:40:10+00:00
1clVeuqqCws,,,,,,,,,unavailable,2026-09-29T22:40:10+00:00
6VSne3-HzBI,,,,,,,,,unavailable,2026-09-29T22:40:10+00:00
7oEjQnV2oYc,,,,,,,,,unavailable,2026-09-29T22:40:10+00:00
SWrC_v8emc0,,,,,,,,,unavailable,2026-09-29T22:40:10+00:00
M8er68whDpc,,,,,,,,,unavailable,2026-09-29T22:40:10+00:00
WPkpYmMCMJ0,,,,,,,,,unavailable,2026-09-29T22:40:10+00:00
FRBrSoOzQ8s,,,,,,,,,unavailable,2026-09-29T22:40:10+00:00
T7DjGemblnc,,,,,,,,,unavailable,2026-09-29T22:40:10+00:00
YHFRQDjftJw,,,,,,,,,unavailable,2026-09-29T22:40:10+00:00
iGWX4vpLax8,,,,,,,,,unavailable,2026-09-29T22:40:10+00:00
TG_bygftKnE,,,,,,,,,unavailable,2026-09-29T22:40:10+00:00
JsYeUh7GR-w,UCIJONPMEYWDjyz07oNx55Pw,2ch馴れ初め奇跡の出会い,【2ch馴れ初め】廃業寸前の俺の旅館に面接に来た双子の婆さん →超ハイスペックだったので即採用した結果...【ゆっくり】,2024-04-25T10:00:25Z,25739,446,11,2026-09-29T22:40:10+00:00,public,2026-09-29T22:40:10+00:00
oMmOdFxqFbg,,,,,,,,,unavailable,2026-09-29T22:40:10+00:00
v4cLSOU0PeY,UC9M17Nb4VrBTCynrJSTMj6Q,2ch馴れ初めラブレター,【2ch馴れ初め】炊き出し会場で見かけたかつて神童と呼ばれた幼馴染 →零細企業社長の俺が住込みで雇った結果...【ゆっくり】,2024-04-28T09:00:39Z,51288,679,19,2026-09-29T22:40:10+00:00,public,2026-09-29T22:40:10+00:00
lxbuwPxCEbE,,,,,,,,,unavailable,2026-09-29T22:40:10+00:00
WxuN7DVBPM4,UCvlBRb921xn_o13VTnILOKw,2ch馴れ初めゆっくりで最愛,【2ch 馴れ初め】展示会で倒産寸前の俺の会社に面接に来た謎のボロボロの女性→超有能だったので即戦力として採用した結果【ゆっくり】,2024-04-21T09:30:06Z,34653,521,4,2026-09-29T22:40:10+00:00,public,2026-09-29T22:40:10+00:00
1BepihqWpS4,,,,,,,,,unavailable,2026-09-29T22:40:10+00:00
VAjVicQhQ3k,,,,,,,,,unavailable,2026-09-29T22:40:10+00:00
Vr2bBpzZ9yU,UCf-5TwO_qhozUjT_t7wFo7g,2ch馴れ初めキューピッド,【2ch馴れ初め】友達が紹介してくれた地味男と二人きりで嫌々飲んだ結果…【ゆっくり】,2024-04-27T12:00:33Z,29567,377,7,2026-09-29T22:40:10+00:00,public,2026-09-29T22:40:10+00:00
c5A4yvDWptk,,,,,,,,,unavailable,2026-09-29T22:40:10+00:00
pm6QOli6I6k,,,,,,,,,unavailable,2026-09-29T22:40:10+00:00
YAnMxQIdC68,,,,,,,,,unavailable,2026-09-29T22:40:10+00:00
GYKJ1s5aMFc,UCGAn8ks-dTNfJK7i9LgSBvQ,2ch馴れ初めで愛を語る,【2ch馴れ初め 総集編】 大人気馴れ初め動画6選　2ch馴れ初めで愛を語る　【作業用】【ゆっくり】,2024-04-29T04:36:24Z,132056,938,20,2026-09-29T22:40:10+00:00,public,2026-09-29T22:40:10+00:00
7FbfldhGOmc,,,,,,,,,unavailable,2026-09-29T22:40:10+00:00
Uih12JBbMNY,UCGAn8ks-dTNfJK7i9LgSBvQ,2ch馴れ初めで愛を語る,【2ch馴れ初め】家の前の汚いホームレスに弁当を恵んだら、実はヤクザ組長 → 極道の美女と大量の黒服を連れてきた結果,2024-05-02T09:02:08Z,161802,1462,36,2026-09-29T22:40:10+00:00,public,2026-09-29T22:40:10+00:00
qWK88p_S8GY,UCGAn8ks-dTNfJK7i9LgSBvQ,2ch馴れ初めで愛を語る,【2ch馴れ初め】仕事中の事故で車椅子になった俺 → 彼女にも捨てられ絶望していたら どん底の俺を職場の後輩が助けてくれた結果,2024-04-28T03:00:25Z,19953,314,7,2026-09-29T22:40:10+00:00,public,2026-09-29T22:40:10+00:00
ESSjgEj46As,UCvlBRb921xn_o13VTnILOKw,2ch馴れ初めゆっくりで最愛,【2ch 馴れ初め】毒親の借金返済のため強引に見合いをさせられた女子高生→陰キャ キモオタ社長の俺と結婚した結果【ゆっくり】,2024-04-17T09:00:19Z,38974,570,11,2026-09-29T22:40:10+00:00,public,2026-09-29T22:40:10+00:00
CeApIDXSQe0,,,,,,,,,unavailable,2026-09-29T22:40:10+00:00
vqjeQqi7Sn8,,,,,,,,,unavailable,2026-09-29T22:40:10+00:00
D1I1NWUsdMM,UC9M17Nb4VrBTCynrJSTMj6Q,2ch馴れ初めラブレター,【2ch馴れ初め】俺の旅館に面接に来たホームレス女性→昔命がけで助けてくれた美人女性だった結果...【ゆっくり】,2024-04-10T09:00:08Z,21332,305,6,2026-09-29T22:40:10+00:00,public,2026-09-29T22:40:10+00:00
Ipt1IMPQ_CU,UC5qxS4hFAhSqPXNIZ-j4h-A,思い出のゆっくり2ch,【2ch馴れ初め＆感動総集編】電車で妊婦さんを助けて大遅刻した陰キャの俺…学校のマドンナが突然話しかけてきた結果…　思い出のゆっくり2ch人気動画まとめ,2024-04-28T12:30:14Z,21466,234,5,2026-09-29T22:40:10+00:00,public,2026-09-29T22:40:10+00:00
7cNQ9RnooKk,,,,,,,,,unavailable,2026-09-29T22:40:10+00:00
-RhBtWFsdeY,,,,,,,,,unavailable,2026-09-29T22:40:10+00:00
mMh-Cl234qk,,,,,,,,,unavailable,2026-09-29T22:40:10+00:00
Nrwnr1KsiLA,,,,,,,,,unavailable,2026-09-29T22:40:10+00:00
omERK17uaG4,,,,,,,,,unavailable,2026-09-29T22:40:10+00:00
jmWbf9-Rusw,,,,,,,,,unavailable,2026-09-29T22:40:10+00:00
ycFPo3JTv7I,,,,,,,,,unavailable,2026-09-29T22:40:10+00:00
J9vjsFwX5vo,,,,,,,,,unavailable,2026-09-29T22:40:10+00:00
cu7OH8W_wPk,,,,,,,,,unavailable,2026-09-29T22:40:10+00:00
BI3awf4Ajjs,,,,,,,,,unavailable,2026-09-29T22:40:10+00:00
vCUjGy5jqeY,UCvlBRb921xn_o13VTnILOKw,2ch馴れ初めゆっくりで最愛,【2ch 馴れ初め】通勤ラッシュ時に駅の改札前で突然倒れたお婆さんを放っておけず大口契約の商談に遅刻した結果【ゆっくり】,2024-04-30T09:30:22Z,19502,262,7,2026-09-29T22:40:10+00:00,public,2026-09-29T22:40:10+00:00
KC6Z4mAys6A,UCvlBRb921xn_o13VTnILOKw,2ch馴れ初めゆっくりで最愛,【2ch馴れ初め】一日中閑古鳥が鳴いている廃業寸前のボロボロな弁当屋→ 工場長の俺が100人分の弁当を発注した結果 【ゆっくり】,2024-03-30T09:00:12Z,16205,394,5,2026-09-29T22:40:10+00:00,public,2026-09-29T22:40:10+00:00
KaMd69E60Rk,,,,,,,,,unavailable,2026-09-29T22:40:10+00:00
GxX-cqMVc9A,,,,,,,,,unavailable,2026-09-29T22:40:10+00:00
4qxcKNgrVWE,,,,,,,,,unavailable,2026-09-29T22:40:10+00:00
-NjTTAH3eSA,UC9M17Nb4VrBTCynrJSTMj6Q,2ch馴れ初めラブレター,【2ch馴れ初め】俺のラーメン屋に来た貧乏な女性 →亡き恩師の娘だったので特盛ラーメンをご馳走した結果...【ゆっくり】,2024-04-24T09:00:00Z,22907,434,7,2026-09-29T22:40:10+00:00,public,2026-09-29T22:40:10+00:00
UsmuLY4nJVI,,,,,,,,,unavailable,2026-09-29T22:40:10+00:00
e26Ou5cqBc0,,,,,,,,,unavailable,2026-09-29T22:40:10+00:00
3I1Ns0YXNEM,UC9M17Nb4VrBTCynrJSTMj6Q,2ch馴れ初めラブレター,【2ch馴れ初め】先生に頼まれ性格最悪な社長令嬢と学級委員に →さすがに堪忍袋の緒が切れてしまった結果...【ゆっくり】,2024-04-04T09:00:03Z,13061,178,6,2026-09-29T22:40:10+00:00,public,2026-09-29T22:40:10+00:00
fcbxY0mXw40,,,,,,,,,unavailable,2026-09-29T22:40:10+00:00
fnv0qkSmIu8,,,,,,,,,unavailable,2026-09-29T22:40:10+00:00
NfEL-jLi0Vo,,,,,,,,,unavailable,2026-09-29T22:40:10+00:00
VbS-fNqDTqs,,,,,,,,,unavailable,2026-09-29T22:40:10+00:00
ICB57qA8Egs,,,,,,,,,unavailable,2026-09-29T22:40:10+00:00
LgO8kjkXlvY,UC9M17Nb4VrBTCynrJSTMj6Q,2ch馴れ初めラブレター,【2ch馴れ初め】片親が理由で大企業の内定取り消しにあった同級生女子→実は次期社長の俺が声を掛けた結果...【ゆっくり】,2024-04-26T09:00:18Z,19400,313,9,2026-09-29T22:40:10+00:00,public,2026-09-29T22:40:10+00:00
7Se3ewmraoo,,,,,,,,,unavailable,2026-09-29T22:40:10+00:00
POgLMhivEoQ,UCvlBRb921xn_o13VTnILOKw,2ch馴れ初めゆっくりで最愛,【2ch 馴れ初め】会社で一番の根暗な地味女の新人教育担当になった俺→後日、彼女の驚きの正体に社内騒然【ゆっくり】,2024-04-23T09:00:15Z,40988,536,7,2026-09-29T22:40:10+00:00,public,2026-09-29T22:40:10+00:00
bpYblMSY0io,,,,,,,,,unavailable,2026-09-29T22:40:10+00:00
bcLLl4gWImM,,,,,,,,,unavailable,2026-09-29T22:40:10+00:00
Ak2AaPlxPm0,,,,,,,,,unavailable,2026-09-29T22:40:10+00:00
qmkbKGVR-ik,UCf-5TwO_qhozUjT_t7wFo7g,2ch馴れ初めキューピッド,【2ch馴れ初め】父がいなくなり廃業寸前になった店に来た女性→実は父が15年前に助けた少女だった結果…【ゆっくり】,2024-04-26T12:01:00Z,15765,300,3,2026-09-29T22:40:10+00:00,public,2026-09-29T22:40:10+00:00
waAMR_HgcPo,,,,,,,,,unavailable,2026-09-29T22:40:10+00:00
SaScK6Xl0Ys,,,,,,,,,unavailable,2026-09-29T22:40:10+00:00
pkIFS35yuhk,,,,,,,,,unavailable,2026-09-29T22:40:10+00:00
xlBc5U_mNHg,,,,,,,,,unavailable,2026-09-29T22:40:10+00:00
m9mkm4Oev4A,,,,,,,,,unavailable,2026-09-29T22:40:10+00:00
VA6lNChjGrA,,,,,,,,,unavailable,2026-09-29T22:40:10+00:00
6vgaFtuHMQY,,,,,,,,,unavailable,2026-09-29T22:40:10+00:00
c6j0Czr_Tss,,,,,,,,,unavailable,2026-09-29T22:40:10+00:00
0b3ZWNcyo1k,,,,,,,,,unavailable,2026-09-29T22:40:10+00:00
yGvaqCIWi-g,,,,,,,,,unavailable,2026-09-29T22:40:10+00:00
uUo4Npy-o5Y,,,,,,,,,unavailable,2026-09-29T22:40:10+00:00
lO24PlJIOvk,,,,,,,,,unavailable,2026-09-29T22:40:10+00:00
utpoDQYKNsI,UCGAn8ks-dTNfJK7i9LgSBvQ,2ch馴れ初めで愛を語る,【2ch馴れ初め】目が合っただけで「好き」と勘違いされ、学校一のデブに狙われた陰キャな俺 あまりに一生懸命だったのでデートしてみた結果,2023-12-06T08:00:34Z,140576,1069,48,2026-09-29T22:40:10+00:00,public,2026-09-29T22:40:10+00:00
MraJp7aAuqk,,,,,,,,,unavailable,2026-09-29T22:40:10+00:00
aG9Y45LuS7w,UCGAn8ks-dTNfJK7i9LgSBvQ,2ch馴れ初めで愛を語る,【2ch馴れ初め】難病の少女を救うため ホームレスの俺が馬鹿にされながらも空き缶を本気で集めた結果,2023-11-30T09:00:01Z,129281,2013,87,2026-09-29T22:40:10+00:00,public,2026-09-29T22:40:10+00:00
0iyS60z9f-U,UC5qxS4hFAhSqPXNIZ-j4h-A,思い出のゆっくり2ch,【2ch馴れ初め】「こんな奴隷みたいな所はダメだ！給料を払うからウチへ来てくれ！」親を亡くし親戚をたらい回しにされる少女…農家の俺が引き取った結果…,2023-12-17T10:30:00Z,96370,1140,13,2026-09-29T22:40:10+00:00,public,2026-09-29T22:40:10+00:00
BtfZNkQ7JJs,UC5qxS4hFAhSqPXNIZ-j4h-A,思い出のゆっくり2ch,【2ch馴れ初め】「決めた！私、明日から本当の自分を見せます！」「えっ…！？」職場の地味な新人女性の教育係を押し付けられた結果…後日、彼女は本当の姿で出社し…,2023-12-10T10:30:03Z,122458,1198,25,2026-09-29T22:40:10+00:00,public,2026-09-29T22:40:10+00:00
MVwtLGHgeSE,,,,,,,,,unavailable,2026-09-29T22:40:10+00:00
eSAH0ooctrk,,,,,,,,,unavailable,2026-09-29T22:40:10+00:00
Qzv3m_44B1g,,,,,,,,,unavailable,2026-09-29T22:40:10+00:00
bvCnUNTPu64,,,,,,,,,unavailable,2026-09-29T22:40:10+00:00
YkqeUPUgxzY,UCGAn8ks-dTNfJK7i9LgSBvQ,2ch馴れ初めで愛を語る,【2ch馴れ初め】ヤ〇ザから届いたスーツケースに1億円と謎の美少女→ 借金をチャラにする代わりに組長娘と同棲することになった結果,2023-12-10T04:34:02Z,103938,916,24,2026-09-29T22:40:10+00:00,public,2026-09-29T22:40:10+00:00
kFdeI_rYrPM,,,,,,,,,unavailable,2026-09-29T22:40:10+00:00
dzKr_iFSI6I,,,,,,,,,unavailable,2026-09-29T22:40:10+00:00
bKjtmGEgrek,,,,,,,,,unavailable,2026-09-29T22:40:10+00:00
NpyTWiN8D3k,,,,,,,,,unavailable,2026-09-29T22:40:10+00:00
lBHZiuivMME,UCGAn8ks-dTNfJK7i9LgSBvQ,2ch馴れ初めで愛を語る,【2ch馴れ初め】生意気な美人キャバ嬢を守るため　いつもは冴えない店長の俺が伝説の組長息子の本気出した結果,2023-12-11T09:00:33Z,97725,772,8,2026-09-29T22:40:10+00:00,public,2026-09-29T22:40:10+00:00
jfLaXyP4cO0,,,,,,,,,unavailable,2026-09-29T22:40:10+00:00
vMVK2pTFcac,UC5qxS4hFAhSqPXNIZ-j4h-A,思い出のゆっくり2ch,【2ch馴れ初め】突然俺の家にやって来た米軍女性をオタクの聖地に連れて行ってあげた結果…,2023-12-08T10:30:17Z,154196,2083,46,2026-09-29T22:40:10+00:00,public,2026-09-29T22:40:10+00:00
5s_yNnUGX1s,,,,,,,,,unavailable,2026-09-29T22:40:10+00:00
QwqVxQMZahI,,,,,,,,,unavailable,2026-09-29T22:40:10+00:00
m_4b1yCU994,,,,,,,,,unavailable,2026-09-29T22:40:10+00:00
sIzhMo0n488,,,,,,,,,unavailable,2026-09-29T22:40:10+00:00
58bvpbbJ41k,,,,,,,,,unavailable,2026-09-29T22:40:10+00:00
814IBznZXe8,,,,,,,,,unavailable,2026-09-29T22:40:10+00:00
FRZwVcA8uNc,,,,,,,,,unavailable,2026-09-29T22:40:10+00:00
PDYjsI0k6-c,,,,,,,,,unavailable,2026-09-29T22:40:10+00:00
7mFf2XJasdg,,,,,,,,,unavailable,2026-09-29T22:40:10+00:00
WzhM-GGdjp4,,,,,,,,,unavailable,2026-09-29T22:40:10+00:00
AwzlE1UXodA,,,,,,,,,unavailable,2026-09-29T22:40:10+00:00
WOea6ZkQT9M,UCf-5TwO_qhozUjT_t7wFo7g,2ch馴れ初めキューピッド,【2ch馴れ初め】いつもコンビニ前で座っているボロボロの双子がある日突然いなくなったので探した結果...【ゆっくり】,2023-12-08T10:00:32Z,41326,722,11,2026-09-29T22:40:10+00:00,public,2026-09-29T22:40:10+00:00
9x7P3HN2hlk,,,,,,,,,unavailable,2026-09-29T22:40:10+00:00
8XGmX_JE5mk,,,,,,,,,unavailable,2026-09-29T22:40:10+00:00
_wkh89WWXBI,,,,,,,,,unavailable,2026-09-29T22:40:10+00:00
_lQGVLnxYaM,,,,,,,,,unavailable,2026-09-29T22:40:10+00:00
UpxH-SeCxGw,,,,,,,,,unavailable,2026-09-29T22:40:10+00:00
qq_1ZOMTMgc,,,,,,,,,unavailable,2026-09-29T22:40:10+00:00
pdSqvooncb0,UC5qxS4hFAhSqPXNIZ-j4h-A,思い出のゆっくり2ch,【2ch馴れ初め】「私はダメな父親です…どうか…卒業まででいいので娘を一緒に…」突然家賃を払えなくなった隣の女子大生を卒業まで俺の部屋に住ませた結果,2023-12-25T10:30:25Z,54267,580,9,2026-09-29T22:40:10+00:00,public,2026-09-29T22:40:10+00:00
gvmTOWHsjfU,UC5qxS4hFAhSqPXNIZ-j4h-A,思い出のゆっくり2ch,【2ch馴れ初め】「お姉ちゃん…僕を嫌いになったかも…」大雪の日に姉とはぐれた男の子。俺がおんぶして一緒に探してあげた結果…,2023-12-24T10:30:20Z,28937,478,4,2026-09-29T22:40:10+00:00,public,2026-09-29T22:40:10+00:00
kvYwIMA49qs,,,,,,,,,unavailable,2026-09-29T22:40:10+00:00
VoGwq6Zfa5Q,,,,,,,,,unavailable,2026-09-29T22:40:10+00:00
zVZTlWG5GCs,,,,,,,,,unavailable,2026-09-29T22:40:10+00:00
k8cyc847Aug,,,,,,,,,unavailable,2026-09-29T22:40:10+00:00
QR2SQLYmzUY,UC5qxS4hFAhSqPXNIZ-j4h-A,思い出のゆっくり2ch,【2ch馴れ初め】「この寒さは危険だ！どうか俺の家へ！」落とした鍵を拾ってくれたホームレス女性。お礼におっれの家に招いた結果…,2023-12-27T10:30:07Z,24402,366,14,2026-09-29T22:40:10+00:00,public,2026-09-29T22:40:10+00:00
25RLRTk1MCI,,,,,,,,,unavailable,2026-09-29T22:40:10+00:00
8ITQd2L5THE,,,,,,,,,unavailable,2026-09-29T22:40:10+00:00
ioXGAmdtNrQ,,,,,,,,,unavailable,2026-09-29T22:40:10+00:00
ezrku56jXBc,UC5qxS4hFAhSqPXNIZ-j4h-A,思い出のゆっくり2ch,【2ch馴れ初め】「これからは幸せになってほしい！だからさ、妹としてウチに来なよ！」貧乏な毒親を亡くし天涯孤独になった女子高生…常連客の俺が妹として引き取った結果…,2023-12-23T13:06:00Z,20237,324,7,2026-09-29T22:40:10+00:00,public,2026-09-29T22:40:10+00:00
oyESznNtRSQ,,,,,,,,,unavailable,2026-09-29T22:40:10+00:00
B_GeWcnCLi4,,,,,,,,,unavailable,2026-09-29T22:40:10+00:00
Z8YuMPXu07M,,,,,,,,,unavailable,2026-09-29T22:40:10+00:00
m0uduyBij6w,,,,,,,,,unavailable,2026-09-29T22:40:10+00:00
H-PbIjVmnZs,UCGAn8ks-dTNfJK7i9LgSBvQ,2ch馴れ初めで愛を語る,【2ch馴れ初め 総集編】 元ヤン馴れ初め動画6選まとめてみた！　【作業用】【ゆっくり】,2023-12-23T05:52:57Z,20855,176,3,2026-09-29T22:40:10+00:00,public,2026-09-29T22:40:10+00:00
VlQ-SEnnfg4,,,,,,,,,unavailable,2026-09-29T22:40:10+00:00
v3de4xap_D4,UC5qxS4hFAhSqPXNIZ-j4h-A,思い出のゆっくり2ch,【2ch馴れ初め】「今すぐウチに来い！こんな姿見て放っておけないよ！」毒親から酷い扱いを受ける幼馴染を救い出し、俺の実家に避難させた結果…,2023-12-26T10:30:23Z,15510,335,2,2026-09-29T22:40:10+00:00,public,2026-09-29T22:40:10+00:00
QtgR4A7UJDI,UC5qxS4hFAhSqPXNIZ-j4h-A,思い出のゆっくり2ch,【2ch馴れ初め】「あなたは私を助けてくれたヒーローです…」幼馴染が他界し残された娘…親戚をたらい回しにされ喋れなくなり、俺に助けを求めた結果…,2023-12-03T10:30:07Z,13371,343,6,2026-09-29T22:40:10+00:00,public,2026-09-29T22:40:10+00:00
Pe_dbUgduaE,,,,,,,,,unavailable,2026-09-29T22:40:10+00:00
UkiPUbgq_jY,UC5qxS4hFAhSqPXNIZ-j4h-A,思い出のゆっくり2ch,【2ch馴れ初め】子供をおんぶしながら潰れかけのおにぎり屋を必死に営む女性。俺が毎日通い続けた結果・・・,2023-12-21T10:30:14Z,12242,331,8,2026-09-29T22:40:10+00:00,public,2026-09-29T22:40:10+00:00
EVs5WD7ssXE,,,,,,,,,unavailable,2026-09-29T22:40:10+00:00
y6r8WAJ5rXM,,,,,,,,,unavailable,2026-09-29T22:40:10+00:00
aY3y285OM6M,,,,,,,,,unavailable,2026-09-29T22:40:10+00:00
5gBduaghUQQ,,,,,,,,,unavailable,2026-09-29T22:40:10+00:00
sTbLbZWLhZk,,,,,,,,,unavailable,2026-09-29T22:40:10+00:00
Owurz6Uk7kg,,,,,,,,,unavailable,2026-09-29T22:40:10+00:00
f5K7lZctIIA,,,,,,,,,unavailable,2026-09-29T22:40:10+00:00
KPUD-HLLeTc,UCf-5TwO_qhozUjT_t7wFo7g,2ch馴れ初めキューピッド,【2ch馴れ初め】毎日具なしパスタの貧乏不良女におかずをおすそ分けした結果...【ゆっくり】,2023-12-24T10:00:19Z,11124,194,2,2026-09-29T22:40:10+00:00,public,2026-09-29T22:40:10+00:00
0rX5irRLKyY,,,,,,,,,unavailable,2026-09-29T22:40:10+00:00
ugmlaGdGMO8,,,,,,,,,unavailable,2026-09-29T22:40:10+00:00
2btdmlhVSpY,,,,,,,,,unavailable,2026-09-29T22:40:10+00:00
9xsWAapmTek,,,,,,,,,unavailable,2026-09-29T22:40:10+00:00
FIPyWaXA7iA,,,,,,,,,unavailable,2026-09-29T22:40:10+00:00
cPr-BIFAVsc,,,,,,,,,unavailable,2026-09-29T22:40:10+00:00
WgIe-4zDy_c,,,,,,,,,unavailable,2026-09-29T22:40:10+00:00
2uk8znSmTiE,UCGAn8ks-dTNfJK7i9LgSBvQ,2ch馴れ初めで愛を語る,【2ch馴れ初め】閉店間際のラーメン屋でタダ券で頼んだミニ炒飯を2人で分け合う親子に俺が大盛りのラーメンをご馳走した結果…,2023-10-01T09:00:05Z,912283,10332,512,2026-09-29T22:40:10+00:00,public,2026-09-29T22:40:10+00:00
KsNJwr1O02c,UCGAn8ks-dTNfJK7i9LgSBvQ,2ch馴れ初めで愛を語る,【2ch馴れ初め】不倫して出て行った元嫁の代償として　 元嫁の姉が自宅に押しかけて来て毎日お世話してくれた結果,2023-09-28T09:00:11Z,779066,1991,61,2026-09-29T22:40:10+00:00,public,2026-09-29T22:40:10+00:00
IoPopVjcu_k,UCGAn8ks-dTNfJK7i9LgSBvQ,2ch馴れ初めで愛を語る,【2ch馴れ初め】妻子を失い地獄の日々を送る俺　公園で独り晩酌中現れたボロボロ少女につまみのたこ焼きを振舞った結果,2023-10-15T08:00:14Z,465525,4443,252,2026-09-29T22:40:10+00:00,public,2026-09-29T22:40:10+00:00
23FussXhqUM,UCGAn8ks-dTNfJK7i9LgSBvQ,2ch馴れ初めで愛を語る,【2ch馴れ初め】勧誘がしつこい生保レディに　パン〇をくれたら契約すると追い払った結果・・・,2023-09-04T09:54:03Z,463200,2968,180,2026-09-29T22:40:10+00:00,public,2026-09-29T22:40:10+00:00
gkN6BL3CrwE,UCGAn8ks-dTNfJK7i9LgSBvQ,2ch馴れ初めで愛を語る,【2ch馴れ初め】余命半年で入院する天涯孤独の俺に　看護師の幼馴染が毎晩お世話してくれた結果,2023-09-16T09:00:35Z,530062,2011,39,2026-09-29T22:40:10+00:00,public,2026-09-29T22:40:10+00:00
uIQL4iNtkmg,UCGAn8ks-dTNfJK7i9LgSBvQ,2ch馴れ初めで愛を語る,【2ch馴れ初め】発育がいいのにブラをつけてない同じクラスの貧乏女子　姉のブ〇ジャーをプレゼントした結果,2023-10-03T09:00:39Z,578925,4345,121,2026-09-29T22:40:10+00:00,public,2026-09-29T22:40:10+00:00
fZQ1WuWk_oA,UCGAn8ks-dTNfJK7i9LgSBvQ,2ch馴れ初めで愛を語る,【2ch馴れ初め】釣り仲間のヤクザの組長に気に入られ  娘をもらってくれないかと頼まれた結果,2023-10-21T08:00:18Z,293238,1514,46,2026-09-29T22:40:10+00:00,public,2026-09-29T22:40:10+00:00
CnDqU4wuiOw,UCGAn8ks-dTNfJK7i9LgSBvQ,2ch馴れ初めで愛を語る,【2ch馴れ初め】悪性リンパ腫で余命３ヶ月と宣告されたシングルファーザーの俺　娘を1人残して逝けないので幼馴染に連絡した結果,2023-10-08T09:00:11Z,261138,2102,71,2026-09-29T22:40:10+00:00,public,2026-09-29T22:40:10+00:00
ZQftYwRyu_k,UCGAn8ks-dTNfJK7i9LgSBvQ,2ch馴れ初めで愛を語る,【2ch馴れ初め】掃除代行サービス頼んだら幼馴染が担当に 下の処理もお願いしてみた結果,2023-08-25T10:23:07Z,407780,1752,26,2026-09-29T22:40:10+00:00,public,2026-09-29T22:40:10+00:00
oRq2PiuSYe4,UCGAn8ks-dTNfJK7i9LgSBvQ,2ch馴れ初めで愛を語る,【2ch馴れ初め】デブで豚扱いされていた俺 → 学校一の不良女に毎日ガン飛ばされた結果,2023-11-03T04:00:34Z,269475,2356,90,2026-09-29T22:40:10+00:00,public,2026-09-29T22:40:10+00:00
MAwEBWPEMoc,UCGAn8ks-dTNfJK7i9LgSBvQ,2ch馴れ初めで愛を語る,【2ch馴れ初め】深夜のコンビニで泥酔したキャバ嬢に絡まれ  そのまま同棲することになった結果,2023-11-05T05:30:06Z,472123,1254,30,2026-09-29T22:40:10+00:00,public,2026-09-29T22:40:10+00:00
RRQ4Zvf_guw,UCGAn8ks-dTNfJK7i9LgSBvQ,2ch馴れ初めで愛を語る,【2ch馴れ初め】登山中遭難した見ず知らずの女性を助け　２人で１つの寝袋で寝た結果,2023-09-10T09:00:25Z,361371,1317,24,2026-09-29T22:40:10+00:00,public,2026-09-29T22:40:10+00:00
2t09dZbWwI4,UCGAn8ks-dTNfJK7i9LgSBvQ,2ch馴れ初めで愛を語る,【2ch馴れ初め】娘が実は他界した兄の子で、俺はずっと独身だと元ヤンキー保育士にバレた→いつも怖かったのに優しくなりデートすることになった結果,2023-10-13T10:17:16Z,179267,1568,38,2026-09-29T22:40:10+00:00,public,2026-09-29T22:40:10+00:00
r413kNJqGhI,UCGAn8ks-dTNfJK7i9LgSBvQ,2ch馴れ初めで愛を語る,【2ch馴れ初め】偏差値30の不良女に頼まれて ガリ勉の陰キャが毎日勉強を教えた結果,2023-11-06T11:25:28Z,160402,1448,62,2026-09-29T22:40:10+00:00,public,2026-09-29T22:40:10+00:00
9CLAf6s36tI,UCGAn8ks-dTNfJK7i9LgSBvQ,2ch馴れ初めで愛を語る,【2ch馴れ初め】デカメロン丸出しの幼馴染に誘惑されて10年ぶりに一緒にお風呂に入った結果,2023-09-26T09:00:08Z,975895,6881,167,2026-09-29T22:40:10+00:00,public,2026-09-29T22:40:10+00:00
_eC6er2YqkU,UCGAn8ks-dTNfJK7i9LgSBvQ,2ch馴れ初めで愛を語る,【2ch馴れ初め】皆が恐れる１人ぼっちのヤンキー女　 陰キャの俺が修学旅行中一緒に観光した結果,2023-11-21T09:00:26Z,175438,1015,12,2026-09-29T22:40:10+00:00,public,2026-09-29T22:40:10+00:00
wJ5nX0lcy1I,UCGAn8ks-dTNfJK7i9LgSBvQ,2ch馴れ初めで愛を語る,【2ch馴れ初め】ビール片手に帰宅中、お腹を空かせたボロボロの姉妹を発見→つまみの焼き鳥をお裾分けした結果,2023-10-11T09:00:40Z,148947,1825,49,2026-09-29T22:40:10+00:00,public,2026-09-29T22:40:10+00:00
Ml62vUkcaDg,UCGAn8ks-dTNfJK7i9LgSBvQ,2ch馴れ初めで愛を語る,【2ch馴れ初め】閉店間際のおにぎり屋に10円玉を握りしめてきたボロボロの少女　天涯孤独の俺が具沢山の大きなおむすびをご馳走した結果,2023-09-27T09:00:26Z,135935,1366,33,2026-09-29T22:40:10+00:00,public,2026-09-29T22:40:10+00:00
wAqGZFzSWT8,UCGAn8ks-dTNfJK7i9LgSBvQ,2ch馴れ初めで愛を語る,【2ch馴れ初め】前世を思い出した俺が　前世の嫁に会いに行った結果,2023-09-13T09:00:59Z,377873,4657,188,2026-09-29T22:40:10+00:00,public,2026-09-29T22:40:10+00:00
f12NZV9Cl08,UCGAn8ks-dTNfJK7i9LgSBvQ,2ch馴れ初めで愛を語る,【2ch馴れ初め】家政婦呼んだら元ヤンで意地悪な女上司が現れ　副業禁止なのに働いてる事情を知って協力することになった結果,2023-11-28T10:11:03Z,132066,1064,28,2026-09-29T22:40:10+00:00,public,2026-09-29T22:40:10+00:00
Ss_ftmP6Jog,UCGAn8ks-dTNfJK7i9LgSBvQ,2ch馴れ初めで愛を語る,【2ch馴れ初め】暴走族総長を隠す陰キャな俺　 好きな子が不良に絡まれていたので本気出した結果,2023-11-08T12:17:19Z,163446,996,34,2026-09-29T22:40:10+00:00,public,2026-09-29T22:40:10+00:00
AKWCYtkFF2U,UCGAn8ks-dTNfJK7i9LgSBvQ,2ch馴れ初めで愛を語る,【2ch馴れ初め総集編】見たら元気になる馴れ初め 7選 まとめてみた！【作業用】【ゆっくり】,2023-10-12T09:00:08Z,120054,750,15,2026-09-29T22:40:10+00:00,public,2026-09-29T22:40:10+00:00
1_guXl06e3o,UCGAn8ks-dTNfJK7i9LgSBvQ,2ch馴れ初めで愛を語る,【2ch馴れ初め】駅でぐったりしている妊婦を放っておけず　大事なプレゼンをすっぽかして助けた結果,2023-10-22T09:03:07Z,109074,993,29,2026-09-29T22:40:10+00:00,public,2026-09-29T22:40:10+00:00
OW-rhtbm8Ac,UCGAn8ks-dTNfJK7i9LgSBvQ,2ch馴れ初めで愛を語る,【2ch馴れ初め】ファミレスで1つの皿を注文したがお金が払えず泣いているボロボロの母娘を発見 　　ご馳走して俺の自宅に保護した結果,2023-08-31T09:00:42Z,99008,858,11,2026-09-29T22:40:10+00:00,public,2026-09-29T22:40:10+00:00
Y709cyn4acE,UCGAn8ks-dTNfJK7i9LgSBvQ,2ch馴れ初めで愛を語る,【2ch馴れ初め】親の再婚で出来た可愛い義妹のピンチに陰キャのフリしてた最強ヤンキーの俺が本気を出した結果,2023-10-29T08:00:15Z,122302,979,31,2026-09-29T22:40:10+00:00,public,2026-09-29T22:40:10+00:00
BRjctgLh1ik,UCGAn8ks-dTNfJK7i9LgSBvQ,2ch馴れ初めで愛を語る,【2ch馴れ初め】昔助けたレディース総長が　入院先で美人看護師になっていて毎日ご奉仕してくれた結果,2023-11-11T08:00:05Z,113997,779,17,2026-09-29T22:40:10+00:00,public,2026-09-29T22:40:10+00:00
9kaK8PfzA4E,UCGAn8ks-dTNfJK7i9LgSBvQ,2ch馴れ初めで愛を語る,【2ch馴れ初め】いつも日の丸弁当の俺に唐揚げと卵焼きをくれた金持ちの同級生　10年後ホームレスになって俺の前に現れた結果,2023-11-01T09:00:06Z,86622,948,30,2026-09-29T22:40:10+00:00,public,2026-09-29T22:40:10+00:00
9EhBYGuMXtQ,UCGAn8ks-dTNfJK7i9LgSBvQ,2ch馴れ初めで愛を語る,【2ch馴れ初め】シングルマザーで毎日独りぼっちの家族団欒を知らない貧乏少女　大家族の俺が晩夕飯に誘った結果・・・,2023-09-09T09:00:11Z,74347,969,16,2026-09-29T22:40:10+00:00,public,2026-09-29T22:40:10+00:00
IuY_ggo4p7E,UCGAn8ks-dTNfJK7i9LgSBvQ,2ch馴れ初めで愛を語る,【2ch馴れ初め】スーパーで試食をしまくるボロボロの貧乏母娘　店長の俺が大盛りの唐揚げ弁当を振舞った結果,2023-10-17T10:29:34Z,73066,902,31,2026-09-29T22:40:10+00:00,public,2026-09-29T22:40:10+00:00
2S-equHHqiM,UCGAn8ks-dTNfJK7i9LgSBvQ,2ch馴れ初めで愛を語る,【2ch馴れ初め総集編】胸キュン馴れ初め 6選まとめてみた！　【ゆっくり】【作業用】,2023-10-25T09:00:05Z,79303,629,7,2026-09-29T22:40:10+00:00,public,2026-09-29T22:40:10+00:00
YPkDfBpQdwc,UCGAn8ks-dTNfJK7i9LgSBvQ,2ch馴れ初めで愛を語る,【2ch馴れ初め】廃業寸前の蕎麦屋を経営する俺　飲み帰りにホームレスの女性を助けたら数日後人生が変わった結果,2023-11-25T08:10:01Z,76877,721,19,2026-09-29T22:40:10+00:00,public,2026-09-29T22:40:10+00:00
xx5Sl37BBdE,UCGAn8ks-dTNfJK7i9LgSBvQ,2ch馴れ初めで愛を語る,【2ch馴れ初め】極寒の夜、ヒッチハイクするボロボロの貧乏母娘→長距離トラック運転手の俺が温かい飲み物とお風呂を提供した結果,2023-10-07T08:00:24Z,76920,936,19,2026-09-29T22:40:10+00:00,public,2026-09-29T22:40:10+00:00
5zD6rCa6-jI,UCGAn8ks-dTNfJK7i9LgSBvQ,2ch馴れ初めで愛を語る,【2ch馴れ初め】靴磨きで生計を立てる貧乏少女に天涯孤独の俺が声をかけて焼き飯を振舞った結果,2023-10-20T09:00:04Z,67599,1088,54,2026-09-29T22:40:10+00:00,public,2026-09-29T22:40:10+00:00
nInv3eAm8BE,UCGAn8ks-dTNfJK7i9LgSBvQ,2ch馴れ初めで愛を語る,【2ch馴れ初め】土砂降りの雨の中、重要書類をホームレスの美女が届けてくれたので　助けてくれたお礼にお風呂を貸した結果,2023-11-16T09:00:36Z,67894,757,10,2026-09-29T22:40:10+00:00,public,2026-09-29T22:40:10+00:00
z6aDOlEtTTA,UCGAn8ks-dTNfJK7i9LgSBvQ,2ch馴れ初めで愛を語る,【2ch馴れ初め】具合が悪くてうずくまっている天涯孤独のホームレス女性→次期社長の俺が助けて雇った結果,2023-10-28T08:59:41Z,68878,830,27,2026-09-29T22:40:10+00:00,public,2026-09-29T22:40:10+00:00
Ib8oJMNmh_w,UCGAn8ks-dTNfJK7i9LgSBvQ,2ch馴れ初めで愛を語る,【2ch馴れ初め】路地裏で乱〇された全〇の幼馴染を全力で助けて告白した結果,2023-09-11T09:00:11Z,94831,760,13,2026-09-29T22:40:10+00:00,public,2026-09-29T22:40:10+00:00
NKQFErzPROU,UCGAn8ks-dTNfJK7i9LgSBvQ,2ch馴れ初めで愛を語る,【2ch馴れ初め】助けた婆さんがヤクザの重鎮だった→ 美人の孫娘と契りを交わすことになった結果,2023-11-02T09:57:23Z,89846,612,13,2026-09-29T22:40:10+00:00,public,2026-09-29T22:40:10+00:00
5QKyLPkOpUk,UCGAn8ks-dTNfJK7i9LgSBvQ,2ch馴れ初めで愛を語る,【2ch馴れ初め】いつも塩対応な美人家政婦に妹が忘れた派手なパン〇を見られて泣かれた結果,2023-12-05T09:00:07Z,62694,579,5,2026-09-29T22:40:10+00:00,public,2026-09-29T22:40:10+00:00
ls21EzR-5M4,UCGAn8ks-dTNfJK7i9LgSBvQ,2ch馴れ初めで愛を語る,【2ch 馴れ初め】店にボロボロの姿でやってきた無一文の美人女性→「私、帰るところがないんです・・・」と泣かれたので連れて帰った結果,2023-10-05T09:00:28Z,59731,466,4,2026-09-29T22:40:10+00:00,public,2026-09-29T22:40:10+00:00
kt-npNwzM9Q,UCGAn8ks-dTNfJK7i9LgSBvQ,2ch馴れ初めで愛を語る,【2ch馴れ初め】ありったけのおはじきを集めて俺のタコ焼き屋に来た姉妹…　大きなタコ焼きをご馳走した結果,2023-08-23T11:42:10Z,56795,727,21,2026-09-29T22:40:10+00:00,public,2026-09-29T22:40:10+00:00
z2q7NaAk4k4,UCGAn8ks-dTNfJK7i9LgSBvQ,2ch馴れ初めで愛を語る,【2ch馴れ初め】山頂のテント場で食材を忘れ泣いている美人熟女→ 放っておけずキャンプ飯をお裾分けした結果,2023-10-04T09:00:44Z,53532,394,2,2026-09-29T22:40:10+00:00,public,2026-09-29T22:40:10+00:00
0WNbMuKUsCA,UCGAn8ks-dTNfJK7i9LgSBvQ,2ch馴れ初めで愛を語る,【2ch馴れ初め】２人で１つの卵かけごはんを分け合うガリガリ貧乏親子に　店長の俺が特盛親子丼をご馳走した結果,2023-10-10T09:00:00Z,47247,655,29,2026-09-29T22:40:10+00:00,public,2026-09-29T22:40:10+00:00
94p8ggDn3sY,UCGAn8ks-dTNfJK7i9LgSBvQ,2ch馴れ初めで愛を語る,【2ch馴れ初め】家に泊まりに来た姉の親友が深夜に俺の部屋に来て「私には魅力がないの？」と泣きながら服を脱ごうとした結果,2023-09-23T09:00:05Z,99373,740,10,2026-09-29T22:40:10+00:00,public,2026-09-29T22:40:10+00:00
nLkLlIrW8FI,UCGAn8ks-dTNfJK7i9LgSBvQ,2ch馴れ初めで愛を語る,【2ch馴れ初め】母親の誕生日をマカロニグラタンで祝いたいと50円を差し出すボロボロの貧乏少女　洋食屋を営む俺が花束とバースデイケーキも振舞った結果,2023-11-24T09:00:40Z,39030,595,26,2026-09-29T22:40:10+00:00,public,2026-09-29T22:40:10+00:00
-Lf-UQzQKps,UCGAn8ks-dTNfJK7i9LgSBvQ,2ch馴れ初めで愛を語る,【2ch馴れ初め 総集編】  青春の馴れ初め動画6選まとめてみた！　【作業用】【ゆっくり】,2023-11-29T08:00:00Z,88226,654,18,2026-09-29T22:40:10+00:00,public,2026-09-29T22:40:10+00:00
iXxe3ag--hI,UCGAn8ks-dTNfJK7i9LgSBvQ,2ch馴れ初めで愛を語る,【2ch馴れ初め】妻子を失いリストラされて抜け殻になってしまった俺　現れたボロボロ少女におでんを振舞った結果,2023-11-17T11:03:14Z,34557,524,12,2026-09-29T22:40:10+00:00,public,2026-09-29T22:40:10+00:00
bkD16qW989k,UCGAn8ks-dTNfJK7i9LgSBvQ,2ch馴れ初めで愛を語る,【2ch馴れ初め】橋の上で一人娘と心中を図ったシングルマザーに　孤児院出身の俺が声をかけた結果,2023-11-22T09:00:26Z,33867,540,13,2026-09-29T22:40:10+00:00,public,2026-09-29T22:40:10+00:00
S_CtbrY7GNs,UCGAn8ks-dTNfJK7i9LgSBvQ,2ch馴れ初めで愛を語る,【2ch馴れ初め】アナウンサー目指して上京した幼馴染と炊き出しで再会　放っておけずボロボロになった幼馴染を俺の店で雇った結果,2023-09-05T09:03:56Z,49304,487,11,2026-09-29T22:40:10+00:00,public,2026-09-29T22:40:10+00:00
unqoJov2h6U,UCGAn8ks-dTNfJK7i9LgSBvQ,2ch馴れ初めで愛を語る,【2ch馴れ初め総集編】感動する馴れ初め動画 6選 集めてみた！【作業用】【ゆっくり】,2023-10-18T08:00:34Z,29582,276,4,2026-09-29T22:40:10+00:00,public,2026-09-29T22:40:10+00:00
IlBoLp3ZLyE,UCGAn8ks-dTNfJK7i9LgSBvQ,2ch馴れ初めで愛を語る,【2ch馴れ初め】立ちんぼスポットで泣きながら立っている幼馴染を発見  → 理由も聞かずに連れて帰った結果,2023-08-30T11:08:44Z,28085,202,8,2026-09-29T22:40:10+00:00,public,2026-09-29T22:40:10+00:00
dguryn9A610,UCGAn8ks-dTNfJK7i9LgSBvQ,2ch馴れ初めで愛を語る,【2ch馴れ初め】幼馴染の部屋で大人のおもちゃを見つけてしまい　抑えきれず押し倒してしまった結果,2023-09-21T09:00:33Z,71533,536,11,2026-09-29T22:40:10+00:00,public,2026-09-29T22:40:10+00:00
5pIXGNjnwg0,UCGAn8ks-dTNfJK7i9LgSBvQ,2ch馴れ初めで愛を語る,【2ch馴れ初め】震災で妻子を亡くして天涯孤独になった俺　さまよっている少女に声をかけた結果,2023-11-14T09:57:50Z,26736,530,33,2026-09-29T22:40:10+00:00,public,2026-09-29T22:40:10+00:00
7fl_hl-gC1E,UCGAn8ks-dTNfJK7i9LgSBvQ,2ch馴れ初めで愛を語る,【2ch馴れ初め】学校帰りのバスでいつも一緒に帰る可愛い幼馴染が 急にア〇コ触ってきた結果,2023-08-29T10:11:21Z,25902,201,2,2026-09-29T22:40:10+00:00,public,2026-09-29T22:40:10+00:00
s5dVTf-gAhE,UCGAn8ks-dTNfJK7i9LgSBvQ,2ch馴れ初めで愛を語る,【2ch馴れ初め】袋いっぱいのビー玉を抱えて俺のケーキ屋に来たボロボロの少女 　大きなショートケーキを振舞った結果,2023-08-27T01:50:22Z,23744,336,12,2026-09-29T22:40:10+00:00,public,2026-09-29T22:40:10+00:00
sEifgeWxtww,UCGAn8ks-dTNfJK7i9LgSBvQ,2ch馴れ初めで愛を語る,【2ch馴れ初め】ぽっちゃりデブな社長令嬢とイヤイヤお見合いをすることに お断りできなかった結果,2023-09-02T09:00:36Z,24197,292,3,2026-09-29T22:40:10+00:00,public,2026-09-29T22:40:10+00:00
AMuOqK71K38,UCGAn8ks-dTNfJK7i9LgSBvQ,2ch馴れ初めで愛を語る,【2ch馴れ初め総集編】 10月の人気動画6選　まとめてみた！　【作業用】【ゆっくり】,2023-11-10T09:59:21Z,22404,202,4,2026-09-29T22:40:10+00:00,public,2026-09-29T22:40:10+00:00
q154u2SF-tQ,UCGAn8ks-dTNfJK7i9LgSBvQ,2ch馴れ初めで愛を語る,【2ch馴れ初め】事故で両腕を骨折して強制禁欲を余儀なくされている俺　幼馴染に息子をなでなでされた結果,2023-09-01T11:40:20Z,20752,162,3,2026-09-29T22:40:10+00:00,public,2026-09-29T22:40:10+00:00
wC9P_9Gxj4g,UCGAn8ks-dTNfJK7i9LgSBvQ,2ch馴れ初めで愛を語る,【2ch馴れ初め】骨折して動けない俺をお風呂に入れる幼馴染→きれいに体を洗ってくれた結果・・・,2023-08-21T10:00:08Z,17618,167,3,2026-09-29T22:40:10+00:00,public,2026-09-29T22:40:10+00:00
ZUND93XPImU,UCGAn8ks-dTNfJK7i9LgSBvQ,2ch馴れ初めで愛を語る,【2ch馴れ初め】隣に住む美人妻が全〇で締め出されていたので　凝視しながらも助けた結果,2023-09-24T09:00:32Z,14023,119,2,2026-09-29T22:40:10+00:00,public,2026-09-29T22:40:10+00:00
DvQPYMpI5Rk,UCGAn8ks-dTNfJK7i9LgSBvQ,2ch馴れ初めで愛を語る,【2ch馴れ初め】華金の夜、１人焼肉で晩酌してたら　庭からボロボロの少女が突入してきた結果,2023-09-17T09:00:06Z,12415,226,4,2026-09-29T22:40:10+00:00,public,2026-09-29T22:40:10+00:00
iQjXANtiDmE,UCGAn8ks-dTNfJK7i9LgSBvQ,2ch馴れ初めで愛を語る,【2ch馴れ初め】夜の山道で陣痛に苦しむ妊婦に　うつ病で人生やめようとしたサラリーマンが出くわした結果,2023-11-27T09:00:35Z,9517,191,2,2026-09-29T22:40:10+00:00,public,2026-09-29T22:40:10+00:00
AmYJshXDWWk,UCGAn8ks-dTNfJK7i9LgSBvQ,2ch馴れ初めで愛を語る,【２ch馴れ初め】ピクニックでお弁当を落として泣いている親子　アウトドア歴20年の俺が声をかけた結果,2023-09-03T09:00:05Z,9414,158,6,2026-09-29T22:40:10+00:00,public,2026-09-29T22:40:10+00:00
3odP5_OlzHg,UCGAn8ks-dTNfJK7i9LgSBvQ,2ch馴れ初めで愛を語る,【2ch馴れ初め】糖尿病で余命半年宣告された俺　減量のため行ったジムの専属トレーナーが初恋の幼馴染で厳しく指導してくれた結果,2023-10-24T09:00:02Z,8490,187,8,2026-09-29T22:40:10+00:00,public,2026-09-29T22:40:10+00:00
4lxcCCaKM1U,UCGAn8ks-dTNfJK7i9LgSBvQ,2ch馴れ初めで愛を語る,【2ch馴れ初め】風俗に行ったら昔好きだった幼馴染と再会　幼馴染が全〇で号泣した結果,2023-09-14T09:00:02Z,90540,781,27,2026-09-29T22:40:10+00:00,public,2026-09-29T22:40:10+00:00
OKow4fSTn5k,UCGAn8ks-dTNfJK7i9LgSBvQ,2ch馴れ初めで愛を語る,【2ch馴れ初め】川でアユ釣りをしている母子が1匹も釣れず号泣　アユ釣り名人の俺が声をかけた結果,2023-09-15T09:00:14Z,6481,127,1,2026-09-29T22:40:10+00:00,public,2026-09-29T22:40:10+00:00
gKCq3p8CfDU,UCGAn8ks-dTNfJK7i9LgSBvQ,2ch馴れ初めで愛を語る,【2ch馴れ初め】宅飲み中エアコンが壊れ、暑いと言ってネ果になり始めた幼馴染に下心が爆発してしまった結果,2023-09-08T10:04:09Z,6888,67,1,2026-09-29T22:40:10+00:00,public,2026-09-29T22:40:10+00:00
s5yBIqHJbv8,UCGAn8ks-dTNfJK7i9LgSBvQ,2ch馴れ初めで愛を語る,【2ch馴れ初め】ヤクザから救ってくれた美人婦人警官に一目惚れして必死に口説いた結果,2023-12-02T09:30:23Z,5924,95,4,2026-09-29T22:40:10+00:00,public,2026-09-29T22:40:10+00:00
VQDyM87ZacE,UCGAn8ks-dTNfJK7i9LgSBvQ,2ch馴れ初めで愛を語る,【2ch馴れ初め 総集編】 前世からの約束を守るため、前世の妻に会いに行った結果　...胸キュン馴れ初め動画6選まとめてみた！総集編【作業用【ゆっくり】,2023-12-19T09:26:13Z,4418,69,4,2026-09-29T22:40:10+00:00,public,2026-09-29T22:40:10+00:00
-GYHIreY36Y,UCGAn8ks-dTNfJK7i9LgSBvQ,2ch馴れ初めで愛を語る,【2ch馴れ初め】プロポーズ当日に振られた俺　ホームレス美少女に婚約指輪をあげた結果,2023-09-07T09:00:00Z,4525,83,2,2026-09-29T22:40:10+00:00,public,2026-09-29T22:40:10+00:00
uVj_CoF_piU,UCGAn8ks-dTNfJK7i9LgSBvQ,2ch馴れ初めで愛を語る,【2ch馴れ初め】脱獄犯の俺をアパートに匿ってくれた謎の美人女性 → 愛する彼女のために自首した結果,2024-01-06T11:15:31Z,4133,69,4,2026-09-29T22:40:10+00:00,public,2026-09-29T22:40:10+00:00
uujdmq4WcG0,UCGAn8ks-dTNfJK7i9LgSBvQ,2ch馴れ初めで愛を語る,【2ch馴れ初め】生活保護を受けておりお風呂に入れない貧乏転校生　異臭が凄まじいので俺の実家の銭湯で働いていてもらった結果,2023-09-29T09:28:59Z,2910,73,1,2026-09-29T22:40:10+00:00,public,2026-09-29T22:40:10+00:00
Ga9eEXj3W04,UCGAn8ks-dTNfJK7i9LgSBvQ,2ch馴れ初めで愛を語る,【2ch馴れ初め】女性恐怖症の俺が事故物件で巨乳のギャル女幽霊と同居したおかげでモテモテになった結果,2023-09-20T09:00:16Z,2700,49,6,2026-09-29T22:40:10+00:00,public,2026-09-29T22:40:10+00:00
R-Cdq-w7-8c,UCNxo2FDan06anwFifY5ew5w,2ch馴れ初め横丁,【2ch馴れ初め】父親の釣り道具を全部売りに来た金髪美女→釣具屋の俺が査定した結果,2026-09-29T08:30:03Z,6715,83,0,2026-09-30 12:24:41,public,2026-09-30T03:38:18+00:00
BxQ0kKlfmCY,UCNxo2FDan06anwFifY5ew5w,2ch馴れ初め横丁,【2ch馴れ初め】大量の規格外品の野菜が発生し途方に暮れる農家の美女→直売所スタッフの俺が手を貸した結果,2026-09-25T08:30:04Z,7541,112,1,2026-09-30 12:24:41,public,2026-09-30T03:38:18+00:00
kCjnmW4BfQs,UCNxo2FDan06anwFifY5ew5w,2ch馴れ初め横丁,【2ch馴れ初め】全てを失った元お嬢様が俺のボロ食堂に→一番安い定食を頼まれた結果,2026-09-22T08:30:37Z,15596,256,6,2026-09-30 12:24:41,public,2026-09-30T03:38:18+00:00
EFtS4uZNi80,UCNxo2FDan06anwFifY5ew5w,2ch馴れ初め横丁,【2ch馴れ初め】大漁の日に設備が壊れ泣き崩れる男勝りの女漁師→見かねた料理人の俺が声をかけた結果,2026-09-18T08:30:08Z,26127,278,2,2026-09-30 12:24:41,public,2026-09-30T03:38:18+00:00
nZQ1_Phf36k,UCNxo2FDan06anwFifY5ew5w,2ch馴れ初め横丁,【2ch馴れ初め】閉店する家具屋で一人泣いている女性→粗大ゴミ同然の椅子を俺が持ち帰った結果…,2026-09-15T08:30:08Z,7908,54,4,2026-09-30 12:24:41,public,2026-09-30T03:38:18+00:00
Fu2ydBqCehM,UCNxo2FDan06anwFifY5ew5w,2ch馴れ初め横丁,【2ch馴れ初め】ボロボロのバイクを押してきた金髪女→整備士見習いの俺が直そうとした結果…,2026-09-11T09:00:34Z,196357,1160,69,2026-09-30 12:24:41,public,2026-09-30T03:38:18+00:00
OG4Nfe1yJ0g,UCNxo2FDan06anwFifY5ew5w,2ch馴れ初め横丁,【2ch馴れ初め】全国大会目前で突然歌えなくなった合唱部の美女→音痴の俺が昔もらったカセットテープを聴かせた結果…,2026-09-08T09:00:16Z,3263,33,2,2026-09-30 12:24:41,public,2026-09-30T03:38:18+00:00
iMWZCJ705zI,UCNxo2FDan06anwFifY5ew5w,2ch馴れ初め横丁,【2ch馴れ初め】クラスの不良ギャルに盗撮を疑われた陰キャの俺→恐る恐るカメラの中の1枚を見せた結果,2026-09-03T09:00:16Z,8230,60,4,2026-09-30 12:24:41,public,2026-09-30T03:38:18+00:00
W8u1cesW3Qs,UCNxo2FDan06anwFifY5ew5w,2ch馴れ初め横丁,【2ch感動】失踪していた兄の家を掃除していた俺→クローゼットから赤ちゃんの泣き声が聞こえた結果…【馴れ初め】,2025-01-17T08:00:28Z,36704,446,12,2026-09-30 12:24:41,public,2026-09-30T03:38:18+00:00
18mhEZK7oDc,UCNxo2FDan06anwFifY5ew5w,2ch馴れ初め横丁,【2ch馴れ初め】サービス券で頼んだ白米に高菜を乗せて分け合う兄妹→息子が熱々ラーメンを持っていった結果…【ゆっくり】,2025-01-07T08:00:01Z,22706,381,7,2026-09-30 12:24:41,public,2026-09-30T03:38:18+00:00
AGGqGzmNZF4,UCNxo2FDan06anwFifY5ew5w,2ch馴れ初め横丁,【2ch馴れ初め】迷子の双子姉妹に「パパ！」と呼ばれた俺→事情を聞き家まで案内した結果…【ゆっくり】,2025-01-04T08:00:11Z,14329,252,14,2026-09-30 12:24:41,public,2026-09-30T03:38:18+00:00
yOv8DS5YVlc,UCNxo2FDan06anwFifY5ew5w,2ch馴れ初め横丁,【2ch馴れ初め】いつもサービス豚汁を貰いに来る貧乏姉妹→突然来なくなったので心配で探した結果,2024-12-15T09:30:26Z,95565,888,14,2026-09-30 12:24:41,public,2026-09-30T03:38:18+00:00
I0GIVeT6e8s,UCNxo2FDan06anwFifY5ew5w,2ch馴れ初め横丁,【2ch馴れ初め】スーパーで客から罵声を浴びる女性従業員→隠密で視察に来たオーナーの俺が声を掛けた結果,2024-12-09T09:30:06Z,11494,199,1,2026-09-30 12:24:41,public,2026-09-30T03:38:18+00:00
ivsjcr1pIqI,UCNxo2FDan06anwFifY5ew5w,2ch馴れ初め横丁,【2ch馴れ初め】SAで休憩後、キャンピングカーに戻った俺→車に忍び込んだ双子姉妹が眠っていた結果…,2024-11-30T09:30:19Z,16218,271,7,2026-09-30 12:24:41,public,2026-09-30T03:38:18+00:00
nZFDqbyKJdw,UCNxo2FDan06anwFifY5ew5w,2ch馴れ初め横丁,【2ch馴れ初め】お祭りの出店をドタキャンされた焼きそば屋台の母娘→うちの屋台で全て買い取った結果,2024-11-27T09:30:23Z,24407,429,9,2026-09-30 12:24:41,public,2026-09-30T03:38:18+00:00
D7osVtD1y5c,UCNxo2FDan06anwFifY5ew5w,2ch馴れ初め横丁,【2ch馴れ初め】ボロボロの物置を掃除しようとすると、震えた小さな姉妹が→妻子を亡くした天涯孤独の俺が声を掛けた結果,2024-11-25T09:30:04Z,17443,344,5,2026-09-30 12:24:41,public,2026-09-30T03:38:18+00:00
UhInWLNvgE4,UCNxo2FDan06anwFifY5ew5w,2ch馴れ初め横丁,【2ch馴れ初め】月に1度、決まった日に必ず俺のとんかつ屋に来店する母娘→来月廃業することを伝えた結果,2024-11-24T09:30:19Z,15900,311,4,2026-09-30 12:24:41,public,2026-09-30T03:38:18+00:00
Y-fI-mjIOdQ,UCNxo2FDan06anwFifY5ew5w,2ch馴れ初め横丁,【2ch馴れ初め】泣きながらおもちゃの500円玉を持って店に来た少女→気づかないフリをしてうどんをご馳走した結果,2024-11-23T09:30:11Z,14989,314,1,2026-09-30 12:24:41,public,2026-09-30T03:38:18+00:00
gA-vtXZkyRA,UCNxo2FDan06anwFifY5ew5w,2ch馴れ初め横丁,【2ch馴れ初め】新社長に解雇され路頭に迷う赤子を抱えたシングルマザー→赤字まみれの俺の会社で雇った結果,2024-11-20T09:30:19Z,21122,378,5,2026-09-30 12:24:41,public,2026-09-30T03:38:18+00:00
Jzp3Ot2_bek,UCNxo2FDan06anwFifY5ew5w,2ch馴れ初め横丁,【2ch馴れ初め】お弁当屋のショーケースを毎日眺める貧乏姉妹→母親が特盛ランチ弁当をご馳走した結果,2024-11-18T09:30:08Z,16114,303,3,2026-09-30 12:24:41,public,2026-09-30T03:38:18+00:00
lguPglHGGH4,UCNxo2FDan06anwFifY5ew5w,2ch馴れ初め横丁,【2ch馴れ初め】実家の裏庭で身を寄せ合うアザだらけの双子姉妹→見かねた婆ちゃんが家に招いた結果…,2024-11-17T09:30:13Z,28878,472,5,2026-09-30 12:24:41,public,2026-09-30T03:38:18+00:00
AF3bFZ7JxVA,UCNxo2FDan06anwFifY5ew5w,2ch馴れ初め横丁,【2ch馴れ初め】唐揚げの匂いに誘われて突然現れたボロボロ少女→精肉店の俺がこっそりご馳走した結果,2024-11-16T09:30:05Z,13371,264,4,2026-09-30 12:24:41,public,2026-09-30T03:38:18+00:00
2LXYoFpMC7c,UCNxo2FDan06anwFifY5ew5w,2ch馴れ初め横丁,【2ch馴れ初め】陰キャの俺が根暗地味女と調理実習でペアに→実は大人気町中華の看板娘と気づいた結果,2024-11-14T09:30:01Z,16280,264,4,2026-09-30 12:24:41,public,2026-09-30T03:38:18+00:00
mU85kG0bc_E,UCNxo2FDan06anwFifY5ew5w,2ch馴れ初め横丁,【2ch馴れ初め】道の駅で一生懸命果物を売る母娘→神の舌を持つ娘が試食した結果,2024-11-13T09:30:30Z,20842,438,3,2026-09-30 12:24:41,public,2026-09-30T03:38:18+00:00
idGzokFHXr4,UCNxo2FDan06anwFifY5ew5w,2ch馴れ初め横丁,【2ch馴れ初め】同僚に嵌められ高級レストランをクビにされたシングルマザー→娘が勝手に閑古鳥が鳴く俺の中華屋にスカウトした結果,2024-11-11T09:30:15Z,12455,235,2,2026-09-30 12:24:41,public,2026-09-30T03:38:18+00:00
L5S4xg9qmA0,UCNxo2FDan06anwFifY5ew5w,2ch馴れ初め横丁,【2ch馴れ初め】夜のピーク時に俺の居酒屋を訪ねてきたボロボロ母娘→人手不足なので接客を手伝って貰った結果,2024-11-07T09:00:30Z,43662,643,13,2026-09-30 12:24:41,public,2026-09-30T03:38:18+00:00
h6eVXA1RgbY,UCNxo2FDan06anwFifY5ew5w,2ch馴れ初め横丁,【2ch馴れ初め】転んでケーキが崩れ泣き崩れる双子姉妹→ケーキ屋の俺が売れ残りを全部あげた結果,2024-11-06T09:00:43Z,15312,351,18,2026-09-30 12:24:41,public,2026-09-30T03:38:18+00:00
OBXASDfpxWA,UCNxo2FDan06anwFifY5ew5w,2ch馴れ初め横丁,【2ch馴れ初め】親戚から厄介者扱いされるボロボロ姉妹→閑古鳥が鳴く定食屋の俺が引き取った結果,2024-11-04T09:00:28Z,15227,300,5,2026-09-30 12:24:41,public,2026-09-30T03:38:18+00:00
9COMZfNR_Qc,UCNxo2FDan06anwFifY5ew5w,2ch馴れ初め横丁,【2ch馴れ初め】親子参加の芋煮会で一人寂しくおにぎりを頬張る貧乏少女→陽キャな娘が声を掛けグループに入れた結果,2024-11-03T09:00:13Z,27633,363,10,2026-09-30 12:24:41,public,2026-09-30T03:38:18+00:00
22HrQkNnkbw,UCNxo2FDan06anwFifY5ew5w,2ch馴れ初め横丁,【2ch馴れ初め】町の人気居酒屋での面接に落ちたボロボロ母娘→潰れかけの俺の居酒屋で代わりに雇った結果,2024-10-30T09:00:03Z,17907,352,6,2026-09-30 12:24:41,public,2026-09-30T03:38:18+00:00
--_5DvT_lSc,UCNxo2FDan06anwFifY5ew5w,2ch馴れ初め横丁,【2ch馴れ初め】期限が切れた他店のタダ券を持ってきた貧乏姉妹→店主の俺が唐揚げ定食をご馳走した結果,2024-10-29T09:00:00Z,14914,306,3,2026-09-30 12:24:41,public,2026-09-30T03:38:18+00:00
FNUurY_vK4U,UCNxo2FDan06anwFifY5ew5w,2ch馴れ初め横丁,【2ch馴れ初め】毎日しつこく鶏の営業にくる養鶏場の女性→勢いに負けたラーメン屋の俺が試しに使った結果,2024-10-27T09:00:14Z,26594,396,9,2026-09-30 12:24:41,public,2026-09-30T03:38:18+00:00
x-GAl9PDQQU,UCNxo2FDan06anwFifY5ew5w,2ch馴れ初め横丁,【2ch馴れ初め】観光地なのに閑散とする団子屋で一生懸命読込する姉妹→旅行会社の俺が客の差し入れ用に50本購入した結果,2024-10-25T09:01:05Z,15653,296,6,2026-09-30 12:24:41,public,2026-09-30T03:38:18+00:00
FcdpRLKBRsE,UCNxo2FDan06anwFifY5ew5w,2ch馴れ初め横丁,【2ch馴れ初め】うちの裏山でどんぐりを集めていた双子姉妹→手作りの焼き栗を振る舞った結果,2024-10-24T09:00:12Z,11515,254,6,2026-09-30 12:24:41,public,2026-09-30T03:38:18+00:00
_SMdhWfEFJM,UCNxo2FDan06anwFifY5ew5w,2ch馴れ初め横丁,【2ch馴れ初め】早朝の開店前にパンの耳を分けてくれと訪れた貧乏母娘→お袋の直感で住み込みバイトとして雇った結果,2024-10-22T09:00:36Z,22189,378,10,2026-09-30 12:24:41,public,2026-09-30T03:38:18+00:00
e4Tn4FEHh68,UCNxo2FDan06anwFifY5ew5w,2ch馴れ初め横丁,【2ch馴れ初め】親子遠足で一人寂しく日の丸弁当を食べる貧乏少女→娘が声を掛け重箱弁当をお裾分けした結果,2024-10-19T08:00:25Z,9545,195,3,2026-09-30 12:24:41,public,2026-09-30T03:38:18+00:00
2lgvpS8r5V0,UCNxo2FDan06anwFifY5ew5w,2ch馴れ初め横丁,【2ch馴れ初め】晩酌中、愛猫と一緒に俺の自宅に迷い込んだ双子姉妹→晩飯をご馳走し家まで送り届けた結果,2024-10-17T09:00:04Z,13382,266,15,2026-09-30 12:24:41,public,2026-09-30T03:38:18+00:00
9DYr6whq6sY,UCNxo2FDan06anwFifY5ew5w,2ch馴れ初め横丁,【2ch馴れ初め】極寒の夜、外から俺のうどん屋をじっと見つめる双子姉妹→熱々の鍋焼きうどんをご馳走した結果,2024-10-16T09:00:09Z,16854,347,3,2026-09-30 12:24:41,public,2026-09-30T03:38:18+00:00
r6N5c0PmNA4,UCNxo2FDan06anwFifY5ew5w,2ch馴れ初め横丁,【2ch馴れ初め】庭で焼き芋中に近づいてきたガリガリ双子姉妹→ホクホクの焼き芋を振る舞った結果,2024-10-12T03:00:43Z,19897,389,10,2026-09-30 12:24:41,public,2026-09-30T03:38:18+00:00
lk519utK5Ds,UCNxo2FDan06anwFifY5ew5w,2ch馴れ初め横丁,【2ch馴れ初め】川で遊び足を滑らせた双子姉妹の姉→愛犬と一緒に溺れた少女を助けた結果,2024-10-10T09:00:54Z,18755,417,2,2026-09-30 12:24:41,public,2026-09-30T03:38:18+00:00
TB_h6Vxdp_E,UCNxo2FDan06anwFifY5ew5w,2ch馴れ初め横丁,【2ch馴れ初め】フリマで俺をじっと見つめてくるボロボロリュックを背負った少女→亡き娘が背負う予定だった新品ランドセルを譲った結果,2024-10-09T09:00:23Z,13876,389,9,2026-09-30 12:24:41,public,2026-09-30T03:38:18+00:00
Ukls0--iNJU,UCNxo2FDan06anwFifY5ew5w,2ch馴れ初め横丁,【2ch馴れ初め】初任給で俺の寿司屋に来て最安セットを頼む貧乏母娘→同じ値段で特注握りセットを振る舞った結果,2024-10-08T09:00:33Z,27996,487,3,2026-09-30 12:24:41,public,2026-09-30T03:38:18+00:00
-bYc5RLKJGw,UCNxo2FDan06anwFifY5ew5w,2ch馴れ初め横丁,【2ch馴れ初め】大雨の夜泣きながらバスを待つボロボロ双子姉妹→配達ついでに一緒に送った結果,2024-10-06T03:00:00Z,18430,381,6,2026-09-30 12:24:41,public,2026-09-30T03:38:18+00:00
m-XGRD_wD9E,UCNxo2FDan06anwFifY5ew5w,2ch馴れ初め横丁,【2ch馴れ初め】現場監督を引き抜かれ廃業寸前の工務店の跡継ぎ娘→元凄腕職人、現事務員の俺が本気を出した結果,2024-10-02T09:00:41Z,10972,208,6,2026-09-30 12:24:41,public,2026-09-30T03:38:18+00:00
yudHs6YaLm4,UCNxo2FDan06anwFifY5ew5w,2ch馴れ初め横丁,【2ch馴れ初め】灼熱の猛暑日に人気のない山道でヒッチハイクする二人の少女→冷房の効いた俺のトラックで保護した結果,2024-10-01T09:01:01Z,9314,241,8,2026-09-30 12:24:41,public,2026-09-30T03:38:18+00:00
rhSOPz05_So,UCNxo2FDan06anwFifY5ew5w,2ch馴れ初め横丁,【2ch馴れ初め】夕方に米と惣菜を交換して欲しいとやってきた双子姉妹→母親の提案で晩ご飯をご馳走した結果,2024-09-29T02:00:34Z,29909,507,4,2026-09-30 12:24:41,public,2026-09-30T03:38:18+00:00
46Q7YgGMOiA,UCNxo2FDan06anwFifY5ew5w,2ch馴れ初め横丁,【2ch馴れ初め】牧草の上で昼寝していた双子少女→起きた二人に晩ご飯をご馳走した結果,2024-09-26T09:00:09Z,29410,498,7,2026-09-30 12:24:41,public,2026-09-30T03:38:18+00:00
xS0iLI6XTXM,UCNxo2FDan06anwFifY5ew5w,2ch馴れ初め横丁,【2ch馴れ初め】老婆が経営していたボロボロの中華料理屋→10年後、久々にお店に足を運んだ結果,2024-09-25T09:01:01Z,14960,306,8,2026-09-30 12:24:41,public,2026-09-30T03:38:18+00:00
8hcrEor74GY,UCNxo2FDan06anwFifY5ew5w,2ch馴れ初め横丁,【2ch馴れ初め】大量のトマトをキャンセルされた農家の母娘→カレー屋を営む俺の母親の直感で全部買い取った結果,2024-09-23T09:00:05Z,16916,309,8,2026-09-30 12:24:41,public,2026-09-30T03:38:18+00:00
ia7-RkR9RZg,UCNxo2FDan06anwFifY5ew5w,2ch馴れ初め横丁,【2ch馴れ初め】華金なのに1軒だけガラガラの居酒屋→上司の経験を信じて入店した結果,2024-09-22T09:00:40Z,19227,347,4,2026-09-30 12:24:41,public,2026-09-30T03:38:18+00:00
jxpiGFEPbqw,UCNxo2FDan06anwFifY5ew5w,2ch馴れ初め横丁,【2ch馴れ初め】亡き妹の幼い娘と愛犬でドッグランへ→突然大型犬が娘にじゃれついてきた結果,2024-09-21T09:00:45Z,26539,424,6,2026-09-30 12:24:41,public,2026-09-30T03:38:18+00:00
ruNwh-qjbSI,UCNxo2FDan06anwFifY5ew5w,2ch馴れ初め横丁,【2ch馴れ初め】お金が足りず服屋を追い出されたボロボロ双子姉妹→亡き娘が着れなかった洋服を全部譲った結果,2024-09-19T09:00:44Z,29088,490,21,2026-09-30 12:24:41,public,2026-09-30T03:38:18+00:00
RzUvwzFMDqU,UCNxo2FDan06anwFifY5ew5w,2ch馴れ初め横丁,【2ch馴れ初め】うちの愛猫を追いかけ迷子になった双子姉妹→夕飯をご馳走し家まで送り届けた結果,2024-09-18T09:00:21Z,26662,452,11,2026-09-30 12:24:41,public,2026-09-30T03:38:18+00:00
C_zMKbPm9xw,UCNxo2FDan06anwFifY5ew5w,2ch馴れ初め横丁,【2ch馴れ初め】庭で晩酌中に回覧板を持ってきた貧乏双子姉妹→七輪で焼いたサンマを振る舞った結果,2024-09-16T09:00:11Z,56733,842,20,2026-09-30 12:24:41,public,2026-09-30T03:38:18+00:00
BpYAZkV_qkU,UCNxo2FDan06anwFifY5ew5w,2ch馴れ初め横丁,【2ch馴れ初め】仕入れ拒否されたキャベツを押し売りに来た双子姉妹→お好み焼き屋の俺が全部買い取った結果,2024-09-15T10:00:09Z,26616,488,6,2026-09-30 12:24:41,public,2026-09-30T03:38:18+00:00
gPyoFd68MSw,UCNxo2FDan06anwFifY5ew5w,2ch馴れ初め横丁,【2ch馴れ初め】ガランとした俺の弁当屋を訪ねてきた双子姉妹→看板娘として店の宣伝を手伝って貰った結果,2024-09-14T09:00:39Z,20831,405,10,2026-09-30 12:24:41,public,2026-09-30T03:38:18+00:00
kWChaycSmZg,UCNxo2FDan06anwFifY5ew5w,2ch馴れ初め横丁,【2ch馴れ初め】いつも俺のおでん屋台を遠くから見つめるボロボロ姉妹→しみしみの熱々おでんをご馳走した結果,2024-09-12T09:00:42Z,13314,330,11,2026-09-30 12:24:41,public,2026-09-30T03:38:18+00:00
w9YRNXxyDgs,UCNxo2FDan06anwFifY5ew5w,2ch馴れ初め横丁,【2ch馴れ初め】亡き妹の双子姉妹を社員旅行に連れて行った俺→いつも冷徹な女上司と一緒に行動することになった結果,2024-09-07T10:00:59Z,14081,248,5,2026-09-30 12:24:41,public,2026-09-30T03:38:18+00:00
hz_6yYE0Qqo,UCNxo2FDan06anwFifY5ew5w,2ch馴れ初め横丁,【2ch馴れ初め】閉店間際、俺の廃業寸前の惣菜屋を訪ねてきた貧乏母娘→自暴自棄になった俺が全部の惣菜をあげた結果,2024-09-03T10:00:45Z,11049,274,3,2026-09-30 12:24:41,public,2026-09-30T03:38:18+00:00
JX8mn1_Vx0c,UCNxo2FDan06anwFifY5ew5w,2ch馴れ初め横丁,【2ch馴れ初め】息子とBBQ中、勝手に庭に侵入してお肉を食べる少女→翌週、双子の妹と母を連れてきた結果,2024-09-01T10:00:26Z,19375,316,8,2026-09-30 12:24:41,public,2026-09-30T03:38:18+00:00
T80yKwNsnhw,UCNxo2FDan06anwFifY5ew5w,2ch馴れ初め横丁,【2ch馴れ初め】亡き親友のラーメン屋を必死に守る俺→ガリガリ姉妹が謎のレシピノートを持ってきた結果,2024-08-31T10:00:32Z,14952,271,11,2026-09-30 12:24:41,public,2026-09-30T03:38:18+00:00
ExUl0F3Cczw,UCNxo2FDan06anwFifY5ew5w,2ch馴れ初め横丁,【2ch馴れ初め】長期出張から帰ると独身の俺の家に明かりが→恐る恐る自宅の扉を開けた結果,2024-08-30T10:00:13Z,7731,173,3,2026-09-30 12:24:41,public,2026-09-30T03:38:18+00:00
rzo-v-aiFWw,UCNxo2FDan06anwFifY5ew5w,2ch馴れ初め横丁,【2ch馴れ初め】うちの米屋に慌てておつかいに来た双子姉妹→重そうなので車で一緒に運んだ結果,2024-08-27T10:00:51Z,18539,381,16,2026-09-30 12:24:41,public,2026-09-30T03:38:18+00:00
jbTqwZE5Akc,UCNxo2FDan06anwFifY5ew5w,2ch馴れ初め横丁,【2ch馴れ初め】昼のピーク時に俺の海の家を訪ねてきた貧乏親子→人手不足だったので日雇いで厨房を手伝って貰った結果,2024-08-25T09:00:38Z,11264,259,7,2026-09-30 12:24:41,public,2026-09-30T03:38:18+00:00
2RxZq8GjY6Q,UCNxo2FDan06anwFifY5ew5w,2ch馴れ初め横丁,【2ch馴れ初め】釣り仲間とイカ釣り中に突然現れた双子姉妹→新鮮なイカで海鮮BBQをご馳走した結果,2024-08-22T09:00:03Z,9440,216,5,2026-09-30 12:24:41,public,2026-09-30T03:38:18+00:00
X6q-Cnwlnaw,UCNxo2FDan06anwFifY5ew5w,2ch馴れ初め横丁,【2ch馴れ初め】社員食堂で罵声を浴びる女性従業員を助けた陰キャの俺→実は会長の孫娘で突然全てを失った結果,2024-08-16T09:30:10Z,122087,1241,25,2026-09-30 12:24:41,public,2026-09-30T03:38:18+00:00
MAwyIilLCTU,UCNxo2FDan06anwFifY5ew5w,2ch馴れ初め横丁,【2ch馴れ初め】夕方に野菜とお米を交換してくれと訪れた貧乏母娘→母親が一緒に晩ご飯でもどう？と誘った結果,2024-08-15T09:30:05Z,20631,368,8,2026-09-30 12:24:41,public,2026-09-30T03:38:18+00:00
FTwHvB_IPco,UCNxo2FDan06anwFifY5ew5w,2ch馴れ初め横丁,【2ch馴れ初め】父が倒れ、全社員を引き抜かれ絶望する中華屋社長の娘→残されたデブ陰キャの俺が本気を出した結果,2024-08-14T09:30:05Z,80547,832,7,2026-09-30 12:24:41,public,2026-09-30T03:38:18+00:00
Akan2SoDkIM,UCNxo2FDan06anwFifY5ew5w,2ch馴れ初め横丁,【2ch馴れ初め】両親を失い親戚から押し付けられた笑わない3姉妹→僻地で漁師をする俺が引き取った結果,2024-08-13T09:30:04Z,29571,519,8,2026-09-30 12:24:41,public,2026-09-30T03:38:18+00:00
S99lTN4GSrw,UCNxo2FDan06anwFifY5ew5w,2ch馴れ初め横丁,【2ch馴れ初め】熱中症で倒れた少女を看病し最終面接に大遅刻した俺→不採用覚悟で面接中、1本の電話が掛かってきた結果,2024-08-11T09:30:06Z,12406,239,10,2026-09-30 12:24:41,public,2026-09-30T03:38:18+00:00
qMBjxqYJ_e4,UCNxo2FDan06anwFifY5ew5w,2ch馴れ初め横丁,【2ch馴れ初め】県道沿いにポツンと佇む客0人のボロボロ定食屋→息子の直感を信じて入ってみた結果,2024-08-10T09:30:16Z,13579,271,1,2026-09-30 12:24:41,public,2026-09-30T03:38:18+00:00
4Sq_fyCFB5M,UCNxo2FDan06anwFifY5ew5w,2ch馴れ初め横丁,【2ch馴れ初め】誰も近寄らない海鮮料理屋を一生懸命経営する母娘→熱意に負け漁師の俺が手を貸した結果,2024-08-09T08:00:04Z,17078,267,8,2026-09-30 12:24:41,public,2026-09-30T03:38:18+00:00
a9dd1M7Ozps,UCNxo2FDan06anwFifY5ew5w,2ch馴れ初め横丁,【2ch馴れ初め】40度の記録的な猛暑日に必死に焼きそばの調理を続ける屋台の女性→異変に気づき調理を代わり看病した結果,2024-08-04T04:30:00Z,13394,323,12,2026-09-30 12:24:41,public,2026-09-30T03:38:18+00:00
7BaM4UgGOCo,UCNxo2FDan06anwFifY5ew5w,2ch馴れ初め横丁,【2ch馴れ初め】家族から厄介者扱いされる定食屋の娘→俺の中華料理屋でバイトとして雇った結果,2024-08-02T08:59:00Z,25189,386,3,2026-09-30 12:24:41,public,2026-09-30T03:38:18+00:00
Ra1Z_dP3AoU,UCNxo2FDan06anwFifY5ew5w,2ch馴れ初め横丁,【2ch馴れ初め】塗装業者に高額請求され涙目で抗議する母娘→巡回中の次期社長の俺がキレた結果,2024-08-01T08:59:00Z,14071,227,15,2026-09-30 12:24:41,public,2026-09-30T03:38:18+00:00
VUqnMqcQYqY,UCNxo2FDan06anwFifY5ew5w,2ch馴れ初め横丁,【2ch馴れ初め】懇親会当日に予約人数を変更しろとゴネられた居酒屋の母娘→工務店親方の俺が社員全員呼んだ結果,2024-07-31T08:00:20Z,9348,208,0,2026-09-30 12:24:41,public,2026-09-30T03:38:18+00:00
LjawZ8FEvrU,UCNxo2FDan06anwFifY5ew5w,2ch馴れ初め横丁,【2ch馴れ初め】いつも幼い娘と遊んでくれるボロボロの制服を着た少女→亡き娘が着れなかった制服を譲った結果,2024-07-29T09:00:24Z,9790,208,3,2026-09-30 12:24:41,public,2026-09-30T03:38:18+00:00
YBW3bvSNM20,UCNxo2FDan06anwFifY5ew5w,2ch馴れ初め横丁,【2ch馴れ初め】夏祭り会場でりんご飴を落とし泣き崩れる貧乏母娘→事情を察した俺が新品を奢った結果,2024-07-27T09:00:23Z,13185,260,5,2026-09-30 12:24:41,public,2026-09-30T03:38:18+00:00
3pqc6dYFXUQ,UCNxo2FDan06anwFifY5ew5w,2ch馴れ初め横丁,【2ch馴れ初め】毎日のように雇って欲しいと来る女子高生→熱意に負け俺のラーメン屋で採用した結果,2024-07-26T09:00:05Z,11050,213,6,2026-09-30 12:24:41,public,2026-09-30T03:38:18+00:00
0zvSkXHKHYI,UCNxo2FDan06anwFifY5ew5w,2ch馴れ初め横丁,【2ch馴れ初め】俺の中華屋に期限切れのタダ券を持ってきた貧乏母娘→急遽出前の配達を手伝って貰った結果,2024-07-25T09:00:02Z,16232,379,15,2026-09-30 12:24:41,public,2026-09-30T03:38:18+00:00
S9FuN0pq64E,UCNxo2FDan06anwFifY5ew5w,2ch馴れ初め横丁,【2ch馴れ初め】鬼の形相をした外国人の団体を連れてきた半泣きバスガイド→廃業寸前の旅館を経営する俺が12人全員受け入れた結果,2024-07-24T09:00:19Z,47020,634,11,2026-09-30 12:24:41,public,2026-09-30T03:38:18+00:00
u3fSb4Jhxi0,UCNxo2FDan06anwFifY5ew5w,2ch馴れ初め横丁,【2ch馴れ初め】観光地での出店許可が突然取り消された屋台の親子→放っておけず商店街の一角を貸した結果,2024-07-22T08:30:13Z,17576,324,4,2026-09-30 12:24:41,public,2026-09-30T03:38:18+00:00
gUlO_TZZLFQ,UCNxo2FDan06anwFifY5ew5w,2ch馴れ初め横丁,【2ch馴れ初め】うちの空家に勝手に住んでいたボロボロ母娘→亡き祖母直伝のカレーを振舞った結果,2024-07-21T08:30:16Z,17999,331,8,2026-09-30 12:24:41,public,2026-09-30T03:38:18+00:00
mm0b9YLIBrw,UCNxo2FDan06anwFifY5ew5w,2ch馴れ初め横丁,【2ch馴れ初め】予約したケーキが別の商品なのに返品拒否されるボロボロ母娘→放っておけずケーキ屋の俺が代わりに対応した結果,2024-07-20T08:30:24Z,19663,341,6,2026-09-30 12:24:41,public,2026-09-30T03:38:18+00:00
1TRgNh4BsaE,UCNxo2FDan06anwFifY5ew5w,2ch馴れ初め横丁,【2ch馴れ初め】寒空の夜、迷子の娘の面倒を見てくれた会社の地味女→お礼に焼肉をご馳走した結果,2024-07-18T09:00:02Z,14412,234,5,2026-09-30 12:24:41,public,2026-09-30T03:38:18+00:00
aGWZNJFp3wM,UCNxo2FDan06anwFifY5ew5w,2ch馴れ初め横丁,【2ch馴れ初め】大雪の中、路上で高価なブランド品を売るボロボロ姉妹→事件性を感じた俺が警察に連絡しようとした結果,2024-07-17T09:00:02Z,16093,299,1,2026-09-30 12:24:41,public,2026-09-30T03:38:18+00:00
I91aVhkARC8,UCNxo2FDan06anwFifY5ew5w,2ch馴れ初め横丁,【2ch馴れ初め】深夜に慌てておつかいに来たボロボロの姉妹→お釣りを忘れていったので追いかけた結果,2024-07-16T09:00:14Z,32711,532,12,2026-09-30 12:24:41,public,2026-09-30T03:38:18+00:00
UV8psMO_-XE,UCNxo2FDan06anwFifY5ew5w,2ch馴れ初め横丁,【2ch馴れ初め】亡き夫の定食屋を必死に守ろうと頑張る母娘→反抗期の娘が感想を言い放った結果,2024-07-15T09:00:31Z,13595,291,2,2026-09-30 12:24:41,public,2026-09-30T03:38:18+00:00
5YfGIJJyet4,UCNxo2FDan06anwFifY5ew5w,2ch馴れ初め横丁,【2ch馴れ初め】貸し教室を突如追い出されたケーキ屋の親子旅館経営の俺が場所を貸した結果,2024-07-14T09:00:05Z,18877,421,11,2026-09-30 12:24:41,public,2026-09-30T03:38:18+00:00
-3ITuusZgwc,UCNxo2FDan06anwFifY5ew5w,2ch馴れ初め横丁,【2ch馴れ初め】火事で大切なお店を失い絶望する母娘→定食屋の俺が住み込みで雇った結果,2024-07-13T09:00:00Z,15575,348,4,2026-09-30 12:24:41,public,2026-09-30T03:38:18+00:00
fO_oLTNwJHU,UCNxo2FDan06anwFifY5ew5w,2ch馴れ初め横丁,【2ch馴れ初め】常連が連れてきた赤字続きのパン屋の母娘→喫茶店経営の俺が恐る恐る焼き立てパンを試食した結果,2024-07-12T09:00:41Z,25186,494,18,2026-09-30 12:24:41,public,2026-09-30T03:38:18+00:00
ndM0znkvWcs,UCNxo2FDan06anwFifY5ew5w,2ch馴れ初め横丁,【2ch馴れ初め】服屋で入店拒否されたボロボロ母娘→亡き娘の思い出の服を譲った結果,2024-07-11T09:00:42Z,35185,541,12,2026-09-30 12:24:41,public,2026-09-30T03:38:18+00:00
N6wwq1dh67c,UCNxo2FDan06anwFifY5ew5w,2ch馴れ初め横丁,【2ch馴れ初め】深夜に閉店後の商店街をふらつく不審な女性→異変を感じ恐る恐る声を掛けた結果,2024-07-10T09:00:27Z,14878,283,3,2026-09-30 12:24:41,public,2026-09-30T03:38:18+00:00
5OL0lSX-Sxo,UCNxo2FDan06anwFifY5ew5w,2ch馴れ初め横丁,【2ch馴れ初め】毎日しつこくお米の営業に来る農家の女性→根負けし俺の寿司屋で試しに使った結果,2024-07-09T09:00:09Z,396439,3045,121,2026-09-30 12:24:41,public,2026-09-30T03:38:18+00:00
IYWZHXcR73w,UCNxo2FDan06anwFifY5ew5w,2ch馴れ初め横丁,【2ch馴れ初め】公園でハブられている貧乏姉妹→息子が一緒に遊ぼうと声をかけた結果,2024-07-08T09:00:14Z,18011,365,12,2026-09-30 12:24:41,public,2026-09-30T03:38:18+00:00
yiof6QNu_8s,UCNxo2FDan06anwFifY5ew5w,2ch馴れ初め横丁,【2ch馴れ初め】リヤカーでケーキを訪問販売する貧乏母娘→断りきれず渋々購入した結果,2024-07-07T09:00:52Z,31599,652,21,2026-09-30 12:24:41,public,2026-09-30T03:38:18+00:00
N45TWSHNIuw,UCNxo2FDan06anwFifY5ew5w,2ch馴れ初め横丁,【2ch馴れ初め】早朝に俺の野菜農園を訪ねてきた貧乏母娘→人手が足りなかったので収穫を手伝って貰った結果,2024-07-06T09:00:23Z,92877,1098,24,2026-09-30 12:24:41,public,2026-09-30T03:38:18+00:00
scnq1D6yVGc,UCNxo2FDan06anwFifY5ew5w,2ch馴れ初め横丁,【2ch馴れ初め】部下の発注ミスで肉が届かず慌てる焼き鳥屋の俺→急遽精肉店に鶏肉を大量に買いに行った結果,2024-07-05T09:00:47Z,43668,627,16,2026-09-30 12:24:41,public,2026-09-30T03:38:18+00:00
Vcu5jXKRoDc,UCNxo2FDan06anwFifY5ew5w,2ch馴れ初め横丁,【2ch馴れ初め】俺の小さなとんかつ屋が職場体験の対象に→学校からの依頼で女子中学生を二人受け入れた結果,2024-07-04T09:00:30Z,73382,1110,19,2026-09-30 12:24:41,public,2026-09-30T03:38:18+00:00
wfxq3dysDi8,UCNxo2FDan06anwFifY5ew5w,2ch馴れ初め横丁,【2ch馴れ初め】フリマで手作り雑貨を売る貧乏親子→俺の土産屋で試しに取り扱った結果,2024-07-03T09:00:53Z,14093,308,12,2026-09-30 12:24:41,public,2026-09-30T03:38:18+00:00
zCLrVkKPLhA,UCNxo2FDan06anwFifY5ew5w,2ch馴れ初め横丁,【2ch馴れ初め】同じ場所を1日中ウロウロする車椅子の少女→放っておけず声を掛けた結果,2024-07-02T09:01:00Z,42465,662,8,2026-09-30 12:24:41,public,2026-09-30T03:38:18+00:00
PxLzD4PontQ,UCNxo2FDan06anwFifY5ew5w,2ch馴れ初め横丁,【2ch馴れ初め】日曜の昼時なのにガラガラの異質なカレー屋→息子のセンスを信じて入ってみた結果,2024-07-01T09:00:31Z,35077,629,9,2026-09-30 12:24:41,public,2026-09-30T03:38:18+00:00
Jy40PnK3ELI,UCNxo2FDan06anwFifY5ew5w,2ch馴れ初め横丁,【2ch馴れ初め】宴会予約を無断キャンセルされ泣き崩れる居酒屋の親子→母親の直感で急遽予約を入れた結果,2024-06-30T09:00:12Z,91566,1315,28,2026-09-30 12:24:41,public,2026-09-30T03:38:18+00:00
eGSWdf1iKaY,UCNxo2FDan06anwFifY5ew5w,2ch馴れ初め横丁,【2ch馴れ初め】酔っぱらい親父に難癖をつけられるラーメン屋の母娘→我慢の限界な俺が放っておけず助けた結果,2024-06-29T09:00:27Z,18337,327,16,2026-09-30 12:24:41,public,2026-09-30T03:38:18+00:00
p9FVRgxmnxc,UCNxo2FDan06anwFifY5ew5w,2ch馴れ初め横丁,【2ch馴れ初め】娘の治療費の為に思い出の店を手放したボロボロのお爺さん→俺の小さな和菓子屋で雇った結果、彼の驚きの正体が,2024-06-28T09:00:49Z,29983,569,13,2026-09-30 12:24:41,public,2026-09-30T03:38:18+00:00
aaZt5nDz5Ko,UCNxo2FDan06anwFifY5ew5w,2ch馴れ初め横丁,【2ch馴れ初め】交通事故で動けず大号泣する子供を救急車が来るまで看病した俺→大事な商談に遅刻した結果,2024-06-27T09:00:01Z,60598,849,25,2026-09-30 12:24:41,public,2026-09-30T03:38:18+00:00
SdzSOtG8Zvo,UCNxo2FDan06anwFifY5ew5w,2ch馴れ初め横丁,【2ch馴れ初め】観光地なのに客が1人もいないボロボロ旅館→急遽予約なしで家族全員を泊めてもらった結果,2024-06-25T09:00:30Z,33386,605,18,2026-09-30 12:24:41,public,2026-09-30T03:38:18+00:00
WJHqSvsF2Xg,UCNxo2FDan06anwFifY5ew5w,2ch馴れ初め横丁,【2ch馴れ初め】俺のパン屋に働かせて欲しいとやって来た双子姉妹→事情を聞き一緒にカレーパンを焼いた結果,2024-06-24T09:00:34Z,29814,614,17,2026-09-30 12:24:41,public,2026-09-30T03:38:18+00:00
FtmCuKVu_s8,UCNxo2FDan06anwFifY5ew5w,2ch馴れ初め横丁,【2ch馴れ初め】タダ券の使用を拒否されるボロボロ母娘→放っておけず定食屋の俺が招待してご馳走した結果,2024-06-23T09:00:11Z,53023,919,27,2026-09-30 12:24:41,public,2026-09-30T03:38:18+00:00
gUjOKxELgKA,UCNxo2FDan06anwFifY5ew5w,2ch馴れ初め横丁,【2ch馴れ初め】地鶏の飛び込み営業に来た養鶏農家の親子→俺の焼き鳥屋で直接契約した結果,2024-06-22T09:00:38Z,21335,480,14,2026-09-30 12:24:41,public,2026-09-30T03:38:18+00:00
YVu_v4sdKHY,UCNxo2FDan06anwFifY5ew5w,2ch馴れ初め横丁,【2ch馴れ初め】生後9ヶ月の赤子を抱え面接に来たボロボロ女性→娘の直感で俺の居酒屋で雇った結果,2024-06-21T09:00:33Z,12069,301,4,2026-09-30 12:24:41,public,2026-09-30T03:38:18+00:00
4-ZQlYWapE8,UCNxo2FDan06anwFifY5ew5w,2ch馴れ初め横丁,【2ch馴れ初め】猛暑の中、汗だくでフラフラと歩く長袖姿の少女→異変を感じたアイス屋の俺が事情を聞いた結果,2024-06-20T09:00:03Z,14518,348,7,2026-09-30 12:24:41,public,2026-09-30T03:38:18+00:00
kQe8JGk9Ujk,UCNxo2FDan06anwFifY5ew5w,2ch馴れ初め横丁,【2ch馴れ初め】幼い娘が懐いて離れないお隣のお婆さん→ある日突然、派手な孫娘の世話を頼まれた結果,2024-06-19T09:00:42Z,21809,365,8,2026-09-30 12:24:41,public,2026-09-30T03:38:18+00:00
gm0usd8v0TM,UCNxo2FDan06anwFifY5ew5w,2ch馴れ初め横丁,【2ch馴れ初め】いちごジャムを押し売りに来たボロボロ母娘→俺のパン屋で試しに取り扱った結果,2024-06-18T09:00:35Z,53051,1022,29,2026-09-30 12:24:41,public,2026-09-30T03:38:18+00:00
EsqR0NhzJ2A,UCNxo2FDan06anwFifY5ew5w,2ch馴れ初め横丁,【2ch馴れ初め】毎日のように俺の弁当屋に通ってくれる母娘→来月廃業することを伝えた結果,2024-06-17T09:00:10Z,40015,710,11,2026-09-30 12:24:41,public,2026-09-30T03:38:18+00:00
OCFVH6DlZMQ,UCNxo2FDan06anwFifY5ew5w,2ch馴れ初め横丁,【2ch馴れ初め】夏祭り会場で1軒だけガラガラのたこ焼き屋台→娘の直感を信じて購入した結果,2024-06-16T09:00:15Z,18541,452,19,2026-09-30 12:24:41,public,2026-09-30T03:38:18+00:00
0K8KafwdCKQ,UCNxo2FDan06anwFifY5ew5w,2ch馴れ初め横丁,【2ch馴れ初め】30玉分のキャベツをキャンセルされた農家の親子→とんかつ屋の俺の息子が突然全部欲しいと言った結果,2024-06-15T09:00:00Z,107459,1331,41,2026-09-30 12:24:41,public,2026-09-30T03:38:18+00:00
edjVpwJ0oqc,UCNxo2FDan06anwFifY5ew5w,2ch馴れ初め横丁,【2ch馴れ初め】嫌々参加した合コンで俺を睨みつけるヤンキー女→誰にもバレずにこっそり帰ろうとした結果,2024-06-14T09:00:37Z,19775,356,2,2026-09-30 12:24:41,public,2026-09-30T03:38:18+00:00
jxLZ64WKJtU,UCNxo2FDan06anwFifY5ew5w,2ch馴れ初め横丁,【2ch馴れ初め】閑古鳥が鳴くボロボロのうどん屋を一生懸命経営する母娘→元和食屋の俺が手を貸した結果,2024-06-13T09:00:37Z,72599,1155,22,2026-09-30 12:24:41,public,2026-09-30T03:38:18+00:00
VuCAhPLLN0c,UCNxo2FDan06anwFifY5ew5w,2ch馴れ初め横丁,【2ch馴れ初め】発注ミスで山盛りの肉が届きパニック状態の母娘→急遽社内BBQのため全部買い取った結果,2024-06-12T09:00:32Z,54698,829,11,2026-09-30 12:24:41,public,2026-09-30T03:38:18+00:00
nUHVH34FJ5k,UCNxo2FDan06anwFifY5ew5w,2ch馴れ初め横丁,【2ch馴れ初め】SNSで手作りのぬいぐるみを作って売る母娘→娘が勝手に購入したいとコメントした結果,2024-06-11T09:00:40Z,36812,650,12,2026-09-30 12:24:41,public,2026-09-30T03:38:18+00:00
0h07etvqrGA,UCNxo2FDan06anwFifY5ew5w,2ch馴れ初め横丁,【2ch馴れ初め】会社の飲み会で酔い潰れた地味な後輩→恐る恐る起こそうとした結果,2024-06-10T09:00:01Z,20871,337,8,2026-09-30 12:24:41,public,2026-09-30T03:38:18+00:00
J2aNj5pZaso,UCNxo2FDan06anwFifY5ew5w,2ch馴れ初め横丁,【2ch馴れ初め】倒産寸前のうちの蕎麦屋に面接に来た無口で地味な女性→おふくろの直感で即採用した結果,2024-06-09T09:00:15Z,16065,313,13,2026-09-30 12:24:41,public,2026-09-30T03:38:18+00:00
Dz8mFNL2kUs,UCNxo2FDan06anwFifY5ew5w,2ch馴れ初め横丁,【2ch馴れ初め】パン屋に入店拒否されたボロボロ双子姉妹→ライバル店の俺が売れ残りを大量にあげた結果,2024-06-08T09:00:08Z,117073,1698,48,2026-09-30 12:24:41,public,2026-09-30T03:38:18+00:00
GZ4bxXqgyf0,UCNxo2FDan06anwFifY5ew5w,2ch馴れ初め横丁,【2ch馴れ初め】大型スーパーの影響で閉店する肉屋の母娘→俺の小さな焼肉屋で雇った結果,2024-06-07T09:00:12Z,22368,517,5,2026-09-30 12:24:41,public,2026-09-30T03:38:18+00:00
XM_0vlXcbKk,UCNxo2FDan06anwFifY5ew5w,2ch馴れ初め横丁,【2ch馴れ初め】潰れかけのうちの居酒屋に面接に来たボロボロ親子→親父の直感で即採用した結果,2024-06-06T09:00:22Z,58017,881,14,2026-09-30 12:24:41,public,2026-09-30T03:38:18+00:00
BW1ec0ltPYs,UCNxo2FDan06anwFifY5ew5w,2ch馴れ初め横丁,【2ch馴れ初め】親戚の頼みでお見合い中、ずっとスマホを見ている根暗な女性→我慢できず即日お断りしようとした結果,2024-06-05T09:00:11Z,26709,399,5,2026-09-30 12:24:41,public,2026-09-30T03:38:18+00:00
5Q4JsgRX2pg,UCNxo2FDan06anwFifY5ew5w,2ch馴れ初め横丁,【2ch馴れ初め】公園で半日以上座り込むボロボロ少女→異変を感じた社畜の俺が声を掛けた結果,2024-06-04T09:00:07Z,41044,714,10,2026-09-30 12:24:41,public,2026-09-30T03:38:18+00:00
4aPvyWRI-Ik,UCNxo2FDan06anwFifY5ew5w,2ch馴れ初め横丁,【2ch馴れ初め】今日で廃業する俺の中華料理屋に来店したお爺さん→最後に闘魂込めて料理を振る舞った結果,2024-06-03T09:00:03Z,20275,352,8,2026-09-30 12:24:41,public,2026-09-30T03:38:18+00:00
UFi3VPsl9l8,UCNxo2FDan06anwFifY5ew5w,2ch馴れ初め横丁,【2ch馴れ初め】娘の自転車練習を手伝ってくれる隣の孤独なお爺さん→ある日、孫娘を貰ってくれと頼まれた結果,2024-06-02T09:00:18Z,41082,536,13,2026-09-30 12:24:41,public,2026-09-30T03:38:18+00:00
DV9Q9fyT8ZI,UCNxo2FDan06anwFifY5ew5w,2ch馴れ初め横丁,【2ch馴れ初め】元ヤンを理由に解雇された元同級生が面接に→超有能だったので俺の運送会社で雇った結果,2024-06-01T09:00:18Z,63583,711,6,2026-09-30 12:24:41,public,2026-09-30T03:38:18+00:00
4rp_99jgKIY,UCNxo2FDan06anwFifY5ew5w,2ch馴れ初め横丁,【2ch馴れ初め】閉店間際の中華料理屋でミニ野菜炒めだけ注文する母娘を見た俺→余った食材で大量の料理をご馳走した結果,2024-05-31T09:00:02Z,30381,605,9,2026-09-30 12:24:41,public,2026-09-30T03:38:18+00:00
874HkH_nYGc,UCNxo2FDan06anwFifY5ew5w,2ch馴れ初め横丁,【2ch馴れ初め】台風の夜、高架下で身を寄せ合うずぶ濡れの親子→放っておけず俺の旅館に連れ帰った結果,2024-05-30T09:00:05Z,16688,372,11,2026-09-30 12:24:41,public,2026-09-30T03:38:18+00:00
CgZFj3UlcfI,UCNxo2FDan06anwFifY5ew5w,2ch馴れ初め横丁,【2ch馴れ初め】激混みの飲食街で1軒だけ閑古鳥が鳴くラーメン屋→母親の直感を信じて入店した結果,2024-05-29T09:30:05Z,118797,1846,61,2026-09-30 12:24:41,public,2026-09-30T03:38:18+00:00
vr7tdJjGAtY,UCNxo2FDan06anwFifY5ew5w,2ch馴れ初め横丁,【2ch馴れ初め】フリマで手作りの服を一生懸命売る母娘→娘の直感で俺の小さな古着屋で雇った結果,2024-05-28T09:00:43Z,66807,1151,19,2026-09-30 12:24:41,public,2026-09-30T03:38:18+00:00
_ueErv0FIXU,UCNxo2FDan06anwFifY5ew5w,2ch馴れ初め横丁,【2ch馴れ初め】息子夫婦に店も家も奪われたボロボロ老夫婦が面接に→俺の小さな小料理屋で即採用した結果,2024-05-27T09:00:20Z,116965,1700,35,2026-09-30 12:24:41,public,2026-09-30T03:38:18+00:00
2bFJzsD_kro,UCNxo2FDan06anwFifY5ew5w,2ch馴れ初め横丁,【2ch馴れ初め】山奥の村に引っ越してきたボロボロ母娘→お腹を空かせていたので山菜料理を振る舞った結果,2024-05-26T09:30:00Z,19180,352,12,2026-09-30 12:24:41,public,2026-09-30T03:38:18+00:00
e8wKKvC-Zv8,UCNxo2FDan06anwFifY5ew5w,2ch馴れ初め横丁,【2ch馴れ初め】母のおにぎり屋を一生懸命手伝うボロボロ少女→IT会社経営の俺が差し入れ用に大量購入した結果,2024-05-25T09:30:16Z,35888,663,20,2026-09-30 12:24:41,public,2026-09-30T03:38:18+00:00
axmiOagzRAU,UCNxo2FDan06anwFifY5ew5w,2ch馴れ初め横丁,【2ch馴れ初め】焼き立てパンを押し売りに来たボロボロ母娘→俺の経営するホテルで契約した結果,2024-05-24T09:30:00Z,64773,1047,24,2026-09-30 12:24:41,public,2026-09-30T03:38:18+00:00
hQ84xW2myVk,UCNxo2FDan06anwFifY5ew5w,2ch馴れ初め横丁,【2ch馴れ初め】和菓子屋の社長が夜逃げし突然無職になった幼馴染→俺のボロボロ喫茶店で雇った結果,2024-05-23T09:30:21Z,10719,249,5,2026-09-30 12:24:41,public,2026-09-30T03:38:18+00:00
DD_Y3rNkS9I,UCNxo2FDan06anwFifY5ew5w,2ch馴れ初め横丁,【2ch馴れ初め】双子の赤ちゃんを抱え面接に来た元ヤン中卒シンママ→娘の直感で俺の立ち食いうどん屋で雇った結果,2024-05-22T09:30:04Z,65830,1011,22,2026-09-30 12:24:41,public,2026-09-30T03:38:18+00:00
LAIPjvXmHgE,UCNxo2FDan06anwFifY5ew5w,2ch馴れ初め横丁,【2ch馴れ初め】ラーメン屋を突然追い出されるボロボロ親子→ライバル店の俺が一杯ご馳走した結果,2024-05-21T09:30:06Z,27485,430,21,2026-09-30 12:24:41,public,2026-09-30T03:38:18+00:00
t1utxHiLHHk,UCNxo2FDan06anwFifY5ew5w,2ch馴れ初め横丁,【2ch馴れ初め】常連以外見かけないボロボロの洋菓子店→急遽50人分のカップケーキを作ってもらった結果,2024-05-20T09:30:15Z,16488,345,6,2026-09-30 12:24:41,public,2026-09-30T03:38:18+00:00
ur8LINZAINw,UCNxo2FDan06anwFifY5ew5w,2ch馴れ初め横丁,【2ch馴れ初め】母のために洋服を買いに来たボロボロ少女→俺の店にあるワンピースをプレゼントした結果,2024-05-19T09:30:15Z,18768,340,6,2026-09-30 12:24:41,public,2026-09-30T03:38:18+00:00
DAWHEeeY9z4,UCNxo2FDan06anwFifY5ew5w,2ch馴れ初め横丁,【2ch馴れ初め】社長が紹介してくれた無口で地味な女性→嫌々地獄のような飲みに行った結果,2024-05-18T09:30:05Z,581520,3336,76,2026-09-30 12:24:41,public,2026-09-30T03:38:18+00:00
9Pa_KX23JMk,UCNxo2FDan06anwFifY5ew5w,2ch馴れ初め横丁,【2ch馴れ初め】事故で入院しクビにされた元営業部エースの幼馴染→俺のボロボロネジ工場で雇った結果,2024-05-17T09:30:03Z,68608,908,11,2026-09-30 12:24:41,public,2026-09-30T03:38:18+00:00
bMnpHeE92vk,UCNxo2FDan06anwFifY5ew5w,2ch馴れ初め横丁,【2ch馴れ初め】貧乏な後輩とその妹が俺の実家の弁当屋に→売れ残りを大量にあげた結果,2024-05-16T09:30:09Z,27582,519,11,2026-09-30 12:24:41,public,2026-09-30T03:38:18+00:00
wGsMvlDfHVs,UCNxo2FDan06anwFifY5ew5w,2ch馴れ初め横丁,【2ch馴れ初め】他店との競争に負け廃業寸前の弁当屋母娘→常連客の俺が正体を明かし手を貸した結果,2024-05-15T09:30:18Z,23637,481,4,2026-09-30 12:24:41,public,2026-09-30T03:38:18+00:00
9VsXEC4JiKc,UCNxo2FDan06anwFifY5ew5w,2ch馴れ初め横丁,【2ch馴れ初め】AI導入を理由に契約を切られたエンジニアの元後輩→俺の零細IT会社で雇った結果,2024-05-14T09:30:01Z,23745,379,4,2026-09-30 12:24:41,public,2026-09-30T03:38:18+00:00
TJVNBj0ynYI,UCNxo2FDan06anwFifY5ew5w,2ch馴れ初め横丁,【2ch馴れ初め】取引先のお見合いを断り契約を切られたデザイナーの美人同級生→廃業寸前の俺の家具工房で雇った結果,2024-05-13T09:30:14Z,19426,390,3,2026-09-30 12:24:41,public,2026-09-30T03:38:18+00:00
qGVXAWL-F9A,UCNxo2FDan06anwFifY5ew5w,2ch馴れ初め横丁,【2ch馴れ初め】海に囲まれたド田舎に引っ越してきた痩せ細った母娘→漁師の俺が挨拶代わりに大量の魚をプレゼントした結果,2024-05-12T09:30:13Z,27552,531,8,2026-09-30 12:24:41,public,2026-09-30T03:38:18+00:00
DaVTfYGbZqo,UCNxo2FDan06anwFifY5ew5w,2ch馴れ初め横丁,【2ch馴れ初め】母のカレー屋で一生懸命呼び込みする双子姉妹→現場監督の俺が30人分のカレーを購入した結果,2024-05-11T09:30:03Z,48072,881,10,2026-09-30 12:24:41,public,2026-09-30T03:38:18+00:00
2UukYmlCzh4,UCNxo2FDan06anwFifY5ew5w,2ch馴れ初め横丁,【2ch馴れ初め】入社式で突然入社拒否された亡き親友の妹→俺の小さな建築会社で雇った結果,2024-05-10T09:30:00Z,35186,555,4,2026-09-30 12:24:41,public,2026-09-30T03:38:18+00:00
e9k2ofmGowQ,UCNxo2FDan06anwFifY5ew5w,2ch馴れ初め横丁,【2ch馴れ初め】レストランで突然料理を下げられる貧乏母娘→ボロボロ洋食屋の俺が三人をもてなした結果,2024-05-07T10:00:35Z,21048,480,8,2026-09-30 12:24:41,public,2026-09-30T03:38:18+00:00
KaM3HV6vxnQ,UCNxo2FDan06anwFifY5ew5w,2ch馴れ初め横丁,【2ch馴れ初め】料理長の妻に嫌われクビにされたシンママ料理人→赤字続きの俺の中華屋で雇った結果,2024-05-06T09:00:12Z,17003,370,10,2026-09-30 12:24:41,public,2026-09-30T03:38:18+00:00
26TnJv76cbY,UCNxo2FDan06anwFifY5ew5w,2ch馴れ初め横丁,【2ch馴れ初め】お腹を空かせ倒れた少女にまかない飯を振る舞った俺→5年後、俺の新規開店の和食屋でバイトを募集した結果,2024-05-05T09:00:02Z,10783,250,4,2026-09-30 12:24:41,public,2026-09-30T03:38:18+00:00
_eXiykMQ2mM,UCNxo2FDan06anwFifY5ew5w,2ch馴れ初め横丁,【2ch馴れ初め】倒れた母に好物のシチューを作りたいとやってきたボロボロの双子姉妹→廃業寸前の洋食店を営む俺が料理を手伝った結果,2024-05-04T08:00:18Z,18703,387,10,2026-09-30 12:24:41,public,2026-09-30T03:38:18+00:00
1ygwxPhj8xQ,UCNxo2FDan06anwFifY5ew5w,2ch馴れ初め横丁,【2ch馴れ初め】ボロボロになりながら公園で大切な落とし物を探すお婆さん→数日後、俺の家に娘と一緒にお礼に来た結果,2024-05-03T08:30:00Z,12156,268,5,2026-09-30 12:24:41,public,2026-09-30T03:38:18+00:00
X7BSez-CZA0,UCNxo2FDan06anwFifY5ew5w,2ch馴れ初め横丁,【2ch馴れ初め】祖父の遺産争いで親戚から酷い扱いを受けた笑わない双子姉妹を引き取った俺→幼馴染が娘のように可愛がった結果,2024-05-02T08:30:09Z,12312,321,3,2026-09-30 12:24:41,public,2026-09-30T03:38:18+00:00
0aUES4TDgeU,UCNxo2FDan06anwFifY5ew5w,2ch馴れ初め横丁,【2ch馴れ初め 総集編】大人気感動する馴れ初め動画7選！ 2ch馴れ初め横丁【作業用】【ゆっくり】,2024-04-30T08:00:00Z,32749,262,5,2026-09-30 12:24:41,public,2026-09-30T03:38:18+00:00
N8DLFzdYz7s,UCNxo2FDan06anwFifY5ew5w,2ch馴れ初め横丁,【2ch馴れ初め】閉店を決めた小さな洋菓子店に来たボロボロの双子姉妹→最後に特大ホールケーキをサービスした結果…,2024-04-29T08:00:09Z,14359,359,10,2026-09-30 12:24:41,public,2026-09-30T03:38:18+00:00
M-NOfQhucYQ,UCNxo2FDan06anwFifY5ew5w,2ch馴れ初め横丁,【2ch馴れ初め】亡き夫の店も財産も全て奪われた孤独なお婆さん→俺のラーメン屋で日雇いバイトで雇った結果…,2024-04-28T08:00:17Z,47181,575,10,2026-09-30 12:24:41,public,2026-09-30T03:38:18+00:00
KqYYRqf-wSc,UCNxo2FDan06anwFifY5ew5w,2ch馴れ初め横丁,【2ch馴れ初め】コスパを理由にZ世代若社長に突然契約を切られた塗装屋の親子→小さなリフォーム会社の俺が雇った結果…,2024-04-26T09:00:25Z,80828,1013,13,2026-09-30 12:24:41,public,2026-09-30T03:38:18+00:00
gYxRtSuxf2Y,UCNxo2FDan06anwFifY5ew5w,2ch馴れ初め横丁,【2ch馴れ初め】お祭りで迷子の娘を保護してくれた病気で不当解雇されたボロボロのお婆さん→居酒屋の俺が住み込みで雇った結果,2024-04-25T09:00:29Z,18770,297,9,2026-09-30 12:24:41,public,2026-09-30T03:38:18+00:00
m9gQRf59g_4,UCNxo2FDan06anwFifY5ew5w,2ch馴れ初め横丁,【2ch馴れ初め】娘の誕生日にコンビニメロンパンを分け合う貧乏親子→元パティシエの俺が誕生日ケーキを振る舞った結果,2024-04-24T09:00:30Z,10243,282,4,2026-09-30 12:24:41,public,2026-09-30T03:38:18+00:00
qvkBalfkgSo,UCNxo2FDan06anwFifY5ew5w,2ch馴れ初め横丁,【2ch馴れ初め】大嵐の夜、タクシー乗り場で同業者に全無視されるボロボロのお婆さん→放っておけず200km先の目的地まで連れて行った結果,2024-04-19T08:00:33Z,11387,228,9,2026-09-30 12:24:41,public,2026-09-30T03:38:18+00:00
wTFS3GUpGBw,UCNxo2FDan06anwFifY5ew5w,2ch馴れ初め横丁,【2ch馴れ初め】浮気夫に家を追い出された40度の高熱のボロボロ女性→小児科医の俺が病院で看病した結果…,2024-04-17T09:00:51Z,16031,330,10,2026-09-30 12:24:41,public,2026-09-30T03:38:18+00:00
k9vM1NhTbdU,UCNxo2FDan06anwFifY5ew5w,2ch馴れ初め横丁,【2ch馴れ初め】親友の結婚式に向かう途中倒れているおじいさん→放っておけず欠席覚悟で助けた結果…,2024-04-15T09:00:35Z,9230,204,7,2026-09-30 12:24:41,public,2026-09-30T03:38:18+00:00
AZwfkFvo6lE,UCNxo2FDan06anwFifY5ew5w,2ch馴れ初め横丁,【2ch馴れ初め】深夜、公園トイレの手洗い場で頭を洗うガリガリ母娘→放っておけず銭湯に連れて行った結果…,2024-04-14T09:00:08Z,15408,348,6,2026-09-30 12:24:41,public,2026-09-30T03:38:18+00:00
yrIXBnPVbqI,UCNxo2FDan06anwFifY5ew5w,2ch馴れ初め横丁,【2ch馴れ初め】飲み会帰り、お腹を空かせたボロボロの少女が公園に→夜食に買ったたこ焼きをご馳走した結果…,2024-04-13T09:00:43Z,11098,302,7,2026-09-30 12:24:41,public,2026-09-30T03:38:18+00:00
QIsZUBruQmU,UCNxo2FDan06anwFifY5ew5w,2ch馴れ初め横丁,【2ch馴れ初め】地元スーパーの新店長娘に嫌われ突然クビにされた愛想の良い女性店員→精肉店店主の俺が雇った結果…,2024-04-12T09:00:16Z,69870,918,19,2026-09-30 12:24:41,public,2026-09-30T03:38:18+00:00
RC43uHScW-M,UCNxo2FDan06anwFifY5ew5w,2ch馴れ初め横丁,【2ch馴れ初め】小さな日の丸弁当を分け合いお花見する貧乏母娘→放っておけず俺達の重箱弁当をお裾分けした結果…,2024-04-11T09:00:16Z,40000,685,18,2026-09-30 12:24:41,public,2026-09-30T03:38:18+00:00
9z_KrhU9pKo,UCNxo2FDan06anwFifY5ew5w,2ch馴れ初め横丁,【2ch馴れ初め】ライバル店に客を奪われた廃業寸前喫茶店のヤンキー店長→閉店すると聞き元洋菓子店の俺が手を貸した結果…,2024-04-09T09:00:06Z,26252,556,7,2026-09-30 12:24:41,public,2026-09-30T03:38:18+00:00
miNX_dDr7nY,UCNxo2FDan06anwFifY5ew5w,2ch馴れ初め横丁,【2ch馴れ初め】ボロボロの貧乏双子少女におにぎりをあげたバイトの俺→10年後、社会復帰のためスーパーの面接に臨んだ結果…,2024-04-08T09:00:29Z,45818,799,13,2026-09-30 12:24:41,public,2026-09-30T03:38:18+00:00
Y7ViqAPyg1M,UCNxo2FDan06anwFifY5ew5w,2ch馴れ初め横丁,【2ch馴れ初め】一緒に起業した親友に会社も恋人も全て奪われた俺→元取引会社の社長に拾ってもらった結果…,2024-04-07T09:00:23Z,15148,300,9,2026-09-30 12:24:41,public,2026-09-30T03:38:18+00:00
QYxPdC3kiCU,UCNxo2FDan06anwFifY5ew5w,2ch馴れ初め横丁,【2ch馴れ初め】児童施設に支援していた元資産家の俺→10年後、ホームレスの俺の前に施設育ちの姉妹が現れた結果…,2024-04-05T09:00:18Z,12139,248,1,2026-09-30 12:24:41,public,2026-09-30T03:38:18+00:00
tXJCh70esPc,UCNxo2FDan06anwFifY5ew5w,2ch馴れ初め横丁,【2ch馴れ初め】家族から厄介者扱いされるボロボロの老婆→バイトとして俺の定食屋で雇った結果…,2024-04-03T09:00:42Z,201774,2705,55,2026-09-30 12:24:41,public,2026-09-30T03:38:18+00:00
gIcoagOS2Ec,UCNxo2FDan06anwFifY5ew5w,2ch馴れ初め横丁,【2ch馴れ初め】写真家を目指し上京するも夢破れ田舎に帰郷した廃人寸前の元同級生→俺の運営するブログを手伝ってもらった結果…,2024-04-02T09:00:26Z,10111,200,3,2026-09-30 12:24:41,public,2026-09-30T03:38:18+00:00
JcRub-iG9zs,UCNxo2FDan06anwFifY5ew5w,2ch馴れ初め横丁,【2ch馴れ初め】寒い夜、近所の定食屋を追い出されるボロボロ母娘→中華屋の俺が招待してまかないご飯をご馳走した結果…,2024-04-01T09:00:13Z,36765,577,9,2026-09-30 12:24:41,public,2026-09-30T03:38:18+00:00
Zk4cCIFhPo0,UCNxo2FDan06anwFifY5ew5w,2ch馴れ初め横丁,【2ch馴れ初め】宴会20人分の予約をキャンセルされた廃業寸前の居酒屋→零細企業社長の俺が代わりに貸切予約を入れた結果…,2024-03-31T09:00:32Z,68109,844,19,2026-09-30 12:24:41,public,2026-09-30T03:38:18+00:00
LNrnZgE0Zuo,UCNxo2FDan06anwFifY5ew5w,2ch馴れ初め横丁,【2ch馴れ初め】一人で母の会社を訪ねる迷子の車椅子少女→取引先の会社だったので案内した結果…,2024-03-30T09:00:10Z,42848,716,29,2026-09-30 12:24:41,public,2026-09-30T03:38:18+00:00
DJKMPLHHvkw,UCNxo2FDan06anwFifY5ew5w,2ch馴れ初め横丁,【2ch馴れ初め】半額弁当のお金が払えず万引きしようとした貧乏姉妹→出来立てホカホカ弁当をご馳走した結果…,2024-03-29T09:00:09Z,20728,427,9,2026-09-30 12:24:41,public,2026-09-30T03:38:18+00:00
OnA_AM0JBPo,UCNxo2FDan06anwFifY5ew5w,2ch馴れ初め横丁,【2ch馴れ初め】車椅子が故障し動けず困っているお婆さん→放っておけず取引先の大事なプレゼンに遅刻した結果…,2024-03-28T09:00:17Z,36637,564,10,2026-09-30 12:24:41,public,2026-09-30T03:38:18+00:00
mJqGHdgBd_4,UCNxo2FDan06anwFifY5ew5w,2ch馴れ初め横丁,【2ch馴れ初め】20年以上取引していた高級スイーツ店に突如契約を打ち切られたイチゴ農家の親子→小さな洋菓子店の俺が小口契約した結果…,2024-03-27T09:00:39Z,93129,1373,51,2026-09-30 12:24:41,public,2026-09-30T03:38:18+00:00
W8_Ne_Zwrm4,UCNxo2FDan06anwFifY5ew5w,2ch馴れ初め横丁,【2ch馴れ初め】閉店後の夜、1人でまかない晩酌中に突然ボロボロの汚い少女が来店した結果…,2024-03-26T09:00:31Z,20788,472,9,2026-09-30 12:24:41,public,2026-09-30T03:38:18+00:00
VdQLyiK76wI,UCNxo2FDan06anwFifY5ew5w,2ch馴れ初め横丁,【2ch馴れ初め】豪雪の中震えながらバスを待つボロボロ母娘→放っておけず実家に泊まらせた結果…,2024-03-25T09:00:23Z,41049,721,10,2026-09-30 12:24:41,public,2026-09-30T03:38:18+00:00
u2mVR9M3Ym4,UCNxo2FDan06anwFifY5ew5w,2ch馴れ初め横丁,【2ch馴れ初め】閉店を決めたボロボロの和菓子屋に来た常連のお爺さん→看板の豆大福をサービスした結果…,2024-03-24T09:00:45Z,44613,467,11,2026-09-30 12:24:41,public,2026-09-30T03:38:18+00:00
KvO2_SZ8CIM,UCNxo2FDan06anwFifY5ew5w,2ch馴れ初め横丁,【2ch馴れ初め】いつも娘の面倒を見てくれた赤字まみれの駄菓子屋→閉店すると聞き俺の精肉店で雇った結果…,2024-03-23T03:00:16Z,51443,412,6,2026-09-30 12:24:41,public,2026-09-30T03:38:18+00:00
yulUcig_FTY,UCNxo2FDan06anwFifY5ew5w,2ch馴れ初め横丁,【2ch馴れ初め】華金なのに人影のないガラガラの古い居酒屋→送迎会で急遽9名分の予約を入れた結果…,2024-03-21T09:00:51Z,117580,789,10,2026-09-30 12:24:41,public,2026-09-30T03:38:18+00:00
3q4MoOxC8CU,UCNxo2FDan06anwFifY5ew5w,2ch馴れ初め横丁,【2ch馴れ初め】毎日娘と遊んでくれるボロボロの貧乏少女→娘が入院したことを伝えた結果…,2024-03-20T09:00:01Z,40333,697,5,2026-09-30 12:24:41,public,2026-09-30T03:38:18+00:00
r1KI_lNb3CQ,UCNxo2FDan06anwFifY5ew5w,2ch馴れ初め横丁,【2ch馴れ初め】病気が理由で突然解雇され家も失った元職場の後輩→俺が立ち上げたIT会社で雇った結果…,2024-03-19T09:00:41Z,96970,1082,15,2026-09-30 12:24:41,public,2026-09-30T03:38:18+00:00
CUaovJIs6wE,UCNxo2FDan06anwFifY5ew5w,2ch馴れ初め横丁,【2ch馴れ初め】娘の体操教室で独身の俺にだけ無愛想な美人先生→亡き姉の娘を男手ひとつで育てている理由を話した結果…,2024-03-18T09:30:05Z,12540,251,8,2026-09-30 12:24:41,public,2026-09-30T03:38:18+00:00
RVE3VWWpJL4,UCNxo2FDan06anwFifY5ew5w,2ch馴れ初め横丁,【2ch馴れ初め】娘と毎日一緒に登下校してくれる薄着の貧乏少女→寒そうなので娘とお揃いの手編みセーターをあげた結果…,2024-03-17T03:00:23Z,40126,735,8,2026-09-30 12:24:41,public,2026-09-30T03:38:18+00:00
rJK_WgwPDn8,UCNxo2FDan06anwFifY5ew5w,2ch馴れ初め横丁,【2ch馴れ初め】親友が病気で入院しなぜか独身の俺が子供を預かることに→隣に住むシングルマザーに勘違いされた結果…,2024-03-14T08:00:24Z,15479,282,2,2026-09-30 12:24:41,public,2026-09-30T03:38:18+00:00
V3hGQZn5MlU,UCNxo2FDan06anwFifY5ew5w,2ch馴れ初め横丁,【2ch馴れ初め】深夜徘徊で通った公園で犬と一緒に震えているボロボロの少女→心配になり話しかけた結果,2024-03-13T08:00:14Z,24399,505,6,2026-09-30 12:24:41,public,2026-09-30T03:38:18+00:00
cBicx0YEX8g,UCNxo2FDan06anwFifY5ew5w,2ch馴れ初め横丁,【2ch馴れ初め】突如階段から落ちてきた金髪娘→出勤前の俺が咄嗟に受け止め病院送りになった結果…,2024-03-12T08:00:31Z,13028,231,6,2026-09-30 12:24:41,public,2026-09-30T03:38:18+00:00
zSYJz5q4oXo,UCNxo2FDan06anwFifY5ew5w,2ch馴れ初め横丁,【2ch馴れ初め】俺の経営するボロボロの居酒屋で酔い潰れた痩せこけたOL→仕方なく座敷に運んで寝せてあげた結果…,2024-03-11T08:00:25Z,41162,607,6,2026-09-30 12:24:41,public,2026-09-30T03:38:18+00:00
haG6Supi6IQ,UCNxo2FDan06anwFifY5ew5w,2ch馴れ初め横丁,【2ch馴れ初め】金のない爺さんに無料で料理を振る舞った俺→後日、ヤンキー娘を頼まれ俺の割烹料理店で再教育した結果,2024-03-09T03:00:32Z,12766,234,2,2026-09-30 12:24:41,public,2026-09-30T03:38:18+00:00
GLyY5cKhO9Y,UCNxo2FDan06anwFifY5ew5w,2ch馴れ初め横丁,【2ch馴れ初め】昼時なのに閑古鳥が鳴いているボロボロのお弁当屋さん→急遽10人分のお弁当を作ってもらった結果…,2024-03-07T08:00:13Z,334705,3147,101,2026-09-30 12:24:41,public,2026-09-30T03:38:18+00:00
4n9W_sS3XDI,UCNxo2FDan06anwFifY5ew5w,2ch馴れ初め横丁,【2ch馴れ初め】息子と帰省中立ち寄ったSAで置き去りにされたヤンキー娘→俺のトラックに乗せて送ってあげた結果…,2024-03-06T08:00:01Z,12430,253,3,2026-09-30 12:24:41,public,2026-09-30T03:38:18+00:00
1b3WEJ2OTGI,UCNxo2FDan06anwFifY5ew5w,2ch馴れ初め横丁,【2ch馴れ初め】処分予定の廃棄弁当をゴミ箱で漁るガリガリの少女→弁当屋の俺が出来立て弁当を作ってあげた結果…,2024-03-05T09:00:01Z,10963,228,5,2026-09-30 12:24:41,public,2026-09-30T03:38:18+00:00
sk-O-DleVDY,UCNxo2FDan06anwFifY5ew5w,2ch馴れ初め横丁,【2ch馴れ初め】ボロボロの1000円札持って俺の弁当屋に来た小汚い少女→10年後、世捨て人の俺の前に美人ギャルが現れた結果,2024-03-03T03:00:29Z,18214,355,7,2026-09-30 12:24:41,public,2026-09-30T03:38:18+00:00
_BJE_wCfBhs,UCNxo2FDan06anwFifY5ew5w,2ch馴れ初め横丁,【2ch馴れ初め】公園で一人寂しく泥でひなあられを作るボロボロ少女→元職人の俺が和菓子を振る舞った結果…,2024-03-02T08:00:29Z,17304,408,9,2026-09-30 12:24:41,public,2026-09-30T03:38:18+00:00
_2GtaSJMk4E,UCNxo2FDan06anwFifY5ew5w,2ch馴れ初め横丁,【2ch馴れ初め】ライバル業者に狙われ取引先を全て失った近所の美人経営者→理容室経営の俺が手を差し伸べた結果…,2024-02-28T09:00:22Z,13394,275,6,2026-09-30 12:24:41,public,2026-09-30T03:38:18+00:00
8mBJnBkoR0Q,UCNxo2FDan06anwFifY5ew5w,2ch馴れ初め横丁,【2ch馴れ初め】猛吹雪の中、自転車に跳ねられ動けずガクガク震える少女→流石に放っておけず急いで119番して救急車を呼んだ結果,2024-02-24T09:00:05Z,32974,495,5,2026-09-30 12:24:41,public,2026-09-30T03:38:18+00:00
lEHHtGznpjE,UCNxo2FDan06anwFifY5ew5w,2ch馴れ初め横丁,【2ch馴れ初め】極寒の冬の夜迷子になった9歳の俺を保護してくれた薄幸の未亡人→10年後古本屋で再会した結果…,2024-02-23T09:00:39Z,12950,235,4,2026-09-30 12:24:41,public,2026-09-30T03:38:18+00:00
LCRs68q1WQg,UCNxo2FDan06anwFifY5ew5w,2ch馴れ初め横丁,【2ch馴れ初め】小学3年生の娘といつも遊んでくれる孤独なお婆さん→お礼に晩御飯に招待した結果…,2024-02-21T09:00:23Z,72658,807,11,2026-09-30 12:24:41,public,2026-09-30T03:38:18+00:00
451q2M62j9w,UCNxo2FDan06anwFifY5ew5w,2ch馴れ初め横丁,【2ch馴れ初め】閉店間際に謎のノートを持ってきたガリガリの親子→廃業寸前の俺の中華屋のチャーハンを振る舞った結果…,2024-02-17T09:00:03Z,100809,1427,26,2026-09-30 12:24:41,public,2026-09-30T03:38:18+00:00
3QiTB_vyAf4,UCNxo2FDan06anwFifY5ew5w,2ch馴れ初め横丁,【2ch馴れ初め】親に捨てられ親戚からも厄介者扱いの笑わない天才少女→山に隠居してた俺が育てを押し付けられた結果…,2024-02-16T09:00:03Z,234363,2165,47,2026-09-30 12:24:41,public,2026-09-30T03:38:18+00:00
WkCoNsq9a0A,UCNxo2FDan06anwFifY5ew5w,2ch馴れ初め横丁,【2ch馴れ初め】星付きレストランを解雇された近所に住むシングルマザー→実家のボロボロのパン屋で雇った結果…,2024-02-14T09:00:31Z,51594,830,12,2026-09-30 12:24:41,public,2026-09-30T03:38:18+00:00
YpNJbRe4q6k,UCNxo2FDan06anwFifY5ew5w,2ch馴れ初め横丁,【2ch馴れ初め】毎日ボロボロの制服を来て登校する孤高の貧乏ギャル→亡き姉が着れなかった制服を譲った結果…,2024-02-11T09:00:31Z,60950,772,20,2026-09-30 12:24:41,public,2026-09-30T03:38:18+00:00
VGdc3vTuMkU,UCNxo2FDan06anwFifY5ew5w,2ch馴れ初め横丁,【2ch馴れ初め】極寒の夜、迷子の妹の面倒を見てくれたクラスの地味女→お腹を空かせていたのでお礼に温かい手料理を振舞った結果…,2024-02-08T09:00:21Z,50620,753,13,2026-09-30 12:24:41,public,2026-09-30T03:38:18+00:00
0CvUp4Y4M_k,UCNxo2FDan06anwFifY5ew5w,2ch馴れ初め横丁,【2ch馴れ初め】大雪の中屋台でラーメンを売るボロボロの親子→廃業寸前のラーメン屋の俺が一口食べた結果…,2024-02-05T09:00:00Z,50946,786,19,2026-09-30 12:24:41,public,2026-09-30T03:38:18+00:00
uQYSXQjHlSg,UCNxo2FDan06anwFifY5ew5w,2ch馴れ初め横丁,【2ch馴れ初め】俺を虐めていた学校一の不良娘が事故で車椅子生活に→転倒していたのを放っておけず手を貸した結果…,2024-02-02T09:00:43Z,28175,347,5,2026-09-30 12:24:41,public,2026-09-30T03:38:18+00:00
n8FLecQWFkQ,UCNxo2FDan06anwFifY5ew5w,2ch馴れ初め横丁,【2ch馴れ初め】陰キャの俺とヤンキー美女が美術の授業でペアに→描きかけの絵を恐る恐る見せた結果…,2024-01-23T09:00:28Z,588073,5068,117,2026-09-30 12:24:41,public,2026-09-30T03:38:18+00:00
Vpp3GNlkGpA,UCnHQiFUyQhT6wPG8bJcreMg,馴れ初めの中心で愛を叫ぶ,和菓子屋の美人店主に一目惚れした俺→銀行で泣いている彼女を見つけた結果…【ゆっくり】【感動】,2026-09-28T08:00:30Z,3725,72,0,2026-09-30 12:24:41,public,2026-09-30T03:38:18+00:00
ejID1_B6ucI,UCnHQiFUyQhT6wPG8bJcreMg,馴れ初めの中心で愛を叫ぶ,クラスの美人女子「お父さんの会社、潰れちゃう…」 →陰キャの俺「僕がどうにかするよ」…【ゆっくり】【感動】,2026-09-27T08:00:03Z,13820,179,0,2026-09-30 12:24:41,public,2026-09-30T03:38:18+00:00
Ryf68vXquw4,UCnHQiFUyQhT6wPG8bJcreMg,馴れ初めの中心で愛を叫ぶ,いつも通う中華料理屋にヤ〇ザ襲来→ニートの俺が立ち上がった結果…【ゆっくり】【感動】,2026-09-26T08:00:16Z,2425,63,0,2026-09-30 12:24:41,public,2026-09-30T03:38:18+00:00
_QPy26VUN68,UCnHQiFUyQhT6wPG8bJcreMg,馴れ初めの中心で愛を叫ぶ,体育祭で皆から笑われていた女子に、俺が走り方を教えた結果…【ゆっくり】【感動】,2026-09-25T08:00:10Z,4939,74,0,2026-09-30 12:24:41,public,2026-09-30T03:38:18+00:00
sUkyRWFiZ30,UCnHQiFUyQhT6wPG8bJcreMg,馴れ初めの中心で愛を叫ぶ,事故で両親を失った双子を→愛犬と暮らす俺が引き取った結果…【ゆっくり】【感動】,2026-09-24T08:00:12Z,3938,66,0,2026-09-30 12:24:41,public,2026-09-30T03:38:18+00:00
JBDuR9OnmNs,UCnHQiFUyQhT6wPG8bJcreMg,馴れ初めの中心で愛を叫ぶ,23時のオフィスで泣いている新人女子社員を発見→清掃員の俺が手伝った結果…【ゆっくり】【感動】,2026-09-23T08:00:03Z,8276,159,1,2026-09-30 12:24:41,public,2026-09-30T03:38:18+00:00
bqqXrS9g8fw,UCnHQiFUyQhT6wPG8bJcreMg,馴れ初めの中心で愛を叫ぶ,弁当屋に現れた双子を抱えた女性→母がまさかの提案をした結果…【ゆっくり】,2026-09-22T08:00:16Z,4171,64,0,2026-09-30 12:24:41,public,2026-09-30T03:38:18+00:00
A9w-MEXvH04,UCnHQiFUyQhT6wPG8bJcreMg,馴れ初めの中心で愛を叫ぶ,家族を失い引きこもっていた俺→庭で1人BBQをした結果…【ゆっくり】,2026-09-20T10:26:29Z,6035,78,0,2026-09-30 12:24:41,public,2026-09-30T03:38:18+00:00
0I83_1a6rWA,UCnHQiFUyQhT6wPG8bJcreMg,馴れ初めの中心で愛を叫ぶ,【2ch 馴れ初め】旅館の板長が夜逃げ→無職の俺が代わりに料理を作った結果…【ゆっくり】,2026-09-19T09:53:42Z,7088,119,0,2026-09-30 12:24:41,public,2026-09-30T03:38:18+00:00
WPC8x8jQM5g,UCnHQiFUyQhT6wPG8bJcreMg,馴れ初めの中心で愛を叫ぶ,【2ch 馴れ初め】所持金200円の貧乏フリーター俺→空腹の女性におにぎりを奢った結果…【ゆっくり】,2026-09-18T08:00:22Z,7736,79,0,2026-09-30 12:24:41,public,2026-09-30T03:38:18+00:00
Oto3IhirYys,UCnHQiFUyQhT6wPG8bJcreMg,馴れ初めの中心で愛を叫ぶ,「住み込み可」で求人を出したら、ボロボロの親子が面接に来た結果…【ゆっくり】,2026-09-17T08:00:08Z,19656,271,2,2026-09-30 12:24:41,public,2026-09-30T03:38:18+00:00
MwvcQgWgYds,UCnHQiFUyQhT6wPG8bJcreMg,馴れ初めの中心で愛を叫ぶ,【2ch 馴れ初め】両親を亡くした5歳の姪を引き取った俺美人同僚がランドセルをプレゼントしてくれた結果…【ゆっくり】,2026-09-16T08:00:17Z,6838,79,0,2026-09-30 12:24:41,public,2026-09-30T03:38:18+00:00
N8QdvYYYgFo,UCnHQiFUyQhT6wPG8bJcreMg,馴れ初めの中心で愛を叫ぶ,【2ch 馴れ初め】嫌がらせでクビにされた高校生→居酒屋を営む俺が雇った結果…【ゆっくり】,2026-09-15T08:00:15Z,6025,116,4,2026-09-30 12:24:41,public,2026-09-30T03:38:18+00:00
EX04X2j5auo,UCnHQiFUyQhT6wPG8bJcreMg,馴れ初めの中心で愛を叫ぶ,【2ch 馴れ初め】駅で罵倒される清掃員女性→昔、俺を救ってくれたヤンキー女子だった結果…【ゆっくり】,2026-09-14T08:00:24Z,8033,108,0,2026-09-30 12:24:41,public,2026-09-30T03:38:18+00:00
3RnBCbD-yOk,UCnHQiFUyQhT6wPG8bJcreMg,馴れ初めの中心で愛を叫ぶ,【2ch 馴れ初め】車椅子のお婆さんを助けバスに乗り遅れ→最終面接に遅刻した結果…【ゆっくり】,2026-09-13T08:00:28Z,6354,72,1,2026-09-30 12:24:41,public,2026-09-30T03:38:18+00:00
FROeTNtn98I,UCnHQiFUyQhT6wPG8bJcreMg,馴れ初めの中心で愛を叫ぶ,【2ch 馴れ初め】「ママの炒飯を作って」亡き母の味を求める双子→店主の俺が再現した結果…【ゆっくり】,2026-09-12T08:00:29Z,5405,71,0,2026-09-30 12:24:41,public,2026-09-30T03:38:18+00:00
HZhNb1i52pk,UCnHQiFUyQhT6wPG8bJcreMg,馴れ初めの中心で愛を叫ぶ,【2ch 馴れ初め】親戚中から拒絶された「霊が見える姪」→医者の俺が引き取った結果…【ゆっくり】,2026-09-11T08:00:06Z,9463,160,1,2026-09-30 12:24:41,public,2026-09-30T03:38:18+00:00
GaCyX2_2LdI,UCnHQiFUyQhT6wPG8bJcreMg,馴れ初めの中心で愛を叫ぶ,【2ch 馴れ初め】畑で70歳のお婆さんを助けた三ツ星シェフの俺→貰ったトマトが美味すぎて人生が変わった結果…【ゆっくり】,2026-09-09T08:00:02Z,6281,96,2,2026-09-30 12:24:41,public,2026-09-30T03:38:18+00:00
FT1bqmp4zGk,UCnHQiFUyQhT6wPG8bJcreMg,馴れ初めの中心で愛を叫ぶ,【2ch 馴れ初め】同じアパートの怖いおじさんに、「娘をしばらく預かってくれ」と頼まれた結果…【ゆっくり】,2026-09-08T08:00:36Z,3164,64,1,2026-09-30 12:24:41,public,2026-09-30T03:38:18+00:00
_4aIrbWhX1c,UCnHQiFUyQhT6wPG8bJcreMg,馴れ初めの中心で愛を叫ぶ,【2ch 馴れ初め】貸切予約をドタキャンされた海鮮料理屋→社長の俺が貸切を申し出た結果…【ゆっくり】,2026-09-07T08:00:17Z,9397,130,1,2026-09-30 12:24:41,public,2026-09-30T03:38:18+00:00
7DGzYneiKig,UCnHQiFUyQhT6wPG8bJcreMg,馴れ初めの中心で愛を叫ぶ,【2ch 馴れ初め】少女を助け送り届けた陰キャの俺→学校一の不良女が出て来た結果…【ゆっくり】,2026-09-06T08:00:18Z,2202,36,0,2026-09-30 12:24:41,public,2026-09-30T03:38:18+00:00
-f8u5wmVL84,UCnHQiFUyQhT6wPG8bJcreMg,馴れ初めの中心で愛を叫ぶ,【2ch 馴れ初め】「クビになっちゃった…」偶然再会した美人後輩→俺「なら、うちで働かない？」【ゆっくり】,2026-09-06T01:00:39Z,7817,101,1,2026-09-30 12:24:41,public,2026-09-30T03:38:18+00:00
-o9DgXhEozI,UCnHQiFUyQhT6wPG8bJcreMg,馴れ初めの中心で愛を叫ぶ,毎日早上がりのパート女性→社長の俺「もうここでは雇えない」【ゆっくり】,2026-09-05T08:00:24Z,60789,401,13,2026-09-30 12:24:41,public,2026-09-30T03:38:18+00:00
lVTwkgzFKV8,UCnHQiFUyQhT6wPG8bJcreMg,馴れ初めの中心で愛を叫ぶ,息子の嫁に追い出された婆さん→面接に来たので即採用した結果…【ゆっくり】,2026-09-05T01:00:09Z,15196,142,3,2026-09-30 12:24:41,public,2026-09-30T03:38:18+00:00
CWuRsw9gyBM,UCnHQiFUyQhT6wPG8bJcreMg,馴れ初めの中心で愛を叫ぶ,【2ch 馴れ初め】退学届を握りしめ泣く同級生→俺「だったらウチに来れば？」【ゆっくり】,2026-09-04T07:55:34Z,5991,78,2,2026-09-30 12:24:41,public,2026-09-30T03:38:18+00:00
Ax4kcPjE5YQ,UCnHQiFUyQhT6wPG8bJcreMg,馴れ初めの中心で愛を叫ぶ,【2ch 馴れ初め】「今週末までに500万円返せ！」追い詰められた女店主→ニートの俺「俺が払います」【ゆっくり】,2026-09-03T07:16:51Z,1347,39,0,2026-09-30 12:24:41,public,2026-09-30T03:38:18+00:00
4wPWwsqDAZg,UCnHQiFUyQhT6wPG8bJcreMg,馴れ初めの中心で愛を叫ぶ,【2ch 馴れ初め】「中卒？低学歴はいらないｗ」面接を追い出されたシンママ→俺「ウチの旅館で働きませんか？」【ゆっくり】,2026-09-02T08:00:04Z,4142,54,0,2026-09-30 12:24:41,public,2026-09-30T03:38:18+00:00
FQYiVNZq-Lk,UCnHQiFUyQhT6wPG8bJcreMg,馴れ初めの中心で愛を叫ぶ,【2ch 馴れ初め】団体予約を突然キャンセルされた美人女将→急遽社内合宿を企画した結果…【ゆっくり】,2026-09-01T08:00:31Z,3875,55,3,2026-09-30 12:24:41,public,2026-09-30T03:38:18+00:00
FeSbFZyCe1Q,UCnHQiFUyQhT6wPG8bJcreMg,馴れ初めの中心で愛を叫ぶ,母親の店を潰されそうな同級生女子→陰キャの俺「俺に任せて」【ゆっくり】,2026-08-31T08:00:38Z,14953,154,3,2026-09-30 12:24:41,public,2026-09-30T03:38:18+00:00
TQqttA39n70,UCnHQiFUyQhT6wPG8bJcreMg,馴れ初めの中心で愛を叫ぶ,【2ch 馴れ初め】DQN客に絡まれた同級生女子を、陰キャの俺が助けた結果…【ゆっくり】,2026-08-30T09:00:24Z,1510,42,0,2026-09-30 12:24:41,public,2026-09-30T03:38:18+00:00
dJxkhqknYt4,UCnHQiFUyQhT6wPG8bJcreMg,馴れ初めの中心で愛を叫ぶ,【2ch 馴れ初め】10年ぶりに再会した幼馴染が別人に…→俺の会社に誘った結果…【ゆっくり】,2026-08-29T08:00:26Z,3959,44,0,2026-09-30 12:24:41,public,2026-09-30T03:38:18+00:00
Tj8sx4AiGAY,UCnHQiFUyQhT6wPG8bJcreMg,馴れ初めの中心で愛を叫ぶ,【2ch 馴れ初め】【スカッと】「貧乏人は帰れｗ」高級店から拒絶される母娘→廃業寸前寿司屋の俺が招いた結果…【ゆっくり】,2026-08-28T08:00:08Z,3057,58,4,2026-09-30 12:24:41,public,2026-09-30T03:38:18+00:00
84vVXD6Pq1w,UCnHQiFUyQhT6wPG8bJcreMg,馴れ初めの中心で愛を叫ぶ,【2ch 馴れ初め】【スカッと】「退学…」濡れ衣を着せられた同級生→学校一の不良の俺が彼女を救った結果…【ゆっくり】,2026-08-27T08:00:17Z,6336,64,2,2026-09-30 12:24:41,public,2026-09-30T03:38:18+00:00
QpGs8-MImJQ,UCnHQiFUyQhT6wPG8bJcreMg,馴れ初めの中心で愛を叫ぶ,【2ch 馴れ初め】妊婦を助け大事な試験に大遅刻した俺→翌日、美人先輩からまさかの一言が…【ゆっくり】,2026-08-26T08:00:03Z,1211,50,1,2026-09-30 12:24:41,public,2026-09-30T03:38:18+00:00
p36cGhW93rY,UCnHQiFUyQhT6wPG8bJcreMg,馴れ初めの中心で愛を叫ぶ,【2ch 馴れ初め】【スカッと】50人分の弁当 を当日キャンセルされた母娘→差し入れ用に全て買い取った結果…【ゆっくり】,2026-08-25T08:00:04Z,7157,91,4,2026-09-30 12:24:41,public,2026-09-30T03:38:18+00:00
SMh_om9cHNM,UCnHQiFUyQhT6wPG8bJcreMg,馴れ初めの中心で愛を叫ぶ,【2ch 馴れ初め】クラスの美少女にプリントを届けに行った俺→黒服の男達が出てきた結果…【ゆっくり】,2026-08-24T08:00:30Z,1337,49,0,2026-09-30 12:24:41,public,2026-09-30T03:38:18+00:00
Q59EWPIRRBU,UCnHQiFUyQhT6wPG8bJcreMg,馴れ初めの中心で愛を叫ぶ,【2ch 馴れ初め】【スカッと】「雑務でも何でもします」4歳の娘を連れたシングルマザー→実はとんでもない天才開発者だった結果…【ゆっくり】,2026-08-23T05:50:58Z,3417,130,2,2026-09-30 12:24:41,public,2026-09-30T03:38:18+00:00
rLpNM-gIFGc,UCnHQiFUyQhT6wPG8bJcreMg,馴れ初めの中心で愛を叫ぶ,【2ch 馴れ初め】【スカッと】50人分の予約をドタキャンされた幼馴染→俺「御社との契約は全て停止します」…【ゆっくり】,2026-08-22T08:00:08Z,2752,76,2,2026-09-30 12:24:41,public,2026-09-30T03:38:18+00:00
sQDMM_kcpD8,UCnHQiFUyQhT6wPG8bJcreMg,馴れ初めの中心で愛を叫ぶ,【2ch 馴れ初め】「ガラクタばかり作って！」厄介者扱いされる少女→製造会社を継いだ俺が引き取った結果…【ゆっくり】,2026-08-21T07:46:26Z,2782,97,0,2026-09-30 12:24:41,public,2026-09-30T03:38:18+00:00
n_Y7GN21Qig,UCnHQiFUyQhT6wPG8bJcreMg,馴れ初めの中心で愛を叫ぶ,【2ch 馴れ初め】「あの子が帰ってきたの」母が連れてきた少女→皆ですき焼きを囲んだ結果…【ゆっくり】,2026-08-20T07:21:05Z,963,46,1,2026-09-30 12:24:41,public,2026-09-30T03:38:18+00:00
BWD_n1B5tnY,UCnHQiFUyQhT6wPG8bJcreMg,馴れ初めの中心で愛を叫ぶ,【2ch 馴れ初め】看護師の俺を見下すエリート医師→俺の正体を知った瞬間、顔面蒼白に…【ゆっくり】,2026-08-19T07:36:09Z,2942,79,1,2026-09-30 12:24:41,public,2026-09-30T03:38:18+00:00
MBPiOreUsCQ,UCnHQiFUyQhT6wPG8bJcreMg,馴れ初めの中心で愛を叫ぶ,【2ch 馴れ初め】引きこもりニートの俺が女子高生と結婚→2年後、まさかの結末に涙……【ゆっくり】,2026-08-18T08:00:14Z,1683,57,1,2026-09-30 12:24:41,public,2026-09-30T03:38:18+00:00
KikFV567cQQ,UCnHQiFUyQhT6wPG8bJcreMg,馴れ初めの中心で愛を叫ぶ,【2ch 馴れ初め】「こんな子、手に負えない」盲目の少女を、山で隠居生活をする俺が引き取った結果…【ゆっくり】,2026-08-16T08:00:39Z,2174,64,1,2026-09-30 12:24:41,public,2026-09-30T03:38:18+00:00
rd4c422lPyQ,UCnHQiFUyQhT6wPG8bJcreMg,馴れ初めの中心で愛を叫ぶ,【2ch 馴れ初め】「ラーメンなんて誰でも作れるw」社長にクビ宣告された俺→隣の店に転職したら、人生が大逆転した結果…【ゆっくり】,2026-08-15T01:33:39Z,3281,96,0,2026-09-30 12:24:41,public,2026-09-30T03:38:18+00:00
JchwKSSVo1c,UCnHQiFUyQhT6wPG8bJcreMg,馴れ初めの中心で愛を叫ぶ,【2ch 馴れ初め】「給料はいりません」謎の老婆を雇ったら→潰れかけ旅館が“予約1年待ち”になった結果…【ゆっくり】,2026-08-13T08:00:25Z,1137,54,0,2026-09-30 12:24:41,public,2026-09-30T03:38:18+00:00
GvfYuLTRf14,UCnHQiFUyQhT6wPG8bJcreMg,馴れ初めの中心で愛を叫ぶ,【2ch 馴れ初め】「娘を頼む…」余命1年のシンパパの俺→幼馴染に娘を託そうとした結果…【ゆっくり】,2026-08-11T01:00:03Z,1948,80,3,2026-09-30 12:24:41,public,2026-09-30T03:38:18+00:00
4GwKLcq3yNE,UCnHQiFUyQhT6wPG8bJcreMg,馴れ初めの中心で愛を叫ぶ,【2ch 馴れ初め】「もう助からない…」余命宣告された幼馴染を救うため→花屋の俺が再びメスを握った結果…【ゆっくり】,2026-08-09T01:00:13Z,3226,105,1,2026-09-30 12:24:41,public,2026-09-30T03:38:18+00:00
6CCnj9JHWzs,UCnHQiFUyQhT6wPG8bJcreMg,馴れ初めの中心で愛を叫ぶ,【2ch 馴れ初め】「パパに会いたい…」雨のバス停にいた少女→親権を奪われ二度と会えないはずの娘だった結果…【ゆっくり】,2026-08-06T08:00:17Z,1987,86,1,2026-09-30 12:24:41,public,2026-09-30T03:38:18+00:00
YymI3yP2TyU,UCnHQiFUyQhT6wPG8bJcreMg,馴れ初めの中心で愛を叫ぶ,【2ch 馴れ初め】「施設育ち？不採用ｗ」面接官に履歴書を破られた俺→社長が放った一言で会場が凍りついた結果…【ゆっくり】,2026-08-04T08:00:30Z,7443,162,0,2026-09-30 12:24:41,public,2026-09-30T03:38:18+00:00
dw-A5PBMQJM,UCnHQiFUyQhT6wPG8bJcreMg,馴れ初めの中心で愛を叫ぶ,【2ch 馴れ初め】「あとよろしく～」文化祭準備を押し付けられたぽっちゃり女子→洋菓子店息子の俺が手伝った結果…【ゆっくり】,2026-08-02T01:00:21Z,2086,59,1,2026-09-30 12:24:41,public,2026-09-30T03:38:18+00:00
41eSpy8wy9s,UCnHQiFUyQhT6wPG8bJcreMg,馴れ初めの中心で愛を叫ぶ,【2ch 馴れ初め】15年ぶりの同窓会で嘲笑されていた幼馴染→「一緒に飲もうぜ！」と声を掛けた結果…【ゆっくり】,2026-07-31T08:00:07Z,3263,94,1,2026-09-30 12:24:41,public,2026-09-30T03:38:18+00:00
g00FBsJXJvE,UCnHQiFUyQhT6wPG8bJcreMg,馴れ初めの中心で愛を叫ぶ,【2ch 馴れ初め】廃業寸前のうどん屋に現れた母娘→馳走するとまさかの展開に…【ゆっくり】,2026-07-27T07:00:10Z,2670,106,1,2026-09-30 12:24:41,public,2026-09-30T03:38:18+00:00
kuCYGjUwLbw,UCnHQiFUyQhT6wPG8bJcreMg,馴れ初めの中心で愛を叫ぶ,【2ch 馴れ初め】隣のふとっちょ女「カレーのルーください…」→特製カレーを食べさせた結果…【ゆっくり】,2026-07-25T01:00:11Z,5656,158,2,2026-09-30 12:24:41,public,2026-09-30T03:38:18+00:00
sxelOVi0eMw,UCnHQiFUyQhT6wPG8bJcreMg,馴れ初めの中心で愛を叫ぶ,【2ch 馴れ初め】「たこ焼き1個だけ…」母娘に無料で渡した俺→代わりに手伝ってもらった結果…【ゆっくり】,2026-07-23T07:00:36Z,981,47,3,2026-09-30 12:24:41,public,2026-09-30T03:38:18+00:00
uVuZszr0iqM,UCnHQiFUyQhT6wPG8bJcreMg,馴れ初めの中心で愛を叫ぶ,【2ch 馴れ初め】「親無し貧乏人は帰れｗ」結婚式で義妹を晒し者にしたDQN花嫁→ブチ切れた俺が電話一本かけた結果…【ゆっくり】,2026-07-19T06:00:08Z,3788,113,2,2026-09-30 12:24:41,public,2026-09-30T03:38:18+00:00
6bmSUG3UPRU,UCnHQiFUyQhT6wPG8bJcreMg,馴れ初めの中心で愛を叫ぶ,【2ch 馴れ初め】行きつけの弁当屋のおばちゃん「入社取り消しね」→入社式当日の俺「え？」…【ゆっくり】,2026-07-15T08:00:22Z,6020,128,1,2026-09-30 12:24:41,public,2026-09-30T03:38:18+00:00
YVQIw1E7k6U,UCnHQiFUyQhT6wPG8bJcreMg,馴れ初めの中心で愛を叫ぶ,【2ch 馴れ初め】「あんたの子じゃないｗ」元妻に連れて行かれた双子の娘→「パパを探してます」テレビで見つけた結果…【ゆっくり】,2026-07-12T08:33:24Z,4244,152,8,2026-09-30 12:24:41,public,2026-09-30T03:38:18+00:00
nZKK29efUcQ,UCnHQiFUyQhT6wPG8bJcreMg,馴れ初めの中心で愛を叫ぶ,【2ch 馴れ初め】火災現場で兄妹を救い火傷を負った俺→数年後、“運命の再会”を果たした結果…【ゆっくり】,2026-07-09T08:00:11Z,6031,201,5,2026-09-30 12:24:41,public,2026-09-30T03:38:18+00:00
S-c6lJEE2Kw,UCnHQiFUyQhT6wPG8bJcreMg,馴れ初めの中心で愛を叫ぶ,【2ch 馴れ初め】警察署に間違い電話「お弁当お願いしましゅ」→新人警察官の俺が異変に気付いた結果…【ゆっくり】,2026-07-06T08:00:14Z,6809,253,9,2026-09-30 12:24:41,public,2026-09-30T03:38:18+00:00
DQAj-wAdvEc,UCnHQiFUyQhT6wPG8bJcreMg,馴れ初めの中心で愛を叫ぶ,感謝を伝えたら「今日でクビ」と言われた俺→社員食堂のおばちゃんの正体が…【ゆっくり】,2026-07-04T08:00:15Z,17819,284,1,2026-09-30 12:24:41,public,2026-09-30T03:38:18+00:00
ch9bW1wFhHc,UCnHQiFUyQhT6wPG8bJcreMg,馴れ初めの中心で愛を叫ぶ,病院「奥様が重体です！」俺「結婚してません」→それでも病院に行ってみた結果…【ゆっくり】,2026-06-30T08:00:06Z,18302,298,4,2026-09-30 12:24:41,public,2026-09-30T03:38:18+00:00
JNfdc84yf2M,UCnHQiFUyQhT6wPG8bJcreMg,馴れ初めの中心で愛を叫ぶ,【2ch 馴れ初め】上司「不味そうだから花見弁当キャンセルしといたｗ」→女性を泣かせた上司の末路が悲惨すぎた結果…【スカッと】【ゆっくり】,2026-06-27T08:00:18Z,2976,101,0,2026-09-30 12:24:41,public,2026-09-30T03:38:18+00:00
64RkYsryQP8,UCnHQiFUyQhT6wPG8bJcreMg,馴れ初めの中心で愛を叫ぶ,【2ch 馴れ初め】取引先「値引きしないなら契約終了ｗ」→俺「じゃあ全撤収で」お望み通り取引終了した結果…【ゆっくり】,2026-06-23T08:00:05Z,2859,89,2,2026-09-30 12:24:41,public,2026-09-30T03:38:18+00:00
IaI2h8uVo0k,UCnHQiFUyQhT6wPG8bJcreMg,馴れ初めの中心で愛を叫ぶ,【2ch 馴れ初め】子連れ出勤したら娘達が鬼上司をママ呼び→冷徹上司がデレ崩壊した結果…【ゆっくり】,2026-06-19T08:00:12Z,4194,127,2,2026-09-30 12:24:41,public,2026-09-30T03:38:18+00:00
es2j6Pqqsbk,UCnHQiFUyQhT6wPG8bJcreMg,馴れ初めの中心で愛を叫ぶ,【2ch 馴れ初め】「中卒の作業員ｗ」合コンで見下される俺→「彼は年収100倍です」暴露された結果…【ゆっくり】,2026-06-17T08:00:19Z,18850,283,3,2026-09-30 12:24:41,public,2026-09-30T03:38:18+00:00
KrTE6Jh7J2Q,UCnHQiFUyQhT6wPG8bJcreMg,馴れ初めの中心で愛を叫ぶ,【2ch 馴れ初め】担任教師が女同級生の弁当をゴミ箱へ →転校初日、校長の孫の俺がブチ切れた結果…【ゆっくり】,2026-06-14T08:00:09Z,2050,70,10,2026-09-30 12:24:41,public,2026-09-30T03:38:18+00:00
VWAfDhZiWh4,UCnHQiFUyQhT6wPG8bJcreMg,馴れ初めの中心で愛を叫ぶ,【2ch 馴れ初め】深夜の路地で命懸けで女性を助けた俺→翌日、会社でまさかの展開に……【ゆっくり】,2026-06-10T08:00:01Z,6068,162,5,2026-09-30 12:24:41,public,2026-09-30T03:38:18+00:00
NUOLVEfPrwE,UCnHQiFUyQhT6wPG8bJcreMg,馴れ初めの中心で愛を叫ぶ,【2ch 馴れ初め】「農家とかハズレｗ」合コンで俺を追い出した女達→とんでもない真実を知ることに…【ゆっくり】,2026-06-08T08:00:13Z,11983,275,7,2026-09-30 12:24:41,public,2026-09-30T03:38:18+00:00
sLg4DJtRSl8,UCnHQiFUyQhT6wPG8bJcreMg,馴れ初めの中心で愛を叫ぶ,【2ch 馴れ初め】3歳娘「前世の家に帰りたい」 →北海道で”ある女性”と出会った結果…【ゆっくり】,2026-06-05T08:00:20Z,10195,317,9,2026-09-30 12:24:41,public,2026-09-30T03:38:18+00:00
Kd4V2aWv0WE,UCnHQiFUyQhT6wPG8bJcreMg,馴れ初めの中心で愛を叫ぶ,【2ch 馴れ初め】行きつけのカフェの美人店員からのSOS→助けた結果、人生が激変した結果…【スカッと】【ゆっくり】,2026-06-03T08:00:29Z,10111,228,2,2026-09-30 12:24:41,public,2026-09-30T03:38:18+00:00
VWoWHK-cPRo,UCnHQiFUyQhT6wPG8bJcreMg,馴れ初めの中心で愛を叫ぶ,【2ch 馴れ初め】入社式に溺れた少女を助けてクビになった俺→親会社社長の孫だった結果…【ゆっくり】,2026-06-01T08:00:21Z,63782,979,14,2026-09-30 12:24:41,public,2026-09-30T03:38:18+00:00
U6UAbRdbLMQ,UCnHQiFUyQhT6wPG8bJcreMg,馴れ初めの中心で愛を叫ぶ,【2ch 馴れ初め】会社BBQに双子の娘を連れてきた俺→鬼上司が突然号泣「あなたたち、もしかして…」…【ゆっくり】,2026-05-30T08:00:13Z,5858,179,3,2026-09-30 12:24:41,public,2026-09-30T03:38:18+00:00
ZBGtjBLBqtQ,UCnHQiFUyQhT6wPG8bJcreMg,馴れ初めの中心で愛を叫ぶ,【2ch 馴れ初め】引き立て役として連れて来られた合コン→地味女を押し付けられた結果…【ゆっくり】,2026-05-28T08:00:23Z,3132,65,2,2026-09-30 12:24:41,public,2026-09-30T03:38:18+00:00
MuEpxPdJ6Dc,UCnHQiFUyQhT6wPG8bJcreMg,馴れ初めの中心で愛を叫ぶ,【2ch 馴れ初め】高級寿司屋で見下される俺と新人女子→翌日、その男の人生が崩壊した結果…【ゆっくり】,2026-05-26T08:00:03Z,11924,201,2,2026-09-30 12:24:41,public,2026-09-30T03:38:18+00:00
1OxSE_wicos,UCnHQiFUyQhT6wPG8bJcreMg,馴れ初めの中心で愛を叫ぶ,【2ch 馴れ初め】寒空の下で震える霊感持ちの姉妹→事故物件でうどん屋を開業した俺が助けた結果…【ゆっくり】,2026-05-24T01:00:08Z,1661,76,3,2026-09-30 12:24:41,public,2026-09-30T03:38:18+00:00
WnGN_aMf0Go,UCnHQiFUyQhT6wPG8bJcreMg,馴れ初めの中心で愛を叫ぶ,【2ch 馴れ初め】同窓会で「貧乏人」と笑われる女性→俺が「社長」と呼ぶと会場が凍りついた結果…【ゆっくり】,2026-05-22T08:00:03Z,1249,42,0,2026-09-30 12:24:41,public,2026-09-30T03:38:18+00:00
eDW2Ndk9pX4,UCnHQiFUyQhT6wPG8bJcreMg,馴れ初めの中心で愛を叫ぶ,【2ch 馴れ初め】就活生「T大卒です！」俺「不採用で」→数年後、答え合わせが来た結果…【ゆっくり】,2026-05-20T08:00:07Z,1365,44,1,2026-09-30 12:24:41,public,2026-09-30T03:38:18+00:00
Y1e85HLV-3A,UCnHQiFUyQhT6wPG8bJcreMg,馴れ初めの中心で愛を叫ぶ,【2ch 馴れ初め】「遅刻はクビ！」双子を助け事故に遭った俺→助けた双子の祖父が親会社の会長だった結果…【スカッと】【ゆっくり】,2026-05-18T08:00:38Z,6209,147,7,2026-09-30 12:24:41,public,2026-09-30T03:38:18+00:00
EQMXCp-_r8c,UCnHQiFUyQhT6wPG8bJcreMg,馴れ初めの中心で愛を叫ぶ,【2ch 馴れ初め】入院中に恋した看護師がシンママを理由に解雇→ブチ切れた俺が正体を明かした結果…【ゆっくり】,2026-05-16T01:00:00Z,1210,43,2,2026-09-30 12:24:41,public,2026-09-30T03:38:18+00:00
gS4QtdAKgUE,UCnHQiFUyQhT6wPG8bJcreMg,馴れ初めの中心で愛を叫ぶ,【2ch 馴れ初め】腹ペコ双子を連れたシンママを助けたら、衝撃の正体が明らかに…【ゆっくり】,2026-05-14T08:00:17Z,2413,100,0,2026-09-30 12:24:41,public,2026-09-30T03:38:18+00:00
NlIECS-fyw0,UCnHQiFUyQhT6wPG8bJcreMg,馴れ初めの中心で愛を叫ぶ,【2ch 馴れ初め】同僚にハメられ全てを失った元医者の俺→田舎の温泉旅館で料理長を救った結果…【ゆっくり】,2026-05-12T08:00:28Z,3464,83,1,2026-09-30 12:24:41,public,2026-09-30T03:38:18+00:00
yJmxKsNIgrQ,UCnHQiFUyQhT6wPG8bJcreMg,馴れ初めの中心で愛を叫ぶ,【2ch 馴れ初め】10年前に失踪した娘そっくりの少女→思わず声を掛けた結果…【感動】【ゆっくり】,2026-05-10T01:00:05Z,928,38,4,2026-09-30 12:24:41,public,2026-09-30T03:38:18+00:00
34tUlYny87I,UCnHQiFUyQhT6wPG8bJcreMg,馴れ初めの中心で愛を叫ぶ,【2ch 馴れ初め】車椅子の女性を嘲笑する女→翌日、10億契約を白紙にした結果…【スカッと】【ゆっくり】,2026-05-09T01:00:05Z,1105,40,1,2026-09-30 12:24:41,public,2026-09-30T03:38:18+00:00
3hnOJ_E2ChA,UCnHQiFUyQhT6wPG8bJcreMg,馴れ初めの中心で愛を叫ぶ,【2ch 馴れ初め】「娘に魚を…」早朝の漁港で出会った母娘→頑固親父がマグロ漁船に乗せた結果…【ゆっくり】,2026-05-08T08:00:11Z,348,18,0,2026-09-30 12:24:41,public,2026-09-30T03:38:18+00:00
vyXtQUJvG-c,UCnHQiFUyQhT6wPG8bJcreMg,馴れ初めの中心で愛を叫ぶ,【2ch 馴れ初め】『妹にならない？』少女を救った息子の一言に、涙が止まらなくなった結果…【感動】【ゆっくり】,2026-05-06T01:00:00Z,3182,109,8,2026-09-30 12:24:41,public,2026-09-30T03:38:18+00:00
ZCl5xMzlL5g,UCnHQiFUyQhT6wPG8bJcreMg,馴れ初めの中心で愛を叫ぶ,【2ch 馴れ初め】入社式に向かう途中、婆さんを助けた俺→恐ろしい発言をされた結果…【ゆっくり】,2026-05-04T01:00:00Z,2608,81,1,2026-09-30 12:24:41,public,2026-09-30T03:38:18+00:00
7zDv2-AfNT8,UCnHQiFUyQhT6wPG8bJcreMg,馴れ初めの中心で愛を叫ぶ,【2ch 馴れ初め】合コンで傷跡をバカにしてきた社長令嬢→数分後、彼女が突然泣き出した結果…【ゆっくり】,2026-05-03T01:00:00Z,429,18,2,2026-09-30 12:24:41,public,2026-09-30T03:38:18+00:00
EVll-dDxjns,UCnHQiFUyQhT6wPG8bJcreMg,馴れ初めの中心で愛を叫ぶ,【2ch 馴れ初め】炎天下の車内に取り残された少女→助けた結果、とんでもない展開に…【ゆっくり】,2026-05-01T08:00:00Z,2944,105,3,2026-09-30 12:24:41,public,2026-09-30T03:38:18+00:00
Wm-m30rO3sA,UCnHQiFUyQhT6wPG8bJcreMg,馴れ初めの中心で愛を叫ぶ,【2ch 馴れ初め】病院で再会した、学生時代俺を見下していたエリート同級生→入院患者と勘違いされ正体を明かした結果…【ゆっくり】,2026-04-29T02:00:39Z,2221,57,2,2026-09-30 12:24:41,public,2026-09-30T03:38:18+00:00
-xhz12gYzIE,UCnHQiFUyQhT6wPG8bJcreMg,馴れ初めの中心で愛を叫ぶ,【2ch 馴れ初め】クーラーの効いた俺んちに侵入した少女→毎日居座るようになった結果…【ゆっくり】,2026-04-27T09:00:00Z,2519,54,4,2026-09-30 12:24:41,public,2026-09-30T03:38:18+00:00
LHVG1dIBR48,UCnHQiFUyQhT6wPG8bJcreMg,馴れ初めの中心で愛を叫ぶ,【2ch 馴れ初め】俺の料亭の前に倒れていた空腹の少女→自慢の懐石料理をご馳走したら、まさかの行動に…【感動】【ゆっくり】,2026-04-26T01:00:00Z,702,16,0,2026-09-30 12:24:41,public,2026-09-30T03:38:18+00:00
vVGAvkZFfqo,UCnHQiFUyQhT6wPG8bJcreMg,馴れ初めの中心で愛を叫ぶ,【2ch 馴れ初め】BBQ中にやって来た腹ペコ少女にご馳走すると実は〇〇の孫娘で…→後日、強面男性と美女が現れた結果…【感動】【ゆっくり】,2026-04-25T04:00:00Z,851,27,1,2026-09-30 12:24:41,public,2026-09-30T03:38:18+00:00
xT5khI0tEk4,UCnHQiFUyQhT6wPG8bJcreMg,馴れ初めの中心で愛を叫ぶ,【2ch 馴れ初め】異常な暑さの日にウチの畑で立ち尽くす泥だらけの少女→農家の母が「娘にならない？」と言った結果…【感動】【ゆっくり】,2026-04-24T08:00:00Z,5478,143,2,2026-09-30 12:24:41,public,2026-09-30T03:38:18+00:00
t9_4jCyQRDw,UCnHQiFUyQhT6wPG8bJcreMg,馴れ初めの中心で愛を叫ぶ,【2ch 馴れ初め】極寒の夜、河川敷で野良ネコの餌を拾う少女→亡き親友の娘だったので保護した結果…【感動】【ゆっくり】,2026-04-22T08:00:00Z,842,26,1,2026-09-30 12:24:41,public,2026-09-30T03:38:18+00:00
mAxSSjADxbc,UCnHQiFUyQhT6wPG8bJcreMg,馴れ初めの中心で愛を叫ぶ,【2ch 馴れ初め】焼肉屋で卵スープしか与えられない少女→息子が衝撃の一言を放った結果…【スカッと】【ゆっくり】,2026-04-21T08:00:00Z,1042,25,1,2026-09-30 12:24:41,public,2026-09-30T03:38:18+00:00
hleJ2rmcC_M,UCnHQiFUyQhT6wPG8bJcreMg,馴れ初めの中心で愛を叫ぶ,【2ch 馴れ初め】BBQしてたら、匂いに釣られてやってきた少女→亡き娘が好きだった七輪飯をご馳走した結果…【感動】【ゆっくり】,2026-04-19T07:29:59Z,853,24,1,2026-09-30 12:24:41,public,2026-09-30T03:38:18+00:00
Ra6aC0yuxGk,UCnHQiFUyQhT6wPG8bJcreMg,馴れ初めの中心で愛を叫ぶ,【2ch 馴れ初め】内気な娘と遊んでくれる孤独な爺さん→鍋パーティに誘ってみた結果…【ゆっくり】,2026-04-18T01:57:37Z,1071,17,1,2026-09-30 12:24:41,public,2026-09-30T03:38:18+00:00
TH2_P7e0f9I,UCnHQiFUyQhT6wPG8bJcreMg,馴れ初めの中心で愛を叫ぶ,【2ch 馴れ初め】社内キャンプで女社長が連れて来た双子の娘→俺を見た瞬間、突然泣き出した結果…【スカッと】【感動】【ゆっくり】,2026-04-06T12:24:04Z,1494,41,8,2026-09-30 12:24:41,public,2026-09-30T03:38:18+00:00
GWyWjq4pqAA,UCnHQiFUyQhT6wPG8bJcreMg,馴れ初めの中心で愛を叫ぶ,【2ch 馴れ初め】激安物件に引っ越したら霊感の強い娘が→見えない誰かに「ママになって」と言い出した結果…【スカッと】【感動】【ゆっくり】,2026-04-02T08:00:00Z,4498,84,3,2026-09-30 12:24:41,public,2026-09-30T03:38:18+00:00
wcKkFAP8ODg,UCnHQiFUyQhT6wPG8bJcreMg,馴れ初めの中心で愛を叫ぶ,【2ch 馴れ初め】「ジャムを作って」木の実を抱え現れた幼い少女→妻子を失い天涯孤独の俺が受け取った結果…【感動】【ゆっくり】,2026-03-28T08:00:00Z,724,29,3,2026-09-30 12:24:41,public,2026-09-30T03:38:18+00:00
g_CV5x8xgNY,UCnHQiFUyQhT6wPG8bJcreMg,馴れ初めの中心で愛を叫ぶ,【2ch 馴れ初め】【感動】3歳の双子娘とランチしてる所を→いつも怖い女上司に見られた結果…【ゆっくり】,2026-03-25T08:00:00Z,692,25,3,2026-09-30 12:24:41,public,2026-09-30T03:38:18+00:00
eXHBh02ZNU8,UCnHQiFUyQhT6wPG8bJcreMg,馴れ初めの中心で愛を叫ぶ,【2ch 馴れ初め】タダ券でミニサラダを分け合う姉妹→大盛り焼肉丼をご馳走した結果…【ゆっくり】,2026-03-22T08:00:00Z,735,29,5,2026-09-30 12:24:41,public,2026-09-30T03:38:18+00:00
ZqmepQ2phAE,UCnHQiFUyQhT6wPG8bJcreMg,馴れ初めの中心で愛を叫ぶ,【2ch 馴れ初め】【感動】入学式なのにボロボロバッグの少女→亡き娘のランドセルを譲った結果…【ゆっくり】,2026-03-17T11:23:46Z,832,23,4,2026-09-30 12:24:41,public,2026-09-30T03:38:18+00:00
vVBQkhFQ-j0,UCnHQiFUyQhT6wPG8bJcreMg,馴れ初めの中心で愛を叫ぶ,【2ch 馴れ初め】【感動】台風の夜、息子が忘れたリュックを届けてくれた母娘→お礼に出来立てのカレーをご馳走した結果…【ゆっくり】,2026-03-14T01:08:05Z,468,15,1,2026-09-30 12:24:41,public,2026-09-30T03:38:18+00:00
Ao9EE2L0sMM,UCnHQiFUyQhT6wPG8bJcreMg,馴れ初めの中心で愛を叫ぶ,【2ch 馴れ初め】【スカッと】真冬の深夜、ラーメン屋の駐車場で身を寄せ合う母娘 保護し自慢の醤油ラーメンを振る舞った結果…,2026-03-08T05:44:58Z,462,16,4,2026-09-30 12:24:41,public,2026-09-30T03:38:18+00:00
9GpBdQ3LtEo,UCnHQiFUyQhT6wPG8bJcreMg,馴れ初めの中心で愛を叫ぶ,【2ch 馴れ初め】【家族】台風の夜、俺んちの車庫で雨風を凌ぐ双子姉妹→保護し、自慢の肉じゃがを振る舞った結果…,2026-03-03T12:39:32Z,1396,36,1,2026-09-30 12:24:41,public,2026-09-30T03:38:18+00:00
MHe9221toQI,UCnHQiFUyQhT6wPG8bJcreMg,馴れ初めの中心で愛を叫ぶ,【2ch 感動】【馴れ初め】亡き母親のレシピ本を持ってきた双子姉妹→廃業寸前の定食屋を営む俺が受け取った結果…,2026-02-24T08:31:03Z,827,31,4,2026-09-30 12:24:41,public,2026-09-30T03:38:18+00:00
wrkq63-cNd0,UCnHQiFUyQhT6wPG8bJcreMg,馴れ初めの中心で愛を叫ぶ,【2ch 感動】【馴れ初め】授業参観で『私のお父さん』の作文を読む娘→衝撃的な一言に、教室中が涙した結果…,2026-02-17T09:42:00Z,7941,186,10,2026-09-30 12:24:41,public,2026-09-30T03:38:18+00:00
FYi0FY3XQOk,UCnHQiFUyQhT6wPG8bJcreMg,馴れ初めの中心で愛を叫ぶ,【2ch】【感動】【馴れ初め】山に捨てられた大型犬と少女を引き取った俺→会社のキャンプで美人上司が突然涙した結果…,2026-02-10T09:00:00Z,14630,351,7,2026-09-30 12:24:41,public,2026-09-30T03:38:18+00:00
bPHkm3Gyyy4,UCnHQiFUyQhT6wPG8bJcreMg,馴れ初めの中心で愛を叫ぶ,【2ch】【感動】駅の改札前で号泣する双子姉妹→放っておけず大事な商談に遅刻した結果,2026-02-06T09:00:00Z,14412,297,6,2026-09-30 12:24:41,public,2026-09-30T03:38:18+00:00
asBr5PWV8-s,UCnHQiFUyQhT6wPG8bJcreMg,馴れ初めの中心で愛を叫ぶ,【2ch】【感動】【馴れ初め】前世の記憶を持つ3歳の双子の娘が住所を話すので、連れて行った結果…,2025-10-19T09:35:16Z,10695,198,5,2026-09-30 12:24:41,public,2026-09-30T03:38:18+00:00
S7Rpjc1uWNM,UCnHQiFUyQhT6wPG8bJcreMg,馴れ初めの中心で愛を叫ぶ,【感動】余命僅かな俺が幼馴染に頼み、娘と交わした最期の約束を果たした結果…,2025-10-02T12:01:01Z,476,21,0,2026-09-30 12:24:41,public,2026-09-30T03:38:18+00:00
MvVKHSaSW18,UCnHQiFUyQhT6wPG8bJcreMg,馴れ初めの中心で愛を叫ぶ,【感動】【馴れ初め】内気な娘が初めて連れて来た友達が、ボロボロ婆さんだった結果…,2025-07-06T12:00:41Z,1478,40,0,2026-09-30 12:24:41,public,2026-09-30T03:38:18+00:00
AjBZiTN2ZvQ,UCnHQiFUyQhT6wPG8bJcreMg,馴れ初めの中心で愛を叫ぶ,【感動】【馴れ初め】『パパ、ただいま』10年前に失踪した娘が、家の庭に立っていた結果…,2025-06-08T09:00:21Z,1749,46,1,2026-09-30 12:24:41,public,2026-09-30T03:38:18+00:00
9wsfOqmfMAg,UCnHQiFUyQhT6wPG8bJcreMg,馴れ初めの中心で愛を叫ぶ,【スカッと】【馴れ初め】【感動】休日に嫌味な上司と遭遇した俺→IQ200天才娘がブチ切れた結果…,2025-04-06T03:54:04Z,534002,6665,170,2026-09-30 12:24:41,public,2026-09-30T03:38:18+00:00
