"video_id","local_path","bytes","gcs_uri","error","candidate_video_id","candidate_channel","candidate_channel_id","manifest"
"_3KTE59CDtY","gcs_upload_staging\archive_thumbnails\_3KTE59CDtY.jpg","119746","gs://senior-share-staging-570862915709/naresome_thumbnails/_3KTE59CDtY.jpg","","bzKSq8Rynv4","馴れ初めクエスト2ch","UCBTeXU9Auch51-79o2C-QyA","C:\Data\ObsidianVault\02_Channels\馴れ初めシネマ\保全\copy_channel_research_20260623\best_thumbnails_quest\best_thumbnail_selection.csv"
"_3MXgxX9LI0","gcs_upload_staging\archive_thumbnails\_3MXgxX9LI0.jpg","114651","gs://senior-share-staging-570862915709/naresome_thumbnails/_3MXgxX9LI0.jpg","","5kfgkmg2rXM","2ch恋物語ラボ","UC0EExnSTNUkC-POz4xVesKg","C:\Data\ObsidianVault\02_Channels\馴れ初めシネマ\保全\copy_channel_research_20260623\best_thumbnails_quest\best_thumbnail_selection.csv"
"_mxvdEzp1us","gcs_upload_staging\archive_thumbnails\_mxvdEzp1us.jpg","123847","gs://senior-share-staging-570862915709/naresome_thumbnails/_mxvdEzp1us.jpg","",,,,"C:\Data\ObsidianVault\02_Channels\馴れ初めシネマ\保全\copy_channel_research_20260623\hokkori_best_thumbnails_master\hokkori_best_thumbnail_master.csv"
"_oqu5eCuWFU","gcs_upload_staging\archive_thumbnails\_oqu5eCuWFU.jpg","105798","gs://senior-share-staging-570862915709/naresome_thumbnails/_oqu5eCuWFU.jpg","","43YY2ghr5dY","wail22 alfadil","UCOPTB7tQ61unkta781Hk9FA","C:\Data\ObsidianVault\02_Channels\馴れ初めシネマ\保全\copy_channel_research_20260623\best_thumbnails_quest\best_thumbnail_selection.csv"
"04-Vj9A-Lsc","gcs_upload_staging\archive_thumbnails\04-Vj9A-Lsc.jpg","119446","gs://senior-share-staging-570862915709/naresome_thumbnails/04-Vj9A-Lsc.jpg","",,,,"C:\Data\ObsidianVault\02_Channels\馴れ初めシネマ\保全\copy_channel_research_20260623\hokkori_best_thumbnails_master\hokkori_best_thumbnail_master.csv"
"0iZaBXriTUk","gcs_upload_staging\archive_thumbnails\0iZaBXriTUk.jpg","122270","gs://senior-share-staging-570862915709/naresome_thumbnails/0iZaBXriTUk.jpg","","biurcjWTph0","馴れ初めクエスト2ch","UCBTeXU9Auch51-79o2C-QyA","C:\Data\ObsidianVault\02_Channels\馴れ初めシネマ\保全\copy_channel_research_20260623\best_thumbnails_quest\best_thumbnail_selection.csv"
"-0Q3EDvrW_U","gcs_upload_staging\archive_thumbnails\-0Q3EDvrW_U.jpg","107159","gs://senior-share-staging-570862915709/naresome_thumbnails/-0Q3EDvrW_U.jpg","","tZEfWOqpQxY","2ch運命の出会いストーリー","UC8Z30-vQUd48GbLmT6Y_G6Q","C:\Data\ObsidianVault\02_Channels\馴れ初めシネマ\保全\copy_channel_research_20260623\best_thumbnails_quest\best_thumbnail_selection.csv"
"0tlQoOa3bek","gcs_upload_staging\archive_thumbnails\0tlQoOa3bek.jpg","111790","gs://senior-share-staging-570862915709/naresome_thumbnails/0tlQoOa3bek.jpg","","oAWyTWoFqi0","2ch恋物語ラボ","UC0EExnSTNUkC-POz4xVesKg","C:\Data\ObsidianVault\02_Channels\馴れ初めシネマ\保全\copy_channel_research_20260623\best_thumbnails_quest\best_thumbnail_selection.csv"
"0Xbs6s595_Y","gcs_upload_staging\archive_thumbnails\0Xbs6s595_Y.jpg","109355","gs://senior-share-staging-570862915709/naresome_thumbnails/0Xbs6s595_Y.jpg","","Yij1klFty9E","2ch出会いクエスト","UCaiqfVJVsld5toM71fiU2NA","C:\Data\ObsidianVault\02_Channels\馴れ初めシネマ\保全\copy_channel_research_20260623\best_thumbnails_quest\best_thumbnail_selection.csv"
"10u3HHb89xI","gcs_upload_staging\archive_thumbnails\10u3HHb89xI.jpg","127993","gs://senior-share-staging-570862915709/naresome_thumbnails/10u3HHb89xI.jpg","","OC_Mc0kYFmA","馴れ初めクエスト2ch","UCBTeXU9Auch51-79o2C-QyA","C:\Data\ObsidianVault\02_Channels\馴れ初めシネマ\保全\copy_channel_research_20260623\best_thumbnails_quest\best_thumbnail_selection.csv"
"15uGiDQGSIc","gcs_upload_staging\archive_thumbnails\15uGiDQGSIc.jpg","120660","gs://senior-share-staging-570862915709/naresome_thumbnails/15uGiDQGSIc.jpg","","Pp_FIL5vrYE","馴れ初めクエスト2ch","UCBTeXU9Auch51-79o2C-QyA","C:\Data\ObsidianVault\02_Channels\馴れ初めシネマ\保全\copy_channel_research_20260623\best_thumbnails_quest\best_thumbnail_selection.csv"
"16fQ9-nrpu8","gcs_upload_staging\archive_thumbnails\16fQ9-nrpu8.jpg","117370","gs://senior-share-staging-570862915709/naresome_thumbnails/16fQ9-nrpu8.jpg","","FQP0BPmSq0I","馴れ初めクエスト2ch","UCBTeXU9Auch51-79o2C-QyA","C:\Data\ObsidianVault\02_Channels\馴れ初めシネマ\保全\copy_channel_research_20260623\best_thumbnails_quest\best_thumbnail_selection.csv"
"17O15h91IHI","gcs_upload_staging\archive_thumbnails\17O15h91IHI.jpg","121185","gs://senior-share-staging-570862915709/naresome_thumbnails/17O15h91IHI.jpg","","fhQGdmtz7qs","馴れ初めクエスト2ch","UCBTeXU9Auch51-79o2C-QyA","C:\Data\ObsidianVault\02_Channels\馴れ初めシネマ\保全\copy_channel_research_20260623\best_thumbnails_quest\best_thumbnail_selection.csv"
"1bu3awk_OYg","gcs_upload_staging\archive_thumbnails\1bu3awk_OYg.jpg","101079","gs://senior-share-staging-570862915709/naresome_thumbnails/1bu3awk_OYg.jpg","","NWzqJWuWHkk","馴れ初めクエスト2ch","UCBTeXU9Auch51-79o2C-QyA","C:\Data\ObsidianVault\02_Channels\馴れ初めシネマ\保全\copy_channel_research_20260623\best_thumbnails_quest\best_thumbnail_selection.csv"
"1dgI7xqwUFg","gcs_upload_staging\archive_thumbnails\1dgI7xqwUFg.jpg","123706","gs://senior-share-staging-570862915709/naresome_thumbnails/1dgI7xqwUFg.jpg","",,,,"C:\Data\ObsidianVault\02_Channels\馴れ初めシネマ\保全\copy_channel_research_20260623\hokkori_best_thumbnails_master\hokkori_best_thumbnail_master.csv"
"1QYzpbOK_wg","gcs_upload_staging\archive_thumbnails\1QYzpbOK_wg.jpg","119473","gs://senior-share-staging-570862915709/naresome_thumbnails/1QYzpbOK_wg.jpg","","zG9yjf_NoqI","2ch馴れ初め物語","UCEnh7Zjp2lHtHA6ATOOcpbQ","C:\Data\ObsidianVault\02_Channels\馴れ初めシネマ\保全\copy_channel_research_20260623\best_thumbnails_quest\best_thumbnail_selection.csv"
"1wPP8iwnMHU","gcs_upload_staging\archive_thumbnails\1wPP8iwnMHU.jpg","113297","gs://senior-share-staging-570862915709/naresome_thumbnails/1wPP8iwnMHU.jpg","","VWz7BCM2jcU","2ch出会いクエスト","UCaiqfVJVsld5toM71fiU2NA","C:\Data\ObsidianVault\02_Channels\馴れ初めシネマ\保全\copy_channel_research_20260623\best_thumbnails_quest\best_thumbnail_selection.csv"
"1zPZYD8-mis","gcs_upload_staging\archive_thumbnails\1zPZYD8-mis.jpg","128083","gs://senior-share-staging-570862915709/naresome_thumbnails/1zPZYD8-mis.jpg","",,,,"C:\Data\ObsidianVault\02_Channels\馴れ初めシネマ\保全\copy_channel_research_20260623\hokkori_best_thumbnails_master\hokkori_best_thumbnail_master.csv"
"23qZX3SipnQ","gcs_upload_staging\archive_thumbnails\23qZX3SipnQ.jpg","127081","gs://senior-share-staging-570862915709/naresome_thumbnails/23qZX3SipnQ.jpg","",,,,"C:\Data\ObsidianVault\02_Channels\馴れ初めシネマ\保全\copy_channel_research_20260623\hokkori_best_thumbnails_master\hokkori_best_thumbnail_master.csv"
"28Z0B8FQMCM","gcs_upload_staging\archive_thumbnails\28Z0B8FQMCM.jpg","124938","gs://senior-share-staging-570862915709/naresome_thumbnails/28Z0B8FQMCM.jpg","",,,,"C:\Data\ObsidianVault\02_Channels\馴れ初めシネマ\保全\copy_channel_research_20260623\hokkori_best_thumbnails_master\hokkori_best_thumbnail_master.csv"
"2layHk0wgLM","gcs_upload_staging\archive_thumbnails\2layHk0wgLM.jpg","120797","gs://senior-share-staging-570862915709/naresome_thumbnails/2layHk0wgLM.jpg","","KByL0fJB_XY","2ch馴れ初め物語","UCEnh7Zjp2lHtHA6ATOOcpbQ","C:\Data\ObsidianVault\02_Channels\馴れ初めシネマ\保全\copy_channel_research_20260623\best_thumbnails_quest\best_thumbnail_selection.csv"
"2PjKjQBy8b8","gcs_upload_staging\archive_thumbnails\2PjKjQBy8b8.jpg","122062","gs://senior-share-staging-570862915709/naresome_thumbnails/2PjKjQBy8b8.jpg","","9YTCVIVZx0M","馴れ初めクエスト2ch","UCBTeXU9Auch51-79o2C-QyA","C:\Data\ObsidianVault\02_Channels\馴れ初めシネマ\保全\copy_channel_research_20260623\best_thumbnails_quest\best_thumbnail_selection.csv"
"33dDcSM3AsE","gcs_upload_staging\archive_thumbnails\33dDcSM3AsE.jpg","114837","gs://senior-share-staging-570862915709/naresome_thumbnails/33dDcSM3AsE.jpg","","rWXA2IM7HkA","馴れ初めクエスト2ch","UCBTeXU9Auch51-79o2C-QyA","C:\Data\ObsidianVault\02_Channels\馴れ初めシネマ\保全\copy_channel_research_20260623\best_thumbnails_quest\best_thumbnail_selection.csv"
"3hYm4odYRWo","gcs_upload_staging\archive_thumbnails\3hYm4odYRWo.jpg","110874","gs://senior-share-staging-570862915709/naresome_thumbnails/3hYm4odYRWo.jpg","","V4NI2a_4qpw","2ch馴れ初め物語","UCEnh7Zjp2lHtHA6ATOOcpbQ","C:\Data\ObsidianVault\02_Channels\馴れ初めシネマ\保全\copy_channel_research_20260623\best_thumbnails_quest\best_thumbnail_selection.csv"
"4dyfejziDaA","gcs_upload_staging\archive_thumbnails\4dyfejziDaA.jpg","119024","gs://senior-share-staging-570862915709/naresome_thumbnails/4dyfejziDaA.jpg","","qFT-BPyEDMg","馴れ初めクエスト2ch","UCBTeXU9Auch51-79o2C-QyA","C:\Data\ObsidianVault\02_Channels\馴れ初めシネマ\保全\copy_channel_research_20260623\best_thumbnails_quest\best_thumbnail_selection.csv"
"4eoYOQ14YyQ","gcs_upload_staging\archive_thumbnails\4eoYOQ14YyQ.jpg","109857","gs://senior-share-staging-570862915709/naresome_thumbnails/4eoYOQ14YyQ.jpg","","jTrt4g2Hphw","2ch恋物語ラボ","UC0EExnSTNUkC-POz4xVesKg","C:\Data\ObsidianVault\02_Channels\馴れ初めシネマ\保全\copy_channel_research_20260623\best_thumbnails_quest\best_thumbnail_selection.csv"
"4l1n0pm_ROY","gcs_upload_staging\archive_thumbnails\4l1n0pm_ROY.jpg","118167","gs://senior-share-staging-570862915709/naresome_thumbnails/4l1n0pm_ROY.jpg","","e7ceNobJj1c","2ch出会いクエスト","UCaiqfVJVsld5toM71fiU2NA","C:\Data\ObsidianVault\02_Channels\馴れ初めシネマ\保全\copy_channel_research_20260623\best_thumbnails_quest\best_thumbnail_selection.csv"
"4ya-JSVF6UQ","gcs_upload_staging\archive_thumbnails\4ya-JSVF6UQ.jpg","116135","gs://senior-share-staging-570862915709/naresome_thumbnails/4ya-JSVF6UQ.jpg","","3Ivg7Mmyg9M","2ch運命の出会いストーリー","UC8Z30-vQUd48GbLmT6Y_G6Q","C:\Data\ObsidianVault\02_Channels\馴れ初めシネマ\保全\copy_channel_research_20260623\best_thumbnails_quest\best_thumbnail_selection.csv"
"53CBa9pBlmM","gcs_upload_staging\archive_thumbnails\53CBa9pBlmM.jpg","121483","gs://senior-share-staging-570862915709/naresome_thumbnails/53CBa9pBlmM.jpg","","XH_7z0T_ELA","馴れ初めクエスト2ch","UCBTeXU9Auch51-79o2C-QyA","C:\Data\ObsidianVault\02_Channels\馴れ初めシネマ\保全\copy_channel_research_20260623\best_thumbnails_quest\best_thumbnail_selection.csv"
"5DjkMOClbq4","gcs_upload_staging\archive_thumbnails\5DjkMOClbq4.jpg","120863","gs://senior-share-staging-570862915709/naresome_thumbnails/5DjkMOClbq4.jpg","",,,,"C:\Data\ObsidianVault\02_Channels\馴れ初めシネマ\保全\copy_channel_research_20260623\hokkori_best_thumbnails_master\hokkori_best_thumbnail_master.csv"
"5QK1bLgnL7c","gcs_upload_staging\archive_thumbnails\5QK1bLgnL7c.jpg","117974","gs://senior-share-staging-570862915709/naresome_thumbnails/5QK1bLgnL7c.jpg","","FIcgdx1KKRc","馴れ初めクエスト2ch","UCBTeXU9Auch51-79o2C-QyA","C:\Data\ObsidianVault\02_Channels\馴れ初めシネマ\保全\copy_channel_research_20260623\best_thumbnails_quest\best_thumbnail_selection.csv"
"5RPr97O5pjA","gcs_upload_staging\archive_thumbnails\5RPr97O5pjA.jpg","117502","gs://senior-share-staging-570862915709/naresome_thumbnails/5RPr97O5pjA.jpg","",,,,"C:\Data\ObsidianVault\02_Channels\馴れ初めシネマ\保全\copy_channel_research_20260623\hokkori_best_thumbnails_master\hokkori_best_thumbnail_master.csv"
"5wBAo9SZ46Y","gcs_upload_staging\archive_thumbnails\5wBAo9SZ46Y.jpg","108850","gs://senior-share-staging-570862915709/naresome_thumbnails/5wBAo9SZ46Y.jpg","","SfxpJcztD0c","wail22 alfadil","UCOPTB7tQ61unkta781Hk9FA","C:\Data\ObsidianVault\02_Channels\馴れ初めシネマ\保全\copy_channel_research_20260623\best_thumbnails_quest\best_thumbnail_selection.csv"
"5YeLGZe-Ku4","gcs_upload_staging\archive_thumbnails\5YeLGZe-Ku4.jpg","134513","gs://senior-share-staging-570862915709/naresome_thumbnails/5YeLGZe-Ku4.jpg","",,,,"C:\Data\ObsidianVault\02_Channels\馴れ初めシネマ\保全\copy_channel_research_20260623\hokkori_best_thumbnails_master\hokkori_best_thumbnail_master.csv"
"61RBl9kzHhM","gcs_upload_staging\archive_thumbnails\61RBl9kzHhM.jpg","110306","gs://senior-share-staging-570862915709/naresome_thumbnails/61RBl9kzHhM.jpg","","PNcUR8w_gM8","2ch出会いクエスト","UCaiqfVJVsld5toM71fiU2NA","C:\Data\ObsidianVault\02_Channels\馴れ初めシネマ\保全\copy_channel_research_20260623\best_thumbnails_quest\best_thumbnail_selection.csv"
"6DN4G-b3Prw","gcs_upload_staging\archive_thumbnails\6DN4G-b3Prw.jpg","117742","gs://senior-share-staging-570862915709/naresome_thumbnails/6DN4G-b3Prw.jpg","","r36aQjU53IM","馴れ初めクエスト2ch","UCBTeXU9Auch51-79o2C-QyA","C:\Data\ObsidianVault\02_Channels\馴れ初めシネマ\保全\copy_channel_research_20260623\best_thumbnails_quest\best_thumbnail_selection.csv"
"6HZc7lwgEU0","gcs_upload_staging\archive_thumbnails\6HZc7lwgEU0.jpg","121482","gs://senior-share-staging-570862915709/naresome_thumbnails/6HZc7lwgEU0.jpg","","v2lHC4K81dc","馴れ初めクエスト2ch","UCBTeXU9Auch51-79o2C-QyA","C:\Data\ObsidianVault\02_Channels\馴れ初めシネマ\保全\copy_channel_research_20260623\best_thumbnails_quest\best_thumbnail_selection.csv"
"6QGhJu3TDRM","gcs_upload_staging\archive_thumbnails\6QGhJu3TDRM.jpg","113437","gs://senior-share-staging-570862915709/naresome_thumbnails/6QGhJu3TDRM.jpg","","wzmzZbsLvvY","2ch出会いクエスト","UCaiqfVJVsld5toM71fiU2NA","C:\Data\ObsidianVault\02_Channels\馴れ初めシネマ\保全\copy_channel_research_20260623\best_thumbnails_quest\best_thumbnail_selection.csv"
"6rAlF1e13hc","gcs_upload_staging\archive_thumbnails\6rAlF1e13hc.jpg","105607","gs://senior-share-staging-570862915709/naresome_thumbnails/6rAlF1e13hc.jpg","","tPqGFu_Od3w","馴れ初めクエスト2ch","UCBTeXU9Auch51-79o2C-QyA","C:\Data\ObsidianVault\02_Channels\馴れ初めシネマ\保全\copy_channel_research_20260623\best_thumbnails_quest\best_thumbnail_selection.csv"
"6ZwICGq9n2o","gcs_upload_staging\archive_thumbnails\6ZwICGq9n2o.jpg","111175","gs://senior-share-staging-570862915709/naresome_thumbnails/6ZwICGq9n2o.jpg","","GHTBTHwUppQ","2ch出会いクエスト","UCaiqfVJVsld5toM71fiU2NA","C:\Data\ObsidianVault\02_Channels\馴れ初めシネマ\保全\copy_channel_research_20260623\best_thumbnails_quest\best_thumbnail_selection.csv"
"738RglOCq7o","gcs_upload_staging\archive_thumbnails\738RglOCq7o.jpg","120771","gs://senior-share-staging-570862915709/naresome_thumbnails/738RglOCq7o.jpg","",,,,"C:\Data\ObsidianVault\02_Channels\馴れ初めシネマ\保全\copy_channel_research_20260623\hokkori_best_thumbnails_master\hokkori_best_thumbnail_master.csv"
"7EHX79nUhyg","gcs_upload_staging\archive_thumbnails\7EHX79nUhyg.jpg","124334","gs://senior-share-staging-570862915709/naresome_thumbnails/7EHX79nUhyg.jpg","","UdZDhNR7bns","2ch運命の出会いストーリー","UC8Z30-vQUd48GbLmT6Y_G6Q","C:\Data\ObsidianVault\02_Channels\馴れ初めシネマ\保全\copy_channel_research_20260623\best_thumbnails_quest\best_thumbnail_selection.csv"
"7GBBUxgYN94","gcs_upload_staging\archive_thumbnails\7GBBUxgYN94.jpg","113173","gs://senior-share-staging-570862915709/naresome_thumbnails/7GBBUxgYN94.jpg","","A2WNRN4ird4","2ch出会いクエスト","UCaiqfVJVsld5toM71fiU2NA","C:\Data\ObsidianVault\02_Channels\馴れ初めシネマ\保全\copy_channel_research_20260623\best_thumbnails_quest\best_thumbnail_selection.csv"
"7gfpBDD0aYo","gcs_upload_staging\archive_thumbnails\7gfpBDD0aYo.jpg","118741","gs://senior-share-staging-570862915709/naresome_thumbnails/7gfpBDD0aYo.jpg","","2L5GT3iZQ34","馴れ初めクエスト2ch","UCBTeXU9Auch51-79o2C-QyA","C:\Data\ObsidianVault\02_Channels\馴れ初めシネマ\保全\copy_channel_research_20260623\best_thumbnails_quest\best_thumbnail_selection.csv"
"7VVPwkHq0ZY","gcs_upload_staging\archive_thumbnails\7VVPwkHq0ZY.jpg","114851","gs://senior-share-staging-570862915709/naresome_thumbnails/7VVPwkHq0ZY.jpg","","5baEh_9jv5g","wail22 alfadil","UCOPTB7tQ61unkta781Hk9FA","C:\Data\ObsidianVault\02_Channels\馴れ初めシネマ\保全\copy_channel_research_20260623\best_thumbnails_quest\best_thumbnail_selection.csv"
"80bRNahWpKc","gcs_upload_staging\archive_thumbnails\80bRNahWpKc.jpg","116456","gs://senior-share-staging-570862915709/naresome_thumbnails/80bRNahWpKc.jpg","","mU_59OEcumo","2ch馴れ初め物語","UCEnh7Zjp2lHtHA6ATOOcpbQ","C:\Data\ObsidianVault\02_Channels\馴れ初めシネマ\保全\copy_channel_research_20260623\best_thumbnails_quest\best_thumbnail_selection.csv"
"84bcc4BwEW8","gcs_upload_staging\archive_thumbnails\84bcc4BwEW8.jpg","111527","gs://senior-share-staging-570862915709/naresome_thumbnails/84bcc4BwEW8.jpg","","DxnjFG2DUyY","馴れ初めクエスト2ch","UCBTeXU9Auch51-79o2C-QyA","C:\Data\ObsidianVault\02_Channels\馴れ初めシネマ\保全\copy_channel_research_20260623\best_thumbnails_quest\best_thumbnail_selection.csv"
"8HfN7bcaOv8","gcs_upload_staging\archive_thumbnails\8HfN7bcaOv8.jpg","109003","gs://senior-share-staging-570862915709/naresome_thumbnails/8HfN7bcaOv8.jpg","","rWh8eE0Yu7A","馴れ初めクエスト2ch","UCBTeXU9Auch51-79o2C-QyA","C:\Data\ObsidianVault\02_Channels\馴れ初めシネマ\保全\copy_channel_research_20260623\best_thumbnails_quest\best_thumbnail_selection.csv"
"8IOGTnyVqvs","gcs_upload_staging\archive_thumbnails\8IOGTnyVqvs.jpg","125665","gs://senior-share-staging-570862915709/naresome_thumbnails/8IOGTnyVqvs.jpg","",,,,"C:\Data\ObsidianVault\02_Channels\馴れ初めシネマ\保全\copy_channel_research_20260623\hokkori_best_thumbnails_master\hokkori_best_thumbnail_master.csv"
"8mE41lO32GM","gcs_upload_staging\archive_thumbnails\8mE41lO32GM.jpg","124334","gs://senior-share-staging-570862915709/naresome_thumbnails/8mE41lO32GM.jpg","","7m1Ob7csgdc","2ch運命の出会いストーリー","UC8Z30-vQUd48GbLmT6Y_G6Q","C:\Data\ObsidianVault\02_Channels\馴れ初めシネマ\保全\copy_channel_research_20260623\best_thumbnails_quest\best_thumbnail_selection.csv"
"8RROfaqTsOI","gcs_upload_staging\archive_thumbnails\8RROfaqTsOI.jpg","106872","gs://senior-share-staging-570862915709/naresome_thumbnails/8RROfaqTsOI.jpg","","VgDWzusBKJ8","2ch運命の出会いストーリー","UC8Z30-vQUd48GbLmT6Y_G6Q","C:\Data\ObsidianVault\02_Channels\馴れ初めシネマ\保全\copy_channel_research_20260623\best_thumbnails_quest\best_thumbnail_selection.csv"
"8szmA0b74NE","gcs_upload_staging\archive_thumbnails\8szmA0b74NE.jpg","104894","gs://senior-share-staging-570862915709/naresome_thumbnails/8szmA0b74NE.jpg","","Mwd8sySOPR4","2ch出会いクエスト","UCaiqfVJVsld5toM71fiU2NA","C:\Data\ObsidianVault\02_Channels\馴れ初めシネマ\保全\copy_channel_research_20260623\best_thumbnails_quest\best_thumbnail_selection.csv"
"8VJZWqTSisg","gcs_upload_staging\archive_thumbnails\8VJZWqTSisg.jpg","103699","gs://senior-share-staging-570862915709/naresome_thumbnails/8VJZWqTSisg.jpg","","uWCYsr37pZg","馴れ初めクエスト2ch","UCBTeXU9Auch51-79o2C-QyA","C:\Data\ObsidianVault\02_Channels\馴れ初めシネマ\保全\copy_channel_research_20260623\best_thumbnails_quest\best_thumbnail_selection.csv"
"8xhTGEYGVdg","gcs_upload_staging\archive_thumbnails\8xhTGEYGVdg.jpg","116672","gs://senior-share-staging-570862915709/naresome_thumbnails/8xhTGEYGVdg.jpg","","4sMLnVxDJwM","馴れ初めクエスト2ch","UCBTeXU9Auch51-79o2C-QyA","C:\Data\ObsidianVault\02_Channels\馴れ初めシネマ\保全\copy_channel_research_20260623\best_thumbnails_quest\best_thumbnail_selection.csv"
"8xKPpOcInfs","gcs_upload_staging\archive_thumbnails\8xKPpOcInfs.jpg","109201","gs://senior-share-staging-570862915709/naresome_thumbnails/8xKPpOcInfs.jpg","","wLXT7VhzUTI","馴れ初めクエスト2ch","UCBTeXU9Auch51-79o2C-QyA","C:\Data\ObsidianVault\02_Channels\馴れ初めシネマ\保全\copy_channel_research_20260623\best_thumbnails_quest\best_thumbnail_selection.csv"
"8ZtkPPFUdc4","gcs_upload_staging\archive_thumbnails\8ZtkPPFUdc4.jpg","115831","gs://senior-share-staging-570862915709/naresome_thumbnails/8ZtkPPFUdc4.jpg","","ZBc1cAxNKTg","2ch運命の出会いストーリー","UC8Z30-vQUd48GbLmT6Y_G6Q","C:\Data\ObsidianVault\02_Channels\馴れ初めシネマ\保全\copy_channel_research_20260623\best_thumbnails_quest\best_thumbnail_selection.csv"
"9D-lY73gGJc","gcs_upload_staging\archive_thumbnails\9D-lY73gGJc.jpg","128337","gs://senior-share-staging-570862915709/naresome_thumbnails/9D-lY73gGJc.jpg","",,,,"C:\Data\ObsidianVault\02_Channels\馴れ初めシネマ\保全\copy_channel_research_20260623\hokkori_best_thumbnails_master\hokkori_best_thumbnail_master.csv"
"9NQ-CNFOEgI","gcs_upload_staging\archive_thumbnails\9NQ-CNFOEgI.jpg","117397","gs://senior-share-staging-570862915709/naresome_thumbnails/9NQ-CNFOEgI.jpg","","5UcQsE-myjw","2ch出会いクエスト","UCaiqfVJVsld5toM71fiU2NA","C:\Data\ObsidianVault\02_Channels\馴れ初めシネマ\保全\copy_channel_research_20260623\best_thumbnails_quest\best_thumbnail_selection.csv"
"9TXi8H6niyo","gcs_upload_staging\archive_thumbnails\9TXi8H6niyo.jpg","112840","gs://senior-share-staging-570862915709/naresome_thumbnails/9TXi8H6niyo.jpg","","XAfakP_nyOI","wail22 alfadil","UCOPTB7tQ61unkta781Hk9FA","C:\Data\ObsidianVault\02_Channels\馴れ初めシネマ\保全\copy_channel_research_20260623\best_thumbnails_quest\best_thumbnail_selection.csv"
"9UBCEhrV4K8","gcs_upload_staging\archive_thumbnails\9UBCEhrV4K8.jpg","111232","gs://senior-share-staging-570862915709/naresome_thumbnails/9UBCEhrV4K8.jpg","","Jyo4zuHVRzI","馴れ初めクエスト2ch","UCBTeXU9Auch51-79o2C-QyA","C:\Data\ObsidianVault\02_Channels\馴れ初めシネマ\保全\copy_channel_research_20260623\best_thumbnails_quest\best_thumbnail_selection.csv"
"-9UXAvjFwps","gcs_upload_staging\archive_thumbnails\-9UXAvjFwps.jpg","128139","gs://senior-share-staging-570862915709/naresome_thumbnails/-9UXAvjFwps.jpg","",,,,"C:\Data\ObsidianVault\02_Channels\馴れ初めシネマ\保全\copy_channel_research_20260623\hokkori_best_thumbnails_master\hokkori_best_thumbnail_master.csv"
"a0QL2ezCIMY","gcs_upload_staging\archive_thumbnails\a0QL2ezCIMY.jpg","123051","gs://senior-share-staging-570862915709/naresome_thumbnails/a0QL2ezCIMY.jpg","",,,,"C:\Data\ObsidianVault\02_Channels\馴れ初めシネマ\保全\copy_channel_research_20260623\hokkori_best_thumbnails_master\hokkori_best_thumbnail_master.csv"
"a1pKZFdACCM","gcs_upload_staging\archive_thumbnails\a1pKZFdACCM.jpg","125611","gs://senior-share-staging-570862915709/naresome_thumbnails/a1pKZFdACCM.jpg","",,,,"C:\Data\ObsidianVault\02_Channels\馴れ初めシネマ\保全\copy_channel_research_20260623\hokkori_best_thumbnails_master\hokkori_best_thumbnail_master.csv"
"a2YC5n0nGO0","gcs_upload_staging\archive_thumbnails\a2YC5n0nGO0.jpg","119006","gs://senior-share-staging-570862915709/naresome_thumbnails/a2YC5n0nGO0.jpg","",,,,"C:\Data\ObsidianVault\02_Channels\馴れ初めシネマ\保全\copy_channel_research_20260623\hokkori_best_thumbnails_master\hokkori_best_thumbnail_master.csv"
"a4_T7P7FJAo","gcs_upload_staging\archive_thumbnails\a4_T7P7FJAo.jpg","115624","gs://senior-share-staging-570862915709/naresome_thumbnails/a4_T7P7FJAo.jpg","","lYJ7rVpNcbk","2ch出会いクエスト","UCaiqfVJVsld5toM71fiU2NA","C:\Data\ObsidianVault\02_Channels\馴れ初めシネマ\保全\copy_channel_research_20260623\best_thumbnails_quest\best_thumbnail_selection.csv"
"a7K6I3fO4gw","gcs_upload_staging\archive_thumbnails\a7K6I3fO4gw.jpg","115339","gs://senior-share-staging-570862915709/naresome_thumbnails/a7K6I3fO4gw.jpg","","yzsE-EGBT7I","馴れ初めクエスト2ch","UCBTeXU9Auch51-79o2C-QyA","C:\Data\ObsidianVault\02_Channels\馴れ初めシネマ\保全\copy_channel_research_20260623\best_thumbnails_quest\best_thumbnail_selection.csv"
"a9IT706ZsGA","gcs_upload_staging\archive_thumbnails\a9IT706ZsGA.jpg","116489","gs://senior-share-staging-570862915709/naresome_thumbnails/a9IT706ZsGA.jpg","",,,,"C:\Data\ObsidianVault\02_Channels\馴れ初めシネマ\保全\copy_channel_research_20260623\hokkori_best_thumbnails_master\hokkori_best_thumbnail_master.csv"
"aa5rhqBUyq8","gcs_upload_staging\archive_thumbnails\aa5rhqBUyq8.jpg","113964","gs://senior-share-staging-570862915709/naresome_thumbnails/aa5rhqBUyq8.jpg","","Iumm8IJQGBM","馴れ初めクエスト2ch","UCBTeXU9Auch51-79o2C-QyA","C:\Data\ObsidianVault\02_Channels\馴れ初めシネマ\保全\copy_channel_research_20260623\best_thumbnails_quest\best_thumbnail_selection.csv"
"aeO-9UglHEM","gcs_upload_staging\archive_thumbnails\aeO-9UglHEM.jpg","115302","gs://senior-share-staging-570862915709/naresome_thumbnails/aeO-9UglHEM.jpg","","NLBqkjFwtfA","2ch出会いクエスト","UCaiqfVJVsld5toM71fiU2NA","C:\Data\ObsidianVault\02_Channels\馴れ初めシネマ\保全\copy_channel_research_20260623\best_thumbnails_quest\best_thumbnail_selection.csv"
"aO3iT5aCIds","gcs_upload_staging\archive_thumbnails\aO3iT5aCIds.jpg","113081","gs://senior-share-staging-570862915709/naresome_thumbnails/aO3iT5aCIds.jpg","","fEOIi2c9oz8","馴れ初めクエスト2ch","UCBTeXU9Auch51-79o2C-QyA","C:\Data\ObsidianVault\02_Channels\馴れ初めシネマ\保全\copy_channel_research_20260623\best_thumbnails_quest\best_thumbnail_selection.csv"
"AUQXjPGIi0w","gcs_upload_staging\archive_thumbnails\AUQXjPGIi0w.jpg","115426","gs://senior-share-staging-570862915709/naresome_thumbnails/AUQXjPGIi0w.jpg","","Kbbx8VIy8l0","2ch馴れ初め物語","UCEnh7Zjp2lHtHA6ATOOcpbQ","C:\Data\ObsidianVault\02_Channels\馴れ初めシネマ\保全\copy_channel_research_20260623\best_thumbnails_quest\best_thumbnail_selection.csv"
"aY0qq3AGDgs","gcs_upload_staging\archive_thumbnails\aY0qq3AGDgs.jpg","125011","gs://senior-share-staging-570862915709/naresome_thumbnails/aY0qq3AGDgs.jpg","",,,,"C:\Data\ObsidianVault\02_Channels\馴れ初めシネマ\保全\copy_channel_research_20260623\hokkori_best_thumbnails_master\hokkori_best_thumbnail_master.csv"
"B70RoB5-o4o","gcs_upload_staging\archive_thumbnails\B70RoB5-o4o.jpg","112081","gs://senior-share-staging-570862915709/naresome_thumbnails/B70RoB5-o4o.jpg","","i3dD3j43t3o","馴れ初めクエスト2ch","UCBTeXU9Auch51-79o2C-QyA","C:\Data\ObsidianVault\02_Channels\馴れ初めシネマ\保全\copy_channel_research_20260623\best_thumbnails_quest\best_thumbnail_selection.csv"
"bA8oCiuPkQ8","gcs_upload_staging\archive_thumbnails\bA8oCiuPkQ8.jpg","116569","gs://senior-share-staging-570862915709/naresome_thumbnails/bA8oCiuPkQ8.jpg","","0vcOP-FrgDw","馴れ初めクエスト2ch","UCBTeXU9Auch51-79o2C-QyA","C:\Data\ObsidianVault\02_Channels\馴れ初めシネマ\保全\copy_channel_research_20260623\best_thumbnails_quest\best_thumbnail_selection.csv"
"Bb3DvqZmOco","gcs_upload_staging\archive_thumbnails\Bb3DvqZmOco.jpg","127842","gs://senior-share-staging-570862915709/naresome_thumbnails/Bb3DvqZmOco.jpg","","b76zoZOY7AU","馴れ初めクエスト2ch","UCBTeXU9Auch51-79o2C-QyA","C:\Data\ObsidianVault\02_Channels\馴れ初めシネマ\保全\copy_channel_research_20260623\best_thumbnails_quest\best_thumbnail_selection.csv"
"Bb-6JrvxdJA","gcs_upload_staging\archive_thumbnails\Bb-6JrvxdJA.jpg","111699","gs://senior-share-staging-570862915709/naresome_thumbnails/Bb-6JrvxdJA.jpg","","axCKzLQKagk","馴れ初めクエスト2ch","UCBTeXU9Auch51-79o2C-QyA","C:\Data\ObsidianVault\02_Channels\馴れ初めシネマ\保全\copy_channel_research_20260623\best_thumbnails_quest\best_thumbnail_selection.csv"
"bGKsOr1e7sQ","gcs_upload_staging\archive_thumbnails\bGKsOr1e7sQ.jpg","112753","gs://senior-share-staging-570862915709/naresome_thumbnails/bGKsOr1e7sQ.jpg","","PL-QTBCaHSU","2ch運命の出会いストーリー","UC8Z30-vQUd48GbLmT6Y_G6Q","C:\Data\ObsidianVault\02_Channels\馴れ初めシネマ\保全\copy_channel_research_20260623\best_thumbnails_quest\best_thumbnail_selection.csv"
"Bhs3c6AyW_4","gcs_upload_staging\archive_thumbnails\Bhs3c6AyW_4.jpg","122218","gs://senior-share-staging-570862915709/naresome_thumbnails/Bhs3c6AyW_4.jpg","",,,,"C:\Data\ObsidianVault\02_Channels\馴れ初めシネマ\保全\copy_channel_research_20260623\hokkori_best_thumbnails_master\hokkori_best_thumbnail_master.csv"
"BlZu2UnCUL4","gcs_upload_staging\archive_thumbnails\BlZu2UnCUL4.jpg","122425","gs://senior-share-staging-570862915709/naresome_thumbnails/BlZu2UnCUL4.jpg","",,,,"C:\Data\ObsidianVault\02_Channels\馴れ初めシネマ\保全\copy_channel_research_20260623\hokkori_best_thumbnails_master\hokkori_best_thumbnail_master.csv"
"-Bomb84RzOE","gcs_upload_staging\archive_thumbnails\-Bomb84RzOE.jpg","124327","gs://senior-share-staging-570862915709/naresome_thumbnails/-Bomb84RzOE.jpg","",,,,"C:\Data\ObsidianVault\02_Channels\馴れ初めシネマ\保全\copy_channel_research_20260623\hokkori_best_thumbnails_master\hokkori_best_thumbnail_master.csv"
"bWYtTMU9KWA","gcs_upload_staging\archive_thumbnails\bWYtTMU9KWA.jpg","108518","gs://senior-share-staging-570862915709/naresome_thumbnails/bWYtTMU9KWA.jpg","","QqtKVo2R0Kc","wail22 alfadil","UCOPTB7tQ61unkta781Hk9FA","C:\Data\ObsidianVault\02_Channels\馴れ初めシネマ\保全\copy_channel_research_20260623\best_thumbnails_quest\best_thumbnail_selection.csv"
"c_h9oFNrT24","gcs_upload_staging\archive_thumbnails\c_h9oFNrT24.jpg","122765","gs://senior-share-staging-570862915709/naresome_thumbnails/c_h9oFNrT24.jpg","",,,,"C:\Data\ObsidianVault\02_Channels\馴れ初めシネマ\保全\copy_channel_research_20260623\hokkori_best_thumbnails_master\hokkori_best_thumbnail_master.csv"
"C77WmnwiUGw","gcs_upload_staging\archive_thumbnails\C77WmnwiUGw.jpg","113015","gs://senior-share-staging-570862915709/naresome_thumbnails/C77WmnwiUGw.jpg","","dEnDTiCcDdM","馴れ初めクエスト2ch","UCBTeXU9Auch51-79o2C-QyA","C:\Data\ObsidianVault\02_Channels\馴れ初めシネマ\保全\copy_channel_research_20260623\best_thumbnails_quest\best_thumbnail_selection.csv"
"C7ys3xpcTgM","gcs_upload_staging\archive_thumbnails\C7ys3xpcTgM.jpg","124990","gs://senior-share-staging-570862915709/naresome_thumbnails/C7ys3xpcTgM.jpg","",,,,"C:\Data\ObsidianVault\02_Channels\馴れ初めシネマ\保全\copy_channel_research_20260623\hokkori_best_thumbnails_master\hokkori_best_thumbnail_master.csv"
"Cd8QGf3gn2U","gcs_upload_staging\archive_thumbnails\Cd8QGf3gn2U.jpg","122291","gs://senior-share-staging-570862915709/naresome_thumbnails/Cd8QGf3gn2U.jpg","",,,,"C:\Data\ObsidianVault\02_Channels\馴れ初めシネマ\保全\copy_channel_research_20260623\hokkori_best_thumbnails_master\hokkori_best_thumbnail_master.csv"
"cfGO2EdvMWs","gcs_upload_staging\archive_thumbnails\cfGO2EdvMWs.jpg","119216","gs://senior-share-staging-570862915709/naresome_thumbnails/cfGO2EdvMWs.jpg","","uwnCneunako","馴れ初めクエスト2ch","UCBTeXU9Auch51-79o2C-QyA","C:\Data\ObsidianVault\02_Channels\馴れ初めシネマ\保全\copy_channel_research_20260623\best_thumbnails_quest\best_thumbnail_selection.csv"
"CkmQRZ4c7O0","gcs_upload_staging\archive_thumbnails\CkmQRZ4c7O0.jpg","119129","gs://senior-share-staging-570862915709/naresome_thumbnails/CkmQRZ4c7O0.jpg","",,,,"C:\Data\ObsidianVault\02_Channels\馴れ初めシネマ\保全\copy_channel_research_20260623\hokkori_best_thumbnails_master\hokkori_best_thumbnail_master.csv"
"CnYhGNYDK2A","gcs_upload_staging\archive_thumbnails\CnYhGNYDK2A.jpg","111894","gs://senior-share-staging-570862915709/naresome_thumbnails/CnYhGNYDK2A.jpg","",,,,"C:\Data\ObsidianVault\02_Channels\馴れ初めシネマ\保全\copy_channel_research_20260623\hokkori_best_thumbnails_master\hokkori_best_thumbnail_master.csv"
"CvER_Bi9mEM","gcs_upload_staging\archive_thumbnails\CvER_Bi9mEM.jpg","115429","gs://senior-share-staging-570862915709/naresome_thumbnails/CvER_Bi9mEM.jpg","","1BIdeusH-cQ","2ch運命の出会いストーリー","UC8Z30-vQUd48GbLmT6Y_G6Q","C:\Data\ObsidianVault\02_Channels\馴れ初めシネマ\保全\copy_channel_research_20260623\best_thumbnails_quest\best_thumbnail_selection.csv"
"d0xgL8Un4_o","gcs_upload_staging\archive_thumbnails\d0xgL8Un4_o.jpg","129275","gs://senior-share-staging-570862915709/naresome_thumbnails/d0xgL8Un4_o.jpg","",,,,"C:\Data\ObsidianVault\02_Channels\馴れ初めシネマ\保全\copy_channel_research_20260623\hokkori_best_thumbnails_master\hokkori_best_thumbnail_master.csv"
"D3xMjWi_nH8","gcs_upload_staging\archive_thumbnails\D3xMjWi_nH8.jpg","115597","gs://senior-share-staging-570862915709/naresome_thumbnails/D3xMjWi_nH8.jpg","","JZD0xc_53Rc","2ch出会いクエスト","UCaiqfVJVsld5toM71fiU2NA","C:\Data\ObsidianVault\02_Channels\馴れ初めシネマ\保全\copy_channel_research_20260623\best_thumbnails_quest\best_thumbnail_selection.csv"
"D7SSTv4ok8E","gcs_upload_staging\archive_thumbnails\D7SSTv4ok8E.jpg","112817","gs://senior-share-staging-570862915709/naresome_thumbnails/D7SSTv4ok8E.jpg","","flvcLRrnuqE","2ch運命の出会いストーリー","UC8Z30-vQUd48GbLmT6Y_G6Q","C:\Data\ObsidianVault\02_Channels\馴れ初めシネマ\保全\copy_channel_research_20260623\best_thumbnails_quest\best_thumbnail_selection.csv"
"DkI3IClmhbU","gcs_upload_staging\archive_thumbnails\DkI3IClmhbU.jpg","121292","gs://senior-share-staging-570862915709/naresome_thumbnails/DkI3IClmhbU.jpg","","eBLDo8zGPoQ","馴れ初めクエスト2ch","UCBTeXU9Auch51-79o2C-QyA","C:\Data\ObsidianVault\02_Channels\馴れ初めシネマ\保全\copy_channel_research_20260623\best_thumbnails_quest\best_thumbnail_selection.csv"
"DLYlwJxPsvs","gcs_upload_staging\archive_thumbnails\DLYlwJxPsvs.jpg","117743","gs://senior-share-staging-570862915709/naresome_thumbnails/DLYlwJxPsvs.jpg","",,,,"C:\Data\ObsidianVault\02_Channels\馴れ初めシネマ\保全\copy_channel_research_20260623\hokkori_best_thumbnails_master\hokkori_best_thumbnail_master.csv"
"Do-M9FFlEEY","gcs_upload_staging\archive_thumbnails\Do-M9FFlEEY.jpg","114100","gs://senior-share-staging-570862915709/naresome_thumbnails/Do-M9FFlEEY.jpg","","SVA02uXprWc","2ch馴れ初め物語","UCEnh7Zjp2lHtHA6ATOOcpbQ","C:\Data\ObsidianVault\02_Channels\馴れ初めシネマ\保全\copy_channel_research_20260623\best_thumbnails_quest\best_thumbnail_selection.csv"
"DrTVi-5xSCs","gcs_upload_staging\archive_thumbnails\DrTVi-5xSCs.jpg","126638","gs://senior-share-staging-570862915709/naresome_thumbnails/DrTVi-5xSCs.jpg","",,,,"C:\Data\ObsidianVault\02_Channels\馴れ初めシネマ\保全\copy_channel_research_20260623\hokkori_best_thumbnails_master\hokkori_best_thumbnail_master.csv"
"DUxwlCtGnsE","gcs_upload_staging\archive_thumbnails\DUxwlCtGnsE.jpg","111820","gs://senior-share-staging-570862915709/naresome_thumbnails/DUxwlCtGnsE.jpg","","Zyw5Q47nnvc","馴れ初めクエスト2ch","UCBTeXU9Auch51-79o2C-QyA","C:\Data\ObsidianVault\02_Channels\馴れ初めシネマ\保全\copy_channel_research_20260623\best_thumbnails_quest\best_thumbnail_selection.csv"
"dvCSolA4nlM","gcs_upload_staging\archive_thumbnails\dvCSolA4nlM.jpg","109841","gs://senior-share-staging-570862915709/naresome_thumbnails/dvCSolA4nlM.jpg","","OrXG0UPc1Io","2ch出会いクエスト","UCaiqfVJVsld5toM71fiU2NA","C:\Data\ObsidianVault\02_Channels\馴れ初めシネマ\保全\copy_channel_research_20260623\best_thumbnails_quest\best_thumbnail_selection.csv"
"DvpXSwfr6Bs","gcs_upload_staging\archive_thumbnails\DvpXSwfr6Bs.jpg","114087","gs://senior-share-staging-570862915709/naresome_thumbnails/DvpXSwfr6Bs.jpg","","f46I99kj2H8","wail22 alfadil","UCOPTB7tQ61unkta781Hk9FA","C:\Data\ObsidianVault\02_Channels\馴れ初めシネマ\保全\copy_channel_research_20260623\best_thumbnails_quest\best_thumbnail_selection.csv"
"E_H75OBjdo0","gcs_upload_staging\archive_thumbnails\E_H75OBjdo0.jpg","135857","gs://senior-share-staging-570862915709/naresome_thumbnails/E_H75OBjdo0.jpg","",,,,"C:\Data\ObsidianVault\02_Channels\馴れ初めシネマ\保全\copy_channel_research_20260623\hokkori_best_thumbnails_master\hokkori_best_thumbnail_master.csv"
"e1wfk_PQxHc","gcs_upload_staging\archive_thumbnails\e1wfk_PQxHc.jpg","116083","gs://senior-share-staging-570862915709/naresome_thumbnails/e1wfk_PQxHc.jpg","","y92W8NBbHXY","2ch出会いクエスト","UCaiqfVJVsld5toM71fiU2NA","C:\Data\ObsidianVault\02_Channels\馴れ初めシネマ\保全\copy_channel_research_20260623\best_thumbnails_quest\best_thumbnail_selection.csv"
"E405FzxUzdI","gcs_upload_staging\archive_thumbnails\E405FzxUzdI.jpg","111526","gs://senior-share-staging-570862915709/naresome_thumbnails/E405FzxUzdI.jpg","","OyvJNlWxpkU","馴れ初めクエスト2ch","UCBTeXU9Auch51-79o2C-QyA","C:\Data\ObsidianVault\02_Channels\馴れ初めシネマ\保全\copy_channel_research_20260623\best_thumbnails_quest\best_thumbnail_selection.csv"
"E5SfSd42CVM","gcs_upload_staging\archive_thumbnails\E5SfSd42CVM.jpg","121310","gs://senior-share-staging-570862915709/naresome_thumbnails/E5SfSd42CVM.jpg","","2DwIKRNf27Q","馴れ初めクエスト2ch","UCBTeXU9Auch51-79o2C-QyA","C:\Data\ObsidianVault\02_Channels\馴れ初めシネマ\保全\copy_channel_research_20260623\best_thumbnails_quest\best_thumbnail_selection.csv"
"E6RYV2ItB60","gcs_upload_staging\archive_thumbnails\E6RYV2ItB60.jpg","118168","gs://senior-share-staging-570862915709/naresome_thumbnails/E6RYV2ItB60.jpg","","SEK-ILVKXwQ","2ch馴れ初め物語","UCEnh7Zjp2lHtHA6ATOOcpbQ","C:\Data\ObsidianVault\02_Channels\馴れ初めシネマ\保全\copy_channel_research_20260623\best_thumbnails_quest\best_thumbnail_selection.csv"
"eA2M3b87-DA","gcs_upload_staging\archive_thumbnails\eA2M3b87-DA.jpg","125699","gs://senior-share-staging-570862915709/naresome_thumbnails/eA2M3b87-DA.jpg","",,,,"C:\Data\ObsidianVault\02_Channels\馴れ初めシネマ\保全\copy_channel_research_20260623\hokkori_best_thumbnails_master\hokkori_best_thumbnail_master.csv"
"Ecf1WugKvSU","gcs_upload_staging\archive_thumbnails\Ecf1WugKvSU.jpg","116159","gs://senior-share-staging-570862915709/naresome_thumbnails/Ecf1WugKvSU.jpg","","2m5uKxOZomM","2ch運命の出会いストーリー","UC8Z30-vQUd48GbLmT6Y_G6Q","C:\Data\ObsidianVault\02_Channels\馴れ初めシネマ\保全\copy_channel_research_20260623\best_thumbnails_quest\best_thumbnail_selection.csv"
"eD_ahCAgg7Q","gcs_upload_staging\archive_thumbnails\eD_ahCAgg7Q.jpg","115229","gs://senior-share-staging-570862915709/naresome_thumbnails/eD_ahCAgg7Q.jpg","",,,,"C:\Data\ObsidianVault\02_Channels\馴れ初めシネマ\保全\copy_channel_research_20260623\hokkori_best_thumbnails_master\hokkori_best_thumbnail_master.csv"
"EdZ8cBcV2vw","gcs_upload_staging\archive_thumbnails\EdZ8cBcV2vw.jpg","132214","gs://senior-share-staging-570862915709/naresome_thumbnails/EdZ8cBcV2vw.jpg","","tDX6Ll9EjGc","馴れ初めクエスト2ch","UCBTeXU9Auch51-79o2C-QyA","C:\Data\ObsidianVault\02_Channels\馴れ初めシネマ\保全\copy_channel_research_20260623\best_thumbnails_quest\best_thumbnail_selection.csv"
"EEtM5Qmp0SA","gcs_upload_staging\archive_thumbnails\EEtM5Qmp0SA.jpg","115679","gs://senior-share-staging-570862915709/naresome_thumbnails/EEtM5Qmp0SA.jpg","","bxiX53y6scw","2ch恋物語ラボ","UC0EExnSTNUkC-POz4xVesKg","C:\Data\ObsidianVault\02_Channels\馴れ初めシネマ\保全\copy_channel_research_20260623\best_thumbnails_quest\best_thumbnail_selection.csv"
"elGsmVva3v0","gcs_upload_staging\archive_thumbnails\elGsmVva3v0.jpg","127020","gs://senior-share-staging-570862915709/naresome_thumbnails/elGsmVva3v0.jpg","",,,,"C:\Data\ObsidianVault\02_Channels\馴れ初めシネマ\保全\copy_channel_research_20260623\hokkori_best_thumbnails_master\hokkori_best_thumbnail_master.csv"
"enrKwYKBn6g","gcs_upload_staging\archive_thumbnails\enrKwYKBn6g.jpg","111219","gs://senior-share-staging-570862915709/naresome_thumbnails/enrKwYKBn6g.jpg","","M4ji4SeLVwU","wail22 alfadil","UCOPTB7tQ61unkta781Hk9FA","C:\Data\ObsidianVault\02_Channels\馴れ初めシネマ\保全\copy_channel_research_20260623\best_thumbnails_quest\best_thumbnail_selection.csv"
"esZ0OKkTbGE","gcs_upload_staging\archive_thumbnails\esZ0OKkTbGE.jpg","118206","gs://senior-share-staging-570862915709/naresome_thumbnails/esZ0OKkTbGE.jpg","",,,,"C:\Data\ObsidianVault\02_Channels\馴れ初めシネマ\保全\copy_channel_research_20260623\hokkori_best_thumbnails_master\hokkori_best_thumbnail_master.csv"
"Ex8XYpRjZoo","gcs_upload_staging\archive_thumbnails\Ex8XYpRjZoo.jpg","114677","gs://senior-share-staging-570862915709/naresome_thumbnails/Ex8XYpRjZoo.jpg","","846cDlgmNos","2ch出会いクエスト","UCaiqfVJVsld5toM71fiU2NA","C:\Data\ObsidianVault\02_Channels\馴れ初めシネマ\保全\copy_channel_research_20260623\best_thumbnails_quest\best_thumbnail_selection.csv"
"EyGWXKmU0nM","gcs_upload_staging\archive_thumbnails\EyGWXKmU0nM.jpg","112537","gs://senior-share-staging-570862915709/naresome_thumbnails/EyGWXKmU0nM.jpg","",,,,"C:\Data\ObsidianVault\02_Channels\馴れ初めシネマ\保全\copy_channel_research_20260623\hokkori_best_thumbnails_master\hokkori_best_thumbnail_master.csv"
"F3Bgl9wNUF0","gcs_upload_staging\archive_thumbnails\F3Bgl9wNUF0.jpg","114284","gs://senior-share-staging-570862915709/naresome_thumbnails/F3Bgl9wNUF0.jpg","","_KUiy7G9Q7Y","馴れ初めクエスト2ch","UCBTeXU9Auch51-79o2C-QyA","C:\Data\ObsidianVault\02_Channels\馴れ初めシネマ\保全\copy_channel_research_20260623\best_thumbnails_quest\best_thumbnail_selection.csv"
"F6rwbc9fSmA","gcs_upload_staging\archive_thumbnails\F6rwbc9fSmA.jpg","108742","gs://senior-share-staging-570862915709/naresome_thumbnails/F6rwbc9fSmA.jpg","","aKiVsccbf88","2ch出会いクエスト","UCaiqfVJVsld5toM71fiU2NA","C:\Data\ObsidianVault\02_Channels\馴れ初めシネマ\保全\copy_channel_research_20260623\best_thumbnails_quest\best_thumbnail_selection.csv"
"fme8JOrooqM","gcs_upload_staging\archive_thumbnails\fme8JOrooqM.jpg","114262","gs://senior-share-staging-570862915709/naresome_thumbnails/fme8JOrooqM.jpg","",,,,"C:\Data\ObsidianVault\02_Channels\馴れ初めシネマ\保全\copy_channel_research_20260623\hokkori_best_thumbnails_master\hokkori_best_thumbnail_master.csv"
"fqGhxHhChd8","gcs_upload_staging\archive_thumbnails\fqGhxHhChd8.jpg","130368","gs://senior-share-staging-570862915709/naresome_thumbnails/fqGhxHhChd8.jpg","","e3xEO5_QV-k","2ch運命の出会いストーリー","UC8Z30-vQUd48GbLmT6Y_G6Q","C:\Data\ObsidianVault\02_Channels\馴れ初めシネマ\保全\copy_channel_research_20260623\best_thumbnails_quest\best_thumbnail_selection.csv"
"Fqn8jPh33eM","gcs_upload_staging\archive_thumbnails\Fqn8jPh33eM.jpg","127529","gs://senior-share-staging-570862915709/naresome_thumbnails/Fqn8jPh33eM.jpg","",,,,"C:\Data\ObsidianVault\02_Channels\馴れ初めシネマ\保全\copy_channel_research_20260623\hokkori_best_thumbnails_master\hokkori_best_thumbnail_master.csv"
"ftpV2T9SGtg","gcs_upload_staging\archive_thumbnails\ftpV2T9SGtg.jpg","110061","gs://senior-share-staging-570862915709/naresome_thumbnails/ftpV2T9SGtg.jpg","","fVNHkheNtOg","wail22 alfadil","UCOPTB7tQ61unkta781Hk9FA","C:\Data\ObsidianVault\02_Channels\馴れ初めシネマ\保全\copy_channel_research_20260623\best_thumbnails_quest\best_thumbnail_selection.csv"
"FXHqakKop8A","gcs_upload_staging\archive_thumbnails\FXHqakKop8A.jpg","111982","gs://senior-share-staging-570862915709/naresome_thumbnails/FXHqakKop8A.jpg","","KOjfvx5fT6c","2ch出会いクエスト","UCaiqfVJVsld5toM71fiU2NA","C:\Data\ObsidianVault\02_Channels\馴れ初めシネマ\保全\copy_channel_research_20260623\best_thumbnails_quest\best_thumbnail_selection.csv"
"FZpmfj3OjMU","gcs_upload_staging\archive_thumbnails\FZpmfj3OjMU.jpg","100302","gs://senior-share-staging-570862915709/naresome_thumbnails/FZpmfj3OjMU.jpg","","pHVIt4mnvz8","2ch運命の出会いストーリー","UC8Z30-vQUd48GbLmT6Y_G6Q","C:\Data\ObsidianVault\02_Channels\馴れ初めシネマ\保全\copy_channel_research_20260623\best_thumbnails_quest\best_thumbnail_selection.csv"
"G26OSUsk3dc","gcs_upload_staging\archive_thumbnails\G26OSUsk3dc.jpg","122216","gs://senior-share-staging-570862915709/naresome_thumbnails/G26OSUsk3dc.jpg","",,,,"C:\Data\ObsidianVault\02_Channels\馴れ初めシネマ\保全\copy_channel_research_20260623\hokkori_best_thumbnails_master\hokkori_best_thumbnail_master.csv"
"g3x7KHTsQCQ","gcs_upload_staging\archive_thumbnails\g3x7KHTsQCQ.jpg","116285","gs://senior-share-staging-570862915709/naresome_thumbnails/g3x7KHTsQCQ.jpg","","mpzekrCV3uQ","馴れ初めクエスト2ch","UCBTeXU9Auch51-79o2C-QyA","C:\Data\ObsidianVault\02_Channels\馴れ初めシネマ\保全\copy_channel_research_20260623\best_thumbnails_quest\best_thumbnail_selection.csv"
"gIAgntClIF0","gcs_upload_staging\archive_thumbnails\gIAgntClIF0.jpg","118742","gs://senior-share-staging-570862915709/naresome_thumbnails/gIAgntClIF0.jpg","","jm1jeVDhGt4","馴れ初めクエスト2ch","UCBTeXU9Auch51-79o2C-QyA","C:\Data\ObsidianVault\02_Channels\馴れ初めシネマ\保全\copy_channel_research_20260623\best_thumbnails_quest\best_thumbnail_selection.csv"
"gitzC-dp2OM","gcs_upload_staging\archive_thumbnails\gitzC-dp2OM.jpg","106691","gs://senior-share-staging-570862915709/naresome_thumbnails/gitzC-dp2OM.jpg","","3BEA-mDNgp8","2ch運命の出会いストーリー","UC8Z30-vQUd48GbLmT6Y_G6Q","C:\Data\ObsidianVault\02_Channels\馴れ初めシネマ\保全\copy_channel_research_20260623\best_thumbnails_quest\best_thumbnail_selection.csv"
"GtU9KBQ_DyA","gcs_upload_staging\archive_thumbnails\GtU9KBQ_DyA.jpg","115302","gs://senior-share-staging-570862915709/naresome_thumbnails/GtU9KBQ_DyA.jpg","","1dXgryvXkck","馴れ初めクエスト2ch","UCBTeXU9Auch51-79o2C-QyA","C:\Data\ObsidianVault\02_Channels\馴れ初めシネマ\保全\copy_channel_research_20260623\best_thumbnails_quest\best_thumbnail_selection.csv"
"h8m89MfaISg","gcs_upload_staging\archive_thumbnails\h8m89MfaISg.jpg","117794","gs://senior-share-staging-570862915709/naresome_thumbnails/h8m89MfaISg.jpg","","8fIgYaRFKe8","馴れ初めクエスト2ch","UCBTeXU9Auch51-79o2C-QyA","C:\Data\ObsidianVault\02_Channels\馴れ初めシネマ\保全\copy_channel_research_20260623\best_thumbnails_quest\best_thumbnail_selection.csv"
"H99oK8PeCOI","gcs_upload_staging\archive_thumbnails\H99oK8PeCOI.jpg","113632","gs://senior-share-staging-570862915709/naresome_thumbnails/H99oK8PeCOI.jpg","","gLmPn9NMT8s","wail22 alfadil","UCOPTB7tQ61unkta781Hk9FA","C:\Data\ObsidianVault\02_Channels\馴れ初めシネマ\保全\copy_channel_research_20260623\best_thumbnails_quest\best_thumbnail_selection.csv"
"HL-53fHGZfc","gcs_upload_staging\archive_thumbnails\HL-53fHGZfc.jpg","128413","gs://senior-share-staging-570862915709/naresome_thumbnails/HL-53fHGZfc.jpg","",,,,"C:\Data\ObsidianVault\02_Channels\馴れ初めシネマ\保全\copy_channel_research_20260623\hokkori_best_thumbnails_master\hokkori_best_thumbnail_master.csv"
"hpBTdorucWg","gcs_upload_staging\archive_thumbnails\hpBTdorucWg.jpg","120789","gs://senior-share-staging-570862915709/naresome_thumbnails/hpBTdorucWg.jpg","","U7bF42AvU_E","馴れ初めクエスト2ch","UCBTeXU9Auch51-79o2C-QyA","C:\Data\ObsidianVault\02_Channels\馴れ初めシネマ\保全\copy_channel_research_20260623\best_thumbnails_quest\best_thumbnail_selection.csv"
"hPFD8wPnMSM","gcs_upload_staging\archive_thumbnails\hPFD8wPnMSM.jpg","118497","gs://senior-share-staging-570862915709/naresome_thumbnails/hPFD8wPnMSM.jpg","","Qeruif-2VtI","2ch出会いクエスト","UCaiqfVJVsld5toM71fiU2NA","C:\Data\ObsidianVault\02_Channels\馴れ初めシネマ\保全\copy_channel_research_20260623\best_thumbnails_quest\best_thumbnail_selection.csv"
"HqA5H0jnURs","gcs_upload_staging\archive_thumbnails\HqA5H0jnURs.jpg","124236","gs://senior-share-staging-570862915709/naresome_thumbnails/HqA5H0jnURs.jpg","","PekYyPxnrSI","馴れ初めクエスト2ch","UCBTeXU9Auch51-79o2C-QyA","C:\Data\ObsidianVault\02_Channels\馴れ初めシネマ\保全\copy_channel_research_20260623\best_thumbnails_quest\best_thumbnail_selection.csv"
"HuWIjXJHpqg","gcs_upload_staging\archive_thumbnails\HuWIjXJHpqg.jpg","128775","gs://senior-share-staging-570862915709/naresome_thumbnails/HuWIjXJHpqg.jpg","",,,,"C:\Data\ObsidianVault\02_Channels\馴れ初めシネマ\保全\copy_channel_research_20260623\hokkori_best_thumbnails_master\hokkori_best_thumbnail_master.csv"
"HX5wzcIjjcQ","gcs_upload_staging\archive_thumbnails\HX5wzcIjjcQ.jpg","120840","gs://senior-share-staging-570862915709/naresome_thumbnails/HX5wzcIjjcQ.jpg","","d1jPvx7GBfE","2ch運命の出会いストーリー","UC8Z30-vQUd48GbLmT6Y_G6Q","C:\Data\ObsidianVault\02_Channels\馴れ初めシネマ\保全\copy_channel_research_20260623\best_thumbnails_quest\best_thumbnail_selection.csv"
"hYeBYtEriuU","gcs_upload_staging\archive_thumbnails\hYeBYtEriuU.jpg","96247","gs://senior-share-staging-570862915709/naresome_thumbnails/hYeBYtEriuU.jpg","","_F9tTcorRSs","2ch運命の出会いストーリー","UC8Z30-vQUd48GbLmT6Y_G6Q","C:\Data\ObsidianVault\02_Channels\馴れ初めシネマ\保全\copy_channel_research_20260623\best_thumbnails_quest\best_thumbnail_selection.csv"
"ik6O4o4qEhQ","gcs_upload_staging\archive_thumbnails\ik6O4o4qEhQ.jpg","116357","gs://senior-share-staging-570862915709/naresome_thumbnails/ik6O4o4qEhQ.jpg","","0FjuoUzRzkQ","馴れ初めクエスト2ch","UCBTeXU9Auch51-79o2C-QyA","C:\Data\ObsidianVault\02_Channels\馴れ初めシネマ\保全\copy_channel_research_20260623\best_thumbnails_quest\best_thumbnail_selection.csv"
"inj_LMiUgo0","gcs_upload_staging\archive_thumbnails\inj_LMiUgo0.jpg","125689","gs://senior-share-staging-570862915709/naresome_thumbnails/inj_LMiUgo0.jpg","",,,,"C:\Data\ObsidianVault\02_Channels\馴れ初めシネマ\保全\copy_channel_research_20260623\hokkori_best_thumbnails_master\hokkori_best_thumbnail_master.csv"
"io_LHV-4VGA","gcs_upload_staging\archive_thumbnails\io_LHV-4VGA.jpg","113642","gs://senior-share-staging-570862915709/naresome_thumbnails/io_LHV-4VGA.jpg","",,,,"C:\Data\ObsidianVault\02_Channels\馴れ初めシネマ\保全\copy_channel_research_20260623\hokkori_best_thumbnails_master\hokkori_best_thumbnail_master.csv"
"Ip0OR-mz8Ns","gcs_upload_staging\archive_thumbnails\Ip0OR-mz8Ns.jpg","114532","gs://senior-share-staging-570862915709/naresome_thumbnails/Ip0OR-mz8Ns.jpg","","N7VS7bKb04w","wail22 alfadil","UCOPTB7tQ61unkta781Hk9FA","C:\Data\ObsidianVault\02_Channels\馴れ初めシネマ\保全\copy_channel_research_20260623\best_thumbnails_quest\best_thumbnail_selection.csv"
"IP5UQpB5P2Y","gcs_upload_staging\archive_thumbnails\IP5UQpB5P2Y.jpg","128530","gs://senior-share-staging-570862915709/naresome_thumbnails/IP5UQpB5P2Y.jpg","",,,,"C:\Data\ObsidianVault\02_Channels\馴れ初めシネマ\保全\copy_channel_research_20260623\hokkori_best_thumbnails_master\hokkori_best_thumbnail_master.csv"
"ISDgp59tvgA","gcs_upload_staging\archive_thumbnails\ISDgp59tvgA.jpg","115457","gs://senior-share-staging-570862915709/naresome_thumbnails/ISDgp59tvgA.jpg","","FGiXSJHilzo","馴れ初めクエスト2ch","UCBTeXU9Auch51-79o2C-QyA","C:\Data\ObsidianVault\02_Channels\馴れ初めシネマ\保全\copy_channel_research_20260623\best_thumbnails_quest\best_thumbnail_selection.csv"
"ixEuu5_Cn6o","gcs_upload_staging\archive_thumbnails\ixEuu5_Cn6o.jpg","124734","gs://senior-share-staging-570862915709/naresome_thumbnails/ixEuu5_Cn6o.jpg","","3gVzj6FsZU4","2ch馴れ初め物語","UCEnh7Zjp2lHtHA6ATOOcpbQ","C:\Data\ObsidianVault\02_Channels\馴れ初めシネマ\保全\copy_channel_research_20260623\best_thumbnails_quest\best_thumbnail_selection.csv"
"j8nVYG1djSA","gcs_upload_staging\archive_thumbnails\j8nVYG1djSA.jpg","125942","gs://senior-share-staging-570862915709/naresome_thumbnails/j8nVYG1djSA.jpg","",,,,"C:\Data\ObsidianVault\02_Channels\馴れ初めシネマ\保全\copy_channel_research_20260623\hokkori_best_thumbnails_master\hokkori_best_thumbnail_master.csv"
"jaelNcoGWFA","gcs_upload_staging\archive_thumbnails\jaelNcoGWFA.jpg","124804","gs://senior-share-staging-570862915709/naresome_thumbnails/jaelNcoGWFA.jpg","","Nao7hdFQymo","2ch運命の出会いストーリー","UC8Z30-vQUd48GbLmT6Y_G6Q","C:\Data\ObsidianVault\02_Channels\馴れ初めシネマ\保全\copy_channel_research_20260623\best_thumbnails_quest\best_thumbnail_selection.csv"
"jb0x-IXPmxY","gcs_upload_staging\archive_thumbnails\jb0x-IXPmxY.jpg","128163","gs://senior-share-staging-570862915709/naresome_thumbnails/jb0x-IXPmxY.jpg","",,,,"C:\Data\ObsidianVault\02_Channels\馴れ初めシネマ\保全\copy_channel_research_20260623\hokkori_best_thumbnails_master\hokkori_best_thumbnail_master.csv"
"Jd29W_T1kEU","gcs_upload_staging\archive_thumbnails\Jd29W_T1kEU.jpg","123386","gs://senior-share-staging-570862915709/naresome_thumbnails/Jd29W_T1kEU.jpg","",,,,"C:\Data\ObsidianVault\02_Channels\馴れ初めシネマ\保全\copy_channel_research_20260623\hokkori_best_thumbnails_master\hokkori_best_thumbnail_master.csv"
"JdisnIWUs4g","gcs_upload_staging\archive_thumbnails\JdisnIWUs4g.jpg","123303","gs://senior-share-staging-570862915709/naresome_thumbnails/JdisnIWUs4g.jpg","",,,,"C:\Data\ObsidianVault\02_Channels\馴れ初めシネマ\保全\copy_channel_research_20260623\hokkori_best_thumbnails_master\hokkori_best_thumbnail_master.csv"
"JePTgwH1dXA","gcs_upload_staging\archive_thumbnails\JePTgwH1dXA.jpg","119215","gs://senior-share-staging-570862915709/naresome_thumbnails/JePTgwH1dXA.jpg","","GWgnbTTwDqI","馴れ初めクエスト2ch","UCBTeXU9Auch51-79o2C-QyA","C:\Data\ObsidianVault\02_Channels\馴れ初めシネマ\保全\copy_channel_research_20260623\best_thumbnails_quest\best_thumbnail_selection.csv"
"JgMeEOGp9iE","gcs_upload_staging\archive_thumbnails\JgMeEOGp9iE.jpg","114612","gs://senior-share-staging-570862915709/naresome_thumbnails/JgMeEOGp9iE.jpg","","MFX62QFFQ0w","馴れ初めクエスト2ch","UCBTeXU9Auch51-79o2C-QyA","C:\Data\ObsidianVault\02_Channels\馴れ初めシネマ\保全\copy_channel_research_20260623\best_thumbnails_quest\best_thumbnail_selection.csv"
"JirA5mGtQm8","gcs_upload_staging\archive_thumbnails\JirA5mGtQm8.jpg","117591","gs://senior-share-staging-570862915709/naresome_thumbnails/JirA5mGtQm8.jpg","","JzKnakJc0e0","馴れ初めクエスト2ch","UCBTeXU9Auch51-79o2C-QyA","C:\Data\ObsidianVault\02_Channels\馴れ初めシネマ\保全\copy_channel_research_20260623\best_thumbnails_quest\best_thumbnail_selection.csv"
"jItrOBslw8Q","gcs_upload_staging\archive_thumbnails\jItrOBslw8Q.jpg","115301","gs://senior-share-staging-570862915709/naresome_thumbnails/jItrOBslw8Q.jpg","","Tr_wJIKlJxc","馴れ初めクエスト2ch","UCBTeXU9Auch51-79o2C-QyA","C:\Data\ObsidianVault\02_Channels\馴れ初めシネマ\保全\copy_channel_research_20260623\best_thumbnails_quest\best_thumbnail_selection.csv"
"-JjeIWvVNf4","gcs_upload_staging\archive_thumbnails\-JjeIWvVNf4.jpg","126475","gs://senior-share-staging-570862915709/naresome_thumbnails/-JjeIWvVNf4.jpg","","pDjdWnQ1ug0","馴れ初めクエスト2ch","UCBTeXU9Auch51-79o2C-QyA","C:\Data\ObsidianVault\02_Channels\馴れ初めシネマ\保全\copy_channel_research_20260623\best_thumbnails_quest\best_thumbnail_selection.csv"
"JPxt9K19oJ8","gcs_upload_staging\archive_thumbnails\JPxt9K19oJ8.jpg","127754","gs://senior-share-staging-570862915709/naresome_thumbnails/JPxt9K19oJ8.jpg","",,,,"C:\Data\ObsidianVault\02_Channels\馴れ初めシネマ\保全\copy_channel_research_20260623\hokkori_best_thumbnails_master\hokkori_best_thumbnail_master.csv"
"jtVy09CPa14","gcs_upload_staging\archive_thumbnails\jtVy09CPa14.jpg","107183","gs://senior-share-staging-570862915709/naresome_thumbnails/jtVy09CPa14.jpg","","AwHSBycoi0w","2ch運命の出会いストーリー","UC8Z30-vQUd48GbLmT6Y_G6Q","C:\Data\ObsidianVault\02_Channels\馴れ初めシネマ\保全\copy_channel_research_20260623\best_thumbnails_quest\best_thumbnail_selection.csv"
"JUb_71mLtJ8","gcs_upload_staging\archive_thumbnails\JUb_71mLtJ8.jpg","116129","gs://senior-share-staging-570862915709/naresome_thumbnails/JUb_71mLtJ8.jpg","","EzQft5p_GUU","2ch恋物語ラボ","UC0EExnSTNUkC-POz4xVesKg","C:\Data\ObsidianVault\02_Channels\馴れ初めシネマ\保全\copy_channel_research_20260623\best_thumbnails_quest\best_thumbnail_selection.csv"
"jVEV_TH3poE","gcs_upload_staging\archive_thumbnails\jVEV_TH3poE.jpg","110003","gs://senior-share-staging-570862915709/naresome_thumbnails/jVEV_TH3poE.jpg","","y5ZNOe_y0QE","2ch馴れ初め物語","UCEnh7Zjp2lHtHA6ATOOcpbQ","C:\Data\ObsidianVault\02_Channels\馴れ初めシネマ\保全\copy_channel_research_20260623\best_thumbnails_quest\best_thumbnail_selection.csv"
"jXCdpPgQ-lg","gcs_upload_staging\archive_thumbnails\jXCdpPgQ-lg.jpg","129941","gs://senior-share-staging-570862915709/naresome_thumbnails/jXCdpPgQ-lg.jpg","","cXAZdqkh7KU","馴れ初めクエスト2ch","UCBTeXU9Auch51-79o2C-QyA","C:\Data\ObsidianVault\02_Channels\馴れ初めシネマ\保全\copy_channel_research_20260623\best_thumbnails_quest\best_thumbnail_selection.csv"
"K0xQXuuNCQ0","gcs_upload_staging\archive_thumbnails\K0xQXuuNCQ0.jpg","119842","gs://senior-share-staging-570862915709/naresome_thumbnails/K0xQXuuNCQ0.jpg","","TJZbhUuJFp4","馴れ初めクエスト2ch","UCBTeXU9Auch51-79o2C-QyA","C:\Data\ObsidianVault\02_Channels\馴れ初めシネマ\保全\copy_channel_research_20260623\best_thumbnails_quest\best_thumbnail_selection.csv"
"k3whBVoH_8M","gcs_upload_staging\archive_thumbnails\k3whBVoH_8M.jpg","103199","gs://senior-share-staging-570862915709/naresome_thumbnails/k3whBVoH_8M.jpg","","AkFG3CoNCHA","馴れ初めクエスト2ch","UCBTeXU9Auch51-79o2C-QyA","C:\Data\ObsidianVault\02_Channels\馴れ初めシネマ\保全\copy_channel_research_20260623\best_thumbnails_quest\best_thumbnail_selection.csv"
"kbN954ItyrM","gcs_upload_staging\archive_thumbnails\kbN954ItyrM.jpg","111942","gs://senior-share-staging-570862915709/naresome_thumbnails/kbN954ItyrM.jpg","","n6IPztkBylk","wail22 alfadil","UCOPTB7tQ61unkta781Hk9FA","C:\Data\ObsidianVault\02_Channels\馴れ初めシネマ\保全\copy_channel_research_20260623\best_thumbnails_quest\best_thumbnail_selection.csv"
"kd_jtqQcdKU","gcs_upload_staging\archive_thumbnails\kd_jtqQcdKU.jpg","122510","gs://senior-share-staging-570862915709/naresome_thumbnails/kd_jtqQcdKU.jpg","",,,,"C:\Data\ObsidianVault\02_Channels\馴れ初めシネマ\保全\copy_channel_research_20260623\hokkori_best_thumbnails_master\hokkori_best_thumbnail_master.csv"
"KeUDpAoEYfU","gcs_upload_staging\archive_thumbnails\KeUDpAoEYfU.jpg","131283","gs://senior-share-staging-570862915709/naresome_thumbnails/KeUDpAoEYfU.jpg","",,,,"C:\Data\ObsidianVault\02_Channels\馴れ初めシネマ\保全\copy_channel_research_20260623\hokkori_best_thumbnails_master\hokkori_best_thumbnail_master.csv"
"-khB21rU2dc","gcs_upload_staging\archive_thumbnails\-khB21rU2dc.jpg","108201","gs://senior-share-staging-570862915709/naresome_thumbnails/-khB21rU2dc.jpg","","d3Rp0aZHQFs","馴れ初めクエスト2ch","UCBTeXU9Auch51-79o2C-QyA","C:\Data\ObsidianVault\02_Channels\馴れ初めシネマ\保全\copy_channel_research_20260623\best_thumbnails_quest\best_thumbnail_selection.csv"
"KIY1aKnQQQI","gcs_upload_staging\archive_thumbnails\KIY1aKnQQQI.jpg","125993","gs://senior-share-staging-570862915709/naresome_thumbnails/KIY1aKnQQQI.jpg","",,,,"C:\Data\ObsidianVault\02_Channels\馴れ初めシネマ\保全\copy_channel_research_20260623\hokkori_best_thumbnails_master\hokkori_best_thumbnail_master.csv"
"kosEj2VKSpY","gcs_upload_staging\archive_thumbnails\kosEj2VKSpY.jpg","120404","gs://senior-share-staging-570862915709/naresome_thumbnails/kosEj2VKSpY.jpg","",,,,"C:\Data\ObsidianVault\02_Channels\馴れ初めシネマ\保全\copy_channel_research_20260623\hokkori_best_thumbnails_master\hokkori_best_thumbnail_master.csv"
"KTrGud9CD0s","gcs_upload_staging\archive_thumbnails\KTrGud9CD0s.jpg","133793","gs://senior-share-staging-570862915709/naresome_thumbnails/KTrGud9CD0s.jpg","",,,,"C:\Data\ObsidianVault\02_Channels\馴れ初めシネマ\保全\copy_channel_research_20260623\hokkori_best_thumbnails_master\hokkori_best_thumbnail_master.csv"
"kXI8gVJQgJ0","gcs_upload_staging\archive_thumbnails\kXI8gVJQgJ0.jpg","118305","gs://senior-share-staging-570862915709/naresome_thumbnails/kXI8gVJQgJ0.jpg","","tWq0QKEu5z4","2ch出会いクエスト","UCaiqfVJVsld5toM71fiU2NA","C:\Data\ObsidianVault\02_Channels\馴れ初めシネマ\保全\copy_channel_research_20260623\best_thumbnails_quest\best_thumbnail_selection.csv"
"lIUqRg4L5WY","gcs_upload_staging\archive_thumbnails\lIUqRg4L5WY.jpg","124005","gs://senior-share-staging-570862915709/naresome_thumbnails/lIUqRg4L5WY.jpg","","W4faZ7smb9k","馴れ初めクエスト2ch","UCBTeXU9Auch51-79o2C-QyA","C:\Data\ObsidianVault\02_Channels\馴れ初めシネマ\保全\copy_channel_research_20260623\best_thumbnails_quest\best_thumbnail_selection.csv"
"LkaPVcQHKMs","gcs_upload_staging\archive_thumbnails\LkaPVcQHKMs.jpg","130840","gs://senior-share-staging-570862915709/naresome_thumbnails/LkaPVcQHKMs.jpg","","wdJUF49vXIA","2ch運命の出会いストーリー","UC8Z30-vQUd48GbLmT6Y_G6Q","C:\Data\ObsidianVault\02_Channels\馴れ初めシネマ\保全\copy_channel_research_20260623\best_thumbnails_quest\best_thumbnail_selection.csv"
"-LOQcoq0JdI","gcs_upload_staging\archive_thumbnails\-LOQcoq0JdI.jpg","103698","gs://senior-share-staging-570862915709/naresome_thumbnails/-LOQcoq0JdI.jpg","","gv0ZQ0vmQUM","馴れ初めクエスト2ch","UCBTeXU9Auch51-79o2C-QyA","C:\Data\ObsidianVault\02_Channels\馴れ初めシネマ\保全\copy_channel_research_20260623\best_thumbnails_quest\best_thumbnail_selection.csv"
"Lx9ft0--75g","gcs_upload_staging\archive_thumbnails\Lx9ft0--75g.jpg","108528","gs://senior-share-staging-570862915709/naresome_thumbnails/Lx9ft0--75g.jpg","","sFLgYVmvUsU","2ch出会いクエスト","UCaiqfVJVsld5toM71fiU2NA","C:\Data\ObsidianVault\02_Channels\馴れ初めシネマ\保全\copy_channel_research_20260623\best_thumbnails_quest\best_thumbnail_selection.csv"
"ly_6ZJ2thFs","gcs_upload_staging\archive_thumbnails\ly_6ZJ2thFs.jpg","123258","gs://senior-share-staging-570862915709/naresome_thumbnails/ly_6ZJ2thFs.jpg","","c8oXAbFKXTk","2ch出会いクエスト","UCaiqfVJVsld5toM71fiU2NA","C:\Data\ObsidianVault\02_Channels\馴れ初めシネマ\保全\copy_channel_research_20260623\best_thumbnails_quest\best_thumbnail_selection.csv"
"LY1xuIYz2xY","gcs_upload_staging\archive_thumbnails\LY1xuIYz2xY.jpg","111714","gs://senior-share-staging-570862915709/naresome_thumbnails/LY1xuIYz2xY.jpg","","rPaeVw1p6cA","馴れ初めクエスト2ch","UCBTeXU9Auch51-79o2C-QyA","C:\Data\ObsidianVault\02_Channels\馴れ初めシネマ\保全\copy_channel_research_20260623\best_thumbnails_quest\best_thumbnail_selection.csv"
"lYIOHEUm5ls","gcs_upload_staging\archive_thumbnails\lYIOHEUm5ls.jpg","125656","gs://senior-share-staging-570862915709/naresome_thumbnails/lYIOHEUm5ls.jpg","","i9vK4i86VNU","馴れ初めクエスト2ch","UCBTeXU9Auch51-79o2C-QyA","C:\Data\ObsidianVault\02_Channels\馴れ初めシネマ\保全\copy_channel_research_20260623\best_thumbnails_quest\best_thumbnail_selection.csv"
"m5UaldxFYzI","gcs_upload_staging\archive_thumbnails\m5UaldxFYzI.jpg","136943","gs://senior-share-staging-570862915709/naresome_thumbnails/m5UaldxFYzI.jpg","",,,,"C:\Data\ObsidianVault\02_Channels\馴れ初めシネマ\保全\copy_channel_research_20260623\hokkori_best_thumbnails_master\hokkori_best_thumbnail_master.csv"
"Mai0p_YCj3k","gcs_upload_staging\archive_thumbnails\Mai0p_YCj3k.jpg","120392","gs://senior-share-staging-570862915709/naresome_thumbnails/Mai0p_YCj3k.jpg","","l8OKtErinYk","馴れ初めクエスト2ch","UCBTeXU9Auch51-79o2C-QyA","C:\Data\ObsidianVault\02_Channels\馴れ初めシネマ\保全\copy_channel_research_20260623\best_thumbnails_quest\best_thumbnail_selection.csv"
"MeI8PYWujV8","gcs_upload_staging\archive_thumbnails\MeI8PYWujV8.jpg","114199","gs://senior-share-staging-570862915709/naresome_thumbnails/MeI8PYWujV8.jpg","","wZLdDmG5d9A","wail22 alfadil","UCOPTB7tQ61unkta781Hk9FA","C:\Data\ObsidianVault\02_Channels\馴れ初めシネマ\保全\copy_channel_research_20260623\best_thumbnails_quest\best_thumbnail_selection.csv"
"MrVj0f95JAM","gcs_upload_staging\archive_thumbnails\MrVj0f95JAM.jpg","113513","gs://senior-share-staging-570862915709/naresome_thumbnails/MrVj0f95JAM.jpg","","1kbLaPC9u2o","馴れ初めクエスト2ch","UCBTeXU9Auch51-79o2C-QyA","C:\Data\ObsidianVault\02_Channels\馴れ初めシネマ\保全\copy_channel_research_20260623\best_thumbnails_quest\best_thumbnail_selection.csv"
"mwVybgzJKmU","gcs_upload_staging\archive_thumbnails\mwVybgzJKmU.jpg","127006","gs://senior-share-staging-570862915709/naresome_thumbnails/mwVybgzJKmU.jpg","",,,,"C:\Data\ObsidianVault\02_Channels\馴れ初めシネマ\保全\copy_channel_research_20260623\hokkori_best_thumbnails_master\hokkori_best_thumbnail_master.csv"
"MxAtF5sOHv8","gcs_upload_staging\archive_thumbnails\MxAtF5sOHv8.jpg","111380","gs://senior-share-staging-570862915709/naresome_thumbnails/MxAtF5sOHv8.jpg","","4kfYZuxWqdQ","馴れ初めクエスト2ch","UCBTeXU9Auch51-79o2C-QyA","C:\Data\ObsidianVault\02_Channels\馴れ初めシネマ\保全\copy_channel_research_20260623\best_thumbnails_quest\best_thumbnail_selection.csv"
"N21SBfUJcHQ","gcs_upload_staging\archive_thumbnails\N21SBfUJcHQ.jpg","118850","gs://senior-share-staging-570862915709/naresome_thumbnails/N21SBfUJcHQ.jpg","","uhuKgxf5_J4","馴れ初めクエスト2ch","UCBTeXU9Auch51-79o2C-QyA","C:\Data\ObsidianVault\02_Channels\馴れ初めシネマ\保全\copy_channel_research_20260623\best_thumbnails_quest\best_thumbnail_selection.csv"
"n2p5AnvcmhQ","gcs_upload_staging\archive_thumbnails\n2p5AnvcmhQ.jpg","111341","gs://senior-share-staging-570862915709/naresome_thumbnails/n2p5AnvcmhQ.jpg","","yfQJtY_V-_o","2ch馴れ初め物語","UCEnh7Zjp2lHtHA6ATOOcpbQ","C:\Data\ObsidianVault\02_Channels\馴れ初めシネマ\保全\copy_channel_research_20260623\best_thumbnails_quest\best_thumbnail_selection.csv"
"nBRGw0J3k6M","gcs_upload_staging\archive_thumbnails\nBRGw0J3k6M.jpg","116434","gs://senior-share-staging-570862915709/naresome_thumbnails/nBRGw0J3k6M.jpg","",,,,"C:\Data\ObsidianVault\02_Channels\馴れ初めシネマ\保全\copy_channel_research_20260623\hokkori_best_thumbnails_master\hokkori_best_thumbnail_master.csv"
"ngspvPWAd4E","gcs_upload_staging\archive_thumbnails\ngspvPWAd4E.jpg","112553","gs://senior-share-staging-570862915709/naresome_thumbnails/ngspvPWAd4E.jpg","","20jJhDX6guQ","馴れ初めクエスト2ch","UCBTeXU9Auch51-79o2C-QyA","C:\Data\ObsidianVault\02_Channels\馴れ初めシネマ\保全\copy_channel_research_20260623\best_thumbnails_quest\best_thumbnail_selection.csv"
"NjXKteZgtBs","gcs_upload_staging\archive_thumbnails\NjXKteZgtBs.jpg","120232","gs://senior-share-staging-570862915709/naresome_thumbnails/NjXKteZgtBs.jpg","","OiMORCJs5m8","馴れ初めクエスト2ch","UCBTeXU9Auch51-79o2C-QyA","C:\Data\ObsidianVault\02_Channels\馴れ初めシネマ\保全\copy_channel_research_20260623\best_thumbnails_quest\best_thumbnail_selection.csv"
"NJZ19JmoCxk","gcs_upload_staging\archive_thumbnails\NJZ19JmoCxk.jpg","120001","gs://senior-share-staging-570862915709/naresome_thumbnails/NJZ19JmoCxk.jpg","",,,,"C:\Data\ObsidianVault\02_Channels\馴れ初めシネマ\保全\copy_channel_research_20260623\hokkori_best_thumbnails_master\hokkori_best_thumbnail_master.csv"
"nKc3t_kb3aA","gcs_upload_staging\archive_thumbnails\nKc3t_kb3aA.jpg","118353","gs://senior-share-staging-570862915709/naresome_thumbnails/nKc3t_kb3aA.jpg","",,,,"C:\Data\ObsidianVault\02_Channels\馴れ初めシネマ\保全\copy_channel_research_20260623\hokkori_best_thumbnails_master\hokkori_best_thumbnail_master.csv"
"npO9n2hRHbE","gcs_upload_staging\archive_thumbnails\npO9n2hRHbE.jpg","103867","gs://senior-share-staging-570862915709/naresome_thumbnails/npO9n2hRHbE.jpg","","d6Ofkx6BmxI","2ch運命の出会いストーリー","UC8Z30-vQUd48GbLmT6Y_G6Q","C:\Data\ObsidianVault\02_Channels\馴れ初めシネマ\保全\copy_channel_research_20260623\best_thumbnails_quest\best_thumbnail_selection.csv"
"ntObr2WWKPM","gcs_upload_staging\archive_thumbnails\ntObr2WWKPM.jpg","131219","gs://senior-share-staging-570862915709/naresome_thumbnails/ntObr2WWKPM.jpg","",,,,"C:\Data\ObsidianVault\02_Channels\馴れ初めシネマ\保全\copy_channel_research_20260623\hokkori_best_thumbnails_master\hokkori_best_thumbnail_master.csv"
"nzkVni6hYg8","gcs_upload_staging\archive_thumbnails\nzkVni6hYg8.jpg","113288","gs://senior-share-staging-570862915709/naresome_thumbnails/nzkVni6hYg8.jpg","","nTeamkyW1UE","馴れ初めクエスト2ch","UCBTeXU9Auch51-79o2C-QyA","C:\Data\ObsidianVault\02_Channels\馴れ初めシネマ\保全\copy_channel_research_20260623\best_thumbnails_quest\best_thumbnail_selection.csv"
"nZXBqj1HHoo","gcs_upload_staging\archive_thumbnails\nZXBqj1HHoo.jpg","102426","gs://senior-share-staging-570862915709/naresome_thumbnails/nZXBqj1HHoo.jpg","","OQXvT2sVCic","2ch出会いクエスト","UCaiqfVJVsld5toM71fiU2NA","C:\Data\ObsidianVault\02_Channels\馴れ初めシネマ\保全\copy_channel_research_20260623\best_thumbnails_quest\best_thumbnail_selection.csv"
"O0oIwS1etNE","gcs_upload_staging\archive_thumbnails\O0oIwS1etNE.jpg","107103","gs://senior-share-staging-570862915709/naresome_thumbnails/O0oIwS1etNE.jpg","","7pFKJfZZwo8","2ch出会いクエスト","UCaiqfVJVsld5toM71fiU2NA","C:\Data\ObsidianVault\02_Channels\馴れ初めシネマ\保全\copy_channel_research_20260623\best_thumbnails_quest\best_thumbnail_selection.csv"
"ObmtYKRZD7U","gcs_upload_staging\archive_thumbnails\ObmtYKRZD7U.jpg","123547","gs://senior-share-staging-570862915709/naresome_thumbnails/ObmtYKRZD7U.jpg","",,,,"C:\Data\ObsidianVault\02_Channels\馴れ初めシネマ\保全\copy_channel_research_20260623\hokkori_best_thumbnails_master\hokkori_best_thumbnail_master.csv"
"OBp3YEfsSBs","gcs_upload_staging\archive_thumbnails\OBp3YEfsSBs.jpg","108205","gs://senior-share-staging-570862915709/naresome_thumbnails/OBp3YEfsSBs.jpg","","V_mQCcqhQuY","2ch運命の出会いストーリー","UC8Z30-vQUd48GbLmT6Y_G6Q","C:\Data\ObsidianVault\02_Channels\馴れ初めシネマ\保全\copy_channel_research_20260623\best_thumbnails_quest\best_thumbnail_selection.csv"
"OguKDZqqnyk","gcs_upload_staging\archive_thumbnails\OguKDZqqnyk.jpg","115475","gs://senior-share-staging-570862915709/naresome_thumbnails/OguKDZqqnyk.jpg","","XPZxiFXIyTQ","2ch出会いクエスト","UCaiqfVJVsld5toM71fiU2NA","C:\Data\ObsidianVault\02_Channels\馴れ初めシネマ\保全\copy_channel_research_20260623\best_thumbnails_quest\best_thumbnail_selection.csv"
"ORh8nMsovlY","gcs_upload_staging\archive_thumbnails\ORh8nMsovlY.jpg","125303","gs://senior-share-staging-570862915709/naresome_thumbnails/ORh8nMsovlY.jpg","","AKPHxkLeawY","馴れ初めクエスト2ch","UCBTeXU9Auch51-79o2C-QyA","C:\Data\ObsidianVault\02_Channels\馴れ初めシネマ\保全\copy_channel_research_20260623\best_thumbnails_quest\best_thumbnail_selection.csv"
"OWPdy55HH9A","gcs_upload_staging\archive_thumbnails\OWPdy55HH9A.jpg","106540","gs://senior-share-staging-570862915709/naresome_thumbnails/OWPdy55HH9A.jpg","","BpsCcqIrLjE","2ch出会いクエスト","UCaiqfVJVsld5toM71fiU2NA","C:\Data\ObsidianVault\02_Channels\馴れ初めシネマ\保全\copy_channel_research_20260623\best_thumbnails_quest\best_thumbnail_selection.csv"
"oWZo31QEUWA","gcs_upload_staging\archive_thumbnails\oWZo31QEUWA.jpg","122885","gs://senior-share-staging-570862915709/naresome_thumbnails/oWZo31QEUWA.jpg","","Q-_Zc4a-iwM","2ch出会いクエスト","UCaiqfVJVsld5toM71fiU2NA","C:\Data\ObsidianVault\02_Channels\馴れ初めシネマ\保全\copy_channel_research_20260623\best_thumbnails_quest\best_thumbnail_selection.csv"
"oYbmi2urJD4","gcs_upload_staging\archive_thumbnails\oYbmi2urJD4.jpg","112441","gs://senior-share-staging-570862915709/naresome_thumbnails/oYbmi2urJD4.jpg","","L1d-Nz-NlO0","wail22 alfadil","UCOPTB7tQ61unkta781Hk9FA","C:\Data\ObsidianVault\02_Channels\馴れ初めシネマ\保全\copy_channel_research_20260623\best_thumbnails_quest\best_thumbnail_selection.csv"
"P596oS5ltYs","gcs_upload_staging\archive_thumbnails\P596oS5ltYs.jpg","114883","gs://senior-share-staging-570862915709/naresome_thumbnails/P596oS5ltYs.jpg","","Y4BeLUJAEgg","2ch出会いクエスト","UCaiqfVJVsld5toM71fiU2NA","C:\Data\ObsidianVault\02_Channels\馴れ初めシネマ\保全\copy_channel_research_20260623\best_thumbnails_quest\best_thumbnail_selection.csv"
"p7I8AYFsU0U","gcs_upload_staging\archive_thumbnails\p7I8AYFsU0U.jpg","56246","gs://senior-share-staging-570862915709/naresome_thumbnails/p7I8AYFsU0U.jpg","","JW4_RS9ahvE","2ch運命の出会いストーリー","UC8Z30-vQUd48GbLmT6Y_G6Q","C:\Data\ObsidianVault\02_Channels\馴れ初めシネマ\保全\copy_channel_research_20260623\best_thumbnails_quest\best_thumbnail_selection.csv"
"PCikfBuA6Qc","gcs_upload_staging\archive_thumbnails\PCikfBuA6Qc.jpg","122554","gs://senior-share-staging-570862915709/naresome_thumbnails/PCikfBuA6Qc.jpg","","p-c6kR1tYJs","2ch馴れ初め物語","UCEnh7Zjp2lHtHA6ATOOcpbQ","C:\Data\ObsidianVault\02_Channels\馴れ初めシネマ\保全\copy_channel_research_20260623\best_thumbnails_quest\best_thumbnail_selection.csv"
"PgkBGiZOFIQ","gcs_upload_staging\archive_thumbnails\PgkBGiZOFIQ.jpg","110344","gs://senior-share-staging-570862915709/naresome_thumbnails/PgkBGiZOFIQ.jpg","","vrsFh0IFB1c","馴れ初めクエスト2ch","UCBTeXU9Auch51-79o2C-QyA","C:\Data\ObsidianVault\02_Channels\馴れ初めシネマ\保全\copy_channel_research_20260623\best_thumbnails_quest\best_thumbnail_selection.csv"
"PhVkzD1KpAY","gcs_upload_staging\archive_thumbnails\PhVkzD1KpAY.jpg","107284","gs://senior-share-staging-570862915709/naresome_thumbnails/PhVkzD1KpAY.jpg","","ZxCWEOqplgA","2ch出会いクエスト","UCaiqfVJVsld5toM71fiU2NA","C:\Data\ObsidianVault\02_Channels\馴れ初めシネマ\保全\copy_channel_research_20260623\best_thumbnails_quest\best_thumbnail_selection.csv"
"-pjhlFX4WI0","gcs_upload_staging\archive_thumbnails\-pjhlFX4WI0.jpg","124334","gs://senior-share-staging-570862915709/naresome_thumbnails/-pjhlFX4WI0.jpg","",,,,"C:\Data\ObsidianVault\02_Channels\馴れ初めシネマ\保全\copy_channel_research_20260623\hokkori_best_thumbnails_master\hokkori_best_thumbnail_master.csv"
"p-T0MK63mSI","gcs_upload_staging\archive_thumbnails\p-T0MK63mSI.jpg","112782","gs://senior-share-staging-570862915709/naresome_thumbnails/p-T0MK63mSI.jpg","","onQH6Byls88","馴れ初めクエスト2ch","UCBTeXU9Auch51-79o2C-QyA","C:\Data\ObsidianVault\02_Channels\馴れ初めシネマ\保全\copy_channel_research_20260623\best_thumbnails_quest\best_thumbnail_selection.csv"
"-PTrxpHLc6g","gcs_upload_staging\archive_thumbnails\-PTrxpHLc6g.jpg","128810","gs://senior-share-staging-570862915709/naresome_thumbnails/-PTrxpHLc6g.jpg","",,,,"C:\Data\ObsidianVault\02_Channels\馴れ初めシネマ\保全\copy_channel_research_20260623\hokkori_best_thumbnails_master\hokkori_best_thumbnail_master.csv"
"pueMNVbCB4k","gcs_upload_staging\archive_thumbnails\pueMNVbCB4k.jpg","118162","gs://senior-share-staging-570862915709/naresome_thumbnails/pueMNVbCB4k.jpg","","N-EIcy_6Ufg","馴れ初めクエスト2ch","UCBTeXU9Auch51-79o2C-QyA","C:\Data\ObsidianVault\02_Channels\馴れ初めシネマ\保全\copy_channel_research_20260623\best_thumbnails_quest\best_thumbnail_selection.csv"
"p-wtsD5YGf0","gcs_upload_staging\archive_thumbnails\p-wtsD5YGf0.jpg","127020","gs://senior-share-staging-570862915709/naresome_thumbnails/p-wtsD5YGf0.jpg","",,,,"C:\Data\ObsidianVault\02_Channels\馴れ初めシネマ\保全\copy_channel_research_20260623\hokkori_best_thumbnails_master\hokkori_best_thumbnail_master.csv"
"q0WhNwz238w","gcs_upload_staging\archive_thumbnails\q0WhNwz238w.jpg","112010","gs://senior-share-staging-570862915709/naresome_thumbnails/q0WhNwz238w.jpg","","aLbpbLJ_Mc8","2ch恋物語ラボ","UC0EExnSTNUkC-POz4xVesKg","C:\Data\ObsidianVault\02_Channels\馴れ初めシネマ\保全\copy_channel_research_20260623\best_thumbnails_quest\best_thumbnail_selection.csv"
"Q2kbfjVFOUA","gcs_upload_staging\archive_thumbnails\Q2kbfjVFOUA.jpg","110889","gs://senior-share-staging-570862915709/naresome_thumbnails/Q2kbfjVFOUA.jpg","","Tm8Wd-hxHwo","2ch運命の出会いストーリー","UC8Z30-vQUd48GbLmT6Y_G6Q","C:\Data\ObsidianVault\02_Channels\馴れ初めシネマ\保全\copy_channel_research_20260623\best_thumbnails_quest\best_thumbnail_selection.csv"
"-QBgh1P4ruc","gcs_upload_staging\archive_thumbnails\-QBgh1P4ruc.jpg","116639","gs://senior-share-staging-570862915709/naresome_thumbnails/-QBgh1P4ruc.jpg","","Qf5dlqRLQnw","馴れ初めクエスト2ch","UCBTeXU9Auch51-79o2C-QyA","C:\Data\ObsidianVault\02_Channels\馴れ初めシネマ\保全\copy_channel_research_20260623\best_thumbnails_quest\best_thumbnail_selection.csv"
"Qbiy-8_a46Y","gcs_upload_staging\archive_thumbnails\Qbiy-8_a46Y.jpg","123867","gs://senior-share-staging-570862915709/naresome_thumbnails/Qbiy-8_a46Y.jpg","","zzl0CjJBgk4","馴れ初めクエスト2ch","UCBTeXU9Auch51-79o2C-QyA","C:\Data\ObsidianVault\02_Channels\馴れ初めシネマ\保全\copy_channel_research_20260623\best_thumbnails_quest\best_thumbnail_selection.csv"
"QCAgRYNL4-o","gcs_upload_staging\archive_thumbnails\QCAgRYNL4-o.jpg","107886","gs://senior-share-staging-570862915709/naresome_thumbnails/QCAgRYNL4-o.jpg","","qeG9Uf6vRCE","2ch馴れ初め物語","UCEnh7Zjp2lHtHA6ATOOcpbQ","C:\Data\ObsidianVault\02_Channels\馴れ初めシネマ\保全\copy_channel_research_20260623\best_thumbnails_quest\best_thumbnail_selection.csv"
"QdDIye9tWc0","gcs_upload_staging\archive_thumbnails\QdDIye9tWc0.jpg","117343","gs://senior-share-staging-570862915709/naresome_thumbnails/QdDIye9tWc0.jpg","","m0z-QLfyKyM","馴れ初めクエスト2ch","UCBTeXU9Auch51-79o2C-QyA","C:\Data\ObsidianVault\02_Channels\馴れ初めシネマ\保全\copy_channel_research_20260623\best_thumbnails_quest\best_thumbnail_selection.csv"
"QFv3bs7kXXE","gcs_upload_staging\archive_thumbnails\QFv3bs7kXXE.jpg","129496","gs://senior-share-staging-570862915709/naresome_thumbnails/QFv3bs7kXXE.jpg","","QGdTqmDsw44","馴れ初めクエスト2ch","UCBTeXU9Auch51-79o2C-QyA","C:\Data\ObsidianVault\02_Channels\馴れ初めシネマ\保全\copy_channel_research_20260623\best_thumbnails_quest\best_thumbnail_selection.csv"
"QREA1VCqulU","gcs_upload_staging\archive_thumbnails\QREA1VCqulU.jpg","112493","gs://senior-share-staging-570862915709/naresome_thumbnails/QREA1VCqulU.jpg","","3R1biqEFS94","2ch馴れ初め物語","UCEnh7Zjp2lHtHA6ATOOcpbQ","C:\Data\ObsidianVault\02_Channels\馴れ初めシネマ\保全\copy_channel_research_20260623\best_thumbnails_quest\best_thumbnail_selection.csv"
"qsUdEgDBwX0","gcs_upload_staging\archive_thumbnails\qsUdEgDBwX0.jpg","111229","gs://senior-share-staging-570862915709/naresome_thumbnails/qsUdEgDBwX0.jpg","","mHfRKuKqd9Y","wail22 alfadil","UCOPTB7tQ61unkta781Hk9FA","C:\Data\ObsidianVault\02_Channels\馴れ初めシネマ\保全\copy_channel_research_20260623\best_thumbnails_quest\best_thumbnail_selection.csv"
"rG2AQiZAlLc","gcs_upload_staging\archive_thumbnails\rG2AQiZAlLc.jpg","110336","gs://senior-share-staging-570862915709/naresome_thumbnails/rG2AQiZAlLc.jpg","","bL896XLXn50","馴れ初めクエスト2ch","UCBTeXU9Auch51-79o2C-QyA","C:\Data\ObsidianVault\02_Channels\馴れ初めシネマ\保全\copy_channel_research_20260623\best_thumbnails_quest\best_thumbnail_selection.csv"
"rjB_qcz2Qe4","gcs_upload_staging\archive_thumbnails\rjB_qcz2Qe4.jpg","115981","gs://senior-share-staging-570862915709/naresome_thumbnails/rjB_qcz2Qe4.jpg","","09XMHE8z-cA","2ch運命の出会いストーリー","UC8Z30-vQUd48GbLmT6Y_G6Q","C:\Data\ObsidianVault\02_Channels\馴れ初めシネマ\保全\copy_channel_research_20260623\best_thumbnails_quest\best_thumbnail_selection.csv"
"rl9Obuha6_M","gcs_upload_staging\archive_thumbnails\rl9Obuha6_M.jpg","108213","gs://senior-share-staging-570862915709/naresome_thumbnails/rl9Obuha6_M.jpg","","a3NAuGN-hPU","wail22 alfadil","UCOPTB7tQ61unkta781Hk9FA","C:\Data\ObsidianVault\02_Channels\馴れ初めシネマ\保全\copy_channel_research_20260623\best_thumbnails_quest\best_thumbnail_selection.csv"
"RLsymfSKVsg","gcs_upload_staging\archive_thumbnails\RLsymfSKVsg.jpg","119261","gs://senior-share-staging-570862915709/naresome_thumbnails/RLsymfSKVsg.jpg","","QFAFPKBDnlg","2ch恋物語ラボ","UC0EExnSTNUkC-POz4xVesKg","C:\Data\ObsidianVault\02_Channels\馴れ初めシネマ\保全\copy_channel_research_20260623\best_thumbnails_quest\best_thumbnail_selection.csv"
"r--N1STLvAA","gcs_upload_staging\archive_thumbnails\r--N1STLvAA.jpg","116562","gs://senior-share-staging-570862915709/naresome_thumbnails/r--N1STLvAA.jpg","","GzeMyBNaXAc","2ch出会いクエスト","UCaiqfVJVsld5toM71fiU2NA","C:\Data\ObsidianVault\02_Channels\馴れ初めシネマ\保全\copy_channel_research_20260623\best_thumbnails_quest\best_thumbnail_selection.csv"
"RsdfL5gCSwM","gcs_upload_staging\archive_thumbnails\RsdfL5gCSwM.jpg","105956","gs://senior-share-staging-570862915709/naresome_thumbnails/RsdfL5gCSwM.jpg","","DyVdij-GSdc","馴れ初めクエスト2ch","UCBTeXU9Auch51-79o2C-QyA","C:\Data\ObsidianVault\02_Channels\馴れ初めシネマ\保全\copy_channel_research_20260623\best_thumbnails_quest\best_thumbnail_selection.csv"
"rT0SmZko7n0","gcs_upload_staging\archive_thumbnails\rT0SmZko7n0.jpg","122260","gs://senior-share-staging-570862915709/naresome_thumbnails/rT0SmZko7n0.jpg","",,,,"C:\Data\ObsidianVault\02_Channels\馴れ初めシネマ\保全\copy_channel_research_20260623\hokkori_best_thumbnails_master\hokkori_best_thumbnail_master.csv"
"rVLreMQQxZk","gcs_upload_staging\archive_thumbnails\rVLreMQQxZk.jpg","108077","gs://senior-share-staging-570862915709/naresome_thumbnails/rVLreMQQxZk.jpg","","mQd-KENooZU","馴れ初めクエスト2ch","UCBTeXU9Auch51-79o2C-QyA","C:\Data\ObsidianVault\02_Channels\馴れ初めシネマ\保全\copy_channel_research_20260623\best_thumbnails_quest\best_thumbnail_selection.csv"
"RXCWVDHwt7o","gcs_upload_staging\archive_thumbnails\RXCWVDHwt7o.jpg","112974","gs://senior-share-staging-570862915709/naresome_thumbnails/RXCWVDHwt7o.jpg","","UIgnFSxgQWY","2ch出会いクエスト","UCaiqfVJVsld5toM71fiU2NA","C:\Data\ObsidianVault\02_Channels\馴れ初めシネマ\保全\copy_channel_research_20260623\best_thumbnails_quest\best_thumbnail_selection.csv"
"S3ImTDOSmlo","gcs_upload_staging\archive_thumbnails\S3ImTDOSmlo.jpg","121266","gs://senior-share-staging-570862915709/naresome_thumbnails/S3ImTDOSmlo.jpg","",,,,"C:\Data\ObsidianVault\02_Channels\馴れ初めシネマ\保全\copy_channel_research_20260623\hokkori_best_thumbnails_master\hokkori_best_thumbnail_master.csv"
"s8AVjxMviLI","gcs_upload_staging\archive_thumbnails\s8AVjxMviLI.jpg","125978","gs://senior-share-staging-570862915709/naresome_thumbnails/s8AVjxMviLI.jpg","",,,,"C:\Data\ObsidianVault\02_Channels\馴れ初めシネマ\保全\copy_channel_research_20260623\hokkori_best_thumbnails_master\hokkori_best_thumbnail_master.csv"
"-Sdm-J48IaU","gcs_upload_staging\archive_thumbnails\-Sdm-J48IaU.jpg","128395","gs://senior-share-staging-570862915709/naresome_thumbnails/-Sdm-J48IaU.jpg","",,,,"C:\Data\ObsidianVault\02_Channels\馴れ初めシネマ\保全\copy_channel_research_20260623\hokkori_best_thumbnails_master\hokkori_best_thumbnail_master.csv"
"SE5Z_vIUrJc","gcs_upload_staging\archive_thumbnails\SE5Z_vIUrJc.jpg","125220","gs://senior-share-staging-570862915709/naresome_thumbnails/SE5Z_vIUrJc.jpg","",,,,"C:\Data\ObsidianVault\02_Channels\馴れ初めシネマ\保全\copy_channel_research_20260623\hokkori_best_thumbnails_master\hokkori_best_thumbnail_master.csv"
"sExMwud0QCY","gcs_upload_staging\archive_thumbnails\sExMwud0QCY.jpg","123412","gs://senior-share-staging-570862915709/naresome_thumbnails/sExMwud0QCY.jpg","",,,,"C:\Data\ObsidianVault\02_Channels\馴れ初めシネマ\保全\copy_channel_research_20260623\hokkori_best_thumbnails_master\hokkori_best_thumbnail_master.csv"
"sgVuBLpuEUM","gcs_upload_staging\archive_thumbnails\sgVuBLpuEUM.jpg","116621","gs://senior-share-staging-570862915709/naresome_thumbnails/sgVuBLpuEUM.jpg","","XmbCN-LyUFw","馴れ初めクエスト2ch","UCBTeXU9Auch51-79o2C-QyA","C:\Data\ObsidianVault\02_Channels\馴れ初めシネマ\保全\copy_channel_research_20260623\best_thumbnails_quest\best_thumbnail_selection.csv"
"SMG9FYV-wbk","gcs_upload_staging\archive_thumbnails\SMG9FYV-wbk.jpg","108549","gs://senior-share-staging-570862915709/naresome_thumbnails/SMG9FYV-wbk.jpg","",,,,"C:\Data\ObsidianVault\02_Channels\馴れ初めシネマ\保全\copy_channel_research_20260623\hokkori_best_thumbnails_master\hokkori_best_thumbnail_master.csv"
"souf-66l-fU","gcs_upload_staging\archive_thumbnails\souf-66l-fU.jpg","111252","gs://senior-share-staging-570862915709/naresome_thumbnails/souf-66l-fU.jpg","","b7CT-6uFwOw","2ch恋物語ラボ","UC0EExnSTNUkC-POz4xVesKg","C:\Data\ObsidianVault\02_Channels\馴れ初めシネマ\保全\copy_channel_research_20260623\best_thumbnails_quest\best_thumbnail_selection.csv"
"sPCshKs4MrA","gcs_upload_staging\archive_thumbnails\sPCshKs4MrA.jpg","109919","gs://senior-share-staging-570862915709/naresome_thumbnails/sPCshKs4MrA.jpg","","-KGF9hN7V-A","馴れ初めクエスト2ch","UCBTeXU9Auch51-79o2C-QyA","C:\Data\ObsidianVault\02_Channels\馴れ初めシネマ\保全\copy_channel_research_20260623\best_thumbnails_quest\best_thumbnail_selection.csv"
"SvKZaOTBApo","gcs_upload_staging\archive_thumbnails\SvKZaOTBApo.jpg","117830","gs://senior-share-staging-570862915709/naresome_thumbnails/SvKZaOTBApo.jpg","","2y6Kx6Ts6ec","馴れ初めクエスト2ch","UCBTeXU9Auch51-79o2C-QyA","C:\Data\ObsidianVault\02_Channels\馴れ初めシネマ\保全\copy_channel_research_20260623\best_thumbnails_quest\best_thumbnail_selection.csv"
"Sz_ZgajKCOU","gcs_upload_staging\archive_thumbnails\Sz_ZgajKCOU.jpg","111420","gs://senior-share-staging-570862915709/naresome_thumbnails/Sz_ZgajKCOU.jpg","","AFFB-S53xM8","2ch出会いクエスト","UCaiqfVJVsld5toM71fiU2NA","C:\Data\ObsidianVault\02_Channels\馴れ初めシネマ\保全\copy_channel_research_20260623\best_thumbnails_quest\best_thumbnail_selection.csv"
"SzTyEp1AHh0","gcs_upload_staging\archive_thumbnails\SzTyEp1AHh0.jpg","110210","gs://senior-share-staging-570862915709/naresome_thumbnails/SzTyEp1AHh0.jpg","","Om4Otb0ZDF0","2ch出会いクエスト","UCaiqfVJVsld5toM71fiU2NA","C:\Data\ObsidianVault\02_Channels\馴れ初めシネマ\保全\copy_channel_research_20260623\best_thumbnails_quest\best_thumbnail_selection.csv"
"TawHuDCmYAY","gcs_upload_staging\archive_thumbnails\TawHuDCmYAY.jpg","122078","gs://senior-share-staging-570862915709/naresome_thumbnails/TawHuDCmYAY.jpg","","lGprAMwQ614","2ch馴れ初め物語","UCEnh7Zjp2lHtHA6ATOOcpbQ","C:\Data\ObsidianVault\02_Channels\馴れ初めシネマ\保全\copy_channel_research_20260623\best_thumbnails_quest\best_thumbnail_selection.csv"
"T-KrfHov6nA","gcs_upload_staging\archive_thumbnails\T-KrfHov6nA.jpg","119741","gs://senior-share-staging-570862915709/naresome_thumbnails/T-KrfHov6nA.jpg","","Nro65c2OijE","2ch出会いクエスト","UCaiqfVJVsld5toM71fiU2NA","C:\Data\ObsidianVault\02_Channels\馴れ初めシネマ\保全\copy_channel_research_20260623\best_thumbnails_quest\best_thumbnail_selection.csv"
"TNggXYmexsk","gcs_upload_staging\archive_thumbnails\TNggXYmexsk.jpg","113062","gs://senior-share-staging-570862915709/naresome_thumbnails/TNggXYmexsk.jpg","","8eLCf5s1-0E","wail22 alfadil","UCOPTB7tQ61unkta781Hk9FA","C:\Data\ObsidianVault\02_Channels\馴れ初めシネマ\保全\copy_channel_research_20260623\best_thumbnails_quest\best_thumbnail_selection.csv"
"tnPLLbTF40I","gcs_upload_staging\archive_thumbnails\tnPLLbTF40I.jpg","118609","gs://senior-share-staging-570862915709/naresome_thumbnails/tnPLLbTF40I.jpg","",,,,"C:\Data\ObsidianVault\02_Channels\馴れ初めシネマ\保全\copy_channel_research_20260623\hokkori_best_thumbnails_master\hokkori_best_thumbnail_master.csv"
"tPwu1rqgqbI","gcs_upload_staging\archive_thumbnails\tPwu1rqgqbI.jpg","116622","gs://senior-share-staging-570862915709/naresome_thumbnails/tPwu1rqgqbI.jpg","","jIdIJJWDRDE","2ch運命の出会いストーリー","UC8Z30-vQUd48GbLmT6Y_G6Q","C:\Data\ObsidianVault\02_Channels\馴れ初めシネマ\保全\copy_channel_research_20260623\best_thumbnails_quest\best_thumbnail_selection.csv"
"TRMNdfdMi-8","gcs_upload_staging\archive_thumbnails\TRMNdfdMi-8.jpg","127150","gs://senior-share-staging-570862915709/naresome_thumbnails/TRMNdfdMi-8.jpg","",,,,"C:\Data\ObsidianVault\02_Channels\馴れ初めシネマ\保全\copy_channel_research_20260623\hokkori_best_thumbnails_master\hokkori_best_thumbnail_master.csv"
"TTNuKO5LNa8","gcs_upload_staging\archive_thumbnails\TTNuKO5LNa8.jpg","109415","gs://senior-share-staging-570862915709/naresome_thumbnails/TTNuKO5LNa8.jpg","","1qXEJI3B0qY","2ch出会いクエスト","UCaiqfVJVsld5toM71fiU2NA","C:\Data\ObsidianVault\02_Channels\馴れ初めシネマ\保全\copy_channel_research_20260623\best_thumbnails_quest\best_thumbnail_selection.csv"
"TtpgvR_Jqtc","gcs_upload_staging\archive_thumbnails\TtpgvR_Jqtc.jpg","121693","gs://senior-share-staging-570862915709/naresome_thumbnails/TtpgvR_Jqtc.jpg","","iY39q0RphUc","2ch出会いクエスト","UCaiqfVJVsld5toM71fiU2NA","C:\Data\ObsidianVault\02_Channels\馴れ初めシネマ\保全\copy_channel_research_20260623\best_thumbnails_quest\best_thumbnail_selection.csv"
"TUNrxCdKu3w","gcs_upload_staging\archive_thumbnails\TUNrxCdKu3w.jpg","108368","gs://senior-share-staging-570862915709/naresome_thumbnails/TUNrxCdKu3w.jpg","","49H-_pUTgIE","wail22 alfadil","UCOPTB7tQ61unkta781Hk9FA","C:\Data\ObsidianVault\02_Channels\馴れ初めシネマ\保全\copy_channel_research_20260623\best_thumbnails_quest\best_thumbnail_selection.csv"
"tvbNWODLseA","gcs_upload_staging\archive_thumbnails\tvbNWODLseA.jpg","116835","gs://senior-share-staging-570862915709/naresome_thumbnails/tvbNWODLseA.jpg","","Ny-mj4IRSLE","2ch出会いクエスト","UCaiqfVJVsld5toM71fiU2NA","C:\Data\ObsidianVault\02_Channels\馴れ初めシネマ\保全\copy_channel_research_20260623\best_thumbnails_quest\best_thumbnail_selection.csv"
"u3zFgsBzBUc","gcs_upload_staging\archive_thumbnails\u3zFgsBzBUc.jpg","108738","gs://senior-share-staging-570862915709/naresome_thumbnails/u3zFgsBzBUc.jpg","","yIY0i8qrq9Q","馴れ初めクエスト2ch","UCBTeXU9Auch51-79o2C-QyA","C:\Data\ObsidianVault\02_Channels\馴れ初めシネマ\保全\copy_channel_research_20260623\best_thumbnails_quest\best_thumbnail_selection.csv"
"U5fux0WYopk","gcs_upload_staging\archive_thumbnails\U5fux0WYopk.jpg","118399","gs://senior-share-staging-570862915709/naresome_thumbnails/U5fux0WYopk.jpg","","6pablmTxw14","馴れ初めクエスト2ch","UCBTeXU9Auch51-79o2C-QyA","C:\Data\ObsidianVault\02_Channels\馴れ初めシネマ\保全\copy_channel_research_20260623\best_thumbnails_quest\best_thumbnail_selection.csv"
"uDGBfgRnw4Y","gcs_upload_staging\archive_thumbnails\uDGBfgRnw4Y.jpg","118623","gs://senior-share-staging-570862915709/naresome_thumbnails/uDGBfgRnw4Y.jpg","",,,,"C:\Data\ObsidianVault\02_Channels\馴れ初めシネマ\保全\copy_channel_research_20260623\hokkori_best_thumbnails_master\hokkori_best_thumbnail_master.csv"
"UhOrRAc1UWM","gcs_upload_staging\archive_thumbnails\UhOrRAc1UWM.jpg","106293","gs://senior-share-staging-570862915709/naresome_thumbnails/UhOrRAc1UWM.jpg","","x0XVDpE75BQ","2ch運命の出会いストーリー","UC8Z30-vQUd48GbLmT6Y_G6Q","C:\Data\ObsidianVault\02_Channels\馴れ初めシネマ\保全\copy_channel_research_20260623\best_thumbnails_quest\best_thumbnail_selection.csv"
"UkEs_cB6nos","gcs_upload_staging\archive_thumbnails\UkEs_cB6nos.jpg","123473","gs://senior-share-staging-570862915709/naresome_thumbnails/UkEs_cB6nos.jpg","","qRkcKqU4k4M","馴れ初めクエスト2ch","UCBTeXU9Auch51-79o2C-QyA","C:\Data\ObsidianVault\02_Channels\馴れ初めシネマ\保全\copy_channel_research_20260623\best_thumbnails_quest\best_thumbnail_selection.csv"
"UnrU73ODpys","gcs_upload_staging\archive_thumbnails\UnrU73ODpys.jpg","121338","gs://senior-share-staging-570862915709/naresome_thumbnails/UnrU73ODpys.jpg","","WA4HR7fiBKs","馴れ初めクエスト2ch","UCBTeXU9Auch51-79o2C-QyA","C:\Data\ObsidianVault\02_Channels\馴れ初めシネマ\保全\copy_channel_research_20260623\best_thumbnails_quest\best_thumbnail_selection.csv"
"Uo_q72kydiQ","gcs_upload_staging\archive_thumbnails\Uo_q72kydiQ.jpg","121576","gs://senior-share-staging-570862915709/naresome_thumbnails/Uo_q72kydiQ.jpg","","atV-sddx3PI","馴れ初めクエスト2ch","UCBTeXU9Auch51-79o2C-QyA","C:\Data\ObsidianVault\02_Channels\馴れ初めシネマ\保全\copy_channel_research_20260623\best_thumbnails_quest\best_thumbnail_selection.csv"
"uuI05qxIXRE","gcs_upload_staging\archive_thumbnails\uuI05qxIXRE.jpg","113796","gs://senior-share-staging-570862915709/naresome_thumbnails/uuI05qxIXRE.jpg","","49_jf7vup5A","馴れ初めクエスト2ch","UCBTeXU9Auch51-79o2C-QyA","C:\Data\ObsidianVault\02_Channels\馴れ初めシネマ\保全\copy_channel_research_20260623\best_thumbnails_quest\best_thumbnail_selection.csv"
"V022xKZt028","gcs_upload_staging\archive_thumbnails\V022xKZt028.jpg","120214","gs://senior-share-staging-570862915709/naresome_thumbnails/V022xKZt028.jpg","",,,,"C:\Data\ObsidianVault\02_Channels\馴れ初めシネマ\保全\copy_channel_research_20260623\hokkori_best_thumbnails_master\hokkori_best_thumbnail_master.csv"
"V2Uxrf23X2I","gcs_upload_staging\archive_thumbnails\V2Uxrf23X2I.jpg","110655","gs://senior-share-staging-570862915709/naresome_thumbnails/V2Uxrf23X2I.jpg","","KKWpnqUZ2Eo","2ch出会いクエスト","UCaiqfVJVsld5toM71fiU2NA","C:\Data\ObsidianVault\02_Channels\馴れ初めシネマ\保全\copy_channel_research_20260623\best_thumbnails_quest\best_thumbnail_selection.csv"
"vCp-mWGfUrw","gcs_upload_staging\archive_thumbnails\vCp-mWGfUrw.jpg","116618","gs://senior-share-staging-570862915709/naresome_thumbnails/vCp-mWGfUrw.jpg","","98bOQLiStgk","馴れ初めクエスト2ch","UCBTeXU9Auch51-79o2C-QyA","C:\Data\ObsidianVault\02_Channels\馴れ初めシネマ\保全\copy_channel_research_20260623\best_thumbnails_quest\best_thumbnail_selection.csv"
"VFvEqqUCrmY","gcs_upload_staging\archive_thumbnails\VFvEqqUCrmY.jpg","106310","gs://senior-share-staging-570862915709/naresome_thumbnails/VFvEqqUCrmY.jpg","",,,,"C:\Data\ObsidianVault\02_Channels\馴れ初めシネマ\保全\copy_channel_research_20260623\hokkori_best_thumbnails_master\hokkori_best_thumbnail_master.csv"
"vLXOncMq7Lo","gcs_upload_staging\archive_thumbnails\vLXOncMq7Lo.jpg","113862","gs://senior-share-staging-570862915709/naresome_thumbnails/vLXOncMq7Lo.jpg","",,,,"C:\Data\ObsidianVault\02_Channels\馴れ初めシネマ\保全\copy_channel_research_20260623\hokkori_best_thumbnails_master\hokkori_best_thumbnail_master.csv"
"VobAE1VKOz8","gcs_upload_staging\archive_thumbnails\VobAE1VKOz8.jpg","114070","gs://senior-share-staging-570862915709/naresome_thumbnails/VobAE1VKOz8.jpg","","7nKdlQF1ook","馴れ初めクエスト2ch","UCBTeXU9Auch51-79o2C-QyA","C:\Data\ObsidianVault\02_Channels\馴れ初めシネマ\保全\copy_channel_research_20260623\best_thumbnails_quest\best_thumbnail_selection.csv"
"Vum9bPYINXI","gcs_upload_staging\archive_thumbnails\Vum9bPYINXI.jpg","111031","gs://senior-share-staging-570862915709/naresome_thumbnails/Vum9bPYINXI.jpg","","oihvhml4Ouo","2ch出会いクエスト","UCaiqfVJVsld5toM71fiU2NA","C:\Data\ObsidianVault\02_Channels\馴れ初めシネマ\保全\copy_channel_research_20260623\best_thumbnails_quest\best_thumbnail_selection.csv"
"VVfeYkmgnF4","gcs_upload_staging\archive_thumbnails\VVfeYkmgnF4.jpg","124823","gs://senior-share-staging-570862915709/naresome_thumbnails/VVfeYkmgnF4.jpg","","x_ipWvQF3Ig","2ch運命の出会いストーリー","UC8Z30-vQUd48GbLmT6Y_G6Q","C:\Data\ObsidianVault\02_Channels\馴れ初めシネマ\保全\copy_channel_research_20260623\best_thumbnails_quest\best_thumbnail_selection.csv"
"vYRimwMEBFI","gcs_upload_staging\archive_thumbnails\vYRimwMEBFI.jpg","127158","gs://senior-share-staging-570862915709/naresome_thumbnails/vYRimwMEBFI.jpg","",,,,"C:\Data\ObsidianVault\02_Channels\馴れ初めシネマ\保全\copy_channel_research_20260623\hokkori_best_thumbnails_master\hokkori_best_thumbnail_master.csv"
"VZGqMudq-lc","gcs_upload_staging\archive_thumbnails\VZGqMudq-lc.jpg","128988","gs://senior-share-staging-570862915709/naresome_thumbnails/VZGqMudq-lc.jpg","",,,,"C:\Data\ObsidianVault\02_Channels\馴れ初めシネマ\保全\copy_channel_research_20260623\hokkori_best_thumbnails_master\hokkori_best_thumbnail_master.csv"
"W_NNwnYLeMQ","gcs_upload_staging\archive_thumbnails\W_NNwnYLeMQ.jpg","110903","gs://senior-share-staging-570862915709/naresome_thumbnails/W_NNwnYLeMQ.jpg","","hrUMrObPAng","馴れ初めクエスト2ch","UCBTeXU9Auch51-79o2C-QyA","C:\Data\ObsidianVault\02_Channels\馴れ初めシネマ\保全\copy_channel_research_20260623\best_thumbnails_quest\best_thumbnail_selection.csv"
"W_rjm4jaCS8","gcs_upload_staging\archive_thumbnails\W_rjm4jaCS8.jpg","106679","gs://senior-share-staging-570862915709/naresome_thumbnails/W_rjm4jaCS8.jpg","","iDY84oKkNbE","2ch運命の出会いストーリー","UC8Z30-vQUd48GbLmT6Y_G6Q","C:\Data\ObsidianVault\02_Channels\馴れ初めシネマ\保全\copy_channel_research_20260623\best_thumbnails_quest\best_thumbnail_selection.csv"
"WAOlsw0t4Z8","gcs_upload_staging\archive_thumbnails\WAOlsw0t4Z8.jpg","114679","gs://senior-share-staging-570862915709/naresome_thumbnails/WAOlsw0t4Z8.jpg","","MbXYdy8jm5s","馴れ初めクエスト2ch","UCBTeXU9Auch51-79o2C-QyA","C:\Data\ObsidianVault\02_Channels\馴れ初めシネマ\保全\copy_channel_research_20260623\best_thumbnails_quest\best_thumbnail_selection.csv"
"WGByLMtTQ0M","gcs_upload_staging\archive_thumbnails\WGByLMtTQ0M.jpg","124214","gs://senior-share-staging-570862915709/naresome_thumbnails/WGByLMtTQ0M.jpg","","pt8MDm4fduw","馴れ初めクエスト2ch","UCBTeXU9Auch51-79o2C-QyA","C:\Data\ObsidianVault\02_Channels\馴れ初めシネマ\保全\copy_channel_research_20260623\best_thumbnails_quest\best_thumbnail_selection.csv"
"wHD2Z8jEbf8","gcs_upload_staging\archive_thumbnails\wHD2Z8jEbf8.jpg","115343","gs://senior-share-staging-570862915709/naresome_thumbnails/wHD2Z8jEbf8.jpg","","BmGoz6ApkKM","2ch恋物語ラボ","UC0EExnSTNUkC-POz4xVesKg","C:\Data\ObsidianVault\02_Channels\馴れ初めシネマ\保全\copy_channel_research_20260623\best_thumbnails_quest\best_thumbnail_selection.csv"
"wiLMTfC8spA","gcs_upload_staging\archive_thumbnails\wiLMTfC8spA.jpg","130035","gs://senior-share-staging-570862915709/naresome_thumbnails/wiLMTfC8spA.jpg","",,,,"C:\Data\ObsidianVault\02_Channels\馴れ初めシネマ\保全\copy_channel_research_20260623\hokkori_best_thumbnails_master\hokkori_best_thumbnail_master.csv"
"wOK2y-GtWUY","gcs_upload_staging\archive_thumbnails\wOK2y-GtWUY.jpg","111682","gs://senior-share-staging-570862915709/naresome_thumbnails/wOK2y-GtWUY.jpg","","h-dJZjEev0k","2ch出会いクエスト","UCaiqfVJVsld5toM71fiU2NA","C:\Data\ObsidianVault\02_Channels\馴れ初めシネマ\保全\copy_channel_research_20260623\best_thumbnails_quest\best_thumbnail_selection.csv"
"Wtx1ofRzoic","gcs_upload_staging\archive_thumbnails\Wtx1ofRzoic.jpg","124611","gs://senior-share-staging-570862915709/naresome_thumbnails/Wtx1ofRzoic.jpg","",,,,"C:\Data\ObsidianVault\02_Channels\馴れ初めシネマ\保全\copy_channel_research_20260623\hokkori_best_thumbnails_master\hokkori_best_thumbnail_master.csv"
"WyTIrHya1Pc","gcs_upload_staging\archive_thumbnails\WyTIrHya1Pc.jpg","124371","gs://senior-share-staging-570862915709/naresome_thumbnails/WyTIrHya1Pc.jpg","","XsZXLuoVO1g","馴れ初めクエスト2ch","UCBTeXU9Auch51-79o2C-QyA","C:\Data\ObsidianVault\02_Channels\馴れ初めシネマ\保全\copy_channel_research_20260623\best_thumbnails_quest\best_thumbnail_selection.csv"
"wZegccwu_SM","gcs_upload_staging\archive_thumbnails\wZegccwu_SM.jpg","124443","gs://senior-share-staging-570862915709/naresome_thumbnails/wZegccwu_SM.jpg","",,,,"C:\Data\ObsidianVault\02_Channels\馴れ初めシネマ\保全\copy_channel_research_20260623\hokkori_best_thumbnails_master\hokkori_best_thumbnail_master.csv"
"X4NFsS8QyaE","gcs_upload_staging\archive_thumbnails\X4NFsS8QyaE.jpg","121628","gs://senior-share-staging-570862915709/naresome_thumbnails/X4NFsS8QyaE.jpg","",,,,"C:\Data\ObsidianVault\02_Channels\馴れ初めシネマ\保全\copy_channel_research_20260623\hokkori_best_thumbnails_master\hokkori_best_thumbnail_master.csv"
"X7jolVFZEnM","gcs_upload_staging\archive_thumbnails\X7jolVFZEnM.jpg","127754","gs://senior-share-staging-570862915709/naresome_thumbnails/X7jolVFZEnM.jpg","","0SDecm6HDng","馴れ初めクエスト2ch","UCBTeXU9Auch51-79o2C-QyA","C:\Data\ObsidianVault\02_Channels\馴れ初めシネマ\保全\copy_channel_research_20260623\best_thumbnails_quest\best_thumbnail_selection.csv"
"-xcGkhiP0Zw","gcs_upload_staging\archive_thumbnails\-xcGkhiP0Zw.jpg","118555","gs://senior-share-staging-570862915709/naresome_thumbnails/-xcGkhiP0Zw.jpg","","OdEdAC4opOs","馴れ初めクエスト2ch","UCBTeXU9Auch51-79o2C-QyA","C:\Data\ObsidianVault\02_Channels\馴れ初めシネマ\保全\copy_channel_research_20260623\best_thumbnails_quest\best_thumbnail_selection.csv"
"XdQEaC9gWxk","gcs_upload_staging\archive_thumbnails\XdQEaC9gWxk.jpg","111322","gs://senior-share-staging-570862915709/naresome_thumbnails/XdQEaC9gWxk.jpg","","p9wLA9SAu8k","馴れ初めクエスト2ch","UCBTeXU9Auch51-79o2C-QyA","C:\Data\ObsidianVault\02_Channels\馴れ初めシネマ\保全\copy_channel_research_20260623\best_thumbnails_quest\best_thumbnail_selection.csv"
"xewdxhhNmkk","gcs_upload_staging\archive_thumbnails\xewdxhhNmkk.jpg","113770","gs://senior-share-staging-570862915709/naresome_thumbnails/xewdxhhNmkk.jpg","","ieS9H76zM10","2ch馴れ初め物語","UCEnh7Zjp2lHtHA6ATOOcpbQ","C:\Data\ObsidianVault\02_Channels\馴れ初めシネマ\保全\copy_channel_research_20260623\best_thumbnails_quest\best_thumbnail_selection.csv"
"XJCtAmLKPUY","gcs_upload_staging\archive_thumbnails\XJCtAmLKPUY.jpg","106721","gs://senior-share-staging-570862915709/naresome_thumbnails/XJCtAmLKPUY.jpg","","TiQ2isSmkgc","2ch恋物語ラボ","UC0EExnSTNUkC-POz4xVesKg","C:\Data\ObsidianVault\02_Channels\馴れ初めシネマ\保全\copy_channel_research_20260623\best_thumbnails_quest\best_thumbnail_selection.csv"
"xkb1GQepf4U","gcs_upload_staging\archive_thumbnails\xkb1GQepf4U.jpg","111732","gs://senior-share-staging-570862915709/naresome_thumbnails/xkb1GQepf4U.jpg","","oqmYUOGUuA0","馴れ初めクエスト2ch","UCBTeXU9Auch51-79o2C-QyA","C:\Data\ObsidianVault\02_Channels\馴れ初めシネマ\保全\copy_channel_research_20260623\best_thumbnails_quest\best_thumbnail_selection.csv"
"xLAaaWQV_dw","gcs_upload_staging\archive_thumbnails\xLAaaWQV_dw.jpg","107654","gs://senior-share-staging-570862915709/naresome_thumbnails/xLAaaWQV_dw.jpg","","TW465TAq8wc","馴れ初めクエスト2ch","UCBTeXU9Auch51-79o2C-QyA","C:\Data\ObsidianVault\02_Channels\馴れ初めシネマ\保全\copy_channel_research_20260623\best_thumbnails_quest\best_thumbnail_selection.csv"
"XrDZbAv8PJQ","gcs_upload_staging\archive_thumbnails\XrDZbAv8PJQ.jpg","111817","gs://senior-share-staging-570862915709/naresome_thumbnails/XrDZbAv8PJQ.jpg","","rMK4XsNXvZ4","2ch出会いクエスト","UCaiqfVJVsld5toM71fiU2NA","C:\Data\ObsidianVault\02_Channels\馴れ初めシネマ\保全\copy_channel_research_20260623\best_thumbnails_quest\best_thumbnail_selection.csv"
"xYngXTv5bA4","gcs_upload_staging\archive_thumbnails\xYngXTv5bA4.jpg","109819","gs://senior-share-staging-570862915709/naresome_thumbnails/xYngXTv5bA4.jpg","","APa01YtXnkw","馴れ初めクエスト2ch","UCBTeXU9Auch51-79o2C-QyA","C:\Data\ObsidianVault\02_Channels\馴れ初めシネマ\保全\copy_channel_research_20260623\best_thumbnails_quest\best_thumbnail_selection.csv"
"Y_Fd4eQ5f-w","gcs_upload_staging\archive_thumbnails\Y_Fd4eQ5f-w.jpg","108856","gs://senior-share-staging-570862915709/naresome_thumbnails/Y_Fd4eQ5f-w.jpg","","RtWe4R3Q5ak","馴れ初めクエスト2ch","UCBTeXU9Auch51-79o2C-QyA","C:\Data\ObsidianVault\02_Channels\馴れ初めシネマ\保全\copy_channel_research_20260623\best_thumbnails_quest\best_thumbnail_selection.csv"
"Y1JF7DCkF68","gcs_upload_staging\archive_thumbnails\Y1JF7DCkF68.jpg","119278","gs://senior-share-staging-570862915709/naresome_thumbnails/Y1JF7DCkF68.jpg","","eCGAnyrd1y8","2ch恋物語ラボ","UC0EExnSTNUkC-POz4xVesKg","C:\Data\ObsidianVault\02_Channels\馴れ初めシネマ\保全\copy_channel_research_20260623\best_thumbnails_quest\best_thumbnail_selection.csv"
"Y4AvfFWBEX0","gcs_upload_staging\archive_thumbnails\Y4AvfFWBEX0.jpg","117769","gs://senior-share-staging-570862915709/naresome_thumbnails/Y4AvfFWBEX0.jpg","",,,,"C:\Data\ObsidianVault\02_Channels\馴れ初めシネマ\保全\copy_channel_research_20260623\hokkori_best_thumbnails_master\hokkori_best_thumbnail_master.csv"
"y57TYiw_lo8","gcs_upload_staging\archive_thumbnails\y57TYiw_lo8.jpg","109509","gs://senior-share-staging-570862915709/naresome_thumbnails/y57TYiw_lo8.jpg","","-Hh6jbpfeDI","馴れ初めクエスト2ch","UCBTeXU9Auch51-79o2C-QyA","C:\Data\ObsidianVault\02_Channels\馴れ初めシネマ\保全\copy_channel_research_20260623\best_thumbnails_quest\best_thumbnail_selection.csv"
"y8mH7O0pzgo","gcs_upload_staging\archive_thumbnails\y8mH7O0pzgo.jpg","113221","gs://senior-share-staging-570862915709/naresome_thumbnails/y8mH7O0pzgo.jpg","","SD3Dua02sjA","馴れ初めクエスト2ch","UCBTeXU9Auch51-79o2C-QyA","C:\Data\ObsidianVault\02_Channels\馴れ初めシネマ\保全\copy_channel_research_20260623\best_thumbnails_quest\best_thumbnail_selection.csv"
"Ycq03fxIhsY","gcs_upload_staging\archive_thumbnails\Ycq03fxIhsY.jpg","119479","gs://senior-share-staging-570862915709/naresome_thumbnails/Ycq03fxIhsY.jpg","","lWDqv6Ok3jI","2ch馴れ初め物語","UCEnh7Zjp2lHtHA6ATOOcpbQ","C:\Data\ObsidianVault\02_Channels\馴れ初めシネマ\保全\copy_channel_research_20260623\best_thumbnails_quest\best_thumbnail_selection.csv"
"YeBLAlpVAUM","gcs_upload_staging\archive_thumbnails\YeBLAlpVAUM.jpg","129089","gs://senior-share-staging-570862915709/naresome_thumbnails/YeBLAlpVAUM.jpg","",,,,"C:\Data\ObsidianVault\02_Channels\馴れ初めシネマ\保全\copy_channel_research_20260623\hokkori_best_thumbnails_master\hokkori_best_thumbnail_master.csv"
"yNwXRrvcuus","gcs_upload_staging\archive_thumbnails\yNwXRrvcuus.jpg","112537","gs://senior-share-staging-570862915709/naresome_thumbnails/yNwXRrvcuus.jpg","",,,,"C:\Data\ObsidianVault\02_Channels\馴れ初めシネマ\保全\copy_channel_research_20260623\hokkori_best_thumbnails_master\hokkori_best_thumbnail_master.csv"
"YoNfVFZ3Eew","gcs_upload_staging\archive_thumbnails\YoNfVFZ3Eew.jpg","125860","gs://senior-share-staging-570862915709/naresome_thumbnails/YoNfVFZ3Eew.jpg","","7Dtx7q-Q6T0","馴れ初めクエスト2ch","UCBTeXU9Auch51-79o2C-QyA","C:\Data\ObsidianVault\02_Channels\馴れ初めシネマ\保全\copy_channel_research_20260623\best_thumbnails_quest\best_thumbnail_selection.csv"
"yqGFGuowwQo","gcs_upload_staging\archive_thumbnails\yqGFGuowwQo.jpg","123883","gs://senior-share-staging-570862915709/naresome_thumbnails/yqGFGuowwQo.jpg","",,,,"C:\Data\ObsidianVault\02_Channels\馴れ初めシネマ\保全\copy_channel_research_20260623\hokkori_best_thumbnails_master\hokkori_best_thumbnail_master.csv"
"yQjbjqVm-kw","gcs_upload_staging\archive_thumbnails\yQjbjqVm-kw.jpg","122535","gs://senior-share-staging-570862915709/naresome_thumbnails/yQjbjqVm-kw.jpg","","rQgQhfuGHT0","wail22 alfadil","UCOPTB7tQ61unkta781Hk9FA","C:\Data\ObsidianVault\02_Channels\馴れ初めシネマ\保全\copy_channel_research_20260623\best_thumbnails_quest\best_thumbnail_selection.csv"
"ySzFl6DUUTw","gcs_upload_staging\archive_thumbnails\ySzFl6DUUTw.jpg","108615","gs://senior-share-staging-570862915709/naresome_thumbnails/ySzFl6DUUTw.jpg","","FYYmq0BZdZo","馴れ初めクエスト2ch","UCBTeXU9Auch51-79o2C-QyA","C:\Data\ObsidianVault\02_Channels\馴れ初めシネマ\保全\copy_channel_research_20260623\best_thumbnails_quest\best_thumbnail_selection.csv"
"yyN1Krf9S8E","gcs_upload_staging\archive_thumbnails\yyN1Krf9S8E.jpg","122941","gs://senior-share-staging-570862915709/naresome_thumbnails/yyN1Krf9S8E.jpg","",,,,"C:\Data\ObsidianVault\02_Channels\馴れ初めシネマ\保全\copy_channel_research_20260623\hokkori_best_thumbnails_master\hokkori_best_thumbnail_master.csv"
"z_uQ9Xlb5Tg","gcs_upload_staging\archive_thumbnails\z_uQ9Xlb5Tg.jpg","119421","gs://senior-share-staging-570862915709/naresome_thumbnails/z_uQ9Xlb5Tg.jpg","","gzrvl1gURb8","2ch運命の出会いストーリー","UC8Z30-vQUd48GbLmT6Y_G6Q","C:\Data\ObsidianVault\02_Channels\馴れ初めシネマ\保全\copy_channel_research_20260623\best_thumbnails_quest\best_thumbnail_selection.csv"
"Z0rA8IRNI1U","gcs_upload_staging\archive_thumbnails\Z0rA8IRNI1U.jpg","120348","gs://senior-share-staging-570862915709/naresome_thumbnails/Z0rA8IRNI1U.jpg","","4IJFdVNPNn8","2ch馴れ初め物語","UCEnh7Zjp2lHtHA6ATOOcpbQ","C:\Data\ObsidianVault\02_Channels\馴れ初めシネマ\保全\copy_channel_research_20260623\best_thumbnails_quest\best_thumbnail_selection.csv"
"Z7QtOqF1hTE","gcs_upload_staging\archive_thumbnails\Z7QtOqF1hTE.jpg","120005","gs://senior-share-staging-570862915709/naresome_thumbnails/Z7QtOqF1hTE.jpg","","mvMbKc8_ghs","馴れ初めクエスト2ch","UCBTeXU9Auch51-79o2C-QyA","C:\Data\ObsidianVault\02_Channels\馴れ初めシネマ\保全\copy_channel_research_20260623\best_thumbnails_quest\best_thumbnail_selection.csv"
"ZcVMMJhzZqY","gcs_upload_staging\archive_thumbnails\ZcVMMJhzZqY.jpg","117284","gs://senior-share-staging-570862915709/naresome_thumbnails/ZcVMMJhzZqY.jpg","","qaYV3zsCS5I","2ch運命の出会いストーリー","UC8Z30-vQUd48GbLmT6Y_G6Q","C:\Data\ObsidianVault\02_Channels\馴れ初めシネマ\保全\copy_channel_research_20260623\best_thumbnails_quest\best_thumbnail_selection.csv"
"ZHazvw7l9-Y","gcs_upload_staging\archive_thumbnails\ZHazvw7l9-Y.jpg","125140","gs://senior-share-staging-570862915709/naresome_thumbnails/ZHazvw7l9-Y.jpg","",,,,"C:\Data\ObsidianVault\02_Channels\馴れ初めシネマ\保全\copy_channel_research_20260623\hokkori_best_thumbnails_master\hokkori_best_thumbnail_master.csv"
"zNmA0MPnGnE","gcs_upload_staging\archive_thumbnails\zNmA0MPnGnE.jpg","118179","gs://senior-share-staging-570862915709/naresome_thumbnails/zNmA0MPnGnE.jpg","","QMcTSVKjaaw","2ch運命の出会いストーリー","UC8Z30-vQUd48GbLmT6Y_G6Q","C:\Data\ObsidianVault\02_Channels\馴れ初めシネマ\保全\copy_channel_research_20260623\best_thumbnails_quest\best_thumbnail_selection.csv"
"ZSnqYvGUaX0","gcs_upload_staging\archive_thumbnails\ZSnqYvGUaX0.jpg","121869","gs://senior-share-staging-570862915709/naresome_thumbnails/ZSnqYvGUaX0.jpg","","lyMrVcdxBsM","馴れ初めクエスト2ch","UCBTeXU9Auch51-79o2C-QyA","C:\Data\ObsidianVault\02_Channels\馴れ初めシネマ\保全\copy_channel_research_20260623\best_thumbnails_quest\best_thumbnail_selection.csv"
"ZVsPNKkBav4","gcs_upload_staging\archive_thumbnails\ZVsPNKkBav4.jpg","112910","gs://senior-share-staging-570862915709/naresome_thumbnails/ZVsPNKkBav4.jpg","","1xiualeTuwM","2ch馴れ初め物語","UCEnh7Zjp2lHtHA6ATOOcpbQ","C:\Data\ObsidianVault\02_Channels\馴れ初めシネマ\保全\copy_channel_research_20260623\best_thumbnails_quest\best_thumbnail_selection.csv"
"ZWf3RBqMhL8","gcs_upload_staging\archive_thumbnails\ZWf3RBqMhL8.jpg","129208","gs://senior-share-staging-570862915709/naresome_thumbnails/ZWf3RBqMhL8.jpg","",,,,"C:\Data\ObsidianVault\02_Channels\馴れ初めシネマ\保全\copy_channel_research_20260623\hokkori_best_thumbnails_master\hokkori_best_thumbnail_master.csv"
