video_id,channel,title,view_count,quality,local_path,bytes,error
nFJ2u3v3nW4,2ch馴れ初め感動シネマ,【2ch馴れ初め】ヤクザ事務所に間違い電話する青あざ少女→若頭の俺が大量の部下をお届けした結果...,1377895,existing,E:\Data\ObsidianVault\02_Channels\馴れ初めシネマ\競合チャンネル分析\企画リサーチ_20260605\gcs_upload_staging\naresome_thumbnails\nFJ2u3v3nW4.jpg,340331,
E6eszIXfLUw,2ch馴れ初め感動シネマ,【2ch馴れ初め】ヤクザ事務所に飛び込んできた青あざだらけの双子姉妹→若頭の俺が大量の部下を引き連れて助けた結果,812229,existing,E:\Data\ObsidianVault\02_Channels\馴れ初めシネマ\競合チャンネル分析\企画リサーチ_20260605\gcs_upload_staging\naresome_thumbnails\E6eszIXfLUw.jpg,339350,
c9Ej2IOWKbI,2ch馴れ初め感動シネマ,【2ch馴れ初め】保育園の休園で3歳の妹を連れて登校した陰キャの俺→妹が学校一のスケバンを「ママ」と呼び膝の上にダイブした結果,807353,existing,E:\Data\ObsidianVault\02_Channels\馴れ初めシネマ\競合チャンネル分析\企画リサーチ_20260605\gcs_upload_staging\naresome_thumbnails\c9Ej2IOWKbI.jpg,241448,
v3mn15AT2uo,2ch馴れ初め感動シネマ,【2ch馴れ初め】修学旅行当日に置いてかれた貧乏ヤンキー娘→宿泊先ホテルのオーナー息子の俺がブチギレた結果,667103,existing,E:\Data\ObsidianVault\02_Channels\馴れ初めシネマ\競合チャンネル分析\企画リサーチ_20260605\gcs_upload_staging\naresome_thumbnails\v3mn15AT2uo.jpg,254649,
b0gCa6GNji4,2ch馴れ初め感動シネマ,【2ch馴れ初め】叔父にお見合いを押し付けられた俺→貧乏人のフリしたら想定外の結果に…,654068,existing,E:\Data\ObsidianVault\02_Channels\馴れ初めシネマ\競合チャンネル分析\企画リサーチ_20260605\gcs_upload_staging\naresome_thumbnails\b0gCa6GNji4.jpg,334884,
L8gWq7CSkSw,2ch馴れ初め感動シネマ,【2ch馴れ初め】前世の記憶を持つ3歳の双子の娘が住所を話すので、連れて行ったらヤクザ事務所だった結果…,640433,existing,E:\Data\ObsidianVault\02_Channels\馴れ初めシネマ\競合チャンネル分析\企画リサーチ_20260605\gcs_upload_staging\naresome_thumbnails\L8gWq7CSkSw.jpg,362140,
ko38MCc1BjA,2ch馴れ初め感動シネマ,【2ch馴れ初め】少女を助け上級生のヤクザ息子にボコられた小1の息子→元第一空挺団の俺が本気を出した結果,520172,existing,E:\Data\ObsidianVault\02_Channels\馴れ初めシネマ\競合チャンネル分析\企画リサーチ_20260605\gcs_upload_staging\naresome_thumbnails\ko38MCc1BjA.jpg,251289,
NFNdX55aWQQ,2ch馴れ初め感動シネマ,【2ch馴れ初め】同窓会でヤクザとイキがる同級生に見下される俺→一人娘が「パパもヤクザ！」と答えた結果,491161,existing,E:\Data\ObsidianVault\02_Channels\馴れ初めシネマ\競合チャンネル分析\企画リサーチ_20260605\gcs_upload_staging\naresome_thumbnails\NFNdX55aWQQ.jpg,350402,
aIxL3N9jveQ,俺たちの馴れ初め,【2ch馴れ初め】両親が他界し天涯孤独になった私→ オタクの叔父に引き取られた結果...【ゆっくり】,487757,existing,E:\Data\ObsidianVault\02_Channels\馴れ初めシネマ\競合チャンネル分析\企画リサーチ_20260605\gcs_upload_staging\naresome_thumbnails\aIxL3N9jveQ.jpg,302152,
0UeSt_WXb-I,2ch馴れ初め感動シネマ,【2ch馴れ初め】いつも俺を見下す金髪の元ヤン保育士→娘は他界した姉の子で俺は独身だとバレた結果,437523,existing,E:\Data\ObsidianVault\02_Channels\馴れ初めシネマ\競合チャンネル分析\企画リサーチ_20260605\gcs_upload_staging\naresome_thumbnails\0UeSt_WXb-I.jpg,250149,
94_8YzAMPes,俺たちの馴れ初め,【2ch馴れ初め】会社の親睦会に参加せずトイレ掃除するギャル社員→頭に来た俺が社長を呼び出した結果...【ゆっくり】,347009,existing,E:\Data\ObsidianVault\02_Channels\馴れ初めシネマ\競合チャンネル分析\企画リサーチ_20260605\gcs_upload_staging\naresome_thumbnails\94_8YzAMPes.jpg,245777,
cJcciYO58eI,2ch馴れ初め感動シネマ,【2ch馴れ初め】独身なのに小さな双子の娘と会社の花見に参加した俺→天敵の新卒ギャル社員が興奮して話しかけてきた結果…,325877,existing,E:\Data\ObsidianVault\02_Channels\馴れ初めシネマ\競合チャンネル分析\企画リサーチ_20260605\gcs_upload_staging\naresome_thumbnails\cJcciYO58eI.jpg,260369,
UUnYHXb9_Bs,俺たちの馴れ初め,【2ch馴れ初め】家族で訪れた露天風呂で同級生と遭遇 →〇〇ゃおうか？と誘われた結果…【ゆっくり】,321044,existing,E:\Data\ObsidianVault\02_Channels\馴れ初めシネマ\競合チャンネル分析\企画リサーチ_20260605\gcs_upload_staging\naresome_thumbnails\UUnYHXb9_Bs.jpg,206812,
y9vNfaSBYf8,2ch馴れ初め感動シネマ,【2ch馴れ初め】歓迎会で親がヤクザ組長と悪自慢する同僚にカマされる俺→組長弟で実は若頭の俺がブチギレた結果.....,313633,existing,E:\Data\ObsidianVault\02_Channels\馴れ初めシネマ\競合チャンネル分析\企画リサーチ_20260605\gcs_upload_staging\naresome_thumbnails\y9vNfaSBYf8.jpg,251880,
2p7wZ-ymuoM,2ch馴れ初め感動シネマ,【2ch馴れ初め】俺のうどん屋で無銭飲食する自称ヤクザ→元組長の俺が現組長を呼び出した結果,313034,existing,E:\Data\ObsidianVault\02_Channels\馴れ初めシネマ\競合チャンネル分析\企画リサーチ_20260605\gcs_upload_staging\naresome_thumbnails\2p7wZ-ymuoM.jpg,263351,
PQfdNcanvU4,俺たちの馴れ初め,【2ch馴れ初め】毎日俺の部屋に来る幼馴染のJKが〇〇な女だと気付いた結果…【ゆっくり】,302411,existing,E:\Data\ObsidianVault\02_Channels\馴れ初めシネマ\競合チャンネル分析\企画リサーチ_20260605\gcs_upload_staging\naresome_thumbnails\PQfdNcanvU4.jpg,213155,
t8SIm0e4dzg,2ch馴れ初め感動シネマ,【2ch馴れ初め】道で轢かれそうな盲目のお婆さんを助けて送り届けるとヤクザ事務所→大量の黒服と学校一のヤンキー美女が出てきた結果,291087,existing,E:\Data\ObsidianVault\02_Channels\馴れ初めシネマ\競合チャンネル分析\企画リサーチ_20260605\gcs_upload_staging\naresome_thumbnails\t8SIm0e4dzg.jpg,254654,
R7gcHyY-vGE,2ch馴れ初めムービー,【２ｃｈ馴れ初め】極寒の夜、拾ったタダ券で味噌汁と生たまごを分け合う貧乏母娘→施設出身の店主の俺が心を込めた大盛り牛丼をご馳走した結果【感動名作】,289149,existing,E:\Data\ObsidianVault\02_Channels\馴れ初めシネマ\競合チャンネル分析\企画リサーチ_20260605\gcs_upload_staging\naresome_thumbnails\R7gcHyY-vGE.jpg,289623,
SNKS89me9ZI,2chなれそめストーリー2.0,【2ch馴れ初め】クラスのヤンキーが見舞いに来たので禁欲した俺が寝たふりしていたら息子を触りだした結果【ゆっくり解説】,286896,existing,E:\Data\ObsidianVault\02_Channels\馴れ初めシネマ\競合チャンネル分析\企画リサーチ_20260605\gcs_upload_staging\naresome_thumbnails\SNKS89me9ZI.jpg,256571,
ShSww0rUHA8,俺たちの馴れ初め,【2ch馴れ初め】　挨拶をしても無視する隣の住む女子大生→夜中に寝ていたら部屋に乗り込んできた結果...　【ゆっくり】,286848,existing,E:\Data\ObsidianVault\02_Channels\馴れ初めシネマ\競合チャンネル分析\企画リサーチ_20260605\gcs_upload_staging\naresome_thumbnails\ShSww0rUHA8.jpg,231236,
52oyQaMLe2E,2ch馴れ初めムービー,【２ｃｈ馴れ初め】失恋しソロキャンプで1人やけ食い中に現れた貧乏母娘→「一緒に食べませんか？」と誘った結果…【感動名作】,285161,existing,E:\Data\ObsidianVault\02_Channels\馴れ初めシネマ\競合チャンネル分析\企画リサーチ_20260605\gcs_upload_staging\naresome_thumbnails\52oyQaMLe2E.jpg,290020,
89TaGcvToAk,2chなれそめストーリー2.0,【2ch馴れ初め】会社の女上司が入院したのでお見舞いに行ったら、両腕を骨折していたのでパンツを履かせてあげた結果【ゆっくり解説】,273863,existing,E:\Data\ObsidianVault\02_Channels\馴れ初めシネマ\競合チャンネル分析\企画リサーチ_20260605\gcs_upload_staging\naresome_thumbnails\89TaGcvToAk.jpg,246110,
txKYUCAEc2U,2ch感動の馴れ初め話,【2ch馴れ初め】山奥の客ゼロなボロ旅館に迷い込んだ俺、元銀座板長の俺が手を貸した結果【ゆっくり動画】,270885,existing,E:\Data\ObsidianVault\02_Channels\馴れ初めシネマ\競合チャンネル分析\企画リサーチ_20260605\gcs_upload_staging\naresome_thumbnails\txKYUCAEc2U.jpg,309954,
dOg_IigZ18Y,俺たちの馴れ初め,【2ch馴れ初め】勝負して勝ったら何が欲しいのと聞いてきた幼馴染に履いてるパンツをくれと言った結果…【ゆっくり】,269248,existing,E:\Data\ObsidianVault\02_Channels\馴れ初めシネマ\競合チャンネル分析\企画リサーチ_20260605\gcs_upload_staging\naresome_thumbnails\dOg_IigZ18Y.jpg,228422,
-ELesAHAMjs,2ch馴れ初め感動シネマ,【2ch馴れ初め】祖父がヤクザ組長だが学校のスケバンに嘘つきとバカにされる陰キャの俺→30分後、校庭に大量の黒塗りの車が乗りこんできた結果,264110,existing,E:\Data\ObsidianVault\02_Channels\馴れ初めシネマ\競合チャンネル分析\企画リサーチ_20260605\gcs_upload_staging\naresome_thumbnails\-ELesAHAMjs.jpg,252177,
1DGo4gsdsHs,2chなれそめストーリー2.0,【2ch馴れ初め】お風呂も入れない貧乏部下に家のお風呂を貸したら、アソコがツルツルだったので我慢できずに手を出してしまった結果【ゆっくり解説】,249727,existing,E:\Data\ObsidianVault\02_Channels\馴れ初めシネマ\競合チャンネル分析\企画リサーチ_20260605\gcs_upload_staging\naresome_thumbnails\1DGo4gsdsHs.jpg,47210,
wuYqgmxRTFI,俺たちの馴れ初め,【2ch馴れ初め】出張先で帰りの飛行機が台風で欠航に→若い美女社員とラブホで一晩過ごした結果…【ゆっくり解説】,247433,existing,E:\Data\ObsidianVault\02_Channels\馴れ初めシネマ\競合チャンネル分析\企画リサーチ_20260605\gcs_upload_staging\naresome_thumbnails\wuYqgmxRTFI.jpg,215077,
aVjiD1MXnbQ,俺たちの馴れ初め,【2ch馴れ初め】　女医との合コンで引き立て役として呼ばれ、バカにされたゴミ収集員の俺→幼馴染の美人女医が隣に座って来た結果...　【ゆっくり】,245990,existing,E:\Data\ObsidianVault\02_Channels\馴れ初めシネマ\競合チャンネル分析\企画リサーチ_20260605\gcs_upload_staging\naresome_thumbnails\aVjiD1MXnbQ.jpg,248593,
MggNxF00eQ4,2ch馴れ初め感動シネマ,【2ch馴れ初め】弟の治療の為に昼ご飯を抜く貧乏ヤンキー同級生→俺の実家の弁当屋で働いてもらった結果,245303,existing,E:\Data\ObsidianVault\02_Channels\馴れ初めシネマ\競合チャンネル分析\企画リサーチ_20260605\gcs_upload_staging\naresome_thumbnails\MggNxF00eQ4.jpg,257882,
OOJlUlmV0I0,2chの感動馴初め話,ヤンキー同級生にプリントを届けに来た陰キャの俺→異変を感じ取り家に連れて帰った結果…【2ch馴れ初め】【ゆっくり解説】,242340,existing,E:\Data\ObsidianVault\02_Channels\馴れ初めシネマ\競合チャンネル分析\企画リサーチ_20260605\gcs_upload_staging\naresome_thumbnails\OOJlUlmV0I0.jpg,233704,
8hJLNj5DF28,俺たちの馴れ初め,【2ch馴れ初め】大人の階段を登れず焦る俺、幼馴染に男にしてくれとお願いした結果…【ゆっくり】,241120,existing,E:\Data\ObsidianVault\02_Channels\馴れ初めシネマ\競合チャンネル分析\企画リサーチ_20260605\gcs_upload_staging\naresome_thumbnails\8hJLNj5DF28.jpg,212264,
n60LdT9bvEE,2ch馴れ初め感動シネマ,【2ch馴れ初め】不良同級生にプリントを届けに行った組長息子の俺→異臭がするので俺んちのヤクザ銭湯に連れ帰った結果,239151,existing,E:\Data\ObsidianVault\02_Channels\馴れ初めシネマ\競合チャンネル分析\企画リサーチ_20260605\gcs_upload_staging\naresome_thumbnails\n60LdT9bvEE.jpg,340612,
n-kVncB5ntU,2ch馴れ初めタイムトラベル,【2ch馴れ初め】ハーバード大卒を隠し社長運転手をしていた俺→海外企業との商談に急遽同席した結果...【ゆっくり】,238564,existing,E:\Data\ObsidianVault\02_Channels\馴れ初めシネマ\競合チャンネル分析\企画リサーチ_20260605\gcs_upload_staging\naresome_thumbnails\n-kVncB5ntU.jpg,249178,
ZiLqGqHHHkA,2ch馴れ初め感動シネマ,【2ch馴れ初め】ヤクザに脅され震えているラーメン屋の母娘→ 常連客の俺が正体を明かし助けた結果,229720,existing,E:\Data\ObsidianVault\02_Channels\馴れ初めシネマ\競合チャンネル分析\企画リサーチ_20260605\gcs_upload_staging\naresome_thumbnails\ZiLqGqHHHkA.jpg,263850,
_8RG31uGLR8,2chなれそめストーリー2.0,【2ch馴れ初め】毎日ゴミ置き場で会う美人な団地妻、しゃがんだらノー〇ンなのが見えてしまい恐る恐る理由を聞いてみた結果【ゆっくり解説】,229611,existing,E:\Data\ObsidianVault\02_Channels\馴れ初めシネマ\競合チャンネル分析\企画リサーチ_20260605\gcs_upload_staging\naresome_thumbnails\_8RG31uGLR8.jpg,48941,
5Pm2_TCYVUI,2ch 馴れ初め ストーリーズ,【2ch馴れ初め】赤字続きの俺の会社に面接に来た謎のボロボロ女性→超有能だったので秘書として即採用した結果【ゆっくり】,229500,existing,E:\Data\ObsidianVault\02_Channels\馴れ初めシネマ\競合チャンネル分析\企画リサーチ_20260605\gcs_upload_staging\naresome_thumbnails\5Pm2_TCYVUI.jpg,231952,
Q9SVaNXbykM,2ch馴れ初め感動シネマ,【2ch馴れ初め】７ヶ国語を話せる俺がAI導入で突然のクビ宣告→笑いを堪えて速攻で退職した結果,227222,existing,E:\Data\ObsidianVault\02_Channels\馴れ初めシネマ\競合チャンネル分析\企画リサーチ_20260605\gcs_upload_staging\naresome_thumbnails\Q9SVaNXbykM.jpg,244057,
JK45nLPPF4M,2ch馴れ初め感動シネマ,【2ch馴れ初め】初出勤の義妹が丸坊主姿で10分で帰宅→若頭の俺が大量の部下を引き連れて突撃した結果【2ch】【馴れ初め】【ゆっくり】,225311,existing,E:\Data\ObsidianVault\02_Channels\馴れ初めシネマ\競合チャンネル分析\企画リサーチ_20260605\gcs_upload_staging\naresome_thumbnails\JK45nLPPF4M.jpg,356155,
JxigQZBRH1M,2ch馴れ初め感動シネマ,【2ch馴れ初め】ヤンキー美女と調理実習の授業でペアに→料理好きな俺が行列町中華秘伝のチャーハンのレシピを教えた結果,217275,existing,E:\Data\ObsidianVault\02_Channels\馴れ初めシネマ\競合チャンネル分析\企画リサーチ_20260605\gcs_upload_staging\naresome_thumbnails\JxigQZBRH1M.jpg,266278,
9aX-SzQyUt0,俺たちの馴れ初め,【2ch馴れ初め】上司のミスをかぶり涙目で徹夜する新入社員→ブチギレた俺が社長を呼び出した結果...【ゆっくり】,215808,existing,E:\Data\ObsidianVault\02_Channels\馴れ初めシネマ\競合チャンネル分析\企画リサーチ_20260605\gcs_upload_staging\naresome_thumbnails\9aX-SzQyUt0.jpg,246702,
3cixJl1E9_w,2ch馴れ初め感動シネマ,【2ch馴れ初め】同窓会で同業界の同級生に飛び蹴りされた俺→初対面なので速攻で警察を呼んだ結果,215360,existing,E:\Data\ObsidianVault\02_Channels\馴れ初めシネマ\競合チャンネル分析\企画リサーチ_20260605\gcs_upload_staging\naresome_thumbnails\3cixJl1E9_w.jpg,330787,
PnhwGzFIxOA,2ch馴れ初め感動シネマ,【2ch馴れ初め】他界した姉夫婦の双子を引き取ったキモオタの俺→実は資産家の俺がコンビニ全員で双子を育てた結果,214029,existing,E:\Data\ObsidianVault\02_Channels\馴れ初めシネマ\競合チャンネル分析\企画リサーチ_20260605\gcs_upload_staging\naresome_thumbnails\PnhwGzFIxOA.jpg,251745,
PEB-jUzQDmo,俺たちの馴れ初め,【2ch馴れ初め】アパートの通路でよく見かける美女がいつもパンツが見えているので聞いた結果…【ゆっくり】,204370,existing,E:\Data\ObsidianVault\02_Channels\馴れ初めシネマ\競合チャンネル分析\企画リサーチ_20260605\gcs_upload_staging\naresome_thumbnails\PEB-jUzQDmo.jpg,214746,
osLT0KDsoUY,2chなれそめストーリー2.0,【2ch馴れ初め】赤点ばかりヤンキー同級生が「勉強を教えてくれ！」と頼んできたので、代わりに童貞を卒業したいとお願いした結果【ゆっくり解説】,203382,existing,E:\Data\ObsidianVault\02_Channels\馴れ初めシネマ\競合チャンネル分析\企画リサーチ_20260605\gcs_upload_staging\naresome_thumbnails\osLT0KDsoUY.jpg,249723,
xfBY3PPK6eA,2ch馴れ初め感動シネマ,【2ch馴れ初め】ヤクザ事務所に飛び込み営業に来たおにぎり屋のボロボロ双子→若頭の俺が全部買い取って助けた結果,202627,existing,E:\Data\ObsidianVault\02_Channels\馴れ初めシネマ\競合チャンネル分析\企画リサーチ_20260605\gcs_upload_staging\naresome_thumbnails\xfBY3PPK6eA.jpg,356272,
KgloBOGzkMg,2ch 馴れ初め ストーリーズ,【2ch馴れ初め】深夜のジョギング中、指名手配犯と疑われる俺→ ブチギレて職場（捜査一課）に連れて行った結果【ゆっくり】,202131,existing,E:\Data\ObsidianVault\02_Channels\馴れ初めシネマ\競合チャンネル分析\企画リサーチ_20260605\gcs_upload_staging\naresome_thumbnails\KgloBOGzkMg.jpg,217209,
s5SoNrHxS5I,2ch馴れ初め感動シネマ,【2ch馴れ初め】廃業寸前のうちの旅館に面接に来たボロボロの母娘→元女将の祖母と現女将の母が元ヤンの直観で即採用した結果,201144,existing,E:\Data\ObsidianVault\02_Channels\馴れ初めシネマ\競合チャンネル分析\企画リサーチ_20260605\gcs_upload_staging\naresome_thumbnails\s5SoNrHxS5I.jpg,259979,
Wk4pLRhf48Y,2ch馴れ初め感動シネマ,【2ch馴れ初め】修学旅行に行ったはずの義妹が10分で帰宅→自宅警備員でニート兄の俺がブチギレた結果,199862,existing,E:\Data\ObsidianVault\02_Channels\馴れ初めシネマ\競合チャンネル分析\企画リサーチ_20260605\gcs_upload_staging\naresome_thumbnails\Wk4pLRhf48Y.jpg,330350,
brdslCRJO84,俺たちの馴れ初め,【2ch馴れ初め】凄まじい異臭を放つ貧乏ギャル→俺んちの銭湯で働いてもらった結果...【ゆっくり】,193611,existing,E:\Data\ObsidianVault\02_Channels\馴れ初めシネマ\競合チャンネル分析\企画リサーチ_20260605\gcs_upload_staging\naresome_thumbnails\brdslCRJO84.jpg,262300,
mdoE-Sv-AxA,2ch馴れ初め感動シネマ,【2ch馴れ初め】母親のために逆高校デビューした陰キャの俺→元最強不良の俺が本気を出した結果...,191339,existing,E:\Data\ObsidianVault\02_Channels\馴れ初めシネマ\競合チャンネル分析\企画リサーチ_20260605\gcs_upload_staging\naresome_thumbnails\mdoE-Sv-AxA.jpg,244976,
7SqFF00jHN0,2ch馴れ初め感動シネマ,【2ch馴れ初め】内定懇親会で2人だけカップ麺を出される俺たち→オーナー息子の俺がブチギレた結果...,189736,existing,E:\Data\ObsidianVault\02_Channels\馴れ初めシネマ\競合チャンネル分析\企画リサーチ_20260605\gcs_upload_staging\naresome_thumbnails\7SqFF00jHN0.jpg,332871,
zhvcidTSsBI,2ch馴れ初め感動シネマ,【2ch馴れ初め】修学旅行のバスで、隣の席のヤンキー美女がトイレを我慢できなくなった結果,187514,existing,E:\Data\ObsidianVault\02_Channels\馴れ初めシネマ\競合チャンネル分析\企画リサーチ_20260605\gcs_upload_staging\naresome_thumbnails\zhvcidTSsBI.jpg,233998,
hrh6kA0G2KY,2chなれそめストーリー2.0,【2ch馴れ初め】会社で一番のデブスな後輩が、なぜか毎日デートに誘ってくるので、試しに１日だけデートしてみた結果【ゆっくり解説】,180810,existing,E:\Data\ObsidianVault\02_Channels\馴れ初めシネマ\競合チャンネル分析\企画リサーチ_20260605\gcs_upload_staging\naresome_thumbnails\hrh6kA0G2KY.jpg,49469,
1OA4tUo2z6Q,2ch馴れ初め感動シネマ,【2ch馴れ初め】行きつけの居酒屋で自称ヤクザに脅され涙目の母娘→店主の娘が本物のヤクザを呼び出した結果...【2ch】【馴れ初め】,176421,existing,E:\Data\ObsidianVault\02_Channels\馴れ初めシネマ\競合チャンネル分析\企画リサーチ_20260605\gcs_upload_staging\naresome_thumbnails\1OA4tUo2z6Q.jpg,269295,
ODO0D5IVN50,2ch馴れ初めゆっくりで最愛,【2ch 馴れ初め】先輩のミスを押し付けられ涙目で必死に対応する女性社員、 社内で無能なフリをしていたキモヲタ陰キャの俺が本気を出した結果【ゆっくり】,173164,existing,E:\Data\ObsidianVault\02_Channels\馴れ初めシネマ\競合チャンネル分析\企画リサーチ_20260605\gcs_upload_staging\naresome_thumbnails\ODO0D5IVN50.jpg,263687,
3d_Qh6SqV5Q,2ch馴れ初めゆっくりで最愛,【2ch馴れ初め】両親が他界し親戚からたらい回しの嫌われまくった双子少女→キモオタ社長であるおじの俺が引き取り育てた結果【ゆっくり】,170871,existing,E:\Data\ObsidianVault\02_Channels\馴れ初めシネマ\競合チャンネル分析\企画リサーチ_20260605\gcs_upload_staging\naresome_thumbnails\3d_Qh6SqV5Q.jpg,276377,
ySKCAa8aQIg,2ch馴れ初め感動シネマ,【2ch馴れ初め】学校一暗いの地味女と文化祭でペアになるハメに→後日・・・彼女の驚きの正体に学校が騒然に・・・,168528,existing,E:\Data\ObsidianVault\02_Channels\馴れ初めシネマ\競合チャンネル分析\企画リサーチ_20260605\gcs_upload_staging\naresome_thumbnails\ySKCAa8aQIg.jpg,244730,
Hi4y-fo_Tuo,2ch馴れ初め感動シネマ,【2ch馴れ初め】常連客のレディース総長のピンチにうどん屋でヤクザ組長の息子の俺が正体を明かした結果,168399,existing,E:\Data\ObsidianVault\02_Channels\馴れ初めシネマ\競合チャンネル分析\企画リサーチ_20260605\gcs_upload_staging\naresome_thumbnails\Hi4y-fo_Tuo.jpg,259071,
Yq-TUjV6QI8,2ch 馴れ初め ストーリーズ,【2ch馴れ初め】話しかけても反応せず、気味悪がられる親戚の赤ちゃん→耳鼻科医の俺が引き取った結果…【ゆっくり】,167379,existing,E:\Data\ObsidianVault\02_Channels\馴れ初めシネマ\競合チャンネル分析\企画リサーチ_20260605\gcs_upload_staging\naresome_thumbnails\Yq-TUjV6QI8.jpg,227236,
YnI_9w_aGQc,2chなれそめストーリー2.0,【2ch馴れ初め】部屋で自己処理してたら、幼馴染が突然ドアを開けてきて、イチモツを見られた【ゆっくり解説】,167359,existing,E:\Data\ObsidianVault\02_Channels\馴れ初めシネマ\競合チャンネル分析\企画リサーチ_20260605\gcs_upload_staging\naresome_thumbnails\YnI_9w_aGQc.jpg,231331,
BCBJs-GtUOQ,俺たちの馴れ初め,【2ch馴れ初め】ケンカして負傷したヤンキー高校生の姪を迎えにいったら→保健室の先生に俺の正体がバレた結果...【ゆっくり】,167029,existing,E:\Data\ObsidianVault\02_Channels\馴れ初めシネマ\競合チャンネル分析\企画リサーチ_20260605\gcs_upload_staging\naresome_thumbnails\BCBJs-GtUOQ.jpg,241987,
iJ35o4VN2IY,2ch馴れ初め感動シネマ,【2ch馴れ初め】大雪の日、サービスエリアで大号泣する受験生→トラック運転手の俺が300㎞の距離を送り届けた結果....,166630,existing,E:\Data\ObsidianVault\02_Channels\馴れ初めシネマ\競合チャンネル分析\企画リサーチ_20260605\gcs_upload_staging\naresome_thumbnails\iJ35o4VN2IY.jpg,245300,
PuqnaCaayGY,2ch馴れ初め感動シネマ,【2ch馴れ初め】90人分の花見弁当をキャンセルされた貧乏親子→隣で花見をしていた若頭の俺が全部買い取った結果,166417,existing,E:\Data\ObsidianVault\02_Channels\馴れ初めシネマ\競合チャンネル分析\企画リサーチ_20260605\gcs_upload_staging\naresome_thumbnails\PuqnaCaayGY.jpg,357202,
N21mi9CFfCw,俺たちの馴れ初め,【2ch馴れ初め】前世の記憶を持つ中学生の私が→前世で結婚していた夫に会いに行った結果…【ゆっくり】,161677,existing,E:\Data\ObsidianVault\02_Channels\馴れ初めシネマ\競合チャンネル分析\企画リサーチ_20260605\gcs_upload_staging\naresome_thumbnails\N21mi9CFfCw.jpg,241757,
iljXbghzZJM,俺たちの馴れ初め,【2ch馴れ初め】俺を男として見ようとしない幼馴染の目の前でゴムを購入した結果…【ゆっくり】,160895,existing,E:\Data\ObsidianVault\02_Channels\馴れ初めシネマ\競合チャンネル分析\企画リサーチ_20260605\gcs_upload_staging\naresome_thumbnails\iljXbghzZJM.jpg,210960,
0qLw-2AbyqQ,俺たちの馴れ初め,【2ch馴れ初め】拾った無料券でえび天1本だけ分け合う母娘→俺が大盛の天ぷらうどんをご馳走した結果...【ゆっくり】,160609,existing,E:\Data\ObsidianVault\02_Channels\馴れ初めシネマ\競合チャンネル分析\企画リサーチ_20260605\gcs_upload_staging\naresome_thumbnails\0qLw-2AbyqQ.jpg,245144,
ioll-XhzN1I,2chの感動馴初め話,親の借金を返す為、100円を差し出すボロボロの少女→ 施設育ちのヤ〇ザの俺が連れ帰った結果【2ch馴れ初め】【ゆっくり解説】,158361,existing,E:\Data\ObsidianVault\02_Channels\馴れ初めシネマ\競合チャンネル分析\企画リサーチ_20260605\gcs_upload_staging\naresome_thumbnails\ioll-XhzN1I.jpg,239269,
NbXQbMCNKpw,俺たちの馴れ初め,【2ch馴れ初め】蒸発した妹の子供達を引き取ったデブ陰キャな俺→ 美人社長がおかしくなった結果...【ゆっくり】,155707,existing,E:\Data\ObsidianVault\02_Channels\馴れ初めシネマ\競合チャンネル分析\企画リサーチ_20260605\gcs_upload_staging\naresome_thumbnails\NbXQbMCNKpw.jpg,260777,
4ORQ4ooMsR0,2ch馴れ初め感動シネマ,【2ch馴れ初め】道で汚い少女を助けたホームレスの俺→後日、ヤクザ組長と大量の黒服を連れて恩返しに来た結果,153274,existing,E:\Data\ObsidianVault\02_Channels\馴れ初めシネマ\競合チャンネル分析\企画リサーチ_20260605\gcs_upload_staging\naresome_thumbnails\4ORQ4ooMsR0.jpg,132409,
zrF79LSiZLA,2ch馴れ初め感動シネマ,【2ch馴れ初め】100人分の弁当をキャンセルされたボロボロの美人親子→ヤクザ幹部の俺が組員の為に全て買い取った結果.....,153133,existing,E:\Data\ObsidianVault\02_Channels\馴れ初めシネマ\競合チャンネル分析\企画リサーチ_20260605\gcs_upload_staging\naresome_thumbnails\zrF79LSiZLA.jpg,349785,
YDqhFWr0i84,2ch 馴れ初め ストーリーズ,【2ch馴れ初め】離婚した元妻に引き取られた1歳の双子姉妹→3年後、児童養護施設のテレビ番組で父親探しをしていた結果【ゆっくり】,152207,existing,E:\Data\ObsidianVault\02_Channels\馴れ初めシネマ\競合チャンネル分析\企画リサーチ_20260605\gcs_upload_staging\naresome_thumbnails\YDqhFWr0i84.jpg,252998,
kt7Q0AE7u3I,2ch馴れ初め感動シネマ,【2ch馴れ初め】誘拐犯から赤ちゃんを庇って大ケガをした陰キャの俺→後日、極道美女と大量の黒服が学校に現れた結果...【2ch】【馴れ初め】,150724,existing,E:\Data\ObsidianVault\02_Channels\馴れ初めシネマ\競合チャンネル分析\企画リサーチ_20260605\gcs_upload_staging\naresome_thumbnails\kt7Q0AE7u3I.jpg,384639,
cXhRnsnJiYY,2ch馴れ初め感動シネマ,【2ch馴れ初め】火事で逃げ遅れた少女を助け右目を失ったヤクザの俺→15年後、美人婦警に職質された結果...,150656,existing,E:\Data\ObsidianVault\02_Channels\馴れ初めシネマ\競合チャンネル分析\企画リサーチ_20260605\gcs_upload_staging\naresome_thumbnails\cXhRnsnJiYY.jpg,260909,
6l3FAueNQQI,俺たちの馴れ初め,【2ch馴れ初め】　貧困の俺が釣った魚をさばいていたら→隣の豪邸に住む美人姉妹が乗り込んできた結果...　【ゆっくり】,148855,existing,E:\Data\ObsidianVault\02_Channels\馴れ初めシネマ\競合チャンネル分析\企画リサーチ_20260605\gcs_upload_staging\naresome_thumbnails\6l3FAueNQQI.jpg,247198,
snGdeuvhQTE,2ch馴れ初めタイムトラベル,【2ch馴れ初め】部長にハメられド田舎の孤島に左遷された俺→３年で業績1位のリゾート地にした結果…【ゆっくり】,148601,existing,E:\Data\ObsidianVault\02_Channels\馴れ初めシネマ\競合チャンネル分析\企画リサーチ_20260605\gcs_upload_staging\naresome_thumbnails\snGdeuvhQTE.jpg,231918,
v2VT_qP0R9s,2ch馴れ初めゆっくりで最愛,【2ch馴れ初め】大雪の夜、自販機横で段ボールで寒さを凌ぐボロボロ母娘。温かいお風呂と自慢の豚汁を振る舞った結果【ゆっくり】,147769,existing,E:\Data\ObsidianVault\02_Channels\馴れ初めシネマ\競合チャンネル分析\企画リサーチ_20260605\gcs_upload_staging\naresome_thumbnails\v2VT_qP0R9s.jpg,285785,
Jye_8BUxlj0,2ch馴れ初め感動シネマ,【2ch馴れ初め】会社の飲み会帰りにヤクザと肩が触れ脅される俺→社内一のマドンナが腹を抱えて笑い出した結果,146546,existing,E:\Data\ObsidianVault\02_Channels\馴れ初めシネマ\競合チャンネル分析\企画リサーチ_20260605\gcs_upload_staging\naresome_thumbnails\Jye_8BUxlj0.jpg,259763,
wjQRwhuUgTw,2ch馴れ初め感動シネマ,【2ch馴れ初め】親が夜逃げし路頭に迷うボロボロの貧乏姉妹→極道の妻の母が俺んちに連れて帰った結果,145950,existing,E:\Data\ObsidianVault\02_Channels\馴れ初めシネマ\競合チャンネル分析\企画リサーチ_20260605\gcs_upload_staging\naresome_thumbnails\wjQRwhuUgTw.jpg,326674,
aT2o71IMta4,2ch馴れ初めタイムトラベル,【2ch馴れ初め】大手銀行員の隣人の家に遊びに行った娘が5分で帰宅　速攻でライバル銀行に100億移した結果...【ゆっくり】,145129,existing,E:\Data\ObsidianVault\02_Channels\馴れ初めシネマ\競合チャンネル分析\企画リサーチ_20260605\gcs_upload_staging\naresome_thumbnails\aT2o71IMta4.jpg,246083,
TuLvlXIYioU,2chの感動馴初め話,【2ch馴れ初め】大雪の夜、300円で灯油を買いに来る少女→満杯にして一緒に家まで運んだ結果【ゆっくり解説】,145017,existing,E:\Data\ObsidianVault\02_Channels\馴れ初めシネマ\競合チャンネル分析\企画リサーチ_20260605\gcs_upload_staging\naresome_thumbnails\TuLvlXIYioU.jpg,242546,
shPUXeyESIE,2ch馴れ初めタイムトラベル,【2ch馴れ初め】社員旅行に行った幼馴染が5分で帰宅 →旅行先へ重役を連れて乗り込んだ結果...【ゆっくり】,144560,existing,E:\Data\ObsidianVault\02_Channels\馴れ初めシネマ\競合チャンネル分析\企画リサーチ_20260605\gcs_upload_staging\naresome_thumbnails\shPUXeyESIE.jpg,274450,
HqMFqzyoUgw,俺たちの馴れ初め,【2ch馴れ初め】親の再婚で出来た姉の部屋に干してある下着を見た結果…【ゆっくり解説】,144247,existing,E:\Data\ObsidianVault\02_Channels\馴れ初めシネマ\競合チャンネル分析\企画リサーチ_20260605\gcs_upload_staging\naresome_thumbnails\HqMFqzyoUgw.jpg,201873,
HXU4Xmrj_5Y,2ch馴れ初め感動シネマ,【2ch馴れ初め】高級寿司屋でカッパ巻きを頼みカマされる一人娘→魚卸社長の俺がブチギレた結果...,143904,existing,E:\Data\ObsidianVault\02_Channels\馴れ初めシネマ\競合チャンネル分析\企画リサーチ_20260605\gcs_upload_staging\naresome_thumbnails\HXU4Xmrj_5Y.jpg,250595,
Rc16_MiC6Dc,2chの感動馴初め話,隣に引っ越してきた0歳の赤ちゃんを抱えたボロボロ女性→小さくなった娘のお下がりを大量にあげた結果…【2ch馴れ初め】【ゆっくり解説】,143682,existing,E:\Data\ObsidianVault\02_Channels\馴れ初めシネマ\競合チャンネル分析\企画リサーチ_20260605\gcs_upload_staging\naresome_thumbnails\Rc16_MiC6Dc.jpg,235202,
JxgWHFcVfpg,2ch馴れ初め感動シネマ,【2ch馴れ初め】離婚した元妻に引き取られた1歳の双子姉妹→3年後、青あざ双子がライブ配信で父親探しをしていた結果,143435,existing,E:\Data\ObsidianVault\02_Channels\馴れ初めシネマ\競合チャンネル分析\企画リサーチ_20260605\gcs_upload_staging\naresome_thumbnails\JxgWHFcVfpg.jpg,334444,
p2GOmM3NToE,2ch馴れ初め感動シネマ,【2ch馴れ初め】運動会の昼食で1人ぼっちをバカにされる娘→数秒後、組長の俺が本気を出した結果,142744,existing,E:\Data\ObsidianVault\02_Channels\馴れ初めシネマ\競合チャンネル分析\企画リサーチ_20260605\gcs_upload_staging\naresome_thumbnails\p2GOmM3NToE.jpg,337116,
1hFOJYWmK7Q,俺たちの馴れ初め,【2ch馴れ初め】従姉妹の美人女医に勧められた縁談 →まさかの本人が姿を現した結果...【ゆっくり】,142187,existing,E:\Data\ObsidianVault\02_Channels\馴れ初めシネマ\競合チャンネル分析\企画リサーチ_20260605\gcs_upload_staging\naresome_thumbnails\1hFOJYWmK7Q.jpg,244570,
bde-GSjLRB0,2ch 馴れ初め ストーリーズ,【2ch馴れ初め】転居先のマンションで偶然出会った1歳の赤ちゃん→離婚した元妻が引き取った俺の娘だった結果【ゆっくり】,142038,existing,E:\Data\ObsidianVault\02_Channels\馴れ初めシネマ\競合チャンネル分析\企画リサーチ_20260605\gcs_upload_staging\naresome_thumbnails\bde-GSjLRB0.jpg,239207,
z26xLDhW7eA,俺たちの馴れ初め,【2ch馴れ初め】　元妻に引き取られた足が不自由な赤ん坊の娘数年後、ボロボロの車いす姿で俺の前に現れた結果・・　【ゆっくり】,141739,existing,E:\Data\ObsidianVault\02_Channels\馴れ初めシネマ\競合チャンネル分析\企画リサーチ_20260605\gcs_upload_staging\naresome_thumbnails\z26xLDhW7eA.jpg,293159,
-YKNsm892wI,2ch馴れ初めゆっくりで最愛,【2ch 馴れ初め】少女を庇い交通事故にあい入院しクビになった俺→会社の全特許を持つ俺が退職した結果【ゆっくり】,140455,existing,E:\Data\ObsidianVault\02_Channels\馴れ初めシネマ\競合チャンネル分析\企画リサーチ_20260605\gcs_upload_staging\naresome_thumbnails\-YKNsm892wI.jpg,268517,
ldWJTo0_rnw,俺たちの馴れ初め,【2ch馴れ初め】山奥の秘湯にある客ゼロの温泉旅館→元銀座板長の俺が包丁を握った結果...【ゆっくり】,139692,existing,E:\Data\ObsidianVault\02_Channels\馴れ初めシネマ\競合チャンネル分析\企画リサーチ_20260605\gcs_upload_staging\naresome_thumbnails\ldWJTo0_rnw.jpg,252064,
vuayNlyo2Qg,2chなれそめストーリー2.0,【2ch馴れ初め】ケンカに敗けたヤンキーに手を出した結果【ゆっくり解説】,138626,existing,E:\Data\ObsidianVault\02_Channels\馴れ初めシネマ\競合チャンネル分析\企画リサーチ_20260605\gcs_upload_staging\naresome_thumbnails\vuayNlyo2Qg.jpg,244277,
aLOibgd6T4Q,俺たちの馴れ初め,【2ch馴れ初め】毎日スーパーで半額シール待ちの貧乏母娘 → ある日突然来なくなったので探しに行った結果…【ゆっくり】,137847,existing,E:\Data\ObsidianVault\02_Channels\馴れ初めシネマ\競合チャンネル分析\企画リサーチ_20260605\gcs_upload_staging\naresome_thumbnails\aLOibgd6T4Q.jpg,324716,
9W-l3yixGSA,2ch馴れ初め感動シネマ,【2ch馴れ初め】暴走族時代の宿敵にカマされる若頭の俺→5歳の娘がブチギレた結果...,137721,existing,E:\Data\ObsidianVault\02_Channels\馴れ初めシネマ\競合チャンネル分析\企画リサーチ_20260605\gcs_upload_staging\naresome_thumbnails\9W-l3yixGSA.jpg,313194,
rLONOdsEkNg,馴れ初め公園,【馴れ初め】亡くなった兄夫婦の幼い双子娘を育てる俺が買い物してる所を→社内一暗い同僚が泣きながら見てた結果…【ゆっくり】,135874,existing,E:\Data\ObsidianVault\02_Channels\馴れ初めシネマ\競合チャンネル分析\企画リサーチ_20260605\gcs_upload_staging\naresome_thumbnails\rLONOdsEkNg.jpg,314650,
oTcYtYpozTM,2ch馴れ初め感動シネマ,【2ch馴れ初め】ヤクザに脅され震えている定食屋の美人店主→組長の血を受け継ぐ孫娘が助けた結果,134830,existing,E:\Data\ObsidianVault\02_Channels\馴れ初めシネマ\競合チャンネル分析\企画リサーチ_20260605\gcs_upload_staging\naresome_thumbnails\oTcYtYpozTM.jpg,265502,
f1tLjYHCjUM,2ch馴れ初めムービー,【２ｃｈ馴れ初め】閉店間際の手打ち蕎麦屋を訪れた赤子を抱えた貧乏親子→古びた蕎麦屋を経営する俺が住み込みで雇った結果【感動名作】,132991,existing,E:\Data\ObsidianVault\02_Channels\馴れ初めシネマ\競合チャンネル分析\企画リサーチ_20260605\gcs_upload_staging\naresome_thumbnails\f1tLjYHCjUM.jpg,285194,
2YkSLD66U80,俺たちの馴れ初め,【2ch馴れ初め】　前世の記憶を持つ俺が→前世の娘に会いに行った結果　【ゆっくり】,132519,existing,E:\Data\ObsidianVault\02_Channels\馴れ初めシネマ\競合チャンネル分析\企画リサーチ_20260605\gcs_upload_staging\naresome_thumbnails\2YkSLD66U80.jpg,231673,
AJq3KQEyiwA,2ch馴れ初めムービー,【２ｃｈ馴れ初め】大混雑の春祭り会場で俺のたこ焼き屋台を訪ねて来た貧乏親子→1人じゃ回らないので手伝って貰った結果… 【感動名作】,132103,existing,E:\Data\ObsidianVault\02_Channels\馴れ初めシネマ\競合チャンネル分析\企画リサーチ_20260605\gcs_upload_staging\naresome_thumbnails\AJq3KQEyiwA.jpg,306403,
kIB2W9xMX9k,2ch馴れ初め感動シネマ,【2ch馴れ初め】内定懇親会で全社員の前でコケにされる中卒エンジニアの俺→速攻で内定辞退し連絡先ブロックした結果...,130315,existing,E:\Data\ObsidianVault\02_Channels\馴れ初めシネマ\競合チャンネル分析\企画リサーチ_20260605\gcs_upload_staging\naresome_thumbnails\kIB2W9xMX9k.jpg,342223,
CoBEHjYqr4U,2ch馴れ初め感動シネマ,【2ch馴れ初め】廃業寸前のケーキ屋で警察に突撃された俺→売れ残ったケーキを貧乏双子に振舞った結果,130255,maxresdefault,E:\Data\ObsidianVault\02_Channels\馴れ初めシネマ\競合チャンネル分析\企画リサーチ_20260605\gcs_upload_staging\naresome_thumbnails\CoBEHjYqr4U.jpg,350150,
6IvhWNtUNXs,2ch馴れ初め感動シネマ,【2ch馴れ初め】いつも俺を見下すのヤンキーギャルのピンチに→元暴走族総長で現学食のヘタレおっさんの俺が正体明かした結果,129323,maxresdefault,E:\Data\ObsidianVault\02_Channels\馴れ初めシネマ\競合チャンネル分析\企画リサーチ_20260605\gcs_upload_staging\naresome_thumbnails\6IvhWNtUNXs.jpg,288741,
rO_-r7gYoaQ,2ch馴れ初め感動シネマ,【2ch馴れ初め】修学旅行の班決めで金髪デブ女を引き取るハメに→後日、旅行先で彼女の驚きの招待が....,128974,maxresdefault,E:\Data\ObsidianVault\02_Channels\馴れ初めシネマ\競合チャンネル分析\企画リサーチ_20260605\gcs_upload_staging\naresome_thumbnails\rO_-r7gYoaQ.jpg,256984,
jmN_E4arcIU,2ch 馴れ初め ストーリーズ,【2ch馴れ初め】寒空で凍えていた女子と同棲した結果、人生バラ色になった,128865,maxresdefault,E:\Data\ObsidianVault\02_Channels\馴れ初めシネマ\競合チャンネル分析\企画リサーチ_20260605\gcs_upload_staging\naresome_thumbnails\jmN_E4arcIU.jpg,234290,
-jGtT3lYMnI,2chなれそめストーリー2.0,【2ch馴れ初め】よく通っているスーパー銭湯で毎回アカスリしてくれる熟女に俺の息子が当たってしまった結果【ゆっくり】,128317,maxresdefault,E:\Data\ObsidianVault\02_Channels\馴れ初めシネマ\競合チャンネル分析\企画リサーチ_20260605\gcs_upload_staging\naresome_thumbnails\-jGtT3lYMnI.jpg,232519,
nN0h5ebM24Q,2ch馴れ初め感動シネマ,【2ch馴れ初め】同窓会でヤクザ顧問とイキがる弁護士に見下される俺→4歳の娘が「パパの犯人」と答えた結果,126899,maxresdefault,E:\Data\ObsidianVault\02_Channels\馴れ初めシネマ\競合チャンネル分析\企画リサーチ_20260605\gcs_upload_staging\naresome_thumbnails\nN0h5ebM24Q.jpg,346563,
8EhEgAC0vRc,俺たちの馴れ初め,【2ch馴れ初め】家を追い出され夜道をさまよう女子大生 →オタクの俺が保護して実家に住まわせた結果...【ゆっくり】,126232,maxresdefault,E:\Data\ObsidianVault\02_Channels\馴れ初めシネマ\競合チャンネル分析\企画リサーチ_20260605\gcs_upload_staging\naresome_thumbnails\8EhEgAC0vRc.jpg,325321,
lrMRGI_MPGI,2chなれそめストーリー2.0,【2ch馴れ初め】家出した深夜一人のヤンキーを保護したら、いきなりお風呂に乱入してきた結果【ゆっくり解説】,125343,maxresdefault,E:\Data\ObsidianVault\02_Channels\馴れ初めシネマ\競合チャンネル分析\企画リサーチ_20260605\gcs_upload_staging\naresome_thumbnails\lrMRGI_MPGI.jpg,222923,
TuPYsbCui3M,2ch馴れ初め感動シネマ,【2ch馴れ初め】ヤクザ事務所に突然現れたガリガリの3姉妹→組長息子の俺がそのままBBQに誘った結果,124726,maxresdefault,E:\Data\ObsidianVault\02_Channels\馴れ初めシネマ\競合チャンネル分析\企画リサーチ_20260605\gcs_upload_staging\naresome_thumbnails\TuPYsbCui3M.jpg,281853,
7Rg6uTmQ4NU,2ch馴れ初め感動シネマ,【2ch馴れ初め】倒れたお婆さんを助けたら実はヤクザの姐さん→数日後、極道の美女と大量の黒服がやって来た結果,124703,maxresdefault,E:\Data\ObsidianVault\02_Channels\馴れ初めシネマ\競合チャンネル分析\企画リサーチ_20260605\gcs_upload_staging\naresome_thumbnails\7Rg6uTmQ4NU.jpg,257242,
7_n5oQybCUE,2ch馴れ初め感動シネマ,【2ch馴れ初め】美人婦警に街で職質された俺→潜入捜査中の俺が「俺はヤクザだ」と答えた結果,124579,maxresdefault,E:\Data\ObsidianVault\02_Channels\馴れ初めシネマ\競合チャンネル分析\企画リサーチ_20260605\gcs_upload_staging\naresome_thumbnails\7_n5oQybCUE.jpg,244377,
Xft0h0IFjDY,2ch馴れ初め感動シネマ,【2ch馴れ初め】姉夫婦に発達障害だと捨てられた5歳の姪→俺が引き取り壊れたギターを渡した結果...,122898,maxresdefault,E:\Data\ObsidianVault\02_Channels\馴れ初めシネマ\競合チャンネル分析\企画リサーチ_20260605\gcs_upload_staging\naresome_thumbnails\Xft0h0IFjDY.jpg,250288,
rzUbglL10Vg,2ch馴れ初め感動シネマ,【2ch馴れ初め】金髪レディース総長からカツアゲされるクラス委員の俺→有名なやくざ組長の息子の俺が正体を明かしてみた結果,122104,maxresdefault,E:\Data\ObsidianVault\02_Channels\馴れ初めシネマ\競合チャンネル分析\企画リサーチ_20260605\gcs_upload_staging\naresome_thumbnails\rzUbglL10Vg.jpg,282538,
TcbN_tfo5dg,俺たちの馴れ初め,【2ch馴れ初め】　社長令嬢に目の敵にされ父をクビにされた同級生→実は敏腕経営者の俺が電話を掛けた結果...　【ゆっくり】,121455,maxresdefault,E:\Data\ObsidianVault\02_Channels\馴れ初めシネマ\競合チャンネル分析\企画リサーチ_20260605\gcs_upload_staging\naresome_thumbnails\TcbN_tfo5dg.jpg,252442,
sSUWgJsLBTY,2chなれそめストーリー2.0,【2ch馴れ初め】体育の授業中に幼馴染が「胸に手を入れて」とせがまれた結果【ゆっくり】,120284,maxresdefault,E:\Data\ObsidianVault\02_Channels\馴れ初めシネマ\競合チャンネル分析\企画リサーチ_20260605\gcs_upload_staging\naresome_thumbnails\sSUWgJsLBTY.jpg,260419,
9liAB8GwdNk,俺たちの馴れ初め,【2ch馴れ初め】アパートの隣人キャバ嬢の様子に異変が →ザコだと思われてる俺が正体を明かした結果...【ゆっくり】,120198,maxresdefault,E:\Data\ObsidianVault\02_Channels\馴れ初めシネマ\競合チャンネル分析\企画リサーチ_20260605\gcs_upload_staging\naresome_thumbnails\9liAB8GwdNk.jpg,236291,
-wcBPRc_M-o,俺たちの馴れ初め,【2ch馴れ初め】共同経営者に裏切られ従業員を奪われた女社長→元天才SE　現陰キャで雑用担当の俺だけが残された結果...【ゆっくり】,119561,maxresdefault,E:\Data\ObsidianVault\02_Channels\馴れ初めシネマ\競合チャンネル分析\企画リサーチ_20260605\gcs_upload_staging\naresome_thumbnails\-wcBPRc_M-o.jpg,322314,
QlY5G9HxmVo,2ch馴れ初め感動シネマ,【2ch馴れ初め】ヤクザに脅され樹海で置き去りにされた母娘→元自衛隊（第一空挺団）の俺が本気を出した結果,117799,maxresdefault,E:\Data\ObsidianVault\02_Channels\馴れ初めシネマ\競合チャンネル分析\企画リサーチ_20260605\gcs_upload_staging\naresome_thumbnails\QlY5G9HxmVo.jpg,360762,
bznAVc7B22Q,2ch馴れ初め感動シネマ,【2ch馴れ初め】上司にハメられ閉鎖間際の地方支店に左遷されたオタクの俺→天才SEの俺が一人で支店の危機を救った結果...,117699,maxresdefault,E:\Data\ObsidianVault\02_Channels\馴れ初めシネマ\競合チャンネル分析\企画リサーチ_20260605\gcs_upload_staging\naresome_thumbnails\bznAVc7B22Q.jpg,242519,
HSgeFRqklU4,2ch馴れ初め感動シネマ,【2ch馴れ初め】女を理由に山奥に置いてかれたびしょ濡れの女大工→職人100人を率いる棟梁の俺が業界出禁にしたった結果,117303,maxresdefault,E:\Data\ObsidianVault\02_Channels\馴れ初めシネマ\競合チャンネル分析\企画リサーチ_20260605\gcs_upload_staging\naresome_thumbnails\HSgeFRqklU4.jpg,295999,
xF-PSra7fo0,2ch馴れ初めで愛を語る,【2ch馴れ初め】お見合いで仏頂面を貫いた俺→まさか相手も同じ作戦で速攻結婚した結果…,115966,maxresdefault,E:\Data\ObsidianVault\02_Channels\馴れ初めシネマ\競合チャンネル分析\企画リサーチ_20260605\gcs_upload_staging\naresome_thumbnails\xF-PSra7fo0.jpg,287790,
OVhO_6VqYkM,2ch馴れ初め感動シネマ,【2ch馴れ初め】ヤクザに脅され震えている担任の美人保育士→組長の血を受け継ぐ孫娘が助けた結果,114281,maxresdefault,E:\Data\ObsidianVault\02_Channels\馴れ初めシネマ\競合チャンネル分析\企画リサーチ_20260605\gcs_upload_staging\naresome_thumbnails\OVhO_6VqYkM.jpg,249486,
nkLATar8T_Q,2chなれそめストーリー2.0,【2ch馴れ初め】人見知りで根暗な俺を毎回からかってくるヤンキー→実は空手最強の俺が本気を出した結果! 【ゆっくり解説】,112884,maxresdefault,E:\Data\ObsidianVault\02_Channels\馴れ初めシネマ\競合チャンネル分析\企画リサーチ_20260605\gcs_upload_staging\naresome_thumbnails\nkLATar8T_Q.jpg,253236,
poNEKcSQKCE,2ch馴れ初め感動シネマ,【2ch馴れ初め】転校先の学校で担任に弁当を捨てられる一人娘→組長の俺が本気を出した結果,112171,maxresdefault,E:\Data\ObsidianVault\02_Channels\馴れ初めシネマ\競合チャンネル分析\企画リサーチ_20260605\gcs_upload_staging\naresome_thumbnails\poNEKcSQKCE.jpg,240553,
bS6PuBsesQ4,2ch馴れ初めラブレター,【2ch馴れ初め】兄が亡くなり義姉に捨てられた幼い姉妹 →農家を継ぐため故郷に戻る俺が引き取った結果...【ゆっくり】,111577,maxresdefault,E:\Data\ObsidianVault\02_Channels\馴れ初めシネマ\競合チャンネル分析\企画リサーチ_20260605\gcs_upload_staging\naresome_thumbnails\bS6PuBsesQ4.jpg,302563,
J1wyycQDygg,俺たちの馴れ初め,【2ch馴れ初め】姉が育児放棄した姪を引き取った俺→施設育ちの女上司が母親みたいに接してくれた結果...【ゆっくり】,111193,maxresdefault,E:\Data\ObsidianVault\02_Channels\馴れ初めシネマ\競合チャンネル分析\企画リサーチ_20260605\gcs_upload_staging\naresome_thumbnails\J1wyycQDygg.jpg,249774,
eiLHql_Uueo,2ch馴れ初め感動シネマ,【2ch馴れ初め】華金の夜、1人すき焼きで晩酌していたら→ウチの老犬が見知らぬ赤ちゃんをくわえてきた結果…,108933,maxresdefault,E:\Data\ObsidianVault\02_Channels\馴れ初めシネマ\競合チャンネル分析\企画リサーチ_20260605\gcs_upload_staging\naresome_thumbnails\eiLHql_Uueo.jpg,252622,
YvAOlUUvxRw,2ch馴れ初め感動シネマ,【2ch馴れ初め】事故から少女を助けひき逃げされた俺→警察庁長官息子の俺が全国指名手配した結果,108776,maxresdefault,E:\Data\ObsidianVault\02_Channels\馴れ初めシネマ\競合チャンネル分析\企画リサーチ_20260605\gcs_upload_staging\naresome_thumbnails\YvAOlUUvxRw.jpg,241734,
WsLufaDg6VY,俺たちの馴れ初め,【2ch馴れ初め】先輩の引き立て役で行った合コンで地味な女にお持ち帰りされた結果…【ゆっくり】,107797,maxresdefault,E:\Data\ObsidianVault\02_Channels\馴れ初めシネマ\競合チャンネル分析\企画リサーチ_20260605\gcs_upload_staging\naresome_thumbnails\WsLufaDg6VY.jpg,213450,
kLXDf5zQ_U8,2ch馴れ初めムービー,【２ｃｈ馴れ初め】水筒を握りしめ空腹で花見をする隣人の貧乏親子→俺の母手作りの山菜ごはんもお裾分けした結果…【感動名作】,107106,maxresdefault,E:\Data\ObsidianVault\02_Channels\馴れ初めシネマ\競合チャンネル分析\企画リサーチ_20260605\gcs_upload_staging\naresome_thumbnails\kLXDf5zQ_U8.jpg,317661,
27AoEi3jEY0,2chの感動馴初め話,【2ch馴れ初め】天才と呼ばれた幼馴染がフリマ会場に居た→大手会社の社長になった俺が声を掛けた結果【ゆっくり解説】,106912,maxresdefault,E:\Data\ObsidianVault\02_Channels\馴れ初めシネマ\競合チャンネル分析\企画リサーチ_20260605\gcs_upload_staging\naresome_thumbnails\27AoEi3jEY0.jpg,256089,
3buNTDbUWK4,2ch馴れ初め感動シネマ,【2ch馴れ初め】海の家のバイトで俺を見下すヤンキー同級生→昔壮絶ないじめから助けてくれた組長の孫だとバレた結果,106853,maxresdefault,E:\Data\ObsidianVault\02_Channels\馴れ初めシネマ\競合チャンネル分析\企画リサーチ_20260605\gcs_upload_staging\naresome_thumbnails\3buNTDbUWK4.jpg,261649,
Z_RrutFoPAU,ほろり感動馴れ初め話,【2ch馴れ初め】兄夫婦からネグレクトを受ける三つ子姉妹→不妊で離婚した農業を営む俺が引き取った結果【ゆっくり解説】,106103,maxresdefault,E:\Data\ObsidianVault\02_Channels\馴れ初めシネマ\競合チャンネル分析\企画リサーチ_20260605\gcs_upload_staging\naresome_thumbnails\Z_RrutFoPAU.jpg,302355,
Ur90ujCr2kU,2ch馴れ初めムービー,【２ｃｈ馴れ初め】早朝のイカ釣りスポットで彷徨っているボロボロ親子 →元板前の俺がその場でイカを捌きご馳走した結果…【感動名作】,105924,maxresdefault,E:\Data\ObsidianVault\02_Channels\馴れ初めシネマ\競合チャンネル分析\企画リサーチ_20260605\gcs_upload_staging\naresome_thumbnails\Ur90ujCr2kU.jpg,275659,
ea1Z40Cyz8A,2ch馴れ初め感動シネマ,【2ch馴れ初め】学校一のヤンキー美女に放課後に屋上呼び出しを食らった陰キャの俺→昔命がけで助けた初恋の女の子だった結果,104806,maxresdefault,E:\Data\ObsidianVault\02_Channels\馴れ初めシネマ\競合チャンネル分析\企画リサーチ_20260605\gcs_upload_staging\naresome_thumbnails\ea1Z40Cyz8A.jpg,250045,
oTC2KOdbUP8,2ch馴れ初め感動シネマ,【2ch馴れ初め】タダ券で頼んだミニカレーを分け合うガリガリの貧乏姉妹→バイトの俺が勝手にコロッケそば2人前をご馳走した結果,104472,maxresdefault,E:\Data\ObsidianVault\02_Channels\馴れ初めシネマ\競合チャンネル分析\企画リサーチ_20260605\gcs_upload_staging\naresome_thumbnails\oTC2KOdbUP8.jpg,248652,
7U9DCmBFSiM,2chの感動馴初め話,極寒の夜、一人娘と嫁を失い駅前で最期の晩酌を‥→空き缶を売る貧乏少女が突然声をかけてきた結果…【2ch馴れ初め】【ゆっくり解説】,104205,maxresdefault,E:\Data\ObsidianVault\02_Channels\馴れ初めシネマ\競合チャンネル分析\企画リサーチ_20260605\gcs_upload_staging\naresome_thumbnails\7U9DCmBFSiM.jpg,273886,
xxPYqYg8E64,2ch馴れ初め感動シネマ,【2ch馴れ初め】クラス一の地味子の着替えをのぞいてしまった俺→その日の夜、組長の父親と大量の黒服が来た結果,103723,maxresdefault,E:\Data\ObsidianVault\02_Channels\馴れ初めシネマ\競合チャンネル分析\企画リサーチ_20260605\gcs_upload_staging\naresome_thumbnails\xxPYqYg8E64.jpg,372714,
o_FSxKq0tDs,俺たちの馴れ初め,【2ch馴れ初め】海外旅行に行った時、知らない女性と無人島に置き去りに→3日間一緒に過ごした結果…【ゆっくり解説】,103446,maxresdefault,E:\Data\ObsidianVault\02_Channels\馴れ初めシネマ\競合チャンネル分析\企画リサーチ_20260605\gcs_upload_staging\naresome_thumbnails\o_FSxKq0tDs.jpg,211595,
7bZP1t25mhQ,2ch馴れ初め感動シネマ,【2ch馴れ初め】社員旅行で置き去りにされた中卒のシングルマザー→高級ホテルオーナー息子の俺がブチギレた結果,103442,maxresdefault,E:\Data\ObsidianVault\02_Channels\馴れ初めシネマ\競合チャンネル分析\企画リサーチ_20260605\gcs_upload_staging\naresome_thumbnails\7bZP1t25mhQ.jpg,316553,
yaVhchWRkL4,俺たちの馴れ初め,【2ch馴れ初め】毎回デートに誘ってくるラーメン屋の美人店員を→拒否し続けた結果...【ゆっくり】,103058,maxresdefault,E:\Data\ObsidianVault\02_Channels\馴れ初めシネマ\競合チャンネル分析\企画リサーチ_20260605\gcs_upload_staging\naresome_thumbnails\yaVhchWRkL4.jpg,229985,
-KnlV0D7Bwc,2ch馴れ初め感動シネマ,【2ch馴れ初め】上司にプログラムをパクられた挙句クビされる俺→お礼にバグ200個仕込んで退職したった結果,103041,maxresdefault,E:\Data\ObsidianVault\02_Channels\馴れ初めシネマ\競合チャンネル分析\企画リサーチ_20260605\gcs_upload_staging\naresome_thumbnails\-KnlV0D7Bwc.jpg,348027,
g1iTFd8OpIY,2ch馴れ初め感動シネマ,【2ch馴れ初め】親の借金を返す為、宝物のぬいぐるみを差し出すボロボロ双子→ヤクザの俺がそのまま一緒に住み込んだ結果...,102550,maxresdefault,E:\Data\ObsidianVault\02_Channels\馴れ初めシネマ\競合チャンネル分析\企画リサーチ_20260605\gcs_upload_staging\naresome_thumbnails\g1iTFd8OpIY.jpg,323045,
qzBnagXI2Jg,2chの感動馴初め話,【2ch馴れ初め】帰宅したら4歳女児がお風呂に入っていた→少女の壮絶な過去を知った俺が動いた結果【ゆっくり】,101593,maxresdefault,E:\Data\ObsidianVault\02_Channels\馴れ初めシネマ\競合チャンネル分析\企画リサーチ_20260605\gcs_upload_staging\naresome_thumbnails\qzBnagXI2Jg.jpg,264677,
Hy7uBvOgXTc,2ch馴れ初め感動シネマ,【2ch馴れ初め】病気の妹のために転校してガリ勉になった俺→元最強不良の俺が本気を出した結果...【2ch】【馴れ初め】,101341,maxresdefault,E:\Data\ObsidianVault\02_Channels\馴れ初めシネマ\競合チャンネル分析\企画リサーチ_20260605\gcs_upload_staging\naresome_thumbnails\Hy7uBvOgXTc.jpg,338407,
YjQk5OdnC9I,2ch馴れ初め感動シネマ,【2ch馴れ初め】3歳の少女を助け社長面接に遅刻した俺→面接中、ヤクザ組長と孫娘が乱入してきた結果...,100577,maxresdefault,E:\Data\ObsidianVault\02_Channels\馴れ初めシネマ\競合チャンネル分析\企画リサーチ_20260605\gcs_upload_staging\naresome_thumbnails\YjQk5OdnC9I.jpg,314652,
lFLigLdRXbU,俺たちの馴れ初め,【2ch馴れ初め】テントが壊れて困っているソロキャン女子を→俺のテントに泊めたら翌朝電話をかけ始めた結果...【ゆっくり】,99457,maxresdefault,E:\Data\ObsidianVault\02_Channels\馴れ初めシネマ\競合チャンネル分析\企画リサーチ_20260605\gcs_upload_staging\naresome_thumbnails\lFLigLdRXbU.jpg,253370,
oIwuXPtTJXE,2ch馴れ初め感動シネマ,【2ch馴れ初め】ヤクザ事務所で番犬を枕に勝手にスヤスヤ眠る双子姉妹→その日以降、毎日来るようになった結果,98893,maxresdefault,E:\Data\ObsidianVault\02_Channels\馴れ初めシネマ\競合チャンネル分析\企画リサーチ_20260605\gcs_upload_staging\naresome_thumbnails\oIwuXPtTJXE.jpg,254239,
fvLlLooCQcQ,俺たちの馴れ初め,【2ch馴れ初め】　15年働いた会社をクビになった営業成績NO.1の俺→倒産寸前の会社に引き取られた結果...　【ゆっくり】,98498,maxresdefault,E:\Data\ObsidianVault\02_Channels\馴れ初めシネマ\競合チャンネル分析\企画リサーチ_20260605\gcs_upload_staging\naresome_thumbnails\fvLlLooCQcQ.jpg,251373,
Xp3mSVNdza8,2chなれそめストーリー2.0,【2ch馴れ初め】終電で爆睡してた美人OKが、なぜかノーパンだったので、意を決して起こした結果【ゆっくり】…2chなれそめストーリーの人気動画をまとめてみた！,98083,maxresdefault,E:\Data\ObsidianVault\02_Channels\馴れ初めシネマ\競合チャンネル分析\企画リサーチ_20260605\gcs_upload_staging\naresome_thumbnails\Xp3mSVNdza8.jpg,249114,
4Z6cqWePfdo,2ch馴れ初め感動シネマ,【2ch馴れ初め】妹を保育園の送迎中、当たり屋に追突され脅される俺→組長娘の妹が父親に電話を掛けた結果,97868,maxresdefault,E:\Data\ObsidianVault\02_Channels\馴れ初めシネマ\競合チャンネル分析\企画リサーチ_20260605\gcs_upload_staging\naresome_thumbnails\4Z6cqWePfdo.jpg,256349,
BBzs8qgbrOM,俺たちの馴れ初め,【2ch馴れ初め】お泊り会で遊びに来た姉の友達の豊満なバストを見てしまった結果…【ゆっくり】,97828,maxresdefault,E:\Data\ObsidianVault\02_Channels\馴れ初めシネマ\競合チャンネル分析\企画リサーチ_20260605\gcs_upload_staging\naresome_thumbnails\BBzs8qgbrOM.jpg,207321,
8TXY2Q94zVQ,2ch馴れ初め感動シネマ,【2ch馴れ初め】ヤクザと知らずに脱輪した3輪車の双子を助けたら → 奥から極道の美女と大量の黒服が現れた結果,97550,maxresdefault,E:\Data\ObsidianVault\02_Channels\馴れ初めシネマ\競合チャンネル分析\企画リサーチ_20260605\gcs_upload_staging\naresome_thumbnails\8TXY2Q94zVQ.jpg,248146,
sLb075Ia3uQ,俺たちの馴れ初め,【2ch馴れ初め】　不登校の娘にプリントを届ける足を引きずる少女→整形外科医の俺が声を掛けた結果...　【ゆっくり】,97524,maxresdefault,E:\Data\ObsidianVault\02_Channels\馴れ初めシネマ\競合チャンネル分析\企画リサーチ_20260605\gcs_upload_staging\naresome_thumbnails\sLb075Ia3uQ.jpg,237541,
SkHMim8cgxI,2ch馴れ初め感動シネマ,【2ch馴れ初め】同僚にハメられボロボロの弁当屋でバイトする俺→元三ツ星シェフの俺がまかない飯を作った結果,97429,maxresdefault,E:\Data\ObsidianVault\02_Channels\馴れ初めシネマ\競合チャンネル分析\企画リサーチ_20260605\gcs_upload_staging\naresome_thumbnails\SkHMim8cgxI.jpg,244529,
ly7PeYzZGn4,2ch馴れ初めタイムトラベル,【2ch馴れ初め】廃業寸前の俺の定食屋に来たガリガリの三姉妹 →自慢の料理を特盛で振舞った結果...【ゆっくり】,95992,maxresdefault,E:\Data\ObsidianVault\02_Channels\馴れ初めシネマ\競合チャンネル分析\企画リサーチ_20260605\gcs_upload_staging\naresome_thumbnails\ly7PeYzZGn4.jpg,265682,
QvptXFqCwks,2ch 馴れ初め ストーリーズ,【2ch馴れ初め】双子姉妹を庇って交通事故に遭いクビになった俺→ 助けた姉妹が大企業社長の孫娘だった結果【ゆっくり】,95780,maxresdefault,E:\Data\ObsidianVault\02_Channels\馴れ初めシネマ\競合チャンネル分析\企画リサーチ_20260605\gcs_upload_staging\naresome_thumbnails\QvptXFqCwks.jpg,206080,
zeKu33rqHj0,2ch 馴れ初め ストーリーズ,【2ch馴れ初め】高級ホテルで不当請求される車椅子母娘→ 身分を隠して宿泊していた総支配人の俺がキレた結果【ゆっくり】,95536,maxresdefault,E:\Data\ObsidianVault\02_Channels\馴れ初めシネマ\競合チャンネル分析\企画リサーチ_20260605\gcs_upload_staging\naresome_thumbnails\zeKu33rqHj0.jpg,244676,
AsUrXiLVPjw,2ch馴れ初め感動シネマ,【2ch馴れ初め】霊感がある双子姉妹を会社に連れて出社した独身の俺→苦手な美人上司の驚きの秘密が明らかに,94203,maxresdefault,E:\Data\ObsidianVault\02_Channels\馴れ初めシネマ\競合チャンネル分析\企画リサーチ_20260605\gcs_upload_staging\naresome_thumbnails\AsUrXiLVPjw.jpg,245598,
RasHebsQsFw,俺たちの馴れ初め,【2ch馴れ初め】女に見えないと言ったら幼馴染のスキンシップが過激になった結果…【ゆっくり】,94162,maxresdefault,E:\Data\ObsidianVault\02_Channels\馴れ初めシネマ\競合チャンネル分析\企画リサーチ_20260605\gcs_upload_staging\naresome_thumbnails\RasHebsQsFw.jpg,225101,
jPfgwBTmVps,俺たちの馴れ初め,【2ch馴れ初め】大工の求人を出したら老人軍団が押し寄せてきた→職人技が別格だったので即雇った結果...【ゆっくり】,93007,maxresdefault,E:\Data\ObsidianVault\02_Channels\馴れ初めシネマ\競合チャンネル分析\企画リサーチ_20260605\gcs_upload_staging\naresome_thumbnails\jPfgwBTmVps.jpg,242583,
OOOLJOMVvOY,2ch 馴れ初め ストーリーズ,【2ch馴れ初め】極寒の夜、料金未払いで電気が止まった隣人の貧乏母娘→ 冬の間、住み込みで家政婦をして貰った結果【ゆっくり】,92059,maxresdefault,E:\Data\ObsidianVault\02_Channels\馴れ初めシネマ\競合チャンネル分析\企画リサーチ_20260605\gcs_upload_staging\naresome_thumbnails\OOOLJOMVvOY.jpg,256181,
hPoQaOEJ9LM,2ch馴れ初め感動シネマ,【2ch馴れ初め】幼馴染の葬式で借金の取り立てに来たヤクザに怯える母娘→親友だった若頭の俺が全額立て替えて助けた結果,91935,maxresdefault,E:\Data\ObsidianVault\02_Channels\馴れ初めシネマ\競合チャンネル分析\企画リサーチ_20260605\gcs_upload_staging\naresome_thumbnails\hPoQaOEJ9LM.jpg,333764,
QvKz3dfaYW8,2ch馴れ初めタイムトラベル,【2ch馴れ初め】叔母ににお見合いを押し付けられた俺 →貧乏人のフリしたらブスのふりした女が来た結果...【ゆっくり】,91285,maxresdefault,E:\Data\ObsidianVault\02_Channels\馴れ初めシネマ\競合チャンネル分析\企画リサーチ_20260605\gcs_upload_staging\naresome_thumbnails\QvKz3dfaYW8.jpg,337963,
MBV3LQMgm3Y,2chなれそめストーリー2.0,【2ch馴れ初め】事故で意識を失っている俺が病室で夢〇したら、鬼上司が俺の寝ている間に処理してくれていた結果【ゆっくり解説】,90603,maxresdefault,E:\Data\ObsidianVault\02_Channels\馴れ初めシネマ\競合チャンネル分析\企画リサーチ_20260605\gcs_upload_staging\naresome_thumbnails\MBV3LQMgm3Y.jpg,232726,
P0Dq5xWzxdQ,2ch 馴れ初め ストーリーズ,【2ch馴れ初め】愛娘が家に連れてきたボロボロの女の子→ 離婚した元妻が引き取った双子の妹だった結果【ゆっくり】,90023,maxresdefault,E:\Data\ObsidianVault\02_Channels\馴れ初めシネマ\競合チャンネル分析\企画リサーチ_20260605\gcs_upload_staging\naresome_thumbnails\P0Dq5xWzxdQ.jpg,236311,
TJMNFzh1OpQ,2ch馴れ初め感動シネマ,【2ch馴れ初め】売り出し中の老舗旅館に見学に行った投資家の俺→娘の一言で5億が消えた結果,89812,maxresdefault,E:\Data\ObsidianVault\02_Channels\馴れ初めシネマ\競合チャンネル分析\企画リサーチ_20260605\gcs_upload_staging\naresome_thumbnails\TJMNFzh1OpQ.jpg,355257,
b8n6D9hGHpc,ほろり感動馴れ初め話,【2ch馴れ初め】奴隷扱いされ空にいる両親の元に行こうとする双子→廃業寸前の俺の旅館に連れ帰った結果【ゆっくり解説】,89152,maxresdefault,E:\Data\ObsidianVault\02_Channels\馴れ初めシネマ\競合チャンネル分析\企画リサーチ_20260605\gcs_upload_staging\naresome_thumbnails\b8n6D9hGHpc.jpg,281885,
YHDIAeRWrqw,俺たちの馴れ初め,【2ch馴れ初め】男性不妊だと女上司に伝えたら→ 〇り放題ねと言い寄られ 毎晩相手をさせられた結果 …【ゆっくり】,89017,maxresdefault,E:\Data\ObsidianVault\02_Channels\馴れ初めシネマ\競合チャンネル分析\企画リサーチ_20260605\gcs_upload_staging\naresome_thumbnails\YHDIAeRWrqw.jpg,231576,
YkaaTE67zNc,2ch 馴れ初め ストーリーズ,【2ch馴れ初め】弟夫婦からネグレクトを受ける4歳と1歳の姉妹→不妊が原因で離婚した俺が引き取った結果【ゆっくり】,88450,maxresdefault,E:\Data\ObsidianVault\02_Channels\馴れ初めシネマ\競合チャンネル分析\企画リサーチ_20260605\gcs_upload_staging\naresome_thumbnails\YkaaTE67zNc.jpg,316511,
ZCSsZdJr2qY,2ch馴れ初め感動シネマ,【2ch馴れ初め】事務所に飛び込んできたボロボロの青あざ少女→元ヤクザで便利屋の俺が本気を出した結果,88443,maxresdefault,E:\Data\ObsidianVault\02_Channels\馴れ初めシネマ\競合チャンネル分析\企画リサーチ_20260605\gcs_upload_staging\naresome_thumbnails\ZCSsZdJr2qY.jpg,330946,
MGhGL0SN5ZA,2ch馴れ初め感動シネマ,【2ch馴れ初め】新幹線でヤクザ息子に席を横取りされる母娘→居合わせた若頭の俺が本気を出した結果【2ch】【馴れ初め】,88293,maxresdefault,E:\Data\ObsidianVault\02_Channels\馴れ初めシネマ\競合チャンネル分析\企画リサーチ_20260605\gcs_upload_staging\naresome_thumbnails\MGhGL0SN5ZA.jpg,363528,
K5GJXZj1ayE,2ch馴れ初めヒストリー,【2ch馴れ初め】取引先が全部俺の人脈だと知らずクビにした新部長→独立したら取引先が全部ついてきた結果...【ゆっくり】,86514,maxresdefault,E:\Data\ObsidianVault\02_Channels\馴れ初めシネマ\競合チャンネル分析\企画リサーチ_20260605\gcs_upload_staging\naresome_thumbnails\K5GJXZj1ayE.jpg,314876,
gnBlZOzPN9o,2chの感動馴初め話,【2ch馴れ初め】奴隷扱いの従兄の娘を引き取った俺→妹を亡くした後輩が助けてくれた結果【ゆっくり】,86240,maxresdefault,E:\Data\ObsidianVault\02_Channels\馴れ初めシネマ\競合チャンネル分析\企画リサーチ_20260605\gcs_upload_staging\naresome_thumbnails\gnBlZOzPN9o.jpg,290508,
ZhZJBKO2McM,馴れ初め公園,【馴れ初め】週末なのに客ゼロの居酒屋に面接に来たジャージ姿の老夫婦→超有能だったので即採用した結果…【ゆっくり】,86206,maxresdefault,E:\Data\ObsidianVault\02_Channels\馴れ初めシネマ\競合チャンネル分析\企画リサーチ_20260605\gcs_upload_staging\naresome_thumbnails\ZhZJBKO2McM.jpg,318811,
D-3gxmXxqIk,2ch 馴れ初め ストーリーズ,【2ch馴れ初め】離婚した元妻に引き取られた双子の赤ちゃん→ 数年後、ボロボロの姿で俺を訪ねて来た結果【ゆっくり】,85586,maxresdefault,E:\Data\ObsidianVault\02_Channels\馴れ初めシネマ\競合チャンネル分析\企画リサーチ_20260605\gcs_upload_staging\naresome_thumbnails\D-3gxmXxqIk.jpg,251864,
zZFa2XhpYH8,2chの感動馴初め話,育児放棄され飢餓寸前の双子を引き取り過労で倒れた俺→担当の看護師と双子が鉢合わせた結果…【2ch馴れ初め】【ゆっくり解説】,84655,maxresdefault,E:\Data\ObsidianVault\02_Channels\馴れ初めシネマ\競合チャンネル分析\企画リサーチ_20260605\gcs_upload_staging\naresome_thumbnails\zZFa2XhpYH8.jpg,243443,
ByaKQgK5_pQ,2ch 馴れ初め ストーリーズ,【2ch馴れ初め】休日のお昼、庭で遊んでいた愛犬の様子を見に行くと→知らない双子の赤ちゃんと縁側で添い寝していた結果【ゆっくり】,84581,maxresdefault,E:\Data\ObsidianVault\02_Channels\馴れ初めシネマ\競合チャンネル分析\企画リサーチ_20260605\gcs_upload_staging\naresome_thumbnails\ByaKQgK5_pQ.jpg,218631,
8xe9P3f_AAk,2ch馴れ初め感動シネマ,【2ch馴れ初め】金欠で泣きじゃくる双子姉妹を送り届けたらヤクザ御殿→金髪ヤンキー美女と大量の黒服が出てきた結果,84407,maxresdefault,E:\Data\ObsidianVault\02_Channels\馴れ初めシネマ\競合チャンネル分析\企画リサーチ_20260605\gcs_upload_staging\naresome_thumbnails\8xe9P3f_AAk.jpg,262797,
S6RnaI-6hXk,2ch馴れ初めムービー,【２ｃｈ馴れ初め】大雪でエンストした廃車寸前の車を必死に押す孫を連れたボロボロ婆さん→整備工場経営の俺が３０００万の名車にフルレストアした結果…【ほっこり】,84049,maxresdefault,E:\Data\ObsidianVault\02_Channels\馴れ初めシネマ\競合チャンネル分析\企画リサーチ_20260605\gcs_upload_staging\naresome_thumbnails\S6RnaI-6hXk.jpg,293751,
2oGG7KY9jgc,2ch馴れ初め感動シネマ,【2ch馴れ初め】ヤクザの当たり屋に脅され震えている美人タクシー運転手→組長息子で乗客の俺が実家へ招待した結果,83670,sddefault,E:\Data\ObsidianVault\02_Channels\馴れ初めシネマ\競合チャンネル分析\企画リサーチ_20260605\gcs_upload_staging\naresome_thumbnails\2oGG7KY9jgc.jpg,128222,
evwld2rqfXw,2ch馴れ初めムービー,【２ｃｈ馴れ初め】閉店間際にコロッケを買いに来たボロボロ母娘→売れ残りの弁当と惣菜を大量にあげた結果【感動名作】,82614,maxresdefault,E:\Data\ObsidianVault\02_Channels\馴れ初めシネマ\競合チャンネル分析\企画リサーチ_20260605\gcs_upload_staging\naresome_thumbnails\evwld2rqfXw.jpg,289091,
gBCPzfWWGfw,2ch 馴れ初め ストーリーズ,【2ch馴れ初め】華金の夜、家で1人鍋を堪能していると→知らない1歳児とその姉が突入してきた結果【ゆっくり】,81565,maxresdefault,E:\Data\ObsidianVault\02_Channels\馴れ初めシネマ\競合チャンネル分析\企画リサーチ_20260605\gcs_upload_staging\naresome_thumbnails\gBCPzfWWGfw.jpg,224243,
BvYjfwrUJg0,2ch馴れ初めムービー,【２ｃｈ馴れ初め】運動会の昼食で子供だけで小さいおにぎりを食べる貧乏姉妹→元板前の俺が作った山盛り弁当をお裾分けし一緒に食べた結果…【ほっこり】,81229,maxresdefault,E:\Data\ObsidianVault\02_Channels\馴れ初めシネマ\競合チャンネル分析\企画リサーチ_20260605\gcs_upload_staging\naresome_thumbnails\BvYjfwrUJg0.jpg,288068,
ZU52OeyNmZ8,2ch馴れ初め感動シネマ,【2ch馴れ初め】足を洗い寿司職人をしてる元ヤクザの俺→常連の美人婦警のピンチに本性現した結果,79985,maxresdefault,E:\Data\ObsidianVault\02_Channels\馴れ初めシネマ\競合チャンネル分析\企画リサーチ_20260605\gcs_upload_staging\naresome_thumbnails\ZU52OeyNmZ8.jpg,262024,
-mRbwV1UsHI,2chなれそめストーリー2.0,【2ch馴れ初め】社員旅行で美人上司が泥酔、浴衣の下に何も履いていなかった結果【ゆっくり】,79964,maxresdefault,E:\Data\ObsidianVault\02_Channels\馴れ初めシネマ\競合チャンネル分析\企画リサーチ_20260605\gcs_upload_staging\naresome_thumbnails\-mRbwV1UsHI.jpg,241719,
N2hIWclY1pk,2ch 馴れ初め ストーリーズ,【2ch馴れ初め】極寒の夜、鍵を落として家に入れない隣人の貧乏姉妹→俺の家に招待し、暖かいココアをご馳走した結果【ゆっくり】,79720,maxresdefault,E:\Data\ObsidianVault\02_Channels\馴れ初めシネマ\競合チャンネル分析\企画リサーチ_20260605\gcs_upload_staging\naresome_thumbnails\N2hIWclY1pk.jpg,306370,
I4yAGa7tKEA,2chなれそめストーリー2.0,【2ch馴れ初め】酔って俺の家に間違って入ってきた隣人妻、体にかけた結果【ゆっくり解説】,79707,maxresdefault,E:\Data\ObsidianVault\02_Channels\馴れ初めシネマ\競合チャンネル分析\企画リサーチ_20260605\gcs_upload_staging\naresome_thumbnails\I4yAGa7tKEA.jpg,264719,
cmkQgfXnmiY,2ch馴れ初め感動シネマ,【2ch馴れ初め】学校から帰宅後、猛烈な勢いで水をカブ飲みする一人娘→組長息子で現医者の俺が本気を出した結果...,79208,maxresdefault,E:\Data\ObsidianVault\02_Channels\馴れ初めシネマ\競合チャンネル分析\企画リサーチ_20260605\gcs_upload_staging\naresome_thumbnails\cmkQgfXnmiY.jpg,254030,
WQmAZB9nKg8,2chなれそめストーリー2.0,【2ch馴れ初め】居酒屋で女上司とさしで飲んでたら、突然「私経験したことないの…」と言われたので気持ちよく貫いてやった結果【ゆっくり】,79096,maxresdefault,E:\Data\ObsidianVault\02_Channels\馴れ初めシネマ\競合チャンネル分析\企画リサーチ_20260605\gcs_upload_staging\naresome_thumbnails\WQmAZB9nKg8.jpg,246328,
deiasib93UY,俺たちの馴れ初め,【2ch馴れ初め】ひと気の無い田舎道で立ち尽くし泣いている下着姿の女→心配で車に乗せた結果…【ゆっくり】,79093,maxresdefault,E:\Data\ObsidianVault\02_Channels\馴れ初めシネマ\競合チャンネル分析\企画リサーチ_20260605\gcs_upload_staging\naresome_thumbnails\deiasib93UY.jpg,215999,
UlXYh3LKufo,2ch馴れ初め感動シネマ,【2ch馴れ初め】高級旅館で100名分の宿泊をキャンセルされた美人若女将→若頭の俺が貸し切って組員全員泊めた結果,79000,maxresdefault,E:\Data\ObsidianVault\02_Channels\馴れ初めシネマ\競合チャンネル分析\企画リサーチ_20260605\gcs_upload_staging\naresome_thumbnails\UlXYh3LKufo.jpg,340142,
ZVOtglDcxXE,2ch馴れ初めタイムトラベル,【2ch馴れ初め】日本唯一の技術を持つ俺が中卒を理由にクビ宣告→笑いを堪えてライバル工場に転職した結果…【ゆっくり】,78716,maxresdefault,E:\Data\ObsidianVault\02_Channels\馴れ初めシネマ\競合チャンネル分析\企画リサーチ_20260605\gcs_upload_staging\naresome_thumbnails\ZVOtglDcxXE.jpg,255913,
0-oEapeYMq4,2chなれそめストーリー2.0,【2ch馴れ初め】先輩と宅飲みしてたらゴムが無いことに気づいて買い出しに→家に戻ると先輩が驚きの姿になっていた結果【ゆっくり解説】,78674,maxresdefault,E:\Data\ObsidianVault\02_Channels\馴れ初めシネマ\競合チャンネル分析\企画リサーチ_20260605\gcs_upload_staging\naresome_thumbnails\0-oEapeYMq4.jpg,246821,
jX6acqc5ZZQ,2chなれそめストーリー2.0,【2ch馴れ初め】会社の先輩に俺の息子が包〇だと相談したら、「じゃあ見せてみな」とシゴかれてしまった結果【ゆっくり解説】,78249,hqdefault,E:\Data\ObsidianVault\02_Channels\馴れ初めシネマ\競合チャンネル分析\企画リサーチ_20260605\gcs_upload_staging\naresome_thumbnails\jX6acqc5ZZQ.jpg,46594,
hpx62BEkBI0,2ch馴れ初め感動シネマ,【2ch馴れ初め】授業参観で父子家庭だからと娘の発表を馬鹿にされた俺→30分後、大量の黒服が学校に乗り込んで来た結果...,78102,maxresdefault,E:\Data\ObsidianVault\02_Channels\馴れ初めシネマ\競合チャンネル分析\企画リサーチ_20260605\gcs_upload_staging\naresome_thumbnails\hpx62BEkBI0.jpg,245937,
oiDitARyusA,2chなれそめストーリー2.0,【2ch馴れ初め】会社で残業してたら終電を逃して先輩の家に泊まることになったから「お腹空いた？」と言われたので、先輩のアワビをいただいた結果【ゆっくり解説】,78013,maxresdefault,E:\Data\ObsidianVault\02_Channels\馴れ初めシネマ\競合チャンネル分析\企画リサーチ_20260605\gcs_upload_staging\naresome_thumbnails\oiDitARyusA.jpg,253605,
tlI8xV3htMI,俺たちの馴れ初め,【2ch馴れ初め】店の前で物欲しげに見る金髪少女→自家製コロッケをご馳走した結果…,77262,maxresdefault,E:\Data\ObsidianVault\02_Channels\馴れ初めシネマ\競合チャンネル分析\企画リサーチ_20260605\gcs_upload_staging\naresome_thumbnails\tlI8xV3htMI.jpg,216584,
OrDskE2Juhc,俺たちの馴れ初め,【2ch馴れ初め】３年前に事故で他界した初恋の幼馴染が→俺の家の庭に立っていた結果…【ゆっくり】,77162,maxresdefault,E:\Data\ObsidianVault\02_Channels\馴れ初めシネマ\競合チャンネル分析\企画リサーチ_20260605\gcs_upload_staging\naresome_thumbnails\OrDskE2Juhc.jpg,226736,
Q2f14ltr0V4,2chなれそめストーリー2.0,【2ch馴れ初め】出張先の旅館で美人上司に出した結果【ゆっくり解説】,77084,maxresdefault,E:\Data\ObsidianVault\02_Channels\馴れ初めシネマ\競合チャンネル分析\企画リサーチ_20260605\gcs_upload_staging\naresome_thumbnails\Q2f14ltr0V4.jpg,228478,
oeNTiTcI3Bk,俺たちの馴れ初め,【2ch馴れ初め】　駅前で地元の不良集団に絡まれた俺→最強ヤンキー女に俺の過去がバレた結果...　【ゆっくり】,76052,maxresdefault,E:\Data\ObsidianVault\02_Channels\馴れ初めシネマ\競合チャンネル分析\企画リサーチ_20260605\gcs_upload_staging\naresome_thumbnails\oeNTiTcI3Bk.jpg,265645,
JrwycCJ7NAY,俺たちの馴れ初め,【2ch馴れ初め】いつも会社で塩対応の美人受付嬢が同じアパートに引っ越してきた結果…【ゆっくり】,75893,maxresdefault,E:\Data\ObsidianVault\02_Channels\馴れ初めシネマ\競合チャンネル分析\企画リサーチ_20260605\gcs_upload_staging\naresome_thumbnails\JrwycCJ7NAY.jpg,210468,
5LjuklI_IoE,俺たちの馴れ初め,【2ch馴れ初め】家の給湯器が壊れた幼馴染の女子に3日間お風呂を貸した結果…【ゆっくり解説】,75720,maxresdefault,E:\Data\ObsidianVault\02_Channels\馴れ初めシネマ\競合チャンネル分析\企画リサーチ_20260605\gcs_upload_staging\naresome_thumbnails\5LjuklI_IoE.jpg,202008,
RzULBoFrNTQ,2ch 馴れ初め ストーリーズ,【2ch馴れ初め】災害級の真夏日に俺の部屋を訪ねてきた隣人母娘→夏の間、ずっと手作り料理を振舞って貰った結果【ゆっくり】,75662,maxresdefault,E:\Data\ObsidianVault\02_Channels\馴れ初めシネマ\競合チャンネル分析\企画リサーチ_20260605\gcs_upload_staging\naresome_thumbnails\RzULBoFrNTQ.jpg,216448,
GrD3kCiuj3I,2ch馴れ初めムービー,【２ｃｈ馴れ初め】吹雪の夜、駅前の段ボールで寒さを凌ぐ身寄りのない母→俺の家で温かいお風呂と祖母の味の汁豚を振って舞った結果【感動名作】,75579,maxresdefault,E:\Data\ObsidianVault\02_Channels\馴れ初めシネマ\競合チャンネル分析\企画リサーチ_20260605\gcs_upload_staging\naresome_thumbnails\GrD3kCiuj3I.jpg,300880,
7PWWGsMOpJk,2chなれそめストーリー2.0,【2ch馴れ初め】若気のいたりで大人のビデオの出演が鬼上司にバレた結果! 【ゆっくり解説】,75529,hqdefault,E:\Data\ObsidianVault\02_Channels\馴れ初めシネマ\競合チャンネル分析\企画リサーチ_20260605\gcs_upload_staging\naresome_thumbnails\7PWWGsMOpJk.jpg,50300,
mYrgHLdMm1g,2ch馴れ初め感動シネマ,【2ch馴れ初め】少女を事故から助けたら学校一のヤンキー美女に飛び蹴りされた俺→元空手王者で現キモオタの俺が本気を出した結果,75518,maxresdefault,E:\Data\ObsidianVault\02_Channels\馴れ初めシネマ\競合チャンネル分析\企画リサーチ_20260605\gcs_upload_staging\naresome_thumbnails\mYrgHLdMm1g.jpg,260287,
Idc2VCzLqOU,2ch馴れ初めムービー,【2ch馴れ初め】廃業寸前の弁当屋をひっしに経営する貧乏母娘→元三ツ星シェフの俺が手を貸した結果…【感動名作】,75384,maxresdefault,E:\Data\ObsidianVault\02_Channels\馴れ初めシネマ\競合チャンネル分析\企画リサーチ_20260605\gcs_upload_staging\naresome_thumbnails\Idc2VCzLqOU.jpg,272196,
U_i9BGxtf5s,俺たちの馴れ初め,【2ch馴れ初め】　迷い犬を保護し最終面接に遅刻した俺→面接中犬が赤ちゃんくわえて突入してきた結果...　【ゆっくり】,75059,maxresdefault,E:\Data\ObsidianVault\02_Channels\馴れ初めシネマ\競合チャンネル分析\企画リサーチ_20260605\gcs_upload_staging\naresome_thumbnails\U_i9BGxtf5s.jpg,239216,
P9ukJjrP1zs,2ch馴れ初め感動シネマ,【2ch馴れ初め】上司にハメられ会社を辞めた全特許を持つ俺→独立すると派手ギャル部下が全員ついて来た結果,74929,maxresdefault,E:\Data\ObsidianVault\02_Channels\馴れ初めシネマ\競合チャンネル分析\企画リサーチ_20260605\gcs_upload_staging\naresome_thumbnails\P9ukJjrP1zs.jpg,238984,
KVKwuawmQes,2chの感動馴初め話,【2ch馴れ初め】パンの耳を毎晩貰いに来る1歳児の育児をする少女→汚部屋で倒れていて助けた結果【ゆっくり解説】,74123,maxresdefault,E:\Data\ObsidianVault\02_Channels\馴れ初めシネマ\競合チャンネル分析\企画リサーチ_20260605\gcs_upload_staging\naresome_thumbnails\KVKwuawmQes.jpg,269374,
emRZpLQSg2g,2ch馴れ初め感動シネマ,【2ch馴れ初め】生徒のミスをかばい涙目で徹夜を覚悟する美人教師→学校ではぼっち陰キャの天才プログラマの俺が本気を出した結果,73994,maxresdefault,E:\Data\ObsidianVault\02_Channels\馴れ初めシネマ\競合チャンネル分析\企画リサーチ_20260605\gcs_upload_staging\naresome_thumbnails\emRZpLQSg2g.jpg,270162,
yZZWBxeYVDo,2chなれそめストーリー2.0,【2ch馴れ初め】極寒の公園で肌着一枚でうずくまる美女→自宅に連れ帰った結果【ゆっくり】,73814,maxresdefault,E:\Data\ObsidianVault\02_Channels\馴れ初めシネマ\競合チャンネル分析\企画リサーチ_20260605\gcs_upload_staging\naresome_thumbnails\yZZWBxeYVDo.jpg,259885,
rNNmAnlh2wA,俺たちの馴れ初め,【2ch馴れ初め】身寄りの無い姪っ子を引き取ったら幼馴染の女子と同棲することになった結果…【ゆっくり】,73302,maxresdefault,E:\Data\ObsidianVault\02_Channels\馴れ初めシネマ\競合チャンネル分析\企画リサーチ_20260605\gcs_upload_staging\naresome_thumbnails\rNNmAnlh2wA.jpg,215859,
op_LziHZaug,2ch馴れ初め感動シネマ,【2ch馴れ初め】貧乏人のフリしてお見合いしたら→昔、俺を振った元カノが現れた結果,72582,maxresdefault,E:\Data\ObsidianVault\02_Channels\馴れ初めシネマ\競合チャンネル分析\企画リサーチ_20260605\gcs_upload_staging\naresome_thumbnails\op_LziHZaug.jpg,332295,
dW1rNM9O6VM,2ch馴れ初め感動シネマ,【2ch馴れ初め】母親の葬式で再会した双子の赤ちゃんを抱えた幼馴染→様子がおかしいので理由を聞いた結果,72451,maxresdefault,E:\Data\ObsidianVault\02_Channels\馴れ初めシネマ\競合チャンネル分析\企画リサーチ_20260605\gcs_upload_staging\naresome_thumbnails\dW1rNM9O6VM.jpg,319023,
we7EOfwlXjQ,2ch馴れ初めムービー,【２ｃｈ馴れ初め】極寒の夜、うどん屋の駐車場で身を寄せ合うボロボロ母娘→保護して自慢の鍋焼きうどんを振る舞った結果【感動名作】,72326,maxresdefault,E:\Data\ObsidianVault\02_Channels\馴れ初めシネマ\競合チャンネル分析\企画リサーチ_20260605\gcs_upload_staging\naresome_thumbnails\we7EOfwlXjQ.jpg,289527,
nltux6ZmiO4,2ch 馴れ初め ストーリーズ,【2ch馴れ初め】観光客ゼロの村に左遷された俺→IQ200娘の一言で村が変わった結果【ゆっくり】,72034,maxresdefault,E:\Data\ObsidianVault\02_Channels\馴れ初めシネマ\競合チャンネル分析\企画リサーチ_20260605\gcs_upload_staging\naresome_thumbnails\nltux6ZmiO4.jpg,311307,
sALK75ZvDnE,2ch 馴れ初め ストーリーズ,【2ch馴れ初め】発達障害と診断され両親に見捨てられた4歳の姪→在宅プログラマーの俺が引き取った結果【ゆっくり】,71793,maxresdefault,E:\Data\ObsidianVault\02_Channels\馴れ初めシネマ\競合チャンネル分析\企画リサーチ_20260605\gcs_upload_staging\naresome_thumbnails\sALK75ZvDnE.jpg,336507,
XuGKU82VHcU,2ch馴れ初め感動シネマ,【2ch馴れ初め】赤ちゃんを誘拐犯から庇い家まで送り届けたらヤクザ事務所→美人鬼上司と大量の黒服が出てきた結果,71416,maxresdefault,E:\Data\ObsidianVault\02_Channels\馴れ初めシネマ\競合チャンネル分析\企画リサーチ_20260605\gcs_upload_staging\naresome_thumbnails\XuGKU82VHcU.jpg,353391,
GVZdvPJgNEk,2ch馴れ初めヒストリー,【2ch馴れ初め】かつて貧乏な俺に何も聞かず飯をくれた定食屋の老夫婦→大企業社長になった俺があの店の前で再会した結果...【ゆっくり】,71170,maxresdefault,E:\Data\ObsidianVault\02_Channels\馴れ初めシネマ\競合チャンネル分析\企画リサーチ_20260605\gcs_upload_staging\naresome_thumbnails\GVZdvPJgNEk.jpg,325850,
jdV1FBr_8yg,2ch馴れ初め感動シネマ,【2ch馴れ初め】まわりから馬鹿にされる元ヤンの中卒女性社員→早熟な娘が学歴マウントを取って助けた結果,71081,maxresdefault,E:\Data\ObsidianVault\02_Channels\馴れ初めシネマ\競合チャンネル分析\企画リサーチ_20260605\gcs_upload_staging\naresome_thumbnails\jdV1FBr_8yg.jpg,244250,
GDKBWCXKgLY,2chなれそめストーリー2.0,【2ch馴れ初め】俺の経営する整体院に来た会社の元上司、責め過ぎて濡らしてしまった結果【ゆっくり解説】,69918,maxresdefault,E:\Data\ObsidianVault\02_Channels\馴れ初めシネマ\競合チャンネル分析\企画リサーチ_20260605\gcs_upload_staging\naresome_thumbnails\GDKBWCXKgLY.jpg,232006,
E1c8KF_M_eU,2ch 馴れ初め ストーリーズ,【2ch馴れ初め】俺だけに懐く養護施設の1歳の双子の赤ちゃん→DNA検査したら俺の娘だった結果【ゆっくり】,69754,maxresdefault,E:\Data\ObsidianVault\02_Channels\馴れ初めシネマ\競合チャンネル分析\企画リサーチ_20260605\gcs_upload_staging\naresome_thumbnails\E1c8KF_M_eU.jpg,237310,
rk7aj2WIVs8,俺たちの馴れ初め,【2ch馴れ初め】壊れたファスナーに気付かない美人上司→セクシー黒パンツをガン見した結果…【ゆっくり】,69664,maxresdefault,E:\Data\ObsidianVault\02_Channels\馴れ初めシネマ\競合チャンネル分析\企画リサーチ_20260605\gcs_upload_staging\naresome_thumbnails\rk7aj2WIVs8.jpg,212276,
c3hDZyVbefk,2ch馴れ初め感動シネマ,【2ch馴れ初め】音楽教師にピアノを酷評される金髪の転校生→絶対音感を持つ5歳の妹が助けた結果,69560,maxresdefault,E:\Data\ObsidianVault\02_Channels\馴れ初めシネマ\競合チャンネル分析\企画リサーチ_20260605\gcs_upload_staging\naresome_thumbnails\c3hDZyVbefk.jpg,352378,
w0v3YDKvw18,2ch馴れ初め感動シネマ,【2ch馴れ初め】誰にでも笑顔で甘える亡き姉の赤ちゃん→関東最大のヤクザ組長を虜にした結果,69511,maxresdefault,E:\Data\ObsidianVault\02_Channels\馴れ初めシネマ\競合チャンネル分析\企画リサーチ_20260605\gcs_upload_staging\naresome_thumbnails\w0v3YDKvw18.jpg,367694,
xQ0jAxe-xtU,2ch馴れ初め感動シネマ,【2ch馴れ初め】親戚から「あげる」と言われた双子の赤ちゃん、ウチの病院スタッフ全員で育てた結果...,69058,maxresdefault,E:\Data\ObsidianVault\02_Channels\馴れ初めシネマ\競合チャンネル分析\企画リサーチ_20260605\gcs_upload_staging\naresome_thumbnails\xQ0jAxe-xtU.jpg,346479,
ZFRMWRtRslQ,2ch馴れ初め感動シネマ,【2ch馴れ初め】俺の子じゃないからと元嫁に引き取られた娘→数年後、赤ちゃんを抱えて俺に助けを求めてきた結果...,68483,maxresdefault,E:\Data\ObsidianVault\02_Channels\馴れ初めシネマ\競合チャンネル分析\企画リサーチ_20260605\gcs_upload_staging\naresome_thumbnails\ZFRMWRtRslQ.jpg,258625,
wk7NL3a39P4,2ch馴れ初め感動シネマ,【2ch馴れ初め】早朝の魚市場、大量の食材を抱え大号泣する女性→礼はいらないトラック野郎の俺が本気を出した結果,68379,maxresdefault,E:\Data\ObsidianVault\02_Channels\馴れ初めシネマ\競合チャンネル分析\企画リサーチ_20260605\gcs_upload_staging\naresome_thumbnails\wk7NL3a39P4.jpg,239411,
QxfpEt2brI8,2chの感動馴初め話,【2ch馴れ初め】浮気相手の子供だと引き離された娘→3年後、ボロボロの娘が深夜に助けを求めてきた結果【ゆっくり】,68313,maxresdefault,E:\Data\ObsidianVault\02_Channels\馴れ初めシネマ\競合チャンネル分析\企画リサーチ_20260605\gcs_upload_staging\naresome_thumbnails\QxfpEt2brI8.jpg,237798,
zWZPFmzKN0E,2ch馴れ初めゆっくりで最愛,【2ch 馴れ初め】タダ券を使用拒否され涙目のボロボロの双子姉妹→放っておけず俺のラーメン屋で特製ラーメンをご馳走した結果【ゆっくり】,68219,maxresdefault,E:\Data\ObsidianVault\02_Channels\馴れ初めシネマ\競合チャンネル分析\企画リサーチ_20260605\gcs_upload_staging\naresome_thumbnails\zWZPFmzKN0E.jpg,254835,
OGIpvuWkSJY,2ch馴れ初めゆっくりで最愛,【2ch 馴れ初め】シニアカーが壊れ踏み切り内で途方に暮れるお婆さん→放っておけず最終面接に遅刻した結果【ゆっくり】,68212,maxresdefault,E:\Data\ObsidianVault\02_Channels\馴れ初めシネマ\競合チャンネル分析\企画リサーチ_20260605\gcs_upload_staging\naresome_thumbnails\OGIpvuWkSJY.jpg,246751,
fZmKp0uBq88,2ch 馴れ初め ストーリーズ,【2ch馴れ初め】SNSでバズった俺の洋食屋に訪ねてきた貧乏母娘→ 人手不足なので住み込みで雇った結果【ゆっくり】,67707,maxresdefault,E:\Data\ObsidianVault\02_Channels\馴れ初めシネマ\競合チャンネル分析\企画リサーチ_20260605\gcs_upload_staging\naresome_thumbnails\fZmKp0uBq88.jpg,226164,
mxdqq1BzSNY,2ch馴れ初め感動シネマ,【2ch馴れ初め】ハッカーに攻撃され涙目で必死に対応する女性社員→無能清掃員で元天才エンジニアの俺が本気を出した結果,67263,maxresdefault,E:\Data\ObsidianVault\02_Channels\馴れ初めシネマ\競合チャンネル分析\企画リサーチ_20260605\gcs_upload_staging\naresome_thumbnails\mxdqq1BzSNY.jpg,370042,
eGd6oB_lTyQ,2chなれそめストーリー2.0,【2ch馴れ初め】女上司に早漏だと相談したら「私得意だから任せて」と優しく付き合ってくれた結果【ゆっくり解説】,67090,maxresdefault,E:\Data\ObsidianVault\02_Channels\馴れ初めシネマ\競合チャンネル分析\企画リサーチ_20260605\gcs_upload_staging\naresome_thumbnails\eGd6oB_lTyQ.jpg,237037,
cq7KimJ8Abk,2ch馴れ初め感動シネマ,【2ch馴れ初め】会社の飲み会で高額請求を押し付けられた俺→飲み会は昨日なので上司の鬼電をガン無視した結果…,66906,maxresdefault,E:\Data\ObsidianVault\02_Channels\馴れ初めシネマ\競合チャンネル分析\企画リサーチ_20260605\gcs_upload_staging\naresome_thumbnails\cq7KimJ8Abk.jpg,342239,
oxRdflKX2hQ,2ch馴れ初め感動シネマ,【2ch馴れ初め】真冬のガス点検中に遭遇した凍えるしもやけだらけの少女→異変を感じ実家の銭湯に連れ帰った結果,66847,maxresdefault,E:\Data\ObsidianVault\02_Channels\馴れ初めシネマ\競合チャンネル分析\企画リサーチ_20260605\gcs_upload_staging\naresome_thumbnails\oxRdflKX2hQ.jpg,320619,
lNLFGfd9wJo,2ch馴れ初め感動シネマ,【2ch馴れ初め】顔の傷が理由で俺を見下す元ヤンのシングルマザー→昔命がけで助けた初恋の少女だった結果,66841,maxresdefault,E:\Data\ObsidianVault\02_Channels\馴れ初めシネマ\競合チャンネル分析\企画リサーチ_20260605\gcs_upload_staging\naresome_thumbnails\lNLFGfd9wJo.jpg,345586,
cg6X77j_bIU,2chの感動馴初め話,熱で休んだ息子の同級生の家にプリントを届けに行くと、アザだらけの少女が現れた結果…【2ch馴れ初め】【ゆっくり解説】,66766,maxresdefault,E:\Data\ObsidianVault\02_Channels\馴れ初めシネマ\競合チャンネル分析\企画リサーチ_20260605\gcs_upload_staging\naresome_thumbnails\cg6X77j_bIU.jpg,221046,
tTMSJ43sRuU,俺たちの馴れ初め,【2ch馴れ初め】　お腹を空かせたホームレス女におにぎりをあげた俺→気づくと後ろをついてきた結果...　【ゆっくり】,66274,maxresdefault,E:\Data\ObsidianVault\02_Channels\馴れ初めシネマ\競合チャンネル分析\企画リサーチ_20260605\gcs_upload_staging\naresome_thumbnails\tTMSJ43sRuU.jpg,232983,
jORxyR8DrH0,2ch馴れ初めムービー,【2ch馴れ初め】雨天のキャンプ場で昼食を忘れ空腹で泣く青あざのある親子→元板前の俺が車内で自慢の山菜ごはんをお裾分けした結果【感動名作】,65928,maxresdefault,E:\Data\ObsidianVault\02_Channels\馴れ初めシネマ\競合チャンネル分析\企画リサーチ_20260605\gcs_upload_staging\naresome_thumbnails\jORxyR8DrH0.jpg,294883,
onTyCutCYMA,2ch馴れ初めタイムトラベル,【2ch馴れ初め】1日300杯のラーメンを売る俺が突然のクビ宣告 →笑いを堪えて秘伝のレシピを全部捨てて退職した結果…【ゆっくり】,65791,maxresdefault,E:\Data\ObsidianVault\02_Channels\馴れ初めシネマ\競合チャンネル分析\企画リサーチ_20260605\gcs_upload_staging\naresome_thumbnails\onTyCutCYMA.jpg,229204,
lvlp79DpPeo,俺たちの馴れ初め,【2ch馴れ初め】ショッピングモールで似顔絵を描く絵師の女→あまりの上手さに筆職人の俺が声を掛けた結果...【ゆっくり】,64877,maxresdefault,E:\Data\ObsidianVault\02_Channels\馴れ初めシネマ\競合チャンネル分析\企画リサーチ_20260605\gcs_upload_staging\naresome_thumbnails\lvlp79DpPeo.jpg,258505,
-6wU4rZkzu0,俺たちの馴れ初め,【2ch馴れ初め】女が苦手で避けてる俺を同級生女子がからかって挑発してきた結果…【ゆっくり】,64459,maxresdefault,E:\Data\ObsidianVault\02_Channels\馴れ初めシネマ\競合チャンネル分析\企画リサーチ_20260605\gcs_upload_staging\naresome_thumbnails\-6wU4rZkzu0.jpg,230812,
dmppSnEHGeA,2ch馴れ初め感動シネマ,【2ch馴れ初め】コンビニで空腹の少女を助けた組から逃亡中のヤクザの俺→後日、お礼に組長の名刺を渡された結果...,64418,maxresdefault,E:\Data\ObsidianVault\02_Channels\馴れ初めシネマ\競合チャンネル分析\企画リサーチ_20260605\gcs_upload_staging\naresome_thumbnails\dmppSnEHGeA.jpg,332522,
6RAA-1I6fqs,2ch馴れ初めムービー,【２ｃｈ馴れ初め】ゴールデンウィークに1人夜釣りをしてたら、突然現れたボロボロ母娘→釣りたて魚料理を振る舞った結果…【感動名作】,64392,maxresdefault,E:\Data\ObsidianVault\02_Channels\馴れ初めシネマ\競合チャンネル分析\企画リサーチ_20260605\gcs_upload_staging\naresome_thumbnails\6RAA-1I6fqs.jpg,320804,
0S4WTxG3oPM,2chなれそめストーリー2.0,【2ch馴れ初め】経験豊富とうわさの上司に「実は童貞なんてす…」と言ったら、美味しく食べられた結果【ゆっくり解説】,64135,maxresdefault,E:\Data\ObsidianVault\02_Channels\馴れ初めシネマ\競合チャンネル分析\企画リサーチ_20260605\gcs_upload_staging\naresome_thumbnails\0S4WTxG3oPM.jpg,238224,
RVj-bmErGUs,2ch馴れ初めゆっくりで最愛,【2ch 馴れ初め】親戚中から邪魔者扱いされる孤独なボロボロのおばあちゃん→俺ん家の弁当屋で住み込みで雇った結果【ゆっくり】,63438,maxresdefault,E:\Data\ObsidianVault\02_Channels\馴れ初めシネマ\競合チャンネル分析\企画リサーチ_20260605\gcs_upload_staging\naresome_thumbnails\RVj-bmErGUs.jpg,271938,
2koeapAPgOI,2chなれそめストーリー2.0,【2ch馴れ初め】居候先の親友宅で美人姉が無防備なノーブラ姿で誘惑してきた結果【ゆっくり解説】,63336,maxresdefault,E:\Data\ObsidianVault\02_Channels\馴れ初めシネマ\競合チャンネル分析\企画リサーチ_20260605\gcs_upload_staging\naresome_thumbnails\2koeapAPgOI.jpg,235431,
0CfydsS1rjc,俺たちの馴れ初め,【2ch馴れ初め】　訳アリで入社してきた経理部の地味女→大学のミスコン優勝者だと気付いた結果..　【ゆっくり】,63140,maxresdefault,E:\Data\ObsidianVault\02_Channels\馴れ初めシネマ\競合チャンネル分析\企画リサーチ_20260605\gcs_upload_staging\naresome_thumbnails\0CfydsS1rjc.jpg,253735,
8gmD-LIQbUY,2ch馴れ初め感動シネマ,【2ch馴れ初め】ヤクザにみかじめ料を搾り取られ突然閉店する母娘→常連客で組長息子の俺が本気を出した結果,63134,maxresdefault,E:\Data\ObsidianVault\02_Channels\馴れ初めシネマ\競合チャンネル分析\企画リサーチ_20260605\gcs_upload_staging\naresome_thumbnails\8gmD-LIQbUY.jpg,343919,
WE_5hqGzW3s,2ch 馴れ初め ストーリーズ,【2ch馴れ初め】念願の田舎暮らしの為に古民家を買った俺→家の中にボロボロ母娘が住み着いていた結果【ゆっくり】,63123,maxresdefault,E:\Data\ObsidianVault\02_Channels\馴れ初めシネマ\競合チャンネル分析\企画リサーチ_20260605\gcs_upload_staging\naresome_thumbnails\WE_5hqGzW3s.jpg,320548,
kWT4hbwseGI,俺たちの馴れ初め,【2ch馴れ初め】妹を修学旅行に行かせる為にお昼を抜くギャルJK→料理が趣味な俺が毎日弁当を作った結果【ゆっくり】,63008,maxresdefault,E:\Data\ObsidianVault\02_Channels\馴れ初めシネマ\競合チャンネル分析\企画リサーチ_20260605\gcs_upload_staging\naresome_thumbnails\kWT4hbwseGI.jpg,312176,
TdLSSXAuDHE,2chなれそめストーリー2.0,【2ch馴れ初め】同僚が「営業で私に勝ったら何でもしてあげる」と勝負を挑んできたので、キッチリ負かした結果【ゆっくり解説】,63005,maxresdefault,E:\Data\ObsidianVault\02_Channels\馴れ初めシネマ\競合チャンネル分析\企画リサーチ_20260605\gcs_upload_staging\naresome_thumbnails\TdLSSXAuDHE.jpg,225963,
0pVQ-LO_akc,2ch馴れ初め感動シネマ,【2ch馴れ初め】不登校の同級生にプリントを届けた小学生の息子→異変を感じヤクザ組長の俺を呼んだ結果【2ch】【馴れ初め】,62892,maxresdefault,E:\Data\ObsidianVault\02_Channels\馴れ初めシネマ\競合チャンネル分析\企画リサーチ_20260605\gcs_upload_staging\naresome_thumbnails\0pVQ-LO_akc.jpg,337139,
1S_U9o9JAA8,2ch馴れ初め感動シネマ,【2ch馴れ初め】かつて貧乏人だった俺に毎日弁当を作ってくれた同級生→20年後、若頭となった俺がヤクザ事務所で再会した結果,62812,maxresdefault,E:\Data\ObsidianVault\02_Channels\馴れ初めシネマ\競合チャンネル分析\企画リサーチ_20260605\gcs_upload_staging\naresome_thumbnails\1S_U9o9JAA8.jpg,280635,
FUnUu1JNt1w,2chなれそめストーリー2.0,【2ch馴れ初め】近所のおじさんからヤンキー娘を見せられたので、嘘を付いて褒めたら、なぜかお見合いさせられてしまった結果【ゆっくり解説】,62501,maxresdefault,E:\Data\ObsidianVault\02_Channels\馴れ初めシネマ\競合チャンネル分析\企画リサーチ_20260605\gcs_upload_staging\naresome_thumbnails\FUnUu1JNt1w.jpg,272401,
U24wdgvVVFU,2ch馴れ初め感動シネマ,【2ch馴れ初め】会社の花見で場所取り終えて一杯やってたら→見知らぬ野良犬が赤ちゃんくわえてやって来た結果,61992,maxresdefault,E:\Data\ObsidianVault\02_Channels\馴れ初めシネマ\競合チャンネル分析\企画リサーチ_20260605\gcs_upload_staging\naresome_thumbnails\U24wdgvVVFU.jpg,350124,
Oqo47410UYc,俺たちの馴れ初め,【2ch馴れ初め】ゲームに勝ちたい負けず嫌いの幼馴染が色仕掛けで誘惑してきた結果…【ゆっくり】,61942,maxresdefault,E:\Data\ObsidianVault\02_Channels\馴れ初めシネマ\競合チャンネル分析\企画リサーチ_20260605\gcs_upload_staging\naresome_thumbnails\Oqo47410UYc.jpg,214942,
9RBbAhHtwng,俺たちの馴れ初め,【2ch馴れ初め】チンピラに絡まれ怯える女販売員→ただのホームレスだと思われてる俺が本性を見せた結果...【ゆっくり】,61684,maxresdefault,E:\Data\ObsidianVault\02_Channels\馴れ初めシネマ\競合チャンネル分析\企画リサーチ_20260605\gcs_upload_staging\naresome_thumbnails\9RBbAhHtwng.jpg,267979,
huwgDbcYEts,2ch馴れ初め感動シネマ,【2ch馴れ初め】クーラーがあるヤクザ事務所に侵入した近所の貧乏少女→その日以降、毎日来るようになった結果,61173,maxresdefault,E:\Data\ObsidianVault\02_Channels\馴れ初めシネマ\競合チャンネル分析\企画リサーチ_20260605\gcs_upload_staging\naresome_thumbnails\huwgDbcYEts.jpg,341062,
MLPTn9dye7k,2ch馴れ初め感動シネマ,【2ch馴れ初め】初めての朝練に行った義妹が丸坊主姿で10分で帰宅→ニート兄の俺がブチギレた結果,60905,maxresdefault,E:\Data\ObsidianVault\02_Channels\馴れ初めシネマ\競合チャンネル分析\企画リサーチ_20260605\gcs_upload_staging\naresome_thumbnails\MLPTn9dye7k.jpg,359284,
nZQQDolEoDA,2ch馴れ初めムービー,【２ｃｈ馴れ初め】昔祖母が住んでた田舎にあるゴミ屋敷を片付けに来た俺→身寄りのない貧乏母娘が住みついていた結果…【感動名作】,60894,maxresdefault,E:\Data\ObsidianVault\02_Channels\馴れ初めシネマ\競合チャンネル分析\企画リサーチ_20260605\gcs_upload_staging\naresome_thumbnails\nZQQDolEoDA.jpg,284788,
JD425hxcgSY,俺たちの馴れ初め,【2ch馴れ初め】親を亡くし身寄りが無い孤独の少女→娘として引取り育てた結果…【ゆっくり】,60387,maxresdefault,E:\Data\ObsidianVault\02_Channels\馴れ初めシネマ\競合チャンネル分析\企画リサーチ_20260605\gcs_upload_staging\naresome_thumbnails\JD425hxcgSY.jpg,215772,
AE-QKYEUims,2ch馴れ初め感動シネマ,【2ch馴れ初め】ヤクザ事務所のアルファードに逃げていたガリガリ双子→若頭の俺が本気を出して保護した結果,60306,maxresdefault,E:\Data\ObsidianVault\02_Channels\馴れ初めシネマ\競合チャンネル分析\企画リサーチ_20260605\gcs_upload_staging\naresome_thumbnails\AE-QKYEUims.jpg,356187,
9UtIU5jZCYY,2ch 馴れ初め ストーリーズ,【2ch馴れ初め】休日のランチタイムでもガラガラの洋食店→ 洋食が大好きな娘の直感を信じて入店した結果【ゆっくり】,60103,maxresdefault,E:\Data\ObsidianVault\02_Channels\馴れ初めシネマ\競合チャンネル分析\企画リサーチ_20260605\gcs_upload_staging\naresome_thumbnails\9UtIU5jZCYY.jpg,227642,
KOZJAcLHEdU,2chなれそめストーリー2.0,【2ch馴れ初め総集編】事故で意識を失っている俺が病室で夢〇したら、鬼上司が俺の寝ている間に処理してくれていた結果…2chなれそめストーリーの人気動画をまとめてみた！,60080,maxresdefault,E:\Data\ObsidianVault\02_Channels\馴れ初めシネマ\競合チャンネル分析\企画リサーチ_20260605\gcs_upload_staging\naresome_thumbnails\KOZJAcLHEdU.jpg,238942,
YGvUHXSlqGU,2ch馴れ初めムービー,【2ch馴れ初め】毎日廃棄弁当がないか聞いてくる貧乏親子→出来たてほかほかの焼肉弁当を内緒であげた結果…【ほっこり】,59778,maxresdefault,E:\Data\ObsidianVault\02_Channels\馴れ初めシネマ\競合チャンネル分析\企画リサーチ_20260605\gcs_upload_staging\naresome_thumbnails\YGvUHXSlqGU.jpg,270781,
OF8167mmV78,2ch馴れ初め感動シネマ,【2ch馴れ初め】ヤクザから足を洗いコンビニ店員してる俺 → 常連客でいつも俺を見下す生意気ギャルのピンチに本性を現した結果,59663,maxresdefault,E:\Data\ObsidianVault\02_Channels\馴れ初めシネマ\競合チャンネル分析\企画リサーチ_20260605\gcs_upload_staging\naresome_thumbnails\OF8167mmV78.jpg,257849,
bUKcm5jaqdc,2ch馴れ初めゆっくりで最愛,【2ch 馴れ初め】赤字続きの俺の和菓子屋に面接に来たボロボロのホームレス女性→双子の娘の直感で住み込みで雇った結果【ゆっくり】,59492,maxresdefault,E:\Data\ObsidianVault\02_Channels\馴れ初めシネマ\競合チャンネル分析\企画リサーチ_20260605\gcs_upload_staging\naresome_thumbnails\bUKcm5jaqdc.jpg,267519,
Z2l5K7O0AYk,2ch 馴れ初め ストーリーズ,【2ch馴れ初め】兄夫婦からボロボロ姉妹を300万で買った俺→ 愛情込めて育て上げ、本当の家族になった結果【ゆっくり】,59464,maxresdefault,E:\Data\ObsidianVault\02_Channels\馴れ初めシネマ\競合チャンネル分析\企画リサーチ_20260605\gcs_upload_staging\naresome_thumbnails\Z2l5K7O0AYk.jpg,237224,
edfFt1jgdU8,2chなれそめストーリー2.0,【2ch馴れ初め】巨尻がコンプレックスな同僚→俺は好みだったので抱いた結果【ゆっくり】,59276,maxresdefault,E:\Data\ObsidianVault\02_Channels\馴れ初めシネマ\競合チャンネル分析\企画リサーチ_20260605\gcs_upload_staging\naresome_thumbnails\edfFt1jgdU8.jpg,202388,
YkJcq7VnYEw,2ch馴れ初め感動シネマ,【2ch馴れ初め】亡き妹が残した身寄りのない1歳児の双子→15年後、俺の町中華の美しすぎる看板娘になった結果.....,59134,maxresdefault,E:\Data\ObsidianVault\02_Channels\馴れ初めシネマ\競合チャンネル分析\企画リサーチ_20260605\gcs_upload_staging\naresome_thumbnails\YkJcq7VnYEw.jpg,338374,
KFVaJ1pT7WI,2ch 馴れ初め ストーリーズ,【2ch馴れ初め】誘拐犯から双子姉妹を庇い大ケガをした俺→後日、見舞いに来た双子姉妹の驚きの正体が明らかに…【ゆっくり】,58565,maxresdefault,E:\Data\ObsidianVault\02_Channels\馴れ初めシネマ\競合チャンネル分析\企画リサーチ_20260605\gcs_upload_staging\naresome_thumbnails\KFVaJ1pT7WI.jpg,218134,
DZVvx8MxgII,2ch馴れ初め感動シネマ,【2ch馴れ初め】親がヤクザの悪ガキ兄弟にカツアゲされる一人娘→組長の俺に電話をかけた結果,58551,maxresdefault,E:\Data\ObsidianVault\02_Channels\馴れ初めシネマ\競合チャンネル分析\企画リサーチ_20260605\gcs_upload_staging\naresome_thumbnails\DZVvx8MxgII.jpg,344099,
mcBNiAwhYCM,俺たちの馴れ初め,【2ch馴れ初め】痴漢容疑をかけてきた美人婦警→俺も警官だと伝えた結果…【ゆっくり】,58460,maxresdefault,E:\Data\ObsidianVault\02_Channels\馴れ初めシネマ\競合チャンネル分析\企画リサーチ_20260605\gcs_upload_staging\naresome_thumbnails\mcBNiAwhYCM.jpg,226954,
MOSXxLAgGvA,2chなれそめストーリー2.0,【2ch馴れ初め】家事代行サービスで来た美人熟女が掃除中に紐パンを見せながら誘ってきた結果【ゆっくり】,58407,maxresdefault,E:\Data\ObsidianVault\02_Channels\馴れ初めシネマ\競合チャンネル分析\企画リサーチ_20260605\gcs_upload_staging\naresome_thumbnails\MOSXxLAgGvA.jpg,240301,
wzKh_LI8vOo,2chなれそめストーリー2.0,【2ch馴れ初め】バイト先で更衣室のドアを開けたら、ヤンキーが着替えていてうっかりおっ〇いを触ってしまった結果【ゆっくり解説】,58388,hqdefault,E:\Data\ObsidianVault\02_Channels\馴れ初めシネマ\競合チャンネル分析\企画リサーチ_20260605\gcs_upload_staging\naresome_thumbnails\wzKh_LI8vOo.jpg,46905,
Gbtqc-cklbM,2ch 馴れ初め ストーリーズ,【2ch馴れ初め】役所でボロボロの幼馴染と再会したので助けた結果、本当の家族になった【ゆっくり】,58283,maxresdefault,E:\Data\ObsidianVault\02_Channels\馴れ初めシネマ\競合チャンネル分析\企画リサーチ_20260605\gcs_upload_staging\naresome_thumbnails\Gbtqc-cklbM.jpg,247124,
2EENj-9srJ4,2chなれそめストーリー2.0,【2ch馴れ初め】大雪の中、女子大生が泣いていたので、心配で家に泊めたらムッチムチ過ぎた結果【ゆっくり】,57993,maxresdefault,E:\Data\ObsidianVault\02_Channels\馴れ初めシネマ\競合チャンネル分析\企画リサーチ_20260605\gcs_upload_staging\naresome_thumbnails\2EENj-9srJ4.jpg,269274,
RXB3xzV9Gkc,2ch馴れ初め感動シネマ,【2ch馴れ初め】同窓会でいじめっ子の半グレ同級生に親をコケにされる俺→10分後、大量の黒塗りの車が来た結果【2ch】【馴れ初め】,57986,maxresdefault,E:\Data\ObsidianVault\02_Channels\馴れ初めシネマ\競合チャンネル分析\企画リサーチ_20260605\gcs_upload_staging\naresome_thumbnails\RXB3xzV9Gkc.jpg,361874,
a64x9ND6k34,2ch馴れ初めムービー,【２ｃｈ馴れ初め】閉店間際のラーメン屋に訪れたおもちゃの１０００円札を握りしめたボロボロ双子→気づかないフリして豚骨味噌ラーメンをご馳走した結果…【感動名作】,57955,maxresdefault,E:\Data\ObsidianVault\02_Channels\馴れ初めシネマ\競合チャンネル分析\企画リサーチ_20260605\gcs_upload_staging\naresome_thumbnails\a64x9ND6k34.jpg,285893,
0GqM3ZHBE-g,2ch馴れ初め感動シネマ,【2ch馴れ初め】元請が京都の会社の懇親会で開始1分でぶぶ漬けを出された俺→下請社長の俺が50億プロジェクトの大型契約を辞退した結果,57457,maxresdefault,E:\Data\ObsidianVault\02_Channels\馴れ初めシネマ\競合チャンネル分析\企画リサーチ_20260605\gcs_upload_staging\naresome_thumbnails\0GqM3ZHBE-g.jpg,253128,
f0dEw7UKWU0,2ch馴れ初め感動シネマ,【2ch馴れ初め】上司にハメられ廃業寸前のホテルでバイトする俺→元三ツ星シェフの俺が本気を出した結果,57387,maxresdefault,E:\Data\ObsidianVault\02_Channels\馴れ初めシネマ\競合チャンネル分析\企画リサーチ_20260605\gcs_upload_staging\naresome_thumbnails\f0dEw7UKWU0.jpg,333164,
1rXDe4QWTsI,2ch馴れ初め感動シネマ,【2ch馴れ初め】業者に騙され事故物件に入居した俺と娘→5歳の娘が女幽霊を「ママ」と呼び膝の上にダイブした結果,57367,maxresdefault,E:\Data\ObsidianVault\02_Channels\馴れ初めシネマ\競合チャンネル分析\企画リサーチ_20260605\gcs_upload_staging\naresome_thumbnails\1rXDe4QWTsI.jpg,251830,
VplO3nBt4w4,俺たちの馴れ初め,【2ch馴れ初め】ドブ川で身体を洗うホームレス女→家に招きお風呂を貸した結果…【ゆっくり】,57326,maxresdefault,E:\Data\ObsidianVault\02_Channels\馴れ初めシネマ\競合チャンネル分析\企画リサーチ_20260605\gcs_upload_staging\naresome_thumbnails\VplO3nBt4w4.jpg,210395,
eVvnJXFO0b8,2chの感動馴初め話,【2ch馴れ初め】真冬の深夜、0歳の赤ん坊を抱く弱視の少女→小児科勤務の幼馴染の家に連れて行った結果…【ゆっくり】,57259,maxresdefault,E:\Data\ObsidianVault\02_Channels\馴れ初めシネマ\競合チャンネル分析\企画リサーチ_20260605\gcs_upload_staging\naresome_thumbnails\eVvnJXFO0b8.jpg,336934,
uH87IrEvYTA,2ch馴れ初め感動シネマ,【2ch馴れ初め】ヤクザに給食費までしぼり取られる貧乏母娘→組長の血を受け継ぐ娘が助けた結果,57023,maxresdefault,E:\Data\ObsidianVault\02_Channels\馴れ初めシネマ\競合チャンネル分析\企画リサーチ_20260605\gcs_upload_staging\naresome_thumbnails\uH87IrEvYTA.jpg,256620,
gElEeB9UYuc,2ch 馴れ初め ストーリーズ,【2ch馴れ初め】廃業寸前のホテルに面接に来た謎のボロボロ女性→ 双子姉妹がスカウトした超有能女性だった結果【ゆっくり】,56971,maxresdefault,E:\Data\ObsidianVault\02_Channels\馴れ初めシネマ\競合チャンネル分析\企画リサーチ_20260605\gcs_upload_staging\naresome_thumbnails\gElEeB9UYuc.jpg,219869,
_etZaUAiHUw,2chなれそめストーリー2.0,【2ch馴れ初め】会社の美人熟女に息子の元気がないと相談に乗ってくれた結果【ゆっくり解説】,56958,maxresdefault,E:\Data\ObsidianVault\02_Channels\馴れ初めシネマ\競合チャンネル分析\企画リサーチ_20260605\gcs_upload_staging\naresome_thumbnails\_etZaUAiHUw.jpg,237961,
TFWUlzPc9r0,馴れ初め公園,【馴れ初め】タダ券で頼んだえび天1本を譲り合う老夫婦→店主の俺がデカ盛り天ぷらうどんをご馳走した結果…【ゆっくり】,56601,maxresdefault,E:\Data\ObsidianVault\02_Channels\馴れ初めシネマ\競合チャンネル分析\企画リサーチ_20260605\gcs_upload_staging\naresome_thumbnails\TFWUlzPc9r0.jpg,344440,
M0x1uctiYNI,俺たちの馴れ初め,【2ch馴れ初め】廃業寸前の旅館に来た謎のデブ男→なぜか客室がすべて埋まった結果...【ゆっくり】,56325,maxresdefault,E:\Data\ObsidianVault\02_Channels\馴れ初めシネマ\競合チャンネル分析\企画リサーチ_20260605\gcs_upload_staging\naresome_thumbnails\M0x1uctiYNI.jpg,320187,
5SvuJp7wuq8,2chなれそめストーリー2.0,【2ch馴れ初め】なかなか結婚しない俺が親に無理やりお見合いさせられたらスケベな服を着た鬼上司が現れた【ゆっくり解説】,56307,maxresdefault,E:\Data\ObsidianVault\02_Channels\馴れ初めシネマ\競合チャンネル分析\企画リサーチ_20260605\gcs_upload_staging\naresome_thumbnails\5SvuJp7wuq8.jpg,217161,
L12KpFdFS7c,2ch馴れ初めタイムトラベル,【2ch馴れ初め】内定式300人の前で中卒と見下される俺 →即全連絡先ブロックして内定辞退した結果…【ゆっくり】,56122,maxresdefault,E:\Data\ObsidianVault\02_Channels\馴れ初めシネマ\競合チャンネル分析\企画リサーチ_20260605\gcs_upload_staging\naresome_thumbnails\L12KpFdFS7c.jpg,243390,
IGBYWkbav-A,2ch馴れ初め感動シネマ,【2ch馴れ初め】公園で1人ポツンと座る金髪デブ女→ノリで俺たち弱小野球部に誘ってみた結果,55982,maxresdefault,E:\Data\ObsidianVault\02_Channels\馴れ初めシネマ\競合チャンネル分析\企画リサーチ_20260605\gcs_upload_staging\naresome_thumbnails\IGBYWkbav-A.jpg,246407,
_BnqCojf0Ug,2ch馴れ初めほっこり物語,【2ch馴れ初め】家賃3万円の事故物件で激辛専門店を開業した俺 →棲みついた幽霊がまさかの行動にでた結果…【ゆっくり】,55880,maxresdefault,E:\Data\ObsidianVault\02_Channels\馴れ初めシネマ\競合チャンネル分析\企画リサーチ_20260605\gcs_upload_staging\naresome_thumbnails\_BnqCojf0Ug.jpg,301302,
LxZZRu_JjFQ,2ch 馴れ初め ストーリーズ,【2ch馴れ初め】身寄りの無い双子姉妹を引き取った俺→ 愛情たっぷり込めて育て上げた結果【ゆっくり】,55638,maxresdefault,E:\Data\ObsidianVault\02_Channels\馴れ初めシネマ\競合チャンネル分析\企画リサーチ_20260605\gcs_upload_staging\naresome_thumbnails\LxZZRu_JjFQ.jpg,210615,
MIdGYyJDubI,2chなれそめストーリー2.0,【2ch馴れ初め】忘年会でヘベレケになった俺、気がついたら受付嬢の家であられもない姿になっていた結果【ゆっくり解説】,55555,maxresdefault,E:\Data\ObsidianVault\02_Channels\馴れ初めシネマ\競合チャンネル分析\企画リサーチ_20260605\gcs_upload_staging\naresome_thumbnails\MIdGYyJDubI.jpg,224967,
pJ7v3mTs1wg,2ch馴れ初めほっこり物語,【2ch馴れ初め】祖父の代から納品してた大手ラーメン店に脅される俺 →系列50店舗への麺の出荷を全て終了した結果…【ゆっくり】,55406,maxresdefault,E:\Data\ObsidianVault\02_Channels\馴れ初めシネマ\競合チャンネル分析\企画リサーチ_20260605\gcs_upload_staging\naresome_thumbnails\pJ7v3mTs1wg.jpg,322672,
l50hf0OVdcc,2ch 馴れ初め ストーリーズ,【2ch馴れ初め】ボロボロの身なりが原因で洋菓子店から出禁にされた双子姉妹→ 俺の洋菓子店に招待してケーキを大量にプレゼントした結果【ゆっくり】,55047,maxresdefault,E:\Data\ObsidianVault\02_Channels\馴れ初めシネマ\競合チャンネル分析\企画リサーチ_20260605\gcs_upload_staging\naresome_thumbnails\l50hf0OVdcc.jpg,283023,
7gnQag46ZEU,2ch馴れ初め感動シネマ,【2ch馴れ初め】7年ぶりに組に復帰した俺を見下す若頭補佐→パシられる俺の姿を見た全組員が顔面蒼白に,54903,maxresdefault,E:\Data\ObsidianVault\02_Channels\馴れ初めシネマ\競合チャンネル分析\企画リサーチ_20260605\gcs_upload_staging\naresome_thumbnails\7gnQag46ZEU.jpg,354751,
4_9eNY97GwI,2chなれそめストーリー2.0,【2ch馴れ初め】峠で事故ったヤンキーを助けたら、「子供が欲しい」と突然アソコを広げてきた結果【ゆっくり解説】,54720,maxresdefault,E:\Data\ObsidianVault\02_Channels\馴れ初めシネマ\競合チャンネル分析\企画リサーチ_20260605\gcs_upload_staging\naresome_thumbnails\4_9eNY97GwI.jpg,230551,
UhU_iOiZhQs,俺たちの馴れ初め,【2ch馴れ初め】モテない俺を見下す幼馴染JKが体操服の匂いを嗅いでいた結果…【ゆっくり】,54560,maxresdefault,E:\Data\ObsidianVault\02_Channels\馴れ初めシネマ\競合チャンネル分析\企画リサーチ_20260605\gcs_upload_staging\naresome_thumbnails\UhU_iOiZhQs.jpg,221357,
btqL9RL55Ow,2chなれそめストーリー2.0,【2ch馴れ初め】お金が無くてシェアハウスに入居したら同居人がまさかの鬼上司だった結果【ゆっくり解説】,54559,maxresdefault,E:\Data\ObsidianVault\02_Channels\馴れ初めシネマ\競合チャンネル分析\企画リサーチ_20260605\gcs_upload_staging\naresome_thumbnails\btqL9RL55Ow.jpg,241336,
WTrr00vOyhA,2ch馴れ初め感動シネマ,【2ch馴れ初め】授業参観で「私のお父さん」を読む娘→俺の実家が関東最大のヤクザ組織とバレた結果,54270,maxresdefault,E:\Data\ObsidianVault\02_Channels\馴れ初めシネマ\競合チャンネル分析\企画リサーチ_20260605\gcs_upload_staging\naresome_thumbnails\WTrr00vOyhA.jpg,250954,
MlGpa_gt14Y,2ch馴れ初め感動シネマ,【2ch馴れ初め】交通事故に遭い苦しむヤクザを放っておけず→10億円が掛かった大事な商談に遅刻した結果,54106,maxresdefault,E:\Data\ObsidianVault\02_Channels\馴れ初めシネマ\競合チャンネル分析\企画リサーチ_20260605\gcs_upload_staging\naresome_thumbnails\MlGpa_gt14Y.jpg,236990,
7nUYF7PrCJU,2chなれそめストーリー2.0,【2ch馴れ初め】男性の病気で〇なしの俺が、女上司に相談すると、むしろ喜んでくれた結果【ゆっくり】,53998,maxresdefault,E:\Data\ObsidianVault\02_Channels\馴れ初めシネマ\競合チャンネル分析\企画リサーチ_20260605\gcs_upload_staging\naresome_thumbnails\7nUYF7PrCJU.jpg,238673,
m-DU08gbvZc,2chなれそめストーリー2.0,【2ch馴れ初め】親のために許嫁と結婚されられる幼馴染→最後に思い出を作りたいと言われたので果てるまで抱いた結果【ゆっくり解説】,53908,maxresdefault,E:\Data\ObsidianVault\02_Channels\馴れ初めシネマ\競合チャンネル分析\企画リサーチ_20260605\gcs_upload_staging\naresome_thumbnails\m-DU08gbvZc.jpg,209708,
e9QOjeLBnzk,2ch馴れ初め感動シネマ,【2ch馴れ初め】SNSでバズった俺の豆腐屋に訪ねてきたボロボロな貧乏母娘→人手不足なので店番を手伝ってもらった結果,53442,maxresdefault,E:\Data\ObsidianVault\02_Channels\馴れ初めシネマ\競合チャンネル分析\企画リサーチ_20260605\gcs_upload_staging\naresome_thumbnails\e9QOjeLBnzk.jpg,329810,
PeOyUEi4Ako,俺たちの馴れ初め,【2ch馴れ初め】ブランド店で高額請求される盲目の女性→実はこの店の社長だった俺がキレた結果...【ゆっくり】,53156,maxresdefault,E:\Data\ObsidianVault\02_Channels\馴れ初めシネマ\競合チャンネル分析\企画リサーチ_20260605\gcs_upload_staging\naresome_thumbnails\PeOyUEi4Ako.jpg,237787,
nNbiPDqae1E,2chの感動馴初め話,【2ch馴れ初め】奴隷扱いされる少女にラーメン無料券を渡した俺→後日、タブられた無料券を持ってきた結果【ゆっくり解説】,53024,maxresdefault,E:\Data\ObsidianVault\02_Channels\馴れ初めシネマ\競合チャンネル分析\企画リサーチ_20260605\gcs_upload_staging\naresome_thumbnails\nNbiPDqae1E.jpg,233990,
bYoOoreu0rg,2ch 馴れ初め ストーリーズ,【2ch馴れ初め】社員全員引き抜き＆ウイルス攻撃で倒産寸前の女社長→IQ200の天才エンジニアである俺の娘が本気を出した結果【ゆっくり】,53023,maxresdefault,E:\Data\ObsidianVault\02_Channels\馴れ初めシネマ\競合チャンネル分析\企画リサーチ_20260605\gcs_upload_staging\naresome_thumbnails\bYoOoreu0rg.jpg,331348,
NCeg0AjZUcU,2ch 馴れ初め ストーリーズ,【2ch馴れ初め】職場の美人上司からの電話に→ 愛娘の双子の赤ちゃんが出た結果【ゆっくり】,52992,maxresdefault,E:\Data\ObsidianVault\02_Channels\馴れ初めシネマ\競合チャンネル分析\企画リサーチ_20260605\gcs_upload_staging\naresome_thumbnails\NCeg0AjZUcU.jpg,202420,
rRqa8YDj33Y,2ch馴れ初め感動シネマ,【2ch馴れ初め】亡き祖母の空き家の草むしりに来た俺→不良同級生と妹が住みついていた結果,52907,maxresdefault,E:\Data\ObsidianVault\02_Channels\馴れ初めシネマ\競合チャンネル分析\企画リサーチ_20260605\gcs_upload_staging\naresome_thumbnails\rRqa8YDj33Y.jpg,266488,
14ZZ8tCuJsI,2ch 馴れ初め ストーリーズ,【2ch馴れ初め】因縁の相手に社員を引き抜かれた女社長陰キャエンジニアの俺が全力を出した結果【ゆっくり】,52611,maxresdefault,E:\Data\ObsidianVault\02_Channels\馴れ初めシネマ\競合チャンネル分析\企画リサーチ_20260605\gcs_upload_staging\naresome_thumbnails\14ZZ8tCuJsI.jpg,241693,
rlGTvnXDDRo,俺たちの馴れ初め,【2ch馴れ初め】中学時代に同級生だった美人看護師に頼まれたお見合い→まさかの本人が登場した結果...【ゆっくり】,52308,maxresdefault,E:\Data\ObsidianVault\02_Channels\馴れ初めシネマ\競合チャンネル分析\企画リサーチ_20260605\gcs_upload_staging\naresome_thumbnails\rlGTvnXDDRo.jpg,234840,
GjexPPxT9PU,俺たちの馴れ初め,【2ch馴れ初め】極寒の夜ヒッチハイクする貧乏女→心配になって車に乗せた結果...【ゆっくり】,51838,maxresdefault,E:\Data\ObsidianVault\02_Channels\馴れ初めシネマ\競合チャンネル分析\企画リサーチ_20260605\gcs_upload_staging\naresome_thumbnails\GjexPPxT9PU.jpg,224514,
xb-2Z9Z3zPw,2ch馴れ初め感動シネマ,【2ch馴れ初め】バイト先の居酒屋で意見した俺にグーパンする店長→ブチギレた元組長の俺が現組長を呼び出した結果,51610,maxresdefault,E:\Data\ObsidianVault\02_Channels\馴れ初めシネマ\競合チャンネル分析\企画リサーチ_20260605\gcs_upload_staging\naresome_thumbnails\xb-2Z9Z3zPw.jpg,267383,
ZAI2dlcmnBs,2ch 馴れ初め ストーリーズ,【2ch馴れ初め】職場の美人同僚のカバンから落ちた小さなテディベア→  ウチで預かっている親戚の赤ちゃんの宝物とそっくりだった結果【ゆっくり】,51516,maxresdefault,E:\Data\ObsidianVault\02_Channels\馴れ初めシネマ\競合チャンネル分析\企画リサーチ_20260605\gcs_upload_staging\naresome_thumbnails\ZAI2dlcmnBs.jpg,243041,
lSrl8ox4uso,2ch 馴れ初め ストーリーズ,【2ch馴れ初め】ウチの総菜屋のコロッケをつまみ食いした見知らぬ赤ちゃん→大慌てでお姉ちゃんが飛んできた結果【ゆっくり】,51445,maxresdefault,E:\Data\ObsidianVault\02_Channels\馴れ初めシネマ\競合チャンネル分析\企画リサーチ_20260605\gcs_upload_staging\naresome_thumbnails\lSrl8ox4uso.jpg,227505,
FjjTEYvEpGU,2chなれそめストーリー2.0,【２ch馴れ初め】友達に女の子を紹介してもらったら美人な熟女だったため、断れず一日デートした結果【ゆっくり解説】,51314,maxresdefault,E:\Data\ObsidianVault\02_Channels\馴れ初めシネマ\競合チャンネル分析\企画リサーチ_20260605\gcs_upload_staging\naresome_thumbnails\FjjTEYvEpGU.jpg,233369,
m2HNm8Q405k,2ch馴れ初めタイムトラベル,【2ch馴れ初め】現場の要の俺が突然のクビ宣告 →言われた通り速攻で会社を去った結果…【ゆっくり】,51307,maxresdefault,E:\Data\ObsidianVault\02_Channels\馴れ初めシネマ\競合チャンネル分析\企画リサーチ_20260605\gcs_upload_staging\naresome_thumbnails\m2HNm8Q405k.jpg,255214,
ylYGiLfdLW0,2ch馴れ初めタイムトラベル,【2ch馴れ初め】同僚にハメられド田舎支店に左遷された陰キャの俺 →全システムを一新して支店の危機を救った結果…【ゆっくり】,51154,maxresdefault,E:\Data\ObsidianVault\02_Channels\馴れ初めシネマ\競合チャンネル分析\企画リサーチ_20260605\gcs_upload_staging\naresome_thumbnails\ylYGiLfdLW0.jpg,235370,
55cvZoQycRM,俺たちの馴れ初め,【2ch馴れ初め】残業で遅くなり眠そうな同僚女子にガムと間違えてゴムを渡した結果…【ゆっくり】,50818,maxresdefault,E:\Data\ObsidianVault\02_Channels\馴れ初めシネマ\競合チャンネル分析\企画リサーチ_20260605\gcs_upload_staging\naresome_thumbnails\55cvZoQycRM.jpg,221421,
ElSJ47wXqnk,ほろり感動馴れ初め話,【2ch馴れ初め】晩酌中に突然ビールを要求してくるボロボロの双子少女→豪華七輪飯をご馳走した結果【ゆっくり解説】,50675,maxresdefault,E:\Data\ObsidianVault\02_Channels\馴れ初めシネマ\競合チャンネル分析\企画リサーチ_20260605\gcs_upload_staging\naresome_thumbnails\ElSJ47wXqnk.jpg,274469,
gN-cjFYMooU,2ch馴れ初めゆっくりで最愛,【2ch 馴れ初め】事故で両親を失い身寄りのない隣人の双子少女、本当の兄妹の様一緒に過ごした結果【ゆっくり】,50556,maxresdefault,E:\Data\ObsidianVault\02_Channels\馴れ初めシネマ\競合チャンネル分析\企画リサーチ_20260605\gcs_upload_staging\naresome_thumbnails\gN-cjFYMooU.jpg,256682,
jllPLxA-RzM,ほろり感動馴れ初め話,【2ch馴れ初め】甘やかされて育ったわがままな三つ子→3週間預けられ教育した結果【ゆっくり解説】,50461,maxresdefault,E:\Data\ObsidianVault\02_Channels\馴れ初めシネマ\競合チャンネル分析\企画リサーチ_20260605\gcs_upload_staging\naresome_thumbnails\jllPLxA-RzM.jpg,253305,
udKMGKIgock,2ch馴れ初め感動シネマ,【2ch馴れ初め】ヤクザに脅され震えているうどん屋のスケバン同級生 → 陰キャで実は組長息子の俺が正体を明かした結果,50331,maxresdefault,E:\Data\ObsidianVault\02_Channels\馴れ初めシネマ\競合チャンネル分析\企画リサーチ_20260605\gcs_upload_staging\naresome_thumbnails\udKMGKIgock.jpg,362140,
Oh-Qp_KtRcs,2ch馴れ初めラブレター,【2ch馴れ初め】バックミラーに映る必死に追いかけてくる少女 →違和感を感じて車を止めた結果 ...【ゆっくり】,50314,maxresdefault,E:\Data\ObsidianVault\02_Channels\馴れ初めシネマ\競合チャンネル分析\企画リサーチ_20260605\gcs_upload_staging\naresome_thumbnails\Oh-Qp_KtRcs.jpg,302705,
5Edidm20C8M,2ch馴れ初め感動シネマ,【2ch馴れ初め】文化祭の模擬店を1人で準備する学級委員 →実家がテキ屋一家の俺が手伝った結果,50135,maxresdefault,E:\Data\ObsidianVault\02_Channels\馴れ初めシネマ\競合チャンネル分析\企画リサーチ_20260605\gcs_upload_staging\naresome_thumbnails\5Edidm20C8M.jpg,357662,
kkloeJHFA8o,2ch馴れ初め感動シネマ,【2ch馴れ初め】義妹の結婚式で新郎父に祝儀が安いとグーパンされた俺→お望み通り式場を去ると後日新郎父は全てを失った結果…,49931,maxresdefault,E:\Data\ObsidianVault\02_Channels\馴れ初めシネマ\競合チャンネル分析\企画リサーチ_20260605\gcs_upload_staging\naresome_thumbnails\kkloeJHFA8o.jpg,380898,
zC_LvGDWu6Q,2ch馴れ初めタイムトラベル,【2ch馴れ初め】人生に絶望した俺が帰宅したら→見知らぬ女性がお風呂に入ってた結果...【ゆっくり】,49816,maxresdefault,E:\Data\ObsidianVault\02_Channels\馴れ初めシネマ\競合チャンネル分析\企画リサーチ_20260605\gcs_upload_staging\naresome_thumbnails\zC_LvGDWu6Q.jpg,305434,
4PIPJCEBRY0,2ch馴れ初め感動シネマ,【2ch馴れ初め】ベビーシッターを頼んだら学生時代に天敵だった最恐レディース総長が派遣されてきた結果,49694,maxresdefault,E:\Data\ObsidianVault\02_Channels\馴れ初めシネマ\競合チャンネル分析\企画リサーチ_20260605\gcs_upload_staging\naresome_thumbnails\4PIPJCEBRY0.jpg,237716,
6_cGCySn704,2chの感動馴初め話,【2ch馴れ初め】暗い路地で1人手作りビーズを販売している、生まれつき声が出ない少女→家族を亡くした俺が全部買い取った結果【ゆっくり解説】,49690,maxresdefault,E:\Data\ObsidianVault\02_Channels\馴れ初めシネマ\競合チャンネル分析\企画リサーチ_20260605\gcs_upload_staging\naresome_thumbnails\6_cGCySn704.jpg,291458,
vLhmyF8fv_o,俺たちの馴れ初め,【2ch馴れ初め】仕事から帰宅したら見知らぬ女が俺の布団で寝ていた→勝手にお泊りされた結果…【ゆっくり解説】,49490,maxresdefault,E:\Data\ObsidianVault\02_Channels\馴れ初めシネマ\競合チャンネル分析\企画リサーチ_20260605\gcs_upload_staging\naresome_thumbnails\vLhmyF8fv_o.jpg,198040,
SRe9LypukiU,2chの感動馴初め話,【2ch馴れ初め】余命宣告をされ捨てられた少女→娘を亡くした俺が最後まで育てた結果【ゆっくり】,49484,maxresdefault,E:\Data\ObsidianVault\02_Channels\馴れ初めシネマ\競合チャンネル分析\企画リサーチ_20260605\gcs_upload_staging\naresome_thumbnails\SRe9LypukiU.jpg,303626,
pHQY7TCSQ44,俺たちの馴れ初め,【2ch馴れ初め】元カノを諦めさせるため、妹に彼女のフリをしてくれと頼んだ結果…【ゆっくり解説】,49413,maxresdefault,E:\Data\ObsidianVault\02_Channels\馴れ初めシネマ\競合チャンネル分析\企画リサーチ_20260605\gcs_upload_staging\naresome_thumbnails\pHQY7TCSQ44.jpg,209916,
wLcYAoAeJxk,俺たちの馴れ初め,【2ch馴れ初め】合コンで周りの男にモテモテの美女を俺だけが塩対応した結果…【ゆっくり】,49384,maxresdefault,E:\Data\ObsidianVault\02_Channels\馴れ初めシネマ\競合チャンネル分析\企画リサーチ_20260605\gcs_upload_staging\naresome_thumbnails\wLcYAoAeJxk.jpg,215569,
yhz0VN_Pz_c,2ch感動の馴れ初め話,【2ch馴れ初め】亡き祖母宅の仏壇の手入れに来た俺、ボロボロ母娘が住みついていた結果【ゆっくり動画】,49281,maxresdefault,E:\Data\ObsidianVault\02_Channels\馴れ初めシネマ\競合チャンネル分析\企画リサーチ_20260605\gcs_upload_staging\naresome_thumbnails\yhz0VN_Pz_c.jpg,316644,
LjRLGugYDwY,俺たちの馴れ初め,【2ch馴れ初め】脱衣所に行くと突然浴室の扉が開いた→義妹JKの裸をガン見した結果…【ゆっくり】,49134,maxresdefault,E:\Data\ObsidianVault\02_Channels\馴れ初めシネマ\競合チャンネル分析\企画リサーチ_20260605\gcs_upload_staging\naresome_thumbnails\LjRLGugYDwY.jpg,212154,
Vi8lQJxXq8o,ほろり感動馴れ初め話,【2ch馴れ初め】深夜に餓ﾀﾋ寸前で倒れた貧乏シングルマザー→社長になりたての俺が保護した結果【ゆっくり解説】,49085,maxresdefault,E:\Data\ObsidianVault\02_Channels\馴れ初めシネマ\競合チャンネル分析\企画リサーチ_20260605\gcs_upload_staging\naresome_thumbnails\Vi8lQJxXq8o.jpg,261348,
xJTxwFQQ6Ck,2ch馴れ初め感動シネマ,【2ch馴れ初め】娘と買い物中に誘拐を疑われるキモオタの俺→5歳の娘が職場（検察庁）に行こうと言った結果,48950,maxresdefault,E:\Data\ObsidianVault\02_Channels\馴れ初めシネマ\競合チャンネル分析\企画リサーチ_20260605\gcs_upload_staging\naresome_thumbnails\xJTxwFQQ6Ck.jpg,339999,
jXQ7Vf-uav0,2ch馴れ初め奇跡の出会い,【2ch馴れ初め】かつて貧乏な俺に弁当を作り続けてくれた元カノ→大企業社長になった俺が駅で再会した結果...【ゆっくり】,48906,maxresdefault,E:\Data\ObsidianVault\02_Channels\馴れ初めシネマ\競合チャンネル分析\企画リサーチ_20260605\gcs_upload_staging\naresome_thumbnails\jXQ7Vf-uav0.jpg,333896,
BN2_7yW5nN8,2chの感動馴初め話,【2ch馴れ初め】盲腸で入院した俺→拡張型心筋症で捨てられた少女と出会った結果【ゆっくり】,48772,maxresdefault,E:\Data\ObsidianVault\02_Channels\馴れ初めシネマ\競合チャンネル分析\企画リサーチ_20260605\gcs_upload_staging\naresome_thumbnails\BN2_7yW5nN8.jpg,262541,
H538jZmTW-w,2ch馴れ初めムービー,【２ｃｈ馴れ初め】娘とキャンプ中、隣で段ボールハウスを建てるボロボロ母娘 →一級建築士の俺より先に娘が「天才」と即採用した結果【ほっこり】,48686,maxresdefault,E:\Data\ObsidianVault\02_Channels\馴れ初めシネマ\競合チャンネル分析\企画リサーチ_20260605\gcs_upload_staging\naresome_thumbnails\H538jZmTW-w.jpg,274570,
y6jht5BxZvQ,2ch感動の馴れ初め話,【2ch馴れ初め】経営ギリギリの下町工場に面接に来た老人、正体に気がついた俺が即採用した結果【ゆっくり動画】,48492,maxresdefault,E:\Data\ObsidianVault\02_Channels\馴れ初めシネマ\競合チャンネル分析\企画リサーチ_20260605\gcs_upload_staging\naresome_thumbnails\y6jht5BxZvQ.jpg,292318,
AZOk_EazMKo,2ch 馴れ初め ストーリーズ,【2ch馴れ初め】離婚した元妻が引き取った1歳の赤ちゃん→3年後、父親違いの1歳の妹を連れ助けを求めてきた結果【ゆっくり】,48486,maxresdefault,E:\Data\ObsidianVault\02_Channels\馴れ初めシネマ\競合チャンネル分析\企画リサーチ_20260605\gcs_upload_staging\naresome_thumbnails\AZOk_EazMKo.jpg,242371,
uYA3VCGoUEg,2ch馴れ初め感動シネマ,【2ch馴れ初め】祖母が住んでたボロ屋敷を引き払いに来た俺→ガテン系母娘がDIYして勝手に住みついてた結果,48365,maxresdefault,E:\Data\ObsidianVault\02_Channels\馴れ初めシネマ\競合チャンネル分析\企画リサーチ_20260605\gcs_upload_staging\naresome_thumbnails\uYA3VCGoUEg.jpg,235552,
dANiAmLjQ-I,2chの感動馴初め話,自転車が壊れ号泣するボロボロの少女→亡き娘が乗るはずだった自転車を譲った結果…【2ch馴れ初め】【ゆっくり解説】,48295,maxresdefault,E:\Data\ObsidianVault\02_Channels\馴れ初めシネマ\競合チャンネル分析\企画リサーチ_20260605\gcs_upload_staging\naresome_thumbnails\dANiAmLjQ-I.jpg,303116,
TAzUg9l2VWc,2chなれそめストーリー2.0,【２ch馴れ初め】アパートから強制退去される貧乏女性がかわいそうだったので家に住ませた結果【ゆっくり解説】,48286,maxresdefault,E:\Data\ObsidianVault\02_Channels\馴れ初めシネマ\競合チャンネル分析\企画リサーチ_20260605\gcs_upload_staging\naresome_thumbnails\TAzUg9l2VWc.jpg,231845,
DT2_4A2lcL4,俺たちの馴れ初め,【2ch馴れ初め】飲み会でブス陰キャ女を押し付けれた俺→後日、彼女と再会したら別人だった結果...【ゆっくり】,48217,maxresdefault,E:\Data\ObsidianVault\02_Channels\馴れ初めシネマ\競合チャンネル分析\企画リサーチ_20260605\gcs_upload_staging\naresome_thumbnails\DT2_4A2lcL4.jpg,247831,
8SyKXbd0g0c,2ch馴れ初めゆっくりで最愛,【2ch 馴れ初め】銀行から融資を打ち切られ途方に暮れる涙目の定食屋の母娘→常連客のキモオタ社長の俺が声をかけた結果【ゆっくり】,48139,maxresdefault,E:\Data\ObsidianVault\02_Channels\馴れ初めシネマ\競合チャンネル分析\企画リサーチ_20260605\gcs_upload_staging\naresome_thumbnails\8SyKXbd0g0c.jpg,285884,
gZedI8cAPcw,2ch馴れ初めで愛を語る,【2ch馴れ初め】合コンで場違いな清楚系を押し付けられた俺→まさかの職業が翌朝判明した結果,48023,maxresdefault,E:\Data\ObsidianVault\02_Channels\馴れ初めシネマ\競合チャンネル分析\企画リサーチ_20260605\gcs_upload_staging\naresome_thumbnails\gZedI8cAPcw.jpg,306966,
2XRFEZ8XjEE,俺たちの馴れ初め,【2ch馴れ初め】縁日に屋台を徘徊するガリガリの少女→俺が焼いたタコ焼きをあげた結果…【ゆっくり】,47817,maxresdefault,E:\Data\ObsidianVault\02_Channels\馴れ初めシネマ\競合チャンネル分析\企画リサーチ_20260605\gcs_upload_staging\naresome_thumbnails\2XRFEZ8XjEE.jpg,230888,
H6-k0apgPK0,2ch馴れ初めゆっくりで最愛,【2ch馴れ初め】大雪の夜、屋台裏で寒さを凌ぎ凍えるボロボロの母娘、温かいお風呂と自慢のラーメンを振る舞った結果【ゆっくり】,47781,maxresdefault,E:\Data\ObsidianVault\02_Channels\馴れ初めシネマ\競合チャンネル分析\企画リサーチ_20260605\gcs_upload_staging\naresome_thumbnails\H6-k0apgPK0.jpg,291535,
W6fgHmJlPMs,俺たちの馴れ初め,【2ch馴れ初め】営業成績が最下位でバカにされる女性社員 →次期社長の俺が役員に昇格させた結果…【ゆっくり】,47779,maxresdefault,E:\Data\ObsidianVault\02_Channels\馴れ初めシネマ\競合チャンネル分析\企画リサーチ_20260605\gcs_upload_staging\naresome_thumbnails\W6fgHmJlPMs.jpg,312715,
1mHDrdy4HCY,2ch感動の馴れ初め話,【2ch馴れ初め】美女のパソコンを勝手に修理した発達障害の娘、底辺ゴミ回収員の俺の人生が変わった結果【ゆっくり動画】,47761,maxresdefault,E:\Data\ObsidianVault\02_Channels\馴れ初めシネマ\競合チャンネル分析\企画リサーチ_20260605\gcs_upload_staging\naresome_thumbnails\1mHDrdy4HCY.jpg,314810,
UjffOYjPW24,2ch馴れ初め感動シネマ,【2ch馴れ初め】合コンで女の子を呼べず先輩に詰められる陰キャの俺→幼馴染のレディース総長が勝手にやって来た結果...,47503,maxresdefault,E:\Data\ObsidianVault\02_Channels\馴れ初めシネマ\競合チャンネル分析\企画リサーチ_20260605\gcs_upload_staging\naresome_thumbnails\UjffOYjPW24.jpg,350146,
4LT7jX0tv9s,俺たちの馴れ初め,【2ch馴れ初め】ただの友達だと油断してる無防備な幼馴染を→ふざけてベットの押し倒してみた結果…【ゆっくり】,47494,maxresdefault,E:\Data\ObsidianVault\02_Channels\馴れ初めシネマ\競合チャンネル分析\企画リサーチ_20260605\gcs_upload_staging\naresome_thumbnails\4LT7jX0tv9s.jpg,211898,
aQsu2_Nbn8M,2ch感動の馴れ初め話,【2ch馴れ初め】姉が押し付けてきた喋らず笑わない少女、俺の牧場で暮らしたら驚きの変化があった結果【ゆっくり動画】,47170,maxresdefault,E:\Data\ObsidianVault\02_Channels\馴れ初めシネマ\競合チャンネル分析\企画リサーチ_20260605\gcs_upload_staging\naresome_thumbnails\aQsu2_Nbn8M.jpg,295797,
Ie4E64pWXsY,2chの感動馴初め話,真夏の炎天下で1人雑草を食べる少女が…俺が営む民宿に保護した結果… 【2ch馴れ初め】【ゆっくり解説】,47038,maxresdefault,E:\Data\ObsidianVault\02_Channels\馴れ初めシネマ\競合チャンネル分析\企画リサーチ_20260605\gcs_upload_staging\naresome_thumbnails\Ie4E64pWXsY.jpg,238032,
syRCRDvOVZ4,2ch馴れ初め感動シネマ,【2ch馴れ初め】火事から少女を助けて顔にやけどを負った俺→俺のうどん屋でいつも無愛想な常連ギャルが突然話しかけてきた結果,47001,maxresdefault,E:\Data\ObsidianVault\02_Channels\馴れ初めシネマ\競合チャンネル分析\企画リサーチ_20260605\gcs_upload_staging\naresome_thumbnails\syRCRDvOVZ4.jpg,247062,
58FQnQ_Mqjw,2chの感動馴初め話,【2ch馴れ初め】女医の幼馴染から四ツ子の娘を預かった俺→祖母の喜寿旅行に連れて行った結果…【ゆっくり】,46963,maxresdefault,E:\Data\ObsidianVault\02_Channels\馴れ初めシネマ\競合チャンネル分析\企画リサーチ_20260605\gcs_upload_staging\naresome_thumbnails\58FQnQ_Mqjw.jpg,244728,
ZSFzAf-79r0,2ch 馴れ初め ストーリーズ,【2ch馴れ初め】児童養護施設に預けられたボロボロ双子姉妹→ 元妻に引き取られた愛娘だった結果【ゆっくり】,46731,maxresdefault,E:\Data\ObsidianVault\02_Channels\馴れ初めシネマ\競合チャンネル分析\企画リサーチ_20260605\gcs_upload_staging\naresome_thumbnails\ZSFzAf-79r0.jpg,233537,
aC4Hi_BoLwU,2ch 馴れ初め ストーリーズ,【2ch馴れ初め】他界した親戚夫婦の双子の赤ちゃんを引き取った俺→ 後日、姉妹の祖父と名乗る資産家が訪ねてきた結果【ゆっくり】修正版,46383,maxresdefault,E:\Data\ObsidianVault\02_Channels\馴れ初めシネマ\競合チャンネル分析\企画リサーチ_20260605\gcs_upload_staging\naresome_thumbnails\aC4Hi_BoLwU.jpg,229129,
ISSPkQDTnWg,ほろり感動馴れ初め話,【2ch馴れ初め】親戚に預けられた他界した兄の双子娘→飢餓寸前で庭に放置されてた結果【ゆっくり解説】,46185,maxresdefault,E:\Data\ObsidianVault\02_Channels\馴れ初めシネマ\競合チャンネル分析\企画リサーチ_20260605\gcs_upload_staging\naresome_thumbnails\ISSPkQDTnWg.jpg,262822,
esKu3iBj650,2chの感動馴初め話,【2ch馴れ初め】千円を握りしめランドセルを買いに行くボロボロの姉妹→亡き娘の新品のランドセルをあげた結果【ゆっくり解説】,46096,maxresdefault,E:\Data\ObsidianVault\02_Channels\馴れ初めシネマ\競合チャンネル分析\企画リサーチ_20260605\gcs_upload_staging\naresome_thumbnails\esKu3iBj650.jpg,281931,
peHXard_SqE,2ch馴れ初め感動シネマ,【2ch馴れ初め】ヤクザに脅され震えているデカ盛り食堂の母娘→常連客で実は組長息子の俺が正体を明かし助けた結果.....,45829,maxresdefault,E:\Data\ObsidianVault\02_Channels\馴れ初めシネマ\競合チャンネル分析\企画リサーチ_20260605\gcs_upload_staging\naresome_thumbnails\peHXard_SqE.jpg,258198,
pjTtM5sPlZ0,2ch馴れ初めラブレター,【2ch馴れ初め】注文殺到で崩壊寸前の弁当屋に現れたボロボロの母娘 →1人じゃ限界で手伝ってもらった結果...【ゆっくり】,45784,maxresdefault,E:\Data\ObsidianVault\02_Channels\馴れ初めシネマ\競合チャンネル分析\企画リサーチ_20260605\gcs_upload_staging\naresome_thumbnails\pjTtM5sPlZ0.jpg,333706,
o1wgj5boKYw,2ch馴れ初め感動シネマ,【2ch馴れ初め】コネ入社の上司にハメられ売上No1なのに田舎の売上ワースト店に左遷された俺→初日から1週間サボりまくって業績をV字回復させた結果.....,45495,maxresdefault,E:\Data\ObsidianVault\02_Channels\馴れ初めシネマ\競合チャンネル分析\企画リサーチ_20260605\gcs_upload_staging\naresome_thumbnails\o1wgj5boKYw.jpg,242321,
SZDUJkQ1q0c,2ch 馴れ初め ストーリーズ,【2ch馴れ初め】双子姉妹を育てるシングルファーザーの俺→ある日の街中で美人婦警に職質された結果【ゆっくり】,45485,maxresdefault,E:\Data\ObsidianVault\02_Channels\馴れ初めシネマ\競合チャンネル分析\企画リサーチ_20260605\gcs_upload_staging\naresome_thumbnails\SZDUJkQ1q0c.jpg,220248,
vVILY0S4C6c,俺たちの馴れ初め,【2ch馴れ初め】大雪の中、薄着で立ち尽くし泣いてる女→心配で家に来る？と誘った結果…【ゆっくり解説】,45402,maxresdefault,E:\Data\ObsidianVault\02_Channels\馴れ初めシネマ\競合チャンネル分析\企画リサーチ_20260605\gcs_upload_staging\naresome_thumbnails\vVILY0S4C6c.jpg,213476,
BLFMPbFYTuk,2ch馴れ初め感動シネマ,【2ch馴れ初め】合コンで50代の極妻を押し付けられた俺→後日、彼女の驚きの正体が…,45124,maxresdefault,E:\Data\ObsidianVault\02_Channels\馴れ初めシネマ\競合チャンネル分析\企画リサーチ_20260605\gcs_upload_staging\naresome_thumbnails\BLFMPbFYTuk.jpg,344263,
o8fKzTPDsjA,2ch馴れ初め感動シネマ,【2ch馴れ初め】ママ友にハメられ絶対絶命の新人キャスト→初回客の元有名ヤクザの俺が本性現した結果.....,45089,maxresdefault,E:\Data\ObsidianVault\02_Channels\馴れ初めシネマ\競合チャンネル分析\企画リサーチ_20260605\gcs_upload_staging\naresome_thumbnails\o8fKzTPDsjA.jpg,387327,
eVIfAPJ0F30,2chの感動馴初め話,【2ch馴れ初め】毎日家の庭の自転車を見つける貧乏少女→亡き娘の自転車に乗せてあげた結果【ゆっくり解説】,45084,maxresdefault,E:\Data\ObsidianVault\02_Channels\馴れ初めシネマ\競合チャンネル分析\企画リサーチ_20260605\gcs_upload_staging\naresome_thumbnails\eVIfAPJ0F30.jpg,263515,
xEd8I6t_sDI,2ch 馴れ初め ストーリーズ,【2ch馴れ初め】立ち上げた会社に赤ちゃん連れで面接に来たシンママ女性→ 正体に気づいた俺が即採用した結果【ゆっくり】,44930,maxresdefault,E:\Data\ObsidianVault\02_Channels\馴れ初めシネマ\競合チャンネル分析\企画リサーチ_20260605\gcs_upload_staging\naresome_thumbnails\xEd8I6t_sDI.jpg,222377,
ozXjjdN25MQ,2ch馴れ初め感動シネマ,【2ch馴れ初め】赴任初日、ヤクザを真似る不良生徒にカマされる新人教師の俺→組長息子で教師の俺が本気を出した結果,44869,maxresdefault,E:\Data\ObsidianVault\02_Channels\馴れ初めシネマ\競合チャンネル分析\企画リサーチ_20260605\gcs_upload_staging\naresome_thumbnails\ozXjjdN25MQ.jpg,328750,
FVSoRRVWXwg,2ch 馴れ初め ストーリーズ,【2ch馴れ初め】はじめてのお使いで道に迷った双子姉妹→ 家まで送り届けると驚きの正体が明らかに...【ゆっくり】,44660,maxresdefault,E:\Data\ObsidianVault\02_Channels\馴れ初めシネマ\競合チャンネル分析\企画リサーチ_20260605\gcs_upload_staging\naresome_thumbnails\FVSoRRVWXwg.jpg,216525,
xxxEMPcAVUM,2ch 馴れ初め ストーリーズ,【2ch馴れ初め】人見知りの愛犬が不思議と懐いた4歳のホームレス双子姉妹→離婚した元妻が引き取った俺の娘だった結果【ゆっくり】,44568,maxresdefault,E:\Data\ObsidianVault\02_Channels\馴れ初めシネマ\競合チャンネル分析\企画リサーチ_20260605\gcs_upload_staging\naresome_thumbnails\xxxEMPcAVUM.jpg,243426,
LrAPwOrTTbA,2ch 馴れ初め ストーリーズ,【2ch馴れ初め】発達障害と言われ施設送りにされそうな少女を引き取った社畜SEの俺→実はIQ200の天才児で一緒に起業した結果【ゆっくり】,44435,maxresdefault,E:\Data\ObsidianVault\02_Channels\馴れ初めシネマ\競合チャンネル分析\企画リサーチ_20260605\gcs_upload_staging\naresome_thumbnails\LrAPwOrTTbA.jpg,307037,
lQK_A3ioHOY,2ch馴れ初めタイムトラベル,【2ch馴れ初め】墓場と呼ばれる山奥支店のホテルに左遷された俺→実はみんな優秀だったので業績1位になった結果...【ゆっくり】,44401,maxresdefault,E:\Data\ObsidianVault\02_Channels\馴れ初めシネマ\競合チャンネル分析\企画リサーチ_20260605\gcs_upload_staging\naresome_thumbnails\lQK_A3ioHOY.jpg,325644,
c0mH2AsMf-E,2ch馴れ初めゆっくりで最愛,【2ch 馴れ初め】双子をかばい交通事故に遭い入院し、目が覚めたら会社をクビになった俺→助けた双子が有名企業会長の孫娘だった結果 【ゆっくり】,44393,maxresdefault,E:\Data\ObsidianVault\02_Channels\馴れ初めシネマ\競合チャンネル分析\企画リサーチ_20260605\gcs_upload_staging\naresome_thumbnails\c0mH2AsMf-E.jpg,271183,
nGbad0u_AEY,ほろり感動馴れ初め話,【2ch馴れ初め】真夏の山奥に忘れられたボロボロの姉妹→キャンプから帰宅中の俺と母が保護した結果【ゆっくり解説】,44146,maxresdefault,E:\Data\ObsidianVault\02_Channels\馴れ初めシネマ\競合チャンネル分析\企画リサーチ_20260605\gcs_upload_staging\naresome_thumbnails\nGbad0u_AEY.jpg,260125,
GisjCvH6-Lw,2ch 馴れ初め ストーリーズ,【2ch馴れ初め】久しぶりに田舎の祖母の家に遊びに行った俺→家に入ると見知らぬ双子の赤ちゃんがお昼寝していた結果【ゆっくり】,44086,maxresdefault,E:\Data\ObsidianVault\02_Channels\馴れ初めシネマ\競合チャンネル分析\企画リサーチ_20260605\gcs_upload_staging\naresome_thumbnails\GisjCvH6-Lw.jpg,222568,
ZEHlsX7_Gx8,2chなれそめストーリー2.0,【2ch馴れ初め総集編】ケンカに敗けたヤンキーを助けたら、〇〇を広げてきたので、我慢できずに手を出した結果…2chなれそめストーリーの人気動画をまとめてみた！【作業用】,44023,maxresdefault,E:\Data\ObsidianVault\02_Channels\馴れ初めシネマ\競合チャンネル分析\企画リサーチ_20260605\gcs_upload_staging\naresome_thumbnails\ZEHlsX7_Gx8.jpg,264411,
HCKIHT4JsLc,2chなれそめストーリー2.0,【2ch馴れ初め】美人だけど無愛想な女社長に辞表と間違えて婚姻届けを渡したら…【ゆっくり解説】,43867,maxresdefault,E:\Data\ObsidianVault\02_Channels\馴れ初めシネマ\競合チャンネル分析\企画リサーチ_20260605\gcs_upload_staging\naresome_thumbnails\HCKIHT4JsLc.jpg,215718,
grrTvfqcxW0,2ch馴れ初めムービー,【２ｃｈ馴れ初め】河川敷のキッチンカーで娘とランチ中、声を掛けてきたボロボロ母娘→ホームレスと知り空き部屋を提供した結果【感動名作】,43638,maxresdefault,E:\Data\ObsidianVault\02_Channels\馴れ初めシネマ\競合チャンネル分析\企画リサーチ_20260605\gcs_upload_staging\naresome_thumbnails\grrTvfqcxW0.jpg,291233,
wuzHhpTEJKI,ほろり感動馴れ初め話,【2ch馴れ初め】終電で寝過ごした俺の膝の上に見知らぬ双子姉妹がぐっすり寝ていた結果【ゆっくり解説】,43632,maxresdefault,E:\Data\ObsidianVault\02_Channels\馴れ初めシネマ\競合チャンネル分析\企画リサーチ_20260605\gcs_upload_staging\naresome_thumbnails\wuzHhpTEJKI.jpg,225157,
GTWYeoMgUkQ,2ch馴れ初めムービー,【２ｃｈ馴れ初め】月一回のサービスデーだけ来るボロボロ母娘→餃子屋亭主の俺がお土産をあげた結果…【感動名作】,43298,maxresdefault,E:\Data\ObsidianVault\02_Channels\馴れ初めシネマ\競合チャンネル分析\企画リサーチ_20260605\gcs_upload_staging\naresome_thumbnails\GTWYeoMgUkQ.jpg,302404,
nhac-d1uBmo,2ch馴れ初め感動シネマ,【2ch馴れ初め】俺のアパート住人のレディース総長のピンチに→元ヤクザ組長の老婆が正体明かした結果,43256,maxresdefault,E:\Data\ObsidianVault\02_Channels\馴れ初めシネマ\競合チャンネル分析\企画リサーチ_20260605\gcs_upload_staging\naresome_thumbnails\nhac-d1uBmo.jpg,256216,
3gT4u17vbKs,2ch馴れ初め感動シネマ,【2ch馴れ初め】会社のBBQに祖母と参加し同僚の前でコケにされた俺たち→速攻で帰り上司の鬼電をガン無視した結果,43184,maxresdefault,E:\Data\ObsidianVault\02_Channels\馴れ初めシネマ\競合チャンネル分析\企画リサーチ_20260605\gcs_upload_staging\naresome_thumbnails\3gT4u17vbKs.jpg,341725,
k0doHQeg69E,2ch馴れ初め感動シネマ,【2ch馴れ初め】隣の部屋に住むヤクザ幹部に気に入られた俺→ヤンキーの妹と同棲してくれと頼まれた結果,43076,maxresdefault,E:\Data\ObsidianVault\02_Channels\馴れ初めシネマ\競合チャンネル分析\企画リサーチ_20260605\gcs_upload_staging\naresome_thumbnails\k0doHQeg69E.jpg,259620,
I5MB7iAqsM4,2ch 馴れ初め ストーリーズ,【2ch馴れ初め】「女の子はいらない」と言われ育児放棄された1歳の双子姉妹→娘に先立たれた俺が引き取った結果【ゆっくり】,43021,maxresdefault,E:\Data\ObsidianVault\02_Channels\馴れ初めシネマ\競合チャンネル分析\企画リサーチ_20260605\gcs_upload_staging\naresome_thumbnails\I5MB7iAqsM4.jpg,336273,
YwhtuBOuK0U,2ch 馴れ初め ストーリーズ,【2ch馴れ初め】俺の旅館に和菓子を売りに来た謎のボロボロ母娘→ 激ウマだったのでお着き菓子用に大量発注した結果【ゆっくり】,42979,maxresdefault,E:\Data\ObsidianVault\02_Channels\馴れ初めシネマ\競合チャンネル分析\企画リサーチ_20260605\gcs_upload_staging\naresome_thumbnails\YwhtuBOuK0U.jpg,229706,
gbgxzrE2Tew,2chなれそめストーリー2.0,【2ch馴れ初め】田舎から上京してきた巨尻な幼馴染に「今日泊まっていい？」と言われたので、手を出してしまった結果【ゆっくり解説】,42862,maxresdefault,E:\Data\ObsidianVault\02_Channels\馴れ初めシネマ\競合チャンネル分析\企画リサーチ_20260605\gcs_upload_staging\naresome_thumbnails\gbgxzrE2Tew.jpg,240797,
pe9XzfZrCgw,2ch馴れ初めゆっくりで最愛,【2ch馴れ初め】少女を助け大ケガをし会社をクビになった俺→世界一の特許を持つ俺が笑いを堪え退職した結果【ゆっくり】,42850,maxresdefault,E:\Data\ObsidianVault\02_Channels\馴れ初めシネマ\競合チャンネル分析\企画リサーチ_20260605\gcs_upload_staging\naresome_thumbnails\pe9XzfZrCgw.jpg,269608,
uSAhbXgcivc,2chの感動馴初め話,【2ch馴れ初め】毎日廃棄するパンを貰いに来るボロボロの双子→閉店になり「今日で最後」と伝えた結果…【ゆっくり解説】,42657,maxresdefault,E:\Data\ObsidianVault\02_Channels\馴れ初めシネマ\競合チャンネル分析\企画リサーチ_20260605\gcs_upload_staging\naresome_thumbnails\uSAhbXgcivc.jpg,282053,
AxSiE0hmWLU,2ch馴れ初め感動シネマ,【2ch馴れ初め】学生時代のマドンナと実家の炊き出しで再会→組長息子の俺が放っておけず連れ帰った結果,42649,maxresdefault,E:\Data\ObsidianVault\02_Channels\馴れ初めシネマ\競合チャンネル分析\企画リサーチ_20260605\gcs_upload_staging\naresome_thumbnails\AxSiE0hmWLU.jpg,365216,
rq4kRc2GQvE,2ch 馴れ初め ストーリーズ,【2ch馴れ初め】街中ですれ違った赤いヘアゴムを付けた赤ちゃん→離婚した元妻が引き取った愛娘だった結果【ゆっくり】,42564,maxresdefault,E:\Data\ObsidianVault\02_Channels\馴れ初めシネマ\競合チャンネル分析\企画リサーチ_20260605\gcs_upload_staging\naresome_thumbnails\rq4kRc2GQvE.jpg,253875,
ej1_wEZGcS0,2chの感動馴初め話,【2ch馴れ初め】路頭に迷い双子の娘と別れを決意する母→零細企業の社長の俺が雇ってみた結果…【ゆっくり解説】,42526,maxresdefault,E:\Data\ObsidianVault\02_Channels\馴れ初めシネマ\競合チャンネル分析\企画リサーチ_20260605\gcs_upload_staging\naresome_thumbnails\ej1_wEZGcS0.jpg,258708,
Rsg9zDtrRSY,2ch馴れ初め感動シネマ,【2ch馴れ初め】懇親会でいきなりタックルしてきた元上司→数分後、黒服が大量に集まって来た結果,42460,maxresdefault,E:\Data\ObsidianVault\02_Channels\馴れ初めシネマ\競合チャンネル分析\企画リサーチ_20260605\gcs_upload_staging\naresome_thumbnails\Rsg9zDtrRSY.jpg,342434,
GtAQDJBGP_s,2ch馴れ初め感動シネマ,【2ch馴れ初め】30連勤後、庭で飼い猫とBBQしていたら→見知らぬ赤ちゃんが空から降ってきた結果…,42443,maxresdefault,E:\Data\ObsidianVault\02_Channels\馴れ初めシネマ\競合チャンネル分析\企画リサーチ_20260605\gcs_upload_staging\naresome_thumbnails\GtAQDJBGP_s.jpg,321353,
WC_UihE5x5w,2ch感動の馴れ初め話,【2ch馴れ初め】老人医師が守る田舎診療所へ飛ばされた俺、伝説の医師から最期の教えを託された結果【ゆっくり動画】,42401,maxresdefault,E:\Data\ObsidianVault\02_Channels\馴れ初めシネマ\競合チャンネル分析\企画リサーチ_20260605\gcs_upload_staging\naresome_thumbnails\WC_UihE5x5w.jpg,285716,
wmDm0LJHaUI,2chなれそめストーリー2.0,【2ch馴れ初め】家族ぐるみで付き合いのある幼馴染と温泉旅行にいったら、まさかの混浴だった結果【ゆっくり解説】,42382,maxresdefault,E:\Data\ObsidianVault\02_Channels\馴れ初めシネマ\競合チャンネル分析\企画リサーチ_20260605\gcs_upload_staging\naresome_thumbnails\wmDm0LJHaUI.jpg,252849,
Si3iwMSxUH4,2ch 馴れ初め ストーリーズ,【2ch馴れ初め】休日の昼間、縁側で遊んでいる娘の様子を見に行くと→知らない赤ちゃんと一緒に遊んでいた結果【ゆっくり】,42348,maxresdefault,E:\Data\ObsidianVault\02_Channels\馴れ初めシネマ\競合チャンネル分析\企画リサーチ_20260605\gcs_upload_staging\naresome_thumbnails\Si3iwMSxUH4.jpg,223374,
9fNfWlx8ekg,2ch馴れ初め感動シネマ,【2ch馴れ初め】祖父が遺したボロ屋敷を片付けに来た俺→霊感のある双子が勝手に除霊してた結果,42297,maxresdefault,E:\Data\ObsidianVault\02_Channels\馴れ初めシネマ\競合チャンネル分析\企画リサーチ_20260605\gcs_upload_staging\naresome_thumbnails\9fNfWlx8ekg.jpg,340000,
68Pj8I-GVTs,2chの感動馴初め話,田舎のバス停で1日彷徨っているボロボロ双子姉妹→放っておけず声をかけた結果…【2ch馴れ初め】【ゆっくり解説】,42206,maxresdefault,E:\Data\ObsidianVault\02_Channels\馴れ初めシネマ\競合チャンネル分析\企画リサーチ_20260605\gcs_upload_staging\naresome_thumbnails\68Pj8I-GVTs.jpg,257886,
lEHl5xGsplA,2ch馴れ初め感動シネマ,【2ch馴れ初め】借金の回収先で置き去りにされていた笑わない赤ちゃん→若頭の俺が愛情込めて育てた結果,42078,maxresdefault,E:\Data\ObsidianVault\02_Channels\馴れ初めシネマ\競合チャンネル分析\企画リサーチ_20260605\gcs_upload_staging\naresome_thumbnails\lEHl5xGsplA.jpg,315401,
MjhqUj6nVYw,2ch馴れ初めゆっくりで最愛,【2ch 馴れ初め】霊感の強く不気味がられ施設を追い出された双子少女キモオタ社長の俺が引き取り育てた結果【ゆっくり】,42030,maxresdefault,E:\Data\ObsidianVault\02_Channels\馴れ初めシネマ\競合チャンネル分析\企画リサーチ_20260605\gcs_upload_staging\naresome_thumbnails\MjhqUj6nVYw.jpg,270107,
jtpIwLsi54s,2ch馴れ初め感動シネマ,【2ch馴れ初め】脱走犬を事故から庇い家まで送り届けた俺→実はヤクザの孫娘と番犬だった結果.....,41976,maxresdefault,E:\Data\ObsidianVault\02_Channels\馴れ初めシネマ\競合チャンネル分析\企画リサーチ_20260605\gcs_upload_staging\naresome_thumbnails\jtpIwLsi54s.jpg,343769,
ovnhOGU5eYY,ほろり感動馴れ初め話,【2ch馴れ初め】橋の下に捨てられた双子の少女を引き取った俺→独身鬼上司にばったり遭遇した結果【ゆっくり解説】,41921,maxresdefault,E:\Data\ObsidianVault\02_Channels\馴れ初めシネマ\競合チャンネル分析\企画リサーチ_20260605\gcs_upload_staging\naresome_thumbnails\ovnhOGU5eYY.jpg,263242,
IFx650vVpw8,2chなれそめストーリー2.0,【2ch馴れ初め】怪我した俺を助けてくれたホームレス女性を家に泊めてあげたら、気持ちよくしてくれた結果【ゆっくり】,41823,maxresdefault,E:\Data\ObsidianVault\02_Channels\馴れ初めシネマ\競合チャンネル分析\企画リサーチ_20260605\gcs_upload_staging\naresome_thumbnails\IFx650vVpw8.jpg,263934,
wxUVwYXZFmE,2chの感動馴初め話,【2ch馴れ初め】女上司が亡くなり離婚した父親に引き取られた少女→河川敷で餓ﾀﾋ寸前の少女を発見した結果【ゆっくり解説】,41806,maxresdefault,E:\Data\ObsidianVault\02_Channels\馴れ初めシネマ\競合チャンネル分析\企画リサーチ_20260605\gcs_upload_staging\naresome_thumbnails\wxUVwYXZFmE.jpg,271733,
z_PVFtELdFE,2chなれそめストーリー2.0,【2ch馴れ初め】隣人の〇えぎ声がうるさいので苦情を伝えに行ったら、毎晩相手をさせられた結果【ゆっくり解説】,41796,maxresdefault,E:\Data\ObsidianVault\02_Channels\馴れ初めシネマ\競合チャンネル分析\企画リサーチ_20260605\gcs_upload_staging\naresome_thumbnails\z_PVFtELdFE.jpg,221991,
YyfOKPR2vx0,2ch馴れ初め感動シネマ,【2ch馴れ初め】ヤクザの客に脅され涙目のバスガイド→元組長で旅館オーナーの俺が本気を出した結果,41711,maxresdefault,E:\Data\ObsidianVault\02_Channels\馴れ初めシネマ\競合チャンネル分析\企画リサーチ_20260605\gcs_upload_staging\naresome_thumbnails\YyfOKPR2vx0.jpg,268570,
a1f5m5aPF-8,2ch馴れ初め感動シネマ,【2ch馴れ初め】修学旅行先で地元のヤンキーにカツアゲされる生徒会長の俺→実はヤクザ組長の息子の俺が本気を出した結果,41652,maxresdefault,E:\Data\ObsidianVault\02_Channels\馴れ初めシネマ\競合チャンネル分析\企画リサーチ_20260605\gcs_upload_staging\naresome_thumbnails\a1f5m5aPF-8.jpg,352671,
7EclqtN0sNw,2chなれそめストーリー2.0,【2ch馴れ初め】居酒屋で財布からゴムをうっかり落としたら、勘違いしてその気になった女上司に、ホテルまで連行されてしまった結果【ゆっくり】,41618,maxresdefault,E:\Data\ObsidianVault\02_Channels\馴れ初めシネマ\競合チャンネル分析\企画リサーチ_20260605\gcs_upload_staging\naresome_thumbnails\7EclqtN0sNw.jpg,247396,
zLqB-a_iPH4,2chの感動馴初め話,田舎で1人暮らしする父の話相手になるボロボロの双子 → 汚れたバッグしか持ってないので、新品のランドセルをプレゼントした結果…【2ch馴れ初め】【ゆっくり解説】,41583,maxresdefault,E:\Data\ObsidianVault\02_Channels\馴れ初めシネマ\競合チャンネル分析\企画リサーチ_20260605\gcs_upload_staging\naresome_thumbnails\zLqB-a_iPH4.jpg,274836,
eQ35aojfkvA,2chなれそめストーリー2.0,【2ch馴れ初め 総集編】 年上女性との馴れ初め動画6選まとめてみた！　【作業用】【ゆっくり】,41552,maxresdefault,E:\Data\ObsidianVault\02_Channels\馴れ初めシネマ\競合チャンネル分析\企画リサーチ_20260605\gcs_upload_staging\naresome_thumbnails\eQ35aojfkvA.jpg,258910,
5eVw9ITHA0Y,2ch 馴れ初め ストーリーズ,【2ch馴れ初め】商店街で小さな雑貨屋を営む美人女性→ 娘の直感で入店してみた結果【ゆっくり】,41521,maxresdefault,E:\Data\ObsidianVault\02_Channels\馴れ初めシネマ\競合チャンネル分析\企画リサーチ_20260605\gcs_upload_staging\naresome_thumbnails\5eVw9ITHA0Y.jpg,206701,
gjFIN9blmxU,2chなれそめストーリー2.0,【2ch馴れ初め】貧乏なので妖艶な大家さんに家賃の相談したら監禁された【ゆっくり解説】,41406,maxresdefault,E:\Data\ObsidianVault\02_Channels\馴れ初めシネマ\競合チャンネル分析\企画リサーチ_20260605\gcs_upload_staging\naresome_thumbnails\gjFIN9blmxU.jpg,218380,
EHQKgnSdqOk,2ch馴れ初めムービー,【２ｃｈ馴れ初め】味覚過敏で義姉に捨てられた姪を引き取った赤字ラーメン店の俺→１週間で１日５００杯完売する大行列店になった結果….。【ホッコリ・感動】,41156,maxresdefault,E:\Data\ObsidianVault\02_Channels\馴れ初めシネマ\競合チャンネル分析\企画リサーチ_20260605\gcs_upload_staging\naresome_thumbnails\EHQKgnSdqOk.jpg,322514,
uRcQrINggfs,2ch 馴れ初め ストーリーズ,【2ch馴れ初め】離婚届を置いて突然失踪した元妻→ 2年後、家の前に双子の赤ちゃんと置手紙が置かれていた結果【ゆっくり】,41151,maxresdefault,E:\Data\ObsidianVault\02_Channels\馴れ初めシネマ\競合チャンネル分析\企画リサーチ_20260605\gcs_upload_staging\naresome_thumbnails\uRcQrINggfs.jpg,238268,
6EnZHRZIImM,2ch馴れ初めタイムトラベル,【2ch馴れ初め】親友に頼み込まれて女医との合コンに→貧乏人のフリして参加した結果...【ゆっくり】,41113,maxresdefault,E:\Data\ObsidianVault\02_Channels\馴れ初めシネマ\競合チャンネル分析\企画リサーチ_20260605\gcs_upload_staging\naresome_thumbnails\6EnZHRZIImM.jpg,248272,
VaI1ZgcH3UI,ほろり感動馴れ初め話,【2ch馴れ初め】リストラされてド田舎にある祖母の家に来た俺→ボロボロの母娘が途方に暮れていた結果【ゆっくり解説】,41035,maxresdefault,E:\Data\ObsidianVault\02_Channels\馴れ初めシネマ\競合チャンネル分析\企画リサーチ_20260605\gcs_upload_staging\naresome_thumbnails\VaI1ZgcH3UI.jpg,266425,
z5cqo-fSGVw,2ch 馴れ初め ストーリーズ,【2ch馴れ初め】親戚中から厄介者扱いのボロボロ少女を引き取った俺→ 姉を亡くした1歳の娘が「ねぇね…」と呟いた結果【ゆっくり】,41008,maxresdefault,E:\Data\ObsidianVault\02_Channels\馴れ初めシネマ\競合チャンネル分析\企画リサーチ_20260605\gcs_upload_staging\naresome_thumbnails\z5cqo-fSGVw.jpg,220567,
l1vfSlqNCCw,2ch馴れ初め感動シネマ,【2ch馴れ初め】お客さん宅のボロアパートを全部掃除した中卒清掃員の俺→実はおばあちゃんが業界の重鎮だった結果,40988,maxresdefault,E:\Data\ObsidianVault\02_Channels\馴れ初めシネマ\競合チャンネル分析\企画リサーチ_20260605\gcs_upload_staging\naresome_thumbnails\l1vfSlqNCCw.jpg,345889,
YqPzqCjgFdo,2ch馴れ初め感動シネマ,【2ch馴れ初め】台風の夜、ずぶ濡れでバスを待つボロボロ3姉妹→異変を感じ医者の父を呼んだ結果...,40927,maxresdefault,E:\Data\ObsidianVault\02_Channels\馴れ初めシネマ\競合チャンネル分析\企画リサーチ_20260605\gcs_upload_staging\naresome_thumbnails\YqPzqCjgFdo.jpg,260783,
cucS0fGRm6M,ほろり感動馴れ初め話,【2ch馴れ初め】1人ぼっちの少女を拾ってきた母親→亡き妹にソックリで家でおもてなしした結果【ゆっくり解説】,40871,maxresdefault,E:\Data\ObsidianVault\02_Channels\馴れ初めシネマ\競合チャンネル分析\企画リサーチ_20260605\gcs_upload_staging\naresome_thumbnails\cucS0fGRm6M.jpg,258017,
EUL6cZ4v1_g,2ch 馴れ初め ストーリーズ,【2ch馴れ初め】休日の昼間に部屋でまったりしていると→ 保育園帰りの姉妹が突入してきた結果【ゆっくり】,40814,maxresdefault,E:\Data\ObsidianVault\02_Channels\馴れ初めシネマ\競合チャンネル分析\企画リサーチ_20260605\gcs_upload_staging\naresome_thumbnails\EUL6cZ4v1_g.jpg,227381,
TE3WkIPNVRY,2ch 馴れ初め ストーリーズ,【2ch馴れ初め】亡き従兄夫婦から双子の赤ちゃんを引き取った俺→ 美人保育士の幼馴染に相談した結果【ゆっくり】,40795,maxresdefault,E:\Data\ObsidianVault\02_Channels\馴れ初めシネマ\競合チャンネル分析\企画リサーチ_20260605\gcs_upload_staging\naresome_thumbnails\TE3WkIPNVRY.jpg,230193,
ifJ9swkP640,2ch馴れ初めゆっくりで最愛,【2ch馴れ初め】妹が押し付けてきた親戚中をたらい回しにされ厄介者の無愛想な姉妹→山に隠居した農家の俺が引き取り育てた結果【ゆっくり】,40594,maxresdefault,E:\Data\ObsidianVault\02_Channels\馴れ初めシネマ\競合チャンネル分析\企画リサーチ_20260605\gcs_upload_staging\naresome_thumbnails\ifJ9swkP640.jpg,241094,
Z_feS_aEoi0,2ch馴れ初めタイムトラベル,【2ch馴れ初め】あおり運転で事故に遭い動けず号泣する双子姉妹 →警視庁長官息子の俺が本気を出した結果…【ゆっくり】,40567,maxresdefault,E:\Data\ObsidianVault\02_Channels\馴れ初めシネマ\競合チャンネル分析\企画リサーチ_20260605\gcs_upload_staging\naresome_thumbnails\Z_feS_aEoi0.jpg,281071,
CjPEV8JDO4E,ほろり感動馴れ初め話,【2ch馴れ初め】弟夫婦に施設から引き取られた赤ちゃん→3年後、松葉杖姿で俺の前に現れた結果...【ゆっくり】,40521,maxresdefault,E:\Data\ObsidianVault\02_Channels\馴れ初めシネマ\競合チャンネル分析\企画リサーチ_20260605\gcs_upload_staging\naresome_thumbnails\CjPEV8JDO4E.jpg,283074,
FZX1L_d9heM,2ch馴れ初め感動シネマ,【2ch馴れ初め】大雨の夜、山道で山奥で置き去りにされたボロボロ親子→若頭の俺が本気を出して保護した結果,40480,maxresdefault,E:\Data\ObsidianVault\02_Channels\馴れ初めシネマ\競合チャンネル分析\企画リサーチ_20260605\gcs_upload_staging\naresome_thumbnails\FZX1L_d9heM.jpg,246905,
FNkjP_zlTpE,2ch 馴れ初め ストーリーズ,【2ch馴れ初め】外回りの営業中に遭遇した青アザ双子→離婚した元妻に奪われた愛娘だった結果【ゆっくり】,40422,maxresdefault,E:\Data\ObsidianVault\02_Channels\馴れ初めシネマ\競合チャンネル分析\企画リサーチ_20260605\gcs_upload_staging\naresome_thumbnails\FNkjP_zlTpE.jpg,349629,
8aQrekafBA4,馴れ初め公園,【馴れ初め】朝市で手作りジャムが売れ残り立ち尽くす母娘→パン屋を営む俺が全部買い取った結果…【ゆっくり】,40416,maxresdefault,E:\Data\ObsidianVault\02_Channels\馴れ初めシネマ\競合チャンネル分析\企画リサーチ_20260605\gcs_upload_staging\naresome_thumbnails\8aQrekafBA4.jpg,326079,
QbyzaV9RnEA,2chなれそめストーリー2.0,【2ch馴れ初め】先輩に「早く子供が欲しいんですよね」と相談したら、ホテルに連れて行かれてしまった結果【ゆっくり】,40415,maxresdefault,E:\Data\ObsidianVault\02_Channels\馴れ初めシネマ\競合チャンネル分析\企画リサーチ_20260605\gcs_upload_staging\naresome_thumbnails\QbyzaV9RnEA.jpg,251345,
POgLMhivEoQ,2ch馴れ初めゆっくりで最愛,【2ch 馴れ初め】会社で一番の根暗な地味女の新人教育担当になった俺→後日、彼女の驚きの正体に社内騒然【ゆっくり】,40411,maxresdefault,E:\Data\ObsidianVault\02_Channels\馴れ初めシネマ\競合チャンネル分析\企画リサーチ_20260605\gcs_upload_staging\naresome_thumbnails\POgLMhivEoQ.jpg,269490,
MxJf7ONoOVY,2ch馴れ初めゆっくりで最愛,【2ch馴れ初め】小学1年生の娘の面倒を見てくれる隣家の孤独なおばあちゃん→お礼に手巻きずしパーティに招待した結果【ゆっくり】,40376,maxresdefault,E:\Data\ObsidianVault\02_Channels\馴れ初めシネマ\競合チャンネル分析\企画リサーチ_20260605\gcs_upload_staging\naresome_thumbnails\MxJf7ONoOVY.jpg,263633,
WOxGUTkhH0Q,2chなれそめストーリー2.0,【2ch馴れ初め】好きの裏返しで毎日いじめてくる中学校の先輩、たまたまノーブラだったので仕返しに水をかけた結果【ゆっくり解説】,40217,maxresdefault,E:\Data\ObsidianVault\02_Channels\馴れ初めシネマ\競合チャンネル分析\企画リサーチ_20260605\gcs_upload_staging\naresome_thumbnails\WOxGUTkhH0Q.jpg,260873,
SGOHelDNafk,2chなれそめストーリー2.0,【2ch馴れ初め】出張終わりに後輩が泥酔→間違って俺の部屋で寝てしまった結果【ゆっくり解説】,40167,maxresdefault,E:\Data\ObsidianVault\02_Channels\馴れ初めシネマ\競合チャンネル分析\企画リサーチ_20260605\gcs_upload_staging\naresome_thumbnails\SGOHelDNafk.jpg,255779,
peTWYEU4elc,2ch馴れ初めタイムトラベル,【2ch馴れ初め】20連勤を終えひとりで焼肉をしていた俺 →大型の野良犬が見知らぬ赤ちゃんをくわえてきた結果...【ゆっくり】,40042,maxresdefault,E:\Data\ObsidianVault\02_Channels\馴れ初めシネマ\競合チャンネル分析\企画リサーチ_20260605\gcs_upload_staging\naresome_thumbnails\peTWYEU4elc.jpg,266697,
sHNiUWc5chQ,2ch 馴れ初め ストーリーズ,【2ch馴れ初め】発達障害と言われ捨てられた5歳の姪→俺が引き取り特製オムライスを振る舞った結果【ゆっくり】,39892,maxresdefault,E:\Data\ObsidianVault\02_Channels\馴れ初めシネマ\競合チャンネル分析\企画リサーチ_20260605\gcs_upload_staging\naresome_thumbnails\sHNiUWc5chQ.jpg,229185,
NgDE6g5qdio,2ch馴れ初め感動シネマ,【2ch馴れ初め】つんつるてんな制服を馬鹿にされる貧乏転校生→俺んちの洋服リフォーム店で働いてもらった結果,39797,maxresdefault,E:\Data\ObsidianVault\02_Channels\馴れ初めシネマ\競合チャンネル分析\企画リサーチ_20260605\gcs_upload_staging\naresome_thumbnails\NgDE6g5qdio.jpg,239744,
y-lsR0bBfJE,2ch 馴れ初め ストーリーズ,【2ch馴れ初め】「ワガママ過ぎて無理」施設送りにされそうになる幼い双子姉妹→俺が引き取ったら「IQ200の天才ハッカー」だった結果【ゆっくり】,39786,maxresdefault,E:\Data\ObsidianVault\02_Channels\馴れ初めシネマ\競合チャンネル分析\企画リサーチ_20260605\gcs_upload_staging\naresome_thumbnails\y-lsR0bBfJE.jpg,352122,
C80vAFMSynE,2chなれそめストーリー2.0,【2ch馴れ初め】カフェで仕事をサボっていたら偶然鬼上司に遭遇、見逃してもらう代わりに朝まで出されまくった結果【ゆっくり解説】,39720,maxresdefault,E:\Data\ObsidianVault\02_Channels\馴れ初めシネマ\競合チャンネル分析\企画リサーチ_20260605\gcs_upload_staging\naresome_thumbnails\C80vAFMSynE.jpg,247378,
eTC-cb7td6U,2chの感動馴初め話,○○年前に突然失踪した娘にそっくりのボロボロの女性→家に招待して一緒に娘を探した結果…【2ch馴れ初め】【ゆっくり解説】,39498,maxresdefault,E:\Data\ObsidianVault\02_Channels\馴れ初めシネマ\競合チャンネル分析\企画リサーチ_20260605\gcs_upload_staging\naresome_thumbnails\eTC-cb7td6U.jpg,238469,
mxtAXZqc-y0,2ch 馴れ初め ストーリーズ,【2ch馴れ初め】毎朝元気に挨拶してくれる隣人の貧乏双子姉妹→クリスマスにこっそりプレゼントを贈った結果【ゆっくり】,39381,maxresdefault,E:\Data\ObsidianVault\02_Channels\馴れ初めシネマ\競合チャンネル分析\企画リサーチ_20260605\gcs_upload_staging\naresome_thumbnails\mxtAXZqc-y0.jpg,320481,
VRm-bM2wtd0,2ch 馴れ初め ストーリーズ,【2ch馴れ初め】意識不明で入院する娘のベッドに見知らぬ女の子が→離婚した元妻が引き取った双子の妹だった結果【ゆっくり】,39314,maxresdefault,E:\Data\ObsidianVault\02_Channels\馴れ初めシネマ\競合チャンネル分析\企画リサーチ_20260605\gcs_upload_staging\naresome_thumbnails\VRm-bM2wtd0.jpg,232383,
h7hpF4hhbt0,2ch馴れ初め感動シネマ,【2ch馴れ初め】毎日ヤクザ事務所を訪ねて来るボロボロ少女→門番の俺が一緒に母親を探した結果,39303,maxresdefault,E:\Data\ObsidianVault\02_Channels\馴れ初めシネマ\競合チャンネル分析\企画リサーチ_20260605\gcs_upload_staging\naresome_thumbnails\h7hpF4hhbt0.jpg,325991,
BRCQ-msqSAc,俺たちの馴れ初め,【2ch馴れ初め】」自転車にぶつかり白杖が折れ立ち上がれず号泣する盲目の受験生→見過ごせず大学まで送り届けた結果...【ゆっくり】,39265,maxresdefault,E:\Data\ObsidianVault\02_Channels\馴れ初めシネマ\競合チャンネル分析\企画リサーチ_20260605\gcs_upload_staging\naresome_thumbnails\BRCQ-msqSAc.jpg,250672,
FxuEbSSLEJ0,2ch 馴れ初め ストーリーズ,【2ch馴れ初め】赤ちゃんの泣き声が聞こえる隣人宅を訪ねると…→ 4歳のお姉ちゃんが1歳の妹を必死にあやしていた結果【ゆっくり】,39156,maxresdefault,E:\Data\ObsidianVault\02_Channels\馴れ初めシネマ\競合チャンネル分析\企画リサーチ_20260605\gcs_upload_staging\naresome_thumbnails\FxuEbSSLEJ0.jpg,215656,
9pcWrF8Bh3Q,2ch馴れ初めヒストリー,【2ch馴れ初め】俺を庇い一緒にクビ宣告された事務員女性→親会社次期トップの俺が全契約を打ち切った結果...【ゆっくり】,38989,maxresdefault,E:\Data\ObsidianVault\02_Channels\馴れ初めシネマ\競合チャンネル分析\企画リサーチ_20260605\gcs_upload_staging\naresome_thumbnails\9pcWrF8Bh3Q.jpg,323213,
0IDWPlBergQ,2chの感動馴初め話,【2ch馴れ初め】初めての修学旅行で1人置き去りにされた失声症の娘→ブチギレして理事長に電話した結果…【ゆっくり解説】,38940,maxresdefault,E:\Data\ObsidianVault\02_Channels\馴れ初めシネマ\競合チャンネル分析\企画リサーチ_20260605\gcs_upload_staging\naresome_thumbnails\0IDWPlBergQ.jpg,266968,
vGzX5p8Otlg,2ch馴れ初めムービー,【２ｃｈ馴れ初め】大雨の夜、山中のオートキャンプ場で身を寄せ合うずぶ濡れ親子　→旅中の俺と息子が作った特製男飯を振舞った結果…【ほっこり】,38922,maxresdefault,E:\Data\ObsidianVault\02_Channels\馴れ初めシネマ\競合チャンネル分析\企画リサーチ_20260605\gcs_upload_staging\naresome_thumbnails\vGzX5p8Otlg.jpg,308494,
fQIjvtnTEcg,俺たちの馴れ初め,【2ch馴れ初め】電車内の揺れで倒れてきた見知らぬ美女→支えきれず押し倒された結果…【ゆっくり】,38911,maxresdefault,E:\Data\ObsidianVault\02_Channels\馴れ初めシネマ\競合チャンネル分析\企画リサーチ_20260605\gcs_upload_staging\naresome_thumbnails\fQIjvtnTEcg.jpg,207770,
R4wenP1hAuM,ほろり感動馴れ初め話,【2ch馴れ初め】離婚した嫁に引き取られた娘が俺の子じゃなかった→数年後、赤子を抱えて訪ねてきた結果…【ゆっくり解説】,38893,maxresdefault,E:\Data\ObsidianVault\02_Channels\馴れ初めシネマ\競合チャンネル分析\企画リサーチ_20260605\gcs_upload_staging\naresome_thumbnails\R4wenP1hAuM.jpg,267982,
t98tbEhyZ8Q,2ch 馴れ初め ストーリーズ,【2ch馴れ初め】廃業寸前の洋食屋を切り盛りするシンママ母娘→ 一流レストランでの修行を終えた俺が手伝った結果【ゆっくり】,38476,maxresdefault,E:\Data\ObsidianVault\02_Channels\馴れ初めシネマ\競合チャンネル分析\企画リサーチ_20260605\gcs_upload_staging\naresome_thumbnails\t98tbEhyZ8Q.jpg,219414,
vjLKzQYuyV4,2ch馴れ初め感動シネマ,【2ch馴れ初め】ウチの庭で1人BBQしていたコンビニ店長の俺→ガリガリのヤンキー娘がタバコを片手に突入してきた結果,38390,maxresdefault,E:\Data\ObsidianVault\02_Channels\馴れ初めシネマ\競合チャンネル分析\企画リサーチ_20260605\gcs_upload_staging\naresome_thumbnails\vjLKzQYuyV4.jpg,239933,
nvAf31tyfwo,2chなれそめストーリー2.0,【2ch馴れ初め】お隣さんとご飯を食べる約束をしたら「シャワー浴びて来てね！」と言われたので、そのまま合体した結果【ゆっくり】,38199,maxresdefault,E:\Data\ObsidianVault\02_Channels\馴れ初めシネマ\競合チャンネル分析\企画リサーチ_20260605\gcs_upload_staging\naresome_thumbnails\nvAf31tyfwo.jpg,236369,
HakG-_RQuJk,俺たちの馴れ初め,【2ch馴れ初め】ヤクザに恐喝され震える女店主→ただの客だと思われてる俺が本性を見せた結果...【ゆっくり】,38068,maxresdefault,E:\Data\ObsidianVault\02_Channels\馴れ初めシネマ\競合チャンネル分析\企画リサーチ_20260605\gcs_upload_staging\naresome_thumbnails\HakG-_RQuJk.jpg,248686,
rWDpNfZE-Ts,2ch 馴れ初め ストーリーズ,【2ch馴れ初め】「穀潰し」と妹夫婦に捨てられた4歳の双子姉妹→倒産寸前農家の俺が引き取ると   実は「植物と話せる」「動物を操る」農業の天才だった結果【ゆっくり】,38027,maxresdefault,E:\Data\ObsidianVault\02_Channels\馴れ初めシネマ\競合チャンネル分析\企画リサーチ_20260605\gcs_upload_staging\naresome_thumbnails\rWDpNfZE-Ts.jpg,251391,
fZUxhzyZqm8,2ch馴れ初めゆっくりで最愛,【2ch馴れ初め】ランドセルが買えずスーパーのビニール袋に教科書を入れて登校するボロボロな貧乏少女→亡き娘が使えなかったランドセルを譲った結果【ゆっくり】,38015,maxresdefault,E:\Data\ObsidianVault\02_Channels\馴れ初めシネマ\競合チャンネル分析\企画リサーチ_20260605\gcs_upload_staging\naresome_thumbnails\fZUxhzyZqm8.jpg,286630,
FrriXGhVVKE,2ch感動の馴れ初め話,【2ch馴れ初め】運動会で半額パンをこっそり食べる娘の同級生、俺達大家族と一緒に食べようと誘った結果【ゆっくり動画】,37897,maxresdefault,E:\Data\ObsidianVault\02_Channels\馴れ初めシネマ\競合チャンネル分析\企画リサーチ_20260605\gcs_upload_staging\naresome_thumbnails\FrriXGhVVKE.jpg,310642,
fqxh81UGbIg,俺たちの馴れ初め,【2ch馴れ初め】ダンボールを集めて家を作ろうとしているホームレス女を家に招いた結果…【ゆっくり】,37892,maxresdefault,E:\Data\ObsidianVault\02_Channels\馴れ初めシネマ\競合チャンネル分析\企画リサーチ_20260605\gcs_upload_staging\naresome_thumbnails\fqxh81UGbIg.jpg,205759,
ESSjgEj46As,2ch馴れ初めゆっくりで最愛,【2ch 馴れ初め】毒親の借金返済のため強引に見合いをさせられた女子高生→陰キャ キモオタ社長の俺と結婚した結果【ゆっくり】,37775,maxresdefault,E:\Data\ObsidianVault\02_Channels\馴れ初めシネマ\競合チャンネル分析\企画リサーチ_20260605\gcs_upload_staging\naresome_thumbnails\ESSjgEj46As.jpg,278239,
5RC1eATxfvg,2ch馴れ初めムービー,【２ｃｈ馴れ初め】いつも俺の双子娘においしいパンをサービスしてくれた古びたボロボロパン屋の母娘→閉店すると言うのでウチの洋食屋で雇った結果【ほっこり】,37662,maxresdefault,E:\Data\ObsidianVault\02_Channels\馴れ初めシネマ\競合チャンネル分析\企画リサーチ_20260605\gcs_upload_staging\naresome_thumbnails\5RC1eATxfvg.jpg,287591,
HTyU9g-PF5k,2chなれそめストーリー2.0,【2ch馴れ初め】研修旅行で先輩と飲むことに、すると急に迫ってきたので我慢できずヤッてしまった結果【ゆっくり解説】,37464,maxresdefault,E:\Data\ObsidianVault\02_Channels\馴れ初めシネマ\競合チャンネル分析\企画リサーチ_20260605\gcs_upload_staging\naresome_thumbnails\HTyU9g-PF5k.jpg,249241,
Z0-G8nU0QVQ,2chの感動馴初め話,【2ch馴れ初め】母親に奴隷扱いされ逃げてきた少女→弟を亡くした俺が声を掛けた結果【ゆっくり】,37346,maxresdefault,E:\Data\ObsidianVault\02_Channels\馴れ初めシネマ\競合チャンネル分析\企画リサーチ_20260605\gcs_upload_staging\naresome_thumbnails\Z0-G8nU0QVQ.jpg,312025,
ZmukZ9heJL4,2ch馴れ初め感動シネマ,【2ch馴れ初め】入院した病院で担当になった美人女医→かつて俺が病院送りにされた有名レディース総長だった結果,37328,maxresdefault,E:\Data\ObsidianVault\02_Channels\馴れ初めシネマ\競合チャンネル分析\企画リサーチ_20260605\gcs_upload_staging\naresome_thumbnails\ZmukZ9heJL4.jpg,247389,
uWYFGkVOWGg,2ch馴れ初め感動シネマ,【2ch馴れ初め】休日に嫌味な担任教師と遭遇した陰キャの俺→IQ200の天才妹がブチギレた結果,37308,maxresdefault,E:\Data\ObsidianVault\02_Channels\馴れ初めシネマ\競合チャンネル分析\企画リサーチ_20260605\gcs_upload_staging\naresome_thumbnails\uWYFGkVOWGg.jpg,341501,
ebT2MCIZoLM,2chの感動馴初め話,【2ch 馴れ初め】隣に住む育児放棄された幼い姉弟→仕事を辞め田舎に戻る俺が引き取った結果…【ゆっくり】,37210,maxresdefault,E:\Data\ObsidianVault\02_Channels\馴れ初めシネマ\競合チャンネル分析\企画リサーチ_20260605\gcs_upload_staging\naresome_thumbnails\ebT2MCIZoLM.jpg,311246,
tkl7YEZsCj0,2ch馴れ初めムービー,【２ｃｈ馴れ初め】親戚に追い出された霊感がある少女→ 赤字続きの温泉旅館を営む俺が引き取った結果【感動名作】,36901,maxresdefault,E:\Data\ObsidianVault\02_Channels\馴れ初めシネマ\競合チャンネル分析\企画リサーチ_20260605\gcs_upload_staging\naresome_thumbnails\tkl7YEZsCj0.jpg,287050,
P3gPvyKom3w,2chなれそめストーリー2.0,【2ch馴れ初め総集編】地味で貧乏な同級生JKにお風呂を貸したら発育がスゴすぎた… 【作業用】【ゆっくり解説】,36874,maxresdefault,E:\Data\ObsidianVault\02_Channels\馴れ初めシネマ\競合チャンネル分析\企画リサーチ_20260605\gcs_upload_staging\naresome_thumbnails\P3gPvyKom3w.jpg,219120,
bTsVkH54nps,2chの感動馴初め話,毎日、方向音痴な娘を送ってくれるボロボロの少女→突然姿を消し、心配になり探し出した結果…【2ch馴れ初め】【ゆっくり解説】,36782,maxresdefault,E:\Data\ObsidianVault\02_Channels\馴れ初めシネマ\競合チャンネル分析\企画リサーチ_20260605\gcs_upload_staging\naresome_thumbnails\bTsVkH54nps.jpg,226272,
7Y5qMQbx0FU,2ch馴れ初め感動シネマ,【2ch馴れ初め】帰りの遅い妹を助けにレディース集会に突撃したオタクの俺→レディース総長の正体に気付き、妹を置いてそのまま帰った結果,36716,maxresdefault,E:\Data\ObsidianVault\02_Channels\馴れ初めシネマ\競合チャンネル分析\企画リサーチ_20260605\gcs_upload_staging\naresome_thumbnails\7Y5qMQbx0FU.jpg,274890,
8qch3McxRY0,2ch馴れ初めタイムトラベル,【2ch馴れ初め】発達〇害だと親戚中をたらい回しにされる亡き兄の子→俺が育てたらIQ200の天才だった結果...【ゆっくり】,36656,maxresdefault,E:\Data\ObsidianVault\02_Channels\馴れ初めシネマ\競合チャンネル分析\企画リサーチ_20260605\gcs_upload_staging\naresome_thumbnails\8qch3McxRY0.jpg,330350,
UQ4ifnv5GBk,2ch馴れ初めムービー,【２ｃｈ馴れ初め】夜の公園で誕生日を祝う貧乏母娘→幼馴染だったので、大家族の俺が皆でお祝いした結果…【ゆっくり】,36581,maxresdefault,E:\Data\ObsidianVault\02_Channels\馴れ初めシネマ\競合チャンネル分析\企画リサーチ_20260605\gcs_upload_staging\naresome_thumbnails\UQ4ifnv5GBk.jpg,306497,
of84vHoi9Yw,2ch 馴れ初め ストーリーズ,【2ch馴れ初め】母親が急逝し実家を片付けに行った俺→離婚した元妻が引き取った双子姉妹が棲みついていた結果【ゆっくり】,36495,maxresdefault,E:\Data\ObsidianVault\02_Channels\馴れ初めシネマ\競合チャンネル分析\企画リサーチ_20260605\gcs_upload_staging\naresome_thumbnails\of84vHoi9Yw.jpg,244226,
ptOp9nEe97w,2ch馴れ初め感動シネマ,【2ch馴れ初め】元ヤンのギャル社員と休日にばったり遭遇→難聴の娘が突然しゃべり出した結果,36425,sddefault,E:\Data\ObsidianVault\02_Channels\馴れ初めシネマ\競合チャンネル分析\企画リサーチ_20260605\gcs_upload_staging\naresome_thumbnails\ptOp9nEe97w.jpg,90501,
lgqV0o7JjB0,2chなれそめストーリー2.0,【2ch馴れ初め】親戚に頼まれてお見合いしたら、先日寿退社したはずの女上司が現れた【ゆっくり】,36165,maxresdefault,E:\Data\ObsidianVault\02_Channels\馴れ初めシネマ\競合チャンネル分析\企画リサーチ_20260605\gcs_upload_staging\naresome_thumbnails\lgqV0o7JjB0.jpg,226405,
c_L5m6uGyM0,2ch馴れ初め感動シネマ,【2ch馴れ初め】両親が他界し親戚にも見捨てられる私→ ヤクザの叔父に100万で買われた結果...,36156,maxresdefault,E:\Data\ObsidianVault\02_Channels\馴れ初めシネマ\競合チャンネル分析\企画リサーチ_20260605\gcs_upload_staging\naresome_thumbnails\c_L5m6uGyM0.jpg,328165,
jZm5DFOeVxA,俺たちの馴れ初め,【2ch馴れ初め】バイト中グズな俺をけなすヤンキー女→ 昔命を救った初恋の女の子だった結果...【ゆっくり】,36138,maxresdefault,E:\Data\ObsidianVault\02_Channels\馴れ初めシネマ\競合チャンネル分析\企画リサーチ_20260605\gcs_upload_staging\naresome_thumbnails\jZm5DFOeVxA.jpg,316912,
jJ4O5oVBCDA,2chの感動馴初め話,【2ch馴れ初め】兄夫婦からネグレクトされる姉妹を300万で買った俺→愛情込めて育て家族になった結果【ゆっくり解説】,36136,maxresdefault,E:\Data\ObsidianVault\02_Channels\馴れ初めシネマ\競合チャンネル分析\企画リサーチ_20260605\gcs_upload_staging\naresome_thumbnails\jJ4O5oVBCDA.jpg,258101,
P5OCqmuZpXc,2chなれそめストーリー2.0,【2ch馴れ初め】終電で爆睡してた美人OKが、なぜかノーパンだったので、意を決して起こした結果【ゆっくり】,36111,maxresdefault,E:\Data\ObsidianVault\02_Channels\馴れ初めシネマ\競合チャンネル分析\企画リサーチ_20260605\gcs_upload_staging\naresome_thumbnails\P5OCqmuZpXc.jpg,250187,
hN6jZ7DTkL8,俺たちの馴れ初め,【2ch馴れ初め】全自動工作機械が導入されクビになった職人軍団→旋盤技術が凄すぎたので即採用した結果...【ゆっくり】,36105,maxresdefault,E:\Data\ObsidianVault\02_Channels\馴れ初めシネマ\競合チャンネル分析\企画リサーチ_20260605\gcs_upload_staging\naresome_thumbnails\hN6jZ7DTkL8.jpg,312047,
UoV1MkJP9BU,俺たちの馴れ初め,【2ch馴れ初め】修学旅行で女子部屋に侵入、幼馴染と一緒の布団で寝た結果…【ゆっくり】,36034,maxresdefault,E:\Data\ObsidianVault\02_Channels\馴れ初めシネマ\競合チャンネル分析\企画リサーチ_20260605\gcs_upload_staging\naresome_thumbnails\UoV1MkJP9BU.jpg,200487,
wnODHomsuYI,2ch馴れ初めで愛を語る,【2ch馴れ初め】お腹を空かせた妹のためにバイトを沢山掛け持ちして倒れるヤンキー女→大盛まかない付きのうちの定食屋で働かないかと誘った結果,35980,maxresdefault,E:\Data\ObsidianVault\02_Channels\馴れ初めシネマ\競合チャンネル分析\企画リサーチ_20260605\gcs_upload_staging\naresome_thumbnails\wnODHomsuYI.jpg,352113,
HaufrJlNOlo,俺たちの馴れ初め,【2ch馴れ初め】訳アリ物件と知らず開院した美人女医→霊感がある妹が助けた結果...【ゆっくり】,35945,maxresdefault,E:\Data\ObsidianVault\02_Channels\馴れ初めシネマ\競合チャンネル分析\企画リサーチ_20260605\gcs_upload_staging\naresome_thumbnails\HaufrJlNOlo.jpg,243461,
_Nhk3Yij1oY,2ch 馴れ初め ストーリーズ,【2ch馴れ初め】災害級の真夏日に道端で座り込むボロボロ双子姉妹→ 様子がおかしいので保護した結果【ゆっくり】,35925,maxresdefault,E:\Data\ObsidianVault\02_Channels\馴れ初めシネマ\競合チャンネル分析\企画リサーチ_20260605\gcs_upload_staging\naresome_thumbnails\_Nhk3Yij1oY.jpg,309881,
eRM0bU6bdoc,2ch馴れ初め感動シネマ,【2ch馴れ初め】共同経営者に裏切られ従業員丸ごと奪われた社長の俺→駐車場の迷惑レディース集団だけが残った結果,35735,maxresdefault,E:\Data\ObsidianVault\02_Channels\馴れ初めシネマ\競合チャンネル分析\企画リサーチ_20260605\gcs_upload_staging\naresome_thumbnails\eRM0bU6bdoc.jpg,259041,
H9dy2Jw0RdU,2ch 馴れ初め ストーリーズ,【2ch馴れ初め】赤字続きの洋菓子店に苺の営業に来た謎のボロボロ女性→激ウマだったので独占大量発注した結果【ゆっくり】,35456,maxresdefault,E:\Data\ObsidianVault\02_Channels\馴れ初めシネマ\競合チャンネル分析\企画リサーチ_20260605\gcs_upload_staging\naresome_thumbnails\H9dy2Jw0RdU.jpg,253314,
XzdDSN2BHxc,2chなれそめストーリー2.0,【2ch馴れ初め】隣人の綺麗なお姉さんから「あなた最近溜まってるでしょ？」と見抜かれてしまった結果【ゆっくり解説】,35365,maxresdefault,E:\Data\ObsidianVault\02_Channels\馴れ初めシネマ\競合チャンネル分析\企画リサーチ_20260605\gcs_upload_staging\naresome_thumbnails\XzdDSN2BHxc.jpg,256313,
hRJYOBcV1JY,2chの感動馴初め話,ケーキ屋で娘の誕生日にお金が払えず泣いてる貧乏親子→記念日に振られた俺が予約していた特製ホールケーキをあげた結果…【2ch馴れ初め】【ゆっくり解説】,35308,maxresdefault,E:\Data\ObsidianVault\02_Channels\馴れ初めシネマ\競合チャンネル分析\企画リサーチ_20260605\gcs_upload_staging\naresome_thumbnails\hRJYOBcV1JY.jpg,267336,
pcDzFPV-1Lo,2chなれそめストーリー2.0,【2ch馴れ初め】残業後に晩酌していたら、突然先輩が泣きながら現れて「今日だけ一緒に寝て欲しい」ともろ抱かれに来ていた結果【ゆっくり】,35287,maxresdefault,E:\Data\ObsidianVault\02_Channels\馴れ初めシネマ\競合チャンネル分析\企画リサーチ_20260605\gcs_upload_staging\naresome_thumbnails\pcDzFPV-1Lo.jpg,232910,
CcJFMRMQr74,2chの感動馴初め話,【2ch馴れ初め】話せない傷ついた少女を連れてきた娘→SOSサインに気付き保護した結果【ゆっくり解説】,35256,maxresdefault,E:\Data\ObsidianVault\02_Channels\馴れ初めシネマ\競合チャンネル分析\企画リサーチ_20260605\gcs_upload_staging\naresome_thumbnails\CcJFMRMQr74.jpg,247015,
isPm6_vGiTs,2ch 馴れ初め ストーリーズ,【2ch馴れ初め】兄が置いていった1歳の女の子→ 4歳の娘が「妹にするでしゅ！」と言い出した結果【ゆっくり】,35238,maxresdefault,E:\Data\ObsidianVault\02_Channels\馴れ初めシネマ\競合チャンネル分析\企画リサーチ_20260605\gcs_upload_staging\naresome_thumbnails\isPm6_vGiTs.jpg,227758,
dYAHkWN7VYA,俺たちの馴れ初め,【2ch馴れ初め】　奴隷扱いされていた姪を引き取った俺→娘を亡くした同級生が一緒に育てたいと言ってくれた結果...　【ゆっくり】,35132,maxresdefault,E:\Data\ObsidianVault\02_Channels\馴れ初めシネマ\競合チャンネル分析\企画リサーチ_20260605\gcs_upload_staging\naresome_thumbnails\dYAHkWN7VYA.jpg,243661,
FE91nFoZSc8,2ch馴れ初め感動シネマ,【2ch馴れ初め】警察が突然の訪問「あなたの娘が...」→娘はペットの犬だと伝えた結果,35120,maxresdefault,E:\Data\ObsidianVault\02_Channels\馴れ初めシネマ\競合チャンネル分析\企画リサーチ_20260605\gcs_upload_staging\naresome_thumbnails\FE91nFoZSc8.jpg,306687,
Flo99xLUhSw,2ch 馴れ初め ストーリーズ,【2ch馴れ初め】双子姉妹と共に失踪した元妻の訃報の知らせを受けた俺→葬儀会場で3年ぶりに愛娘と再会した結果【ゆっくり】,35087,maxresdefault,E:\Data\ObsidianVault\02_Channels\馴れ初めシネマ\競合チャンネル分析\企画リサーチ_20260605\gcs_upload_staging\naresome_thumbnails\Flo99xLUhSw.jpg,245047,
hfFh5RfAlu0,2ch 馴れ初め ストーリーズ,【2ch馴れ初め】妹に自閉症と決めつけられ捨てられた姪→エラーだらけのAIシステムを触らせてみた結果【ゆっくり】,35005,maxresdefault,E:\Data\ObsidianVault\02_Channels\馴れ初めシネマ\競合チャンネル分析\企画リサーチ_20260605\gcs_upload_staging\naresome_thumbnails\hfFh5RfAlu0.jpg,240847,
VovwDgOLW1k,2ch 馴れ初め ストーリーズ,【2ch馴れ初め】パン好きな妹の為にバイトの面接に来たボロボロ双子→掃除を手伝って貰い、焼き立てパンを現物支給した結果【ゆっくり】,34993,maxresdefault,E:\Data\ObsidianVault\02_Channels\馴れ初めシネマ\競合チャンネル分析\企画リサーチ_20260605\gcs_upload_staging\naresome_thumbnails\VovwDgOLW1k.jpg,241237,
wD2QFU9vvBI,2ch馴れ初め感動シネマ,【2ch馴れ初め】療養中の父の為、ガラガラ声で路上ライブするヤンキー同級生→元ピアノ日本一で絶対音感を持つ陰キャの俺が思わず声を掛けた結果…,34990,maxresdefault,E:\Data\ObsidianVault\02_Channels\馴れ初めシネマ\競合チャンネル分析\企画リサーチ_20260605\gcs_upload_staging\naresome_thumbnails\wD2QFU9vvBI.jpg,372397,
5f541Rh05iQ,2ch 馴れ初め ストーリーズ,【2ch馴れ初め】極寒の夜、亡き両親の元へ向かおうとする幼い姉妹→廃業寸前の旅館を営む俺が保護した結果【ゆっくり】,34968,maxresdefault,E:\Data\ObsidianVault\02_Channels\馴れ初めシネマ\競合チャンネル分析\企画リサーチ_20260605\gcs_upload_staging\naresome_thumbnails\5f541Rh05iQ.jpg,239657,
yYguLyYHQ2w,2ch馴れ初めゆっくりで最愛,【2ch 馴れ初め】霊感がある双子少女→俺の営む事故物件と噂の旅館の看板娘になった結果【ゆっくり】,34954,maxresdefault,E:\Data\ObsidianVault\02_Channels\馴れ初めシネマ\競合チャンネル分析\企画リサーチ_20260605\gcs_upload_staging\naresome_thumbnails\yYguLyYHQ2w.jpg,283183,
JfgmmGTVdiU,2ch馴れ初め感動シネマ,【2ch馴れ初め】デパ地下の試食コーナーに毎日やって来るボロボの貧乏親子→俺の実家の弁当屋で住み込みで雇った結果,34954,maxresdefault,E:\Data\ObsidianVault\02_Channels\馴れ初めシネマ\競合チャンネル分析\企画リサーチ_20260605\gcs_upload_staging\naresome_thumbnails\JfgmmGTVdiU.jpg,345711,
EEovgTHLEWI,2ch馴れ初めタイムトラベル,【2ch馴れ初め】院長に嫌われド田舎の病院に左遷された俺→町の病院から見放された患者たちを次々に救った結果...【ゆっくり】,34814,maxresdefault,E:\Data\ObsidianVault\02_Channels\馴れ初めシネマ\競合チャンネル分析\企画リサーチ_20260605\gcs_upload_staging\naresome_thumbnails\EEovgTHLEWI.jpg,326731,
56ChXsz0z44,2ch馴れ初め感動シネマ,【2ch馴れ初め】交通事故を課長になすり付けられヤクザに脅される美人上司→実は組長息子で部下の俺が助けた結果,34814,maxresdefault,E:\Data\ObsidianVault\02_Channels\馴れ初めシネマ\競合チャンネル分析\企画リサーチ_20260605\gcs_upload_staging\naresome_thumbnails\56ChXsz0z44.jpg,338427,
KNR2cu4viSs,2ch 馴れ初め ストーリーズ,【2ch馴れ初め】父親に捨てられた女の子を引き取った俺→ある日の街中で美人同僚とばったり会った結果【ゆっくり】,34686,maxresdefault,E:\Data\ObsidianVault\02_Channels\馴れ初めシネマ\競合チャンネル分析\企画リサーチ_20260605\gcs_upload_staging\naresome_thumbnails\KNR2cu4viSs.jpg,255848,
SPbJmFUDrMM,2ch 馴れ初め ストーリーズ,【2ch馴れ初め】上司の策略で窓際部署に左遷された俺→IQ200娘の一言で部署の空気が変わった結果【ゆっくり】,34677,maxresdefault,E:\Data\ObsidianVault\02_Channels\馴れ初めシネマ\競合チャンネル分析\企画リサーチ_20260605\gcs_upload_staging\naresome_thumbnails\SPbJmFUDrMM.jpg,314378,
qv-ogLgqm8U,2ch 馴れ初め ストーリーズ,【2ch馴れ初め】凄腕料理人の俺が同僚に嵌められ突然のクビ宣告→閑古鳥が鳴く洋食屋の双子姉妹にスカウトされた結果【ゆっくり】,34525,maxresdefault,E:\Data\ObsidianVault\02_Channels\馴れ初めシネマ\競合チャンネル分析\企画リサーチ_20260605\gcs_upload_staging\naresome_thumbnails\qv-ogLgqm8U.jpg,217975,
7dGUoXgcq1c,2chの感動馴初め話,【2ch馴れ初め】深夜、俺の家の前に立ちすくむ火傷跡の少女→離婚した元妻の子供だった結果【ゆっくり】,34492,maxresdefault,E:\Data\ObsidianVault\02_Channels\馴れ初めシネマ\競合チャンネル分析\企画リサーチ_20260605\gcs_upload_staging\naresome_thumbnails\7dGUoXgcq1c.jpg,287901,
F8pVCXqDNok,2ch馴れ初め感動シネマ,【2ch馴れ初め】10年ぶりに本社に帰還すると中卒女性社員が物置部屋にポツン→彼女はアンタの上司だと伝えた結果,34322,maxresdefault,E:\Data\ObsidianVault\02_Channels\馴れ初めシネマ\競合チャンネル分析\企画リサーチ_20260605\gcs_upload_staging\naresome_thumbnails\F8pVCXqDNok.jpg,346038,
4CrKOZMP_Zc,2ch 馴れ初め ストーリーズ,【2ch馴れ初め】体調不良の俺の代わりに美人上司に病欠連絡した4歳の娘→上司の1歳の愛娘が出て意気投合した結果【ゆっくり】,34269,maxresdefault,E:\Data\ObsidianVault\02_Channels\馴れ初めシネマ\競合チャンネル分析\企画リサーチ_20260605\gcs_upload_staging\naresome_thumbnails\4CrKOZMP_Zc.jpg,232006,
csNQ_BqASes,2chなれそめストーリー2.0,【2ch馴れ初め】社員旅行で貸し切り露天風呂にきたら女上司とダブルブッキング、「ここでエッ〇しよっか？」といきなり誘ってきた結果【ゆっくり解説】,34258,maxresdefault,E:\Data\ObsidianVault\02_Channels\馴れ初めシネマ\競合チャンネル分析\企画リサーチ_20260605\gcs_upload_staging\naresome_thumbnails\csNQ_BqASes.jpg,239667,
38_ANZCQU34,2ch 馴れ初め ストーリーズ,【2ch馴れ初め】無表情で姉夫婦から捨てられた1歳の姪→医学書を絵本がわりに育てると...天才になった結果【ゆっくり】,34146,maxresdefault,E:\Data\ObsidianVault\02_Channels\馴れ初めシネマ\競合チャンネル分析\企画リサーチ_20260605\gcs_upload_staging\naresome_thumbnails\38_ANZCQU34.jpg,334887,
zj8U7e4siD8,2ch馴れ初めほっこり物語,【2ch馴れ初め】遠足で弁当を忘れたと嘘をつく細身の転校生 →大盛り定食屋の息子の俺がお裾分けした結果…【ゆっくり】,34057,maxresdefault,E:\Data\ObsidianVault\02_Channels\馴れ初めシネマ\競合チャンネル分析\企画リサーチ_20260605\gcs_upload_staging\naresome_thumbnails\zj8U7e4siD8.jpg,356018,
SnWS6-Jq6Qg,2ch 馴れ初め ストーリーズ,【2ch馴れ初め】極寒の夜、宝物をもって家賃支払いに来たボロボロ姉妹→温かいココアを出して事情お聴いた結果【ゆっくり】,33973,maxresdefault,E:\Data\ObsidianVault\02_Channels\馴れ初めシネマ\競合チャンネル分析\企画リサーチ_20260605\gcs_upload_staging\naresome_thumbnails\SnWS6-Jq6Qg.jpg,253519,
J6L8ZBEbxyk,2ch 馴れ初め ストーリーズ,【2ch馴れ初め】残業続きが原因で倒れてしまった俺→4歳の双子姉妹が美人女上司に直談判した結果【ゆっくり】,33867,maxresdefault,E:\Data\ObsidianVault\02_Channels\馴れ初めシネマ\競合チャンネル分析\企画リサーチ_20260605\gcs_upload_staging\naresome_thumbnails\J6L8ZBEbxyk.jpg,203930,
pBzqJtNbf_s,俺たちの馴れ初め,【2ch馴れ初め】休日に妹とデートしてる所を仲良しの後輩女子に見られた結果…【ゆっくり解説】,33831,maxresdefault,E:\Data\ObsidianVault\02_Channels\馴れ初めシネマ\競合チャンネル分析\企画リサーチ_20260605\gcs_upload_staging\naresome_thumbnails\pBzqJtNbf_s.jpg,208232,
GfQOcoPwIf8,俺たちの馴れ初め,【2ch馴れ初め】女性経験ゼロで非モテだった俺が女ばかりの会社に入社した結果…【ゆっくり】,33784,maxresdefault,E:\Data\ObsidianVault\02_Channels\馴れ初めシネマ\競合チャンネル分析\企画リサーチ_20260605\gcs_upload_staging\naresome_thumbnails\GfQOcoPwIf8.jpg,227721,
kziIQ8DeezY,2chの感動馴初め話,真冬の寒い夜、サービスエリアに車椅子の少女が置き去りに…→出張帰りの医者の俺が保護した結果【2ch馴れ初め】【ゆっくり解説】,33701,maxresdefault,E:\Data\ObsidianVault\02_Channels\馴れ初めシネマ\競合チャンネル分析\企画リサーチ_20260605\gcs_upload_staging\naresome_thumbnails\kziIQ8DeezY.jpg,245807,
rvBlBULbJNk,2ch馴れ初め感動シネマ,【2ch馴れ初め】ヤクザから足を洗い新人保育士をしている元ヤクザの俺 → 保育園の美人上司に俺の正体がバレた結果,33700,maxresdefault,E:\Data\ObsidianVault\02_Channels\馴れ初めシネマ\競合チャンネル分析\企画リサーチ_20260605\gcs_upload_staging\naresome_thumbnails\rvBlBULbJNk.jpg,247900,
F60e4M-IuX0,2chなれそめストーリー2.0,【2ch馴れ初め】地震で電車が動かず家に帰れない爆乳上司を家に泊めて朝までヤリまくった結果【ゆっくり解説】,33618,maxresdefault,E:\Data\ObsidianVault\02_Channels\馴れ初めシネマ\競合チャンネル分析\企画リサーチ_20260605\gcs_upload_staging\naresome_thumbnails\F60e4M-IuX0.jpg,262432,
MtbaDfZXSFo,俺たちの馴れ初め,【2ch馴れ初め】プロポーズ当日に振られた俺→空腹の家出少女に指輪をあげた結果...【ゆっくり】,33468,maxresdefault,E:\Data\ObsidianVault\02_Channels\馴れ初めシネマ\競合チャンネル分析\企画リサーチ_20260605\gcs_upload_staging\naresome_thumbnails\MtbaDfZXSFo.jpg,234377,
WRpoIYWtqYs,2chの感動馴初め話,息子と2人暮らしの俺が料理中に、突然近所のボロボロの少女が家に突入してきた結果…【2ch馴れ初め】【ゆっくり解説】,33413,maxresdefault,E:\Data\ObsidianVault\02_Channels\馴れ初めシネマ\競合チャンネル分析\企画リサーチ_20260605\gcs_upload_staging\naresome_thumbnails\WRpoIYWtqYs.jpg,234644,
vnmZxtVcnXI,2ch馴れ初めゆっくりで最愛,【2ch馴れ初め】最強ヤンキーを隠して陰キャの生徒会長を演じてる俺→金髪ギャル転校生が困っていそうだったので本来の姿で助けた結果【ゆっくり】,33390,maxresdefault,E:\Data\ObsidianVault\02_Channels\馴れ初めシネマ\競合チャンネル分析\企画リサーチ_20260605\gcs_upload_staging\naresome_thumbnails\vnmZxtVcnXI.jpg,282903,
82jmYWifCPs,2ch 馴れ初め ストーリーズ,【2ch馴れ初め】両親が他界し天涯孤独になった隣人の双子の赤ちゃん→米農家を営む俺が、引き取った結果【ゆっくり】完成版,33312,maxresdefault,E:\Data\ObsidianVault\02_Channels\馴れ初めシネマ\競合チャンネル分析\企画リサーチ_20260605\gcs_upload_staging\naresome_thumbnails\82jmYWifCPs.jpg,232541,
WxuN7DVBPM4,2ch馴れ初めゆっくりで最愛,【2ch 馴れ初め】展示会で倒産寸前の俺の会社に面接に来た謎のボロボロの女性→超有能だったので即戦力として採用した結果【ゆっくり】,33265,maxresdefault,E:\Data\ObsidianVault\02_Channels\馴れ初めシネマ\競合チャンネル分析\企画リサーチ_20260605\gcs_upload_staging\naresome_thumbnails\WxuN7DVBPM4.jpg,264522,
_j1AxAxhFdw,2ch馴れ初め感動シネマ,【2ch馴れ初め】親が引き取った双子の兄になった俺が音楽会に参加→バイト先の元ヤン美人店長がおかしくなった結果,33258,maxresdefault,E:\Data\ObsidianVault\02_Channels\馴れ初めシネマ\競合チャンネル分析\企画リサーチ_20260605\gcs_upload_staging\naresome_thumbnails\_j1AxAxhFdw.jpg,254752,
UJOnc2-auaI,2ch馴れ初め感動シネマ,【2ch馴れ初め】会社をクビになり公園で寝泊まりする美人鬼上司母娘→元部下の俺が家に連れ帰った結果,33204,maxresdefault,E:\Data\ObsidianVault\02_Channels\馴れ初めシネマ\競合チャンネル分析\企画リサーチ_20260605\gcs_upload_staging\naresome_thumbnails\UJOnc2-auaI.jpg,343607,
L4tFRRMJqLo,2ch感動の馴れ初め話,【2ch馴れ初め】社員旅行中、フェリーが故障し涙目の女性社員、元海上自衛隊で現無能社員の俺が本気出した結果【ゆっくり動画】,33187,maxresdefault,E:\Data\ObsidianVault\02_Channels\馴れ初めシネマ\競合チャンネル分析\企画リサーチ_20260605\gcs_upload_staging\naresome_thumbnails\L4tFRRMJqLo.jpg,303044,
w2kZnEZHhQo,2ch馴れ初めムービー,【2ch馴れ初め】１人旅中の客船で船長が倒れ、絶望する新人乗務員→『俺に任せて』と元海保の伝説の航海士の俺が、代わりに舵を握った結果【ゆっくり・感動】,33128,maxresdefault,E:\Data\ObsidianVault\02_Channels\馴れ初めシネマ\競合チャンネル分析\企画リサーチ_20260605\gcs_upload_staging\naresome_thumbnails\w2kZnEZHhQo.jpg,338932,
wafBrNH_gls,2ch馴れ初め感動シネマ,【2ch馴れ初め】コンビニ前でたむろする最凶レディース軍団→5歳の妹が膝の上にダイブした結果,33063,maxresdefault,E:\Data\ObsidianVault\02_Channels\馴れ初めシネマ\競合チャンネル分析\企画リサーチ_20260605\gcs_upload_staging\naresome_thumbnails\wafBrNH_gls.jpg,349595,
0W4Oy6878_w,2chなれそめストーリー2.0,【2ch馴れ初め】飲み過ぎて先輩の家に泊まって目を覚ましたら全開だった結果【ゆっくり解説】,33046,maxresdefault,E:\Data\ObsidianVault\02_Channels\馴れ初めシネマ\競合チャンネル分析\企画リサーチ_20260605\gcs_upload_staging\naresome_thumbnails\0W4Oy6878_w.jpg,221812,
TyBgfYpUNb0,2ch 馴れ初め ストーリーズ,【2ch馴れ初め】人助けをして最終面接に大遅刻した俺→面接中に助けた姉妹が突入してきた結果【ゆっくり】,33002,maxresdefault,E:\Data\ObsidianVault\02_Channels\馴れ初めシネマ\競合チャンネル分析\企画リサーチ_20260605\gcs_upload_staging\naresome_thumbnails\TyBgfYpUNb0.jpg,197592,
MKfr1_sM1CQ,2chの感動馴初め話,米屋におつかいに来たボロボロの双子姉妹→「5キロのお米をください」と言うので一緒に家まで運んだ結果【2ch馴れ初め】【ゆっくり解説】,32912,maxresdefault,E:\Data\ObsidianVault\02_Channels\馴れ初めシネマ\競合チャンネル分析\企画リサーチ_20260605\gcs_upload_staging\naresome_thumbnails\MKfr1_sM1CQ.jpg,243012,
dT1R66Gi09g,2ch 馴れ初め ストーリーズ,【2ch馴れ初め】親戚に「虚言癖」と捨てられた4歳の姪→骨董品屋の俺が引き取ると…目利きの天才だった結果【ゆっくり】,32872,maxresdefault,E:\Data\ObsidianVault\02_Channels\馴れ初めシネマ\競合チャンネル分析\企画リサーチ_20260605\gcs_upload_staging\naresome_thumbnails\dT1R66Gi09g.jpg,230230,
QT9_CLSQ_18,2ch 馴れ初め ストーリーズ,【2ch馴れ初め】社内システムを開発した後に突如クビにされた俺→ ベンチャー企業の美人女社長にスカウトされた結果【ゆっくり】,32750,maxresdefault,E:\Data\ObsidianVault\02_Channels\馴れ初めシネマ\競合チャンネル分析\企画リサーチ_20260605\gcs_upload_staging\naresome_thumbnails\QT9_CLSQ_18.jpg,218789,
RyArr74c8qI,2chの感動馴初め話,【2ch馴れ初め】軒下にうずくまる見知らぬ青アザ少女→妹と親を亡くした幼馴染と愛情たっぷり育てた結果【ゆっくり解説】,32709,maxresdefault,E:\Data\ObsidianVault\02_Channels\馴れ初めシネマ\競合チャンネル分析\企画リサーチ_20260605\gcs_upload_staging\naresome_thumbnails\RyArr74c8qI.jpg,262596,
3mNjjZHglog,2ch 馴れ初め ストーリーズ,【2ch馴れ初め】散歩中に急に走り出した愛犬→高架下に捨てられた双子の赤ちゃんを発見した結果【ゆっくり】,32697,maxresdefault,E:\Data\ObsidianVault\02_Channels\馴れ初めシネマ\競合チャンネル分析\企画リサーチ_20260605\gcs_upload_staging\naresome_thumbnails\3mNjjZHglog.jpg,232016,
1_YOUix1a7E,2chなれそめストーリー2.0,【2ch馴れ初め】社畜の俺が真夜中に一文無しの乙女を助けてあげたら人生が激変した【ゆっくり解説】,32538,maxresdefault,E:\Data\ObsidianVault\02_Channels\馴れ初めシネマ\競合チャンネル分析\企画リサーチ_20260605\gcs_upload_staging\naresome_thumbnails\1_YOUix1a7E.jpg,219473,
lZsifhw5uvg,2chなれそめストーリー2.0,【2ch馴れ初め】台風で電車がストップし家に帰れない女上司→頼まれたので家に保護した結果【ゆっくり解説】,32457,maxresdefault,E:\Data\ObsidianVault\02_Channels\馴れ初めシネマ\競合チャンネル分析\企画リサーチ_20260605\gcs_upload_staging\naresome_thumbnails\lZsifhw5uvg.jpg,252180,
G32vqtGa1a0,2chなれそめストーリー2.0,【2ch馴れ初め】露天風呂に入っていたら泥酔した巨乳な美熟女が女湯と間違えて入ってきた【ゆっくり解説】,32447,maxresdefault,E:\Data\ObsidianVault\02_Channels\馴れ初めシネマ\競合チャンネル分析\企画リサーチ_20260605\gcs_upload_staging\naresome_thumbnails\G32vqtGa1a0.jpg,228535,
tRzuCwepzTg,馴れ初め公園,【馴れ初め】婚活50連敗中の超地味な女性とシンパパの俺→双子の娘の直感で速攻結婚した結果…【ゆっくり】,32412,maxresdefault,E:\Data\ObsidianVault\02_Channels\馴れ初めシネマ\競合チャンネル分析\企画リサーチ_20260605\gcs_upload_staging\naresome_thumbnails\tRzuCwepzTg.jpg,315523,
MfUPhBb--wM,2ch馴れ初め感動シネマ,【2ch馴れ初め】同僚に裏切られホームレスになった元三ツ星シェフの俺→公園でひっそり泣く弁当屋の双子姉妹に手を貸した結果...,32368,maxresdefault,E:\Data\ObsidianVault\02_Channels\馴れ初めシネマ\競合チャンネル分析\企画リサーチ_20260605\gcs_upload_staging\naresome_thumbnails\MfUPhBb--wM.jpg,365617,
VXBuRiLYzIE,2ch馴れ初め感動シネマ,【2ch馴れ初め】上司にお見合いを押し付けられた元刑事の俺→一般人のフリしたら想定外の結果に…,32367,maxresdefault,E:\Data\ObsidianVault\02_Channels\馴れ初めシネマ\競合チャンネル分析\企画リサーチ_20260605\gcs_upload_staging\naresome_thumbnails\VXBuRiLYzIE.jpg,337192,
M1hRgm7m6Ow,2chの感動馴初め話,独身なのに小さな双子の娘と会社の花見に参加した俺→新卒ギャル社員が興奮して話しかけてきた結果…【2ch馴れ初め】【ゆっくり解説】,32311,maxresdefault,E:\Data\ObsidianVault\02_Channels\馴れ初めシネマ\競合チャンネル分析\企画リサーチ_20260605\gcs_upload_staging\naresome_thumbnails\M1hRgm7m6Ow.jpg,251242,
pqWvXwHUHfU,2ch 馴れ初め ストーリーズ,【2ch馴れ初め】元妻から奴隷扱いされる双子の愛娘を引き取った俺→ 幼い頃、妹を亡くした幼馴染が母親のように接してくれた結果【ゆっくり】,32295,maxresdefault,E:\Data\ObsidianVault\02_Channels\馴れ初めシネマ\競合チャンネル分析\企画リサーチ_20260605\gcs_upload_staging\naresome_thumbnails\pqWvXwHUHfU.jpg,234315,
xNgW_Q1CkbU,ほろり感動馴れ初め話,【2ch馴れ初め】公園の水道水でお腹を膨らませる貧乏姉妹→父の洋食屋で働く俺がご馳走した結果【ゆっくり解説】,32238,maxresdefault,E:\Data\ObsidianVault\02_Channels\馴れ初めシネマ\競合チャンネル分析\企画リサーチ_20260605\gcs_upload_staging\naresome_thumbnails\xNgW_Q1CkbU.jpg,294052,
Dx5f5vD71M8,2ch 馴れ初め ストーリーズ,【2ch馴れ初め】1歳の双子姉妹の為に北国の単身赴任先でバリバリ働く俺→ある日、自宅に帰ると娘達が放置されていた結果【ゆっくり】,32185,maxresdefault,E:\Data\ObsidianVault\02_Channels\馴れ初めシネマ\競合チャンネル分析\企画リサーチ_20260605\gcs_upload_staging\naresome_thumbnails\Dx5f5vD71M8.jpg,247513,
yJlxJSUKQlI,2ch 馴れ初め ストーリーズ,【2ch馴れ初め】1歳の姪と一緒に買い物に出かけた俺→街中で会社の美人同僚とばったり会った結果【ゆっくり】,31999,maxresdefault,E:\Data\ObsidianVault\02_Channels\馴れ初めシネマ\競合チャンネル分析\企画リサーチ_20260605\gcs_upload_staging\naresome_thumbnails\yJlxJSUKQlI.jpg,232470,
m--QJIJquAY,2ch馴れ初めムービー,【2ch馴れ初め】華金の夜、俺が1人焼肉で晩酌してたら→庭からボロボロな双子の少女が突入してきた結果…【感動名作】,31993,maxresdefault,E:\Data\ObsidianVault\02_Channels\馴れ初めシネマ\競合チャンネル分析\企画リサーチ_20260605\gcs_upload_staging\naresome_thumbnails\m--QJIJquAY.jpg,271293,
_479sbz6jEI,2ch 馴れ初め ストーリーズ,【2ch馴れ初め】児童養護施設のボランティアで出会った4歳の寡黙な少女→ピアニストの俺がある「才能」に気付いた結果【ゆっくり】,31956,maxresdefault,E:\Data\ObsidianVault\02_Channels\馴れ初めシネマ\競合チャンネル分析\企画リサーチ_20260605\gcs_upload_staging\naresome_thumbnails\_479sbz6jEI.jpg,332957,
Wj2THzG8KTQ,2chなれそめストーリー2.0,【2ch馴れ初め】何をしても感じないと美熟女に相談したら→秒でイカされてしまった結果【ゆっくり】,31863,maxresdefault,E:\Data\ObsidianVault\02_Channels\馴れ初めシネマ\競合チャンネル分析\企画リサーチ_20260605\gcs_upload_staging\naresome_thumbnails\Wj2THzG8KTQ.jpg,245690,
HWA-beuSTfU,2chなれそめストーリー2.0,【２ch馴れ初め】毎日通う近所の定食屋の看板娘から食事に誘われたので拒否した結果【ゆっくり解説】,31814,maxresdefault,E:\Data\ObsidianVault\02_Channels\馴れ初めシネマ\競合チャンネル分析\企画リサーチ_20260605\gcs_upload_staging\naresome_thumbnails\HWA-beuSTfU.jpg,215504,
Bhl7F1YBNyg,俺たちの馴れ初め,【2ch馴れ初め】　昔、貧乏だった俺に手料理を差し入れて救ってくれた隣人女性→事業が成功して金持ちになった俺が声を掛けた結果...　【ゆっくり】,31745,maxresdefault,E:\Data\ObsidianVault\02_Channels\馴れ初めシネマ\競合チャンネル分析\企画リサーチ_20260605\gcs_upload_staging\naresome_thumbnails\Bhl7F1YBNyg.jpg,271133,
02dQrpyti40,2ch馴れ初めラブレター,【2ch馴れ初め】30連勤の社畜の俺が終電後に帰宅中 →亡くなったはずの娘たちと再会した結果 ...【ゆっくり】,31686,maxresdefault,E:\Data\ObsidianVault\02_Channels\馴れ初めシネマ\競合チャンネル分析\企画リサーチ_20260605\gcs_upload_staging\naresome_thumbnails\02dQrpyti40.jpg,300956,
QXVomzOHFgc,2chの感動馴初め話,河川敷で息子とピクニック中、ホームレスの母娘と遭遇→ボロボロすぎて我が家に招待した結果…【2ch馴れ初め】【ゆっくり解説】,31642,maxresdefault,E:\Data\ObsidianVault\02_Channels\馴れ初めシネマ\競合チャンネル分析\企画リサーチ_20260605\gcs_upload_staging\naresome_thumbnails\QXVomzOHFgc.jpg,247693,
VS-xomR7M6c,2chなれそめストーリー2.0,【2ch馴れ初め】仕事中に骨折した美人鬼上司が車いす生活で不便そうだったので体を洗ってあげたらエッ〇なカラダしてた【ゆっくり解説】,31583,maxresdefault,E:\Data\ObsidianVault\02_Channels\馴れ初めシネマ\競合チャンネル分析\企画リサーチ_20260605\gcs_upload_staging\naresome_thumbnails\VS-xomR7M6c.jpg,218693,
iFq1Arj7eFE,2ch馴れ初め感動シネマ,【2ch馴れ初め】道で倒れこむ老婆に全財産1000円を渡した貧乏学生の俺→翌日、学校に黒塗りの高級車が現れた結果,31578,maxresdefault,E:\Data\ObsidianVault\02_Channels\馴れ初めシネマ\競合チャンネル分析\企画リサーチ_20260605\gcs_upload_staging\naresome_thumbnails\iFq1Arj7eFE.jpg,260728,
-QWhf_exEK8,ほろり感動馴れ初め話,【2ch馴れ初め】祖母の裏山で発見したボロボロの少女→祖母が手を差し伸べて助けた結果【ゆっくり】,31439,maxresdefault,E:\Data\ObsidianVault\02_Channels\馴れ初めシネマ\競合チャンネル分析\企画リサーチ_20260605\gcs_upload_staging\naresome_thumbnails\-QWhf_exEK8.jpg,264845,
wg2qDZ-Qz4c,2chの感動馴初め話,【2ch馴れ初め】誕生日に1人お水でお祝いする虐げられる少女→新米料理長の俺がフルコースでお祝いした結果【ゆっくり解説】,31414,maxresdefault,E:\Data\ObsidianVault\02_Channels\馴れ初めシネマ\競合チャンネル分析\企画リサーチ_20260605\gcs_upload_staging\naresome_thumbnails\wg2qDZ-Qz4c.jpg,268161,
XBuPWIPMGPA,2ch馴れ初めヒストリー,【2ch馴れ初め】観光客ゼロの温泉宿を間違えて予約した俺 →IQ200の双子の一言で人気観光地になった結果 ...【ゆっくり】,31381,maxresdefault,E:\Data\ObsidianVault\02_Channels\馴れ初めシネマ\競合チャンネル分析\企画リサーチ_20260605\gcs_upload_staging\naresome_thumbnails\XBuPWIPMGPA.jpg,338826,
AEvwJ19ZRT0,2chなれそめストーリー2.0,【2ch馴れ初め】失恋してヤケ酒しながら落ち込んでたら、女先輩が突然家に来てヤられてしまった結果【ゆっくり解説】,31379,maxresdefault,E:\Data\ObsidianVault\02_Channels\馴れ初めシネマ\競合チャンネル分析\企画リサーチ_20260605\gcs_upload_staging\naresome_thumbnails\AEvwJ19ZRT0.jpg,247029,
rXaygGbECfs,2chなれそめストーリー2.0,【2ch馴れ初め】仕事で取引先へ営業に行ったら、担当者が俺が昔フッた元カノだった【ゆっくり解説】,31364,maxresdefault,E:\Data\ObsidianVault\02_Channels\馴れ初めシネマ\競合チャンネル分析\企画リサーチ_20260605\gcs_upload_staging\naresome_thumbnails\rXaygGbECfs.jpg,217204,
MgqBTobSfXM,2chの感動馴初め話,【2ch馴れ初め】義姉に捨てられた0歳の赤ん坊→4歳の娘が「妹にするでしゅ！」と言った結果【ゆっくり】,31293,maxresdefault,E:\Data\ObsidianVault\02_Channels\馴れ初めシネマ\競合チャンネル分析\企画リサーチ_20260605\gcs_upload_staging\naresome_thumbnails\MgqBTobSfXM.jpg,254460,
R1xIrk9HXmo,2ch馴れ初めムービー,【２ｃｈ馴れ初め】山奥でソロキャンプ中、食材を忘れて泣いている貧乏親子→放っておけず俺の自慢の特製カレーをお裾分けした結果…【感動名作】,31285,maxresdefault,E:\Data\ObsidianVault\02_Channels\馴れ初めシネマ\競合チャンネル分析\企画リサーチ_20260605\gcs_upload_staging\naresome_thumbnails\R1xIrk9HXmo.jpg,263786,
S91W_gA1Bcw,2ch馴れ初めムービー,【２ｃｈ馴れ初め】双子の娘が俺の焼き鳥屋に連れて来た空腹のボロボロ少女→俺の子じゃないと元嫁に引き取られた娘だった結果…【ほっこり】,31268,maxresdefault,E:\Data\ObsidianVault\02_Channels\馴れ初めシネマ\競合チャンネル分析\企画リサーチ_20260605\gcs_upload_staging\naresome_thumbnails\S91W_gA1Bcw.jpg,256964,
LzgBm-OfMc4,2ch馴れ初めラブレター,【2ch馴れ初め】兄が亡くなり義姉に見放された幼い姉妹 →実家の工務店を継ぐため帰郷する俺が引き取った結果...【ゆっくり】,31221,maxresdefault,E:\Data\ObsidianVault\02_Channels\馴れ初めシネマ\競合チャンネル分析\企画リサーチ_20260605\gcs_upload_staging\naresome_thumbnails\LzgBm-OfMc4.jpg,291808,
h5sf2rJUG80,2ch馴れ初め感動シネマ,【2ch馴れ初め】社内で有名なモンスター女性社員の教育係をするハメに→後日…彼女の驚きの正体に会社騒然,31161,maxresdefault,E:\Data\ObsidianVault\02_Channels\馴れ初めシネマ\競合チャンネル分析\企画リサーチ_20260605\gcs_upload_staging\naresome_thumbnails\h5sf2rJUG80.jpg,231023,
4SH98rl69ZA,2ch 馴れ初め ストーリーズ,【2ch馴れ初め】俺の料理を食べて号泣する養護施設の4歳の双子姉妹→「パパのあじでしゅ！」と言われた結果【ゆっくり】,31155,maxresdefault,E:\Data\ObsidianVault\02_Channels\馴れ初めシネマ\競合チャンネル分析\企画リサーチ_20260605\gcs_upload_staging\naresome_thumbnails\4SH98rl69ZA.jpg,245595,
yWk7sMFcErE,2ch馴れ初めムービー,【２ｃｈ馴れ初め】屋台のラーメン屋に来た幼い貧乏双子姉妹→手伝ってもらい、毎日愛情たっぷりの賄いを振舞った結果【感動名作】,31109,maxresdefault,E:\Data\ObsidianVault\02_Channels\馴れ初めシネマ\競合チャンネル分析\企画リサーチ_20260605\gcs_upload_staging\naresome_thumbnails\yWk7sMFcErE.jpg,290406,
tml6ObN2rDQ,2ch 馴れ初め ストーリーズ,【2ch馴れ初め】寂れた商店街で見かけたオンボロ洋食屋→元有名シェフの俺が手を貸した結果【ゆっくり】,31107,maxresdefault,E:\Data\ObsidianVault\02_Channels\馴れ初めシネマ\競合チャンネル分析\企画リサーチ_20260605\gcs_upload_staging\naresome_thumbnails\tml6ObN2rDQ.jpg,231199,
bruIq-NjxHI,2ch馴れ初めほっこり物語,【2ch馴れ初め】教授に意見し大学病院を追われた外科医の俺→人口100人の離島の診療所が観光名所となった結果…【ゆっくり】,31051,maxresdefault,E:\Data\ObsidianVault\02_Channels\馴れ初めシネマ\競合チャンネル分析\企画リサーチ_20260605\gcs_upload_staging\naresome_thumbnails\bruIq-NjxHI.jpg,364787,
5HHOcbuB4uY,2ch馴れ初め感動シネマ,【2ch馴れ初め】独身の女性従業員に休日出勤を頼んだ店長の俺→3歳の娘が突入して来た結果.....,30972,maxresdefault,E:\Data\ObsidianVault\02_Channels\馴れ初めシネマ\競合チャンネル分析\企画リサーチ_20260605\gcs_upload_staging\naresome_thumbnails\5HHOcbuB4uY.jpg,300962,
LTdbTKjS8TE,俺たちの馴れ初め,【2ch馴れ初め】　幼い妹の為に水だけで我慢してる隣の貧乏少女→給料日の食料買い出しに誘った結果...　【ゆっくり】,30910,maxresdefault,E:\Data\ObsidianVault\02_Channels\馴れ初めシネマ\競合チャンネル分析\企画リサーチ_20260605\gcs_upload_staging\naresome_thumbnails\LTdbTKjS8TE.jpg,243010,
i-_cjtw4NFk,2ch感動の馴れ初め話,【2ch馴れ初め】味覚障害の姪を引き取った赤字蕎麦屋の俺、1ヶ月後ミシュラン掲載店になった結果【ゆっくり動画】,30909,maxresdefault,E:\Data\ObsidianVault\02_Channels\馴れ初めシネマ\競合チャンネル分析\企画リサーチ_20260605\gcs_upload_staging\naresome_thumbnails\i-_cjtw4NFk.jpg,302756,
GBXBVYOXFS4,2ch馴れ初めタイムトラベル,【2ch馴れ初め】患者の異変に気付き危険を訴える5才の女の子→天才外科医の俺だけが真剣に話を聞いた結果...【ゆっくり】,30898,maxresdefault,E:\Data\ObsidianVault\02_Channels\馴れ初めシネマ\競合チャンネル分析\企画リサーチ_20260605\gcs_upload_staging\naresome_thumbnails\GBXBVYOXFS4.jpg,314356,
kBMBKaI2V7A,2chの感動馴初め話,娘の誕生日に菓子パンを分け合う貧乏母娘 → シェフの俺が誕生日ディナーを振舞った結果…【2ch馴れ初め】【ゆっくり解説】,30844,maxresdefault,E:\Data\ObsidianVault\02_Channels\馴れ初めシネマ\競合チャンネル分析\企画リサーチ_20260605\gcs_upload_staging\naresome_thumbnails\kBMBKaI2V7A.jpg,248287,
Qb4jBG1YQmM,2ch 馴れ初め ストーリーズ,【2ch馴れ初め】両親を喪い、心を閉ざした双子姉妹→ 俺と愛犬で愛情をたっぷり注いだ結果【ゆっくり】,30819,maxresdefault,E:\Data\ObsidianVault\02_Channels\馴れ初めシネマ\競合チャンネル分析\企画リサーチ_20260605\gcs_upload_staging\naresome_thumbnails\Qb4jBG1YQmM.jpg,213974,
tLm6MmoBn0w,2chの感動馴初め話,【2ch馴れ初め】極寒の早朝、公園に落ちてるカビが生えた食べかけのパンを漁る3姉妹→自慢の母の手料理を食べさせた結果【ゆっくり解説】,30734,maxresdefault,E:\Data\ObsidianVault\02_Channels\馴れ初めシネマ\競合チャンネル分析\企画リサーチ_20260605\gcs_upload_staging\naresome_thumbnails\tLm6MmoBn0w.jpg,298856,
oqQ47JMqboo,2chなれそめストーリー2.0,【2ch馴れ初め】会社の熟女上司と居酒屋で飲んでたら突然、泥酔して「私全然濡れないのよね…」と相談されたので、思い切りグチョグチョにしてやった結果【ゆっくり解説】,30731,maxresdefault,E:\Data\ObsidianVault\02_Channels\馴れ初めシネマ\競合チャンネル分析\企画リサーチ_20260605\gcs_upload_staging\naresome_thumbnails\oqQ47JMqboo.jpg,230540,
DtB8cdxTAnU,2ch 馴れ初め ストーリーズ,【2ch馴れ初め】隣に住んでるシングルマザーの娘達→急な出張で3日間預かった結果【ゆっくり】,30673,maxresdefault,E:\Data\ObsidianVault\02_Channels\馴れ初めシネマ\競合チャンネル分析\企画リサーチ_20260605\gcs_upload_staging\naresome_thumbnails\DtB8cdxTAnU.jpg,187017,
juvok-cKvL0,2ch感動の馴れ初め話,【2ch馴れ初め】ズタボロ作業着で大企業から拒絶された姉妹、正体に気がついた弱小工場の俺が即採用した結果【ゆっくり動画】,30632,maxresdefault,E:\Data\ObsidianVault\02_Channels\馴れ初めシネマ\競合チャンネル分析\企画リサーチ_20260605\gcs_upload_staging\naresome_thumbnails\juvok-cKvL0.jpg,282630,
sSADdLFe1ns,2chの感動馴初め話,【2ch馴れ初め】子ども食堂に毎日来るボロボロの姉妹→突然来なくなったので家に向かった結果…【ゆっくり】,30544,maxresdefault,E:\Data\ObsidianVault\02_Channels\馴れ初めシネマ\競合チャンネル分析\企画リサーチ_20260605\gcs_upload_staging\naresome_thumbnails\sSADdLFe1ns.jpg,249619,
oexvfX4FTwo,2chの感動馴初め話,【2ch馴れ初め】双子を庇い車に引かれ、仕事をクビにされる俺→助けた双子の祖父が「私に任せて」と言った結果【ゆっくり解説】,30517,maxresdefault,E:\Data\ObsidianVault\02_Channels\馴れ初めシネマ\競合チャンネル分析\企画リサーチ_20260605\gcs_upload_staging\naresome_thumbnails\oexvfX4FTwo.jpg,247403,
Icz9GZtmiTs,2ch感動の馴れ初め話,【2ch馴れ初め】昼休みになると居なくなる貧乏転校生、デカ盛り喫茶店の孫の俺が弁当をあげた結果【ゆっくり動画】,30479,maxresdefault,E:\Data\ObsidianVault\02_Channels\馴れ初めシネマ\競合チャンネル分析\企画リサーチ_20260605\gcs_upload_staging\naresome_thumbnails\Icz9GZtmiTs.jpg,298197,
SE-chlActPA,2chの感動馴初め話,【2ch馴れ初め】友人に誕生日会をドタキャンされ無視される貧乏な同級生→大家族の俺が皆でお祝いした結果【ゆっくり解説】,30477,maxresdefault,E:\Data\ObsidianVault\02_Channels\馴れ初めシネマ\競合チャンネル分析\企画リサーチ_20260605\gcs_upload_staging\naresome_thumbnails\SE-chlActPA.jpg,300123,
yuXppuICARY,2chなれそめストーリー2.0,【2ch馴れ初め】出張先で着替えを忘れてしまった女上司とデパートに行ったら下着を選ばされた【ゆっくり解説】,30332,maxresdefault,E:\Data\ObsidianVault\02_Channels\馴れ初めシネマ\競合チャンネル分析\企画リサーチ_20260605\gcs_upload_staging\naresome_thumbnails\yuXppuICARY.jpg,234669,
fTQDXFpJkBQ,2ch馴れ初めムービー,【２ｃｈ馴れ初め】双子娘の誕生日にうどんを分け合う貧乏な親子 → 元三ツ星フレンチシェフの俺が豪華誕生日ディナーを振舞った結果…【感動名作】,30233,maxresdefault,E:\Data\ObsidianVault\02_Channels\馴れ初めシネマ\競合チャンネル分析\企画リサーチ_20260605\gcs_upload_staging\naresome_thumbnails\fTQDXFpJkBQ.jpg,283869,
aACgTf3HpTU,2chなれそめストーリー2.0,【2ch馴れ初め】街で強引にナンパされている女教師を助けたら、そのまま家に誘われた結果【ゆっくり解説】,30211,maxresdefault,E:\Data\ObsidianVault\02_Channels\馴れ初めシネマ\競合チャンネル分析\企画リサーチ_20260605\gcs_upload_staging\naresome_thumbnails\aACgTf3HpTU.jpg,270853,
C_a9GHDh_ZA,2ch馴れ初め感動シネマ,【2ch馴れ初め】一緒に開業した親友に裏切られた美人カフェ店長→元天才バリスタで現皿洗いデブの俺だけが残った結果.....,30177,maxresdefault,E:\Data\ObsidianVault\02_Channels\馴れ初めシネマ\競合チャンネル分析\企画リサーチ_20260605\gcs_upload_staging\naresome_thumbnails\C_a9GHDh_ZA.jpg,255343,
4YNM9OooYcw,2ch馴れ初めムービー,【２ｃｈ馴れ初め】妻子を失い思い出のラーメン屋台で晩酌中、隠れて見つめる1人ぼっちの少女→娘が重なり放っておけず声を掛けた結果…【ほっこり】,30137,maxresdefault,E:\Data\ObsidianVault\02_Channels\馴れ初めシネマ\競合チャンネル分析\企画リサーチ_20260605\gcs_upload_staging\naresome_thumbnails\4YNM9OooYcw.jpg,271594,
FQfSTnfiOHM,2ch 馴れ初め ストーリーズ,【2ch馴れ初め】縁側で猫と一緒にお昼寝していた双子姉妹→おやつをご馳走して家まで送り届けた結果【ゆっくり】,30103,maxresdefault,E:\Data\ObsidianVault\02_Channels\馴れ初めシネマ\競合チャンネル分析\企画リサーチ_20260605\gcs_upload_staging\naresome_thumbnails\FQfSTnfiOHM.jpg,224864,
5K7DJC3PnZ0,2ch馴れ初めムービー,【２ｃｈ馴れ初め】毎日閑古鳥が鳴く定食屋の前で、倒れていたボロボロな孫と婆さん→見かねた店主の俺が、賄いの定食を振舞うと婆さんが一本の電話をかけた結果【ほっこり感動】,30095,maxresdefault,E:\Data\ObsidianVault\02_Channels\馴れ初めシネマ\競合チャンネル分析\企画リサーチ_20260605\gcs_upload_staging\naresome_thumbnails\5K7DJC3PnZ0.jpg,347266,
DSWOS7vg0aM,2ch馴れ初め感動シネマ,【2ch馴れ初め】義兄弟が亡くなり親戚から捨てられた青あざ双子→足を洗い田舎に戻る元ヤクザの俺が引き取った結果,30060,maxresdefault,E:\Data\ObsidianVault\02_Channels\馴れ初めシネマ\競合チャンネル分析\企画リサーチ_20260605\gcs_upload_staging\naresome_thumbnails\DSWOS7vg0aM.jpg,368653,
3xfzRFYduUQ,ほろり感動馴れ初め話,【2ch馴れ初め】大雨の朝、夜勤明けに公園で立ち尽くすアザだらけの少女→消防士の俺がココアとおにぎりをご馳走した結果【ゆっくり解説】,29992,maxresdefault,E:\Data\ObsidianVault\02_Channels\馴れ初めシネマ\競合チャンネル分析\企画リサーチ_20260605\gcs_upload_staging\naresome_thumbnails\3xfzRFYduUQ.jpg,274654,
neBLc4zEH7c,俺たちの馴れ初め,【2ch馴れ初め】　毎日ウチの餃子屋をのぞきに来る近所の美人富豪→翌日、美人が2人に増えていた結果...　【ゆっくり】,29969,maxresdefault,E:\Data\ObsidianVault\02_Channels\馴れ初めシネマ\競合チャンネル分析\企画リサーチ_20260605\gcs_upload_staging\naresome_thumbnails\neBLc4zEH7c.jpg,233203,
DCbihbZ0wuw,2ch馴れ初め感動シネマ,【2ch馴れ初め】転校初日、学校で馬鹿にされ5分で帰宅する一人娘→組長の俺が大量の黒服とカチコミした結果,29942,maxresdefault,E:\Data\ObsidianVault\02_Channels\馴れ初めシネマ\競合チャンネル分析\企画リサーチ_20260605\gcs_upload_staging\naresome_thumbnails\DCbihbZ0wuw.jpg,378536,
84G12oqwRpM,馴れ初め公園,【馴れ初め】余命宣告され親に見捨てられた少女→妹を亡くした幼馴染と一緒に最後まで育てた結果…【ゆっくり】,29867,maxresdefault,E:\Data\ObsidianVault\02_Channels\馴れ初めシネマ\競合チャンネル分析\企画リサーチ_20260605\gcs_upload_staging\naresome_thumbnails\84G12oqwRpM.jpg,329726,
Ki-OFJQq8lk,2ch馴れ初めヒストリー,【2ch馴れ初め】 低評価ばかりの山奥ホテルに左遷された俺→実は訳ありの天才集団で口コミ1位になった結果...【ゆっくり】,29829,maxresdefault,E:\Data\ObsidianVault\02_Channels\馴れ初めシネマ\競合チャンネル分析\企画リサーチ_20260605\gcs_upload_staging\naresome_thumbnails\Ki-OFJQq8lk.jpg,308628,
KpD9Pn2nPLo,2chなれそめストーリー2.0,【2ch馴れ初め】社員旅行で巨乳の美人上司から突然「一緒にお風呂入りにいかない？」と誘惑された結果【ゆっくり】,29711,maxresdefault,E:\Data\ObsidianVault\02_Channels\馴れ初めシネマ\競合チャンネル分析\企画リサーチ_20260605\gcs_upload_staging\naresome_thumbnails\KpD9Pn2nPLo.jpg,244353,
DxTipbFwz9c,2chなれそめストーリー2.0,【2ch馴れ初め】崖から飛び降りようとしている貧乏女性→連れかえった結果【ゆっくり解説】,29570,maxresdefault,E:\Data\ObsidianVault\02_Channels\馴れ初めシネマ\競合チャンネル分析\企画リサーチ_20260605\gcs_upload_staging\naresome_thumbnails\DxTipbFwz9c.jpg,233007,
OuNXeCW2QS0,2chなれそめストーリー2.0,【2ch馴れ初め】同僚から紹介したい女性がいると言われたので、約束のカフェに言ったら本人しか来なかった結果【ゆっくり】,29504,maxresdefault,E:\Data\ObsidianVault\02_Channels\馴れ初めシネマ\競合チャンネル分析\企画リサーチ_20260605\gcs_upload_staging\naresome_thumbnails\OuNXeCW2QS0.jpg,225070,
v_8ReA0lCtw,2chの感動馴初め話,【2ch馴れ初め】山に置き去りにされた盲目の少女 →俺とキャンプに来ていた娘が「私の妹にならない？」と言った結果…【ゆっくり解説】,29492,maxresdefault,E:\Data\ObsidianVault\02_Channels\馴れ初めシネマ\競合チャンネル分析\企画リサーチ_20260605\gcs_upload_staging\naresome_thumbnails\v_8ReA0lCtw.jpg,258007,
ycRqHqeALmo,2ch馴れ初めタイムトラベル,【2ch馴れ初め】社長令嬢に目を付けられ同級生父の工場が倒産寸前→陰キャのフリをした大企業の跡取り息子の俺が買い取った結果...【ゆっくり】,29463,maxresdefault,E:\Data\ObsidianVault\02_Channels\馴れ初めシネマ\競合チャンネル分析\企画リサーチ_20260605\gcs_upload_staging\naresome_thumbnails\ycRqHqeALmo.jpg,358630,
OP5teIGhaTs,2ch馴れ初め感動シネマ,【2ch馴れ初め】親戚に頼まれ写真がブスな女と嫌々お見合いした俺→実物もやっぱりブスで断ろうとした結果...,29266,maxresdefault,E:\Data\ObsidianVault\02_Channels\馴れ初めシネマ\競合チャンネル分析\企画リサーチ_20260605\gcs_upload_staging\naresome_thumbnails\OP5teIGhaTs.jpg,348187,
-Rxgbu4TTTM,ほろり感動馴れ初め話,【2ch馴れ初め】発表会で衣装がハブれて涙する娘の同級生→仕立屋の俺が一瞬で直した結果【ゆっくり解説】,29257,maxresdefault,E:\Data\ObsidianVault\02_Channels\馴れ初めシネマ\競合チャンネル分析\企画リサーチ_20260605\gcs_upload_staging\naresome_thumbnails\-Rxgbu4TTTM.jpg,238427,
3ImIVNVXbkw,2chの感動馴初め話,夜の河川敷に、亡き親友が遺した身寄りのない愛犬と愛娘→俺が営む歴史ある民宿へ連れ帰った結果…【2ch馴れ初め】【ゆっくり解説】,29252,maxresdefault,E:\Data\ObsidianVault\02_Channels\馴れ初めシネマ\競合チャンネル分析\企画リサーチ_20260605\gcs_upload_staging\naresome_thumbnails\3ImIVNVXbkw.jpg,241195,
j-TJQ_skidE,2chの感動馴初め話,【2ch馴れ初め】鍵を亡くして立ちすくむ隣に住む貧乏姉妹→温かいココアを出してご馳走した結果…【ゆっくり解説】,29185,maxresdefault,E:\Data\ObsidianVault\02_Channels\馴れ初めシネマ\競合チャンネル分析\企画リサーチ_20260605\gcs_upload_staging\naresome_thumbnails\j-TJQ_skidE.jpg,245578,
3B99w1Zaoh4,俺たちの馴れ初め,【2ch馴れ初め】 中卒の俺をいつも見下してくるインテリ上司→昔俺が彼女を救った命の恩人だった結果…【ゆっくり】,29165,maxresdefault,E:\Data\ObsidianVault\02_Channels\馴れ初めシネマ\競合チャンネル分析\企画リサーチ_20260605\gcs_upload_staging\naresome_thumbnails\3B99w1Zaoh4.jpg,259192,
SZuo6o3D5mQ,2chの感動馴初め話,両親に捨てられ親戚中をたらい回しされる兄妹→農家の俺が引き取った結果…【2ch馴れ初め】【ゆっくり解説】,29113,maxresdefault,E:\Data\ObsidianVault\02_Channels\馴れ初めシネマ\競合チャンネル分析\企画リサーチ_20260605\gcs_upload_staging\naresome_thumbnails\SZuo6o3D5mQ.jpg,259338,
CNvo7XHfNR4,2ch馴れ初め感動シネマ,【2ch馴れ初め】新年会で昔のヤンチャ自慢がウザい上司にコケにされた俺→シャツが透けて組長息子の俺の正体がバレてしまった結果.....,29104,maxresdefault,E:\Data\ObsidianVault\02_Channels\馴れ初めシネマ\競合チャンネル分析\企画リサーチ_20260605\gcs_upload_staging\naresome_thumbnails\CNvo7XHfNR4.jpg,329109,
Y-JoS9yA6rY,2ch 馴れ初め ストーリーズ,【2ch馴れ初め】 亡き姉夫婦の幼い姉妹を引き取って育てる俺→ 休日の街中で、職場の美人鬼上司に見られた結果【ゆっくり】,29102,maxresdefault,E:\Data\ObsidianVault\02_Channels\馴れ初めシネマ\競合チャンネル分析\企画リサーチ_20260605\gcs_upload_staging\naresome_thumbnails\Y-JoS9yA6rY.jpg,233903,
m6O31aBTfRY,2ch 馴れ初め ストーリーズ,【2ch馴れ初め】俺の修理工場におもちゃの車を持ってきたボロボロ姉妹→ 無料修理して即日納車した結果【ゆっくり】,29086,maxresdefault,E:\Data\ObsidianVault\02_Channels\馴れ初めシネマ\競合チャンネル分析\企画リサーチ_20260605\gcs_upload_staging\naresome_thumbnails\m6O31aBTfRY.jpg,221125,
nHdCXezsMxc,2chなれそめストーリー2.0,【2ch馴れ初め】憧れの上司と宅飲みしていたら、「私を大人にして！」と言われたので、初体験をさせてしまった結果【ゆっくり解説】,29072,maxresdefault,E:\Data\ObsidianVault\02_Channels\馴れ初めシネマ\競合チャンネル分析\企画リサーチ_20260605\gcs_upload_staging\naresome_thumbnails\nHdCXezsMxc.jpg,238209,
kFC56HY1dkE,2ch 馴れ初め ストーリーズ,【2ch馴れ初め】フリマアプリに出品されていたペアのテディベア→ 一目惚れした1歳の双子姉妹がポチッた結果【ゆっくり】,29055,maxresdefault,E:\Data\ObsidianVault\02_Channels\馴れ初めシネマ\競合チャンネル分析\企画リサーチ_20260605\gcs_upload_staging\naresome_thumbnails\kFC56HY1dkE.jpg,247899,
_qAYivICtSA,ほろり感動馴れ初め話,【2ch馴れ初め】2度施設に入れられた1人ぼっちの少女→双子の娘が「家族になろう」と言った結果【ゆっくり解説】,28976,maxresdefault,E:\Data\ObsidianVault\02_Channels\馴れ初めシネマ\競合チャンネル分析\企画リサーチ_20260605\gcs_upload_staging\naresome_thumbnails\_qAYivICtSA.jpg,281945,
cMDeSm8IgcM,2chなれそめストーリー2.0,【2ch馴れ初め】実家に帰省して幼なじみと宅呑みしたら泥酔してしまった結果【ゆっくり解説】,28914,maxresdefault,E:\Data\ObsidianVault\02_Channels\馴れ初めシネマ\競合チャンネル分析\企画リサーチ_20260605\gcs_upload_staging\naresome_thumbnails\cMDeSm8IgcM.jpg,204670,
NQDh00LqiG8,2ch 馴れ初め ストーリーズ,【2ch馴れ初め】4歳娘が公園で保護したイジメられていた少女→元妻が引き取った双子の妹だった結果【ゆっくり】,28882,maxresdefault,E:\Data\ObsidianVault\02_Channels\馴れ初めシネマ\競合チャンネル分析\企画リサーチ_20260605\gcs_upload_staging\naresome_thumbnails\NQDh00LqiG8.jpg,242642,
WouLk-k5SUI,2chなれそめストーリー2.0,【2ch馴れ初め】出張先のルームサービスでマッサージを頼んだら、会社を退職した女上司が登場した結果【ゆっくり解説】,28836,maxresdefault,E:\Data\ObsidianVault\02_Channels\馴れ初めシネマ\競合チャンネル分析\企画リサーチ_20260605\gcs_upload_staging\naresome_thumbnails\WouLk-k5SUI.jpg,232657,
gfh0ef0KJfM,2chなれそめストーリー2.0,【2ch馴れ初め】幼馴染の実家で2人きりになったら突然服を脱ぎだしてきて誘われた結果【ゆっくり解説】,28835,maxresdefault,E:\Data\ObsidianVault\02_Channels\馴れ初めシネマ\競合チャンネル分析\企画リサーチ_20260605\gcs_upload_staging\naresome_thumbnails\gfh0ef0KJfM.jpg,260738,
Yny4NwmJAQg,2ch馴れ初めタイムトラベル,【2ch馴れ初め】同窓会でエリート同級生が200人の前で俺サゲ →5歳の娘が「パパは警視でしゅ！」と無邪気にバラした結果…【ゆっくり】,28794,maxresdefault,E:\Data\ObsidianVault\02_Channels\馴れ初めシネマ\競合チャンネル分析\企画リサーチ_20260605\gcs_upload_staging\naresome_thumbnails\Yny4NwmJAQg.jpg,248231,
keiFtyFwkNM,2chの感動馴初め話,【2ch馴れ初め】ソロキャンプ中に俺のテントに住もうとする泥まみれの双子→ウリ防と間違えて声を掛けた結果…【ゆっくり解説】,28740,maxresdefault,E:\Data\ObsidianVault\02_Channels\馴れ初めシネマ\競合チャンネル分析\企画リサーチ_20260605\gcs_upload_staging\naresome_thumbnails\keiFtyFwkNM.jpg,267492,
hSIk2n_ndPc,2ch 馴れ初め ストーリーズ,【2ch馴れ初め】「人形みたい」と言われ施設送りにされそうな双子を引き取った在宅SEの俺→実は天才エンジニアで年商10億の会社を設立した結果…【ゆっくり】,28626,maxresdefault,E:\Data\ObsidianVault\02_Channels\馴れ初めシネマ\競合チャンネル分析\企画リサーチ_20260605\gcs_upload_staging\naresome_thumbnails\hSIk2n_ndPc.jpg,340977,
JtR40j8obxs,2ch馴れ初め感動シネマ,【2ch馴れ初め】急逝した義兄弟に線香をあげに来た若頭の俺 →亡くなったと聞いていた双子の娘と再会した結果...,28618,maxresdefault,E:\Data\ObsidianVault\02_Channels\馴れ初めシネマ\競合チャンネル分析\企画リサーチ_20260605\gcs_upload_staging\naresome_thumbnails\JtR40j8obxs.jpg,351443,
3HJvc2jRLdY,2ch 馴れ初め ストーリーズ,【2ch馴れ初め】両親が他界し、親戚からも捨てられた6歳の天才少女→零細IT企業社長の俺が引き取った結果…【ゆっくり】,28598,maxresdefault,E:\Data\ObsidianVault\02_Channels\馴れ初めシネマ\競合チャンネル分析\企画リサーチ_20260605\gcs_upload_staging\naresome_thumbnails\3HJvc2jRLdY.jpg,231608,
uPnwAPfKZag,2ch馴れ初めゆっくりで最愛,【2ch 馴れ初め】華金の夜、特選寿司で1人晩酌をしていたら、高熱の赤ちゃんを抱っこした知らない少女が突入してきた結果 【ゆっくり】,28584,maxresdefault,E:\Data\ObsidianVault\02_Channels\馴れ初めシネマ\競合チャンネル分析\企画リサーチ_20260605\gcs_upload_staging\naresome_thumbnails\uPnwAPfKZag.jpg,268602,
3ukVl7m9vOs,2ch 馴れ初め ストーリーズ,【2ch馴れ初め】アパートの階段から転落しそうな赤ちゃん→身を挺して庇った結果   思わぬ展開に【ゆっくり】,28535,maxresdefault,E:\Data\ObsidianVault\02_Channels\馴れ初めシネマ\競合チャンネル分析\企画リサーチ_20260605\gcs_upload_staging\naresome_thumbnails\3ukVl7m9vOs.jpg,236037,
O_HEn2gosH0,2ch 馴れ初め ストーリーズ,【2ch馴れ初め】「破壊魔」と言われ親戚に捨てられた双子姉妹→廃業寸前工場主の俺が引き取ると   実は「発明の天才」だった結果【ゆっくり】,28469,maxresdefault,E:\Data\ObsidianVault\02_Channels\馴れ初めシネマ\競合チャンネル分析\企画リサーチ_20260605\gcs_upload_staging\naresome_thumbnails\O_HEn2gosH0.jpg,340612,
ahpzjwAqUSA,俺たちの馴れ初め,【2ch馴れ初め】女性を助けたことで大事な商談に間に合わずクビになった俺→助けた女性は商談先社長の妻だった結果…【ゆっくり】,28410,maxresdefault,E:\Data\ObsidianVault\02_Channels\馴れ初めシネマ\競合チャンネル分析\企画リサーチ_20260605\gcs_upload_staging\naresome_thumbnails\ahpzjwAqUSA.jpg,238667,
zf-EBwe4ukk,2ch馴れ初め感動シネマ,【2ch馴れ初め】タワマン完成前日に工事をキャンセルされた美人職人→昼は警備員で実は大手内装メーカー社長の俺が正体を明かした結果,28407,maxresdefault,E:\Data\ObsidianVault\02_Channels\馴れ初めシネマ\競合チャンネル分析\企画リサーチ_20260605\gcs_upload_staging\naresome_thumbnails\zf-EBwe4ukk.jpg,373389,
GvXkMsAWcc4,2ch 馴れ初め ストーリーズ,【2ch馴れ初め】真夏の車内に取り残された1歳の双子幼児→警備員の俺がドアをこじ開け保護した結果【ゆっくり】,28355,maxresdefault,E:\Data\ObsidianVault\02_Channels\馴れ初めシネマ\競合チャンネル分析\企画リサーチ_20260605\gcs_upload_staging\naresome_thumbnails\GvXkMsAWcc4.jpg,239162,
8eJ_IdxIS0k,俺たちの馴れ初め,【2ch馴れ初め】趣味の秘湯巡りで山奥の温泉に行った時、知らない女性と遭遇で→気付かれないように隠れた結果…【ゆっくり解説】,28306,maxresdefault,E:\Data\ObsidianVault\02_Channels\馴れ初めシネマ\競合チャンネル分析\企画リサーチ_20260605\gcs_upload_staging\naresome_thumbnails\8eJ_IdxIS0k.jpg,219172,
MeHffBKeRrc,2ch馴れ初め感動シネマ,【2ch馴れ初め】俺のラーメン屋で食い逃げする自称ヤクザ→元組長の俺が現組長を呼び出した結果,28299,maxresdefault,E:\Data\ObsidianVault\02_Channels\馴れ初めシネマ\競合チャンネル分析\企画リサーチ_20260605\gcs_upload_staging\naresome_thumbnails\MeHffBKeRrc.jpg,345347,
GwP2ilksuJU,2ch馴れ初めムービー,【２ｃｈ馴れ初め】 川釣りでBBQ中、俺のバケツを覗くボロボロ親子→声を掛け鮎の塩焼きをご馳走した結果…【感動名作】,28270,maxresdefault,E:\Data\ObsidianVault\02_Channels\馴れ初めシネマ\競合チャンネル分析\企画リサーチ_20260605\gcs_upload_staging\naresome_thumbnails\GwP2ilksuJU.jpg,262648,
7feyGGycWvI,馴れ初め公園,【馴れ初め】家族を亡くし感情を失った少女を引き取り育てる俺→女社長から預かった赤ちゃんが娘を変えた結果…【ゆっくり】,28235,maxresdefault,E:\Data\ObsidianVault\02_Channels\馴れ初めシネマ\競合チャンネル分析\企画リサーチ_20260605\gcs_upload_staging\naresome_thumbnails\7feyGGycWvI.jpg,314387,
QvqMrMJhmCY,2ch馴れ初めムービー,【２ｃｈ馴れ初め】冬の漁港で野宿する貧乏親子→嫁を亡くし天涯孤独な俺が船上で祖父直伝の豪快魚介鍋をふるまった結果…【感動名作】,28184,maxresdefault,E:\Data\ObsidianVault\02_Channels\馴れ初めシネマ\競合チャンネル分析\企画リサーチ_20260605\gcs_upload_staging\naresome_thumbnails\QvqMrMJhmCY.jpg,298728,
WkkZ3H_KtPw,俺たちの馴れ初め,【2ch馴れ初め】海で水着が流された美女を助けた俺→お礼をさせてと言われた結果…【ゆっくり】,28131,maxresdefault,E:\Data\ObsidianVault\02_Channels\馴れ初めシネマ\競合チャンネル分析\企画リサーチ_20260605\gcs_upload_staging\naresome_thumbnails\WkkZ3H_KtPw.jpg,219397,
zdBmSvVP4Zw,2ch 馴れ初め ストーリーズ,【2ch馴れ初め】取引先の社長の勧めでお見合いした俺→  見合い当日、1歳の赤ちゃんを連れた美人女性が現れた結果【ゆっくり】,28114,maxresdefault,E:\Data\ObsidianVault\02_Channels\馴れ初めシネマ\競合チャンネル分析\企画リサーチ_20260605\gcs_upload_staging\naresome_thumbnails\zdBmSvVP4Zw.jpg,230506,
mkYEIFCDKG0,2chなれそめストーリー2.0,【2ch馴れ初め】会社の女上司に今度お見合いすることを伝えたら、お見合い現場まで突入してきた結果【ゆっくり解説】,28099,maxresdefault,E:\Data\ObsidianVault\02_Channels\馴れ初めシネマ\競合チャンネル分析\企画リサーチ_20260605\gcs_upload_staging\naresome_thumbnails\mkYEIFCDKG0.jpg,217246,
2iHHVyl1ZzI,2chの感動馴初め話,【2ch馴れ初め】息子と川釣り中に発見した親に見捨てられた少女→息子が駆け寄り声を掛けた結果【ゆっくり解説】,28077,maxresdefault,E:\Data\ObsidianVault\02_Channels\馴れ初めシネマ\競合チャンネル分析\企画リサーチ_20260605\gcs_upload_staging\naresome_thumbnails\2iHHVyl1ZzI.jpg,270208,
5lFcDWVDrM0,2ch馴れ初め感動シネマ,【2ch馴れ初め】片親を理由に入学式で床に正座させられる涙目の美人母娘→昼は清掃員で実は大地主の俺がブチギレた結果,28017,maxresdefault,E:\Data\ObsidianVault\02_Channels\馴れ初めシネマ\競合チャンネル分析\企画リサーチ_20260605\gcs_upload_staging\naresome_thumbnails\5lFcDWVDrM0.jpg,348700,
dzWjozKtop4,2chなれそめストーリー2.0,【2ch馴れ初め】地味で貧乏な同級生JKにお風呂を貸したら発育がスゴすぎた【ゆっくり解説】,28005,maxresdefault,E:\Data\ObsidianVault\02_Channels\馴れ初めシネマ\競合チャンネル分析\企画リサーチ_20260605\gcs_upload_staging\naresome_thumbnails\dzWjozKtop4.jpg,219120,
aqIMT14ChQ8,俺たちの馴れ初め,【2ch馴れ初め】毎晩、街を徘徊してるガリガリの女に手作りスープを食べさせた結果…【ゆっくり解説】,27740,maxresdefault,E:\Data\ObsidianVault\02_Channels\馴れ初めシネマ\競合チャンネル分析\企画リサーチ_20260605\gcs_upload_staging\naresome_thumbnails\aqIMT14ChQ8.jpg,215833,
aOcVsCRiOb8,2ch感動の馴れ初め話,【2ch馴れ初め】踏切で立ち往生する老夫婦を助けた中卒配達員の俺、受け取った名刺が運命を変えた結果【ゆっくり動画】,27737,maxresdefault,E:\Data\ObsidianVault\02_Channels\馴れ初めシネマ\競合チャンネル分析\企画リサーチ_20260605\gcs_upload_staging\naresome_thumbnails\aOcVsCRiOb8.jpg,301074,
Hrf4ouhZEFI,2ch馴れ初め感動シネマ,【2ch馴れ初め】横暴な悪徳警官に信号無視を疑われるヤンキー同級生→警察署長を父に持つ俺と双子妹がブチギレた結果,27562,maxresdefault,E:\Data\ObsidianVault\02_Channels\馴れ初めシネマ\競合チャンネル分析\企画リサーチ_20260605\gcs_upload_staging\naresome_thumbnails\Hrf4ouhZEFI.jpg,243622,
ue9dFeB06eM,2ch 馴れ初め ストーリーズ,【2ch馴れ初め】台風の夜、外に閉め出された隣人の幼い姉妹→俺の家に避難させ、暖かいお風呂に入れてあげた結果【ゆっくり】,27533,maxresdefault,E:\Data\ObsidianVault\02_Channels\馴れ初めシネマ\競合チャンネル分析\企画リサーチ_20260605\gcs_upload_staging\naresome_thumbnails\ue9dFeB06eM.jpg,225633,
l1708E7Jy_o,俺たちの馴れ初め,【2ch馴れ初め】赤字続きで廃業寸前のケーキ屋→元パティシエの俺が泡立て器を握った結果...【ゆっくり】,27532,maxresdefault,E:\Data\ObsidianVault\02_Channels\馴れ初めシネマ\競合チャンネル分析\企画リサーチ_20260605\gcs_upload_staging\naresome_thumbnails\l1708E7Jy_o.jpg,248544,
qliivUWk1k8,2ch馴れ初め奇跡の出会い,【2ch馴れ初め】板長を引き抜かれ廃業のピンチで涙目の若女将 →元三ツ星料亭料理長で現清掃員の俺が本気を出した結果...【ゆっくり】,27515,maxresdefault,E:\Data\ObsidianVault\02_Channels\馴れ初めシネマ\競合チャンネル分析\企画リサーチ_20260605\gcs_upload_staging\naresome_thumbnails\qliivUWk1k8.jpg,335004,
DX7hZ3fqtqU,2chなれそめストーリー2.0,【2ch馴れ初め】パチンコでボロ負けしている熟女に俺の出玉を分けてあげたたら、アッチの玉も欲しがって取られてしまった結果【ゆっくり解説】,27500,hqdefault,E:\Data\ObsidianVault\02_Channels\馴れ初めシネマ\競合チャンネル分析\企画リサーチ_20260605\gcs_upload_staging\naresome_thumbnails\DX7hZ3fqtqU.jpg,50611,
qFgwHInB_HQ,2ch馴れ初めラブレター,【2ch馴れ初め】迷子になった娘を助けてくれた足を引きずる少女 →整形外科医の俺がお礼に治した結果...【ゆっくり】,27489,maxresdefault,E:\Data\ObsidianVault\02_Channels\馴れ初めシネマ\競合チャンネル分析\企画リサーチ_20260605\gcs_upload_staging\naresome_thumbnails\qFgwHInB_HQ.jpg,295645,
cX3Lmmsvzck,ほろり感動馴れ初め話,【2ch馴れ初め】毎晩ぬいぐるみを抱き手を振る少女→数日後、ぬいぐるみが落ちていて拾った結果【ゆっくり解説】,27427,maxresdefault,E:\Data\ObsidianVault\02_Channels\馴れ初めシネマ\競合チャンネル分析\企画リサーチ_20260605\gcs_upload_staging\naresome_thumbnails\cX3Lmmsvzck.jpg,247541,
J74NG8yOE3w,2chの感動馴初め話,【2ch馴れ初め】極寒の夜、愛犬で温まるボロボロの双子→家に招待し鍋焼きうどんを振る舞った結果…【ゆっくり解説】,27395,maxresdefault,E:\Data\ObsidianVault\02_Channels\馴れ初めシネマ\競合チャンネル分析\企画リサーチ_20260605\gcs_upload_staging\naresome_thumbnails\J74NG8yOE3w.jpg,240390,
mO3HQDki_b8,2chの感動馴初め話,【2ch馴れ初め】貯金箱を抱きしめパンを買いに来た貧乏姉妹→破棄するパンをプレゼントした結果【ゆっくり解説】,27376,maxresdefault,E:\Data\ObsidianVault\02_Channels\馴れ初めシネマ\競合チャンネル分析\企画リサーチ_20260605\gcs_upload_staging\naresome_thumbnails\mO3HQDki_b8.jpg,268491,
jSN5qQIeyd4,2chの感動馴初め話,【2ch馴れ初め】真冬の夜の河川敷で天国のママに会いにいく少女→救命士の俺が飛び込んで助けた結果…【ゆっくり】,27251,maxresdefault,E:\Data\ObsidianVault\02_Channels\馴れ初めシネマ\競合チャンネル分析\企画リサーチ_20260605\gcs_upload_staging\naresome_thumbnails\jSN5qQIeyd4.jpg,316121,
jCKbRzqNQEM,2chなれそめストーリー2.0,【2ch馴れ初め】憧れの先輩と部屋で2人きり…「ナマが好き」だといってきたので、入れみた結果【ゆっくり解説】,27219,maxresdefault,E:\Data\ObsidianVault\02_Channels\馴れ初めシネマ\競合チャンネル分析\企画リサーチ_20260605\gcs_upload_staging\naresome_thumbnails\jCKbRzqNQEM.jpg,239870,
ZWlZfJcdz3k,2ch 馴れ初め ストーリーズ,【2ch馴れ初め】隣人のシングルマザーの双子姉妹→長期出張中に預かって懐かれた結果【ゆっくり】,27213,maxresdefault,E:\Data\ObsidianVault\02_Channels\馴れ初めシネマ\競合チャンネル分析\企画リサーチ_20260605\gcs_upload_staging\naresome_thumbnails\ZWlZfJcdz3k.jpg,206703,
a2gyBVMkqAU,2ch馴れ初めゆっくりで最愛,【2ch 馴れ初め】訳あり事故物件で和菓子屋を開業した女性職人 霊感のある双子の娘が手を差し伸べた結果【ゆっくり】,27211,maxresdefault,E:\Data\ObsidianVault\02_Channels\馴れ初めシネマ\競合チャンネル分析\企画リサーチ_20260605\gcs_upload_staging\naresome_thumbnails\a2gyBVMkqAU.jpg,263986,
u1mzlTSNPUs,2ch 馴れ初め ストーリーズ,【2ch馴れ初め】児童養護施設で出会った人形のように無表情な赤ちゃん→IQ200の天才娘が心を通わせ家族になった結果【ゆっくり】,27177,maxresdefault,E:\Data\ObsidianVault\02_Channels\馴れ初めシネマ\競合チャンネル分析\企画リサーチ_20260605\gcs_upload_staging\naresome_thumbnails\u1mzlTSNPUs.jpg,333026,
pLMqcSesUBU,2ch馴れ初め感動シネマ,【2ch馴れ初め】転校初日、ガリガリな双子の姿に俺を疑う元ヤン教師→双子娘は従兄弟の子で俺は独身だとバレた結果,27158,maxresdefault,E:\Data\ObsidianVault\02_Channels\馴れ初めシネマ\競合チャンネル分析\企画リサーチ_20260605\gcs_upload_staging\naresome_thumbnails\pLMqcSesUBU.jpg,253817,
fdn1fjkDYKE,2ch 馴れ初め ストーリーズ,【2ch馴れ初め】お世話になった初恋の美人女性に社長になった俺が恩返しした結果、初恋が実った,27150,maxresdefault,E:\Data\ObsidianVault\02_Channels\馴れ初めシネマ\競合チャンネル分析\企画リサーチ_20260605\gcs_upload_staging\naresome_thumbnails\fdn1fjkDYKE.jpg,265730,
wQlGt4UWhOM,俺たちの馴れ初め,【2ch馴れ初め】バツイチ子持ちの俺が息子を毎日、保育園に送迎した結果…【ゆっくり解説】,27087,maxresdefault,E:\Data\ObsidianVault\02_Channels\馴れ初めシネマ\競合チャンネル分析\企画リサーチ_20260605\gcs_upload_staging\naresome_thumbnails\wQlGt4UWhOM.jpg,215869,
0sw25uwkvsU,2ch 馴れ初め ストーリーズ,【2ch馴れ初め】大切にしていたぬいぐるみが壊れ、号泣している幼い姉妹→ 雑貨屋を営む俺が持ち帰って修理した結果【ゆっくり】,27042,maxresdefault,E:\Data\ObsidianVault\02_Channels\馴れ初めシネマ\競合チャンネル分析\企画リサーチ_20260605\gcs_upload_staging\naresome_thumbnails\0sw25uwkvsU.jpg,251471,
0E3HYaVsVYQ,2ch 馴れ初め ストーリーズ,【2ch馴れ初め】気難しすぎて母親に捨てられた1歳の双子姉妹→実は本物を見抜く｢審美眼｣の持ち主だった結果【ゆっくり】,27036,maxresdefault,E:\Data\ObsidianVault\02_Channels\馴れ初めシネマ\競合チャンネル分析\企画リサーチ_20260605\gcs_upload_staging\naresome_thumbnails\0E3HYaVsVYQ.jpg,238843,
9XsMTH_Mry0,2ch馴れ初めムービー,【２ｃｈ馴れ初め】霊感が強く不気味がられ捨てられた幼い少女→事故物件で定食屋を開業した俺が引き取った結果…【感動】,27003,maxresdefault,E:\Data\ObsidianVault\02_Channels\馴れ初めシネマ\競合チャンネル分析\企画リサーチ_20260605\gcs_upload_staging\naresome_thumbnails\9XsMTH_Mry0.jpg,288919,
f8cUaCHbHj8,2chなれそめストーリー2.0,【2ch馴れ初め】サークルの旅行で泥酔した後輩の浴衣が開けていたので、そっと奥まで入れた結果【ゆっくり】,26978,maxresdefault,E:\Data\ObsidianVault\02_Channels\馴れ初めシネマ\競合チャンネル分析\企画リサーチ_20260605\gcs_upload_staging\naresome_thumbnails\f8cUaCHbHj8.jpg,244060,
Q8QSNGt97z0,2ch 馴れ初め ストーリーズ,【2ch馴れ初め】宿泊客が遺した身寄りのない赤ちゃん→愛娘が、妹にするでしゅと言い出した結果【ゆっくり】,26951,maxresdefault,E:\Data\ObsidianVault\02_Channels\馴れ初めシネマ\競合チャンネル分析\企画リサーチ_20260605\gcs_upload_staging\naresome_thumbnails\Q8QSNGt97z0.jpg,233369,
0AVu6xwDK98,2ch 馴れ初め ストーリーズ,【2ch馴れ初め】余命宣告され施設に捨てられた1歳の赤ちゃん→妻子を失った俺が引き取り最後まで育てた結果【ゆっくり】,26913,maxresdefault,E:\Data\ObsidianVault\02_Channels\馴れ初めシネマ\競合チャンネル分析\企画リサーチ_20260605\gcs_upload_staging\naresome_thumbnails\0AVu6xwDK98.jpg,328839,
-P0mu5eUDW8,2chの感動馴初め話,「パパ！ただいま！」10年前に失踪した幼い娘が家の庭に現れた結果…【2ch馴れ初め】【ゆっくり解説】,26869,maxresdefault,E:\Data\ObsidianVault\02_Channels\馴れ初めシネマ\競合チャンネル分析\企画リサーチ_20260605\gcs_upload_staging\naresome_thumbnails\-P0mu5eUDW8.jpg,234480,
JNcGodTmhdk,2ch馴れ初めラブレター,【2ch馴れ初め】休日に近所の公園で出会ったよちよち歩く女の子 →離婚した元妻が引き取った俺の娘だった結果...【ゆっくり】,26791,maxresdefault,E:\Data\ObsidianVault\02_Channels\馴れ初めシネマ\競合チャンネル分析\企画リサーチ_20260605\gcs_upload_staging\naresome_thumbnails\JNcGodTmhdk.jpg,319675,
Kr_dyJJQMMw,2ch 馴れ初め ストーリーズ,【2ch馴れ初め】親から奴隷扱いを受ける4歳の双子姉妹→俺が預かり目一杯甘やかした結果【ゆっくり】,26756,maxresdefault,E:\Data\ObsidianVault\02_Channels\馴れ初めシネマ\競合チャンネル分析\企画リサーチ_20260605\gcs_upload_staging\naresome_thumbnails\Kr_dyJJQMMw.jpg,229679,
MT88urFMXJU,2ch感動の馴れ初め話,【2ch馴れ初め】親戚にたらい回しにされる釣りオタク少女、釣り竿100本所持の俺が引き取った結果【ゆっくり動画】,26712,maxresdefault,E:\Data\ObsidianVault\02_Channels\馴れ初めシネマ\競合チャンネル分析\企画リサーチ_20260605\gcs_upload_staging\naresome_thumbnails\MT88urFMXJU.jpg,315649,
qQes3n7KBsQ,俺たちの馴れ初め,【2ch馴れ初め】不審者扱いしてきた新人美人教師→俺も教師だと言った結果...【ゆっくり】,26686,maxresdefault,E:\Data\ObsidianVault\02_Channels\馴れ初めシネマ\競合チャンネル分析\企画リサーチ_20260605\gcs_upload_staging\naresome_thumbnails\qQes3n7KBsQ.jpg,232468,
uCJwv1NY-90,2ch 馴れ初め ストーリーズ,【2ch馴れ初め】週末の1人バーベキューを毎回木陰から見つめる貧乏姉妹→2人の分も用意して「一緒に食べる？」と誘った結果【ゆっくり】,26634,maxresdefault,E:\Data\ObsidianVault\02_Channels\馴れ初めシネマ\競合チャンネル分析\企画リサーチ_20260605\gcs_upload_staging\naresome_thumbnails\uCJwv1NY-90.jpg,239414,
nMkYt4emfWM,俺たちの馴れ初め,【2ch馴れ初め】　亡き姉の双子娘に通園かばんを買いに来た俺→いつも睨んでくる事務員の女に見られた結果..　【ゆっくり】,26537,maxresdefault,E:\Data\ObsidianVault\02_Channels\馴れ初めシネマ\競合チャンネル分析\企画リサーチ_20260605\gcs_upload_staging\naresome_thumbnails\nMkYt4emfWM.jpg,250733,
KA0D-Pjnc70,2ch 馴れ初め ストーリーズ,【2ch馴れ初め】離婚後に事故死した妻子の墓参りに訪れた俺→亡くなったと聞いていた4歳と2歳の愛娘が墓参りしていた結果【ゆっくり】,26502,maxresdefault,E:\Data\ObsidianVault\02_Channels\馴れ初めシネマ\競合チャンネル分析\企画リサーチ_20260605\gcs_upload_staging\naresome_thumbnails\KA0D-Pjnc70.jpg,236027,
1zOy8jDyMak,俺たちの馴れ初め,【2ch馴れ初め】毎日遊びに誘ってくる男子に人気の美少女ギャルを拒否し続けた結果…【ゆっくり解説】,26496,maxresdefault,E:\Data\ObsidianVault\02_Channels\馴れ初めシネマ\競合チャンネル分析\企画リサーチ_20260605\gcs_upload_staging\naresome_thumbnails\1zOy8jDyMak.jpg,218721,
TcpWKBXmWvE,2chなれそめストーリー2.0,【2ch馴れ初め】なんでもすぐに感じてしまう熟女→この後めちゃめちゃにしてやった結果【ゆっくり解説】,26471,maxresdefault,E:\Data\ObsidianVault\02_Channels\馴れ初めシネマ\競合チャンネル分析\企画リサーチ_20260605\gcs_upload_staging\naresome_thumbnails\TcpWKBXmWvE.jpg,239865,
z_qIH1BouLw,2ch馴れ初めムービー,【２ｃｈ馴れ初め】毎月給料日に来て半額パンを分け合う貧乏親子→店長の俺が焼きたての惣菜パンをご馳走した結果【感動名作】,26466,maxresdefault,E:\Data\ObsidianVault\02_Channels\馴れ初めシネマ\競合チャンネル分析\企画リサーチ_20260605\gcs_upload_staging\naresome_thumbnails\z_qIH1BouLw.jpg,297361,
pBkhNB_qcmo,2ch 馴れ初め ストーリーズ,【2ch馴れ初め】離婚によって2歳の双子姉妹と離れ離れになった愛犬→2年後、思い出の公園でボロボロの双子姉妹に駆け寄った結果【ゆっくり】,26413,maxresdefault,E:\Data\ObsidianVault\02_Channels\馴れ初めシネマ\競合チャンネル分析\企画リサーチ_20260605\gcs_upload_staging\naresome_thumbnails\pBkhNB_qcmo.jpg,254053,
uqeFZa7k5GQ,ほろり感動馴れ初め話,【2ch馴れ初め】妻が突然失踪した2年後、家の目の前に双子の赤ちゃん→俺の子として育て衝撃の事実が判明した結果…【ゆっくり解説】,26338,maxresdefault,E:\Data\ObsidianVault\02_Channels\馴れ初めシネマ\競合チャンネル分析\企画リサーチ_20260605\gcs_upload_staging\naresome_thumbnails\uqeFZa7k5GQ.jpg,246024,
OezDfjYB4NY,2ch 馴れ初め ストーリーズ,【2ch馴れ初め】営業の外回り中に見かけた迷子姉妹→道案内した結果、驚きの真実が明らかに…【ゆっくり】,26131,maxresdefault,E:\Data\ObsidianVault\02_Channels\馴れ初めシネマ\競合チャンネル分析\企画リサーチ_20260605\gcs_upload_staging\naresome_thumbnails\OezDfjYB4NY.jpg,228975,
KX2ri7Pm2pc,2chなれそめストーリー2.0,【2ch馴れ初め】台風で電車が止まって帰れなくなった俺に、美人上司から「泊っていく？」と誘われたので遠慮なくいただいた結果【ゆっくり解説】,26079,maxresdefault,E:\Data\ObsidianVault\02_Channels\馴れ初めシネマ\競合チャンネル分析\企画リサーチ_20260605\gcs_upload_staging\naresome_thumbnails\KX2ri7Pm2pc.jpg,262072,
LIePS6e8RgY,ほろり感動馴れ初め話,【2ch馴れ初め】新一年生の双子の娘と毎日登校してくれるボロボロの貧乏少女→BBQに招待して腹いっぱい食べてもらった結果【ゆっくり解説】,26079,maxresdefault,E:\Data\ObsidianVault\02_Channels\馴れ初めシネマ\競合チャンネル分析\企画リサーチ_20260605\gcs_upload_staging\naresome_thumbnails\LIePS6e8RgY.jpg,266820,
8q9yZ2UDaX4,2ch馴れ初め感動シネマ,【2ch馴れ初め】休日特訓を命じる美人鬼部長に→3歳の妹がクレームを入れた結果,26036,maxresdefault,E:\Data\ObsidianVault\02_Channels\馴れ初めシネマ\競合チャンネル分析\企画リサーチ_20260605\gcs_upload_staging\naresome_thumbnails\8q9yZ2UDaX4.jpg,326838,
Lft5S4VmT24,2ch馴れ初めムービー,【２ｃｈ馴れ初め】深夜のラーメン屋でお金が払えず号泣する貧乏親子→昔の同級生と気づき住み込みで雇った結果【感動名作】,26002,maxresdefault,E:\Data\ObsidianVault\02_Channels\馴れ初めシネマ\競合チャンネル分析\企画リサーチ_20260605\gcs_upload_staging\naresome_thumbnails\Lft5S4VmT24.jpg,275120,
LEDEtWyuCSU,2ch馴れ初め感動シネマ,【2ch馴れ初め】子連れで婚活パーティに参加した組長息子の俺→一般人のフリしたら想定外の結果に…,25851,maxresdefault,E:\Data\ObsidianVault\02_Channels\馴れ初めシネマ\競合チャンネル分析\企画リサーチ_20260605\gcs_upload_staging\naresome_thumbnails\LEDEtWyuCSU.jpg,357162,
WwdLYIU9cVI,2ch馴れ初め奇跡の出会い,【2ch馴れ初め】同僚にハメられ廃業寸前の孫請工場に左遷された俺 →高卒SEの俺が廃業の危機を救った結果 ...【ゆっくり】,25831,maxresdefault,E:\Data\ObsidianVault\02_Channels\馴れ初めシネマ\競合チャンネル分析\企画リサーチ_20260605\gcs_upload_staging\naresome_thumbnails\WwdLYIU9cVI.jpg,328549,
K-J8QrcLWQw,2chなれそめストーリー2.0,【２ch馴れ初め】ホームレス女性が路上で倒れた俺を助けてくれたので、家に泊めた結果【ゆっくり解説】,25824,maxresdefault,E:\Data\ObsidianVault\02_Channels\馴れ初めシネマ\競合チャンネル分析\企画リサーチ_20260605\gcs_upload_staging\naresome_thumbnails\K-J8QrcLWQw.jpg,218360,
1K0z9c3AsQE,俺たちの馴れ初め,【2ch馴れ初め】オタクの俺を嫌う学校のマドンナを人口呼吸で助けた結果…【ゆっくり】,25573,maxresdefault,E:\Data\ObsidianVault\02_Channels\馴れ初めシネマ\競合チャンネル分析\企画リサーチ_20260605\gcs_upload_staging\naresome_thumbnails\1K0z9c3AsQE.jpg,212678,
7pqzxbP-l40,2ch感動の馴れ初め話,【2ch馴れ初め】幼い弟妹の為に給食をこっそり持ち帰る転校生、祖父母自慢のお米をお裾分けした結果【ゆっくり動画】,25519,maxresdefault,E:\Data\ObsidianVault\02_Channels\馴れ初めシネマ\競合チャンネル分析\企画リサーチ_20260605\gcs_upload_staging\naresome_thumbnails\7pqzxbP-l40.jpg,307296,
j22n-Zd9K6I,2chの感動馴初め話,【2ch馴れ初め】「ここで最後…」超有能なのに仕事をクビになったホームレス母娘→赤字続きの俺の旅館で即採用した結果…【ゆっくり解説】,25461,maxresdefault,E:\Data\ObsidianVault\02_Channels\馴れ初めシネマ\競合チャンネル分析\企画リサーチ_20260605\gcs_upload_staging\naresome_thumbnails\j22n-Zd9K6I.jpg,269387,
XiYTALZHBxs,2chなれそめストーリー2.0,【2ch馴れ初め】高熱で寝込んでる可愛い幼馴染が心配で看病に行ったら下着姿で寝てたので… 【ゆっくり解説】,25421,maxresdefault,E:\Data\ObsidianVault\02_Channels\馴れ初めシネマ\競合チャンネル分析\企画リサーチ_20260605\gcs_upload_staging\naresome_thumbnails\XiYTALZHBxs.jpg,223293,
1-76dBeYYpg,2ch馴れ初めタイムトラベル,【2ch馴れ初め】火事で両親を亡くした全身火傷の少女 →山奥で農家を営む俺が引き取った結果…【ゆっくり】,25401,maxresdefault,E:\Data\ObsidianVault\02_Channels\馴れ初めシネマ\競合チャンネル分析\企画リサーチ_20260605\gcs_upload_staging\naresome_thumbnails\1-76dBeYYpg.jpg,232909,
yxQQ-B_MIik,2ch馴れ初め感動シネマ,【2ch馴れ初め】ラーメン1日300杯を売る店長の俺がロボット導入で突然クビ宣告→笑いを堪えて速攻で退職し独立した結果,25310,maxresdefault,E:\Data\ObsidianVault\02_Channels\馴れ初めシネマ\競合チャンネル分析\企画リサーチ_20260605\gcs_upload_staging\naresome_thumbnails\yxQQ-B_MIik.jpg,331846,
3O_J1xfDLsg,2chなれそめストーリー2.0,【2ch馴れ初め】会社の同僚巨乳美女から頼まれて合コンしたら本人に口説かれた【ゆっくり】,25272,maxresdefault,E:\Data\ObsidianVault\02_Channels\馴れ初めシネマ\競合チャンネル分析\企画リサーチ_20260605\gcs_upload_staging\naresome_thumbnails\3O_J1xfDLsg.jpg,211800,
RUnFmM68zV8,2ch馴れ初め感動シネマ,【2ch馴れ初め】陰キャの俺が借り物競争で強引に誘ったヤンキー美女→後日、なぜかヤンキー美女にベタ惚れされた結果…,25269,maxresdefault,E:\Data\ObsidianVault\02_Channels\馴れ初めシネマ\競合チャンネル分析\企画リサーチ_20260605\gcs_upload_staging\naresome_thumbnails\RUnFmM68zV8.jpg,267061,
ovwFTO1yilE,2ch馴れ初めほっこり物語,【2ch馴れ初め】居酒屋で定年退職した爺さんのグチを聞かされたら→すごい経歴の持ち主だったので役員待遇で雇った結果…【ゆっくり】,25204,maxresdefault,E:\Data\ObsidianVault\02_Channels\馴れ初めシネマ\競合チャンネル分析\企画リサーチ_20260605\gcs_upload_staging\naresome_thumbnails\ovwFTO1yilE.jpg,329104,
VBMnAMOwWVg,ほろり感動馴れ初め話,【2ch馴れ初め】親戚の家に預けられ酷い扱いを受ける脱水状態の姪と兄犬→真夏の夜に危険な状態だったので保護した結果…【ゆっくり解説】,25097,maxresdefault,E:\Data\ObsidianVault\02_Channels\馴れ初めシネマ\競合チャンネル分析\企画リサーチ_20260605\gcs_upload_staging\naresome_thumbnails\VBMnAMOwWVg.jpg,290163,
w7qkODjCqm8,2ch 馴れ初め ストーリーズ,【2ch馴れ初め】閑古鳥が鳴く洋菓子店を営む母娘→娘の直感で俺の洋食屋にケーキを仕入れた結果【ゆっくり】,25070,maxresdefault,E:\Data\ObsidianVault\02_Channels\馴れ初めシネマ\競合チャンネル分析\企画リサーチ_20260605\gcs_upload_staging\naresome_thumbnails\w7qkODjCqm8.jpg,211999,
iDJfLMYy6Jg,2chなれそめストーリー2.0,【2ch馴れ初め】豪雨でびしょ濡れになった上司を家に連れて帰った結果【ゆっくり】,24994,maxresdefault,E:\Data\ObsidianVault\02_Channels\馴れ初めシネマ\競合チャンネル分析\企画リサーチ_20260605\gcs_upload_staging\naresome_thumbnails\iDJfLMYy6Jg.jpg,260223,
Aa65SCW0LyY,2chの感動馴初め話,【2ch馴れ初め】金欠で大泣きする双子姉妹を送り届けた→ド金髪女ヤクザと大量の黒服が出てきた結果…【ゆっくり解説】,24935,maxresdefault,E:\Data\ObsidianVault\02_Channels\馴れ初めシネマ\競合チャンネル分析\企画リサーチ_20260605\gcs_upload_staging\naresome_thumbnails\Aa65SCW0LyY.jpg,264187,
2PcZ5Frn2o0,2chなれそめストーリー2.0,【2ch馴れ初め】居酒屋で幼馴染の告白を後押ししてその場で電話したら、俺のスマホが鳴ってしまった結果【ゆっくり解説】,24860,maxresdefault,E:\Data\ObsidianVault\02_Channels\馴れ初めシネマ\競合チャンネル分析\企画リサーチ_20260605\gcs_upload_staging\naresome_thumbnails\2PcZ5Frn2o0.jpg,236485,
SfReWxnRg74,2chの感動馴初め話,雪が降る極寒の夜、コンビニの駐車場で凍えるボロボロの貧乏親子 →温かいお風呂と自慢の手料理を振舞った結果…【2ch馴れ初め】【ゆっくり解説】,24860,maxresdefault,E:\Data\ObsidianVault\02_Channels\馴れ初めシネマ\競合チャンネル分析\企画リサーチ_20260605\gcs_upload_staging\naresome_thumbnails\SfReWxnRg74.jpg,238593,
5UPmVAjHVCA,2ch 馴れ初め ストーリーズ,【2ch馴れ初め】俺の会社に面接に来た1歳の赤ちゃんを連れたボロボロ女性→4歳の愛娘が赤ちゃんに一目惚れし即採用した結果【ゆっくり】,24830,maxresdefault,E:\Data\ObsidianVault\02_Channels\馴れ初めシネマ\競合チャンネル分析\企画リサーチ_20260605\gcs_upload_staging\naresome_thumbnails\5UPmVAjHVCA.jpg,235822,
tfj6GYoR2Z8,2ch馴れ初め感動シネマ,【2ch馴れ初め】深夜のファミレスで一皿のスープを分け合う少女と赤ちゃん→店長の俺がお子様ランチと離乳食を振舞った結果,24784,maxresdefault,E:\Data\ObsidianVault\02_Channels\馴れ初めシネマ\競合チャンネル分析\企画リサーチ_20260605\gcs_upload_staging\naresome_thumbnails\tfj6GYoR2Z8.jpg,243799,
9-CzAbGrKno,2ch馴れ初め感動シネマ,【2ch馴れ初め】銀行から突然融資を打ち切られ途方に暮れる激安食堂の母娘→常連客でキモオタ資産家の俺が助けた.....,24756,maxresdefault,E:\Data\ObsidianVault\02_Channels\馴れ初めシネマ\競合チャンネル分析\企画リサーチ_20260605\gcs_upload_staging\naresome_thumbnails\9-CzAbGrKno.jpg,264365,
TtWWN-wX8FI,2ch馴れ初め感動シネマ,【2ch馴れ初め】会社の飲み会帰りにヤクザと肩が触れ脅される俺→社内一のマドンナが腹を抱えて笑い出した結果...【2ch】【馴れ初め】【総集編】,24753,maxresdefault,E:\Data\ObsidianVault\02_Channels\馴れ初めシネマ\競合チャンネル分析\企画リサーチ_20260605\gcs_upload_staging\naresome_thumbnails\TtWWN-wX8FI.jpg,280561,
G0VCQECXMNw,俺たちの馴れ初め,【2ch馴れ初め】　海外に旅立った幼馴染を見送った俺→帰宅すると家の前に立っていた結果...　【ゆっくり】,24749,maxresdefault,E:\Data\ObsidianVault\02_Channels\馴れ初めシネマ\競合チャンネル分析\企画リサーチ_20260605\gcs_upload_staging\naresome_thumbnails\G0VCQECXMNw.jpg,255247,
RJSz0UmgoBw,ほろり感動馴れ初め話,【2ch馴れ初め】出前で配達した部屋からネグレクトを受けている双子が→危険を感じ病院に連れてった結果【ゆっくり解説】,24729,maxresdefault,E:\Data\ObsidianVault\02_Channels\馴れ初めシネマ\競合チャンネル分析\企画リサーチ_20260605\gcs_upload_staging\naresome_thumbnails\RJSz0UmgoBw.jpg,250086,
kKAx_YRD7ak,2ch 馴れ初め ストーリーズ,【2ch馴れ初め】失踪した妻に托卵されていた俺→迷った末…愛娘の双子姉妹を自分の娘として育てた結果【ゆっくり】,24726,maxresdefault,E:\Data\ObsidianVault\02_Channels\馴れ初めシネマ\競合チャンネル分析\企画リサーチ_20260605\gcs_upload_staging\naresome_thumbnails\kKAx_YRD7ak.jpg,239024,
l_JUuBS4O2w,2ch馴れ初め感動シネマ,【2ch馴れ初め】結婚式の為に婚約者と式場を下見した俺→見積書を渡され衝撃の事実が…,24717,maxresdefault,E:\Data\ObsidianVault\02_Channels\馴れ初めシネマ\競合チャンネル分析\企画リサーチ_20260605\gcs_upload_staging\naresome_thumbnails\l_JUuBS4O2w.jpg,256659,
fC4ELsFcUbQ,俺たちの馴れ初め,【2ch馴れ初め】田舎のバス停でびしょ濡れの母娘→タオルとほっとレモネードを渡した結果…【ゆっくり】,24690,maxresdefault,E:\Data\ObsidianVault\02_Channels\馴れ初めシネマ\競合チャンネル分析\企画リサーチ_20260605\gcs_upload_staging\naresome_thumbnails\fC4ELsFcUbQ.jpg,233555,
clKHvaVmy50,ほろり感動馴れ初め話,【2ch馴れ初め】バイト中ぶつかってきた赤ん坊を抱いた少女→元ヤクザの俺がSOSに気が付いた結果【ゆっくり解説】,24614,maxresdefault,E:\Data\ObsidianVault\02_Channels\馴れ初めシネマ\競合チャンネル分析\企画リサーチ_20260605\gcs_upload_staging\naresome_thumbnails\clKHvaVmy50.jpg,242087,
4CN9HTk61RE,2chの感動馴初め話,【2ch馴れ初め】店長の俺がパート女性に休日出勤を頼んだ→3歳の娘が突入してきた結果【ゆっくり解説】,24560,maxresdefault,E:\Data\ObsidianVault\02_Channels\馴れ初めシネマ\競合チャンネル分析\企画リサーチ_20260605\gcs_upload_staging\naresome_thumbnails\4CN9HTk61RE.jpg,228462,
Kxj_ZAamYBI,2chの感動馴初め話,【2ch馴れ初め】親戚からネグレクトを受ける夜を彷徨うボロボロの三姉妹→妻と娘を亡くした俺が警察を呼んだ結果【ゆっくり解説】,24475,maxresdefault,E:\Data\ObsidianVault\02_Channels\馴れ初めシネマ\競合チャンネル分析\企画リサーチ_20260605\gcs_upload_staging\naresome_thumbnails\Kxj_ZAamYBI.jpg,291512,
34bADqfOjIs,2ch 馴れ初め ストーリーズ,【2ch馴れ初め】4歳と1歳の幼い姉妹を助け大事な商談に遅刻した俺→商談中、助けた姉妹が膝にダイブしてきた結果【ゆっくり】,24441,maxresdefault,E:\Data\ObsidianVault\02_Channels\馴れ初めシネマ\競合チャンネル分析\企画リサーチ_20260605\gcs_upload_staging\naresome_thumbnails\34bADqfOjIs.jpg,203358,
WtLlXInog58,2chの感動馴初め話,【2ch馴れ初め】一度もサンタが来たことが無い貧乏双子姉妹→サプライズでクリスマスプレゼントを用意した結果【ゆっくり解説】,24414,maxresdefault,E:\Data\ObsidianVault\02_Channels\馴れ初めシネマ\競合チャンネル分析\企画リサーチ_20260605\gcs_upload_staging\naresome_thumbnails\WtLlXInog58.jpg,249602,
QTqqQ_2sKK4,馴れ初め公園,【馴れ初め】親友にハメられ三ツ星レストランをクビになった俺→廃業寸前の洋食屋でバイトを始めた結果…【ゆっくり】,24409,maxresdefault,E:\Data\ObsidianVault\02_Channels\馴れ初めシネマ\競合チャンネル分析\企画リサーチ_20260605\gcs_upload_staging\naresome_thumbnails\QTqqQ_2sKK4.jpg,343655,
yApc7bXU2Ss,2ch馴れ初め感動シネマ,【2ch馴れ初め】大雪の夜、灯油を一人で買いに来る少女→心配なので一緒に家まで運んだ結果,24372,maxresdefault,E:\Data\ObsidianVault\02_Channels\馴れ初めシネマ\競合チャンネル分析\企画リサーチ_20260605\gcs_upload_staging\naresome_thumbnails\yApc7bXU2Ss.jpg,295211,
PEQhp5BJa_c,2chの感動馴初め話,【2ch馴れ初め】元妻に裏切られ引き離された娘→数年後、クリスマスの夜に再会した結果…【ゆっくり】,24359,maxresdefault,E:\Data\ObsidianVault\02_Channels\馴れ初めシネマ\競合チャンネル分析\企画リサーチ_20260605\gcs_upload_staging\naresome_thumbnails\PEQhp5BJa_c.jpg,342918,
xqJIH2I0nrs,2chの感動馴初め話,【2ch馴れ初め】亡き姉夫婦の双子を引き取った俺が買い物中、鬼上司に見られて勘違いされた結果…【ゆっくり解説】,24291,maxresdefault,E:\Data\ObsidianVault\02_Channels\馴れ初めシネマ\競合チャンネル分析\企画リサーチ_20260605\gcs_upload_staging\naresome_thumbnails\xqJIH2I0nrs.jpg,276733,
yW1WBRicnAE,2ch馴れ初め感動シネマ,【2ch馴れ初め】バイト先で店長にカマされるフリーターの俺→グループオーナー息子の俺がブチギレた結果...,24235,maxresdefault,E:\Data\ObsidianVault\02_Channels\馴れ初めシネマ\競合チャンネル分析\企画リサーチ_20260605\gcs_upload_staging\naresome_thumbnails\yW1WBRicnAE.jpg,312078,
lEiRxvX0_FQ,2chの感動馴初め話,【2ch馴れ初め】冬の山奥で妻を亡くして引きこもってたら、よちよち歩きの赤ん坊が窓を叩いてた結果【ゆっくり】,24163,maxresdefault,E:\Data\ObsidianVault\02_Channels\馴れ初めシネマ\競合チャンネル分析\企画リサーチ_20260605\gcs_upload_staging\naresome_thumbnails\lEiRxvX0_FQ.jpg,321020,
XLFFZSLnxHg,2ch 馴れ初め ストーリーズ,【2ch馴れ初め】華金なのに閑古鳥が鳴くボロボロ洋食屋→送別会で急遽10名の予約を入れた結果【ゆっくり】,24068,maxresdefault,E:\Data\ObsidianVault\02_Channels\馴れ初めシネマ\競合チャンネル分析\企画リサーチ_20260605\gcs_upload_staging\naresome_thumbnails\XLFFZSLnxHg.jpg,252729,
IEXCrbI5UZo,2ch 馴れ初め ストーリーズ,【2ch馴れ初め】遺産狙いの親戚に囲まれる赤ちゃん→母を亡くした愛娘が「妹にするでしゅ！」と守った結果【ゆっくり】,24050,maxresdefault,E:\Data\ObsidianVault\02_Channels\馴れ初めシネマ\競合チャンネル分析\企画リサーチ_20260605\gcs_upload_staging\naresome_thumbnails\IEXCrbI5UZo.jpg,236080,
DZ6qwy_7Vwk,2chの感動馴初め話,【2ch馴れ初め】親に二度捨てられ庭で寝る少女→娘と俺が愛情を持って育てた結果…【ゆっくり】,24048,maxresdefault,E:\Data\ObsidianVault\02_Channels\馴れ初めシネマ\競合チャンネル分析\企画リサーチ_20260605\gcs_upload_staging\naresome_thumbnails\DZ6qwy_7Vwk.jpg,321525,
BabGVuH4AcE,2ch馴れ初めムービー,【２ｃｈ馴れ初め】 卒業式後に炊き出し会場に向かう貧乏親子→放っておけずすき焼き食べ放題に誘った結果【感動名作】,24023,maxresdefault,E:\Data\ObsidianVault\02_Channels\馴れ初めシネマ\競合チャンネル分析\企画リサーチ_20260605\gcs_upload_staging\naresome_thumbnails\BabGVuH4AcE.jpg,303651,
PiACFfTn2rw,2chなれそめストーリー2.0,【2ch馴れ初め】毎日通うカフェ店員が仕事終わりに誘われ待ちしていたの、お望み通りやってあげた結果【ゆっくり解説】,24012,maxresdefault,E:\Data\ObsidianVault\02_Channels\馴れ初めシネマ\競合チャンネル分析\企画リサーチ_20260605\gcs_upload_staging\naresome_thumbnails\PiACFfTn2rw.jpg,228751,
I1qOSi_hhUk,2ch馴れ初め感動シネマ,【2ch馴れ初め】学校一の地味な女子を助けたヤンキーで有名な俺→俺の双子妹の通う保育園を手伝った結果,23944,maxresdefault,E:\Data\ObsidianVault\02_Channels\馴れ初めシネマ\競合チャンネル分析\企画リサーチ_20260605\gcs_upload_staging\naresome_thumbnails\I1qOSi_hhUk.jpg,247068,
HlmqxA4lZh4,2ch馴れ初めで愛を語る,【2ch馴れ初め】俺のラーメン屋に面接に来たボロボロ母娘→学生時代クラスの中心にいたマドンナ美女だった結果,23929,maxresdefault,E:\Data\ObsidianVault\02_Channels\馴れ初めシネマ\競合チャンネル分析\企画リサーチ_20260605\gcs_upload_staging\naresome_thumbnails\HlmqxA4lZh4.jpg,319526,
1yqA3nnmU7o,2ch馴れ初めムービー,【２ｃｈ馴れ初め】亡き祖母が営んでいた喫茶店の手入れに来た俺、ボロボロ４姉妹が住みついていた結果…【ほっこり・感動】,23899,maxresdefault,E:\Data\ObsidianVault\02_Channels\馴れ初めシネマ\競合チャンネル分析\企画リサーチ_20260605\gcs_upload_staging\naresome_thumbnails\1yqA3nnmU7o.jpg,274523,
BAOutDyI0Mg,俺たちの馴れ初め,【2ch馴れ初め】　娘が連れてきた薄汚れたぬいぐるみを抱く少女→離婚で奪われたもう1人の娘だった結果...　【ゆっくり】,23896,maxresdefault,E:\Data\ObsidianVault\02_Channels\馴れ初めシネマ\競合チャンネル分析\企画リサーチ_20260605\gcs_upload_staging\naresome_thumbnails\BAOutDyI0Mg.jpg,249326,
h3T6UdZxe18,2ch 馴れ初め ストーリーズ,【2ch馴れ初め】貯金箱を握りしめ、パンを買いに来た貧乏姉妹→ 掃除を手伝ってもらい、廃棄予定のパンをプレゼントした結果【ゆっくり】,23892,maxresdefault,E:\Data\ObsidianVault\02_Channels\馴れ初めシネマ\競合チャンネル分析\企画リサーチ_20260605\gcs_upload_staging\naresome_thumbnails\h3T6UdZxe18.jpg,232301,
Pff84o5fwDQ,2ch感動の馴れ初め話,【2ch馴れ初め】片親を理由に本社から厄介払いされた中卒女性、凄い才能を持っていたので仕事を任せた結果【ゆっくり動画】,23765,maxresdefault,E:\Data\ObsidianVault\02_Channels\馴れ初めシネマ\競合チャンネル分析\企画リサーチ_20260605\gcs_upload_staging\naresome_thumbnails\Pff84o5fwDQ.jpg,305457,
pZAI4KrdPeo,ほろり感動馴れ初め話,【2ch馴れ初め】児童養護施設に入れられたボロボロの双子→離婚した元妻が引き取った愛娘だった結果【ゆっくり解説】,23737,maxresdefault,E:\Data\ObsidianVault\02_Channels\馴れ初めシネマ\競合チャンネル分析\企画リサーチ_20260605\gcs_upload_staging\naresome_thumbnails\pZAI4KrdPeo.jpg,249341,
awpJsWpFJ64,2chなれそめストーリー2.0,【2ch馴れ初め総集編】風呂でくつろいでいたら泥酔した全裸の美少女が乱入してきた【ゆっくり】…2chなれそめストーリーの人気動画をまとめてみた！【作業用】【ゆっくり】,23723,maxresdefault,E:\Data\ObsidianVault\02_Channels\馴れ初めシネマ\競合チャンネル分析\企画リサーチ_20260605\gcs_upload_staging\naresome_thumbnails\awpJsWpFJ64.jpg,258270,
QVDW7h_2gsI,2ch馴れ初め奇跡の出会い,【2ch馴れ初め】上司に嫌われ希望退職者の標的になった高卒の俺 →会社の全特許保持者の俺が喜んで退職し独立した結果...【ゆっくり】,23527,maxresdefault,E:\Data\ObsidianVault\02_Channels\馴れ初めシネマ\競合チャンネル分析\企画リサーチ_20260605\gcs_upload_staging\naresome_thumbnails\QVDW7h_2gsI.jpg,321288,
EQpvoz2HjDU,2ch馴れ初め感動シネマ,【2ch馴れ初め】親戚に押し付けられ婚活バスツアーに参加した窓際社員の俺→いつも怖い美人女社長と相席になった結果,23400,maxresdefault,E:\Data\ObsidianVault\02_Channels\馴れ初めシネマ\競合チャンネル分析\企画リサーチ_20260605\gcs_upload_staging\naresome_thumbnails\EQpvoz2HjDU.jpg,347580,
Bkw_17UINvQ,ほろり感動馴れ初め話,【2ch馴れ初め】歌いながら学校から帰宅する貧乏少女→行方不明の娘と同じ歌を歌っていたので声を掛けた結果【ゆっくり解説】,23387,maxresdefault,E:\Data\ObsidianVault\02_Channels\馴れ初めシネマ\競合チャンネル分析\企画リサーチ_20260605\gcs_upload_staging\naresome_thumbnails\Bkw_17UINvQ.jpg,283263,
C6DmHCwFpF4,俺たちの馴れ初め,【2ch馴れ初め】近所のコインランドリーでよく見かける美人女性→本人が後ろに居ると知らずに好きだと言ってしまった結果…【ゆっくり】,23367,maxresdefault,E:\Data\ObsidianVault\02_Channels\馴れ初めシネマ\競合チャンネル分析\企画リサーチ_20260605\gcs_upload_staging\naresome_thumbnails\C6DmHCwFpF4.jpg,259662,
tZmWHbL0pns,ほろり感動馴れ初め話,【2ch馴れ初め】大雨の夜、お化けが出る家で休むボロボロの双子少女→親に見捨てられても信じる双子を助けた結果【ゆっくり解説】,23359,maxresdefault,E:\Data\ObsidianVault\02_Channels\馴れ初めシネマ\競合チャンネル分析\企画リサーチ_20260605\gcs_upload_staging\naresome_thumbnails\tZmWHbL0pns.jpg,282927,
IbsqLn_F8aI,2ch 馴れ初め ストーリーズ,【2ch馴れ初め】浮気&貯金持ち逃げした妻に捨てられた俺と娘→IQ200の娘がブチギレて制裁を加えた結果【ゆっくり】,23349,maxresdefault,E:\Data\ObsidianVault\02_Channels\馴れ初めシネマ\競合チャンネル分析\企画リサーチ_20260605\gcs_upload_staging\naresome_thumbnails\IbsqLn_F8aI.jpg,321495,
_k0X0gPZfZY,2chの感動馴初め話,【2ch馴れ初め】兄夫婦からネグレクトを受ける幼い三姉妹→妻を亡くした俺が異変に気付き引き取った結果【ゆっくり解説】,23289,maxresdefault,E:\Data\ObsidianVault\02_Channels\馴れ初めシネマ\競合チャンネル分析\企画リサーチ_20260605\gcs_upload_staging\naresome_thumbnails\_k0X0gPZfZY.jpg,238438,
pbiba2SlSn8,2chの感動馴初め話,【2ch馴れ初め】真夜中の公園で希望を無くした少女と遭遇→婦警の母がいる実家に連れて行った結果…【ゆっくり】,23288,maxresdefault,E:\Data\ObsidianVault\02_Channels\馴れ初めシネマ\競合チャンネル分析\企画リサーチ_20260605\gcs_upload_staging\naresome_thumbnails\pbiba2SlSn8.jpg,332142,
AHjIhLVz46I,2chの感動馴初め話,【2ch馴れ初め】母親に邪魔者扱いされる双子の少女→保護犬と共に愛情いっぱいに育てた結果【ゆっくり】,23258,maxresdefault,E:\Data\ObsidianVault\02_Channels\馴れ初めシネマ\競合チャンネル分析\企画リサーチ_20260605\gcs_upload_staging\naresome_thumbnails\AHjIhLVz46I.jpg,319067,
02HrMH8WeCM,2ch 馴れ初め ストーリーズ,【2ch馴れ初め】食欲がありすぎて気味が悪いと育児放棄された姪の赤ちゃん→元スポーツ選手の俺が引き取った結果【ゆっくり】,23254,maxresdefault,E:\Data\ObsidianVault\02_Channels\馴れ初めシネマ\競合チャンネル分析\企画リサーチ_20260605\gcs_upload_staging\naresome_thumbnails\02HrMH8WeCM.jpg,235637,
FUEmUrbiS9k,2ch 馴れ初め ストーリーズ,【2ch馴れ初め】海外出張から帰国し3ヶ月ぶりに家に帰った俺→知らない双子姉妹が普通に生活してた結果【ゆっくり】,23217,maxresdefault,E:\Data\ObsidianVault\02_Channels\馴れ初めシネマ\競合チャンネル分析\企画リサーチ_20260605\gcs_upload_staging\naresome_thumbnails\FUEmUrbiS9k.jpg,233933,
mF34ZRdMWZE,俺たちの馴れ初め,【2ch馴れ初め】空腹に耐えれず身売りする家出少女→家に連れ帰り手料理をご馳走した結果…【ゆっくり】,23182,maxresdefault,E:\Data\ObsidianVault\02_Channels\馴れ初めシネマ\競合チャンネル分析\企画リサーチ_20260605\gcs_upload_staging\naresome_thumbnails\mF34ZRdMWZE.jpg,229695,
laElwaF3al8,俺たちの馴れ初め,【2ch馴れ初め】事故に合い入院したら幼馴染と再会→献身的なお世話をされた結果…【ゆっくり】,23159,maxresdefault,E:\Data\ObsidianVault\02_Channels\馴れ初めシネマ\競合チャンネル分析\企画リサーチ_20260605\gcs_upload_staging\naresome_thumbnails\laElwaF3al8.jpg,213865,
9o4_yrvdzgg,2chなれそめストーリー2.0,【2ch馴れ初め】ベロベロの泥酔して部下に介抱され俺、目を覚ましたらホテルにいて使い済みのアソコが湿っててティッシュが散らばっていた結果【ゆっくり解説】,23098,hqdefault,E:\Data\ObsidianVault\02_Channels\馴れ初めシネマ\競合チャンネル分析\企画リサーチ_20260605\gcs_upload_staging\naresome_thumbnails\9o4_yrvdzgg.jpg,47840,
Tv3D400jBYo,2ch馴れ初めムービー,【２ｃｈ馴れ初め】深夜、閉店間際のおでん屋に訪れた赤ちゃん連れのボロボロ親子→天涯孤独の俺が特製出汁の染みたおでんをご馳走した結果…【ほっこり】,23020,maxresdefault,E:\Data\ObsidianVault\02_Channels\馴れ初めシネマ\競合チャンネル分析\企画リサーチ_20260605\gcs_upload_staging\naresome_thumbnails\Tv3D400jBYo.jpg,279694,
kvd_hA0RqvM,2ch 馴れ初め ストーリーズ,【2ch馴れ初め】二代目社長に不当解雇された子連れボロボロ女性→超有能だったので経営不振の俺の会社で即採用した結果【ゆっくり】,22896,maxresdefault,E:\Data\ObsidianVault\02_Channels\馴れ初めシネマ\競合チャンネル分析\企画リサーチ_20260605\gcs_upload_staging\naresome_thumbnails\kvd_hA0RqvM.jpg,230361,
fvOqzGdLS2w,俺たちの馴れ初め,【2ch馴れ初め】　授業参観で「私のお父さん」を読む娘→いつも怖い担任が震え出した結果...　【ゆっくり】,22873,maxresdefault,E:\Data\ObsidianVault\02_Channels\馴れ初めシネマ\競合チャンネル分析\企画リサーチ_20260605\gcs_upload_staging\naresome_thumbnails\fvOqzGdLS2w.jpg,248929,
4-nhzMKWXI4,2chなれそめストーリー2.0,【2ch馴れ初め】酔っ払ってナンパしてみたら、まさかの鬼上司で責任取らされた【【ゆっくり解説】,22868,maxresdefault,E:\Data\ObsidianVault\02_Channels\馴れ初めシネマ\競合チャンネル分析\企画リサーチ_20260605\gcs_upload_staging\naresome_thumbnails\4-nhzMKWXI4.jpg,213167,
T2ljvo9SMec,2chなれそめストーリー2.0,【2ch馴れ初め】残業してたら突然停電になって、巨乳上司のお胸をモ〇モ〇てしまった【ゆっくり解説】,22818,maxresdefault,E:\Data\ObsidianVault\02_Channels\馴れ初めシネマ\競合チャンネル分析\企画リサーチ_20260605\gcs_upload_staging\naresome_thumbnails\T2ljvo9SMec.jpg,215329,
MIvHMxCsDHo,2ch馴れ初めムービー,【２ｃｈ馴れ初め】亡き祖母宅の村で除け者にされたボロボロ姉妹『ここ温かいの』→地質博士の俺が信じて掘削すると『神の湯』が噴出した結果【ほっこり】,22815,maxresdefault,E:\Data\ObsidianVault\02_Channels\馴れ初めシネマ\競合チャンネル分析\企画リサーチ_20260605\gcs_upload_staging\naresome_thumbnails\MIvHMxCsDHo.jpg,354798,
X_Zg8zuR06E,2ch馴れ初め感動シネマ,【2ch馴れ初め】家族を立て続けに失い取り残された3歳の姪→ニートの俺が引き取り17年間育てた結果…,22805,maxresdefault,E:\Data\ObsidianVault\02_Channels\馴れ初めシネマ\競合チャンネル分析\企画リサーチ_20260605\gcs_upload_staging\naresome_thumbnails\X_Zg8zuR06E.jpg,330279,
itCwJLdyzeE,2chの感動馴初め話,両親が事故で他界し、1人遺された5歳の姪を引き取った俺→美人な同僚が住込みで助けてくれた結果【2ch馴れ初め】【ゆっくり解説】,22780,maxresdefault,E:\Data\ObsidianVault\02_Channels\馴れ初めシネマ\競合チャンネル分析\企画リサーチ_20260605\gcs_upload_staging\naresome_thumbnails\itCwJLdyzeE.jpg,233315,
UCIIjA2Tnco,ほろり感動馴れ初め話,【2ch馴れ初め】火事で家族を失い1人残された少女→本当の兄弟のように過ごした結果【ゆっくり解説】,22712,maxresdefault,E:\Data\ObsidianVault\02_Channels\馴れ初めシネマ\競合チャンネル分析\企画リサーチ_20260605\gcs_upload_staging\naresome_thumbnails\UCIIjA2Tnco.jpg,241361,
R1PS0NU4DuE,2ch 馴れ初め ストーリーズ,【2ch馴れ初め】愛娘との旅行中に見かけたボロボロの女の子→離婚した元妻が引き取ったはずの双子の妹だった結果…【ゆっくり】,22644,maxresdefault,E:\Data\ObsidianVault\02_Channels\馴れ初めシネマ\競合チャンネル分析\企画リサーチ_20260605\gcs_upload_staging\naresome_thumbnails\R1PS0NU4DuE.jpg,369007,
COKTwyKmbko,2ch馴れ初めほっこり物語,【2ch馴れ初め】毎日俺のカツ丼屋に現れる近所の発達障害の女の子 →彼女のつぶやきのおかげで行列のできる店になった結果…【ゆっくり】,22634,maxresdefault,E:\Data\ObsidianVault\02_Channels\馴れ初めシネマ\競合チャンネル分析\企画リサーチ_20260605\gcs_upload_staging\naresome_thumbnails\COKTwyKmbko.jpg,344735,
y3J3fE097LQ,2ch馴れ初め感動シネマ,【2ch馴れ初め】中3の時、クマに襲われている少女を助け視力を失った俺→15年後、娘の通う病院で再会した結果...,22621,maxresdefault,E:\Data\ObsidianVault\02_Channels\馴れ初めシネマ\競合チャンネル分析\企画リサーチ_20260605\gcs_upload_staging\naresome_thumbnails\y3J3fE097LQ.jpg,225612,
zeBU_dwh-ic,2ch馴れ初め感動シネマ,【2ch馴れ初め】両親を亡くし無理して良い子を演じる姪→売れ残りの野良猫を欲しがった結果,22587,maxresdefault,E:\Data\ObsidianVault\02_Channels\馴れ初めシネマ\競合チャンネル分析\企画リサーチ_20260605\gcs_upload_staging\naresome_thumbnails\zeBU_dwh-ic.jpg,314172,
DpP6wxh3FJ0,2chの感動馴初め話,嵐の夜、家の車庫で雨風を凌ぐボロボロの双子→温かいお風呂とご馳走を振る舞った結果【2ch馴れ初め】【ゆっくり解説】,22579,maxresdefault,E:\Data\ObsidianVault\02_Channels\馴れ初めシネマ\競合チャンネル分析\企画リサーチ_20260605\gcs_upload_staging\naresome_thumbnails\DpP6wxh3FJ0.jpg,253176,
YgjB3_A6cdI,2ch馴れ初めほっこり物語,【2ch馴れ初め】川の異常を訴え誰にも相手にされない釣り好き少年 →気象予報士の俺が話を聞き住民を説得して回った結果…【ゆっくり】,22575,maxresdefault,E:\Data\ObsidianVault\02_Channels\馴れ初めシネマ\競合チャンネル分析\企画リサーチ_20260605\gcs_upload_staging\naresome_thumbnails\YgjB3_A6cdI.jpg,398327,
W9CX8SJPtso,俺たちの馴れ初め,【2ch馴れ初め】毒親が借金で夜逃げ空腹で彷徨う私→見知らぬデブおやじに保護された結果...【ゆっくり】,22510,maxresdefault,E:\Data\ObsidianVault\02_Channels\馴れ初めシネマ\競合チャンネル分析\企画リサーチ_20260605\gcs_upload_staging\naresome_thumbnails\W9CX8SJPtso.jpg,249666,
SHhj-O3Eoog,2chの感動馴初め話,【2ch馴れ初め】大雨の日、財布を拾ってくれた煙草の跡がある少女→看護師をしている母に手当てをしてもらった結果【ゆっくり解説】,22459,maxresdefault,E:\Data\ObsidianVault\02_Channels\馴れ初めシネマ\競合チャンネル分析\企画リサーチ_20260605\gcs_upload_staging\naresome_thumbnails\SHhj-O3Eoog.jpg,254410,
9E5-hHj927A,2ch感動の馴れ初め話,【2ch馴れ初め】田舎に念願の古民家を買った俺、不思議な女の子が住んでいた結果【ゆっくり動画】,22446,maxresdefault,E:\Data\ObsidianVault\02_Channels\馴れ初めシネマ\競合チャンネル分析\企画リサーチ_20260605\gcs_upload_staging\naresome_thumbnails\9E5-hHj927A.jpg,271696,
sSd5VIFckEo,2ch馴れ初めムービー,【２ｃｈ馴れ初め】毎週末の朝市で試食を食べ回る貧乏双子姉妹→寿司屋の俺が鮮度抜群のまかない海鮮丼をご馳走した結果…【感動名作】,22416,maxresdefault,E:\Data\ObsidianVault\02_Channels\馴れ初めシネマ\競合チャンネル分析\企画リサーチ_20260605\gcs_upload_staging\naresome_thumbnails\sSd5VIFckEo.jpg,287489,
Z8_O_NZ1ilQ,2chなれそめストーリー2.0,【2ch馴れ初め】毎朝一緒の電車なる隣人女子大生が嫌がらせされたたので、助けた結果【ゆっくり解説】,22397,maxresdefault,E:\Data\ObsidianVault\02_Channels\馴れ初めシネマ\競合チャンネル分析\企画リサーチ_20260605\gcs_upload_staging\naresome_thumbnails\Z8_O_NZ1ilQ.jpg,207415,
BasseyDFi0g,2chなれそめストーリー2.0,【2ch馴れ初め】後輩と二人きりで昇進祝いの祝杯をしていたら、終電を逃してしまい、気持ちが高ぶって一線を超えてしまった結果【ゆっくり解説】,22334,maxresdefault,E:\Data\ObsidianVault\02_Channels\馴れ初めシネマ\競合チャンネル分析\企画リサーチ_20260605\gcs_upload_staging\naresome_thumbnails\BasseyDFi0g.jpg,240231,
KUlP72A7Bes,2ch 馴れ初め ストーリーズ,【2ch馴れ初め】家賃を払えず強制退去になった美人シンママ母娘→俺の家で住み込み家政婦として雇った結果【ゆっくり】,22270,maxresdefault,E:\Data\ObsidianVault\02_Channels\馴れ初めシネマ\競合チャンネル分析\企画リサーチ_20260605\gcs_upload_staging\naresome_thumbnails\KUlP72A7Bes.jpg,211596,
-g9Nkz40lVQ,2ch 馴れ初め ストーリーズ,【2ch馴れ初め】施設送りにされ心を閉ざしたIQ200の天才少女→妻を亡くした俺の1歳の娘が無邪気に笑いかけた結果【ゆっくり】,22252,maxresdefault,E:\Data\ObsidianVault\02_Channels\馴れ初めシネマ\競合チャンネル分析\企画リサーチ_20260605\gcs_upload_staging\naresome_thumbnails\-g9Nkz40lVQ.jpg,339150,
Se3kD7Ynwow,2ch 馴れ初め ストーリーズ,【2ch馴れ初め】 風邪になった母親の代わりに買い物に向かう隣人の貧乏姉妹→心配なので、買い物に同行した結果【ゆっくり】,22226,maxresdefault,E:\Data\ObsidianVault\02_Channels\馴れ初めシネマ\競合チャンネル分析\企画リサーチ_20260605\gcs_upload_staging\naresome_thumbnails\Se3kD7Ynwow.jpg,239511,
NX05rZErxJA,2ch 馴れ初め ストーリーズ,【2ch馴れ初め】物音に敏感すぎて親戚から煙たがれる1歳の赤ちゃん→有名音楽家の俺が引き取った結果【ゆっくり】,22226,maxresdefault,E:\Data\ObsidianVault\02_Channels\馴れ初めシネマ\競合チャンネル分析\企画リサーチ_20260605\gcs_upload_staging\naresome_thumbnails\NX05rZErxJA.jpg,236946,
-Ux03HgU1jc,2chの感動馴初め話,【2ch馴れ初め】遠足に行ったはずの姪っ子が独り空き地で…→弁護士の俺が本気出した結果【ゆっくり】,22209,maxresdefault,E:\Data\ObsidianVault\02_Channels\馴れ初めシネマ\競合チャンネル分析\企画リサーチ_20260605\gcs_upload_staging\naresome_thumbnails\-Ux03HgU1jc.jpg,327961,
M72V8qdNK0w,2ch 馴れ初め ストーリーズ,【2ch馴れ初め】警察署で保護された身元不明の双子→3年前に誘拐された俺の娘たちだった結果【ゆっくり】,22196,maxresdefault,E:\Data\ObsidianVault\02_Channels\馴れ初めシネマ\競合チャンネル分析\企画リサーチ_20260605\gcs_upload_staging\naresome_thumbnails\M72V8qdNK0w.jpg,246124,
OYbHdQ1XFhA,2ch 馴れ初め ストーリーズ,【2ch馴れ初め】近所の公園にいたボロボロの小型犬→ 心優しい愛娘の双子姉妹が拾ってきた結果【ゆっくり】,22170,maxresdefault,E:\Data\ObsidianVault\02_Channels\馴れ初めシネマ\競合チャンネル分析\企画リサーチ_20260605\gcs_upload_staging\naresome_thumbnails\OYbHdQ1XFhA.jpg,220823,
l-r4qF9HhMg,2ch馴れ初め感動シネマ,【2ch馴れ初め】ブツの取引でコインロッカーを開けたヤクザの俺→見知らぬ赤ちゃんが飛び出てきた結果,22159,maxresdefault,E:\Data\ObsidianVault\02_Channels\馴れ初めシネマ\競合チャンネル分析\企画リサーチ_20260605\gcs_upload_staging\naresome_thumbnails\l-r4qF9HhMg.jpg,247596,
KIk-dHS2XIA,2ch 馴れ初め ストーリーズ,【2ch馴れ初め】保育園に馴染めない娘の育児で会社をクビにされた俺→真実を知ったIQ200の天才エンジニアの娘が本気を出した結果【ゆっくり】,22133,maxresdefault,E:\Data\ObsidianVault\02_Channels\馴れ初めシネマ\競合チャンネル分析\企画リサーチ_20260605\gcs_upload_staging\naresome_thumbnails\KIk-dHS2XIA.jpg,335721,
bAM4CuEWN84,2ch 馴れ初め ストーリーズ,【2ch馴れ初め】義母からの連絡で元妻の葬儀に参加した俺と娘→残された赤ちゃんを娘が引き取るといった結果【ゆっくり】,22128,maxresdefault,E:\Data\ObsidianVault\02_Channels\馴れ初めシネマ\競合チャンネル分析\企画リサーチ_20260605\gcs_upload_staging\naresome_thumbnails\bAM4CuEWN84.jpg,331084,
P-gFrW5fy8E,2ch馴れ初め感動シネマ,【2ch馴れ初め】ヤクザに煽り運転され因縁を付けられる美人隊員→第一空挺団の俺が本気を出した結果...【2ch】【馴れ初め】,22119,maxresdefault,E:\Data\ObsidianVault\02_Channels\馴れ初めシネマ\競合チャンネル分析\企画リサーチ_20260605\gcs_upload_staging\naresome_thumbnails\P-gFrW5fy8E.jpg,276181,
QrqoBN6aOrc,2ch馴れ初め感動シネマ,【2ch馴れ初め】休日の朝、行きつけの店でオレオレ詐欺に引っかかる婆さん→常連客で若頭の俺が話しかけた結果,22034,maxresdefault,E:\Data\ObsidianVault\02_Channels\馴れ初めシネマ\競合チャンネル分析\企画リサーチ_20260605\gcs_upload_staging\naresome_thumbnails\QrqoBN6aOrc.jpg,335948,
_5bX4CuOmpI,ほろり感動馴れ初め話,【2ch馴れ初め】所有する山に見捨てられたタケノコ狩りに来た少女→俺と暮らす母が「娘にならない？」と言った結果【ゆっくり解説】,22025,maxresdefault,E:\Data\ObsidianVault\02_Channels\馴れ初めシネマ\競合チャンネル分析\企画リサーチ_20260605\gcs_upload_staging\naresome_thumbnails\_5bX4CuOmpI.jpg,260923,
LXwUhdhksy0,2ch馴れ初めで愛を語る,【2ch馴れ初め】通勤電車で毎日前の席に座ってる地味女が声をかけてきたので→完全に無視しようとしたはずが,22014,maxresdefault,E:\Data\ObsidianVault\02_Channels\馴れ初めシネマ\競合チャンネル分析\企画リサーチ_20260605\gcs_upload_staging\naresome_thumbnails\LXwUhdhksy0.jpg,295071,
B9yGTDfrjNk,2ch馴れ初め奇跡の出会い,【2ch馴れ初め】上司に嫌われ売上最下位スーパーに左遷されたキモオタの俺 →廃業寸前のスーパーを立て直し業績1位にした結果  ...【ゆっくり】,21998,maxresdefault,E:\Data\ObsidianVault\02_Channels\馴れ初めシネマ\競合チャンネル分析\企画リサーチ_20260605\gcs_upload_staging\naresome_thumbnails\B9yGTDfrjNk.jpg,318871,
gBSwRa7dP0Y,ほろり感動馴れ初め話,【2ch馴れ初め】双子の娘をおこしに行った俺→見知らぬ赤ちゃんが眠っていた結果【ゆっくり解説】,21983,maxresdefault,E:\Data\ObsidianVault\02_Channels\馴れ初めシネマ\競合チャンネル分析\企画リサーチ_20260605\gcs_upload_staging\naresome_thumbnails\gBSwRa7dP0Y.jpg,238250,
CaUN1mq5bC4,2chなれそめストーリー2.0,【2ch馴れ初め】隣に住む人妻に「１回だけいいですか？」とお願いした結果【ゆっくり】,21976,maxresdefault,E:\Data\ObsidianVault\02_Channels\馴れ初めシネマ\競合チャンネル分析\企画リサーチ_20260605\gcs_upload_staging\naresome_thumbnails\CaUN1mq5bC4.jpg,201946,
q5cWY54SAqk,俺たちの馴れ初め,【2ch馴れ初め】仕事で再会した中学時代の元ヤン同級生→新米秘書「社長と知り合いですか？」と言った結果...　【ゆっくり】,21972,maxresdefault,E:\Data\ObsidianVault\02_Channels\馴れ初めシネマ\競合チャンネル分析\企画リサーチ_20260605\gcs_upload_staging\naresome_thumbnails\q5cWY54SAqk.jpg,247362,
nS_iqUGCnmg,ほろり感動馴れ初め話,【2ch馴れ初め】毎日レストランの窓から覗く貧乏双子→受け継がれるハンバーグをご馳走した結果【ゆっくり解説】,21820,maxresdefault,E:\Data\ObsidianVault\02_Channels\馴れ初めシネマ\競合チャンネル分析\企画リサーチ_20260605\gcs_upload_staging\naresome_thumbnails\nS_iqUGCnmg.jpg,274059,
dRHrbWH4vDw,2ch馴れ初めゆっくりで最愛,【2ch馴れ初め】極寒の夜、キャンプ場で段ボールで寒さを凌ぐボロボロの母娘→俺のテントで保護し、焚き火で作ったじゃがバターを振る舞った結果【ゆっくり】,21813,maxresdefault,E:\Data\ObsidianVault\02_Channels\馴れ初めシネマ\競合チャンネル分析\企画リサーチ_20260605\gcs_upload_staging\naresome_thumbnails\dRHrbWH4vDw.jpg,304255,
62PPFY3A1ds,2ch馴れ初めゆっくりで最愛,【2ch 馴れ初め】仲間に裏切られホームレスになった俺、公園で号泣する少女の壊れた自転車を修理した結果【ゆっくり】,21803,maxresdefault,E:\Data\ObsidianVault\02_Channels\馴れ初めシネマ\競合チャンネル分析\企画リサーチ_20260605\gcs_upload_staging\naresome_thumbnails\62PPFY3A1ds.jpg,272994,
1Kx5tJPFfsk,2ch感動の馴れ初め話,【2ch馴れ初め】兄夫婦に自閉症だと捨てられた3歳の姪、俺が引き取り中古パソコンを渡した結果【ゆっくり動画】,21777,maxresdefault,E:\Data\ObsidianVault\02_Channels\馴れ初めシネマ\競合チャンネル分析\企画リサーチ_20260605\gcs_upload_staging\naresome_thumbnails\1Kx5tJPFfsk.jpg,290796,
Fyxq1WZQprE,俺たちの馴れ初め,【2ch馴れ初め】　駅のホームで声を掛けてきた見知らぬ女→目を離した瞬間姿が消えていた結果...　【ゆっくり】,21701,maxresdefault,E:\Data\ObsidianVault\02_Channels\馴れ初めシネマ\競合チャンネル分析\企画リサーチ_20260605\gcs_upload_staging\naresome_thumbnails\Fyxq1WZQprE.jpg,244580,
vt9SQlIq7Kw,俺たちの馴れ初め,【2ch馴れ初め】コンビニの駐車場を占拠するヤンキー女子を注意したらモデル級美女と結婚した結果…【ゆっくり】,21690,maxresdefault,E:\Data\ObsidianVault\02_Channels\馴れ初めシネマ\競合チャンネル分析\企画リサーチ_20260605\gcs_upload_staging\naresome_thumbnails\vt9SQlIq7Kw.jpg,228563,
9RIJWC1C-cs,2chの感動馴初め話,【2ch馴れ初め】両親を亡くし祖母とボロ団地で暮らす貧乏な双子→具材たっぷり野菜スープをご馳走した結果【ゆっくり】,21653,maxresdefault,E:\Data\ObsidianVault\02_Channels\馴れ初めシネマ\競合チャンネル分析\企画リサーチ_20260605\gcs_upload_staging\naresome_thumbnails\9RIJWC1C-cs.jpg,317580,
2QdD2lrt_bs,2ch馴れ初め感動シネマ,【2ch馴れ初め】数合わせの合コンに呼ばれた若頭の俺→カタギのフリをして参加した結果,21554,maxresdefault,E:\Data\ObsidianVault\02_Channels\馴れ初めシネマ\競合チャンネル分析\企画リサーチ_20260605\gcs_upload_staging\naresome_thumbnails\2QdD2lrt_bs.jpg,364543,
-1wz6BPQkQg,2chなれそめストーリー2.0,【2ch馴れ初め】無口でいつも一人の同僚→ベロベロになったら豹変した結果【ゆっくり】,21548,maxresdefault,E:\Data\ObsidianVault\02_Channels\馴れ初めシネマ\競合チャンネル分析\企画リサーチ_20260605\gcs_upload_staging\naresome_thumbnails\-1wz6BPQkQg.jpg,250950,
pkiPhP2es3g,2chの感動馴初め話,【2ch馴れ初め】津波で家族を流され彷徨う傷ついた少女→妻子を探す俺が声を掛けた結果【ゆっくり解説】,21487,maxresdefault,E:\Data\ObsidianVault\02_Channels\馴れ初めシネマ\競合チャンネル分析\企画リサーチ_20260605\gcs_upload_staging\naresome_thumbnails\pkiPhP2es3g.jpg,298101,
w6rsttNAT7U,2chの感動馴初め話,【2ch馴れ初め】事故で危篤の母の元に走るボロボロの双子→一流企業の面接を後回しに助けた結果【ゆっくり解説】,21434,maxresdefault,E:\Data\ObsidianVault\02_Channels\馴れ初めシネマ\競合チャンネル分析\企画リサーチ_20260605\gcs_upload_staging\naresome_thumbnails\w6rsttNAT7U.jpg,279251,
3PmEbQGi_7c,2chの感動馴初め話,【2ch馴れ初め】過労で倒れた姉の為にリンゴを盗む貧乏双子→果樹園を営む俺が規格外の野菜を渡した結果【ゆっくり解説】,21400,maxresdefault,E:\Data\ObsidianVault\02_Channels\馴れ初めシネマ\競合チャンネル分析\企画リサーチ_20260605\gcs_upload_staging\naresome_thumbnails\3PmEbQGi_7c.jpg,303820,
fPbrA9rL5iQ,2chの感動馴初め話,【2ch馴れ初め】俺が働く図書館に毎日来るボロボロの少女→万引きで逮捕されたと電話があった結果…【ゆっくり】,21394,maxresdefault,E:\Data\ObsidianVault\02_Channels\馴れ初めシネマ\競合チャンネル分析\企画リサーチ_20260605\gcs_upload_staging\naresome_thumbnails\fPbrA9rL5iQ.jpg,312562,
1SLtRNftssI,2ch 馴れ初め ストーリーズ,【2ch馴れ初め】DVシェルターに保護された無表情な姉妹→幼少期、同じ経験をした俺が里親に名乗り出た結果【ゆっくり】,21332,maxresdefault,E:\Data\ObsidianVault\02_Channels\馴れ初めシネマ\競合チャンネル分析\企画リサーチ_20260605\gcs_upload_staging\naresome_thumbnails\1SLtRNftssI.jpg,343660,
Am1E2jBuiuM,2ch 馴れ初め ストーリーズ,【2ch馴れ初め】ボロボロの洋食屋でバイト募集している双子姉妹→元有名店総料理長の俺が声を掛けた結果【ゆっくり】,21330,maxresdefault,E:\Data\ObsidianVault\02_Channels\馴れ初めシネマ\競合チャンネル分析\企画リサーチ_20260605\gcs_upload_staging\naresome_thumbnails\Am1E2jBuiuM.jpg,230710,
LcJKoKco8Wc,2chの感動馴初め話,深夜の繁華街で男に絡まれた娘を守ってくれた金髪ヤンキー女性→ホームレスと知りお礼に俺が管理するアパートの部屋を提供した結果…【2ch馴れ初め】【ゆっくり解説】,21233,maxresdefault,E:\Data\ObsidianVault\02_Channels\馴れ初めシネマ\競合チャンネル分析\企画リサーチ_20260605\gcs_upload_staging\naresome_thumbnails\LcJKoKco8Wc.jpg,278185,
V_HiVbdPOsY,2ch馴れ初め感動シネマ,【2ch馴れ初め】気温40度の猛暑日に訪れた双子のヤ○ルトレディ→様子がおかしいので全部買取って看病してあげた結果,21212,maxresdefault,E:\Data\ObsidianVault\02_Channels\馴れ初めシネマ\競合チャンネル分析\企画リサーチ_20260605\gcs_upload_staging\naresome_thumbnails\V_HiVbdPOsY.jpg,261782,
IhDArqVhw6I,2ch 馴れ初め ストーリーズ,【2ch馴れ初め】難病持ちの為、両親に見捨てられた1歳の双子の赤ちゃん→主治医の俺が人生を掛けて治療した結果…【ゆっくり】,21211,maxresdefault,E:\Data\ObsidianVault\02_Channels\馴れ初めシネマ\競合チャンネル分析\企画リサーチ_20260605\gcs_upload_staging\naresome_thumbnails\IhDArqVhw6I.jpg,228805,
PQhqxaVL_Sk,2ch 馴れ初め ストーリーズ,【2ch馴れ初め】親戚から「あげる」と言われた1歳の双子姉妹→  旅館を営む俺一家で引き取った結果【ゆっくり】,21198,maxresdefault,E:\Data\ObsidianVault\02_Channels\馴れ初めシネマ\競合チャンネル分析\企画リサーチ_20260605\gcs_upload_staging\naresome_thumbnails\PQhqxaVL_Sk.jpg,230184,
ScBkWmMMtDc,2ch 馴れ初め ストーリーズ,【2ch馴れ初め】キッチンカーの出張営業先で見かけた幼い双子姉妹→3年前に離婚した元妻に奪われた俺の娘たちだった結果【ゆっくり】,21168,maxresdefault,E:\Data\ObsidianVault\02_Channels\馴れ初めシネマ\競合チャンネル分析\企画リサーチ_20260605\gcs_upload_staging\naresome_thumbnails\ScBkWmMMtDc.jpg,344534,
tX0n-FNvgjE,2ch馴れ初めラブレター,【2ch馴れ初め】給湯器が壊れ困る祖母と少女を見かけた中卒配達員の俺 →助けた老婦人の正体が大物だった結果...【ゆっくり】,21163,maxresdefault,E:\Data\ObsidianVault\02_Channels\馴れ初めシネマ\競合チャンネル分析\企画リサーチ_20260605\gcs_upload_staging\naresome_thumbnails\tX0n-FNvgjE.jpg,304979,
YVFJ8-klGww,2chの感動馴初め話,【2ch馴れ初め】社員旅行で部下にハメられ宿泊の予約が取れてなかった→客が1人もいないボロボロ旅館に120名泊めてもらった結果...【ゆっくり解説】,21104,maxresdefault,E:\Data\ObsidianVault\02_Channels\馴れ初めシネマ\競合チャンネル分析\企画リサーチ_20260605\gcs_upload_staging\naresome_thumbnails\YVFJ8-klGww.jpg,265826,
TSFpEvhOncU,俺たちの馴れ初め,【2ch馴れ初め】　突然他界した妹夫婦の双子を引き取ったオタクの俺→実は富裕層だった俺がスーパー店員総出で子育てした結果...　【ゆっくり】,21093,maxresdefault,E:\Data\ObsidianVault\02_Channels\馴れ初めシネマ\競合チャンネル分析\企画リサーチ_20260605\gcs_upload_staging\naresome_thumbnails\TSFpEvhOncU.jpg,258359,
1WlJmeaJkLg,2ch馴れ初め感動シネマ,【2ch馴れ初め】クーラーがギンギンの俺の実家で爆睡する見知らぬ貧乏双子姉妹→その日以降毎日来るようになった結果,21033,maxresdefault,E:\Data\ObsidianVault\02_Channels\馴れ初めシネマ\競合チャンネル分析\企画リサーチ_20260605\gcs_upload_staging\naresome_thumbnails\1WlJmeaJkLg.jpg,232730,
9UwM1KfaIzI,2ch 馴れ初め ストーリーズ,【2ch馴れ初め】電車運転士の俺に毎日手を振る4歳の双子姉妹→元妻が引き取った愛娘だった結果【ゆっくり】,21011,maxresdefault,E:\Data\ObsidianVault\02_Channels\馴れ初めシネマ\競合チャンネル分析\企画リサーチ_20260605\gcs_upload_staging\naresome_thumbnails\9UwM1KfaIzI.jpg,236292,
FMhsnr3MB4Q,2ch馴れ初め感動シネマ,【2ch馴れ初め】借金の取り立て先でネグレクトを受ける幼い姉妹→天蓋孤独のヤクザの俺が引き取った結果,20997,maxresdefault,E:\Data\ObsidianVault\02_Channels\馴れ初めシネマ\競合チャンネル分析\企画リサーチ_20260605\gcs_upload_staging\naresome_thumbnails\FMhsnr3MB4Q.jpg,333715,
GazrPNwtHmA,2ch馴れ初めほっこり物語,【2ch馴れ初め】廃業寸前の俺のペットショップで犬を見る貧乏親子 →売れ残りの成犬が懐いたのでタダで譲った結果…【ゆっくり】,20853,maxresdefault,E:\Data\ObsidianVault\02_Channels\馴れ初めシネマ\競合チャンネル分析\企画リサーチ_20260605\gcs_upload_staging\naresome_thumbnails\GazrPNwtHmA.jpg,320324,
7zAW6Dbsag4,2chの感動馴初め話,【2ch馴れ初め】イブの夜、息子が作ったかまくらで温まるネグレクトを受ける少女→妹を亡くした息子が願いを叶えた結果【ゆっくり解説】,20837,maxresdefault,E:\Data\ObsidianVault\02_Channels\馴れ初めシネマ\競合チャンネル分析\企画リサーチ_20260605\gcs_upload_staging\naresome_thumbnails\7zAW6Dbsag4.jpg,245170,
-FAy1-7Jb6g,2ch馴れ初め感動シネマ,【2ch馴れ初め】10年ぶりに公園で号泣する幼馴染と再会→元学生起業家で現ホームレスの俺がブチギレた結果,20792,maxresdefault,E:\Data\ObsidianVault\02_Channels\馴れ初めシネマ\競合チャンネル分析\企画リサーチ_20260605\gcs_upload_staging\naresome_thumbnails\-FAy1-7Jb6g.jpg,350166,
TNYTn1QlE8Y,2ch馴れ初め感動シネマ,【2ch馴れ初め】交通事故に遭い苦しむヤクザを放っておけず→10億円が掛かった大事な商談に遅刻した結果...【2ch】【馴れ初め】【総集編】,20779,maxresdefault,E:\Data\ObsidianVault\02_Channels\馴れ初めシネマ\競合チャンネル分析\企画リサーチ_20260605\gcs_upload_staging\naresome_thumbnails\TNYTn1QlE8Y.jpg,241957,
J0wSwM-xL2w,2chの感動馴初め話,【2ch馴れ初め】親戚に酷い扱いを受け逃げてきた兄妹→俺が引き取り愛情が芽生えた結果【ゆっくり】,20764,maxresdefault,E:\Data\ObsidianVault\02_Channels\馴れ初めシネマ\競合チャンネル分析\企画リサーチ_20260605\gcs_upload_staging\naresome_thumbnails\J0wSwM-xL2w.jpg,301789,
LXxMonHWSmE,2chの感動馴初め話,【2ch馴れ初め】引越しの挨拶に来た貧乏な双子母娘→突然双子が「ぱぱ…」と言ってきた結果【ゆっくり解説】,20763,maxresdefault,E:\Data\ObsidianVault\02_Channels\馴れ初めシネマ\競合チャンネル分析\企画リサーチ_20260605\gcs_upload_staging\naresome_thumbnails\LXxMonHWSmE.jpg,235847,
CPs6KstpDdU,2chなれそめストーリー2.0,【２ch馴れ初め】年上の女上司に「取引先に行くわよ！」と営業に同行したら婚約者として親に紹介された【ゆっくり解説】,20750,maxresdefault,E:\Data\ObsidianVault\02_Channels\馴れ初めシネマ\競合チャンネル分析\企画リサーチ_20260605\gcs_upload_staging\naresome_thumbnails\CPs6KstpDdU.jpg,219697,
DTsi6AnJZjw,2chの感動馴初め話,【2ch馴れ初め】両親を亡くし奴隷のように扱われる少女→ラーメン屋を営む俺が最高の一杯をご馳走した結果…【ゆっくり解説】,20733,maxresdefault,E:\Data\ObsidianVault\02_Channels\馴れ初めシネマ\競合チャンネル分析\企画リサーチ_20260605\gcs_upload_staging\naresome_thumbnails\DTsi6AnJZjw.jpg,260051,
BLEpEWgBxyQ,2chの感動馴初め話,【2ch馴れ初め】華金の夜、メガ盛り牛丼を堪能していた俺→白杖を持つ白内障の少女が突入してきた結果【ゆっくり】,20708,maxresdefault,E:\Data\ObsidianVault\02_Channels\馴れ初めシネマ\競合チャンネル分析\企画リサーチ_20260605\gcs_upload_staging\naresome_thumbnails\BLEpEWgBxyQ.jpg,308436,
aYagsXkuubc,2ch馴れ初め感動シネマ,【2ch馴れ初め】AI導入で2代目に解雇され露頭に迷う老舗旅館のスタッフ→人手不足なので手伝ってもらった結果,20706,maxresdefault,E:\Data\ObsidianVault\02_Channels\馴れ初めシネマ\競合チャンネル分析\企画リサーチ_20260605\gcs_upload_staging\naresome_thumbnails\aYagsXkuubc.jpg,381234,
Z0kI3QHNR2U,2ch 馴れ初め ストーリーズ,【2ch馴れ初め】赤字続きの俺の洋菓子店に来た双子姉妹→ 店のスイーツ買い占めたいと言われた結果【ゆっくり】,20663,maxresdefault,E:\Data\ObsidianVault\02_Channels\馴れ初めシネマ\競合チャンネル分析\企画リサーチ_20260605\gcs_upload_staging\naresome_thumbnails\Z0kI3QHNR2U.jpg,204809,
tDbFU1u4trA,2chなれそめストーリー2.0,【2ch馴れ初め】風呂でくつろいでいたら泥酔した全裸の美少女が乱入してきた【ゆっくり解説】,20660,maxresdefault,E:\Data\ObsidianVault\02_Channels\馴れ初めシネマ\競合チャンネル分析\企画リサーチ_20260605\gcs_upload_staging\naresome_thumbnails\tDbFU1u4trA.jpg,232292,
vN9u4K5idQ8,馴れ初め公園,【馴れ初め】無人駅で手作り漬物を売る母娘→廃業寸前の居酒屋店主の俺が全部買い取った結果…【ゆっくり】,20655,maxresdefault,E:\Data\ObsidianVault\02_Channels\馴れ初めシネマ\競合チャンネル分析\企画リサーチ_20260605\gcs_upload_staging\naresome_thumbnails\vN9u4K5idQ8.jpg,327497,
4aO04ELzF-w,2chの感動馴初め話,【2ch馴れ初め】真夏の日、娘の形見を拾ってくれたボロボロの少女→ふらふらだったのでかき氷をご馳走した結果【ゆっくり】,20655,maxresdefault,E:\Data\ObsidianVault\02_Channels\馴れ初めシネマ\競合チャンネル分析\企画リサーチ_20260605\gcs_upload_staging\naresome_thumbnails\4aO04ELzF-w.jpg,343763,
kr_vm3P2DnE,2ch馴れ初めゆっくりで最愛,【2ch 馴れ初め】パンの耳だけを買いに来たボロボロな姉妹→異変を感じたので破棄予定のパンを大量にあげた結果【ゆっくり】,20591,maxresdefault,E:\Data\ObsidianVault\02_Channels\馴れ初めシネマ\競合チャンネル分析\企画リサーチ_20260605\gcs_upload_staging\naresome_thumbnails\kr_vm3P2DnE.jpg,243091,
B3Jk0mVsVzs,2chなれそめストーリー2.0,【2ch馴れ初め】トラブルで女部下と倉庫で2人きりになったら、汗だくでムチムチな巨乳にアソコが挟まれてしまった結果【ゆっくり解説】,20577,maxresdefault,E:\Data\ObsidianVault\02_Channels\馴れ初めシネマ\競合チャンネル分析\企画リサーチ_20260605\gcs_upload_staging\naresome_thumbnails\B3Jk0mVsVzs.jpg,239606,
gPzTDXAkXbI,2ch 馴れ初め ストーリーズ,【2ch馴れ初め】人形のように無反応で施設に入れられる親戚の赤ちゃん→4歳の愛娘が「妹にするでしゅ！」と言った結果【ゆっくり】,20565,maxresdefault,E:\Data\ObsidianVault\02_Channels\馴れ初めシネマ\競合チャンネル分析\企画リサーチ_20260605\gcs_upload_staging\naresome_thumbnails\gPzTDXAkXbI.jpg,227841,
Xsk_fIqWTrE,2ch 馴れ初め ストーリーズ,【2ch馴れ初め】大雪の夜、双子の赤ちゃんを保護した貧乏レストランを営む俺→後日…双子の祖父と名乗る大企業社長が訪ねてきた結果【ゆっくり】,20542,maxresdefault,E:\Data\ObsidianVault\02_Channels\馴れ初めシネマ\競合チャンネル分析\企画リサーチ_20260605\gcs_upload_staging\naresome_thumbnails\Xsk_fIqWTrE.jpg,340839,
RbEgzVwLZmE,2ch 馴れ初め ストーリーズ,【2ch馴れ初め総集編】極寒の夜、亡き両親の元へ向かおうとするボロボロ姉妹→廃業寸前の旅館を営む俺が保護した結果 2chほっこり馴れ初め人気馴れ初め動画まとめてみた！【作業用】【ゆっくり】,20540,maxresdefault,E:\Data\ObsidianVault\02_Channels\馴れ初めシネマ\競合チャンネル分析\企画リサーチ_20260605\gcs_upload_staging\naresome_thumbnails\RbEgzVwLZmE.jpg,244509,
s-aNi06YoyA,2ch 馴れ初め ストーリーズ,【2ch馴れ初め】俺が経営する旅館に置き去りにされた双子姉妹→引き取って旅館の看板娘になってもらった結果【ゆっくり】,20539,maxresdefault,E:\Data\ObsidianVault\02_Channels\馴れ初めシネマ\競合チャンネル分析\企画リサーチ_20260605\gcs_upload_staging\naresome_thumbnails\s-aNi06YoyA.jpg,313406,
JTarODXffk4,2ch 馴れ初め ストーリーズ,【2ch馴れ初め】誘拐犯から幼い姉妹を庇い家まで送り届けた俺→ 実は近所で有名な資産家の孫娘だった結果【ゆっくり】,20510,maxresdefault,E:\Data\ObsidianVault\02_Channels\馴れ初めシネマ\競合チャンネル分析\企画リサーチ_20260605\gcs_upload_staging\naresome_thumbnails\JTarODXffk4.jpg,231804,
uZhCnBRSkBA,2chの感動馴初め話,親子遠足の昼食で水筒を握りしめ涙を流す貧乏母娘→1人BBQ中だった俺が声を掛けた結果…【2ch馴れ初め】【ゆっくり解説】,20503,maxresdefault,E:\Data\ObsidianVault\02_Channels\馴れ初めシネマ\競合チャンネル分析\企画リサーチ_20260605\gcs_upload_staging\naresome_thumbnails\uZhCnBRSkBA.jpg,266849,
PhNTOT2yCCo,2chの感動馴初め話,【2ch馴れ初め】火事で両親を亡くした火傷を負う少女 →お米農家の俺が引き取った結果…【ゆっくり】,20492,maxresdefault,E:\Data\ObsidianVault\02_Channels\馴れ初めシネマ\競合チャンネル分析\企画リサーチ_20260605\gcs_upload_staging\naresome_thumbnails\PhNTOT2yCCo.jpg,292994,
MRFmHQ5MTcY,2ch馴れ初めムービー,【２ｃｈ馴れ初め】家族全員を失い、一人ぼっちになった隣人の女の子→釣り船の船長で民宿を営む俺が娘として迎えた結果【感動名作】,20485,maxresdefault,E:\Data\ObsidianVault\02_Channels\馴れ初めシネマ\競合チャンネル分析\企画リサーチ_20260605\gcs_upload_staging\naresome_thumbnails\MRFmHQ5MTcY.jpg,295681,
ok-CGNkx5qg,2ch 馴れ初め ストーリーズ,【2ch馴れ初め】両親を喪った4歳と1歳の姉妹を引き取った社畜の俺→後日、姉妹の伯母と名乗る社長令嬢が訪ねてきた結果【ゆっくり】,20481,maxresdefault,E:\Data\ObsidianVault\02_Channels\馴れ初めシネマ\競合チャンネル分析\企画リサーチ_20260605\gcs_upload_staging\naresome_thumbnails\ok-CGNkx5qg.jpg,330695,
UR5_iPRVGYk,2ch 馴れ初め ストーリーズ,【2ch馴れ初め】記録的大雪の夜、1歳の妹を抱き夜逃げする4歳の姉→小児科医の俺が自宅で保護した結果【ゆっくり】,20479,maxresdefault,E:\Data\ObsidianVault\02_Channels\馴れ初めシネマ\競合チャンネル分析\企画リサーチ_20260605\gcs_upload_staging\naresome_thumbnails\UR5_iPRVGYk.jpg,233640,
JrcJ63g2jdc,2ch 馴れ初め ストーリーズ,【2ch馴れ初め】育児放棄され実家の工房に捨てられた幼い姪姉妹→家業を継ぐため実家に戻った俺が引き取った結果【ゆっくり】,20466,maxresdefault,E:\Data\ObsidianVault\02_Channels\馴れ初めシネマ\競合チャンネル分析\企画リサーチ_20260605\gcs_upload_staging\naresome_thumbnails\JrcJ63g2jdc.jpg,336627,
ByUIc8tlBfA,2ch馴れ初めムービー,【２ｃｈ馴れ初め】顔の傷跡が理由で100社落ち路頭に迷う貧乏親子→大企業社長の俺が住み込みで雇った結果・・・【ゆっくり】,20423,maxresdefault,E:\Data\ObsidianVault\02_Channels\馴れ初めシネマ\競合チャンネル分析\企画リサーチ_20260605\gcs_upload_staging\naresome_thumbnails\ByUIc8tlBfA.jpg,314496,
kl2PE5oPsZQ,2chなれそめストーリー2.0,【2ch馴れ初め】飲み会でベロベロになった女上司を介抱したら、「家に帰りたくない」と言ってきたので、勢いで一緒にお風呂に入ってしまった結果【ゆっくり】,20399,maxresdefault,E:\Data\ObsidianVault\02_Channels\馴れ初めシネマ\競合チャンネル分析\企画リサーチ_20260605\gcs_upload_staging\naresome_thumbnails\kl2PE5oPsZQ.jpg,244699,
gov830RTi3g,2ch馴れ初めタイムトラベル,【2ch馴れ初め】父親の形見であるバイクが壊れ雨の中押して歩く女性→貧乏自動車修理工の俺がフルレストアした結果...【ゆっくり】,20397,maxresdefault,E:\Data\ObsidianVault\02_Channels\馴れ初めシネマ\競合チャンネル分析\企画リサーチ_20260605\gcs_upload_staging\naresome_thumbnails\gov830RTi3g.jpg,326217,
wq8xvDfRIUw,2ch 馴れ初め ストーリーズ,【2ch馴れ初め】農家の親戚に奴隷扱いを受ける4歳の泥んこ双子姉妹→温泉旅館を営む俺が引き取った結果【ゆっくり】,20351,maxresdefault,E:\Data\ObsidianVault\02_Channels\馴れ初めシネマ\競合チャンネル分析\企画リサーチ_20260605\gcs_upload_staging\naresome_thumbnails\wq8xvDfRIUw.jpg,245094,
IfW76S58wok,2ch馴れ初めゆっくりで最愛,【2ch馴れ初め】タダ券で頼んだ餃子を分け合う貧乏な母娘。廃業寸前の俺が愛情たっぷりの大盛ラーメンをご馳走した結果【ゆっくり】,20319,maxresdefault,E:\Data\ObsidianVault\02_Channels\馴れ初めシネマ\競合チャンネル分析\企画リサーチ_20260605\gcs_upload_staging\naresome_thumbnails\IfW76S58wok.jpg,281812,
Hfr4KLmYg_U,2ch馴れ初め感動シネマ,【2ch馴れ初め】大雨の中、財布を届けてくれたホームレス母娘→拾ってくれたお礼に実家の高級旅館に泊めた結果,20311,maxresdefault,E:\Data\ObsidianVault\02_Channels\馴れ初めシネマ\競合チャンネル分析\企画リサーチ_20260605\gcs_upload_staging\naresome_thumbnails\Hfr4KLmYg_U.jpg,243282,
U2xsApz5l4o,2chの感動馴初め話,【2ch馴れ初め】施設に捨てられた双子の少女→火事で亡くなったはずの亡き兄の娘たちだった結果【ゆっくり】,20285,maxresdefault,E:\Data\ObsidianVault\02_Channels\馴れ初めシネマ\競合チャンネル分析\企画リサーチ_20260605\gcs_upload_staging\naresome_thumbnails\U2xsApz5l4o.jpg,330859,
bAApk09j5S8,2ch馴れ初めムービー,【２ｃｈ馴れ初め】入学式の帰り、公園で１つの半額おにぎりでお祝いする１年生の双子姉妹→江戸前寿司職人の俺が「最高級の祝い握り」で盛大にお祝いした結果【感動】,20263,maxresdefault,E:\Data\ObsidianVault\02_Channels\馴れ初めシネマ\競合チャンネル分析\企画リサーチ_20260605\gcs_upload_staging\naresome_thumbnails\bAApk09j5S8.jpg,358902,
CmF73Yzz1pk,2ch 馴れ初め ストーリーズ,【2ch馴れ初め】真夏に隣人の貧乏姉妹が俺の部屋で涼んでいたので   →合鍵を渡したらいつの間にか家族になった結果【ゆっくり】,20196,maxresdefault,E:\Data\ObsidianVault\02_Channels\馴れ初めシネマ\競合チャンネル分析\企画リサーチ_20260605\gcs_upload_staging\naresome_thumbnails\CmF73Yzz1pk.jpg,243549,
KluQcJ2oI3Q,2chの感動馴初め話,極寒の夜に公園に1人置き去りにされた凍える盲目少女→亡き妹が重なり声を掛けた結果…【2ch馴れ初め】【ゆっくり解説】,20179,maxresdefault,E:\Data\ObsidianVault\02_Channels\馴れ初めシネマ\競合チャンネル分析\企画リサーチ_20260605\gcs_upload_staging\naresome_thumbnails\KluQcJ2oI3Q.jpg,246369,
uXQHfpEGQFQ,2chなれそめストーリー2.0,【2ch馴れ初め】通勤電車で美人OLのスカートがめくれ上がっていたので、覚悟を決めて声を掛けた結果【ゆっくり】,20172,maxresdefault,E:\Data\ObsidianVault\02_Channels\馴れ初めシネマ\競合チャンネル分析\企画リサーチ_20260605\gcs_upload_staging\naresome_thumbnails\uXQHfpEGQFQ.jpg,234655,
MNJN_isdEYA,2ch 馴れ初め ストーリーズ,【2ch馴れ初め】シンママ隣人から預かった暴れん坊赤ちゃん→愛娘が思いを通訳し、姉妹のようになった結果【ゆっくり】,20150,maxresdefault,E:\Data\ObsidianVault\02_Channels\馴れ初めシネマ\競合チャンネル分析\企画リサーチ_20260605\gcs_upload_staging\naresome_thumbnails\MNJN_isdEYA.jpg,245083,
o-f51skIFfU,俺たちの馴れ初め,【2ch馴れ初め】数年ぶりに親友の家に遊びに行くと、酔っ払いから救った女が居た…猛アタックされ続けた結果…【ゆっくり】,20129,maxresdefault,E:\Data\ObsidianVault\02_Channels\馴れ初めシネマ\競合チャンネル分析\企画リサーチ_20260605\gcs_upload_staging\naresome_thumbnails\o-f51skIFfU.jpg,224047,
-V3SuDidiMU,ほろり感動馴れ初め話,【2ch馴れ初め】俺が営むうどん屋の無料クーポンを毎回盗む貧乏少女→後日、青ざめて来店した結果【ゆっくり解説】,20124,maxresdefault,E:\Data\ObsidianVault\02_Channels\馴れ初めシネマ\競合チャンネル分析\企画リサーチ_20260605\gcs_upload_staging\naresome_thumbnails\-V3SuDidiMU.jpg,291402,
HYCTKkKT8Vc,2chなれそめストーリー2.0,【2ch馴れ初め】病気で亡くなった兄の娘を引き取ったら、「私がママになる」と、幼馴染が押しかけてきた【ゆっくり解説】,20120,maxresdefault,E:\Data\ObsidianVault\02_Channels\馴れ初めシネマ\競合チャンネル分析\企画リサーチ_20260605\gcs_upload_staging\naresome_thumbnails\HYCTKkKT8Vc.jpg,266014,
4Henc3W9ey4,2ch馴れ初め感動シネマ,【2ch馴れ初め】上司に30人分の宴会予約をドタキャンされた涙目の母娘→実は居酒屋店長の父（社長）がブチギレた結果,20062,maxresdefault,E:\Data\ObsidianVault\02_Channels\馴れ初めシネマ\競合チャンネル分析\企画リサーチ_20260605\gcs_upload_staging\naresome_thumbnails\4Henc3W9ey4.jpg,315439,
afig4iWbhfE,2ch馴れ初めタイムトラベル,【2ch馴れ初め】公園の水道を呑む貧乏転校生の姉妹→俺んちの食堂に連れて帰った結果...【ゆっくり】,20051,maxresdefault,E:\Data\ObsidianVault\02_Channels\馴れ初めシネマ\競合チャンネル分析\企画リサーチ_20260605\gcs_upload_staging\naresome_thumbnails\afig4iWbhfE.jpg,340253,
zL--W-Ky4o8,2ch 馴れ初め ストーリーズ,【2ch馴れ初め】卒業目前に内定取り消しされた美人幼馴染→高卒で起業した実業家の俺が雇った結果【ゆっくり】,20050,maxresdefault,E:\Data\ObsidianVault\02_Channels\馴れ初めシネマ\競合チャンネル分析\企画リサーチ_20260605\gcs_upload_staging\naresome_thumbnails\zL--W-Ky4o8.jpg,245159,
AnmndW2zj0g,ほろり感動馴れ初め話,【2ch馴れ初め】妻子を亡くし思い出の屋台で晩酌中、隠れて見てる孤独な少女→亡き娘が重なり声を掛けた結果【ゆっくり解説】,20020,maxresdefault,E:\Data\ObsidianVault\02_Channels\馴れ初めシネマ\競合チャンネル分析\企画リサーチ_20260605\gcs_upload_staging\naresome_thumbnails\AnmndW2zj0g.jpg,285268,
jTLW_UoKoA0,2ch馴れ初めラブレター,【2ch馴れ初め】お裾分けを持って来てくれた隣に住む少女 →容器に書かれたSOSの文字に気付いた結果...【ゆっくり】,20003,maxresdefault,E:\Data\ObsidianVault\02_Channels\馴れ初めシネマ\競合チャンネル分析\企画リサーチ_20260605\gcs_upload_staging\naresome_thumbnails\jTLW_UoKoA0.jpg,281224,
idHQJqNM78g,2ch馴れ初めヒストリー,【2ch馴れ初め】残業100時間の田舎支店へ配属された俺→IQ200の娘の一言で残業ゼロになった結果...【ゆっくり】,19973,maxresdefault,E:\Data\ObsidianVault\02_Channels\馴れ初めシネマ\競合チャンネル分析\企画リサーチ_20260605\gcs_upload_staging\naresome_thumbnails\idHQJqNM78g.jpg,315124,
0yad5bLb0IQ,2ch馴れ初めムービー,【2ch馴れ初め】薪ストーブがある俺のログハウスでくつろぐ不眠症の双子→その日以降、毎日俺の隣で爆睡するようになった結果【感動・ほっこり】,19930,maxresdefault,E:\Data\ObsidianVault\02_Channels\馴れ初めシネマ\競合チャンネル分析\企画リサーチ_20260605\gcs_upload_staging\naresome_thumbnails\0yad5bLb0IQ.jpg,361821,
coZHrmAxu10,2ch馴れ初め感動シネマ,【2ch馴れ初め】1000個のフルーツサンドを当日キャンセルされた貧乏親子→運送ドライバーの俺が丸ごと買い取った結果,19928,maxresdefault,E:\Data\ObsidianVault\02_Channels\馴れ初めシネマ\競合チャンネル分析\企画リサーチ_20260605\gcs_upload_staging\naresome_thumbnails\coZHrmAxu10.jpg,264282,
hPtGrUeY6Kk,2ch馴れ初めほっこり物語,【2ch馴れ初め】雨の中、行楽弁当を公園で必死で売る双子姉妹→社長の俺が全部買い取り社員に配った結果…【ゆっくり】,19927,maxresdefault,E:\Data\ObsidianVault\02_Channels\馴れ初めシネマ\競合チャンネル分析\企画リサーチ_20260605\gcs_upload_staging\naresome_thumbnails\hPtGrUeY6Kk.jpg,331711,
wOyoQ_E8BNo,2ch馴れ初めゆっくりで最愛,【2ch 馴れ初め】交差点で倒れ困っているお婆さんを助け会社に遅刻の連絡、すると上司から「もうお前の席ないからw」駆け付けた娘が鬼の形相となり…→後日上司から鬼電がかかってきた結果【ゆっくり】,19911,maxresdefault,E:\Data\ObsidianVault\02_Channels\馴れ初めシネマ\競合チャンネル分析\企画リサーチ_20260605\gcs_upload_staging\naresome_thumbnails\wOyoQ_E8BNo.jpg,264915,
pvk0-P5XiP8,2chなれそめストーリー2.0,【2ch馴れ初め】巨乳熟女が道に迷っていたので、目的地まで案内したら行ってしまった結果【ゆっくり解説】,19897,maxresdefault,E:\Data\ObsidianVault\02_Channels\馴れ初めシネマ\競合チャンネル分析\企画リサーチ_20260605\gcs_upload_staging\naresome_thumbnails\pvk0-P5XiP8.jpg,238210,
0FclLY34o18,ほろり感動馴れ初め話,【2ch馴れ初め】母親に酷い扱いをされるボロボロの少女→親族の集まりで目が合った結果【ゆっくり解説】,19884,maxresdefault,E:\Data\ObsidianVault\02_Channels\馴れ初めシネマ\競合チャンネル分析\企画リサーチ_20260605\gcs_upload_staging\naresome_thumbnails\0FclLY34o18.jpg,257123,
2FVjMnWz1X4,2ch馴れ初め感動シネマ,【2ch馴れ初め】退職代行でブラック企業を訪問した崖っぷち社長の俺→関東最大のヤクザ事務所だった結果,19862,maxresdefault,E:\Data\ObsidianVault\02_Channels\馴れ初めシネマ\競合チャンネル分析\企画リサーチ_20260605\gcs_upload_staging\naresome_thumbnails\2FVjMnWz1X4.jpg,347305,
Qn4xFCATZH8,2ch 馴れ初め ストーリーズ,【2ch馴れ初め】「妹ちゃんのご飯くだしゃい！」と全財産差し出す幼い少女→元大使館シェフがの俺が特製料理を振る舞った結果【ゆっくり】,19798,maxresdefault,E:\Data\ObsidianVault\02_Channels\馴れ初めシネマ\競合チャンネル分析\企画リサーチ_20260605\gcs_upload_staging\naresome_thumbnails\Qn4xFCATZH8.jpg,243615,
gSklVIMiPxk,2ch馴れ初め感動シネマ,【2ch馴れ初め】コネ入社の社長息子に身内営業を強制された組長息子の俺→お望み通り一家を紹介したった結果,19788,maxresdefault,E:\Data\ObsidianVault\02_Channels\馴れ初めシネマ\競合チャンネル分析\企画リサーチ_20260605\gcs_upload_staging\naresome_thumbnails\gSklVIMiPxk.jpg,370176,
7-RimSEa2PM,2ch 馴れ初め ストーリーズ,【2ch馴れ初め総集編】兄夫婦からボロボロ姉妹を300万で買った俺 → 愛情込めて育て上げ、本当の家族になった結果2ch可愛い子供の馴れ初め人気馴れ初め動画【作業用】【睡眠用】【ゆっくり】,19772,maxresdefault,E:\Data\ObsidianVault\02_Channels\馴れ初めシネマ\競合チャンネル分析\企画リサーチ_20260605\gcs_upload_staging\naresome_thumbnails\7-RimSEa2PM.jpg,336598,
8kxc_QO_Lic,2ch 馴れ初め ストーリーズ,【2ch馴れ初め】公園で出会った赤ちゃん→俺が引き取り家族になった結果【ゆっくり】,19771,maxresdefault,E:\Data\ObsidianVault\02_Channels\馴れ初めシネマ\競合チャンネル分析\企画リサーチ_20260605\gcs_upload_staging\naresome_thumbnails\8kxc_QO_Lic.jpg,332572,
-CsPgNi79MI,2ch馴れ初めムービー,【２ｃｈ馴れ初め】毎日たこ焼きを焼く所を隠れて見つめるボロボロ双子姉妹→自慢の秘伝ソースたっぷりのたこ焼きをご馳走した結果…【ほっこり】,19770,maxresdefault,E:\Data\ObsidianVault\02_Channels\馴れ初めシネマ\競合チャンネル分析\企画リサーチ_20260605\gcs_upload_staging\naresome_thumbnails\-CsPgNi79MI.jpg,289338,
Sm3DI3TwF3A,2ch馴れ初め感動シネマ,【2ch馴れ初め】配送先の夜間保育園で俺にだけ笑顔の赤ちゃん→DNA鑑定したら俺の娘だった結果...,19764,maxresdefault,E:\Data\ObsidianVault\02_Channels\馴れ初めシネマ\競合チャンネル分析\企画リサーチ_20260605\gcs_upload_staging\naresome_thumbnails\Sm3DI3TwF3A.jpg,350027,
pTtzO1J86ek,俺たちの馴れ初め,【2ch馴れ初め】ホームステイで訪れた金髪美女の過剰なスキンシップに振り回された結果…【ゆっくり】,19748,maxresdefault,E:\Data\ObsidianVault\02_Channels\馴れ初めシネマ\競合チャンネル分析\企画リサーチ_20260605\gcs_upload_staging\naresome_thumbnails\pTtzO1J86ek.jpg,208999,
A22H9fSMZmk,2chなれそめストーリー2.0,【2ch馴れ初め】休日に海に行ったら過激な水着姿の美人上司に遭遇してオイルを塗らされた【ゆっくり解説】,19714,maxresdefault,E:\Data\ObsidianVault\02_Channels\馴れ初めシネマ\競合チャンネル分析\企画リサーチ_20260605\gcs_upload_staging\naresome_thumbnails\A22H9fSMZmk.jpg,235232,
d0Ps7mI66Ug,2chの感動馴初め話,【2ch馴れ初め】「お母さんの音が消える…」雪の夜、補聴器を探す少女と出会った→15年後、まさかの結末が…【ゆっくり】,19656,maxresdefault,E:\Data\ObsidianVault\02_Channels\馴れ初めシネマ\競合チャンネル分析\企画リサーチ_20260605\gcs_upload_staging\naresome_thumbnails\d0Ps7mI66Ug.jpg,257291,
FMuGUNFlmSM,2ch馴れ初めラブレター,【2ch馴れ初め】豪雨の夜、納車前の修理が終わらない中現れたボロボロの母娘 →1人じゃ限界で手伝ってもらった結果 ...【ゆっくり】,19605,maxresdefault,E:\Data\ObsidianVault\02_Channels\馴れ初めシネマ\競合チャンネル分析\企画リサーチ_20260605\gcs_upload_staging\naresome_thumbnails\FMuGUNFlmSM.jpg,325067,
DRMA1oZvaXc,馴れ初め公園,【馴れ初め】山奥にある廃業寸前の民宿に現れた赤ん坊連れの老婆→もてなすと突然どこかへ電話をかけ始めた結果…【ゆっくり】,19604,maxresdefault,E:\Data\ObsidianVault\02_Channels\馴れ初めシネマ\競合チャンネル分析\企画リサーチ_20260605\gcs_upload_staging\naresome_thumbnails\DRMA1oZvaXc.jpg,336486,
yzuqevXNLD8,2chなれそめストーリー2.0,【2ch馴れ初め】大学受験で居残り勉強してたら、担任の女教師が合格したらご褒美をくれると言った結果【ゆっくり】,19590,maxresdefault,E:\Data\ObsidianVault\02_Channels\馴れ初めシネマ\競合チャンネル分析\企画リサーチ_20260605\gcs_upload_staging\naresome_thumbnails\yzuqevXNLD8.jpg,261077,
28RbeK0Iwwk,2ch 馴れ初め ストーリーズ,【2ch馴れ初め】残業月100時間のシステム保守部署に左遷された俺。IQ200娘と挨拶に行ったら…残業ゼロになった結果【ゆっくり】,19583,maxresdefault,E:\Data\ObsidianVault\02_Channels\馴れ初めシネマ\競合チャンネル分析\企画リサーチ_20260605\gcs_upload_staging\naresome_thumbnails\28RbeK0Iwwk.jpg,322190,
Iqw0sSvKjGg,2chなれそめストーリー2.0,【2ch馴れ初め】上司命令で取引先に営業へ行ったら、女社長に気に入られ、なぜかお見合いが始まってしまった結果【ゆっくり】,19513,maxresdefault,E:\Data\ObsidianVault\02_Channels\馴れ初めシネマ\競合チャンネル分析\企画リサーチ_20260605\gcs_upload_staging\naresome_thumbnails\Iqw0sSvKjGg.jpg,233349,
WWLqh909JdE,2ch 馴れ初め ストーリーズ,【2ch馴れ初め】病院の待合室で毎週見かける母娘→小児がん専門医の俺がある異変に気づいた結果【ゆっくり】,19502,maxresdefault,E:\Data\ObsidianVault\02_Channels\馴れ初めシネマ\競合チャンネル分析\企画リサーチ_20260605\gcs_upload_staging\naresome_thumbnails\WWLqh909JdE.jpg,235363,
hQeMrphd4_A,2ch馴れ初め感動シネマ,【2ch馴れ初め】美人鬼社長のワガママ双子を預かった窓際社員の俺→寝坊まみれで出社した結果...,19489,maxresdefault,E:\Data\ObsidianVault\02_Channels\馴れ初めシネマ\競合チャンネル分析\企画リサーチ_20260605\gcs_upload_staging\naresome_thumbnails\hQeMrphd4_A.jpg,248800,
Qqw9ZKUTRZk,2ch馴れ初め感動シネマ,【2ch馴れ初め】親戚が押し付けてきた発達障害の少女→同じく発達障害の俺が引き取った結果,19487,maxresdefault,E:\Data\ObsidianVault\02_Channels\馴れ初めシネマ\競合チャンネル分析\企画リサーチ_20260605\gcs_upload_staging\naresome_thumbnails\Qqw9ZKUTRZk.jpg,348682,
md-yJDIw_jU,2ch 馴れ初め ストーリーズ,【2ch馴れ初め】両親を喪い、施設送りにされそうな1歳の親戚の赤ちゃん→  妹を亡くした4歳の娘が「妹にするでしゅ！」と宣言した結果【ゆっくり】,19469,maxresdefault,E:\Data\ObsidianVault\02_Channels\馴れ初めシネマ\競合チャンネル分析\企画リサーチ_20260605\gcs_upload_staging\naresome_thumbnails\md-yJDIw_jU.jpg,321868,
QbEaVCb0FRs,2chなれそめストーリー2.0,【2ch馴れ初め】二次会で女部下の家で宅のみ。「今日は泊っていきます？」と言われたのでそのままヤッた結果【ゆっくり解説】,19459,maxresdefault,E:\Data\ObsidianVault\02_Channels\馴れ初めシネマ\競合チャンネル分析\企画リサーチ_20260605\gcs_upload_staging\naresome_thumbnails\QbEaVCb0FRs.jpg,253276,
vCUjGy5jqeY,2ch馴れ初めゆっくりで最愛,【2ch 馴れ初め】通勤ラッシュ時に駅の改札前で突然倒れたお婆さんを放っておけず大口契約の商談に遅刻した結果【ゆっくり】,19422,maxresdefault,E:\Data\ObsidianVault\02_Channels\馴れ初めシネマ\競合チャンネル分析\企画リサーチ_20260605\gcs_upload_staging\naresome_thumbnails\vCUjGy5jqeY.jpg,256852,
Keys4vEZMK0,俺たちの馴れ初め,【2ch馴れ初め】数年ぶりに再会した幼馴染が全身ボロボロで異臭を放っていた→心配だったので保護したら湯上がり姿を見てしまい迫られた結果…【ゆっくり】,19405,maxresdefault,E:\Data\ObsidianVault\02_Channels\馴れ初めシネマ\競合チャンネル分析\企画リサーチ_20260605\gcs_upload_staging\naresome_thumbnails\Keys4vEZMK0.jpg,230433,
hoVy1s-Z8ik,2chなれそめストーリー2.0,【2ch馴れ初め】毎日通うスーパーでお惣菜を買っていたら、レジのお姉さんが「ご飯作ってあげようか？」と誘ってきたので、連れて帰った結果【ゆっくり】,19386,maxresdefault,E:\Data\ObsidianVault\02_Channels\馴れ初めシネマ\競合チャンネル分析\企画リサーチ_20260605\gcs_upload_staging\naresome_thumbnails\hoVy1s-Z8ik.jpg,278947,
jAJKBU5GjYw,ほろり感動馴れ初め話,【2ch馴れ初め】夜泣きが止まらない隣人に異変を感じた俺→幼い少女が双子の妹をあやしてた結果【ゆっくり解説】,19385,maxresdefault,E:\Data\ObsidianVault\02_Channels\馴れ初めシネマ\競合チャンネル分析\企画リサーチ_20260605\gcs_upload_staging\naresome_thumbnails\jAJKBU5GjYw.jpg,254763,
4JeFzYeH0xY,2ch 馴れ初め ストーリーズ,【2ch馴れ初め】迷子の双子姉妹を家まで送り届けた無職の俺→実は近所で有名な豪邸に住む令嬢だった結果【ゆっくり】,19326,maxresdefault,E:\Data\ObsidianVault\02_Channels\馴れ初めシネマ\競合チャンネル分析\企画リサーチ_20260605\gcs_upload_staging\naresome_thumbnails\4JeFzYeH0xY.jpg,327112,
uSgdh5pP6YA,2chなれそめストーリー2.0,【2ch馴れ初め】俺の家に来た家庭教師と勉強していたら、ムズムズさせてたので、理由を聞いた結果【ゆっくり】,19307,maxresdefault,E:\Data\ObsidianVault\02_Channels\馴れ初めシネマ\競合チャンネル分析\企画リサーチ_20260605\gcs_upload_staging\naresome_thumbnails\uSgdh5pP6YA.jpg,255620,
FkTYgVYLAgU,2ch馴れ初め奇跡の出会い,【2ch馴れ初め】医者一家との結納の席で義兄に殴られた俺→望み通りに婚約破棄した結果...【ゆっくり】,19305,maxresdefault,E:\Data\ObsidianVault\02_Channels\馴れ初めシネマ\競合チャンネル分析\企画リサーチ_20260605\gcs_upload_staging\naresome_thumbnails\FkTYgVYLAgU.jpg,344782,
kIOpvsW6vO4,2ch 馴れ初め ストーリーズ,【2ch馴れ初め】高級店に門前払いされた双子連れボロボロ女性→正体に気づいた俺が即採用した結果【ゆっくり】,19280,maxresdefault,E:\Data\ObsidianVault\02_Channels\馴れ初めシネマ\競合チャンネル分析\企画リサーチ_20260605\gcs_upload_staging\naresome_thumbnails\kIOpvsW6vO4.jpg,226366,
5fbg0KiS4hI,2chなれそめストーリー2.0,【2ch馴れ初め】花火大会でボロボロになって号泣していたギャルが「彼氏を忘れさせて欲しい」と言ってきたので、気持ちよくしてあげた結果【ゆっくり解説】,19265,maxresdefault,E:\Data\ObsidianVault\02_Channels\馴れ初めシネマ\競合チャンネル分析\企画リサーチ_20260605\gcs_upload_staging\naresome_thumbnails\5fbg0KiS4hI.jpg,245231,
srfOPtv_Kyg,2ch 馴れ初め ストーリーズ,【2ch馴れ初め】再婚直後に連れ子の4歳の双子姉妹を置いて失踪した妻→絵本作家の俺が残された姉妹と「本当の家族」になった結果【ゆっくり】,19242,maxresdefault,E:\Data\ObsidianVault\02_Channels\馴れ初めシネマ\競合チャンネル分析\企画リサーチ_20260605\gcs_upload_staging\naresome_thumbnails\srfOPtv_Kyg.jpg,337596,
Q7LcuTfVQI0,2ch 馴れ初め ストーリーズ,【2ch馴れ初め】久しぶりに祖母の家に遊びに来た俺→縁側で4歳と1歳の姉妹がお昼寝していた結果【ゆっくり】,19148,maxresdefault,E:\Data\ObsidianVault\02_Channels\馴れ初めシネマ\競合チャンネル分析\企画リサーチ_20260605\gcs_upload_staging\naresome_thumbnails\Q7LcuTfVQI0.jpg,223739,
tbvtOysz8iA,2ch 馴れ初め ストーリーズ,【2ch馴れ初め】両親が亡くなり、俺を頼ってきた幼い姉妹→家業を継ぐ為、実家に帰る俺が引き取った結果【ゆっくり】,19119,maxresdefault,E:\Data\ObsidianVault\02_Channels\馴れ初めシネマ\競合チャンネル分析\企画リサーチ_20260605\gcs_upload_staging\naresome_thumbnails\tbvtOysz8iA.jpg,344306,
Xa6AQYa66YQ,2ch馴れ初め感動シネマ,【2ch馴れ初め】廃業寸前の俺の法律事務所に面接に来たボロボロの老婆→即戦力だったのですぐ顧問として採用した結果,19089,maxresdefault,E:\Data\ObsidianVault\02_Channels\馴れ初めシネマ\競合チャンネル分析\企画リサーチ_20260605\gcs_upload_staging\naresome_thumbnails\Xa6AQYa66YQ.jpg,267080,
l4cMCzVAn9Q,2ch 馴れ初め ストーリーズ,【2ch馴れ初め】1歳の愛娘と毎日遊んでくれるボロボロ少女→  お礼に可愛い洋服をプレゼントした結果【ゆっくり】,19066,maxresdefault,E:\Data\ObsidianVault\02_Channels\馴れ初めシネマ\競合チャンネル分析\企画リサーチ_20260605\gcs_upload_staging\naresome_thumbnails\l4cMCzVAn9Q.jpg,251218,
PHuJUvFRWpg,2chの感動馴初め話,【2ch馴れ初め】車椅子の少女が火事で逃げ遅れ助けた俺が顔に火傷を負った→10年後に少女に再会した結果…【ゆっくり解説】,19020,maxresdefault,E:\Data\ObsidianVault\02_Channels\馴れ初めシネマ\競合チャンネル分析\企画リサーチ_20260605\gcs_upload_staging\naresome_thumbnails\PHuJUvFRWpg.jpg,266312,
8zUrRk9nDYI,ほろり感動馴れ初め話,【2ch馴れ初め】見失った娘を助けてくれた双子少女→実家に連れて一緒に住んだ結果…【ゆっくり】,19017,maxresdefault,E:\Data\ObsidianVault\02_Channels\馴れ初めシネマ\競合チャンネル分析\企画リサーチ_20260605\gcs_upload_staging\naresome_thumbnails\8zUrRk9nDYI.jpg,260543,
ox5E8QgObLU,2ch馴れ初めゆっくりで最愛,【2ch 馴れ初め】中卒が理由で解雇され路頭に迷っている元生徒会長→建設会社社長の俺が空き部屋を提供し雇った結果【ゆっくり】,18985,maxresdefault,E:\Data\ObsidianVault\02_Channels\馴れ初めシネマ\競合チャンネル分析\企画リサーチ_20260605\gcs_upload_staging\naresome_thumbnails\ox5E8QgObLU.jpg,269087,
mQKPamEIN6M,2ch馴れ初め奇跡の出会い,【2ch馴れ初め】シェフを引き抜かれ廃業のピンチに涙目の美人ホテルオーナー →元三ツ星料理長で現清掃員の俺が手を貸した結果...【ゆっくり】,18966,maxresdefault,E:\Data\ObsidianVault\02_Channels\馴れ初めシネマ\競合チャンネル分析\企画リサーチ_20260605\gcs_upload_staging\naresome_thumbnails\mQKPamEIN6M.jpg,338411,
4ftLaVbiXuc,2chの感動馴初め話,隣に住んでるシングルマザーの双子の娘を出張だからと3日間だけ預かった結果【2ch馴れ初め】【ゆっくり解説】,18871,maxresdefault,E:\Data\ObsidianVault\02_Channels\馴れ初めシネマ\競合チャンネル分析\企画リサーチ_20260605\gcs_upload_staging\naresome_thumbnails\4ftLaVbiXuc.jpg,229726,
Ff3uuRtTiXQ,2ch馴れ初めタイムトラベル,【2ch馴れ初め】転校初日に娘が5分で帰宅 →ブチギレた俺（文科省）が校長を呼び出した結果...【ゆっくり】,18744,maxresdefault,E:\Data\ObsidianVault\02_Channels\馴れ初めシネマ\競合チャンネル分析\企画リサーチ_20260605\gcs_upload_staging\naresome_thumbnails\Ff3uuRtTiXQ.jpg,253326,
rqxGv-VttuI,2ch馴れ初めラブレター,【2ch馴れ初め】妻を亡くし2人の娘を育てるシングルファーザーの俺 →会社のバーベキューに誘われた結果 ...【ゆっくり】,18628,maxresdefault,E:\Data\ObsidianVault\02_Channels\馴れ初めシネマ\競合チャンネル分析\企画リサーチ_20260605\gcs_upload_staging\naresome_thumbnails\rqxGv-VttuI.jpg,299411,
GpnjgDlzGuY,2chなれそめストーリー2.0,【2ch馴れ初め】大人のおもちゃを買いに行ったら会計中の鬼上司と遭遇してしまった結果【ゆっくり】,18592,maxresdefault,E:\Data\ObsidianVault\02_Channels\馴れ初めシネマ\競合チャンネル分析\企画リサーチ_20260605\gcs_upload_staging\naresome_thumbnails\GpnjgDlzGuY.jpg,217051,
NIzIPYi5HNc,2ch 馴れ初め ストーリーズ,【2ch馴れ初め】記憶にないはずの場所に行きたがる4歳の娘→連れて行くと、離婚した元妻が引き取った双子の妹が待っていた結果【ゆっくり】,18576,maxresdefault,E:\Data\ObsidianVault\02_Channels\馴れ初めシネマ\競合チャンネル分析\企画リサーチ_20260605\gcs_upload_staging\naresome_thumbnails\NIzIPYi5HNc.jpg,348938,
r00ugzfu3go,2ch馴れ初めヒストリー,【2ch馴れ初め】突然クビ宣告された天才プログラマーの俺とパート女性→彼女を誘って二人で起業した結果...【ゆっくり】,18575,maxresdefault,E:\Data\ObsidianVault\02_Channels\馴れ初めシネマ\競合チャンネル分析\企画リサーチ_20260605\gcs_upload_staging\naresome_thumbnails\r00ugzfu3go.jpg,311976,
ejGpQxMbOCc,ほろり感動馴れ初め話,【2ch馴れ初め】話しかけても無表情で気味が悪いと言われる赤ん坊→耳鼻科医の俺が一時的に引き取った結果【ゆっくり解説】,18549,maxresdefault,E:\Data\ObsidianVault\02_Channels\馴れ初めシネマ\競合チャンネル分析\企画リサーチ_20260605\gcs_upload_staging\naresome_thumbnails\ejGpQxMbOCc.jpg,283033,
aN-UFeWCNRQ,2chの感動馴初め話,【2ch馴れ初め】節約男子の俺がスパイスからカレーを作っていたら、パン耳持った双子が突入してきた結果【ゆっくり解説】,18544,maxresdefault,E:\Data\ObsidianVault\02_Channels\馴れ初めシネマ\競合チャンネル分析\企画リサーチ_20260605\gcs_upload_staging\naresome_thumbnails\aN-UFeWCNRQ.jpg,237429,
5lDFo2zTqxc,2ch馴れ初めムービー,【２ｃｈ馴れ初め】 廃業寸前のケーキ屋に面接に来た路頭に迷う貧乏親子→神の舌を持つ娘の直感で採用した結果【感動名作】,18527,maxresdefault,E:\Data\ObsidianVault\02_Channels\馴れ初めシネマ\競合チャンネル分析\企画リサーチ_20260605\gcs_upload_staging\naresome_thumbnails\5lDFo2zTqxc.jpg,279648,
4psonwZrI_Q,ほろり感動馴れ初め話,【2ch馴れ初め】娘とお風呂に入ろうとした俺→見知らぬ赤ちゃんと入っていた結果【ゆっくり解説】,18520,maxresdefault,E:\Data\ObsidianVault\02_Channels\馴れ初めシネマ\競合チャンネル分析\企画リサーチ_20260605\gcs_upload_staging\naresome_thumbnails\4psonwZrI_Q.jpg,224013,
0g_6A06VQn8,2ch馴れ初めラブレター,【2ch馴れ初め】いつも幼い娘と遊んでくれる貧乏少女 →夜の住宅街で大泣きしていたので話を聞いた結果 ...【ゆっくり】,18518,maxresdefault,E:\Data\ObsidianVault\02_Channels\馴れ初めシネマ\競合チャンネル分析\企画リサーチ_20260605\gcs_upload_staging\naresome_thumbnails\0g_6A06VQn8.jpg,295751,
Gs8YB4uUvJM,2chの感動馴初め話,【2ch馴れ初め】妊娠中の妻を亡くし絶望する俺→祖母から愛犬を守り逃げて来た少女と出会った結果【ゆっくり】,18507,maxresdefault,E:\Data\ObsidianVault\02_Channels\馴れ初めシネマ\競合チャンネル分析\企画リサーチ_20260605\gcs_upload_staging\naresome_thumbnails\Gs8YB4uUvJM.jpg,300783,
rpS_ezAPyuE,ほろり感動馴れ初め話,【2ch馴れ初め】最終面接で遅刻しジャージで現れた終活女子→面接中に俺の双子の娘が突入してきた結果【ゆっくり解説】,18503,maxresdefault,E:\Data\ObsidianVault\02_Channels\馴れ初めシネマ\競合チャンネル分析\企画リサーチ_20260605\gcs_upload_staging\naresome_thumbnails\rpS_ezAPyuE.jpg,227981,
_u4XG7wM4Rk,2chの感動馴初め話,【2ch馴れ初め】極寒の夜、バランダに放置された震える双子→異変を感じ俺の実家に連れ帰った結果…【ゆっくり解説】,18494,maxresdefault,E:\Data\ObsidianVault\02_Channels\馴れ初めシネマ\競合チャンネル分析\企画リサーチ_20260605\gcs_upload_staging\naresome_thumbnails\_u4XG7wM4Rk.jpg,248810,
JfslbzI2JY8,2chなれそめストーリー2.0,【2ch馴れ初め総集編】デパ地下の隅っこの試食品コーナーで必死に熟女が営業していたので、毎日買いに行ったら本人を買わされた… 2chなれそめストーリーの人気動画をまとめてみた！,18490,maxresdefault,E:\Data\ObsidianVault\02_Channels\馴れ初めシネマ\競合チャンネル分析\企画リサーチ_20260605\gcs_upload_staging\naresome_thumbnails\JfslbzI2JY8.jpg,223359,
V6MmueMxUHk,2chの感動馴初め話,【2ch馴れ初め】息子と遊んでくれた路地裏に住む双子少女→俺が営むレコード店の2回に住まわせた結果【ゆっくり解説】,18457,maxresdefault,E:\Data\ObsidianVault\02_Channels\馴れ初めシネマ\競合チャンネル分析\企画リサーチ_20260605\gcs_upload_staging\naresome_thumbnails\V6MmueMxUHk.jpg,262547,
QO7Ag19Flfo,2ch馴れ初めタイムトラベル,【2ch馴れ初め】発達障害だと捨てられた双子を引き取った酪農家の俺→牛の前で初めて喋った双子、まさかの天才だった結果...【ゆっくり】,18434,maxresdefault,E:\Data\ObsidianVault\02_Channels\馴れ初めシネマ\競合チャンネル分析\企画リサーチ_20260605\gcs_upload_staging\naresome_thumbnails\QO7Ag19Flfo.jpg,344477,
9i46kvmJCSs,2ch 馴れ初め ストーリーズ,【2ch馴れ初め】大雪の夜、ダンボールの中で震えていた双子の赤ちゃん→愛犬の豆柴がそっと双子に寄り添った結果【ゆっくり】,18348,maxresdefault,E:\Data\ObsidianVault\02_Channels\馴れ初めシネマ\競合チャンネル分析\企画リサーチ_20260605\gcs_upload_staging\naresome_thumbnails\9i46kvmJCSs.jpg,340364,
njxfPwI7W2g,2ch馴れ初め感動シネマ,【2ch馴れ初め】母親の借金を返すため、なけなしの5円玉を差し出すボロボロの双子姉妹→天涯孤独のヤクザの俺が連れて帰った結果,18304,maxresdefault,E:\Data\ObsidianVault\02_Channels\馴れ初めシネマ\競合チャンネル分析\企画リサーチ_20260605\gcs_upload_staging\naresome_thumbnails\njxfPwI7W2g.jpg,331736,
Q3uyT3b68Ms,2chの感動馴初め話,【2ch馴れ初め】橋の上で3歳の娘と心中を図る追い詰められた母親→施設育ちの天涯孤独の俺が激怒した結果…【ゆっくり解説】,18294,maxresdefault,E:\Data\ObsidianVault\02_Channels\馴れ初めシネマ\競合チャンネル分析\企画リサーチ_20260605\gcs_upload_staging\naresome_thumbnails\Q3uyT3b68Ms.jpg,250435,
KKCezDGVLdU,俺たちの馴れ初め,【2ch馴れ初め】両想いだった幼馴染と震災で離ればなれに15年後、海外の出張先で再会した結果...【ゆっくり】,18283,maxresdefault,E:\Data\ObsidianVault\02_Channels\馴れ初めシネマ\競合チャンネル分析\企画リサーチ_20260605\gcs_upload_staging\naresome_thumbnails\KKCezDGVLdU.jpg,247510,
-bNYw2UbOn4,2ch 馴れ初め ストーリーズ,【2ch馴れ初め】寂れたラーメン屋の前で必死に客寄せする双子姉妹→熱意に根負けして入店した結果【ゆっくり】,18269,maxresdefault,E:\Data\ObsidianVault\02_Channels\馴れ初めシネマ\競合チャンネル分析\企画リサーチ_20260605\gcs_upload_staging\naresome_thumbnails\-bNYw2UbOn4.jpg,218353,
ziQuNEm--Kc,2ch感動の馴れ初め話,【2ch馴れ初め】車椅子の受験生姉を必死に起こそうとする妹、放っておけず会場まで送り届けた結果【ゆっくり動画】,18259,maxresdefault,E:\Data\ObsidianVault\02_Channels\馴れ初めシネマ\競合チャンネル分析\企画リサーチ_20260605\gcs_upload_staging\naresome_thumbnails\ziQuNEm--Kc.jpg,320480,
sakOmDvUDok,2ch馴れ初め奇跡の出会い,【2ch馴れ初め】10年振りの同窓会でエリート医師に見下されるキモオタの俺 →急病人がいたのでドイツ医学部卒の俺が完璧な処置をした結果...【ゆっくり】,18140,maxresdefault,E:\Data\ObsidianVault\02_Channels\馴れ初めシネマ\競合チャンネル分析\企画リサーチ_20260605\gcs_upload_staging\naresome_thumbnails\sakOmDvUDok.jpg,322549,
4UKBrBeWrAk,ほろり感動馴れ初め話,【2ch馴れ初め】親友が亡くなり見捨てられたボロボロの姉妹→仕事をクビになり故郷に帰った俺が引き取った結果…【ゆっくり】,18119,maxresdefault,E:\Data\ObsidianVault\02_Channels\馴れ初めシネマ\競合チャンネル分析\企画リサーチ_20260605\gcs_upload_staging\naresome_thumbnails\4UKBrBeWrAk.jpg,251262,
WjHfU21v7CE,2ch 馴れ初め ストーリーズ,【2ch馴れ初め】他界した従兄夫婦の娘と赤ちゃんを引き取った俺→後日、姉妹の祖父と名乗る超大手IT企業社長が現れた結果【ゆっくり】,18118,maxresdefault,E:\Data\ObsidianVault\02_Channels\馴れ初めシネマ\競合チャンネル分析\企画リサーチ_20260605\gcs_upload_staging\naresome_thumbnails\WjHfU21v7CE.jpg,340457,
XKb6s11PhiE,2chの感動馴初め話,【2ch馴れ初め】娘との思い出の海辺で最後の夜を過ごす俺→消えたはずの娘が現れた結果【ゆっくり】,18112,maxresdefault,E:\Data\ObsidianVault\02_Channels\馴れ初めシネマ\競合チャンネル分析\企画リサーチ_20260605\gcs_upload_staging\naresome_thumbnails\XKb6s11PhiE.jpg,309618,
Cuyq5b0IqAk,2chの感動馴初め話,【2ch馴れ初め】俺の家の布団の間で昼寝していた少女→翌日、人見知りな野良猫も増えた結果【ゆっくり解説】,18088,maxresdefault,E:\Data\ObsidianVault\02_Channels\馴れ初めシネマ\競合チャンネル分析\企画リサーチ_20260605\gcs_upload_staging\naresome_thumbnails\Cuyq5b0IqAk.jpg,272184,
C1iZzD2ogNQ,2chなれそめストーリー2.0,【2ch馴れ初め】毎日しつこく営業にくる美熟女→契約する替わりにに1回お願いした結果【ゆっくり解説】,18085,maxresdefault,E:\Data\ObsidianVault\02_Channels\馴れ初めシネマ\競合チャンネル分析\企画リサーチ_20260605\gcs_upload_staging\naresome_thumbnails\C1iZzD2ogNQ.jpg,251083,
4jyH4gSduGU,2chの感動馴初め話,【2ch馴れ初め】母を亡くし不登校になった娘に毎日プリントを届ける足を引きずる少女→整形外科医の俺が足を治した結果【ゆっくり解説】,18029,maxresdefault,E:\Data\ObsidianVault\02_Channels\馴れ初めシネマ\競合チャンネル分析\企画リサーチ_20260605\gcs_upload_staging\naresome_thumbnails\4jyH4gSduGU.jpg,263088,
jntaadn6mpw,俺たちの馴れ初め,【2ch馴れ初め】　毎朝同じカフェで顔を合わせる美人OL→空席だらけなのに毎回俺の隣に座ってきた結果...　【ゆっくり】,18007,maxresdefault,E:\Data\ObsidianVault\02_Channels\馴れ初めシネマ\競合チャンネル分析\企画リサーチ_20260605\gcs_upload_staging\naresome_thumbnails\jntaadn6mpw.jpg,256017,
Vz-jip_atzw,2ch馴れ初め感動シネマ,【2ch馴れ初め】歯医者で勝手に歯を抜かれ号泣する一人娘→組長の俺がブチギレた結果,17992,maxresdefault,E:\Data\ObsidianVault\02_Channels\馴れ初めシネマ\競合チャンネル分析\企画リサーチ_20260605\gcs_upload_staging\naresome_thumbnails\Vz-jip_atzw.jpg,352678,
HRcyvyUj_I8,2ch 馴れ初め ストーリーズ,【2ch馴れ初め総集編】食欲がありすぎて気味が悪いと育児放棄姪の赤ちゃん → 元スポーツ選手の俺が引き取った結果2ch可愛い子供の馴れ初め人気馴れ初め動画【作業用】【睡眠用】【ゆっくり】,17987,maxresdefault,E:\Data\ObsidianVault\02_Channels\馴れ初めシネマ\競合チャンネル分析\企画リサーチ_20260605\gcs_upload_staging\naresome_thumbnails\HRcyvyUj_I8.jpg,333549,
yXtzrAV2Q6Y,2ch 馴れ初め ストーリーズ,【2ch馴れ初め】ネグレクトを受ける親戚の1歳の赤ちゃんを預かった俺→ある日の休日、会社の美人同僚にバッタリ会った結果【ゆっくり】,17965,maxresdefault,E:\Data\ObsidianVault\02_Channels\馴れ初めシネマ\競合チャンネル分析\企画リサーチ_20260605\gcs_upload_staging\naresome_thumbnails\yXtzrAV2Q6Y.jpg,238065,
FUfxm1Yj7pg,2chの感動馴初め話,【2ch馴れ初め】赤ん坊を抱き夜逃げする喘息持ちの少女→医者一族で落ちこぼれの俺が実家に連れ帰った結果【ゆっくり】,17954,maxresdefault,E:\Data\ObsidianVault\02_Channels\馴れ初めシネマ\競合チャンネル分析\企画リサーチ_20260605\gcs_upload_staging\naresome_thumbnails\FUfxm1Yj7pg.jpg,249493,
w0dUfOnGDug,2ch馴れ初めムービー,【２ｃｈ馴れ初め】母を助けるため弁当屋で一生懸命呼び込みする３歳のボロボロの少女→大家族の俺が身内の集まりで親戚全員分の弁当を購入した結果,17902,maxresdefault,E:\Data\ObsidianVault\02_Channels\馴れ初めシネマ\競合チャンネル分析\企画リサーチ_20260605\gcs_upload_staging\naresome_thumbnails\w0dUfOnGDug.jpg,264715,
WcBl-EFKwFE,2ch馴れ初め奇跡の出会い,【2ch馴れ初め】同窓会300人の前でエリート同級生に見下される俺→急病人がいたので完璧な処置をした結果...【ゆっくり】,17900,maxresdefault,E:\Data\ObsidianVault\02_Channels\馴れ初めシネマ\競合チャンネル分析\企画リサーチ_20260605\gcs_upload_staging\naresome_thumbnails\WcBl-EFKwFE.jpg,328303,
w6X0s60WJBo,2ch感動の馴れ初め話,【2ch馴れ初め】声を枯らして母のからあげ弁当を売る幼い姉妹、現場監督の俺が職人30人分購入した結果【ゆっくり動画】,17899,maxresdefault,E:\Data\ObsidianVault\02_Channels\馴れ初めシネマ\競合チャンネル分析\企画リサーチ_20260605\gcs_upload_staging\naresome_thumbnails\w6X0s60WJBo.jpg,336223,
t0K5fcdXn7I,2chの感動馴初め話,【2ch馴れ初め】庭で体を洗う記憶を失くした青あざ少女→離婚した元妻の元に行った娘だった結果【ゆっくり】,17866,maxresdefault,E:\Data\ObsidianVault\02_Channels\馴れ初めシネマ\競合チャンネル分析\企画リサーチ_20260605\gcs_upload_staging\naresome_thumbnails\t0K5fcdXn7I.jpg,325797,
kR6eiAmZsB0,2ch馴れ初めムービー,【２ｃｈ馴れ初め】廃業寸前のボロボロおにぎり屋を必死に経営する貧乏４人母娘→農閑期に1人車中泊で旅中の代々米農家の俺が手を貸した結果…【ほっこり】,17853,maxresdefault,E:\Data\ObsidianVault\02_Channels\馴れ初めシネマ\競合チャンネル分析\企画リサーチ_20260605\gcs_upload_staging\naresome_thumbnails\kR6eiAmZsB0.jpg,284201,
ZIGaO_EnsWE,2ch 馴れ初め ストーリーズ,【2ch馴れ初め】犬の散歩中に迷子になってしまった双子姉妹→家まで送り届けると、驚きの光景が目の前に…【ゆっくり】,17850,maxresdefault,E:\Data\ObsidianVault\02_Channels\馴れ初めシネマ\競合チャンネル分析\企画リサーチ_20260605\gcs_upload_staging\naresome_thumbnails\ZIGaO_EnsWE.jpg,224862,
tJmag4pC5-c,2chの感動馴初め話,「これでママの料理を作って…」亡き母の料理が食べたいとレシピ本を持ってきたガリガリ双子姉妹→廃業寸前の定食屋を営む俺が再現した結果…【2ch馴れ初め】【ゆっくり解説】,17817,maxresdefault,E:\Data\ObsidianVault\02_Channels\馴れ初めシネマ\競合チャンネル分析\企画リサーチ_20260605\gcs_upload_staging\naresome_thumbnails\tJmag4pC5-c.jpg,260210,
5a4zCn2Nu-E,2chなれそめストーリー2.0,【2ch馴れ初め】毎回シフトが同じになるバイトの女子大生に「今日うちで飲みませんか？」と誘われたので、酔った勢いでヤッてしまった結果【ゆっくり解説】,17805,hqdefault,E:\Data\ObsidianVault\02_Channels\馴れ初めシネマ\競合チャンネル分析\企画リサーチ_20260605\gcs_upload_staging\naresome_thumbnails\5a4zCn2Nu-E.jpg,46643,
C_IKNML5qDg,2ch 馴れ初め ストーリーズ,【2ch馴れ初め】お腹を空かせたボロボロ少女に俺の1人焼肉をご馳走した結果カワイイ娘と嫁が出来た,17799,maxresdefault,E:\Data\ObsidianVault\02_Channels\馴れ初めシネマ\競合チャンネル分析\企画リサーチ_20260605\gcs_upload_staging\naresome_thumbnails\C_IKNML5qDg.jpg,262637,
4EFnIEAxBNY,俺たちの馴れ初め,【2ch馴れ初め】葬式で夫の残した借金の取り立てに来たヤクザに怯える未亡人→ただの親戚と思われてる俺が本性を出した結果...【ゆっくり】,17754,maxresdefault,E:\Data\ObsidianVault\02_Channels\馴れ初めシネマ\競合チャンネル分析\企画リサーチ_20260605\gcs_upload_staging\naresome_thumbnails\4EFnIEAxBNY.jpg,295484,
9v9qVsGcmmM,2chの感動馴初め話,卒業式後に炊き出し会場に行く貧乏親子→放っておけず焼肉食べ放題に誘った結果…【2ch馴れ初め】【ゆっくり解説】,17741,maxresdefault,E:\Data\ObsidianVault\02_Channels\馴れ初めシネマ\競合チャンネル分析\企画リサーチ_20260605\gcs_upload_staging\naresome_thumbnails\9v9qVsGcmmM.jpg,291170,
F5qzES9tyhM,2ch 馴れ初め ストーリーズ,【2ch馴れ初め】遺産目当ての親戚に搾取されそうな赤ちゃんを引き取った俺→IQ200の天才である4歳の娘がブチギレて本気を出した結果…【ゆっくり】,17720,maxresdefault,E:\Data\ObsidianVault\02_Channels\馴れ初めシネマ\競合チャンネル分析\企画リサーチ_20260605\gcs_upload_staging\naresome_thumbnails\F5qzES9tyhM.jpg,321748,
jD9T0w65DEI,2ch 馴れ初め ストーリーズ,【2ch馴れ初め】弟が亡くなり孤独になった姪姉妹→旅館を継ぐため故郷に戻る俺が引き取った結果【ゆっくり】,17712,maxresdefault,E:\Data\ObsidianVault\02_Channels\馴れ初めシネマ\競合チャンネル分析\企画リサーチ_20260605\gcs_upload_staging\naresome_thumbnails\jD9T0w65DEI.jpg,360035,
pYa2LEyzZrk,2ch馴れ初めラブレター,【2ch馴れ初め】雨の夜窓に浮かぶ無数の手形と泣く少女 →異変を感じて少女を保護した結果...【ゆっくり】,17707,maxresdefault,E:\Data\ObsidianVault\02_Channels\馴れ初めシネマ\競合チャンネル分析\企画リサーチ_20260605\gcs_upload_staging\naresome_thumbnails\pYa2LEyzZrk.jpg,324193,
Uy9bEDkgjis,2ch 馴れ初め ストーリーズ,【2ch馴れ初め総集編】他界した親戚夫婦の双子の赤ちゃんを引き取った俺 → 後日、姉妹の祖父と名乗る資産家が訪ねて来た結果2ch可愛い子供の馴れ初め人気馴れ初め動画【作業用】【睡眠用】【ゆっくり】,17689,maxresdefault,E:\Data\ObsidianVault\02_Channels\馴れ初めシネマ\競合チャンネル分析\企画リサーチ_20260605\gcs_upload_staging\naresome_thumbnails\Uy9bEDkgjis.jpg,348222,
RdUv3cft7-c,2ch 馴れ初め ストーリーズ,【2ch馴れ初め総集編】高熱で苦しむ俺の代わりに娘が女上司に病欠連絡→上司の赤ちゃんが電話対応した結果 2chほっこり馴れ初め人気馴れ初め動画まとめてみた！【作業用】【ゆっくり】,17672,maxresdefault,E:\Data\ObsidianVault\02_Channels\馴れ初めシネマ\競合チャンネル分析\企画リサーチ_20260605\gcs_upload_staging\naresome_thumbnails\RdUv3cft7-c.jpg,233668,
Drw0gE7f9Z4,馴れ初め公園,【馴れ初め】早朝の公園で家に帰りたくないと言う少女と遭遇→婦警の母がいる実家に連れて行った結果…【ゆっくり】,17662,maxresdefault,E:\Data\ObsidianVault\02_Channels\馴れ初めシネマ\競合チャンネル分析\企画リサーチ_20260605\gcs_upload_staging\naresome_thumbnails\Drw0gE7f9Z4.jpg,329592,
kQXGoWssty0,2ch 馴れ初め ストーリーズ,【2ch馴れ初め】医者の兄夫婦に捨てられた4歳の姪→俺が引き取ると...「妖精」と呼ばれる体操の天才だった結果【ゆっくり】,17647,maxresdefault,E:\Data\ObsidianVault\02_Channels\馴れ初めシネマ\競合チャンネル分析\企画リサーチ_20260605\gcs_upload_staging\naresome_thumbnails\kQXGoWssty0.jpg,245663,
wYWGEGu7_Ws,2chなれそめストーリー2.0,【2ch馴れ初め】憧れだった先輩がある日義姉になったので親密になった結果【ゆっくり解説】,17622,maxresdefault,E:\Data\ObsidianVault\02_Channels\馴れ初めシネマ\競合チャンネル分析\企画リサーチ_20260605\gcs_upload_staging\naresome_thumbnails\wYWGEGu7_Ws.jpg,225072,
jqHgWLWoYf0,2ch 馴れ初め ストーリーズ,【2ch馴れ初め】休日に近所の公園で愛娘と遊んでいたら…→ 知らない赤ちゃんが突入してきた結果【ゆっくり】,17578,maxresdefault,E:\Data\ObsidianVault\02_Channels\馴れ初めシネマ\競合チャンネル分析\企画リサーチ_20260605\gcs_upload_staging\naresome_thumbnails\jqHgWLWoYf0.jpg,233794,
gV3fUouRR_g,2ch馴れ初めほっこり物語,【2ch馴れ初め】一生独身で早期退職を目指していた俺だったが・・・→日課の散歩中、ボロボロ母娘と出会ってしまった結果…【ゆっくり】,17526,maxresdefault,E:\Data\ObsidianVault\02_Channels\馴れ初めシネマ\競合チャンネル分析\企画リサーチ_20260605\gcs_upload_staging\naresome_thumbnails\gV3fUouRR_g.jpg,343026,
33yxkcp5jcM,2ch 馴れ初め ストーリーズ,【2ch馴れ初め】子連れで採用面接に来たかつて「天才」と言われた幼馴染→倒産寸前社長の俺が右腕として採用した結果【ゆっくり】,17497,maxresdefault,E:\Data\ObsidianVault\02_Channels\馴れ初めシネマ\競合チャンネル分析\企画リサーチ_20260605\gcs_upload_staging\naresome_thumbnails\33yxkcp5jcM.jpg,233718,
HqrpG7irZfg,2ch馴れ初めラブレター,【2ch馴れ初め】ボサボサのコミュ障女性に財布を拾ってもらった俺 →娘が懐いて気づけば結婚していた結果...【ゆっくり】,17494,maxresdefault,E:\Data\ObsidianVault\02_Channels\馴れ初めシネマ\競合チャンネル分析\企画リサーチ_20260605\gcs_upload_staging\naresome_thumbnails\HqrpG7irZfg.jpg,314801,
f23YtqhIx9A,2ch 馴れ初め ストーリーズ,【2ch馴れ初め】夜逃げした親に見捨てられた1歳の双子の赤ちゃん→ヤクザ若頭の俺が家族として迎えた結果【ゆっくり】,17449,maxresdefault,E:\Data\ObsidianVault\02_Channels\馴れ初めシネマ\競合チャンネル分析\企画リサーチ_20260605\gcs_upload_staging\naresome_thumbnails\f23YtqhIx9A.jpg,348014,
Fvee4fF010c,2ch馴れ初め感動シネマ,【2ch馴れ初め】クリスマスなのに客ゼロの廃業寸前のケーキ屋→元三ツ星シェフの俺が手を貸した結果,17358,maxresdefault,E:\Data\ObsidianVault\02_Channels\馴れ初めシネマ\競合チャンネル分析\企画リサーチ_20260605\gcs_upload_staging\naresome_thumbnails\Fvee4fF010c.jpg,349496,
gUwhtk7tRls,2ch 馴れ初め ストーリーズ,【2ch馴れ初め】発達障害だと施設に捨てられた実はIQ200の赤ちゃん→IQ200の天才娘が自分と同じと見抜き引き取ると言った結果【ゆっくり】,17357,maxresdefault,E:\Data\ObsidianVault\02_Channels\馴れ初めシネマ\競合チャンネル分析\企画リサーチ_20260605\gcs_upload_staging\naresome_thumbnails\gUwhtk7tRls.jpg,339437,
Vi6gkdOzP7I,2chの感動馴初め話,家族から追い出された孤独なヨレヨレの婆さんが、俺の営む廃業寸前の弁当屋の面接に→娘の直感で雇った結果…【2ch馴れ初め】【ゆっくり解説】,17351,maxresdefault,E:\Data\ObsidianVault\02_Channels\馴れ初めシネマ\競合チャンネル分析\企画リサーチ_20260605\gcs_upload_staging\naresome_thumbnails\Vi6gkdOzP7I.jpg,237393,
-kJGxyO3BnU,2ch 馴れ初め ストーリーズ,【2ch馴れ初め】スタッフ全員引き抜き＆悪質レビューで倒産寸前のカフェ女店主→IQ200の娘がブチギレて本気を出した結果【ゆっくり】,17317,maxresdefault,E:\Data\ObsidianVault\02_Channels\馴れ初めシネマ\競合チャンネル分析\企画リサーチ_20260605\gcs_upload_staging\naresome_thumbnails\-kJGxyO3BnU.jpg,327074,
OYU3ishF7pM,2ch馴れ初めムービー,【２ｃｈ馴れ初め】みるみる痩せる隣の生活保護のボロボロ双子姉妹、秋日和の1人豪華海鮮BBQパーティーに招待した結果…【ほっこり】,17301,maxresdefault,E:\Data\ObsidianVault\02_Channels\馴れ初めシネマ\競合チャンネル分析\企画リサーチ_20260605\gcs_upload_staging\naresome_thumbnails\OYU3ishF7pM.jpg,317864,
DLjOVTMikiE,2chの感動馴初め話,【2ch馴れ初め】親に放置されていたアルビノの少女 →娘を亡くした俺が家族として迎えた結果...【ゆっくり】,17292,maxresdefault,E:\Data\ObsidianVault\02_Channels\馴れ初めシネマ\競合チャンネル分析\企画リサーチ_20260605\gcs_upload_staging\naresome_thumbnails\DLjOVTMikiE.jpg,290544,
VCZ8XjNoD2g,2ch 馴れ初め ストーリーズ,【2ch馴れ初め】元嫁に「人形みたい」と放置され心を閉ざした1歳の娘→公園で拾った子犬と触れ合わせた結果【ゆっくり】,17287,maxresdefault,E:\Data\ObsidianVault\02_Channels\馴れ初めシネマ\競合チャンネル分析\企画リサーチ_20260605\gcs_upload_staging\naresome_thumbnails\VCZ8XjNoD2g.jpg,253687,
O4Pt76JG0qU,2ch 馴れ初め ストーリーズ,【2ch馴れ初め】母親のために誕生日ケーキを買いに来た貧乏姉妹→ 100円足りなかったので立て替えてあげた結果【ゆっくり】,17271,maxresdefault,E:\Data\ObsidianVault\02_Channels\馴れ初めシネマ\競合チャンネル分析\企画リサーチ_20260605\gcs_upload_staging\naresome_thumbnails\O4Pt76JG0qU.jpg,231992,
kEDyBj8Ru_E,2ch 馴れ初め ストーリーズ,【2ch馴れ初め】オフィスの入り口で男性社員に怒鳴られて怯える双子姉妹→ 俺が片思いしている美人社長の娘達だった結果【ゆっくり】,17237,maxresdefault,E:\Data\ObsidianVault\02_Channels\馴れ初めシネマ\競合チャンネル分析\企画リサーチ_20260605\gcs_upload_staging\naresome_thumbnails\kEDyBj8Ru_E.jpg,219273,
oKYsf8jxagw,2chの感動馴初め話,【2ch馴れ初め】亡き祖父の１周忌に仏壇を掃除しに来た俺→青あざ姉妹が天国の母親に会いに行こうとしていた結果【ゆっくり】,17228,maxresdefault,E:\Data\ObsidianVault\02_Channels\馴れ初めシネマ\競合チャンネル分析\企画リサーチ_20260605\gcs_upload_staging\naresome_thumbnails\oKYsf8jxagw.jpg,238226,
SPpN0O33Q6w,2ch 馴れ初め ストーリーズ,【2ch馴れ初め】美女の高級車の異音を聞き分けた絶対音感を持つ娘→俺の貧乏整備工場が超有名になった結果【ゆっくり】,17197,maxresdefault,E:\Data\ObsidianVault\02_Channels\馴れ初めシネマ\競合チャンネル分析\企画リサーチ_20260605\gcs_upload_staging\naresome_thumbnails\SPpN0O33Q6w.jpg,334158,
tLBOX6G9IHc,2ch馴れ初め奇跡の出会い,【2ch馴れ初め】10年ぶりに復帰した俺を見下す新院長 →廃業寸前の診療所に左遷されたら患者が殺到した結果...【ゆっくり】,17161,maxresdefault,E:\Data\ObsidianVault\02_Channels\馴れ初めシネマ\競合チャンネル分析\企画リサーチ_20260605\gcs_upload_staging\naresome_thumbnails\tLBOX6G9IHc.jpg,304201,
RHBZZ5FqrhE,2ch 馴れ初め ストーリーズ,【2ch馴れ初め】数年間放置していたフリーメールアドレスに→「パパあいたいでしゅ」とメールが来ていた結果【ゆっくり】,17102,maxresdefault,E:\Data\ObsidianVault\02_Channels\馴れ初めシネマ\競合チャンネル分析\企画リサーチ_20260605\gcs_upload_staging\naresome_thumbnails\RHBZZ5FqrhE.jpg,339627,
3MgnwxR5JlA,俺たちの馴れ初め,【2ch馴れ初め】　職場でベテラン医師に結婚報告をした研修医の俺→直後、美人院長の顔が引きつった結果...　【ゆっくり】,17077,maxresdefault,E:\Data\ObsidianVault\02_Channels\馴れ初めシネマ\競合チャンネル分析\企画リサーチ_20260605\gcs_upload_staging\naresome_thumbnails\3MgnwxR5JlA.jpg,243058,
JMVLrhInNxc,2ch馴れ初め感動シネマ,【2ch馴れ初め】修学旅行なのに1人でトイレ掃除をさせられる貧乏な女子生徒→ブチギレた俺が理事長を呼び出した結果,17072,maxresdefault,E:\Data\ObsidianVault\02_Channels\馴れ初めシネマ\競合チャンネル分析\企画リサーチ_20260605\gcs_upload_staging\naresome_thumbnails\JMVLrhInNxc.jpg,256808,
YBPE0rLNPms,2ch馴れ初めラブレター,【2ch馴れ初め】元妻に引き取られ会えなくなった娘 →父親違いの妹双子だけを俺に託してきた結果 ...【ゆっくり】,17045,maxresdefault,E:\Data\ObsidianVault\02_Channels\馴れ初めシネマ\競合チャンネル分析\企画リサーチ_20260605\gcs_upload_staging\naresome_thumbnails\YBPE0rLNPms.jpg,294703,
ZH300C3KLSI,ほろり感動馴れ初め話,【2ch馴れ初め】4歳の双子の娘とランチしてたら、社内一地味な同僚が泣いて見てた結果【ゆっくり】,16965,maxresdefault,E:\Data\ObsidianVault\02_Channels\馴れ初めシネマ\競合チャンネル分析\企画リサーチ_20260605\gcs_upload_staging\naresome_thumbnails\ZH300C3KLSI.jpg,303680,
xRwXbyXjTxg,2chなれそめストーリー2.0,【2ch馴れ初め】会社でいじめられてた女上司が大雨の日にずぶ濡れになっていたので、抱きしめた結果【ゆっくり解説】,16953,maxresdefault,E:\Data\ObsidianVault\02_Channels\馴れ初めシネマ\競合チャンネル分析\企画リサーチ_20260605\gcs_upload_staging\naresome_thumbnails\xRwXbyXjTxg.jpg,240299,
5Ff8l10vAmc,2ch 馴れ初め ストーリーズ,【2ch馴れ初め】発達障害と見捨てられた娘と2人で廃駅に左遷された俺→実はIQ200の天才で駅を観光名所にした結果【ゆっくり】,16951,maxresdefault,E:\Data\ObsidianVault\02_Channels\馴れ初めシネマ\競合チャンネル分析\企画リサーチ_20260605\gcs_upload_staging\naresome_thumbnails\5Ff8l10vAmc.jpg,316777,
XONCEnKqhZ8,2ch馴れ初めタイムトラベル,【2ch馴れ初め】事故で緊急搬送された義妹が3分で帰宅 →ブチ切れた俺が院長に電話をした結果...【ゆっくり】,16902,maxresdefault,E:\Data\ObsidianVault\02_Channels\馴れ初めシネマ\競合チャンネル分析\企画リサーチ_20260605\gcs_upload_staging\naresome_thumbnails\XONCEnKqhZ8.jpg,333400,
knuT7NR5si8,2ch 馴れ初め ストーリーズ,【2ch馴れ初め】俺の会社に忘れ物を届けに来た幼い姪姉妹→高嶺の花の美人受付嬢が神対応してくれた結果【ゆっくり】,16902,maxresdefault,E:\Data\ObsidianVault\02_Channels\馴れ初めシネマ\競合チャンネル分析\企画リサーチ_20260605\gcs_upload_staging\naresome_thumbnails\knuT7NR5si8.jpg,245664,
J9UFV7xg5ZI,2ch馴れ初め感動シネマ,【2ch馴れ初め】社員更衣室を利用していると突然タックルされロッカーに閉じ込められた俺→「労基から調査に来た」と告げた結果,16886,maxresdefault,E:\Data\ObsidianVault\02_Channels\馴れ初めシネマ\競合チャンネル分析\企画リサーチ_20260605\gcs_upload_staging\naresome_thumbnails\J9UFV7xg5ZI.jpg,229932,
3LxDk3576OI,2chの感動馴初め話,【2ch馴れ初め】母親が亡くなり父親に捨てられた双子少女→母の看病のため田舎に帰る俺が連れてった結果【ゆっくり】,16862,maxresdefault,E:\Data\ObsidianVault\02_Channels\馴れ初めシネマ\競合チャンネル分析\企画リサーチ_20260605\gcs_upload_staging\naresome_thumbnails\3LxDk3576OI.jpg,299554,
BtYGJ5eTUa4,2chの感動馴初め話,【2ch馴れ初め】姉夫婦に捨てられた難病を抱える少女→天才外科医の幼馴染と再会した結果【ゆっくり解説】,16854,maxresdefault,E:\Data\ObsidianVault\02_Channels\馴れ初めシネマ\競合チャンネル分析\企画リサーチ_20260605\gcs_upload_staging\naresome_thumbnails\BtYGJ5eTUa4.jpg,227690,
9b0qF2Sn_5A,2ch 馴れ初め ストーリーズ,【2ch馴れ初め】姉夫婦が亡くなり幼い姪姉妹を育てる俺→社内親睦BBQに誘われ断った結果【ゆっくり】,16846,maxresdefault,E:\Data\ObsidianVault\02_Channels\馴れ初めシネマ\競合チャンネル分析\企画リサーチ_20260605\gcs_upload_staging\naresome_thumbnails\9b0qF2Sn_5A.jpg,226394,
KCYbtqgYGmo,2chの感動馴初め話,【2ch馴れ初め】「どっちかあげるわ！」両親を亡くし離れ離れになる双子の姪→酪農の俺が2人を引き取った結果…【ゆっくり解説】,16846,maxresdefault,E:\Data\ObsidianVault\02_Channels\馴れ初めシネマ\競合チャンネル分析\企画リサーチ_20260605\gcs_upload_staging\naresome_thumbnails\KCYbtqgYGmo.jpg,282280,
jOfmRLSYqLA,2ch馴れ初めゆっくりで最愛,【2ch馴れ初め】閉店間際のラーメン屋で半炒飯だけを分け合う貧乏母娘 天涯孤独の俺が大盛りの特製ラーメンをご馳走した結果【ゆっくり】,16836,maxresdefault,E:\Data\ObsidianVault\02_Channels\馴れ初めシネマ\競合チャンネル分析\企画リサーチ_20260605\gcs_upload_staging\naresome_thumbnails\jOfmRLSYqLA.jpg,296232,
unbALz2a8Yk,2ch馴れ初めタイムトラベル,【2ch馴れ初め】発達〇害だと言われ親戚中から捨てられた寡黙な姪→俺が引き取ったらIQ200の天才少女だった結果...【ゆっくり】,16822,maxresdefault,E:\Data\ObsidianVault\02_Channels\馴れ初めシネマ\競合チャンネル分析\企画リサーチ_20260605\gcs_upload_staging\naresome_thumbnails\unbALz2a8Yk.jpg,341048,
vDudBNDTPXA,2ch 馴れ初め ストーリーズ,【2ch馴れ初め】記録的大雪の中、助けを求めるボロボロ双子姉妹→愛犬に導かれた俺が発見し急遽保護した結果【ゆっくり】,16767,maxresdefault,E:\Data\ObsidianVault\02_Channels\馴れ初めシネマ\競合チャンネル分析\企画リサーチ_20260605\gcs_upload_staging\naresome_thumbnails\vDudBNDTPXA.jpg,237462,
uI97uwtnEtQ,2chの感動馴初め話,亡き母の葬儀で数年ぶりに再会した幼馴染→痩せ細りボロボロの双子と一緒だった理由とは…【2ch馴れ初め】【ゆっくり解説】,16766,maxresdefault,E:\Data\ObsidianVault\02_Channels\馴れ初めシネマ\競合チャンネル分析\企画リサーチ_20260605\gcs_upload_staging\naresome_thumbnails\uI97uwtnEtQ.jpg,242584,
b5_08CVROnw,ほろり感動馴れ初め話,【2ch馴れ初め】廃業寸前の弁当屋に現れた5円玉を差し出すボロボロの盲目少女→翌日、弁当注文の電話が鳴り止まなかった結果【ゆっくり解説】,16740,maxresdefault,E:\Data\ObsidianVault\02_Channels\馴れ初めシネマ\競合チャンネル分析\企画リサーチ_20260605\gcs_upload_staging\naresome_thumbnails\b5_08CVROnw.jpg,299385,
e7kJg30qu_Y,2ch 馴れ初め ストーリーズ,【2ch馴れ初め】閉店前に俺の洋食屋を訪ねて来た貧乏母娘→ 人手不足だったので、住み込みで雇った結果【ゆっくり】,16724,maxresdefault,E:\Data\ObsidianVault\02_Channels\馴れ初めシネマ\競合チャンネル分析\企画リサーチ_20260605\gcs_upload_staging\naresome_thumbnails\e7kJg30qu_Y.jpg,234013,
N6CcDnZEIAo,2chなれそめストーリー2.0,【2ch馴れ初め】失恋して1人酒をしていたら年上の巨乳美女に慰めてもらえた【ゆっくり解説】,16708,maxresdefault,E:\Data\ObsidianVault\02_Channels\馴れ初めシネマ\競合チャンネル分析\企画リサーチ_20260605\gcs_upload_staging\naresome_thumbnails\N6CcDnZEIAo.jpg,201866,
j-8lbd3AMZ8,2ch馴れ初め感動シネマ,【2ch馴れ初め】昔いじめられっ子だった俺をいつも助けてくれた同級生父娘→20年後、組長の俺が訪ねると誰も居なかった結果,16696,maxresdefault,E:\Data\ObsidianVault\02_Channels\馴れ初めシネマ\競合チャンネル分析\企画リサーチ_20260605\gcs_upload_staging\naresome_thumbnails\j-8lbd3AMZ8.jpg,395367,
svxE3GjM0_o,2ch馴れ初め感動シネマ,【2ch馴れ初め】同僚にハメられ廃業寸前の美容院でバイトする俺→元カリスマ美容師の俺が超絶カットした結果,16689,maxresdefault,E:\Data\ObsidianVault\02_Channels\馴れ初めシネマ\競合チャンネル分析\企画リサーチ_20260605\gcs_upload_staging\naresome_thumbnails\svxE3GjM0_o.jpg,320189,
dAY5YTEH68c,2chの感動馴初め話,【2ch馴れ初め】給食費を盗んだ犯人にされた1人娘→組長の俺が部下を引き連れ学校に乗り込んだ結果【ゆっくり解説】,16674,maxresdefault,E:\Data\ObsidianVault\02_Channels\馴れ初めシネマ\競合チャンネル分析\企画リサーチ_20260605\gcs_upload_staging\naresome_thumbnails\dAY5YTEH68c.jpg,277240,
DVojHSMYzzU,俺たちの馴れ初め,【2ch馴れ初め】　見覚えのない小包を渡してくる隣人女性→翌日話しかけたら無言で立ち去った結果...　【ゆっくり】,16672,maxresdefault,E:\Data\ObsidianVault\02_Channels\馴れ初めシネマ\競合チャンネル分析\企画リサーチ_20260605\gcs_upload_staging\naresome_thumbnails\DVojHSMYzzU.jpg,235594,
EjnwTvDaXe8,2chの感動馴初め話,【2ch馴れ初め】授業参観で『私のお父さん』の作文を読む娘→元ヤン担任に俺の娘じゃないとバレた結果【ゆっくり解説】,16663,maxresdefault,E:\Data\ObsidianVault\02_Channels\馴れ初めシネマ\競合チャンネル分析\企画リサーチ_20260605\gcs_upload_staging\naresome_thumbnails\EjnwTvDaXe8.jpg,263550,
GA1rxkRcZeA,2chの感動馴初め話,【2ch馴れ初め】小1の娘の送迎をしてくれる顔に火傷がある少女→形成外科医の俺がお礼に治療した結果【ゆっくり解説】,16619,maxresdefault,E:\Data\ObsidianVault\02_Channels\馴れ初めシネマ\競合チャンネル分析\企画リサーチ_20260605\gcs_upload_staging\naresome_thumbnails\GA1rxkRcZeA.jpg,236925,
VuZ2fnLOUJM,2ch 馴れ初め ストーリーズ,【2ch馴れ初め】残業120時間の老舗旅館へ左遷された俺、IQ200娘と挨拶に行ったら予約3年待ちになった結果【ゆっくり】,16544,maxresdefault,E:\Data\ObsidianVault\02_Channels\馴れ初めシネマ\競合チャンネル分析\企画リサーチ_20260605\gcs_upload_staging\naresome_thumbnails\VuZ2fnLOUJM.jpg,330293,
-4YNdShJzDQ,2ch 馴れ初め ストーリーズ,【2ch馴れ初め】俺に異様に懐く隣に引越してきた双子の赤ちゃん→DNA検査したら俺の娘だった結果【ゆっくり】,16531,maxresdefault,E:\Data\ObsidianVault\02_Channels\馴れ初めシネマ\競合チャンネル分析\企画リサーチ_20260605\gcs_upload_staging\naresome_thumbnails\-4YNdShJzDQ.jpg,228657,
IMCMy1Y98HQ,2chの感動馴初め話,【2ch馴れ初め】1週間も休む女性上司に資料を届けに行った俺→異変に気付いて連れ出した結果…【ゆっくり】,16530,maxresdefault,E:\Data\ObsidianVault\02_Channels\馴れ初めシネマ\競合チャンネル分析\企画リサーチ_20260605\gcs_upload_staging\naresome_thumbnails\IMCMy1Y98HQ.jpg,253605,
vtOK4wxBA8I,2chの感動馴初め話,【2ch馴れ初め】両親を一家心中で亡くし厄介者扱いされる少女→姉を亡くした娘が「ねぇね…」と抱き着いた結果【ゆっくり解説】,16521,maxresdefault,E:\Data\ObsidianVault\02_Channels\馴れ初めシネマ\競合チャンネル分析\企画リサーチ_20260605\gcs_upload_staging\naresome_thumbnails\vtOK4wxBA8I.jpg,251559,
1pFjBERg5HA,2ch馴れ初めムービー,【２ｃｈ馴れ初め】失恋しソロキャンプで1人やけ食い中に突然現れた貧乏母娘→俺の特製山ご飯と自家製野菜のBBQをお裾分けした結果【ほっこり】,16486,maxresdefault,E:\Data\ObsidianVault\02_Channels\馴れ初めシネマ\競合チャンネル分析\企画リサーチ_20260605\gcs_upload_staging\naresome_thumbnails\1pFjBERg5HA.jpg,275476,
Wivcfct5zw4,俺たちの馴れ初め,【2ch馴れ初め】　３人兄弟の為に必死にバイトして倒れる幼馴染→自慢のまかない付きのうちの洋食屋で働かないかと誘った結果...　【ゆっくり】,16483,maxresdefault,E:\Data\ObsidianVault\02_Channels\馴れ初めシネマ\競合チャンネル分析\企画リサーチ_20260605\gcs_upload_staging\naresome_thumbnails\Wivcfct5zw4.jpg,267940,
HLuezLMMZ_Y,2ch 馴れ初め ストーリーズ,【2ch馴れ初め】妹に「発達障害で邪魔」と捨てられた姪。時計修理師の俺が引き取り壊れた時計を渡した結果【ゆっくり】,16403,maxresdefault,E:\Data\ObsidianVault\02_Channels\馴れ初めシネマ\競合チャンネル分析\企画リサーチ_20260605\gcs_upload_staging\naresome_thumbnails\HLuezLMMZ_Y.jpg,242811,
FaqaKAXB31I,2ch馴れ初めタイムトラベル,【2ch馴れ初め】5年ぶりに本社を訪れた俺を見下す自称エリート新人達→言われた通り社員分のコーヒーを買って戻った結果…【ゆっくり】,16400,maxresdefault,E:\Data\ObsidianVault\02_Channels\馴れ初めシネマ\競合チャンネル分析\企画リサーチ_20260605\gcs_upload_staging\naresome_thumbnails\FaqaKAXB31I.jpg,252032,
7F6gyMAeATs,2chの感動馴初め話,【2ch馴れ初め】汚れたパンを食べようとするボロボロ貧乏双子→妻と娘を失い自〇を考える俺がたこ焼きをご馳走した結果【ゆっくり解説】,16400,maxresdefault,E:\Data\ObsidianVault\02_Channels\馴れ初めシネマ\競合チャンネル分析\企画リサーチ_20260605\gcs_upload_staging\naresome_thumbnails\7F6gyMAeATs.jpg,291088,
fU7rDyRxy28,2ch馴れ初めムービー,【２ｃｈ馴れ初め】老舗洋食店に双子連れホームレスが面接に来た→俺の初恋の相手で伝説のヤンキー美女、その壮絶人生に涙が止まらない・・・【感動名作】,16367,maxresdefault,E:\Data\ObsidianVault\02_Channels\馴れ初めシネマ\競合チャンネル分析\企画リサーチ_20260605\gcs_upload_staging\naresome_thumbnails\fU7rDyRxy28.jpg,289328,
alS5kY3w10g,2ch 馴れ初め ストーリーズ,【2ch馴れ初め】廃業目前の俺のレストランに面接に来た謎のボロボロ母娘→凄腕シェフだったので即採用した結果【ゆっくり】,16322,maxresdefault,E:\Data\ObsidianVault\02_Channels\馴れ初めシネマ\競合チャンネル分析\企画リサーチ_20260605\gcs_upload_staging\naresome_thumbnails\alS5kY3w10g.jpg,243313,
_nAPrVjnS6k,ほろり感動馴れ初め話,【2ch馴れ初め】金髪元ヤン社長令嬢とリハビリ中に遭遇→車椅子の娘が突然歩き出した結果【ゆっくり解説】,16304,maxresdefault,E:\Data\ObsidianVault\02_Channels\馴れ初めシネマ\競合チャンネル分析\企画リサーチ_20260605\gcs_upload_staging\naresome_thumbnails\_nAPrVjnS6k.jpg,242337,
ozd0YAFYx_8,2chの感動馴初め話,【2ch馴れ初め】1歳の赤ん坊が実家の廃旅館にいた→十数年後に看板姉妹になった結果【ゆっくり解説】,16299,maxresdefault,E:\Data\ObsidianVault\02_Channels\馴れ初めシネマ\競合チャンネル分析\企画リサーチ_20260605\gcs_upload_staging\naresome_thumbnails\ozd0YAFYx_8.jpg,254888,
eGPL_x6loy0,2ch馴れ初めラブレター,【2ch馴れ初め】雨の中、親戚の家を追い出された幼い姉妹 →妻子を亡くした俺が家に連れ帰った結果...【ゆっくり】,16279,maxresdefault,E:\Data\ObsidianVault\02_Channels\馴れ初めシネマ\競合チャンネル分析\企画リサーチ_20260605\gcs_upload_staging\naresome_thumbnails\eGPL_x6loy0.jpg,285691,
N0rr3pVBSGc,2ch馴れ初めヒストリー,【2ch馴れ初め】双子の授業参観の日に急遽呼び出されたパート女性→実は次期社長で清掃員の俺がブチギレた結果...【ゆっくり】,16195,maxresdefault,E:\Data\ObsidianVault\02_Channels\馴れ初めシネマ\競合チャンネル分析\企画リサーチ_20260605\gcs_upload_staging\naresome_thumbnails\N0rr3pVBSGc.jpg,319163,
1by6Ypc4sZg,2ch馴れ初めタイムトラベル,【2ch馴れ初め】社員旅行当日置き去りにされたシンママ幼馴染 →高級ホテルオーナーの母に相談した結果...【ゆっくり】,16133,maxresdefault,E:\Data\ObsidianVault\02_Channels\馴れ初めシネマ\競合チャンネル分析\企画リサーチ_20260605\gcs_upload_staging\naresome_thumbnails\1by6Ypc4sZg.jpg,255493,
luWpUuj0VGo,2ch馴れ初め感動シネマ,【2ch馴れ初め】廃業寸前の俺の寿司屋で母を気遣い具無しちらし寿司を頼む健気な少女→大将の俺が海鮮たっぷりの特製ばらちらしをご馳走した結果,16128,maxresdefault,E:\Data\ObsidianVault\02_Channels\馴れ初めシネマ\競合チャンネル分析\企画リサーチ_20260605\gcs_upload_staging\naresome_thumbnails\luWpUuj0VGo.jpg,282000,
_BU-ezBhEk4,2ch 馴れ初め ストーリーズ,【2ch馴れ初め】取引先の社長に頼まれて嫌々お見合いした俺→4歳と1歳の幼い姉妹が現れた結果【ゆっくり】,16111,maxresdefault,E:\Data\ObsidianVault\02_Channels\馴れ初めシネマ\競合チャンネル分析\企画リサーチ_20260605\gcs_upload_staging\naresome_thumbnails\_BU-ezBhEk4.jpg,239232,
_qeHXzNjzS8,2chの感動馴初め話,【2ch馴れ初め】大雪の夕方、路上で服を売る目に涙を溜めた貧乏双子→トラック野郎の俺が買い占め結果【ゆっくり解説】,16109,maxresdefault,E:\Data\ObsidianVault\02_Channels\馴れ初めシネマ\競合チャンネル分析\企画リサーチ_20260605\gcs_upload_staging\naresome_thumbnails\_qeHXzNjzS8.jpg,285410,
RCiE4Z9aXhA,2ch 馴れ初め ストーリーズ,【2ch馴れ初め】社運を賭けたイベントで大手和菓子店からドタキャンされ崖っぷちの俺→4歳娘の直感でボロボロ和菓子店を採用すると...超大当たり店だった結果【ゆっくり】,16085,maxresdefault,E:\Data\ObsidianVault\02_Channels\馴れ初めシネマ\競合チャンネル分析\企画リサーチ_20260605\gcs_upload_staging\naresome_thumbnails\RCiE4Z9aXhA.jpg,341965,
z1ClRIkiogc,2ch馴れ初めタイムトラベル,【2ch馴れ初め】無能扱いされ会社を追い出された営業成績1位の俺 →美人シンママ社長にスカウトされた結果...【ゆっくり】,16061,maxresdefault,E:\Data\ObsidianVault\02_Channels\馴れ初めシネマ\競合チャンネル分析\企画リサーチ_20260605\gcs_upload_staging\naresome_thumbnails\z1ClRIkiogc.jpg,249100,
nYHC5PAra-g,2ch 馴れ初め ストーリーズ,【2ch馴れ初め】俺に内緒で4歳の娘がこっそり→拾ってきた赤ちゃんのお世話をしていた結果【ゆっくり】,16054,maxresdefault,E:\Data\ObsidianVault\02_Channels\馴れ初めシネマ\競合チャンネル分析\企画リサーチ_20260605\gcs_upload_staging\naresome_thumbnails\nYHC5PAra-g.jpg,231097,
SprvZiXM-Mw,2ch馴れ初めタイムトラベル,【2ch馴れ初め】数合わせで合コンに連れてこられた資産家の俺 →貧乏人のフリして参加した結果...【ゆっくり】,16052,maxresdefault,E:\Data\ObsidianVault\02_Channels\馴れ初めシネマ\競合チャンネル分析\企画リサーチ_20260605\gcs_upload_staging\naresome_thumbnails\SprvZiXM-Mw.jpg,277657,
0en8dHb_B78,2ch 馴れ初め ストーリーズ,【2ch馴れ初め】俺の会社に面接に来たホームレス母娘→高校時代に高嶺の花と名高い美女だった結果【ゆっくり】,16048,maxresdefault,E:\Data\ObsidianVault\02_Channels\馴れ初めシネマ\競合チャンネル分析\企画リサーチ_20260605\gcs_upload_staging\naresome_thumbnails\0en8dHb_B78.jpg,251538,
wnINpO9i_Us,2ch馴れ初めで愛を語る,【2ch馴れ初め】人生に絶望した俺が帰宅したら→訳あり女性がお風呂に入ってた結果,16016,maxresdefault,E:\Data\ObsidianVault\02_Channels\馴れ初めシネマ\競合チャンネル分析\企画リサーチ_20260605\gcs_upload_staging\naresome_thumbnails\wnINpO9i_Us.jpg,237862,
m1mV4BCoqg0,2chの感動馴初め話,【2ch馴れ初め】他界した親戚の双子の赤ん坊を引き取った独り身の俺→後日、双子の祖父と名乗る老人が訪ねてきた結果【ゆっくり解説】,16005,maxresdefault,E:\Data\ObsidianVault\02_Channels\馴れ初めシネマ\競合チャンネル分析\企画リサーチ_20260605\gcs_upload_staging\naresome_thumbnails\m1mV4BCoqg0.jpg,257656,
2QNRPt_xoAY,馴れ初め公園,【馴れ初め】10年前に離婚届を置いて姿を消した元妻から→ある日突然、一通の手紙が届いた結果…【ゆっくり】,15964,maxresdefault,E:\Data\ObsidianVault\02_Channels\馴れ初めシネマ\競合チャンネル分析\企画リサーチ_20260605\gcs_upload_staging\naresome_thumbnails\2QNRPt_xoAY.jpg,289638,
vqYmdvD7Hks,2ch馴れ初めラブレター,【2ch馴れ初め】事故現場で保護した青あざだらけの少女 →かつて離婚で奪われた俺の娘だった結果...【ゆっくり】,15905,maxresdefault,E:\Data\ObsidianVault\02_Channels\馴れ初めシネマ\競合チャンネル分析\企画リサーチ_20260605\gcs_upload_staging\naresome_thumbnails\vqYmdvD7Hks.jpg,302454,
pfGdqT875fA,2chの感動馴初め話,【2ch馴れ初め】コミュ障の俺が巨大和牛ハンバーグ作ってたら→隣の四ツ子が茶碗だけもって突入してきた結果【ゆっくり】,15902,maxresdefault,E:\Data\ObsidianVault\02_Channels\馴れ初めシネマ\競合チャンネル分析\企画リサーチ_20260605\gcs_upload_staging\naresome_thumbnails\pfGdqT875fA.jpg,254887,
4bqgHYpuRA0,2ch馴れ初めゆっくりで最愛,【2ch 馴れ初め】霊感があり気味悪がられ親戚中をたらい回しにされた双子少女。事故物件で和菓子屋を開業した俺が引き取った結果【ゆっくり】,15871,maxresdefault,E:\Data\ObsidianVault\02_Channels\馴れ初めシネマ\競合チャンネル分析\企画リサーチ_20260605\gcs_upload_staging\naresome_thumbnails\4bqgHYpuRA0.jpg,279277,
Itq3gIxLZ-c,2ch馴れ初め感動シネマ,【2ch馴れ初め】俺のうどん屋で食い逃げする自称ヤクザ→元組長の俺が現組長を呼び出した結果【2ch】【馴れ初め】【総集編】,15854,maxresdefault,E:\Data\ObsidianVault\02_Channels\馴れ初めシネマ\競合チャンネル分析\企画リサーチ_20260605\gcs_upload_staging\naresome_thumbnails\Itq3gIxLZ-c.jpg,262267,
xARDeY4HF_I,2chの感動馴初め話,【2ch馴れ初め】閉店間際の和食店に100円玉を握りしめた青あざ少女 →気づかないふりして大盛り天丼をご馳走した結果…【ゆっくり】,15826,maxresdefault,E:\Data\ObsidianVault\02_Channels\馴れ初めシネマ\競合チャンネル分析\企画リサーチ_20260605\gcs_upload_staging\naresome_thumbnails\xARDeY4HF_I.jpg,289531,
gmi-j4cqD1Q,俺たちの馴れ初め,【2ch馴れ初め】　廃業寸前の工場に左遷された美人上司→頭に来た俺が社長に声を掛けた結果...　【ゆっくり】,15811,maxresdefault,E:\Data\ObsidianVault\02_Channels\馴れ初めシネマ\競合チャンネル分析\企画リサーチ_20260605\gcs_upload_staging\naresome_thumbnails\gmi-j4cqD1Q.jpg,248266,
XWWLoFiNVBI,ほろり感動馴れ初め話,【2ch馴れ初め】他界した妻の線香をあげに来た俺と娘→亡くなったもう一人の娘と再会した結果【ゆっくり解説】,15793,maxresdefault,E:\Data\ObsidianVault\02_Channels\馴れ初めシネマ\競合チャンネル分析\企画リサーチ_20260605\gcs_upload_staging\naresome_thumbnails\XWWLoFiNVBI.jpg,278442,
8V9PC2We80M,2ch 馴れ初め ストーリーズ,【2ch馴れ初め】一日中走り回り親戚から疎まれる双子の赤ちゃん → 元水泳選手の俺が引き取った結果【ゆっくり】,15769,maxresdefault,E:\Data\ObsidianVault\02_Channels\馴れ初めシネマ\競合チャンネル分析\企画リサーチ_20260605\gcs_upload_staging\naresome_thumbnails\8V9PC2We80M.jpg,253406,
n-kvmJzN8pI,2chなれそめストーリー2.0,【2ch馴れ初め】友達の家に遊びに行ったら隣の部屋からいかがわしい声が→そのままガン見しまくった結果【ゆっくり解説】,15747,maxresdefault,E:\Data\ObsidianVault\02_Channels\馴れ初めシネマ\競合チャンネル分析\企画リサーチ_20260605\gcs_upload_staging\naresome_thumbnails\n-kvmJzN8pI.jpg,239549,
49rQpknRdF0,2ch 馴れ初め ストーリーズ,【2ch馴れ初め総集編】意識不明で入院する愛娘のベッドに見知らぬ女の子が...→離婚した元妻が引き取った双子の妹だった結果 2chほっこり馴れ初め人気馴れ初め動画まとめてみた！【作業用】【ゆっくり】,15728,maxresdefault,E:\Data\ObsidianVault\02_Channels\馴れ初めシネマ\競合チャンネル分析\企画リサーチ_20260605\gcs_upload_staging\naresome_thumbnails\49rQpknRdF0.jpg,235381,
x4y2xV-zYac,2chなれそめストーリー2.0,【2ch馴れ初め】ドジ過ぎてクビ寸前な後輩を、営業成績1位の俺がアドバイスしたら、プルプルのアワビを収穫してしまった結果【ゆっくり解説】,15726,hqdefault,E:\Data\ObsidianVault\02_Channels\馴れ初めシネマ\競合チャンネル分析\企画リサーチ_20260605\gcs_upload_staging\naresome_thumbnails\x4y2xV-zYac.jpg,48930,
HMEjWr3xJzE,2ch 馴れ初め ストーリーズ,【2ch馴れ初め】児童養護施設で見かけた双子の赤ちゃん→事故で亡くなったはずの娘達だった結果【ゆっくり】,15724,maxresdefault,E:\Data\ObsidianVault\02_Channels\馴れ初めシネマ\競合チャンネル分析\企画リサーチ_20260605\gcs_upload_staging\naresome_thumbnails\HMEjWr3xJzE.jpg,247397,
B1Pk1oy4Efw,俺たちの馴れ初め,【2ch馴れ初め】学年1の美女が病で髪が抜け容姿が変貌→俺だけが普通に話しかけた結果…【ゆっくり解説】,15721,maxresdefault,E:\Data\ObsidianVault\02_Channels\馴れ初めシネマ\競合チャンネル分析\企画リサーチ_20260605\gcs_upload_staging\naresome_thumbnails\B1Pk1oy4Efw.jpg,227164,
4eMe536IyOk,2ch馴れ初め感動シネマ,【2ch馴れ初め】ラーメン評論家に酷評される涙目の女性店主→神の舌を持つ娘が助けた結果,15716,maxresdefault,E:\Data\ObsidianVault\02_Channels\馴れ初めシネマ\競合チャンネル分析\企画リサーチ_20260605\gcs_upload_staging\naresome_thumbnails\4eMe536IyOk.jpg,241858,
KC6Z4mAys6A,2ch馴れ初めゆっくりで最愛,【2ch馴れ初め】一日中閑古鳥が鳴いている廃業寸前のボロボロな弁当屋→ 工場長の俺が100人分の弁当を発注した結果 【ゆっくり】,15672,maxresdefault,E:\Data\ObsidianVault\02_Channels\馴れ初めシネマ\競合チャンネル分析\企画リサーチ_20260605\gcs_upload_staging\naresome_thumbnails\KC6Z4mAys6A.jpg,269986,
fi6G9XEjenQ,2ch 馴れ初め ストーリーズ,【2ch馴れ初め】大雨の夜、泥だらけのボロボロのカメラを売りに来た母娘→カメラ修理職人の俺が伝説の名機だと気付いた結果【ゆっくり】,15641,maxresdefault,E:\Data\ObsidianVault\02_Channels\馴れ初めシネマ\競合チャンネル分析\企画リサーチ_20260605\gcs_upload_staging\naresome_thumbnails\fi6G9XEjenQ.jpg,342540,
qjl3OLI3Qv8,2ch 馴れ初め ストーリーズ,【2ch馴れ初め】何度もお米の営業に来る農家の双子姉妹→根負けし俺の定食屋で使ってみた結果【ゆっくり】,15614,maxresdefault,E:\Data\ObsidianVault\02_Channels\馴れ初めシネマ\競合チャンネル分析\企画リサーチ_20260605\gcs_upload_staging\naresome_thumbnails\qjl3OLI3Qv8.jpg,213833,
IQDu8KjTn6k,ほろり感動馴れ初め話,【2ch馴れ初め】ブラック会社に勤める元ドローン同好会にいた俺→公園で泣く少女のドローンを直した結果【ゆっくり解説】,15599,maxresdefault,E:\Data\ObsidianVault\02_Channels\馴れ初めシネマ\競合チャンネル分析\企画リサーチ_20260605\gcs_upload_staging\naresome_thumbnails\IQDu8KjTn6k.jpg,301019,
tac8Ni00_78,2ch馴れ初め感動シネマ,【2ch馴れ初め】お遊戯会で衣装が破れたと泣く娘の同級生→裁縫職人の俺が完ぺきに直してあげた結果,15594,maxresdefault,E:\Data\ObsidianVault\02_Channels\馴れ初めシネマ\競合チャンネル分析\企画リサーチ_20260605\gcs_upload_staging\naresome_thumbnails\tac8Ni00_78.jpg,242219,
hR-APsnZ640,2chの感動馴初め話,【2ch馴れ初め】年の瀬に神社裏で独りぼっちの少女→息子が貯めたお年玉を手渡した結果…【ゆっくり】,15567,maxresdefault,E:\Data\ObsidianVault\02_Channels\馴れ初めシネマ\競合チャンネル分析\企画リサーチ_20260605\gcs_upload_staging\naresome_thumbnails\hR-APsnZ640.jpg,306163,
Mo6eOfPiKj0,2ch 馴れ初め ストーリーズ,【2ch馴れ初め】海外出張に行く女社長の1歳の娘を預かった俺→母と妹を事故で亡くし塞ぎ込む愛娘に驚きの変化があった結果【ゆっくり】,15542,maxresdefault,E:\Data\ObsidianVault\02_Channels\馴れ初めシネマ\競合チャンネル分析\企画リサーチ_20260605\gcs_upload_staging\naresome_thumbnails\Mo6eOfPiKj0.jpg,337103,
1f04lWywq3o,2ch 馴れ初め ストーリーズ,【2ch馴れ初め】寄付の為に児童養護施設に行った社長の俺→幼い双子姉妹が持つ手作りのぬいぐるみに驚愕した結果【ゆっくり】,15540,maxresdefault,E:\Data\ObsidianVault\02_Channels\馴れ初めシネマ\競合チャンネル分析\企画リサーチ_20260605\gcs_upload_staging\naresome_thumbnails\1f04lWywq3o.jpg,348004,
OjYcNqqEV_M,2chなれそめストーリー2.0,【2ch馴れ初め】冬山で遭難していた美女をペンションオーナーの俺が保護した結果【ゆっくり】,15525,maxresdefault,E:\Data\ObsidianVault\02_Channels\馴れ初めシネマ\競合チャンネル分析\企画リサーチ_20260605\gcs_upload_staging\naresome_thumbnails\OjYcNqqEV_M.jpg,229661,
xcgOW1650jI,2ch 馴れ初め ストーリーズ,【2ch馴れ初め】隣の席の美人同僚が出社してこないので電話すると   →同僚の愛娘が助けを求めてきた結果【ゆっくり】,15506,maxresdefault,E:\Data\ObsidianVault\02_Channels\馴れ初めシネマ\競合チャンネル分析\企画リサーチ_20260605\gcs_upload_staging\naresome_thumbnails\xcgOW1650jI.jpg,226923,
LY3ntbrtJZo,2ch馴れ初めヒストリー,【2ch馴れ初め】彼女の両親に結婚の挨拶に行くと思わず涙を流した俺→初訪問のはずなのに衝撃の事実が判明した結果...【ゆっくり】,15505,maxresdefault,E:\Data\ObsidianVault\02_Channels\馴れ初めシネマ\競合チャンネル分析\企画リサーチ_20260605\gcs_upload_staging\naresome_thumbnails\LY3ntbrtJZo.jpg,342611,
zRoBur0u5WE,俺たちの馴れ初め,【2ch馴れ初め】　深夜に壁を叩いてくる隣人女性→文句を言いに行くと倒れていた結果...　【ゆっくり】,15502,maxresdefault,E:\Data\ObsidianVault\02_Channels\馴れ初めシネマ\競合チャンネル分析\企画リサーチ_20260605\gcs_upload_staging\naresome_thumbnails\zRoBur0u5WE.jpg,233564,
6oWzQkiVfFI,2ch馴れ初め奇跡の出会い,【2ch馴れ初め】発達障害だと捨てられた双子少女を引き取った社畜の俺 →実はIQ200の天才少女だったので一緒に起業した結果...【ゆっくり】,15498,maxresdefault,E:\Data\ObsidianVault\02_Channels\馴れ初めシネマ\競合チャンネル分析\企画リサーチ_20260605\gcs_upload_staging\naresome_thumbnails\6oWzQkiVfFI.jpg,325266,
ryynv1p3XUM,2chの感動馴初め話,【2ch馴れ初め】母親に捨てられ父親にネグ〇クトされる幼い姉妹→毎日タダ飯食ってクレーム言ってくる結果【ゆっくり】,15471,maxresdefault,E:\Data\ObsidianVault\02_Channels\馴れ初めシネマ\競合チャンネル分析\企画リサーチ_20260605\gcs_upload_staging\naresome_thumbnails\ryynv1p3XUM.jpg,290124,
I4j-IxTRfBk,ほろり感動馴れ初め話,【2ch馴れ初め】廃業寸前の旅館に面接に来たボロボロの母娘→元ヤンの祖母と母が即採用した結果【ゆっくり解説】,15469,maxresdefault,E:\Data\ObsidianVault\02_Channels\馴れ初めシネマ\競合チャンネル分析\企画リサーチ_20260605\gcs_upload_staging\naresome_thumbnails\I4j-IxTRfBk.jpg,279226,
X8tsB2jmlvo,2chの感動馴初め話,【2ch馴れ初め】ボロアパートから逃げてきた傷だらけの双子→無能な俺が急いで現場に向かった結果【ゆっくり解説】,15463,maxresdefault,E:\Data\ObsidianVault\02_Channels\馴れ初めシネマ\競合チャンネル分析\企画リサーチ_20260605\gcs_upload_staging\naresome_thumbnails\X8tsB2jmlvo.jpg,278892,
9f8tvoKD2l4,2ch馴れ初めタイムトラベル,【2ch馴れ初め】極寒の外で仕事をさせられる美人社員 →5年ぶりに本社復帰した俺がブチギレた結果…【ゆっくり】,15447,maxresdefault,E:\Data\ObsidianVault\02_Channels\馴れ初めシネマ\競合チャンネル分析\企画リサーチ_20260605\gcs_upload_staging\naresome_thumbnails\9f8tvoKD2l4.jpg,260238,
uG68yzkTOkQ,2ch 馴れ初め ストーリーズ,【2ch馴れ初め】亡き妹夫婦が遺した1歳の双子の赤ちゃん→  3年後、俺の旅館の看板娘になった結果【ゆっくり】,15435,maxresdefault,E:\Data\ObsidianVault\02_Channels\馴れ初めシネマ\競合チャンネル分析\企画リサーチ_20260605\gcs_upload_staging\naresome_thumbnails\uG68yzkTOkQ.jpg,248040,
9_1dltP6tQU,ほろり感動馴れ初め話,【2ch馴れ初め】人助けをし会社に遅刻した俺→4歳の娘が代わりに出勤していた結果【ゆっくり解説】,15406,maxresdefault,E:\Data\ObsidianVault\02_Channels\馴れ初めシネマ\競合チャンネル分析\企画リサーチ_20260605\gcs_upload_staging\naresome_thumbnails\9_1dltP6tQU.jpg,258513,
BeLFQcUGeF8,2ch馴れ初め奇跡の出会い,【2ch馴れ初め】若社長に嫌われ廃業寸前のホテルでバイトする俺 →料理長が倒れ、元三ツ星料理人の俺が本気を出した結果...【ゆっくり】,15399,maxresdefault,E:\Data\ObsidianVault\02_Channels\馴れ初めシネマ\競合チャンネル分析\企画リサーチ_20260605\gcs_upload_staging\naresome_thumbnails\BeLFQcUGeF8.jpg,336567,
UWJXr7j_ky0,2ch馴れ初めゆっくりで最愛,【2ch馴れ初め】閉店間際のラーメン屋の駐車場で段ボールで寒さを凌ぐ貧乏母娘→心配になり大盛りまかない付きで住み込みで働かないかと誘った結果【ゆっくり】,15361,maxresdefault,E:\Data\ObsidianVault\02_Channels\馴れ初めシネマ\競合チャンネル分析\企画リサーチ_20260605\gcs_upload_staging\naresome_thumbnails\UWJXr7j_ky0.jpg,275834,
qTI3fDFp7nE,2ch馴れ初め感動シネマ,【2ch馴れ初め】行きつけの居酒屋で自称ヤクザに脅され涙目の母娘→店主の娘が本物のヤクザを呼び出した結果...【2ch】【馴れ初め】【総集編】,15331,maxresdefault,E:\Data\ObsidianVault\02_Channels\馴れ初めシネマ\競合チャンネル分析\企画リサーチ_20260605\gcs_upload_staging\naresome_thumbnails\qTI3fDFp7nE.jpg,287971,
57uhF7bKdpQ,2ch馴れ初め感動シネマ,【2ch馴れ初め】少女のために求人出したらリストラされたおじさん達が殺到→超優秀だったので俺の工場で全員雇った結果,15317,maxresdefault,E:\Data\ObsidianVault\02_Channels\馴れ初めシネマ\競合チャンネル分析\企画リサーチ_20260605\gcs_upload_staging\naresome_thumbnails\57uhF7bKdpQ.jpg,361903,
6rMFPaP4bc4,2chなれそめストーリー2.0,【2ch馴れ初め】スクール水着も買えない貧乏同級生、姉の水着をあげたら着るのを手伝わされた【ゆっくり解説】,15305,maxresdefault,E:\Data\ObsidianVault\02_Channels\馴れ初めシネマ\競合チャンネル分析\企画リサーチ_20260605\gcs_upload_staging\naresome_thumbnails\6rMFPaP4bc4.jpg,256758,
jltFhQY8YZw,俺たちの馴れ初め,【2ch馴れ初め】　意味深なメモを渡してきた初対面の女子→翌日教室に乗り込んで来た結果...　【ゆっくり】,15271,maxresdefault,E:\Data\ObsidianVault\02_Channels\馴れ初めシネマ\競合チャンネル分析\企画リサーチ_20260605\gcs_upload_staging\naresome_thumbnails\jltFhQY8YZw.jpg,246452,
lOvpsCUDq8Q,俺たちの馴れ初め,【2ch馴れ初め】駅前で絡んできたレディース総長 →実は元空手道全国大会３位 今は冴えない平社員の俺が本性を出した結果...【ゆっくり】,15263,maxresdefault,E:\Data\ObsidianVault\02_Channels\馴れ初めシネマ\競合チャンネル分析\企画リサーチ_20260605\gcs_upload_staging\naresome_thumbnails\lOvpsCUDq8Q.jpg,265350,
vFpyh7sQY0o,2ch馴れ初めラブレター,【2ch馴れ初め】妻子を亡くした俺が思い出の公園で1人飲んでいたら →夜になっても待ち続ける少女に気づいた結果...【ゆっくり】,15253,maxresdefault,E:\Data\ObsidianVault\02_Channels\馴れ初めシネマ\競合チャンネル分析\企画リサーチ_20260605\gcs_upload_staging\naresome_thumbnails\vFpyh7sQY0o.jpg,306871,
Kh8JJV5JK0c,2ch 馴れ初め ストーリーズ,【2ch馴れ初め】真夏にエアコンが故障した隣人の幼い姉妹→夏の間、在宅勤務の俺が預かった結果【ゆっくり】,15244,maxresdefault,E:\Data\ObsidianVault\02_Channels\馴れ初めシネマ\競合チャンネル分析\企画リサーチ_20260605\gcs_upload_staging\naresome_thumbnails\Kh8JJV5JK0c.jpg,222893,
djqYMBqoONA,2chの感動馴初め話,【2ch馴れ初め】俺と娘を見下すイケメン上司とその娘→IQ200の天才小学生の娘が般若化した結果…【ゆっくり解説】,15237,maxresdefault,E:\Data\ObsidianVault\02_Channels\馴れ初めシネマ\競合チャンネル分析\企画リサーチ_20260605\gcs_upload_staging\naresome_thumbnails\djqYMBqoONA.jpg,278834,
O4t59SYPNPA,俺たちの馴れ初め,【2ch馴れ初め】　同僚にハメられド田舎の寿司屋に追いやられた俺→１か月後、店先に客が殺到した結果...　【ゆっくり】,15222,maxresdefault,E:\Data\ObsidianVault\02_Channels\馴れ初めシネマ\競合チャンネル分析\企画リサーチ_20260605\gcs_upload_staging\naresome_thumbnails\O4t59SYPNPA.jpg,261166,
k4bPys1Se90,2ch馴れ初め感動シネマ,【2ch馴れ初め】大雨の日、母の手術に間に合わず駅前で大号泣する貧乏女子高生→バイクを飛ばし病院まで送り届けた結果…,15178,maxresdefault,E:\Data\ObsidianVault\02_Channels\馴れ初めシネマ\競合チャンネル分析\企画リサーチ_20260605\gcs_upload_staging\naresome_thumbnails\k4bPys1Se90.jpg,352256,
ZBa0cDTqGxs,2chの感動馴初め話,【2ch馴れ初め】両親を失い親戚から厄介者扱いされ薄暗い納戸に追いやられる6歳の少女→亡き娘に似た少女に声を掛けた結果…【ゆっくり解説】,15176,maxresdefault,E:\Data\ObsidianVault\02_Channels\馴れ初めシネマ\競合チャンネル分析\企画リサーチ_20260605\gcs_upload_staging\naresome_thumbnails\ZBa0cDTqGxs.jpg,253230,
W9QIKAk0qhU,2chなれそめストーリー2.0,【2ch馴れ初め】営業で女上司と外回りしてたら転んで上司のスイカップにダイブしてしまった【ゆっくり解説】,15156,maxresdefault,E:\Data\ObsidianVault\02_Channels\馴れ初めシネマ\競合チャンネル分析\企画リサーチ_20260605\gcs_upload_staging\naresome_thumbnails\W9QIKAk0qhU.jpg,222400,
38sWXdpl2tM,2chの感動馴初め話,【2ch馴れ初め】両親に捨てられた発達障害の少女→俺が引き取ったら千人に一人の逸材だった結果【ゆっくり解説】,15146,maxresdefault,E:\Data\ObsidianVault\02_Channels\馴れ初めシネマ\競合チャンネル分析\企画リサーチ_20260605\gcs_upload_staging\naresome_thumbnails\38sWXdpl2tM.jpg,291250,
XmU1jrx0BEo,俺たちの馴れ初め,【2ch馴れ初め】夜の峠道でエンストし立ち尽くすヤンキー女→車オタクの俺が勇気を出して話しかけた結果...【ゆっくり】,15144,maxresdefault,E:\Data\ObsidianVault\02_Channels\馴れ初めシネマ\競合チャンネル分析\企画リサーチ_20260605\gcs_upload_staging\naresome_thumbnails\XmU1jrx0BEo.jpg,243149,
0KfRPalAd-8,馴れ初め公園,【馴れ初め】大雪の夜、助けを求めてきた赤ちゃんを連れた少女→心配になり家まで送り届けた結果…【ゆっくり】,15098,maxresdefault,E:\Data\ObsidianVault\02_Channels\馴れ初めシネマ\競合チャンネル分析\企画リサーチ_20260605\gcs_upload_staging\naresome_thumbnails\0KfRPalAd-8.jpg,318460,
Vt3yAeZO4RI,2ch馴れ初め感動シネマ,【2ch馴れ初め】無人駅で朝から晩まで彷徨っているボロボロの少女→鉄オタの俺が放っておけず話しかけた結果...,15090,maxresdefault,E:\Data\ObsidianVault\02_Channels\馴れ初めシネマ\競合チャンネル分析\企画リサーチ_20260605\gcs_upload_staging\naresome_thumbnails\Vt3yAeZO4RI.jpg,256838,
vZaexdvJ2YE,2chの感動馴初め話,【2ch馴れ初め】出張帰りの新幹線で高熱を出しグッタリしてる俺→起きたら知らない双子がいた結果【ゆっくり解説】,15085,maxresdefault,E:\Data\ObsidianVault\02_Channels\馴れ初めシネマ\競合チャンネル分析\企画リサーチ_20260605\gcs_upload_staging\naresome_thumbnails\vZaexdvJ2YE.jpg,260099,
YoEsytNBScY,2chの感動馴初め話,【2ch馴れ初め】他界した息子のピアノを庭から見つめる少女→毎日見に来るので弾かせてあげた結果【ゆっくり】,15071,maxresdefault,E:\Data\ObsidianVault\02_Channels\馴れ初めシネマ\競合チャンネル分析\企画リサーチ_20260605\gcs_upload_staging\naresome_thumbnails\YoEsytNBScY.jpg,261815,
ZFkdHzQVtGA,俺たちの馴れ初め,【2ch馴れ初め】　隠密で万引きGメンしていたら犯人扱いされた俺→事務所（社長室）で話そうと言った結果...　【ゆっくり】,15063,maxresdefault,E:\Data\ObsidianVault\02_Channels\馴れ初めシネマ\競合チャンネル分析\企画リサーチ_20260605\gcs_upload_staging\naresome_thumbnails\ZFkdHzQVtGA.jpg,244660,
7OyvEpD-j1s,俺たちの馴れ初め,【2ch馴れ初め】中学の同窓会で馬鹿にされた自宅警備員の俺→同級生の美人CAが話しかけてきた結果...【ゆっくり】,15052,maxresdefault,E:\Data\ObsidianVault\02_Channels\馴れ初めシネマ\競合チャンネル分析\企画リサーチ_20260605\gcs_upload_staging\naresome_thumbnails\7OyvEpD-j1s.jpg,249111,
p7WXlpkDugg,2chの感動馴初め話,【2ch馴れ初め】後輩のミスで出張し貧乏旅館に宿泊→繁忙期なのに客が俺1人だけだった結果…【ゆっくり】,15038,maxresdefault,E:\Data\ObsidianVault\02_Channels\馴れ初めシネマ\競合チャンネル分析\企画リサーチ_20260605\gcs_upload_staging\naresome_thumbnails\p7WXlpkDugg.jpg,256049,
L97nT_GYTc4,2chの感動馴初め話,【2ch馴れ初め】離婚した父親に誘拐されて山奥に置き去りにされた少女→陸上自衛隊の俺が命をかけて捜索した結果【ゆっくり解説】,14990,maxresdefault,E:\Data\ObsidianVault\02_Channels\馴れ初めシネマ\競合チャンネル分析\企画リサーチ_20260605\gcs_upload_staging\naresome_thumbnails\L97nT_GYTc4.jpg,251357,
Lz5nHIlpRGo,2ch馴れ初めゆっくりで最愛,【2ch馴れ初め】極寒の夜、路地裏の自販機横で新聞紙で寒さをしのぐボロボロの姉妹→保護し温かいお風呂と牛丼を振る舞った結果【ゆっくり】,14958,maxresdefault,E:\Data\ObsidianVault\02_Channels\馴れ初めシネマ\競合チャンネル分析\企画リサーチ_20260605\gcs_upload_staging\naresome_thumbnails\Lz5nHIlpRGo.jpg,295043,
BNhcT3BYchI,2ch 馴れ初め ストーリーズ,【2ch馴れ初め】双子姉妹のために必死にバイトして倒れる同級生→ウチの中華料理屋でバイトしないかと誘った結果【ゆっくり】,14934,maxresdefault,E:\Data\ObsidianVault\02_Channels\馴れ初めシネマ\競合チャンネル分析\企画リサーチ_20260605\gcs_upload_staging\naresome_thumbnails\BNhcT3BYchI.jpg,230698,
JSCL2Y0eo3Q,2ch 馴れ初め ストーリーズ,【2ch馴れ初め】今は亡き親友の双子姉妹を引き取った俺→ 休日にクール系美人同僚とばったり会った結果【ゆっくり】,14926,maxresdefault,E:\Data\ObsidianVault\02_Channels\馴れ初めシネマ\競合チャンネル分析\企画リサーチ_20260605\gcs_upload_staging\naresome_thumbnails\JSCL2Y0eo3Q.jpg,227887,
1Lqga0IQoJs,2ch馴れ初めゆっくりで最愛,【2ch 馴れ初め】ひとり暮らしの孤独な母に懐く隣家に住むボロボロな貧乏少女→誕生日ケーキを見たことがないというのでプレゼントして祝ってあげた結果【ゆっくり】,14920,maxresdefault,E:\Data\ObsidianVault\02_Channels\馴れ初めシネマ\競合チャンネル分析\企画リサーチ_20260605\gcs_upload_staging\naresome_thumbnails\1Lqga0IQoJs.jpg,287161,
Angz8XYtsDI,2ch馴れ初めムービー,【２ｃｈ馴れ初め】隣に住んでるシングルマザーの双子の娘を急病だからと3日間預かった結果・・・【ゆっくり】,14918,maxresdefault,E:\Data\ObsidianVault\02_Channels\馴れ初めシネマ\競合チャンネル分析\企画リサーチ_20260605\gcs_upload_staging\naresome_thumbnails\Angz8XYtsDI.jpg,253474,
K7cAqYz1kCU,2chの感動馴初め話,【2ch馴れ初め】大雨警報の中、双子の姉の車椅子を押す妹→危険を感じた俺が声を掛けた結果【ゆっくり解説】,14912,maxresdefault,E:\Data\ObsidianVault\02_Channels\馴れ初めシネマ\競合チャンネル分析\企画リサーチ_20260605\gcs_upload_staging\naresome_thumbnails\K7cAqYz1kCU.jpg,287432,
VSBgHTsrl-w,ほろり感動馴れ初め話,【2ch馴れ初め】施設から拒否された親友の娘と愛犬→カフェを営む俺が預かった結果…【ゆっくり】,14901,maxresdefault,E:\Data\ObsidianVault\02_Channels\馴れ初めシネマ\競合チャンネル分析\企画リサーチ_20260605\gcs_upload_staging\naresome_thumbnails\VSBgHTsrl-w.jpg,276061,
Yo1EPbhHRBs,2ch馴れ初め感動シネマ,【2ch馴れ初め 総集編】祖父がヤクザ組長だがスケバンにバカにされる俺→30分後、校庭に大量の黒塗りの車が来た結果..... 大人気動画まとめ3選 【作業用】【ゆっくり】,14897,maxresdefault,E:\Data\ObsidianVault\02_Channels\馴れ初めシネマ\競合チャンネル分析\企画リサーチ_20260605\gcs_upload_staging\naresome_thumbnails\Yo1EPbhHRBs.jpg,247103,
YwG3Z8CaHig,2ch馴れ初めほっこり物語,【2ch馴れ初め】姉に押し付けられた見合いの席に現れたキモオタ男→予想外に楽しい人だったので逆プロポーズした結果…【ゆっくり】,14869,maxresdefault,E:\Data\ObsidianVault\02_Channels\馴れ初めシネマ\競合チャンネル分析\企画リサーチ_20260605\gcs_upload_staging\naresome_thumbnails\YwG3Z8CaHig.jpg,319240,
xYinjyLHWgA,2ch馴れ初め感動シネマ,【2ch馴れ初め】発達障害の姪を預かった赤字ラーメン屋の俺→1日300杯売れる行列店になった結果,14862,maxresdefault,E:\Data\ObsidianVault\02_Channels\馴れ初めシネマ\競合チャンネル分析\企画リサーチ_20260605\gcs_upload_staging\naresome_thumbnails\xYinjyLHWgA.jpg,339772,
R9OPqqxDBHM,2ch 馴れ初め ストーリーズ,【2ch馴れ初め】雨の中、泥だらけの時計を売りに来た貧乏母娘→時計技師の俺が伝説の名機だと見抜いた結果【ゆっくり】,14844,maxresdefault,E:\Data\ObsidianVault\02_Channels\馴れ初めシネマ\競合チャンネル分析\企画リサーチ_20260605\gcs_upload_staging\naresome_thumbnails\R9OPqqxDBHM.jpg,347939,
COIbZF_DTNs,2ch 馴れ初め ストーリーズ,【2ch馴れ初め】大型犬から1歳の愛娘を守ってくれた4歳のボロボロ少女→お礼に母親と一緒に俺の家豪邸に招待した結果…【ゆっくり】,14837,maxresdefault,E:\Data\ObsidianVault\02_Channels\馴れ初めシネマ\競合チャンネル分析\企画リサーチ_20260605\gcs_upload_staging\naresome_thumbnails\COIbZF_DTNs.jpg,246824,
YFdQyFS6sOo,2ch馴れ初めほっこり物語,【2ch馴れ初め】人手不足で廃業寸前の俺の工場に大量の応募者が→IQ200の娘が、たった１つの質問で採用を決めた結果…【ゆっくり】,14832,maxresdefault,E:\Data\ObsidianVault\02_Channels\馴れ初めシネマ\競合チャンネル分析\企画リサーチ_20260605\gcs_upload_staging\naresome_thumbnails\YFdQyFS6sOo.jpg,342162,
aJz3s4kff3M,2ch馴れ初め感動シネマ,【2ch馴れ初め 総集編】ヤクザに脅され樹海で置き去りにされた母娘→元自衛隊（第一空挺団）の俺が本気を出した結果..... 大人気動画まとめ3選 【作業用】【ゆっくり】,14814,maxresdefault,E:\Data\ObsidianVault\02_Channels\馴れ初めシネマ\競合チャンネル分析\企画リサーチ_20260605\gcs_upload_staging\naresome_thumbnails\aJz3s4kff3M.jpg,278304,
OwyU0X8J4cQ,2ch馴れ初めタイムトラベル,【2ch馴れ初め】同窓会でヤクザとイキがる同級生に見下される俺→娘が「パパはお巡りさん（組織犯罪対策部）」と答えた結果…【ゆっくり】,14784,maxresdefault,E:\Data\ObsidianVault\02_Channels\馴れ初めシネマ\競合チャンネル分析\企画リサーチ_20260605\gcs_upload_staging\naresome_thumbnails\OwyU0X8J4cQ.jpg,271535,
3wnDz039TWM,2ch馴れ初めムービー,【２ｃｈ馴れ初め】お腹を空かせた幼い姉妹のためにバイトを掛け持ちして倒れる同級生→大盛賄い付きのうちの焼肉屋で働かないかと誘った結果…【感動名作】,14757,maxresdefault,E:\Data\ObsidianVault\02_Channels\馴れ初めシネマ\競合チャンネル分析\企画リサーチ_20260605\gcs_upload_staging\naresome_thumbnails\3wnDz039TWM.jpg,284470,
zrc5GxMzP-E,2ch馴れ初めゆっくりで最愛,【2ch馴れ初め】小学1年生の娘をいつも迎えに来てくれる隣に引っ越して来たボロボロの少女→お礼に焼肉パーティへ招待した結果【ゆっくり】,14732,maxresdefault,E:\Data\ObsidianVault\02_Channels\馴れ初めシネマ\競合チャンネル分析\企画リサーチ_20260605\gcs_upload_staging\naresome_thumbnails\zrc5GxMzP-E.jpg,294120,
1O8Vv7RmWJI,2ch馴れ初め感動シネマ,【2ch馴れ初め総集編】同窓会でヤクザとイキがる同級生に見下される俺→一人娘が「パパもヤクザ！」と答えた結果.... 大人気動画まとめ5選 【作業用】【ゆっくり】,14730,maxresdefault,E:\Data\ObsidianVault\02_Channels\馴れ初めシネマ\競合チャンネル分析\企画リサーチ_20260605\gcs_upload_staging\naresome_thumbnails\1O8Vv7RmWJI.jpg,253679,
lrPFTifVwW4,ほろり感動馴れ初め話,【2ch馴れ初め】早朝、壊れた眼鏡をかけて立ち尽くす少女→眼鏡職人の俺が声を掛けた結果【ゆっくり解説】,14721,maxresdefault,E:\Data\ObsidianVault\02_Channels\馴れ初めシネマ\競合チャンネル分析\企画リサーチ_20260605\gcs_upload_staging\naresome_thumbnails\lrPFTifVwW4.jpg,277672,
fswL07HwZzI,俺たちの馴れ初め,【2ch馴れ初め】無理やりヤンキー女とお見合いをさせられた俺→オタクのフリしたら食いついてきた結果...【ゆっくり】,14719,maxresdefault,E:\Data\ObsidianVault\02_Channels\馴れ初めシネマ\競合チャンネル分析\企画リサーチ_20260605\gcs_upload_staging\naresome_thumbnails\fswL07HwZzI.jpg,242595,
j5ayWINr9PU,2ch馴れ初めゆっくりで最愛,【2ch馴れ初め】お腹を空かせてた姉妹のためにバイトをたくさん掛け持ちする同級生→大盛りまかない付きのうちの定食屋で働かないかと誘った結果【ゆっくり】,14712,maxresdefault,E:\Data\ObsidianVault\02_Channels\馴れ初めシネマ\競合チャンネル分析\企画リサーチ_20260605\gcs_upload_staging\naresome_thumbnails\j5ayWINr9PU.jpg,283439,
-TJEbZgEGG0,2ch馴れ初めタイムトラベル,【2ch馴れ初め】お見舞いに来たら美人上司の容態が急変し絶体絶命の大ピンチ→全員が諦めムードの中、元天才外科医の俺が白衣に袖を通した結果...【ゆっくり】,14703,maxresdefault,E:\Data\ObsidianVault\02_Channels\馴れ初めシネマ\競合チャンネル分析\企画リサーチ_20260605\gcs_upload_staging\naresome_thumbnails\-TJEbZgEGG0.jpg,338180,
WsfKcRH_bJw,2ch馴れ初めヒストリー,【2ch馴れ初め】売上最下位の中古車販売店に左遷された俺→実はみんな優秀だったので全国1位になった結果 ...【ゆっくり】,14686,maxresdefault,E:\Data\ObsidianVault\02_Channels\馴れ初めシネマ\競合チャンネル分析\企画リサーチ_20260605\gcs_upload_staging\naresome_thumbnails\WsfKcRH_bJw.jpg,332373,
kTPfynjnkJA,2ch 馴れ初め ストーリーズ,【2ch馴れ初め】研修で訪れた児童養護施設で俺にだけ懐く赤ちゃん→宝物のお守りから俺の写真が出てきた結果【ゆっくり】,14644,maxresdefault,E:\Data\ObsidianVault\02_Channels\馴れ初めシネマ\競合チャンネル分析\企画リサーチ_20260605\gcs_upload_staging\naresome_thumbnails\kTPfynjnkJA.jpg,245454,
Z9u9BPxMiII,2chの感動馴初め話,【2ch馴れ初め】手芸屋にある双子のうさぎのぬいぐるみに→熟睡中の双子が急に起きて一目惚れした結果【ゆっくり解説】,14607,maxresdefault,E:\Data\ObsidianVault\02_Channels\馴れ初めシネマ\競合チャンネル分析\企画リサーチ_20260605\gcs_upload_staging\naresome_thumbnails\Z9u9BPxMiII.jpg,274086,
U21b1F3GBY4,俺たちの馴れ初め,【2ch馴れ初め】廃業寸前のボロボロ定食屋→ 元三ツ星レストラン料理長の俺が厨房に立った結果...【ゆっくり】,14595,maxresdefault,E:\Data\ObsidianVault\02_Channels\馴れ初めシネマ\競合チャンネル分析\企画リサーチ_20260605\gcs_upload_staging\naresome_thumbnails\U21b1F3GBY4.jpg,227901,
mLjHOO-1its,俺たちの馴れ初め,【2ch馴れ初め】友人宅に遊びに行った時、友達の姉が家に居ると知らずに好きだと言ってしまった結果…【ゆっくり解説】,14560,maxresdefault,E:\Data\ObsidianVault\02_Channels\馴れ初めシネマ\競合チャンネル分析\企画リサーチ_20260605\gcs_upload_staging\naresome_thumbnails\mLjHOO-1its.jpg,212040,
R3m6skaBsKQ,2chなれそめストーリー2.0,【２ch馴れ初め】不況で自主退職しなければならない俺に、同僚美女が「私も一緒に辞める」と言ってきた結果【ゆっくり解説】,14536,maxresdefault,E:\Data\ObsidianVault\02_Channels\馴れ初めシネマ\競合チャンネル分析\企画リサーチ_20260605\gcs_upload_staging\naresome_thumbnails\R3m6skaBsKQ.jpg,212391,
Xb8Bdrbz60c,2ch馴れ初めラブレター,【2ch馴れ初め】深夜のコインランドリーで突然助けを求めてきた幼い姉妹 →洗濯を待っていた俺が放っておけず保護した結果...【ゆっくり】,14503,maxresdefault,E:\Data\ObsidianVault\02_Channels\馴れ初めシネマ\競合チャンネル分析\企画リサーチ_20260605\gcs_upload_staging\naresome_thumbnails\Xb8Bdrbz60c.jpg,329852,
VCFt7JOX6GQ,2ch 馴れ初め ストーリーズ,【2ch馴れ初め】休日の昼間、庭で松茸パーティーを楽しむ俺→匂いに釣られて食いしん坊赤ちゃんが突入してきた結果【ゆっくり】,14497,maxresdefault,E:\Data\ObsidianVault\02_Channels\馴れ初めシネマ\競合チャンネル分析\企画リサーチ_20260605\gcs_upload_staging\naresome_thumbnails\VCFt7JOX6GQ.jpg,251760,
WEUCsXmKSIg,2ch 馴れ初め ストーリーズ,【2ch馴れ初め】両親が他界し、2人きりになった隣人の幼い姉妹→ 旅館を営む俺が引き取った結果【ゆっくり】,14472,maxresdefault,E:\Data\ObsidianVault\02_Channels\馴れ初めシネマ\競合チャンネル分析\企画リサーチ_20260605\gcs_upload_staging\naresome_thumbnails\WEUCsXmKSIg.jpg,219485,
aFGbyfwJTAQ,2ch 馴れ初め ストーリーズ,【2ch馴れ初め】「食欲が旺盛で気持ち悪い」と施設に捨てられそうな双子の赤ちゃん→洋食屋を営む俺が引き取った結果…【ゆっくり】,14467,maxresdefault,E:\Data\ObsidianVault\02_Channels\馴れ初めシネマ\競合チャンネル分析\企画リサーチ_20260605\gcs_upload_staging\naresome_thumbnails\aFGbyfwJTAQ.jpg,331990,
TB_pCsSAAz4,俺たちの馴れ初め,【2ch馴れ初め】親戚から「くれてやる」と言われた双子の赤ん坊→三代続く小児科医院のウチで引き取った結果...　【ゆっくり】,14403,maxresdefault,E:\Data\ObsidianVault\02_Channels\馴れ初めシネマ\競合チャンネル分析\企画リサーチ_20260605\gcs_upload_staging\naresome_thumbnails\TB_pCsSAAz4.jpg,245776,
iyerryxQcFg,2ch馴れ初めタイムトラベル,【2ch馴れ初め】同僚を助け道連れにクビ宣告された俺→直後、社長(父)の顔が変わった結果...【ゆっくり】,14394,maxresdefault,E:\Data\ObsidianVault\02_Channels\馴れ初めシネマ\競合チャンネル分析\企画リサーチ_20260605\gcs_upload_staging\naresome_thumbnails\iyerryxQcFg.jpg,261182,
II_nwQNbkxY,ほろり感動馴れ初め話,【2ch馴れ初め】中学の同窓化でT大出身を自慢する同級生→一人娘が「パパの会社の人だ」と言った結果…【ゆっくり解説】,14389,maxresdefault,E:\Data\ObsidianVault\02_Channels\馴れ初めシネマ\競合チャンネル分析\企画リサーチ_20260605\gcs_upload_staging\naresome_thumbnails\II_nwQNbkxY.jpg,262120,
UJWErC-y8TY,2ch 馴れ初め ストーリーズ,【2ch馴れ初め】ボロボロの姪姉妹にランチ無料券を渡した俺→後日、クシャクシャの無料券を持ってきた結果【ゆっくり】,14378,maxresdefault,E:\Data\ObsidianVault\02_Channels\馴れ初めシネマ\競合チャンネル分析\企画リサーチ_20260605\gcs_upload_staging\naresome_thumbnails\UJWErC-y8TY.jpg,235533,
qBV7xksZB4U,2chなれそめストーリー2.0,【2ch馴れ初め】取引先の女社長に頼まれてお見合いに行ったら、本人が登場した結果【ゆっくり解説】,14369,maxresdefault,E:\Data\ObsidianVault\02_Channels\馴れ初めシネマ\競合チャンネル分析\企画リサーチ_20260605\gcs_upload_staging\naresome_thumbnails\qBV7xksZB4U.jpg,227851,
Z-_Dpju16LE,2ch 馴れ初め ストーリーズ,【2ch馴れ初め】発達障害と言われ妹夫婦に捨てられた1歳の姪→プログラム専門書を絵本がわりに育てると…年収1億稼ぐ天才プログラマーになった結果【ゆっくり】,14367,maxresdefault,E:\Data\ObsidianVault\02_Channels\馴れ初めシネマ\競合チャンネル分析\企画リサーチ_20260605\gcs_upload_staging\naresome_thumbnails\Z-_Dpju16LE.jpg,313800,
j0gwm-CgA68,2ch 馴れ初め ストーリーズ,【2ch馴れ初め】妹夫婦から冷遇される姪を引き取った俺→姉を亡くした娘が優しく接した結果【ゆっくり】,14352,maxresdefault,E:\Data\ObsidianVault\02_Channels\馴れ初めシネマ\競合チャンネル分析\企画リサーチ_20260605\gcs_upload_staging\naresome_thumbnails\j0gwm-CgA68.jpg,336909,
VW25fii4V9s,2ch馴れ初め感動シネマ,【2ch馴れ初め】叔父にお見合いを押し付けられた俺→貧乏人のフリしたら想定外の結果に...【2ch】【馴れ初め】【総集編】,14325,maxresdefault,E:\Data\ObsidianVault\02_Channels\馴れ初めシネマ\競合チャンネル分析\企画リサーチ_20260605\gcs_upload_staging\naresome_thumbnails\VW25fii4V9s.jpg,263929,
Y48X1sbpcLw,ほろり感動馴れ初め話,【2ch馴れ初め】会社が倒産して5年ぶりに実家に帰省した俺→捨てられた姉妹が住んでいた結果【ゆっくり解説】,14320,maxresdefault,E:\Data\ObsidianVault\02_Channels\馴れ初めシネマ\競合チャンネル分析\企画リサーチ_20260605\gcs_upload_staging\naresome_thumbnails\Y48X1sbpcLw.jpg,269004,
ERpfl3EnrO0,2ch 馴れ初め ストーリーズ,【2ch馴れ初め】道に迷っている美人な外国人女性→ 愛娘の双子姉妹が声を掛けた結果【ゆっくり】,14310,maxresdefault,E:\Data\ObsidianVault\02_Channels\馴れ初めシネマ\競合チャンネル分析\企画リサーチ_20260605\gcs_upload_staging\naresome_thumbnails\ERpfl3EnrO0.jpg,224862,
tzROqDNWfMU,2chの感動馴初め話,【2ch馴れ初め】無料で一軒家を購入した無職の俺→幼い幽霊の少女が住みついていた結果【ゆっくり解説】,14303,maxresdefault,E:\Data\ObsidianVault\02_Channels\馴れ初めシネマ\競合チャンネル分析\企画リサーチ_20260605\gcs_upload_staging\naresome_thumbnails\tzROqDNWfMU.jpg,246099,
fIS5BPoYTek,2ch馴れ初め感動シネマ,【2ch馴れ初め】所長にハメられド田舎の孤島に左遷された弁護士の俺→3か月後、行列のできる法律相談所になった結果,14270,maxresdefault,E:\Data\ObsidianVault\02_Channels\馴れ初めシネマ\競合チャンネル分析\企画リサーチ_20260605\gcs_upload_staging\naresome_thumbnails\fIS5BPoYTek.jpg,373779,
2Yst8b4gi1Y,2ch 馴れ初め ストーリーズ,【2ch馴れ初め】貧乏な転校生に昼食をご馳走して実家の弁当屋で雇った結果、看板娘になった【ゆっくり】,14240,maxresdefault,E:\Data\ObsidianVault\02_Channels\馴れ初めシネマ\競合チャンネル分析\企画リサーチ_20260605\gcs_upload_staging\naresome_thumbnails\2Yst8b4gi1Y.jpg,259246,
X2AyHIo8H_8,2ch馴れ初めタイムトラベル,【2ch馴れ初め】同窓会300人の前で強盗犯扱いされる俺 →5才の娘が「パパは科捜研だよ！」と答えた結果…【ゆっくり】,14222,maxresdefault,E:\Data\ObsidianVault\02_Channels\馴れ初めシネマ\競合チャンネル分析\企画リサーチ_20260605\gcs_upload_staging\naresome_thumbnails\X2AyHIo8H_8.jpg,283880,
MC7yA1psUVQ,ほろり感動馴れ初め話,【2ch馴れ初め】感情がなく障〇児と酷い扱いの双子の赤ちゃん→幼馴染と愛情たっぷり育てた結果【ゆっくり解説】,14203,maxresdefault,E:\Data\ObsidianVault\02_Channels\馴れ初めシネマ\競合チャンネル分析\企画リサーチ_20260605\gcs_upload_staging\naresome_thumbnails\MC7yA1psUVQ.jpg,273271,
pvb-UsaEi4g,ほろり感動馴れ初め話,【2ch馴れ初め】毎日空腹の双子姉妹→俺の母の自慢のチャーハンをご馳走した結果【ゆっくり解説】,14153,maxresdefault,E:\Data\ObsidianVault\02_Channels\馴れ初めシネマ\競合チャンネル分析\企画リサーチ_20260605\gcs_upload_staging\naresome_thumbnails\pvb-UsaEi4g.jpg,261272,
aBtz_5GkS6A,ほろり感動馴れ初め話,【2ch馴れ初め】大雨の中、手作りの腕輪を売るずぶ濡れ少女→娘を亡くした俺が全部買った結果【ゆっくり解説】,14149,maxresdefault,E:\Data\ObsidianVault\02_Channels\馴れ初めシネマ\競合チャンネル分析\企画リサーチ_20260605\gcs_upload_staging\naresome_thumbnails\aBtz_5GkS6A.jpg,277419,
7xfI8QFEGOk,2ch 馴れ初め ストーリーズ,【2ch馴れ初め】吹雪の夜、山奥の家の窓を叩く幼い双子姉妹→離婚したに元妻に奪われた俺の娘たちだった結果【ゆっくり】,14142,maxresdefault,E:\Data\ObsidianVault\02_Channels\馴れ初めシネマ\競合チャンネル分析\企画リサーチ_20260605\gcs_upload_staging\naresome_thumbnails\7xfI8QFEGOk.jpg,368801,
z62tBDHKEDE,2ch馴れ初めヒストリー,【2ch馴れ初め】母子家庭の俺に毎晩勉強を教えてくれた恩人夫婦→大企業社長になった俺が恩人の家を訪ねた結果 ...【ゆっくり】,14135,maxresdefault,E:\Data\ObsidianVault\02_Channels\馴れ初めシネマ\競合チャンネル分析\企画リサーチ_20260605\gcs_upload_staging\naresome_thumbnails\z62tBDHKEDE.jpg,348001,
YHT3zc8hREk,2chなれそめストーリー2.0,【2ch馴れ初め】学生時代に助けた迷子の少女が15年後、俺の会社に入社してきた結果【ゆっくり解説】,14133,maxresdefault,E:\Data\ObsidianVault\02_Channels\馴れ初めシネマ\競合チャンネル分析\企画リサーチ_20260605\gcs_upload_staging\naresome_thumbnails\YHT3zc8hREk.jpg,232482,
KHuTL47uAE8,2ch馴れ初めタイムトラベル,【2ch馴れ初め】ヤクザに脅され閉店に追い込まれた定食屋の母娘 →常連客の俺が正体を明かし助けた結果...【ゆっくり】,14107,maxresdefault,E:\Data\ObsidianVault\02_Channels\馴れ初めシネマ\競合チャンネル分析\企画リサーチ_20260605\gcs_upload_staging\naresome_thumbnails\KHuTL47uAE8.jpg,263413,
aG7rZbUGlck,ほろり感動馴れ初め話,【2ch馴れ初め】馬鹿にされ担任に髪を切られた地毛が金髪の娘→組長の俺が部下を連れて学校に突入した結果【ゆっくり解説】,14083,maxresdefault,E:\Data\ObsidianVault\02_Channels\馴れ初めシネマ\競合チャンネル分析\企画リサーチ_20260605\gcs_upload_staging\naresome_thumbnails\aG7rZbUGlck.jpg,261855,
0Q6PJQsrFr0,2chの感動馴初め話,「もう…疲れちゃったよ…」仕事を解雇され家も失ったシングルマザーが夜中の林道に…→ソロキャンプ中の俺が声を掛けた結果【2ch馴れ初め】【ゆっくり解説】,14069,maxresdefault,E:\Data\ObsidianVault\02_Channels\馴れ初めシネマ\競合チャンネル分析\企画リサーチ_20260605\gcs_upload_staging\naresome_thumbnails\0Q6PJQsrFr0.jpg,232325,
h0iMMx73RIo,2ch馴れ初めほっこり物語,【2ch馴れ初め】オンボロ自転車で転倒した人を助けたら →幼い弟妹の為に宅配アルバイト中の女子高生だった結果…【ゆっくり】,14020,maxresdefault,E:\Data\ObsidianVault\02_Channels\馴れ初めシネマ\競合チャンネル分析\企画リサーチ_20260605\gcs_upload_staging\naresome_thumbnails\h0iMMx73RIo.jpg,341675,
c3b9Fchuceg,2chなれそめストーリー2.0,【2ch馴れ初め総集編】親戚に頼まれてお見合いしたら、先日寿退社したはずの女上司が現れた… 2chなれそめストーリーの人気動画をまとめてみた！【作業用】【ゆっくり】,14006,maxresdefault,E:\Data\ObsidianVault\02_Channels\馴れ初めシネマ\競合チャンネル分析\企画リサーチ_20260605\gcs_upload_staging\naresome_thumbnails\c3b9Fchuceg.jpg,244904,
7tHpp34YOaQ,俺たちの馴れ初め,【2ch馴れ初め】車に水ハネされ全身びしょ濡れになった女子高生→放っておけず着替えを買いに行った結果…【ゆっくり】,13993,maxresdefault,E:\Data\ObsidianVault\02_Channels\馴れ初めシネマ\競合チャンネル分析\企画リサーチ_20260605\gcs_upload_staging\naresome_thumbnails\7tHpp34YOaQ.jpg,231568,
6eNnbt0IdPk,ほろり感動馴れ初め話,【2ch馴れ初め】目を離した隙に職場の美人上司に1歳の愛娘が電話を掛けてた結果【ゆっくり解説】,13992,maxresdefault,E:\Data\ObsidianVault\02_Channels\馴れ初めシネマ\競合チャンネル分析\企画リサーチ_20260605\gcs_upload_staging\naresome_thumbnails\6eNnbt0IdPk.jpg,243182,
0lASSNNXY2U,2chの感動馴初め話,【2ch馴れ初め】早朝の港に立つ貧乏母娘を助けた俺→「私はいらない子」と娘が泣いて抱き着いてきた結果【ゆっくり解説】,13955,maxresdefault,E:\Data\ObsidianVault\02_Channels\馴れ初めシネマ\競合チャンネル分析\企画リサーチ_20260605\gcs_upload_staging\naresome_thumbnails\0lASSNNXY2U.jpg,265590,
aGFQVnsYees,2chなれそめストーリー2.0,【2ch馴れ初め】上司にお願いされてお見合いしたら、息子が通う幼稚園の保育士が現れた結果【ゆっくり解説】,13947,maxresdefault,E:\Data\ObsidianVault\02_Channels\馴れ初めシネマ\競合チャンネル分析\企画リサーチ_20260605\gcs_upload_staging\naresome_thumbnails\aGFQVnsYees.jpg,242903,
BDt66GhUx7M,2ch馴れ初めタイムトラベル,【2ch馴れ初め】懇親会に行った双子のシンママ幼馴染が5分で帰宅 →オーナー息子の俺がブチギレた結果...【ゆっくり】,13944,maxresdefault,E:\Data\ObsidianVault\02_Channels\馴れ初めシネマ\競合チャンネル分析\企画リサーチ_20260605\gcs_upload_staging\naresome_thumbnails\BDt66GhUx7M.jpg,281144,
qwpmz7ke_O8,2ch馴れ初めムービー,【２ｃｈ馴れ初め】極寒の夜出会った母子、3代目社長の俺が家政婦として雇った結果…【ゆっくり】,13939,maxresdefault,E:\Data\ObsidianVault\02_Channels\馴れ初めシネマ\競合チャンネル分析\企画リサーチ_20260605\gcs_upload_staging\naresome_thumbnails\qwpmz7ke_O8.jpg,307237,
g_i2VKKgCJA,2ch馴れ初め感動シネマ,【2ch馴れ初め】社員旅行中、上司の策略で真夜中の心霊スポットに置き去りにされた母娘→元自衛隊（第一空挺団）の俺が本気を出した結果,13921,maxresdefault,E:\Data\ObsidianVault\02_Channels\馴れ初めシネマ\競合チャンネル分析\企画リサーチ_20260605\gcs_upload_staging\naresome_thumbnails\g_i2VKKgCJA.jpg,263162,
GsrR1mv356k,2chなれそめストーリー2.0,【2ch馴れ初め】旅行中に車が故障してしまったので困っていたら、走り屋のお姉さんがお世話してくれた【ゆっくり解説】,13915,maxresdefault,E:\Data\ObsidianVault\02_Channels\馴れ初めシネマ\競合チャンネル分析\企画リサーチ_20260605\gcs_upload_staging\naresome_thumbnails\GsrR1mv356k.jpg,221624,
nd9E-5Gf6YU,2ch馴れ初め感動シネマ,【2ch馴れ初め】買い物中、娘が万引きを疑われ亡き妻手作りの鞄を…→ブチ切れた若頭の俺が職場(ヤクザ事務所)に行こうと言った結果,13900,maxresdefault,E:\Data\ObsidianVault\02_Channels\馴れ初めシネマ\競合チャンネル分析\企画リサーチ_20260605\gcs_upload_staging\naresome_thumbnails\nd9E-5Gf6YU.jpg,376680,
OriCHpOGQw8,2ch馴れ初め感動シネマ,【2ch馴れ初め】高級寿司屋でカッパ巻きを頼みカマされる一人娘→魚卸社長の俺がブチギレた結果...【2ch】【馴れ初め】【総集編】,13883,maxresdefault,E:\Data\ObsidianVault\02_Channels\馴れ初めシネマ\競合チャンネル分析\企画リサーチ_20260605\gcs_upload_staging\naresome_thumbnails\OriCHpOGQw8.jpg,267979,
jQVvdwOcusc,2ch 馴れ初め ストーリーズ,【2ch馴れ初め】クールな女上司とのweb会議で少し席を外したら   →1歳の双子の愛娘が会議に参加していた結果【ゆっくり】,13865,maxresdefault,E:\Data\ObsidianVault\02_Channels\馴れ初めシネマ\競合チャンネル分析\企画リサーチ_20260605\gcs_upload_staging\naresome_thumbnails\jQVvdwOcusc.jpg,230514,
bINrTHtWP64,2ch 馴れ初め ストーリーズ,【2ch馴れ初め】施設送りにされそうな赤ちゃんを引き取ったニートの俺→一念発起して社会復帰した結果【ゆっくり】,13815,maxresdefault,E:\Data\ObsidianVault\02_Channels\馴れ初めシネマ\競合チャンネル分析\企画リサーチ_20260605\gcs_upload_staging\naresome_thumbnails\bINrTHtWP64.jpg,231615,
zilyaLIygU8,2chの感動馴初め話,深夜のラーメン屋でお金が払えず愕然とする貧乏母子→声をかけ代わりにお会計した結果…【2ch馴れ初め】【ゆっくり解説】,13809,maxresdefault,E:\Data\ObsidianVault\02_Channels\馴れ初めシネマ\競合チャンネル分析\企画リサーチ_20260605\gcs_upload_staging\naresome_thumbnails\zilyaLIygU8.jpg,232573,
MYhFJ5fsMms,2ch馴れ初め感動シネマ,【2ch馴れ初め】地元の思い出のラーメン屋でいつもの特製ラーメンを頼んだ俺→見知らぬ女子高生にいきなり声を掛けられた結果,13807,maxresdefault,E:\Data\ObsidianVault\02_Channels\馴れ初めシネマ\競合チャンネル分析\企画リサーチ_20260605\gcs_upload_staging\naresome_thumbnails\MYhFJ5fsMms.jpg,232698,
WGsyVrZoMbM,2ch馴れ初めラブレター,【2ch馴れ初め】みんながランドセルの中1人だけボロボロ鞄の少女 →亡き娘を思い出しランドセルを譲った結果...【ゆっくり】,13795,maxresdefault,E:\Data\ObsidianVault\02_Channels\馴れ初めシネマ\競合チャンネル分析\企画リサーチ_20260605\gcs_upload_staging\naresome_thumbnails\WGsyVrZoMbM.jpg,307506,
oA9tHip-At8,2ch 馴れ初め ストーリーズ,【2ch馴れ初め】貧乏自動車修理工場におもちゃの車を持ち込んだ幼い姉妹→タダで修理したら、後日超大手メーカーの会長と令嬢が現れた結果【ゆっくり】,13793,maxresdefault,E:\Data\ObsidianVault\02_Channels\馴れ初めシネマ\競合チャンネル分析\企画リサーチ_20260605\gcs_upload_staging\naresome_thumbnails\oA9tHip-At8.jpg,333896,
rYebM8YS6Hc,2ch 馴れ初め ストーリーズ,【2ch馴れ初め】「パパなんてキライでしゅ！」と冷たく言われた俺→元妻に奪われた双子姉妹との絆を取り戻した結果【ゆっくり】,13773,maxresdefault,E:\Data\ObsidianVault\02_Channels\馴れ初めシネマ\競合チャンネル分析\企画リサーチ_20260605\gcs_upload_staging\naresome_thumbnails\rYebM8YS6Hc.jpg,337245,
w3vj45N02ls,2ch馴れ初め感動シネマ,【2ch馴れ初め】叔母が押し付けてきた無愛想な金髪ヤンキー娘→ウチの実家の農家で温かく迎え入れた結果,13748,maxresdefault,E:\Data\ObsidianVault\02_Channels\馴れ初めシネマ\競合チャンネル分析\企画リサーチ_20260605\gcs_upload_staging\naresome_thumbnails\w3vj45N02ls.jpg,267750,
50Ids3ZxmJI,2ch 馴れ初め ストーリーズ,【2ch馴れ初め】みるみる痩せるお隣さんの幼い姉妹→週末の一人BBQに招待した結果【ゆっくり】,13747,maxresdefault,E:\Data\ObsidianVault\02_Channels\馴れ初めシネマ\競合チャンネル分析\企画リサーチ_20260605\gcs_upload_staging\naresome_thumbnails\50Ids3ZxmJI.jpg,332937,
iBfTbcYqLoM,2ch馴れ初めムービー,【2ch馴れ初め】ボロボロの貯金箱を抱きしめ、惣菜コーナーで唐揚げを見つめる幼い姉妹→店長の俺がほかほかの手作り弁当をプレゼントした結果 …【ほっこり・感動】,13743,maxresdefault,E:\Data\ObsidianVault\02_Channels\馴れ初めシネマ\競合チャンネル分析\企画リサーチ_20260605\gcs_upload_staging\naresome_thumbnails\iBfTbcYqLoM.jpg,273671,
V2bmhaF1FNg,2chの感動馴初め話,【2ch馴れ初め】親を亡くし親戚に引き取られた同級生と3歳の妹→胸騒ぎがして電話したら奴隷のような生活をしていた…【ゆっくり解説】,13736,maxresdefault,E:\Data\ObsidianVault\02_Channels\馴れ初めシネマ\競合チャンネル分析\企画リサーチ_20260605\gcs_upload_staging\naresome_thumbnails\V2bmhaF1FNg.jpg,267954,
9hoKursWZkI,2chの感動馴初め話,【2ch馴れ初め】学校帰りに高熱で倒れる女の子を助けた俺→13年後、俺の建築会社に彼女が入社してきた結果【ゆっくり解説】,13712,maxresdefault,E:\Data\ObsidianVault\02_Channels\馴れ初めシネマ\競合チャンネル分析\企画リサーチ_20260605\gcs_upload_staging\naresome_thumbnails\9hoKursWZkI.jpg,255544,
-clAVD6FIis,2chなれそめストーリー2.0,【2ch馴れ初め】吹雪の中、寒くて泣いて凍える貧乏女性に「何でもするので私の体買って下さい」と言われたので家に泊めて身体の相手をさせた結果【ゆっくり解説】,13694,maxresdefault,E:\Data\ObsidianVault\02_Channels\馴れ初めシネマ\競合チャンネル分析\企画リサーチ_20260605\gcs_upload_staging\naresome_thumbnails\-clAVD6FIis.jpg,280107,
9pJp7wuexFg,俺たちの馴れ初め,【2ch馴れ初め】大賑わいの居酒屋に現れたボロボロ婆さん→人手不足なので配膳を手伝ってもらった結果...【ゆっくり】,13690,maxresdefault,E:\Data\ObsidianVault\02_Channels\馴れ初めシネマ\競合チャンネル分析\企画リサーチ_20260605\gcs_upload_staging\naresome_thumbnails\9pJp7wuexFg.jpg,246169,
X_vRfcwO5UA,2ch 馴れ初め ストーリーズ,【2ch馴れ初め】嫁イビリ姑とDV夫から逃げて来たボロボロ母娘→俺の旅館で住み込みで雇い、看板娘になって貰った結果【ゆっくり】,13679,maxresdefault,E:\Data\ObsidianVault\02_Channels\馴れ初めシネマ\競合チャンネル分析\企画リサーチ_20260605\gcs_upload_staging\naresome_thumbnails\X_vRfcwO5UA.jpg,247992,
j4sjB1caIJI,2ch 馴れ初め ストーリーズ,【2ch馴れ初め】洋菓子店から出禁にされたボロボロ双子姉妹→ 抜き打ち視察に来た次期オーナーの俺がブチ切れた結果【ゆっくり】,13675,maxresdefault,E:\Data\ObsidianVault\02_Channels\馴れ初めシネマ\競合チャンネル分析\企画リサーチ_20260605\gcs_upload_staging\naresome_thumbnails\j4sjB1caIJI.jpg,213208,
7HLHPq5C-3U,2ch馴れ初め感動シネマ,【2ch馴れ初め 総集編】少女を助け上級生のヤクザ息子にボコられた小1の息子→元第一空挺団の俺が本気を出した結果..... 大人気動画まとめ3選 【作業用】【ゆっくり】,13638,maxresdefault,E:\Data\ObsidianVault\02_Channels\馴れ初めシネマ\競合チャンネル分析\企画リサーチ_20260605\gcs_upload_staging\naresome_thumbnails\7HLHPq5C-3U.jpg,242917,
hf9GU-DcUqM,2ch 馴れ初め ストーリーズ,【2ch馴れ初め】亡き姉が遺した双子姉妹と買い物に来た俺→いつも睨んでくる美人受付嬢に見られた結果【ゆっくり】,13619,maxresdefault,E:\Data\ObsidianVault\02_Channels\馴れ初めシネマ\競合チャンネル分析\企画リサーチ_20260605\gcs_upload_staging\naresome_thumbnails\hf9GU-DcUqM.jpg,352893,
fjj7HUQDbr0,2ch馴れ初めゆっくりで最愛,【2ch馴れ初め】後輩に裏切られ無一文になり公園でホームレスになった俺→泣きじゃくる少女に絵本を読んであげた結果【ゆっくり】,13618,maxresdefault,E:\Data\ObsidianVault\02_Channels\馴れ初めシネマ\競合チャンネル分析\企画リサーチ_20260605\gcs_upload_staging\naresome_thumbnails\fjj7HUQDbr0.jpg,280504,
M4PJUsw6H7Y,2ch 馴れ初め ストーリーズ,【2ch馴れ初め総集編】他人の記憶を持つ4歳の愛娘が→電話を掛けると知らない赤ちゃんが出た結果 2chほっこり馴れ初め人気馴れ初め動画まとめてみた！【作業用】【ゆっくり】,13597,maxresdefault,E:\Data\ObsidianVault\02_Channels\馴れ初めシネマ\競合チャンネル分析\企画リサーチ_20260605\gcs_upload_staging\naresome_thumbnails\M4PJUsw6H7Y.jpg,220807,
8tR-hOL1lR4,2ch 馴れ初め ストーリーズ,【2ch馴れ初め】交通事故に遭い記憶喪失になった俺→公園で見知らぬ双子姉妹に抱き付かれた結果【ゆっくり】,13596,maxresdefault,E:\Data\ObsidianVault\02_Channels\馴れ初めシネマ\競合チャンネル分析\企画リサーチ_20260605\gcs_upload_staging\naresome_thumbnails\8tR-hOL1lR4.jpg,243401,
U_JuRJs-J5A,2chなれそめストーリー2.0,【2ch馴れ初め】飲み会の二次会で後輩と飲んでいたら「もし私が潰れたら先輩の家に連れて帰ってください」と誘ってきた結果【ゆっくり解説】,13587,maxresdefault,E:\Data\ObsidianVault\02_Channels\馴れ初めシネマ\競合チャンネル分析\企画リサーチ_20260605\gcs_upload_staging\naresome_thumbnails\U_JuRJs-J5A.jpg,252480,
1gA6PthxC9g,2ch馴れ初めゆっくりで最愛,【2ch馴れ初め】両親が他界し厄介者扱いの双子少女→キモオタ資産家の俺が引き取り育てた結果【ゆっくり】,13511,maxresdefault,E:\Data\ObsidianVault\02_Channels\馴れ初めシネマ\競合チャンネル分析\企画リサーチ_20260605\gcs_upload_staging\naresome_thumbnails\1gA6PthxC9g.jpg,279053,
Nnz_G-d98w0,2ch 馴れ初め ストーリーズ,【2ch馴れ初め】市役所のHPに掲載された里親募集の写真→3年前に元妻に奪われた4歳の双子姉妹が俺を待っていた結果【ゆっくり】,13480,maxresdefault,E:\Data\ObsidianVault\02_Channels\馴れ初めシネマ\競合チャンネル分析\企画リサーチ_20260605\gcs_upload_staging\naresome_thumbnails\Nnz_G-d98w0.jpg,250657,
I5Wpnjbt0N0,2chの感動馴初め話,【2ch馴れ初め】事故で妻子を亡くし車椅子生活となった俺→大雨の日、公園で涙を流す少女と出会った結果【ゆっくり】,13461,maxresdefault,E:\Data\ObsidianVault\02_Channels\馴れ初めシネマ\競合チャンネル分析\企画リサーチ_20260605\gcs_upload_staging\naresome_thumbnails\I5Wpnjbt0N0.jpg,304949,
Rlna9MmOvgU,馴れ初め公園,【馴れ初め】肌寒い夜、コンビニの室外機の前で身を寄せ合う幼い姉妹→保育士の母がいる実家に連れて帰った結果…【ゆっくり】,13454,maxresdefault,E:\Data\ObsidianVault\02_Channels\馴れ初めシネマ\競合チャンネル分析\企画リサーチ_20260605\gcs_upload_staging\naresome_thumbnails\Rlna9MmOvgU.jpg,322697,
5JjLC38JIYc,馴れ初め公園,【馴れ初め】20連勤を終えソロキャンプで息抜きしてた俺→見知らぬ大型犬が赤ちゃんをくわえて現れた結果…【ゆっくり】,13453,maxresdefault,E:\Data\ObsidianVault\02_Channels\馴れ初めシネマ\競合チャンネル分析\企画リサーチ_20260605\gcs_upload_staging\naresome_thumbnails\5JjLC38JIYc.jpg,330547,
f6H_SUYcVHs,馴れ初め公園,【馴れ初め】入学式なのに家族が来なかった孤独な少女→息子が餃子パーティに誘った結果…【ゆっくり】,13443,maxresdefault,E:\Data\ObsidianVault\02_Channels\馴れ初めシネマ\競合チャンネル分析\企画リサーチ_20260605\gcs_upload_staging\naresome_thumbnails\f6H_SUYcVHs.jpg,325753,
l3eFIxUnmI4,2ch 馴れ初め ストーリーズ,【2ch馴れ初め総集編】姉夫婦が亡くなり、幼い姪姉妹を育てる俺→社内親睦BBQに誘われ断った結果2chほっこり馴れ初め人気馴れ初め動画まとめてみた！【作業用】【ゆっくり】,13441,maxresdefault,E:\Data\ObsidianVault\02_Channels\馴れ初めシネマ\競合チャンネル分析\企画リサーチ_20260605\gcs_upload_staging\naresome_thumbnails\l3eFIxUnmI4.jpg,230512,
WfcgzFhUAIM,2ch馴れ初めラブレター,【2ch馴れ初め】なぜか客足が減り続ける老舗和菓子屋 →元板前の俺が味の異変に気づき手を貸した結果...【ゆっくり】,13434,maxresdefault,E:\Data\ObsidianVault\02_Channels\馴れ初めシネマ\競合チャンネル分析\企画リサーチ_20260605\gcs_upload_staging\naresome_thumbnails\WfcgzFhUAIM.jpg,333297,
_2WjYnVvrlY,2ch 馴れ初め ストーリーズ,【2ch馴れ初め】離婚した元妻に引き取られ離れ離れになった娘→3年後、見知らぬ赤ちゃんを連れて助けを求めてきた結果【ゆっくり】,13429,maxresdefault,E:\Data\ObsidianVault\02_Channels\馴れ初めシネマ\競合チャンネル分析\企画リサーチ_20260605\gcs_upload_staging\naresome_thumbnails\_2WjYnVvrlY.jpg,352485,
u5c9J4luQls,2ch 馴れ初め ストーリーズ,【2ch馴れ初め】妻子を事故で失い、公園で最後の晩餐をする俺→お腹を空かせた4歳と1歳の貧乏姉妹が現れた結果【ゆっくり】,13423,maxresdefault,E:\Data\ObsidianVault\02_Channels\馴れ初めシネマ\競合チャンネル分析\企画リサーチ_20260605\gcs_upload_staging\naresome_thumbnails\u5c9J4luQls.jpg,236831,
vi26kKW1HjY,2ch馴れ初め感動シネマ,【2ch馴れ初め】女だからと4年間草むしりさせられる涙目の美人職人→老舗植木屋の親方の俺がブチ切れた結果,13406,maxresdefault,E:\Data\ObsidianVault\02_Channels\馴れ初めシネマ\競合チャンネル分析\企画リサーチ_20260605\gcs_upload_staging\naresome_thumbnails\vi26kKW1HjY.jpg,251706,
nM01FEwTHM8,2ch 馴れ初め ストーリーズ,【2ch馴れ初め】壊れた高級時計の故障原因を見抜いた天才的聴覚を持つ娘→貧乏時計修理店を営む俺たちの人生が変わった結果【ゆっくり】,13398,maxresdefault,E:\Data\ObsidianVault\02_Channels\馴れ初めシネマ\競合チャンネル分析\企画リサーチ_20260605\gcs_upload_staging\naresome_thumbnails\nM01FEwTHM8.jpg,348582,
twJnev7_92g,俺たちの馴れ初め,【2ch馴れ初め】臨海学習で脱衣所に置き忘れた女子のパンツを見つけた結果…【ゆっくり】,13395,maxresdefault,E:\Data\ObsidianVault\02_Channels\馴れ初めシネマ\競合チャンネル分析\企画リサーチ_20260605\gcs_upload_staging\naresome_thumbnails\twJnev7_92g.jpg,202520,
f3MYyh_ZFzA,2ch馴れ初め感動シネマ,【2ch馴れ初め】学生時代のマドンナと実家の炊き出しで再会→組長息子の俺が放っておけず連れ帰った結果...【2ch】【馴れ初め】【総集編】,13381,maxresdefault,E:\Data\ObsidianVault\02_Channels\馴れ初めシネマ\競合チャンネル分析\企画リサーチ_20260605\gcs_upload_staging\naresome_thumbnails\f3MYyh_ZFzA.jpg,285107,
Y6xR_HhCbF4,ほろり感動馴れ初め話,【2ch馴れ初め】宿泊客が遺した身寄りのない双子姉妹→俺と姉で「うちで育てよう」と決意した結果【ゆっくり解説】,13359,maxresdefault,E:\Data\ObsidianVault\02_Channels\馴れ初めシネマ\競合チャンネル分析\企画リサーチ_20260605\gcs_upload_staging\naresome_thumbnails\Y6xR_HhCbF4.jpg,259820,
5csv3iL8_-w,2ch 馴れ初め ストーリーズ,【2ch馴れ初め】深夜に俺の焼き鳥屋を訪れた青アザ双子→離婚した元妻に親権を奪われた愛娘だった結果【ゆっくり】,13354,maxresdefault,E:\Data\ObsidianVault\02_Channels\馴れ初めシネマ\競合チャンネル分析\企画リサーチ_20260605\gcs_upload_staging\naresome_thumbnails\5csv3iL8_-w.jpg,241226,
LetCGm8PzmA,2ch馴れ初めムービー,【２ｃｈ馴れ初め】初雪がちらつく夜の山道に置き去られた大型犬と双子少女を、キャンプ場を経営する俺が保護し温かいご飯を腹一杯食べさせた結果…【ほっこり・感動】,13294,maxresdefault,E:\Data\ObsidianVault\02_Channels\馴れ初めシネマ\競合チャンネル分析\企画リサーチ_20260605\gcs_upload_staging\naresome_thumbnails\LetCGm8PzmA.jpg,289587,
2N210MYMsWs,2chの感動馴初め話,【2ch馴れ初め】縁側で遊ぶ1人娘を見に行くと、知らない赤ん坊と一緒に遊んでた結果【ゆっくり解説】,13272,maxresdefault,E:\Data\ObsidianVault\02_Channels\馴れ初めシネマ\競合チャンネル分析\企画リサーチ_20260605\gcs_upload_staging\naresome_thumbnails\2N210MYMsWs.jpg,251262,
PGe4JaQSM8k,2ch 馴れ初め ストーリーズ,【2ch馴れ初め総集編】無表情で妹夫婦から捨てられた1歳の姪 → 医学書を絵本がわりに育てると…天才になった結果2chほっこり馴れ初め人気馴れ初め動画まとめてみた！【作業用】【ゆっくり】,13269,maxresdefault,E:\Data\ObsidianVault\02_Channels\馴れ初めシネマ\競合チャンネル分析\企画リサーチ_20260605\gcs_upload_staging\naresome_thumbnails\PGe4JaQSM8k.jpg,243545,
keIK4zXFGZg,2ch 馴れ初め ストーリーズ,【2ch馴れ初め】半額弁当を毎日買いにくる1歳児の育児をする少女→汚部屋に倒れているのを助けた結果【ゆっくり】,13268,maxresdefault,E:\Data\ObsidianVault\02_Channels\馴れ初めシネマ\競合チャンネル分析\企画リサーチ_20260605\gcs_upload_staging\naresome_thumbnails\keIK4zXFGZg.jpg,216290,
Fm7xqLXd9fY,2chなれそめストーリー2.0,【2ch馴れ初め】欲求不満な人妻からある日デートに誘われたでの、ダメだと分かっていてもヤッてしまった結果【ゆっくり解説】,13257,sddefault,E:\Data\ObsidianVault\02_Channels\馴れ初めシネマ\競合チャンネル分析\企画リサーチ_20260605\gcs_upload_staging\naresome_thumbnails\Fm7xqLXd9fY.jpg,85197,
mptrbKIbMOE,2ch 馴れ初め ストーリーズ,【2ch馴れ初め】「誰も欲しがらない」難病の赤ちゃん→医師の俺が引き取った結果【ゆっくり】,13240,maxresdefault,E:\Data\ObsidianVault\02_Channels\馴れ初めシネマ\競合チャンネル分析\企画リサーチ_20260605\gcs_upload_staging\naresome_thumbnails\mptrbKIbMOE.jpg,224770,
079GdBBtpbM,2chなれそめストーリー2.0,【2ch馴れ初め】交通事故で入院したら、担当の看護師が憧れの先輩で何でもしてくれた【ゆっくり解説】,13232,maxresdefault,E:\Data\ObsidianVault\02_Channels\馴れ初めシネマ\競合チャンネル分析\企画リサーチ_20260605\gcs_upload_staging\naresome_thumbnails\079GdBBtpbM.jpg,223510,
guC0Kcn7mhI,2ch馴れ初めラブレター,【2ch馴れ初め】小1の娘と毎日遊んでくれるホームレス女性 →娘が体調の異変に気づき家に連れてきた結果...【ゆっくり】,13220,maxresdefault,E:\Data\ObsidianVault\02_Channels\馴れ初めシネマ\競合チャンネル分析\企画リサーチ_20260605\gcs_upload_staging\naresome_thumbnails\guC0Kcn7mhI.jpg,294209,
2S2PLdLccRE,2ch 馴れ初め ストーリーズ,【2ch馴れ初め】両親に捨てられた4歳と1歳の姉妹を引き取った俺→愛犬と共に愛情込めて育てた結果【ゆっくり】,13219,maxresdefault,E:\Data\ObsidianVault\02_Channels\馴れ初めシネマ\競合チャンネル分析\企画リサーチ_20260605\gcs_upload_staging\naresome_thumbnails\2S2PLdLccRE.jpg,236141,
GIhC6WAiJAE,2chの感動馴初め話,【2ch馴れ初め】野犬に襲われる娘を助ける片目の少女→眼科医の俺が光を取り戻した結果【ゆっくり解説】,13215,maxresdefault,E:\Data\ObsidianVault\02_Channels\馴れ初めシネマ\競合チャンネル分析\企画リサーチ_20260605\gcs_upload_staging\naresome_thumbnails\GIhC6WAiJAE.jpg,254291,
6DkeycCELg8,2ch馴れ初めゆっくりで最愛,【2ch 馴れ初め】春の嵐の夜、強制退去で駐車場で震えるボロボロな母娘→放っておけずあったかい晩御飯を振る舞った結果【ゆっくり】,13212,maxresdefault,E:\Data\ObsidianVault\02_Channels\馴れ初めシネマ\競合チャンネル分析\企画リサーチ_20260605\gcs_upload_staging\naresome_thumbnails\6DkeycCELg8.jpg,278500,
mJ4lOCyfhDo,2chの感動馴初め話,【2ch馴れ初め】他界した親友が遺した泣きじゃくる2歳の娘→俺の娘が「今日から妹！」と声を掛けた結果【ゆっくり解説】,13201,maxresdefault,E:\Data\ObsidianVault\02_Channels\馴れ初めシネマ\競合チャンネル分析\企画リサーチ_20260605\gcs_upload_staging\naresome_thumbnails\mJ4lOCyfhDo.jpg,247412,
2gctzMoAm5E,2ch馴れ初め感動シネマ,【2ch馴れ初め 総集編】７ヶ国語を話せる俺がAI導入で突然のクビ宣告→笑いを堪えて速攻で退職した結果.... 大人気動画まとめ5選 【作業用】【ゆっくり】,13166,maxresdefault,E:\Data\ObsidianVault\02_Channels\馴れ初めシネマ\競合チャンネル分析\企画リサーチ_20260605\gcs_upload_staging\naresome_thumbnails\2gctzMoAm5E.jpg,240138,
wjOK-9cOXzw,2ch 馴れ初め ストーリーズ,【2ch馴れ初め】再婚した妹に子供が産まれ居場所を無くした連れ子の姪姉妹→事故で妻子を亡くした俺が引き取った結果【ゆっくり】,13135,maxresdefault,E:\Data\ObsidianVault\02_Channels\馴れ初めシネマ\競合チャンネル分析\企画リサーチ_20260605\gcs_upload_staging\naresome_thumbnails\wjOK-9cOXzw.jpg,339830,
qSytuMizw9A,2ch馴れ初め奇跡の出会い,【2ch馴れ初め】墓場と呼ばれる山奥の旅館に左遷された俺 →全員優秀だったので半年で業績1位になった結果...【ゆっくり】,13119,maxresdefault,E:\Data\ObsidianVault\02_Channels\馴れ初めシネマ\競合チャンネル分析\企画リサーチ_20260605\gcs_upload_staging\naresome_thumbnails\qSytuMizw9A.jpg,332337,
6nnIE4gHvHE,2chの感動馴初め話,毎日ごみ捨てのお手伝いするボロボロ少女 → 捨てられなかった亡き娘の服をあげた結果…【2ch馴れ初め】【ゆっくり解説】,13103,maxresdefault,E:\Data\ObsidianVault\02_Channels\馴れ初めシネマ\競合チャンネル分析\企画リサーチ_20260605\gcs_upload_staging\naresome_thumbnails\6nnIE4gHvHE.jpg,253297,
vjdLtQPePYs,2ch馴れ初めムービー,【２ｃｈ馴れ初め】みるみる痩せる隣の生活保護の貧乏母子→心配になり母自慢の出汁の温かいおでんをお腹いっぱいになるまで振舞った結果,13098,maxresdefault,E:\Data\ObsidianVault\02_Channels\馴れ初めシネマ\競合チャンネル分析\企画リサーチ_20260605\gcs_upload_staging\naresome_thumbnails\vjdLtQPePYs.jpg,277881,
yhsjk9j9kcw,2chの感動馴初め話,【2ch馴れ初め】両親が引き取った親戚の少女→2年後、実親に奪われた結果...【ゆっくり】,13061,maxresdefault,E:\Data\ObsidianVault\02_Channels\馴れ初めシネマ\競合チャンネル分析\企画リサーチ_20260605\gcs_upload_staging\naresome_thumbnails\yhsjk9j9kcw.jpg,319864,
BWsIXgoP3GM,2ch馴れ初め感動シネマ,【2ch馴れ初め】味は絶品なのに客ゼロで廃業寸前の定食屋→元ヤクザ組長の俺が手を貸した結果,13058,maxresdefault,E:\Data\ObsidianVault\02_Channels\馴れ初めシネマ\競合チャンネル分析\企画リサーチ_20260605\gcs_upload_staging\naresome_thumbnails\BWsIXgoP3GM.jpg,355124,
e3sdNUezWDk,2ch 馴れ初め ストーリーズ,【2ch馴れ初め】「気味が悪い」と捨てられた双子を引き取った古物商の俺→実は「価値を見抜く審美眼」の持ち主で次々とお宝を発見した結果【ゆっくり】,13053,maxresdefault,E:\Data\ObsidianVault\02_Channels\馴れ初めシネマ\競合チャンネル分析\企画リサーチ_20260605\gcs_upload_staging\naresome_thumbnails\e3sdNUezWDk.jpg,327439,
VBLQjFWS7dE,2ch馴れ初めほっこり物語,【2ch馴れ初め】一人暮らしの俺が庭で自慢の料理を作っていると→匂いに釣られ見知らぬ双子がやってきた結果…【ゆっくり】,12982,maxresdefault,E:\Data\ObsidianVault\02_Channels\馴れ初めシネマ\競合チャンネル分析\企画リサーチ_20260605\gcs_upload_staging\naresome_thumbnails\VBLQjFWS7dE.jpg,327120,
7NRMTpEBHc4,ほろり感動馴れ初め話,【2ch馴れ初め】お菓子の絵が描いてある段ボールを食べる双子姉妹→焼き立てパンをご馳走した結果【ゆっくり解説】,12979,maxresdefault,E:\Data\ObsidianVault\02_Channels\馴れ初めシネマ\競合チャンネル分析\企画リサーチ_20260605\gcs_upload_staging\naresome_thumbnails\7NRMTpEBHc4.jpg,254153,
vKDWff6p-Vs,2ch 馴れ初め ストーリーズ,【2ch馴れ初め】他人の記憶を持つ4歳の娘が→ 電話を掛けると見知らぬ赤ちゃんが出た結果【ゆっくり】,12976,maxresdefault,E:\Data\ObsidianVault\02_Channels\馴れ初めシネマ\競合チャンネル分析\企画リサーチ_20260605\gcs_upload_staging\naresome_thumbnails\vKDWff6p-Vs.jpg,219143,
6EgsWMJ9kkA,2chなれそめストーリー2.0,【2ch馴れ初め総集編】取引先の女社長に頼まれてお見合いに行ったら、本人が登場した結果…【作業用】【ゆっくり解説】,12970,maxresdefault,E:\Data\ObsidianVault\02_Channels\馴れ初めシネマ\競合チャンネル分析\企画リサーチ_20260605\gcs_upload_staging\naresome_thumbnails\6EgsWMJ9kkA.jpg,255240,
b9LRNPAq4wk,2ch馴れ初めゆっくりで最愛,【2ch馴れ初め】一人暮らしで膝の悪い母に代わって庭の手入れをやってくれるボロボロな双子の少女→ラーメン屋を営む俺が招待した結果【ゆっくり】,12965,maxresdefault,E:\Data\ObsidianVault\02_Channels\馴れ初めシネマ\競合チャンネル分析\企画リサーチ_20260605\gcs_upload_staging\naresome_thumbnails\b9LRNPAq4wk.jpg,280399,
3VJl2CekvFs,2ch馴れ初めムービー,【２ｃｈ馴れ初め】真夏日の夜、高熱でぐったりする双子娘を抱えて必死に走るシングルマザー→小児科医の俺が声を掛けた結果…【感動名作】,12931,maxresdefault,E:\Data\ObsidianVault\02_Channels\馴れ初めシネマ\競合チャンネル分析\企画リサーチ_20260605\gcs_upload_staging\naresome_thumbnails\3VJl2CekvFs.jpg,288240,
ZDlF1wtmD6k,2chの感動馴初め話,【2ch馴れ初め】毎日部活帰りに公園で見かける仲良し姉妹→妹の姿が見えなくなり声を掛けた結果【ゆっくり解説】,12882,maxresdefault,E:\Data\ObsidianVault\02_Channels\馴れ初めシネマ\競合チャンネル分析\企画リサーチ_20260605\gcs_upload_staging\naresome_thumbnails\ZDlF1wtmD6k.jpg,270315,
_77I9fKkv84,2chの感動馴初め話,【2ch馴れ初め】両親を亡くし厄介者扱いされる耳が聞こえない少女→魔法少女好きのオタク社長の俺が引き取った結果【ゆっくり解説】,12878,maxresdefault,E:\Data\ObsidianVault\02_Channels\馴れ初めシネマ\競合チャンネル分析\企画リサーチ_20260605\gcs_upload_staging\naresome_thumbnails\_77I9fKkv84.jpg,257110,
yuQcJgKUB0M,2chなれそめストーリー2.0,【２ch馴れ初め】「彼氏が欲しい！」と酔って愚痴る女上司にふざけて告白した結果【ゆっくり解説】,12877,maxresdefault,E:\Data\ObsidianVault\02_Channels\馴れ初めシネマ\競合チャンネル分析\企画リサーチ_20260605\gcs_upload_staging\naresome_thumbnails\yuQcJgKUB0M.jpg,207547,
qRI_-2G1TNQ,2ch馴れ初め感動シネマ,【2ch馴れ初め】教師から押し付けられた留年間近のヤンキー同級生→ガリ勉陰キャの俺が勉強を教えた結果…,12875,maxresdefault,E:\Data\ObsidianVault\02_Channels\馴れ初めシネマ\競合チャンネル分析\企画リサーチ_20260605\gcs_upload_staging\naresome_thumbnails\qRI_-2G1TNQ.jpg,243108,
hY0Yr0_9mBM,2ch馴れ初め奇跡の出会い,【2ch馴れ初め】残業月100時間の自動車工場へ左遷された俺→システムを一新し残業ゼロにした結果...【ゆっくり】,12872,maxresdefault,E:\Data\ObsidianVault\02_Channels\馴れ初めシネマ\競合チャンネル分析\企画リサーチ_20260605\gcs_upload_staging\naresome_thumbnails\hY0Yr0_9mBM.jpg,339797,
izq-Cj9OeM0,2ch馴れ初め感動シネマ,【2ch馴れ初め】コネ入社の部下に大口顧客を横取りされた美人上司→実は顧客（組長）息子の俺がブチ切れた結果,12863,maxresdefault,E:\Data\ObsidianVault\02_Channels\馴れ初めシネマ\競合チャンネル分析\企画リサーチ_20260605\gcs_upload_staging\naresome_thumbnails\izq-Cj9OeM0.jpg,348751,
QIlzSsFBtW0,2ch 馴れ初め ストーリーズ,【2ch馴れ初め】「人形みたい」と言われ施設送りにされそうな赤ちゃんを引き取った俺→元捨て犬の豆柴が兄妹のように接した結果【ゆっくり】,12854,maxresdefault,E:\Data\ObsidianVault\02_Channels\馴れ初めシネマ\競合チャンネル分析\企画リサーチ_20260605\gcs_upload_staging\naresome_thumbnails\QIlzSsFBtW0.jpg,342011,
339ANZ1JQrs,2ch馴れ初めムービー,【２ｃｈ馴れ初め】母の誕生日を祝いたいと山栗を採ってきたドロドロ双子少女→親戚中をたらい回しにされて育った俺が家族愛を知った結果… 【感動・ほっこり】,12815,maxresdefault,E:\Data\ObsidianVault\02_Channels\馴れ初めシネマ\競合チャンネル分析\企画リサーチ_20260605\gcs_upload_staging\naresome_thumbnails\339ANZ1JQrs.jpg,277773,
F_9N9njywVM,2ch馴れ初め感動シネマ,【2ch馴れ初め】3歳の少女を助け社長面接に遅刻した俺→面接中、ヤクザ組長と孫娘が乱入してきた結果...【2ch】【馴れ初め】【総集編】,12794,maxresdefault,E:\Data\ObsidianVault\02_Channels\馴れ初めシネマ\競合チャンネル分析\企画リサーチ_20260605\gcs_upload_staging\naresome_thumbnails\F_9N9njywVM.jpg,235410,
ubd5U3iTp5s,2chなれそめストーリー2.0,【2ch馴れ初め】仕事中に女上司のストッキングに穴が開いていたので破った結果【ゆっくり】,12786,maxresdefault,E:\Data\ObsidianVault\02_Channels\馴れ初めシネマ\競合チャンネル分析\企画リサーチ_20260605\gcs_upload_staging\naresome_thumbnails\ubd5U3iTp5s.jpg,210576,
lgMxb1e_qPU,馴れ初め公園,【馴れ初め】売上トップの俺が突然クビ宣告→パート女性に誘われ2人で起業した結果…【ゆっくり】,12782,maxresdefault,E:\Data\ObsidianVault\02_Channels\馴れ初めシネマ\競合チャンネル分析\企画リサーチ_20260605\gcs_upload_staging\naresome_thumbnails\lgMxb1e_qPU.jpg,314038,
I-pecQn_yts,2ch 馴れ初め ストーリーズ,【2ch馴れ初め】近所の病院に入院する少女の手術代を俺が立て替えた結果、年下嫁になった【ゆっくり】,12767,maxresdefault,E:\Data\ObsidianVault\02_Channels\馴れ初めシネマ\競合チャンネル分析\企画リサーチ_20260605\gcs_upload_staging\naresome_thumbnails\I-pecQn_yts.jpg,249315,
DeJ5rtLxiY4,俺たちの馴れ初め,【2ch馴れ初め】　いつもモテない俺をからかってくる幼馴染→俺に義理の妹ができたと知った結果　【ゆっくり】,12688,maxresdefault,E:\Data\ObsidianVault\02_Channels\馴れ初めシネマ\競合チャンネル分析\企画リサーチ_20260605\gcs_upload_staging\naresome_thumbnails\DeJ5rtLxiY4.jpg,258653,
ugLun0mjbHw,2chの感動馴初め話,【2ch馴れ初め】姉「私じゃ妹を救えない…」難病の妹を救うため募金活動をする少女→ホームレスの俺が本気で空き缶を集めた結果…【ゆっくり解説】,12685,maxresdefault,E:\Data\ObsidianVault\02_Channels\馴れ初めシネマ\競合チャンネル分析\企画リサーチ_20260605\gcs_upload_staging\naresome_thumbnails\ugLun0mjbHw.jpg,255938,
zbbFBnXqb3w,2ch 馴れ初め ストーリーズ,【2ch馴れ初め】超お転婆な4歳の双子姉妹を預かった貧乏定食屋を営む俺→何故か1日300食出る超人気店になった結果【ゆっくり】,12665,maxresdefault,E:\Data\ObsidianVault\02_Channels\馴れ初めシネマ\競合チャンネル分析\企画リサーチ_20260605\gcs_upload_staging\naresome_thumbnails\zbbFBnXqb3w.jpg,324106,
rwLKDrUoqUs,俺たちの馴れ初め,【2ch馴れ初め】　共同経営の友人に無実の罪を着せられ解雇された女社長→元敏腕弁護士、現窓際社員の俺が声を掛けた結果...　【ゆっくり】,12638,maxresdefault,E:\Data\ObsidianVault\02_Channels\馴れ初めシネマ\競合チャンネル分析\企画リサーチ_20260605\gcs_upload_staging\naresome_thumbnails\rwLKDrUoqUs.jpg,258174,
P3Bg13Fj2V4,2ch馴れ初めムービー,【2ch馴れ初め】亡き母の料理が食べたいとレシピ本を持ってきたボロボロ三つ子姉妹→廃業寸前の洋食屋を営む俺が料理を振る舞った結果… 【感動名作】,12625,maxresdefault,E:\Data\ObsidianVault\02_Channels\馴れ初めシネマ\競合チャンネル分析\企画リサーチ_20260605\gcs_upload_staging\naresome_thumbnails\P3Bg13Fj2V4.jpg,285203,
smOsopd-Byc,ほろり感動馴れ初め話,【2ch馴れ初め】ボロアパートに置き去りにされた少女→愛犬と一緒に愛情を注ぎ施設に通い続けた結果【ゆっくり】,12591,maxresdefault,E:\Data\ObsidianVault\02_Channels\馴れ初めシネマ\競合チャンネル分析\企画リサーチ_20260605\gcs_upload_staging\naresome_thumbnails\smOsopd-Byc.jpg,222567,
TcUGFFSzHQk,2ch馴れ初め奇跡の出会い,【2ch馴れ初め】発達障害だと疑われ捨てられた幼い双子→実はIQ200で世界一の部品を作った結果...【ゆっくり】,12554,maxresdefault,E:\Data\ObsidianVault\02_Channels\馴れ初めシネマ\競合チャンネル分析\企画リサーチ_20260605\gcs_upload_staging\naresome_thumbnails\TcUGFFSzHQk.jpg,344922,
gxG7mkSL_BQ,2chの感動馴初め話,嵐の夜、息子が公園に忘れたリュックを届けてくれた、痩せ細った母娘→お礼にご馳走した結果…【2ch馴れ初め】【ゆっくり解説】,12541,maxresdefault,E:\Data\ObsidianVault\02_Channels\馴れ初めシネマ\競合チャンネル分析\企画リサーチ_20260605\gcs_upload_staging\naresome_thumbnails\gxG7mkSL_BQ.jpg,247510,
VUvVV4xYM0A,ほろり感動馴れ初め話,【2ch馴れ初め】大雨が降るSAの夜、挙動不審なびしょ濡れな母娘→不審に思い声を掛けた結果【ゆっくり解説】,12541,maxresdefault,E:\Data\ObsidianVault\02_Channels\馴れ初めシネマ\競合チャンネル分析\企画リサーチ_20260605\gcs_upload_staging\naresome_thumbnails\VUvVV4xYM0A.jpg,265227,
VfKTW4VbRUo,俺たちの馴れ初め,【2ch馴れ初め】無能で低賃金とバカにされる女性清掃員→実は社長の俺が専属秘書にした結果...【ゆっくり】,12516,maxresdefault,E:\Data\ObsidianVault\02_Channels\馴れ初めシネマ\競合チャンネル分析\企画リサーチ_20260605\gcs_upload_staging\naresome_thumbnails\VfKTW4VbRUo.jpg,259765,
tpNQegKgVeQ,2ch 馴れ初め ストーリーズ,【2ch馴れ初め】繁忙期の俺の旅館に訪ねてきた赤子連れのボロボロ女性→愛娘の直感で住み込み採用した結果【ゆっくり】,12513,maxresdefault,E:\Data\ObsidianVault\02_Channels\馴れ初めシネマ\競合チャンネル分析\企画リサーチ_20260605\gcs_upload_staging\naresome_thumbnails\tpNQegKgVeQ.jpg,242522,
NNida07KC3c,2ch 馴れ初め ストーリーズ,【2ch馴れ初め】真冬の深夜、洋食屋のドアを叩く4歳の双子→兄が亡くなり義姉が引き取ったはずの姪姉妹だった結果【ゆっくり】,12508,maxresdefault,E:\Data\ObsidianVault\02_Channels\馴れ初めシネマ\競合チャンネル分析\企画リサーチ_20260605\gcs_upload_staging\naresome_thumbnails\NNida07KC3c.jpg,339435,
oalQLKMtvLY,2ch馴れ初めムービー,【２ｃｈ馴れ初め】迷子の双子を助けた後日、黒塗りの車に囲まれた俺→ヤクザの親分が娘を託してきた結果【ゆっくり・感動実話】,12498,maxresdefault,E:\Data\ObsidianVault\02_Channels\馴れ初めシネマ\競合チャンネル分析\企画リサーチ_20260605\gcs_upload_staging\naresome_thumbnails\oalQLKMtvLY.jpg,302770,
wLMfMOs8l3k,2ch 馴れ初め ストーリーズ,【2ch馴れ初め総集編】休日のお昼、庭で遊んでいた愛犬の様子を見にいくと…→縁側で知らない双子の赤ちゃんと添い寝していた結果2ch可愛い子供の馴れ初め人気馴れ初め動画【作業用】【睡眠用】【ゆっくり】,12475,maxresdefault,E:\Data\ObsidianVault\02_Channels\馴れ初めシネマ\競合チャンネル分析\企画リサーチ_20260605\gcs_upload_staging\naresome_thumbnails\wLMfMOs8l3k.jpg,318483,
sCnOGhBGzOk,2ch 馴れ初め ストーリーズ,【2ch馴れ初め】浮気した妻が失踪し急にシングルファーザーになった俺→仕方なく双子姉妹を連れて会社に出社した結果【ゆっくり】,12447,maxresdefault,E:\Data\ObsidianVault\02_Channels\馴れ初めシネマ\競合チャンネル分析\企画リサーチ_20260605\gcs_upload_staging\naresome_thumbnails\sCnOGhBGzOk.jpg,314588,
ZabkuBGIdGQ,俺たちの馴れ初め,【2ch馴れ初め】ＷEB会議でマイクを切り忘れた鬼女上司→俺への想いを公開告白した結果…【ゆっくり】,12415,maxresdefault,E:\Data\ObsidianVault\02_Channels\馴れ初めシネマ\競合チャンネル分析\企画リサーチ_20260605\gcs_upload_staging\naresome_thumbnails\ZabkuBGIdGQ.jpg,211012,
My8v_WPp6Ns,2chの感動馴初め話,【2ch馴れ初め】クリスマスの寒い夜、置き去りにされた転校生→居酒屋の娘の俺がオードブルでお祝いした結果【ゆっくり解説】,12411,maxresdefault,E:\Data\ObsidianVault\02_Channels\馴れ初めシネマ\競合チャンネル分析\企画リサーチ_20260605\gcs_upload_staging\naresome_thumbnails\My8v_WPp6Ns.jpg,279722,
GsoHDjv38JE,2ch馴れ初め感動シネマ,【2ch馴れ初め】クマから盲目の少女を助け右目を失ったヤクザの俺→15年後、美人整体師に話しかけられた結果,12372,maxresdefault,E:\Data\ObsidianVault\02_Channels\馴れ初めシネマ\競合チャンネル分析\企画リサーチ_20260605\gcs_upload_staging\naresome_thumbnails\GsoHDjv38JE.jpg,243568,
egFsWfkBP1s,ほろり感動馴れ初め話,【2ch馴れ初め】古びたラーメン屋の前で客寄せする双子姉妹→熱意に負けてお店に入った結果【ゆっくり解説】,12363,maxresdefault,E:\Data\ObsidianVault\02_Channels\馴れ初めシネマ\競合チャンネル分析\企画リサーチ_20260605\gcs_upload_staging\naresome_thumbnails\egFsWfkBP1s.jpg,261130,
FYgzp4NevdE,2ch 馴れ初め ストーリーズ,【2ch馴れ初め】元妻に奪われた1歳の双子の赤ちゃん→ 3年後、SNSで父親探しをしていた結果【ゆっくり】,12357,maxresdefault,E:\Data\ObsidianVault\02_Channels\馴れ初めシネマ\競合チャンネル分析\企画リサーチ_20260605\gcs_upload_staging\naresome_thumbnails\FYgzp4NevdE.jpg,250890,
aD_onN0Z3pg,2ch 馴れ初め ストーリーズ,【2ch馴れ初め】前世の記憶を持つ4歳の双子姉妹→ある日突然、俺の家に訪ねてきた結果【ゆっくり】,12333,maxresdefault,E:\Data\ObsidianVault\02_Channels\馴れ初めシネマ\競合チャンネル分析\企画リサーチ_20260605\gcs_upload_staging\naresome_thumbnails\aD_onN0Z3pg.jpg,217717,
Aoe840LuAI4,2ch 馴れ初め ストーリーズ,【2ch馴れ初め】迷子の双子姉妹を助けたことでクビ宣告された俺→後日、姉妹が美人女性と老人を引き連れてきた結果【ゆっくり】,12332,maxresdefault,E:\Data\ObsidianVault\02_Channels\馴れ初めシネマ\競合チャンネル分析\企画リサーチ_20260605\gcs_upload_staging\naresome_thumbnails\Aoe840LuAI4.jpg,322260,
wrdy_9ANmms,2ch 馴れ初め ストーリーズ,【2ch馴れ初め総集編】児童養護施設で出会った人形のように無表情な赤ちゃん→IQ200の天才娘が心を通わせ家族になった結果2ch可愛い子供の馴れ初め人気馴れ初め動画【作業用】【睡眠用】【ゆっくり】,12325,maxresdefault,E:\Data\ObsidianVault\02_Channels\馴れ初めシネマ\競合チャンネル分析\企画リサーチ_20260605\gcs_upload_staging\naresome_thumbnails\wrdy_9ANmms.jpg,336411,
9Y-G2ZCSgFo,ほろり感動馴れ初め話,【2ch馴れ初め】親戚に全てを奪われ捨てられた3姉妹→裏切られて心を病む社長の俺が引き取った結果【ゆっくり解説】,12325,maxresdefault,E:\Data\ObsidianVault\02_Channels\馴れ初めシネマ\競合チャンネル分析\企画リサーチ_20260605\gcs_upload_staging\naresome_thumbnails\9Y-G2ZCSgFo.jpg,255396,
vmEGPzTU6c8,2chの感動馴初め話,【2ch馴れ初め】クレープ屋に来た生活保護の双子姉妹→苺たっぷりのクレープをご馳走した結果【ゆっくり】,12315,maxresdefault,E:\Data\ObsidianVault\02_Channels\馴れ初めシネマ\競合チャンネル分析\企画リサーチ_20260605\gcs_upload_staging\naresome_thumbnails\vmEGPzTU6c8.jpg,287932,
VkTcIKbkRl8,2ch 馴れ初め ストーリーズ,【2ch馴れ初め総集編】発達障害と診断され両親に見捨てられた4歳の姪→在宅プログラマーの俺が引き取った結果 2chほっこり馴れ初め人気馴れ初め動画まとめてみた！【作業用】【ゆっくり】,12310,maxresdefault,E:\Data\ObsidianVault\02_Channels\馴れ初めシネマ\競合チャンネル分析\企画リサーチ_20260605\gcs_upload_staging\naresome_thumbnails\VkTcIKbkRl8.jpg,242284,
TciqumRoCaA,2ch馴れ初めタイムトラベル,【2ch馴れ初め】社長命令で１億の発注ミスを押し付けてくるエリート上司 →実は社長の俺がブチギレた結果...【ゆっくり】,12267,maxresdefault,E:\Data\ObsidianVault\02_Channels\馴れ初めシネマ\競合チャンネル分析\企画リサーチ_20260605\gcs_upload_staging\naresome_thumbnails\TciqumRoCaA.jpg,245649,
Ffb4aF2O-nk,2ch 馴れ初め ストーリーズ,【2ch馴れ初め】隣に住む美人シンママの4歳の一人娘を預かった俺→娘同士が意気投合して「しまいになるでしゅ！」と言い出した結果【ゆっくり】,12214,maxresdefault,E:\Data\ObsidianVault\02_Channels\馴れ初めシネマ\競合チャンネル分析\企画リサーチ_20260605\gcs_upload_staging\naresome_thumbnails\Ffb4aF2O-nk.jpg,238160,
oCgR8okO-hM,2ch馴れ初めゆっくりで最愛,【2ch 馴れ初め】閉店間際、謎のメモを持ってきたボロボロの母娘 廃業寸前のラーメン屋の俺が特製ラーメンを振る舞った結果【ゆっくり】,12211,maxresdefault,E:\Data\ObsidianVault\02_Channels\馴れ初めシネマ\競合チャンネル分析\企画リサーチ_20260605\gcs_upload_staging\naresome_thumbnails\oCgR8okO-hM.jpg,266154,
pXaP1G0lGv0,2ch馴れ初め奇跡の出会い,【2ch馴れ初め】院長の息子に嫌われド田舎の診療所に左遷された俺 →1ヶ月後、各地から患者が殺到した結果...【ゆっくり】,12191,maxresdefault,E:\Data\ObsidianVault\02_Channels\馴れ初めシネマ\競合チャンネル分析\企画リサーチ_20260605\gcs_upload_staging\naresome_thumbnails\pXaP1G0lGv0.jpg,325250,
NE6ikd4-xoQ,2ch 馴れ初め ストーリーズ,【2ch馴れ初め】社交パーティーで学生時代のイジメっ子に再会した俺→愛娘の双子姉妹の一言で彼の顔が真っ青に…【ゆっくり】,12183,maxresdefault,E:\Data\ObsidianVault\02_Channels\馴れ初めシネマ\競合チャンネル分析\企画リサーチ_20260605\gcs_upload_staging\naresome_thumbnails\NE6ikd4-xoQ.jpg,218956,
HzoFEMiltV8,2ch馴れ初め感動シネマ,【2ch馴れ初め】歓迎会で親がヤクザ組長と悪自慢する同僚にカマされる俺→組長弟で実は若頭の俺がブチギレた結果...【2ch】【馴れ初め】【総集編】,12181,maxresdefault,E:\Data\ObsidianVault\02_Channels\馴れ初めシネマ\競合チャンネル分析\企画リサーチ_20260605\gcs_upload_staging\naresome_thumbnails\HzoFEMiltV8.jpg,270075,
rXmDppsUnWw,2ch馴れ初めほっこり物語,【2ch馴れ初め】叔父に無理やり、お見合いを押し付けられた俺→そこに借金取りのフリした部下が乱入した結果…【ゆっくり】,12173,maxresdefault,E:\Data\ObsidianVault\02_Channels\馴れ初めシネマ\競合チャンネル分析\企画リサーチ_20260605\gcs_upload_staging\naresome_thumbnails\rXmDppsUnWw.jpg,333386,
lUgPuMeqY9s,2ch馴れ初め感動シネマ,【2ch馴れ初め】娘の保育園で保護者の俺にだけタメ口を使う新人保育士→恐る恐る理由を聞いてみた結果,12172,maxresdefault,E:\Data\ObsidianVault\02_Channels\馴れ初めシネマ\競合チャンネル分析\企画リサーチ_20260605\gcs_upload_staging\naresome_thumbnails\lUgPuMeqY9s.jpg,345112,
HCRRVDHj0_E,2chなれそめストーリー2.0,【2ch馴れ初め】商談で終電を逃し美人熟女上司と仕方なくホテルで一夜を過ごした結果【ゆっくり】,12157,maxresdefault,E:\Data\ObsidianVault\02_Channels\馴れ初めシネマ\競合チャンネル分析\企画リサーチ_20260605\gcs_upload_staging\naresome_thumbnails\HCRRVDHj0_E.jpg,220154,
v76P8Bxaxyg,2ch馴れ初めゆっくりで最愛,【2ch馴れ初め】アパートの隣に引っ越してきたボロボロのシングルマザー→毎日同じ服だったので娘のお下がりを大量にあげた結果【ゆっくり】,12149,maxresdefault,E:\Data\ObsidianVault\02_Channels\馴れ初めシネマ\競合チャンネル分析\企画リサーチ_20260605\gcs_upload_staging\naresome_thumbnails\v76P8Bxaxyg.jpg,273990,
yA-ERsbQJwA,2ch馴れ初め感動シネマ,【2ch馴れ初め 総集編】会社の飲み会帰りにヤクザと肩が触れ脅される俺→社内一のマドンナが腹を抱えて笑い出した結果..... 大人気動画まとめ3選 【作業用】【ゆっくり】,12138,maxresdefault,E:\Data\ObsidianVault\02_Channels\馴れ初めシネマ\競合チャンネル分析\企画リサーチ_20260605\gcs_upload_staging\naresome_thumbnails\yA-ERsbQJwA.jpg,255882,
GFhiBrY8OGg,2chの感動馴初め話,【2ch馴れ初め】極寒の夜、助けを求めてきた幼い少女 →心配になり家まで娘と送り届けた結果【ゆっくり】,12137,maxresdefault,E:\Data\ObsidianVault\02_Channels\馴れ初めシネマ\競合チャンネル分析\企画リサーチ_20260605\gcs_upload_staging\naresome_thumbnails\GFhiBrY8OGg.jpg,289003,
U9ZhVVydSDk,2ch 馴れ初め ストーリーズ,【2ch馴れ初め】閑古鳥の洋菓子店に毎日クレームを付けてくる4歳児→言われた通りにしたら   行列のできる超有名店になった結果【ゆっくり】,12137,maxresdefault,E:\Data\ObsidianVault\02_Channels\馴れ初めシネマ\競合チャンネル分析\企画リサーチ_20260605\gcs_upload_staging\naresome_thumbnails\U9ZhVVydSDk.jpg,333073,
G5tmi9PKozs,2ch馴れ初め感動シネマ,【2ch馴れ初め】上司にお見合いを押し付けられた元刑事の俺→一般人のフリしたら想定外の結果に…【2ch】【馴れ初め】【総集編】,12133,maxresdefault,E:\Data\ObsidianVault\02_Channels\馴れ初めシネマ\競合チャンネル分析\企画リサーチ_20260605\gcs_upload_staging\naresome_thumbnails\G5tmi9PKozs.jpg,265524,
j_vB47iNVjM,俺たちの馴れ初め,【2ch馴れ初め】陰キャでオタクの俺が幼馴染で学年一の美女にゲームで負けた罰ゲームで告白した結果…【ゆっくり解説】,12115,maxresdefault,E:\Data\ObsidianVault\02_Channels\馴れ初めシネマ\競合チャンネル分析\企画リサーチ_20260605\gcs_upload_staging\naresome_thumbnails\j_vB47iNVjM.jpg,202016,
rI6bwGVY1Kg,2chなれそめストーリー2.0,【２ch馴れ初め】隣人のガリガリな貧乏女性に毎日差し入れをしたら発育が良くなり過ぎた【ゆっくり解説】,12098,maxresdefault,E:\Data\ObsidianVault\02_Channels\馴れ初めシネマ\競合チャンネル分析\企画リサーチ_20260605\gcs_upload_staging\naresome_thumbnails\rI6bwGVY1Kg.jpg,229489,
kqPAGjJjOmA,2chの感動馴初め話,【2ch馴れ初め】隣人の母娘が大雪の夜に強制退去の紙を見て涙する→俺お家に招き温かい食事をご馳走した結果【ゆっくり解説】,12080,maxresdefault,E:\Data\ObsidianVault\02_Channels\馴れ初めシネマ\競合チャンネル分析\企画リサーチ_20260605\gcs_upload_staging\naresome_thumbnails\kqPAGjJjOmA.jpg,273289,
bTRUSiancTg,2chの感動馴初め話,【2ch馴れ初め】寒い夜、橋の下に置き去りにされた双子を引き取った俺→公園で婦警に睨まれ誤解された結果【ゆっくり解説】,12073,maxresdefault,E:\Data\ObsidianVault\02_Channels\馴れ初めシネマ\競合チャンネル分析\企画リサーチ_20260605\gcs_upload_staging\naresome_thumbnails\bTRUSiancTg.jpg,281650,
ii2HvnVGQJA,2ch馴れ初めタイムトラベル,【2ch馴れ初め】過労で倒れ、入院している中卒の俺を脅す部長 →お望み通り速攻で退職した結果...【ゆっくり】,12058,maxresdefault,E:\Data\ObsidianVault\02_Channels\馴れ初めシネマ\競合チャンネル分析\企画リサーチ_20260605\gcs_upload_staging\naresome_thumbnails\ii2HvnVGQJA.jpg,252131,
4a_nd1EffdQ,2ch 馴れ初め ストーリーズ,【2ch馴れ初め】深夜に妹を連れて助けを求めてきた4歳のボロボロ少女→ 警察官の俺が様子を見に行った結果【ゆっくり】,12053,maxresdefault,E:\Data\ObsidianVault\02_Channels\馴れ初めシネマ\競合チャンネル分析\企画リサーチ_20260605\gcs_upload_staging\naresome_thumbnails\4a_nd1EffdQ.jpg,228352,
pD92H94WjVo,2ch馴れ初めゆっくりで最愛,【2ch 馴れ初め】拾ったタダ券を使用拒否され途方に暮れるボロボロな双子少女→放っておけず俺が特製チャーハンをご馳走した結果【ゆっくり】,12041,maxresdefault,E:\Data\ObsidianVault\02_Channels\馴れ初めシネマ\競合チャンネル分析\企画リサーチ_20260605\gcs_upload_staging\naresome_thumbnails\pD92H94WjVo.jpg,289795,
9jzbJno7cY0,2chの感動馴初め話,【2ch馴れ初め】横領を疑われ自宅待機になった俺→5歳の娘が会社にクレームを入れた結果【ゆっくり解説】,12030,maxresdefault,E:\Data\ObsidianVault\02_Channels\馴れ初めシネマ\競合チャンネル分析\企画リサーチ_20260605\gcs_upload_staging\naresome_thumbnails\9jzbJno7cY0.jpg,238738,
_foZOudyc58,2chの感動馴初め話,【2ch馴れ初め】3年前に起こした事故で亡くした娘たちが、雪降る日に突然現れた結果…【ゆっくり】,12008,maxresdefault,E:\Data\ObsidianVault\02_Channels\馴れ初めシネマ\競合チャンネル分析\企画リサーチ_20260605\gcs_upload_staging\naresome_thumbnails\_foZOudyc58.jpg,306581,
ZGziK21mHKQ,2ch馴れ初めタイムトラベル,【2ch馴れ初め】ド田舎支店に左遷され「無〇」と罵られる俺→大企業との商談に同席した結果、上司が顔面蒼白に...【ゆっくり】,11999,maxresdefault,E:\Data\ObsidianVault\02_Channels\馴れ初めシネマ\競合チャンネル分析\企画リサーチ_20260605\gcs_upload_staging\naresome_thumbnails\ZGziK21mHKQ.jpg,332888,
IPHbW0lIOhc,2ch馴れ初めヒストリー,【2ch馴れ初め】病院に受診拒否され病院前で苦しむ老人→元天才外科医、現清掃員の俺が本気を出したら運命が変わった結果...【ゆっくり】,11998,maxresdefault,E:\Data\ObsidianVault\02_Channels\馴れ初めシネマ\競合チャンネル分析\企画リサーチ_20260605\gcs_upload_staging\naresome_thumbnails\IPHbW0lIOhc.jpg,344506,
bdDaR34SiMo,2ch感動の馴れ初め話,【2ch馴れ初め】絶望が蔓延する島流し支社に左遷された俺、実はみんな優秀だったので本社を見返した結果【ゆっくり動画】,11945,maxresdefault,E:\Data\ObsidianVault\02_Channels\馴れ初めシネマ\競合チャンネル分析\企画リサーチ_20260605\gcs_upload_staging\naresome_thumbnails\bdDaR34SiMo.jpg,303310,
kAKFxQlTCSU,2ch馴れ初めほっこり物語,【2ch馴れ初め】父を亡くし果樹園を継いだ俺を脅す洋菓子メーカー→系列80店舗への出荷を全て終了した結果…【ゆっくり】,11927,maxresdefault,E:\Data\ObsidianVault\02_Channels\馴れ初めシネマ\競合チャンネル分析\企画リサーチ_20260605\gcs_upload_staging\naresome_thumbnails\kAKFxQlTCSU.jpg,342936,
gPWWaRuKT7I,2ch 馴れ初め ストーリーズ,【2ch馴れ初め】癇癪持ちの赤ちゃんを施設に入れると見捨てた親戚一同→有名音楽家の俺が引き取ると   絶対音感を持つ音楽の天才だった結果【ゆっくり】,11808,maxresdefault,E:\Data\ObsidianVault\02_Channels\馴れ初めシネマ\競合チャンネル分析\企画リサーチ_20260605\gcs_upload_staging\naresome_thumbnails\gPWWaRuKT7I.jpg,327916,
Q-NWCvrRWC4,2ch馴れ初めゆっくりで最愛,【2ch 馴れ初め】閉店間近俺のラーメン屋に面接に来たホームレスのボロボロな母娘 高校時代地元で有名だった不良ギャルだった結果【ゆっくり】,11788,maxresdefault,E:\Data\ObsidianVault\02_Channels\馴れ初めシネマ\競合チャンネル分析\企画リサーチ_20260605\gcs_upload_staging\naresome_thumbnails\Q-NWCvrRWC4.jpg,259002,
1Ermp-B5A0I,2ch 馴れ初め ストーリーズ,【2ch馴れ初め】海外旅行に行った弟夫婦が押し付けてきたボロボロ双子→不妊が原因で離婚された俺が引き取った結果【ゆっくり】,11781,maxresdefault,E:\Data\ObsidianVault\02_Channels\馴れ初めシネマ\競合チャンネル分析\企画リサーチ_20260605\gcs_upload_staging\naresome_thumbnails\1Ermp-B5A0I.jpg,337232,
OD3_fYMQy_w,2chなれそめストーリー2.0,【2ch馴れ初め】綺麗だけど皆に厳しい女上司にマッサージをした結果【ゆっくり】,11771,maxresdefault,E:\Data\ObsidianVault\02_Channels\馴れ初めシネマ\競合チャンネル分析\企画リサーチ_20260605\gcs_upload_staging\naresome_thumbnails\OD3_fYMQy_w.jpg,218981,
ZWTHXTAMJdU,2ch馴れ初めゆっくりで最愛,【2ch 馴れ初め】ランドセルが買えず、ボロボロのトートバッグで登校する貧乏少女→亡き娘が使えなったランドセルをプレゼントした結果【ゆっくり】,11771,maxresdefault,E:\Data\ObsidianVault\02_Channels\馴れ初めシネマ\競合チャンネル分析\企画リサーチ_20260605\gcs_upload_staging\naresome_thumbnails\ZWTHXTAMJdU.jpg,273117,
V6Hssaz81pg,俺たちの馴れ初め,【2ch馴れ初め】俺のことが好きな元教え子の美女に姪っ子と遊んでる所を見られた結果…【ゆっくり】,11710,maxresdefault,E:\Data\ObsidianVault\02_Channels\馴れ初めシネマ\競合チャンネル分析\企画リサーチ_20260605\gcs_upload_staging\naresome_thumbnails\V6Hssaz81pg.jpg,221393,
MfzKwVjiLRc,ほろり感動馴れ初め話,【2ch馴れ初め】3年ぶりに元妻の墓参りに来た俺→俺が捨てた娘達と再会した結果【ゆっくり解説】,11620,maxresdefault,E:\Data\ObsidianVault\02_Channels\馴れ初めシネマ\競合チャンネル分析\企画リサーチ_20260605\gcs_upload_staging\naresome_thumbnails\MfzKwVjiLRc.jpg,228747,
kMesFG-_3Jo,2ch馴れ初め感動シネマ,【2ch馴れ初め】耳が聴こえず音楽の授業でリズムが取れない難聴の転校生→音ゲーの達人の陰キャ同級生が助けた結果…,11598,maxresdefault,E:\Data\ObsidianVault\02_Channels\馴れ初めシネマ\競合チャンネル分析\企画リサーチ_20260605\gcs_upload_staging\naresome_thumbnails\kMesFG-_3Jo.jpg,249167,
Mmif7H5vup4,2chなれそめストーリー2.0,【2ch馴れ初め】ゴミ捨場で倒れている隣人JDを世話してあげたら…【ゆっくり解説】,11597,maxresdefault,E:\Data\ObsidianVault\02_Channels\馴れ初めシネマ\競合チャンネル分析\企画リサーチ_20260605\gcs_upload_staging\naresome_thumbnails\Mmif7H5vup4.jpg,216877,
RKqosybXHjU,2ch馴れ初めほっこり物語,【2ch馴れ初め】休日の昼間、庭で遊ぶ1人娘の様子を見に行くと →知らない赤ちゃんと一緒に大型犬に乗っていた結果…【ゆっくり】,11593,maxresdefault,E:\Data\ObsidianVault\02_Channels\馴れ初めシネマ\競合チャンネル分析\企画リサーチ_20260605\gcs_upload_staging\naresome_thumbnails\RKqosybXHjU.jpg,326726,
mctbSHbsYFQ,2ch馴れ初め感動シネマ,【2ch馴れ初め】少女を助け上級生のヤクザ息子にボコられた小1の息子→元第一空挺団の俺が本気を出した結果...【2ch】【馴れ初め】【総集編】,11568,maxresdefault,E:\Data\ObsidianVault\02_Channels\馴れ初めシネマ\競合チャンネル分析\企画リサーチ_20260605\gcs_upload_staging\naresome_thumbnails\mctbSHbsYFQ.jpg,268316,
PjEpVb2Hk6g,2ch 馴れ初め ストーリーズ,【2ch馴れ初め総集編】母親が急逝し実家を片付けに行った俺→離婚した元妻に引き取られた双子が住み着いていた結果 2chほっこり馴れ初め人気馴れ初め動画まとめてみた！【作業用】【ゆっくり】,11566,maxresdefault,E:\Data\ObsidianVault\02_Channels\馴れ初めシネマ\競合チャンネル分析\企画リサーチ_20260605\gcs_upload_staging\naresome_thumbnails\PjEpVb2Hk6g.jpg,245853,
ed-rt3EG2cI,俺たちの馴れ初め,【総集編】感動の馴れ初め話3選,11562,maxresdefault,E:\Data\ObsidianVault\02_Channels\馴れ初めシネマ\競合チャンネル分析\企画リサーチ_20260605\gcs_upload_staging\naresome_thumbnails\ed-rt3EG2cI.jpg,251496,
ApcJhF9NAGk,2chの感動馴初め話,【2ch馴れ初め】双子少女が実家の愛犬を枕に寝ていた→翌日から毎日一緒に過ごした結果【ゆっくり解説】,11561,maxresdefault,E:\Data\ObsidianVault\02_Channels\馴れ初めシネマ\競合チャンネル分析\企画リサーチ_20260605\gcs_upload_staging\naresome_thumbnails\ApcJhF9NAGk.jpg,252410,
3wA46dVOEWc,2ch 馴れ初め ストーリーズ,【2ch馴れ初め】社運の掛かった重要な商談に子連れで向かうことになった俺→2歳の双子姉妹が取引先の美人社長に無邪気に甘えた結果【ゆっくり】,11548,maxresdefault,E:\Data\ObsidianVault\02_Channels\馴れ初めシネマ\競合チャンネル分析\企画リサーチ_20260605\gcs_upload_staging\naresome_thumbnails\3wA46dVOEWc.jpg,336181,
2WNdAXlsu2I,ほろり感動馴れ初め話,【2ch馴れ初め】社長令嬢とデート中迷子の少女を助けた俺→後日クビになった俺の前に少女が現れた結果【ゆっくり解説】,11504,maxresdefault,E:\Data\ObsidianVault\02_Channels\馴れ初めシネマ\競合チャンネル分析\企画リサーチ_20260605\gcs_upload_staging\naresome_thumbnails\2WNdAXlsu2I.jpg,273671,
s6BUEjmuOls,俺たちの馴れ初め,【2ch馴れ初め】不登校の女子にプリントを届けたらなぜか部屋に誘われた結果…【ゆっくり】,11502,maxresdefault,E:\Data\ObsidianVault\02_Channels\馴れ初めシネマ\競合チャンネル分析\企画リサーチ_20260605\gcs_upload_staging\naresome_thumbnails\s6BUEjmuOls.jpg,226015,
kQNRHjr3eIE,2ch馴れ初めラブレター,【2ch馴れ初め】 田舎のバス停で一日中ママを待ち続ける姉妹 →見過ごせず声を掛けた結果...【ゆっくり】,11497,maxresdefault,E:\Data\ObsidianVault\02_Channels\馴れ初めシネマ\競合チャンネル分析\企画リサーチ_20260605\gcs_upload_staging\naresome_thumbnails\kQNRHjr3eIE.jpg,290120,
fesXtbqI-n4,2chなれそめストーリー2.0,【2ch馴れ初め】通りすがりの人妻に突然部屋にくるように誘われた結果【ゆっくり】,11495,maxresdefault,E:\Data\ObsidianVault\02_Channels\馴れ初めシネマ\競合チャンネル分析\企画リサーチ_20260605\gcs_upload_staging\naresome_thumbnails\fesXtbqI-n4.jpg,259227,
1lhs08BX5bc,2ch 馴れ初め ストーリーズ,【2ch馴れ初め】アレルギーだらけの姪っ子を引き取った俺→栄養士として開発した特製レシピを開発した結果…【ゆっくり】,11489,maxresdefault,E:\Data\ObsidianVault\02_Channels\馴れ初めシネマ\競合チャンネル分析\企画リサーチ_20260605\gcs_upload_staging\naresome_thumbnails\1lhs08BX5bc.jpg,220254,
4kUlZoHrpq4,2ch 馴れ初め ストーリーズ,【2ch馴れ初め】俺の会社に母親の代わりに面接に来た幼い姉妹→正体を知った俺が即採用した結果【ゆっくり】,11455,maxresdefault,E:\Data\ObsidianVault\02_Channels\馴れ初めシネマ\競合チャンネル分析\企画リサーチ_20260605\gcs_upload_staging\naresome_thumbnails\4kUlZoHrpq4.jpg,324513,
X1Oqttl3SCQ,2ch 馴れ初め ストーリーズ,【2ch馴れ初め】猛吹雪の夜、山奥の小屋の窓を叩き助けを求める1歳の妹を抱えた少女→レストランを営む俺が放っておけず保護した結果【ゆっくり】,11453,maxresdefault,E:\Data\ObsidianVault\02_Channels\馴れ初めシネマ\競合チャンネル分析\企画リサーチ_20260605\gcs_upload_staging\naresome_thumbnails\X1Oqttl3SCQ.jpg,362293,
rqNHlkJdcUE,2ch馴れ初め感動シネマ,【2ch馴れ初め 総集編】同窓会で同業の同級生に飛び蹴りされた俺→初対面なので速攻で警察を呼んだ結果..... 大人気動画まとめ3選 【作業用】【ゆっくり】,11445,maxresdefault,E:\Data\ObsidianVault\02_Channels\馴れ初めシネマ\競合チャンネル分析\企画リサーチ_20260605\gcs_upload_staging\naresome_thumbnails\rqNHlkJdcUE.jpg,240001,
-hQ5GgKOlqQ,2ch馴れ初め感動シネマ,【2ch馴れ初め】こっそり修学旅行に付いてきた年の離れた双子姉妹→学校一のヤンキー同級生をゴン詰めしていた結果,11440,maxresdefault,E:\Data\ObsidianVault\02_Channels\馴れ初めシネマ\競合チャンネル分析\企画リサーチ_20260605\gcs_upload_staging\naresome_thumbnails\-hQ5GgKOlqQ.jpg,339189,
3rxRga-FvgY,2chの感動馴初め話,【2ch馴れ初め】妹の誕生日に本を買いに来た石ころを差し出す貧乏姉妹→動物の絵本をプレゼントした結果【ゆっくり解説】,11403,maxresdefault,E:\Data\ObsidianVault\02_Channels\馴れ初めシネマ\競合チャンネル分析\企画リサーチ_20260605\gcs_upload_staging\naresome_thumbnails\3rxRga-FvgY.jpg,292027,
tz8AC6-4cZo,2ch 馴れ初め ストーリーズ,【2ch馴れ初め総集編】高級ホテルで不当請求される車椅子母娘 → 身分を隠して宿泊していた総支配人の俺がキレた結果2ch可愛い子供の馴れ初め人気馴れ初め動画【作業用】【睡眠用】【ゆっくり】,11378,maxresdefault,E:\Data\ObsidianVault\02_Channels\馴れ初めシネマ\競合チャンネル分析\企画リサーチ_20260605\gcs_upload_staging\naresome_thumbnails\tz8AC6-4cZo.jpg,348865,
bngam0_O7ns,2ch 馴れ初め ストーリーズ,【2ch馴れ初め】深夜の無人駅で立ち尽くすボロボロ母娘→長距離トラック運転手の俺が声を掛けた結果【ゆっくり】,11378,maxresdefault,E:\Data\ObsidianVault\02_Channels\馴れ初めシネマ\競合チャンネル分析\企画リサーチ_20260605\gcs_upload_staging\naresome_thumbnails\bngam0_O7ns.jpg,231842,
sp0UdV1NfeU,2chの感動馴初め話,【2ch馴れ初め】妻子を亡くし2人の元に行こうとする俺→天国の母親に会いに行く少女と出会った結果【ゆっくり】,11362,maxresdefault,E:\Data\ObsidianVault\02_Channels\馴れ初めシネマ\競合チャンネル分析\企画リサーチ_20260605\gcs_upload_staging\naresome_thumbnails\sp0UdV1NfeU.jpg,264455,
22CX4G43K-Q,俺たちの馴れ初め,【2ch馴れ初め】　無能な俺が深夜に残業していると→数年前に退職した女上司が突然現れた結果...　【ゆっくり】,11323,maxresdefault,E:\Data\ObsidianVault\02_Channels\馴れ初めシネマ\競合チャンネル分析\企画リサーチ_20260605\gcs_upload_staging\naresome_thumbnails\22CX4G43K-Q.jpg,247220,
aty925_YLN8,2ch 馴れ初め ストーリーズ,【2ch馴れ初め】取引先の頑固社長からの怒りの電話に   →幼い姉妹が「パパをいじめないで！」と激オコ対応した結果【ゆっくり】,11317,maxresdefault,E:\Data\ObsidianVault\02_Channels\馴れ初めシネマ\競合チャンネル分析\企画リサーチ_20260605\gcs_upload_staging\naresome_thumbnails\aty925_YLN8.jpg,324944,
yOPe_l0rBus,2ch馴れ初めゆっくりで最愛,【2ch馴れ初め】みるみる痩せ細る隣の生活保護の母親 心配になり人生最後の渾身のカレーをご馳走した結果【ゆっくり】,11304,maxresdefault,E:\Data\ObsidianVault\02_Channels\馴れ初めシネマ\競合チャンネル分析\企画リサーチ_20260605\gcs_upload_staging\naresome_thumbnails\yOPe_l0rBus.jpg,263501,
TmqrjplBtc4,2ch馴れ初めゆっくりで最愛,【2ch 馴れ初め】後輩の嫌がらせで工場をクビになってしまったボロボロのシンママ→かつて無能だとバカにされていた俺の町工場で雇った結果【ゆっくり】,11291,maxresdefault,E:\Data\ObsidianVault\02_Channels\馴れ初めシネマ\競合チャンネル分析\企画リサーチ_20260605\gcs_upload_staging\naresome_thumbnails\TmqrjplBtc4.jpg,294097,
LT21E-GEHn8,2ch馴れ初めムービー,【２ｃｈ馴れ初め】公園で毎日俺の娘たちと遊んでくれる顔に傷のある女性→家政婦さんとして雇った結果…【ほっこり・感動】,11285,maxresdefault,E:\Data\ObsidianVault\02_Channels\馴れ初めシネマ\競合チャンネル分析\企画リサーチ_20260605\gcs_upload_staging\naresome_thumbnails\LT21E-GEHn8.jpg,275657,
f9zVFjvx6zc,2ch感動の馴れ初め話,【2ch馴れ初め】かつて貧乏な俺をいつも夕飯に呼んでくれた同級生母娘、10年後、社長の俺が訪ねると誰も居なかった結果【ゆっくり動画】,11283,maxresdefault,E:\Data\ObsidianVault\02_Channels\馴れ初めシネマ\競合チャンネル分析\企画リサーチ_20260605\gcs_upload_staging\naresome_thumbnails\f9zVFjvx6zc.jpg,311528,
PRZUew0IQXU,2ch馴れ初め奇跡の出会い,【2ch馴れ初め】ライバル店に全従業員を引き抜かれパニックの美人女将 →娘と旅行中だった元有名料亭料理長の俺が手を貸した結果...【ゆっくり】,11281,maxresdefault,E:\Data\ObsidianVault\02_Channels\馴れ初めシネマ\競合チャンネル分析\企画リサーチ_20260605\gcs_upload_staging\naresome_thumbnails\PRZUew0IQXU.jpg,350878,
_XX6hALwdto,2ch 馴れ初め ストーリーズ,【2ch馴れ初め】野良猫を追いかけて迷子になった幼い姉妹→家まで送り届けると驚きの真実が…【ゆっくり】,11270,maxresdefault,E:\Data\ObsidianVault\02_Channels\馴れ初めシネマ\競合チャンネル分析\企画リサーチ_20260605\gcs_upload_staging\naresome_thumbnails\_XX6hALwdto.jpg,226331,
Lm-du4fvgI8,2chの感動馴初め話,【2ch馴れ初め】大雪に凍えながら母親の形見を売る貧乏姉妹→俺が買い取り実家に招待した結果【ゆっくり】,11269,maxresdefault,E:\Data\ObsidianVault\02_Channels\馴れ初めシネマ\競合チャンネル分析\企画リサーチ_20260605\gcs_upload_staging\naresome_thumbnails\Lm-du4fvgI8.jpg,349522,
BVXvs8dz9c8,馴れ初め公園,【馴れ初め】鬼女上司から休日出勤を命じる電話が…→幼い娘が勝手に出てしまった結果…【ゆっくり】,11257,maxresdefault,E:\Data\ObsidianVault\02_Channels\馴れ初めシネマ\競合チャンネル分析\企画リサーチ_20260605\gcs_upload_staging\naresome_thumbnails\BVXvs8dz9c8.jpg,298458,
Rut6dr8Xqds,2chなれそめストーリー2.0,【2ch馴れ初め】旅行先で美人女将が事故で怪我していたいので、手当してあげたらおもてなしされた【ゆっくり解説】,11250,maxresdefault,E:\Data\ObsidianVault\02_Channels\馴れ初めシネマ\競合チャンネル分析\企画リサーチ_20260605\gcs_upload_staging\naresome_thumbnails\Rut6dr8Xqds.jpg,217428,
98uvQpEwUVQ,2chなれそめストーリー2.0,【2ch馴れ初め】ベロベロの泥酔して部下に介抱され俺、目を覚ましたらホテルにいて使い済みのアソコが湿っててティッシュが散らばっていた結果【ゆっくり解説】,11237,hqdefault,E:\Data\ObsidianVault\02_Channels\馴れ初めシネマ\競合チャンネル分析\企画リサーチ_20260605\gcs_upload_staging\naresome_thumbnails\98uvQpEwUVQ.jpg,47840,
47GZeMy64fU,2ch馴れ初めゆっくりで最愛,【2ch 馴れ初め】親に捨てられ親戚からも厄介者扱いの霊感のある双子少女→山に隠居してた俺が引き取り育てた結果【ゆっくり】,11177,maxresdefault,E:\Data\ObsidianVault\02_Channels\馴れ初めシネマ\競合チャンネル分析\企画リサーチ_20260605\gcs_upload_staging\naresome_thumbnails\47GZeMy64fU.jpg,251484,
85FXYSSILuo,2ch馴れ初めゆっくりで最愛,【2ch馴れ初め】誰か助けて！と俺の家に来た体中あざだらけのボロボロ少女 元暴走族総長、現オタクの俺が本気を出した結果【ゆっくり】,11132,maxresdefault,E:\Data\ObsidianVault\02_Channels\馴れ初めシネマ\競合チャンネル分析\企画リサーチ_20260605\gcs_upload_staging\naresome_thumbnails\85FXYSSILuo.jpg,286091,
rmU89wPihMc,2ch 馴れ初め ストーリーズ,【2ch馴れ初め】独り暮らしの祖母の家で毎日家事を手伝ってくれる双子姉妹→ お礼にかわいい服をプレゼントした結果 【ゆっくり】,11123,maxresdefault,E:\Data\ObsidianVault\02_Channels\馴れ初めシネマ\競合チャンネル分析\企画リサーチ_20260605\gcs_upload_staging\naresome_thumbnails\rmU89wPihMc.jpg,208605,
9Ejq3YLAotU,2ch 馴れ初め ストーリーズ,【2ch馴れ初め】聴覚過敏の少女を預かった赤字工場を営む俺→NASAのロケット開発に関わる超大手工場になった結果 【ゆっくり】,11108,maxresdefault,E:\Data\ObsidianVault\02_Channels\馴れ初めシネマ\競合チャンネル分析\企画リサーチ_20260605\gcs_upload_staging\naresome_thumbnails\9Ejq3YLAotU.jpg,354893,
WfnDWgPl48M,2chの感動馴初め話,【２ch馴れ初め】テレビ電話でインタビューを受ける双子姉妹→離婚した妻が捨てた俺の娘だった結果【ゆっくり解説】,11108,maxresdefault,E:\Data\ObsidianVault\02_Channels\馴れ初めシネマ\競合チャンネル分析\企画リサーチ_20260605\gcs_upload_staging\naresome_thumbnails\WfnDWgPl48M.jpg,262309,
XlN1HRwfN60,2ch 馴れ初め ストーリーズ,【2ch馴れ初め】IQ200の天才娘を「発達障害」と罵るパワハラ上司→会社を見限り速攻で退職したら…社内システムが崩壊した結果【ゆっくり】,11106,maxresdefault,E:\Data\ObsidianVault\02_Channels\馴れ初めシネマ\競合チャンネル分析\企画リサーチ_20260605\gcs_upload_staging\naresome_thumbnails\XlN1HRwfN60.jpg,339008,
Mn8moes0T-Y,2ch馴れ初め感動シネマ,【2ch馴れ初め】病気の妹のために転校してガリ勉になった俺。元最強不良の俺が本気を出した結果...【2ch】【馴れ初め】【総集編】,11091,maxresdefault,E:\Data\ObsidianVault\02_Channels\馴れ初めシネマ\競合チャンネル分析\企画リサーチ_20260605\gcs_upload_staging\naresome_thumbnails\Mn8moes0T-Y.jpg,266172,
toItV69XoGY,2chの感動馴初め話,【2ch馴れ初め】引っ越し先で出会った1歳の赤ん坊→離婚した妻が引き取った俺の娘だった結果【ゆっくり解説】,11077,maxresdefault,E:\Data\ObsidianVault\02_Channels\馴れ初めシネマ\競合チャンネル分析\企画リサーチ_20260605\gcs_upload_staging\naresome_thumbnails\toItV69XoGY.jpg,238144,
i90WfiLZ1qs,2ch馴れ初めゆっくりで最愛,【2ch馴れ初め】お盆なのに客が一人もいないボロボロの旅館→急遽社員80名を泊めてもらった結果【ゆっくり】,11062,maxresdefault,E:\Data\ObsidianVault\02_Channels\馴れ初めシネマ\競合チャンネル分析\企画リサーチ_20260605\gcs_upload_staging\naresome_thumbnails\i90WfiLZ1qs.jpg,256596,
9NUQ1hDpnes,2ch馴れ初めタイムトラベル,【2ch馴れ初め】深夜2時のSAで車窓を叩いて回る双子姉妹→帰省中の俺が実家の銭湯に連れて帰った結果...【ゆっくり】,11060,maxresdefault,E:\Data\ObsidianVault\02_Channels\馴れ初めシネマ\競合チャンネル分析\企画リサーチ_20260605\gcs_upload_staging\naresome_thumbnails\9NUQ1hDpnes.jpg,321326,
7f84FRiMprg,2ch 馴れ初め ストーリーズ,【2ch馴れ初め】「世話が面倒」と妹夫婦に捨てられそうな豆柴の子犬→浮気した母に捨てられた双子姉妹が育てると言い出した結果【ゆっくり】,11060,maxresdefault,E:\Data\ObsidianVault\02_Channels\馴れ初めシネマ\競合チャンネル分析\企画リサーチ_20260605\gcs_upload_staging\naresome_thumbnails\7f84FRiMprg.jpg,346575,
mu-NOXhM2ng,2chの感動馴初め話,【2ch馴れ初め】【2ch馴れ初め】父親から逃げ雨宿りするボロボロの姉妹と捨て猫→動物保護施設を営む俺が救い出した結果【ゆっくり】,11058,maxresdefault,E:\Data\ObsidianVault\02_Channels\馴れ初めシネマ\競合チャンネル分析\企画リサーチ_20260605\gcs_upload_staging\naresome_thumbnails\mu-NOXhM2ng.jpg,336186,
rGuykzw7w1o,2ch馴れ初め奇跡の出会い,【2ch馴れ初め】上司にハメられ倒産寸前の孫請け会社に左遷された俺 →高卒エンジニアの俺が倒産の危機を救った結果...【ゆっくり】,11022,maxresdefault,E:\Data\ObsidianVault\02_Channels\馴れ初めシネマ\競合チャンネル分析\企画リサーチ_20260605\gcs_upload_staging\naresome_thumbnails\rGuykzw7w1o.jpg,329860,
od6ln5dRl34,2ch 馴れ初め ストーリーズ,【2ch馴れ初め】職場のクール系同僚と街中で会った俺→1歳の双子姉妹が「パパ！」叫んで抱き着いてきた結果【ゆっくり】,11005,maxresdefault,E:\Data\ObsidianVault\02_Channels\馴れ初めシネマ\競合チャンネル分析\企画リサーチ_20260605\gcs_upload_staging\naresome_thumbnails\od6ln5dRl34.jpg,255903,
i75FEUYak2A,俺たちの馴れ初め,【2ch馴れ初め】事故で記憶を無くした彼女と別れた俺→10年後、親友の結婚式で再会した結果...【ゆっくり】,10980,maxresdefault,E:\Data\ObsidianVault\02_Channels\馴れ初めシネマ\競合チャンネル分析\企画リサーチ_20260605\gcs_upload_staging\naresome_thumbnails\i75FEUYak2A.jpg,234980,
dNqk8nk9vT4,2chなれそめストーリー2.0,【２ch馴れ初め】貧乏でいじめられてた同級生に「一緒にご飯食べよ」とパンをあげた結果【ゆっくり解説】,10972,maxresdefault,E:\Data\ObsidianVault\02_Channels\馴れ初めシネマ\競合チャンネル分析\企画リサーチ_20260605\gcs_upload_staging\naresome_thumbnails\dNqk8nk9vT4.jpg,244893,
qjRNzNZ4FHU,2ch馴れ初めラブレター,【2ch馴れ初め】台風の中、迷子の娘に傘を差し出してくれた青あざ少女 →警察官の姉がいる実家に連れて行った結果 ...【ゆっくり】,10946,maxresdefault,E:\Data\ObsidianVault\02_Channels\馴れ初めシネマ\競合チャンネル分析\企画リサーチ_20260605\gcs_upload_staging\naresome_thumbnails\qjRNzNZ4FHU.jpg,348987,
9TIVLD0J-fA,2ch馴れ初め感動シネマ,【2ch馴れ初め】前世の記憶を持つ5歳の一人息子が住所を話すので、連れて行った結果,10924,maxresdefault,E:\Data\ObsidianVault\02_Channels\馴れ初めシネマ\競合チャンネル分析\企画リサーチ_20260605\gcs_upload_staging\naresome_thumbnails\9TIVLD0J-fA.jpg,241520,
du-CtkMoMiU,ほろり感動馴れ初め話,【2ch馴れ初め】シングルマザーになった幼馴染の双子の娘を、出張の為3日間預かった結果【ゆっくり解説】,10918,maxresdefault,E:\Data\ObsidianVault\02_Channels\馴れ初めシネマ\競合チャンネル分析\企画リサーチ_20260605\gcs_upload_staging\naresome_thumbnails\du-CtkMoMiU.jpg,240713,
sccO3vGbF-c,2ch 馴れ初め ストーリーズ,【2ch馴れ初め】発達障害だからと妹夫婦から育児放棄された4歳の姪→俺が引き取り特製オムライスを振る舞った結果【ゆっくり】,10910,maxresdefault,E:\Data\ObsidianVault\02_Channels\馴れ初めシネマ\競合チャンネル分析\企画リサーチ_20260605\gcs_upload_staging\naresome_thumbnails\sccO3vGbF-c.jpg,229058,
hO6JsRzT618,2ch馴れ初め感動シネマ,【2ch馴れ初め】修学旅行で地元ヤンキーにカツアゲされる俺→ヤクザ組長の息子の俺が本気を出した結果【2ch】【馴れ初め】【総集編】,10896,maxresdefault,E:\Data\ObsidianVault\02_Channels\馴れ初めシネマ\競合チャンネル分析\企画リサーチ_20260605\gcs_upload_staging\naresome_thumbnails\hO6JsRzT618.jpg,253346,
FUfGE6LUXlY,2ch 馴れ初め ストーリーズ,【2ch馴れ初め】悪評をバラ撒かれ廃業寸前のカフェを経営する美人店長→有名ブロガーの双子姉妹が絶賛レビューし大逆転させた結果【ゆっくり】,10874,maxresdefault,E:\Data\ObsidianVault\02_Channels\馴れ初めシネマ\競合チャンネル分析\企画リサーチ_20260605\gcs_upload_staging\naresome_thumbnails\FUfGE6LUXlY.jpg,336802,
hsFCbYi5E5E,2ch 馴れ初め ストーリーズ,【2ch馴れ初め】嵐の夜、廃材で作ったボロ古屋の中で震えていた親子→4歳の娘が「失われた伝統技法」に気づいた結果【ゆっくり】,10863,maxresdefault,E:\Data\ObsidianVault\02_Channels\馴れ初めシネマ\競合チャンネル分析\企画リサーチ_20260605\gcs_upload_staging\naresome_thumbnails\hsFCbYi5E5E.jpg,348140,
yllqz8WBGPY,2ch馴れ初め感動シネマ,【2ch馴れ初め】同僚にハメられボロボロの弁当屋でバイトする俺→元三ツ星シェフの俺がまかない飯を作った結果【総集編】【2ch】【馴れ初め】,10849,maxresdefault,E:\Data\ObsidianVault\02_Channels\馴れ初めシネマ\競合チャンネル分析\企画リサーチ_20260605\gcs_upload_staging\naresome_thumbnails\yllqz8WBGPY.jpg,246178,
dj1njXj7fAQ,2ch 馴れ初め ストーリーズ,【2ch馴れ初め総集編】海外出張から帰国し久しぶりに家に帰った俺→知らない双子姉妹が普通に生活していた結果2chほっこり馴れ初め人気馴れ初め動画まとめてみた！【作業用】【ゆっくり】,10809,maxresdefault,E:\Data\ObsidianVault\02_Channels\馴れ初めシネマ\競合チャンネル分析\企画リサーチ_20260605\gcs_upload_staging\naresome_thumbnails\dj1njXj7fAQ.jpg,239548,
4OaenJjq_aY,2ch 馴れ初め ストーリーズ,【2ch馴れ初め】職場の美人上司と休日に遭遇→ 両親を亡くした姪の姉妹が「ママ   」と駆け寄った結果【ゆっくり】,10807,maxresdefault,E:\Data\ObsidianVault\02_Channels\馴れ初めシネマ\競合チャンネル分析\企画リサーチ_20260605\gcs_upload_staging\naresome_thumbnails\4OaenJjq_aY.jpg,229379,
eUiuALx4x_8,2ch 馴れ初め ストーリーズ,【2ch馴れ初め】亡き姉夫婦から双子姉妹を引き取った俺→有給取得したら、美人社長の様子がおかしくなった結果【ゆっくり】,10806,maxresdefault,E:\Data\ObsidianVault\02_Channels\馴れ初めシネマ\競合チャンネル分析\企画リサーチ_20260605\gcs_upload_staging\naresome_thumbnails\eUiuALx4x_8.jpg,309597,
SMyj1QZCVhA,2chの感動馴初め話,【2ch馴れ初め】保育園のお迎えで毎日ケンカを売ってくるシングルマザー→俺の病院に娘を連れてきた結果【ゆっくり解説】,10799,maxresdefault,E:\Data\ObsidianVault\02_Channels\馴れ初めシネマ\競合チャンネル分析\企画リサーチ_20260605\gcs_upload_staging\naresome_thumbnails\SMyj1QZCVhA.jpg,261886,
V1fqxejmSQk,2chの感動馴初め話,両親を亡くし親戚から煙たがれる双子→キモオタの社長の俺が引取った結果...【2ch馴れ初め】【ゆっくり解説】,10787,maxresdefault,E:\Data\ObsidianVault\02_Channels\馴れ初めシネマ\競合チャンネル分析\企画リサーチ_20260605\gcs_upload_staging\naresome_thumbnails\V1fqxejmSQk.jpg,240757,
-WcJUMqTP3M,2chの感動馴初め話,家族全員を失い、一人ぼっちになった隣人の女の子→本当の兄弟のように一緒に過ごした結果…【2ch馴れ初め】【ゆっくり解説】,10779,maxresdefault,E:\Data\ObsidianVault\02_Channels\馴れ初めシネマ\競合チャンネル分析\企画リサーチ_20260605\gcs_upload_staging\naresome_thumbnails\-WcJUMqTP3M.jpg,246985,
zQdpZxEadYY,2ch 馴れ初め ストーリーズ,【2ch馴れ初め】廃業寸前のホテルに面接に来たボロボロ女性→実は双子の愛娘がスカウトした「伝説のコンシェルジュ」だった結果【ゆっくり】,10744,maxresdefault,E:\Data\ObsidianVault\02_Channels\馴れ初めシネマ\競合チャンネル分析\企画リサーチ_20260605\gcs_upload_staging\naresome_thumbnails\zQdpZxEadYY.jpg,341201,
GqGz0zo5t2I,2ch馴れ初めムービー,【２ｃｈ馴れ初め】大雨の中、財布を届けてくれたボロボロ母娘→施設出身の店主の俺がお礼に大盛り牛丼をご馳走した結果【感動名作】,10740,maxresdefault,E:\Data\ObsidianVault\02_Channels\馴れ初めシネマ\競合チャンネル分析\企画リサーチ_20260605\gcs_upload_staging\naresome_thumbnails\GqGz0zo5t2I.jpg,279889,
eImhP_WkU7o,2chの感動馴初め話,【2ch馴れ初め】誘拐犯から双子を守り右手に大怪我を負った俺→後日、双子姉妹と祖父がお見舞い来た結果【ゆっくり解説】,10732,maxresdefault,E:\Data\ObsidianVault\02_Channels\馴れ初めシネマ\競合チャンネル分析\企画リサーチ_20260605\gcs_upload_staging\naresome_thumbnails\eImhP_WkU7o.jpg,271015,
97qn_BPOL8U,俺たちの馴れ初め,【2ch馴れ初め】毎朝家に来る新聞配達の美女に彼女が出来るかもと伝えた結果…【ゆっくり】,10696,maxresdefault,E:\Data\ObsidianVault\02_Channels\馴れ初めシネマ\競合チャンネル分析\企画リサーチ_20260605\gcs_upload_staging\naresome_thumbnails\97qn_BPOL8U.jpg,222899,
57er7XPrWwg,2ch馴れ初めヒストリー,【2ch馴れ初め】「高卒の工場に用はない」と契約を切った傲慢会長→特許を武器に業界最大手と即契約を結んだ結果...【ゆっくり】,10684,maxresdefault,E:\Data\ObsidianVault\02_Channels\馴れ初めシネマ\競合チャンネル分析\企画リサーチ_20260605\gcs_upload_staging\naresome_thumbnails\57er7XPrWwg.jpg,335037,
b7goHtoFXD4,2ch馴れ初めタイムトラベル,【2ch馴れ初め】赤字続きの俺の旅館に面接に来たボロボロ親子 →正体に気付いた俺が即採用した結果…【ゆっくり】,10673,maxresdefault,E:\Data\ObsidianVault\02_Channels\馴れ初めシネマ\競合チャンネル分析\企画リサーチ_20260605\gcs_upload_staging\naresome_thumbnails\b7goHtoFXD4.jpg,267002,
OuyNrcRz2ho,ほろり感動馴れ初め話,【2ch馴れ初め】母娘2人で営むボロ弁当屋が、閉店すると聞いて社長の父に相談した結果【ゆっくり解説】,10671,maxresdefault,E:\Data\ObsidianVault\02_Channels\馴れ初めシネマ\競合チャンネル分析\企画リサーチ_20260605\gcs_upload_staging\naresome_thumbnails\OuyNrcRz2ho.jpg,247930,
IR1rrV8DbcM,2ch 馴れ初め ストーリーズ,【2ch馴れ初め】両親からいらないと言われ捨てられた無表情な赤ちゃん→小児科医の俺が引き取った結果【ゆっくり】,10671,maxresdefault,E:\Data\ObsidianVault\02_Channels\馴れ初めシネマ\競合チャンネル分析\企画リサーチ_20260605\gcs_upload_staging\naresome_thumbnails\IR1rrV8DbcM.jpg,219005,
N4yzZw7w8Bw,2chの感動馴初め話,【2ch馴れ初め】体が弱く弟夫婦に冷遇される4歳の姪っ子→母が小学校で使っていたハーモニカを渡した結果【ゆっくり】,10670,maxresdefault,E:\Data\ObsidianVault\02_Channels\馴れ初めシネマ\競合チャンネル分析\企画リサーチ_20260605\gcs_upload_staging\naresome_thumbnails\N4yzZw7w8Bw.jpg,282447,
0DnLXLel4fE,俺たちの馴れ初め,【2ch馴れ初め】寝ぼけたソロキャンプ美女が俺のテントに入ってきた→仕方なく一夜を過ごすとなぜかブチギレられて…【ゆっくり】,10669,maxresdefault,E:\Data\ObsidianVault\02_Channels\馴れ初めシネマ\競合チャンネル分析\企画リサーチ_20260605\gcs_upload_staging\naresome_thumbnails\0DnLXLel4fE.jpg,210784,
Te_yBz4qqQc,2ch 馴れ初め ストーリーズ,【2ch馴れ初め総集編】俺の惣菜屋でコロッケをつまみ食いする見知らぬ赤ちゃん → 大慌てのお姉ちゃんが飛んできた結果2ch可愛い子供馴れ初め人気動画【作業用】【睡眠用】【ゆっくり】,10667,maxresdefault,E:\Data\ObsidianVault\02_Channels\馴れ初めシネマ\競合チャンネル分析\企画リサーチ_20260605\gcs_upload_staging\naresome_thumbnails\Te_yBz4qqQc.jpg,339662,
9JB7pGFn4g8,2chの感動馴初め話,【2ch馴れ初め】初ボーナスで高級ホテルを予約したシングルマザー→大株主の俺が声を掛けてブチギレした結果【ゆっくり解説】,10656,maxresdefault,E:\Data\ObsidianVault\02_Channels\馴れ初めシネマ\競合チャンネル分析\企画リサーチ_20260605\gcs_upload_staging\naresome_thumbnails\9JB7pGFn4g8.jpg,300580,
l7g5cbhp9v0,2ch 馴れ初め ストーリーズ,【2ch馴れ初め】過労で倒れ、祖父の遺した古民家に移住した俺→屋根裏にお腹空かせた幼い姉妹がいた結果【ゆっくり】,10647,maxresdefault,E:\Data\ObsidianVault\02_Channels\馴れ初めシネマ\競合チャンネル分析\企画リサーチ_20260605\gcs_upload_staging\naresome_thumbnails\l7g5cbhp9v0.jpg,223454,
rCvRsL9ipLE,2chなれそめストーリー2.0,【2ch馴れ初め】飲み会の二次会で後輩と飲んでいたら「もし私が潰れたら先輩の家に連れて帰ってください」と誘ってきた結果【ゆっくり解説】,10643,maxresdefault,E:\Data\ObsidianVault\02_Channels\馴れ初めシネマ\競合チャンネル分析\企画リサーチ_20260605\gcs_upload_staging\naresome_thumbnails\rCvRsL9ipLE.jpg,252480,
Qjn3w4QMWmM,2ch馴れ初めゆっくりで最愛,【2ch 馴れ初め】大手菓子メーカーから突然契約を打ち切られた廃業寸前の親子 小さな和菓子屋の俺が全部買い取った結果【ゆっくり】,10638,maxresdefault,E:\Data\ObsidianVault\02_Channels\馴れ初めシネマ\競合チャンネル分析\企画リサーチ_20260605\gcs_upload_staging\naresome_thumbnails\Qjn3w4QMWmM.jpg,270304,
NZIv7ULgMK4,2ch馴れ初め感動シネマ,【2ch馴れ初め】誘拐犯から赤ちゃんを庇って大ケガをした陰キャの俺→後日、極道美女と大量の黒服が学校に現れた結果...【2ch】【馴れ初め】【総集編】,10635,maxresdefault,E:\Data\ObsidianVault\02_Channels\馴れ初めシネマ\競合チャンネル分析\企画リサーチ_20260605\gcs_upload_staging\naresome_thumbnails\NZIv7ULgMK4.jpg,294177,
ZkBmBuD7OXE,俺たちの馴れ初め,【2ch馴れ初め】電車で女子大生を助けたらお礼をさせてほしいと家に呼ばれた結果…【ゆっくり】,10612,maxresdefault,E:\Data\ObsidianVault\02_Channels\馴れ初めシネマ\競合チャンネル分析\企画リサーチ_20260605\gcs_upload_staging\naresome_thumbnails\ZkBmBuD7OXE.jpg,238533,
A9i_gEBqM4g,2ch 馴れ初め ストーリーズ,【2ch馴れ初め】隣人のシンママに捨てられた1歳の赤ちゃんを保護した俺→IQ200の天才娘が母親にブチギレた結果【ゆっくり】,10584,maxresdefault,E:\Data\ObsidianVault\02_Channels\馴れ初めシネマ\競合チャンネル分析\企画リサーチ_20260605\gcs_upload_staging\naresome_thumbnails\A9i_gEBqM4g.jpg,328814,
iw7s85iKxJw,2ch馴れ初めほっこり物語,【2ch馴れ初め】地元の名店に選ばれるラーメン屋がまさかの廃業→20年通い続けた俺が後を継ぐことを決断した結果…【ゆっくり】,10559,maxresdefault,E:\Data\ObsidianVault\02_Channels\馴れ初めシネマ\競合チャンネル分析\企画リサーチ_20260605\gcs_upload_staging\naresome_thumbnails\iw7s85iKxJw.jpg,309920,
dtd5sQW_eN0,2ch馴れ初め感動シネマ,【2ch馴れ初め】廃業寸前のケーキ屋で警察に突撃された俺→売れ残ったケーキを貧乏双子に振舞った結果...【2ch】【馴れ初め】【総集編】,10558,maxresdefault,E:\Data\ObsidianVault\02_Channels\馴れ初めシネマ\競合チャンネル分析\企画リサーチ_20260605\gcs_upload_staging\naresome_thumbnails\dtd5sQW_eN0.jpg,273287,
LuAQnqPfrJ8,2ch 馴れ初め ストーリーズ,【2ch馴れ初め】大量のお弁当が載った台車の前で涙目で途方に暮れる幼い姉妹→社長の俺が買取り、社員全員に差し入れした結果【ゆっくり】,10535,maxresdefault,E:\Data\ObsidianVault\02_Channels\馴れ初めシネマ\競合チャンネル分析\企画リサーチ_20260605\gcs_upload_staging\naresome_thumbnails\LuAQnqPfrJ8.jpg,259891,
Jw-ZTgIfDWc,2ch馴れ初め奇跡の出会い,【2ch馴れ初め】新院長にハメられド田舎の診療所に左遷された俺 →1ヶ月で患者が殺到し、難病患者を次々と救った結果...【ゆっくり】,10523,maxresdefault,E:\Data\ObsidianVault\02_Channels\馴れ初めシネマ\競合チャンネル分析\企画リサーチ_20260605\gcs_upload_staging\naresome_thumbnails\Jw-ZTgIfDWc.jpg,321868,
q6nPNRo89-Y,2ch 馴れ初め ストーリーズ,【2ch馴れ初め総集編】発達障害の鉄オタ娘と廃駅に左遷された俺 → 実はIQ200の天才で駅を大改革した結果2ch可愛い子供の馴れ初め人気馴れ初め動画【作業用】【睡眠用】【ゆっくり】,10455,maxresdefault,E:\Data\ObsidianVault\02_Channels\馴れ初めシネマ\競合チャンネル分析\企画リサーチ_20260605\gcs_upload_staging\naresome_thumbnails\q6nPNRo89-Y.jpg,325447,
MRVXwGkbpSA,2chの感動馴初め話,深夜に高熱の娘を抱えたボロボロ女性がタクシーに乗車拒否される→閉院寸前の病院長の俺が声を掛けた結果…【2ch馴れ初め】【ゆっくり解説】,10453,maxresdefault,E:\Data\ObsidianVault\02_Channels\馴れ初めシネマ\競合チャンネル分析\企画リサーチ_20260605\gcs_upload_staging\naresome_thumbnails\MRVXwGkbpSA.jpg,275035,
M1K44T-37e4,2ch 馴れ初め ストーリーズ,【2ch馴れ初め】誰にでも超人懐っこい1歳の娘→取引先の鬼社長をメロメロにした結果【ゆっくり】,10450,maxresdefault,E:\Data\ObsidianVault\02_Channels\馴れ初めシネマ\競合チャンネル分析\企画リサーチ_20260605\gcs_upload_staging\naresome_thumbnails\M1K44T-37e4.jpg,307400,
jk2JwFEjtq8,2ch馴れ初めほっこり物語,【2ch馴れ初め】繁忙期に板長が入院し泣きべそをかく若女将 →温泉街の湯守の俺が手伝った結果…【ゆっくり】,10435,maxresdefault,E:\Data\ObsidianVault\02_Channels\馴れ初めシネマ\競合チャンネル分析\企画リサーチ_20260605\gcs_upload_staging\naresome_thumbnails\jk2JwFEjtq8.jpg,323477,
vp7YGz3p6mI,2ch 馴れ初め ストーリーズ,【2ch馴れ初め】10年振りに再会した幼馴染を俺の家で保護して同棲した結果、美人の嫁になった,10426,maxresdefault,E:\Data\ObsidianVault\02_Channels\馴れ初めシネマ\競合チャンネル分析\企画リサーチ_20260605\gcs_upload_staging\naresome_thumbnails\vp7YGz3p6mI.jpg,250623,
m2Pwi9-xGgE,2ch 馴れ初め ストーリーズ,【2ch馴れ初め】スーパーの店内で万引きを疑われるボロボロ双子姉妹→非番だった警察官の俺が話を聞いた結果【ゆっくり】,10424,maxresdefault,E:\Data\ObsidianVault\02_Channels\馴れ初めシネマ\競合チャンネル分析\企画リサーチ_20260605\gcs_upload_staging\naresome_thumbnails\m2Pwi9-xGgE.jpg,325456,
ciOnAAtV2vg,2ch馴れ初め奇跡の出会い,【2ch馴れ初め】うどんを1日千杯売る俺にクビ宣言する新オーナー →秘伝の手打ち麺を処分し速攻独立した結果...【ゆっくり】,10422,maxresdefault,E:\Data\ObsidianVault\02_Channels\馴れ初めシネマ\競合チャンネル分析\企画リサーチ_20260605\gcs_upload_staging\naresome_thumbnails\ciOnAAtV2vg.jpg,325215,
oezrUqDZ9ew,2chの感動馴初め話,【2ch馴れ初め】車の修理工場に壊れた車のおもちゃを持ってきた貧乏姉妹→無料で即日対応して納車した結果【ゆっくり解説】,10389,maxresdefault,E:\Data\ObsidianVault\02_Channels\馴れ初めシネマ\競合チャンネル分析\企画リサーチ_20260605\gcs_upload_staging\naresome_thumbnails\oezrUqDZ9ew.jpg,294367,
fUU1D0w1cxY,2ch 馴れ初め ストーリーズ,【2ch馴れ初め】大雪の夜、再婚した義姉が「邪魔だ」と捨てて行ったボロボロ双子→転勤が決まっていた俺が迷わず引き取った結果【ゆっくり】,10383,maxresdefault,E:\Data\ObsidianVault\02_Channels\馴れ初めシネマ\競合チャンネル分析\企画リサーチ_20260605\gcs_upload_staging\naresome_thumbnails\fUU1D0w1cxY.jpg,360278,
r973I4yCPOw,2chの感動馴初め話,【2ch馴れ初め】深夜のコインランドリーに捨てられた青ざめた赤ん坊→陰キャの俺が2chで助けを求めた結果【ゆっくり】,10337,maxresdefault,E:\Data\ObsidianVault\02_Channels\馴れ初めシネマ\競合チャンネル分析\企画リサーチ_20260605\gcs_upload_staging\naresome_thumbnails\r973I4yCPOw.jpg,346952,
KqNdkKp6fos,2chなれそめストーリー2.0,【2ch馴れ初め】潰れかけのホテルを救ったら美人な支配人が俺の部屋の隣に引っ越してきた【ゆっくり解説】,10327,maxresdefault,E:\Data\ObsidianVault\02_Channels\馴れ初めシネマ\競合チャンネル分析\企画リサーチ_20260605\gcs_upload_staging\naresome_thumbnails\KqNdkKp6fos.jpg,224582,
DN5I1FFofNM,2ch馴れ初めゆっくりで最愛,【2ch馴れ初め】赤子を抱えて面接に来たボロボロなシングルマザー双子の直感で廃業寸前の俺の旅館で雇った結果【ゆっくり】,10322,maxresdefault,E:\Data\ObsidianVault\02_Channels\馴れ初めシネマ\競合チャンネル分析\企画リサーチ_20260605\gcs_upload_staging\naresome_thumbnails\DN5I1FFofNM.jpg,263509,
F9C4DoHR3_8,2ch馴れ初め感動シネマ,【2ch馴れ初め】同僚にハメられ実家の養豚場に帰った俺→ライバル会社の美人社長と娘が飛んできた結果.....,10319,maxresdefault,E:\Data\ObsidianVault\02_Channels\馴れ初めシネマ\競合チャンネル分析\企画リサーチ_20260605\gcs_upload_staging\naresome_thumbnails\F9C4DoHR3_8.jpg,336684,
Amu6kyaEGyA,2ch馴れ初め感動シネマ,【2ch馴れ初め 総集編】ヤクザ事務所に飛び込んできた青あざだらけの双子姉妹→若頭の俺が大量の部下を引き連れて助けた結果..... 大人気動画まとめ3選 【作業用】【ゆっくり】,10314,maxresdefault,E:\Data\ObsidianVault\02_Channels\馴れ初めシネマ\競合チャンネル分析\企画リサーチ_20260605\gcs_upload_staging\naresome_thumbnails\Amu6kyaEGyA.jpg,242758,
CteCw8uSw3U,2chの感動馴初め話,【2ch馴れ初め】娘と公園で遊んでいるとよちよち歩きの赤ちゃんが「あしょーぼ！」突入してきた結果【ゆっくり解説】,10297,maxresdefault,E:\Data\ObsidianVault\02_Channels\馴れ初めシネマ\競合チャンネル分析\企画リサーチ_20260605\gcs_upload_staging\naresome_thumbnails\CteCw8uSw3U.jpg,296218,
VcFXRCByxkk,2ch馴れ初めムービー,【２ｃｈ馴れ初め】50人分の弁当をキャンセルされたシングルマザー　→　大企業社長の俺がまるごと買い取った結果...【ゆっくり】,10285,maxresdefault,E:\Data\ObsidianVault\02_Channels\馴れ初めシネマ\競合チャンネル分析\企画リサーチ_20260605\gcs_upload_staging\naresome_thumbnails\VcFXRCByxkk.jpg,272016,
fZD991wD8to,2ch 馴れ初め ストーリーズ,【2ch馴れ初め】余命宣告され施設に捨てられた1歳の赤ちゃん→妻と次女を失った俺とIQ200の天才娘が引き取り最後まで育てた結果…【ゆっくり】,10269,maxresdefault,E:\Data\ObsidianVault\02_Channels\馴れ初めシネマ\競合チャンネル分析\企画リサーチ_20260605\gcs_upload_staging\naresome_thumbnails\fZD991wD8to.jpg,332837,
6jGDn6dYIRY,2ch 馴れ初め ストーリーズ,【2ch馴れ初め】親に放置されていたボロボロ少女 → 母と姉を失った次女が「ねぇねが帰ってきた！」と勘違いして懐いた結果【ゆっくり】,10258,maxresdefault,E:\Data\ObsidianVault\02_Channels\馴れ初めシネマ\競合チャンネル分析\企画リサーチ_20260605\gcs_upload_staging\naresome_thumbnails\6jGDn6dYIRY.jpg,351148,
OmzM1UFwlN0,2ch馴れ初めムービー,【2ch馴れ初め】繁忙期に俺の手打ち蕎麦屋を訪ねて来た青あざ母娘→人手不足なので接客を手伝って貰った結果…【ほっこり】,10253,maxresdefault,E:\Data\ObsidianVault\02_Channels\馴れ初めシネマ\競合チャンネル分析\企画リサーチ_20260605\gcs_upload_staging\naresome_thumbnails\OmzM1UFwlN0.jpg,272296,
tKizDfE8ULM,2ch 馴れ初め ストーリーズ,【2ch馴れ初め】兄が亡くなり義姉に捨てられた幼い双子姉妹 →農家を継ぐため故郷に戻る俺が引き取った結果【ゆっくり】,10199,maxresdefault,E:\Data\ObsidianVault\02_Channels\馴れ初めシネマ\競合チャンネル分析\企画リサーチ_20260605\gcs_upload_staging\naresome_thumbnails\tKizDfE8ULM.jpg,352247,
bG4YG7dNx2Q,2chなれそめストーリー2.0,【2ch馴れ初め】持病の手術後、絶対安静の俺に隣人の女子大生がアソコを拭いてくれた【ゆっくり解説】,10170,maxresdefault,E:\Data\ObsidianVault\02_Channels\馴れ初めシネマ\競合チャンネル分析\企画リサーチ_20260605\gcs_upload_staging\naresome_thumbnails\bG4YG7dNx2Q.jpg,236258,
xtKJgALPuvM,馴れ初め公園,【馴れ初め】突然外に飛び出してしまった愛猫を追いかけたら、近所の双子の赤ちゃんと大喧嘩してた結果…【ゆっくり】,10165,maxresdefault,E:\Data\ObsidianVault\02_Channels\馴れ初めシネマ\競合チャンネル分析\企画リサーチ_20260605\gcs_upload_staging\naresome_thumbnails\xtKJgALPuvM.jpg,331297,
w7d6OY5aAZU,2ch馴れ初め感動シネマ,【2ch馴れ初め】不登校の同級生にプリントを届けた小学生の息子→異変を感じヤクザ組長の俺を呼んだ結果...【2ch】【馴れ初め】【総集編】,10160,maxresdefault,E:\Data\ObsidianVault\02_Channels\馴れ初めシネマ\競合チャンネル分析\企画リサーチ_20260605\gcs_upload_staging\naresome_thumbnails\w7d6OY5aAZU.jpg,263403,
cKJy8da60zg,2ch 馴れ初め ストーリーズ,【2ch馴れ初め】両親がいなくなった歳の離れた幼馴染姉妹→ 天涯孤独の俺が引き取って家族になった結果【ゆっくり】,10157,maxresdefault,E:\Data\ObsidianVault\02_Channels\馴れ初めシネマ\競合チャンネル分析\企画リサーチ_20260605\gcs_upload_staging\naresome_thumbnails\cKJy8da60zg.jpg,226818,
MLj_hTJ50UY,2ch 馴れ初め ストーリーズ,【2ch馴れ初め】隣人の幼い姉妹に貰った回覧板に書かれた「SOS」→実は弁護士の俺が本気を出した結果【ゆっくり】,10155,maxresdefault,E:\Data\ObsidianVault\02_Channels\馴れ初めシネマ\競合チャンネル分析\企画リサーチ_20260605\gcs_upload_staging\naresome_thumbnails\MLj_hTJ50UY.jpg,341169,
tQX_0pEu4eA,2ch 馴れ初め ストーリーズ,【2ch馴れ初め】母親の形見の宝石だけ奪われ、親戚に捨てられた幼い姉妹→弁護士の俺が引き取った結果【ゆっくり】,10152,maxresdefault,E:\Data\ObsidianVault\02_Channels\馴れ初めシネマ\競合チャンネル分析\企画リサーチ_20260605\gcs_upload_staging\naresome_thumbnails\tQX_0pEu4eA.jpg,242308,
djNatQTzA4M,2chなれそめストーリー2.0,【2ch馴れ初め】今日で最後の同僚美女が送別会で泥酔したので、自宅まで送ったら押し倒された…【ゆっくり解説】,10146,maxresdefault,E:\Data\ObsidianVault\02_Channels\馴れ初めシネマ\競合チャンネル分析\企画リサーチ_20260605\gcs_upload_staging\naresome_thumbnails\djNatQTzA4M.jpg,214581,
gUYNBIWnCcg,俺たちの馴れ初め,【2ch馴れ初め】亡き親友の娘が施設に送られた→ 天涯孤独の後輩女子に２人で育てたいと言われた結果...【ゆっくり】,10113,maxresdefault,E:\Data\ObsidianVault\02_Channels\馴れ初めシネマ\競合チャンネル分析\企画リサーチ_20260605\gcs_upload_staging\naresome_thumbnails\gUYNBIWnCcg.jpg,248072,
Jrs0G_7v2yw,2ch 馴れ初め ストーリーズ,【2ch馴れ初め】双子育児が原因でお局からイジメを受ける美人同僚→ 身分を隠していた次期社長の俺が成敗した結果【ゆっくり】,10061,maxresdefault,E:\Data\ObsidianVault\02_Channels\馴れ初めシネマ\競合チャンネル分析\企画リサーチ_20260605\gcs_upload_staging\naresome_thumbnails\Jrs0G_7v2yw.jpg,222215,
XS0T3gvVuVk,2chなれそめストーリー2.0,【2ch馴れ初め】潰れかけの弁当屋を助けたら豊満な看板娘に惚れられた【ゆっくり解説】,10058,maxresdefault,E:\Data\ObsidianVault\02_Channels\馴れ初めシネマ\競合チャンネル分析\企画リサーチ_20260605\gcs_upload_staging\naresome_thumbnails\XS0T3gvVuVk.jpg,225497,
1qh1hFi4iXY,2ch 馴れ初め ストーリーズ,【2ch馴れ初め総集編】職場の美人上司からの電話に → 愛娘の双子の赤ちゃんが出た結果2ch可愛い子供の馴れ初め人気馴れ初め動画【作業用】【睡眠用】【ゆっくり】,10045,maxresdefault,E:\Data\ObsidianVault\02_Channels\馴れ初めシネマ\競合チャンネル分析\企画リサーチ_20260605\gcs_upload_staging\naresome_thumbnails\1qh1hFi4iXY.jpg,305540,
LQXLzoG_-DQ,2chの感動馴初め話,【2ch馴れ初め】両親を亡くし無理してよい子を演じる姪っ子→売れ残りのハムスターを欲しがった結果【ゆっくり】,10036,maxresdefault,E:\Data\ObsidianVault\02_Channels\馴れ初めシネマ\競合チャンネル分析\企画リサーチ_20260605\gcs_upload_staging\naresome_thumbnails\LQXLzoG_-DQ.jpg,288493,
sLrv33utxRE,2ch馴れ初め感動シネマ,【2ch馴れ初め 総集編】暴走族時代の宿敵にカマされる若頭の俺→5歳の娘がブチギレた結果..... 大人気動画まとめ3選 【作業用】【ゆっくり】,9996,maxresdefault,E:\Data\ObsidianVault\02_Channels\馴れ初めシネマ\競合チャンネル分析\企画リサーチ_20260605\gcs_upload_staging\naresome_thumbnails\sLrv33utxRE.jpg,233957,
vg6oO8N8oLk,2ch馴れ初めゆっくりで最愛,【2ch 馴れ初め】他界した妹夫婦の双子を引き取ったキモオタの俺→実は資産家で清掃員をしている俺が双子を育てた結果【ゆっくり】,9993,maxresdefault,E:\Data\ObsidianVault\02_Channels\馴れ初めシネマ\競合チャンネル分析\企画リサーチ_20260605\gcs_upload_staging\naresome_thumbnails\vg6oO8N8oLk.jpg,266744,
Xur13JxyH9Q,2chなれそめストーリー2.0,【2ch馴れ初め】社内で女性社員からのいじめられている美人女上司に「俺と辞めませんか？」と誘った結果【ゆっくり解説】,9967,maxresdefault,E:\Data\ObsidianVault\02_Channels\馴れ初めシネマ\競合チャンネル分析\企画リサーチ_20260605\gcs_upload_staging\naresome_thumbnails\Xur13JxyH9Q.jpg,213193,
wFah2mlC7UM,2ch 馴れ初め ストーリーズ,【2ch馴れ初め】俺の娘と仲良くしてくれる難聴を患う少女→耳鼻科医の俺が治療を提案した結果【ゆっくり】,9965,maxresdefault,E:\Data\ObsidianVault\02_Channels\馴れ初めシネマ\競合チャンネル分析\企画リサーチ_20260605\gcs_upload_staging\naresome_thumbnails\wFah2mlC7UM.jpg,366114,
AVLIw1aRGvM,馴れ初め公園,【馴れ初め】愛犬を亡くし思い出の河川敷で晩酌中、1人自分の誕生日を祝う少女→お腹を空かせていたので炭火焼き鳥をお裾分けした結果…【ゆっくり】,9941,maxresdefault,E:\Data\ObsidianVault\02_Channels\馴れ初めシネマ\競合チャンネル分析\企画リサーチ_20260605\gcs_upload_staging\naresome_thumbnails\AVLIw1aRGvM.jpg,345131,
_2UeuTdTzZw,馴れ初め公園,【馴れ初め】セレブ御用達のスイーツ店に入店拒否されたジャージ姿の姉妹→向かいで喫茶店を営む俺が声をかけた結果…【ゆっくり】,9917,maxresdefault,E:\Data\ObsidianVault\02_Channels\馴れ初めシネマ\競合チャンネル分析\企画リサーチ_20260605\gcs_upload_staging\naresome_thumbnails\_2UeuTdTzZw.jpg,336974,
3xvxGo_3VYA,2ch馴れ初めほっこり物語,【2ch馴れ初め】年老いた母に懇願され社長令嬢と見合いした俺→想像していたのと全く違う女性が現れた結果…【ゆっくり】,9900,maxresdefault,E:\Data\ObsidianVault\02_Channels\馴れ初めシネマ\競合チャンネル分析\企画リサーチ_20260605\gcs_upload_staging\naresome_thumbnails\3xvxGo_3VYA.jpg,327747,
h9LsJ7-d8bI,2ch馴れ初めゆっくりで最愛,【2ch 馴れ初め】人気のパン屋に入店拒否されたボロボロな双子少女→廃業寸前の俺のパン屋で破棄予定のパンを大量にあげた結果【ゆっくり】,9889,maxresdefault,E:\Data\ObsidianVault\02_Channels\馴れ初めシネマ\競合チャンネル分析\企画リサーチ_20260605\gcs_upload_staging\naresome_thumbnails\h9LsJ7-d8bI.jpg,258314,
EvW5NsIhc8c,ほろり感動馴れ初め話,【2ch馴れ初め】兄夫婦に捨てられた赤ん坊を引き取った俺→結婚の約束をしていた彼女に振られた結果…【ゆっくり】,9861,maxresdefault,E:\Data\ObsidianVault\02_Channels\馴れ初めシネマ\競合チャンネル分析\企画リサーチ_20260605\gcs_upload_staging\naresome_thumbnails\EvW5NsIhc8c.jpg,295351,
mee5wqt_Qeo,俺たちの馴れ初め,【2ch馴れ初め】　同窓会で社会の底辺と見下される無職の俺→クラスのマドンナがくっついてきた結果...　【ゆっくり】,9844,maxresdefault,E:\Data\ObsidianVault\02_Channels\馴れ初めシネマ\競合チャンネル分析\企画リサーチ_20260605\gcs_upload_staging\naresome_thumbnails\mee5wqt_Qeo.jpg,246381,
izZmcLJ4aRg,俺たちの馴れ初め,【2ch馴れ初め】ヤンキーが元女子校に進学したらクラスの9割女子だった結果…【ゆっくり】,9839,maxresdefault,E:\Data\ObsidianVault\02_Channels\馴れ初めシネマ\競合チャンネル分析\企画リサーチ_20260605\gcs_upload_staging\naresome_thumbnails\izZmcLJ4aRg.jpg,229177,
M8GZ1MF62bk,2ch馴れ初めラブレター,【2ch馴れ初め】親子でDIY中、木陰から見つめるボロボロ少女 →一緒に“ひみつきち”を作った結果 ...【ゆっくり】,9833,maxresdefault,E:\Data\ObsidianVault\02_Channels\馴れ初めシネマ\競合チャンネル分析\企画リサーチ_20260605\gcs_upload_staging\naresome_thumbnails\M8GZ1MF62bk.jpg,320687,
UJh9FcEPigI,2ch馴れ初めゆっくりで最愛,【馴れ初め 2ch】ド田舎の俺ん家の隣に引っ越してきたボロボロの母娘→拶がてら俺ん家の山で採れたたけのこを差し入れした結果【ゆっくり】,9771,maxresdefault,E:\Data\ObsidianVault\02_Channels\馴れ初めシネマ\競合チャンネル分析\企画リサーチ_20260605\gcs_upload_staging\naresome_thumbnails\UJh9FcEPigI.jpg,271632,
fqfQtIGQDZk,ほろり感動馴れ初め話,【2ch馴れ初め】毎日苺を押し売りに来る苺農家の少女→仕方なくひとパックだけ購入した結果【ゆっくり】,9765,maxresdefault,E:\Data\ObsidianVault\02_Channels\馴れ初めシネマ\競合チャンネル分析\企画リサーチ_20260605\gcs_upload_staging\naresome_thumbnails\fqfQtIGQDZk.jpg,354733,
4Yzzj5rq5pU,2ch馴れ初めゆっくりで最愛,【2ch 馴れ初め】弟の卒業式後に炊き出しに並ぶ孤高の貧乏ヤンキーギャル→俺の家の庭でやる焼肉パーティに招待した結果【ゆっくり】,9740,maxresdefault,E:\Data\ObsidianVault\02_Channels\馴れ初めシネマ\競合チャンネル分析\企画リサーチ_20260605\gcs_upload_staging\naresome_thumbnails\4Yzzj5rq5pU.jpg,282726,
WDkQcwIrB5o,2ch 馴れ初め ストーリーズ,【2ch馴れ初め】SNSの写真に写り込んだテディベア→元妻が引き取った双子の妹の宝物だった結果【ゆっくり】,9703,maxresdefault,E:\Data\ObsidianVault\02_Channels\馴れ初めシネマ\競合チャンネル分析\企画リサーチ_20260605\gcs_upload_staging\naresome_thumbnails\WDkQcwIrB5o.jpg,235362,
Tj2PLZEInqs,ほろり感動馴れ初め話,【2ch馴れ初め】チラシの裏に自作のピアノを書いて練習する双子姉妹→亡き妹の電子ピアノを渡した結果【ゆっくり解説】,9681,maxresdefault,E:\Data\ObsidianVault\02_Channels\馴れ初めシネマ\競合チャンネル分析\企画リサーチ_20260605\gcs_upload_staging\naresome_thumbnails\Tj2PLZEInqs.jpg,260071,
zXWZHWuXtKA,2ch 馴れ初め ストーリーズ,【2ch馴れ初め総集編】北国の単身赴任先でバリバリ働く俺 → 自宅に帰ると愛娘の双子姉妹が放置されていた結果2ch可愛い子供の馴れ初め人気馴れ初め動画【作業用】【睡眠用】【ゆっくり】,9651,maxresdefault,E:\Data\ObsidianVault\02_Channels\馴れ初めシネマ\競合チャンネル分析\企画リサーチ_20260605\gcs_upload_staging\naresome_thumbnails\zXWZHWuXtKA.jpg,356710,
DBBgeeKMd1U,俺たちの馴れ初め,【2ch馴れ初め】　家賃滞納で部屋を追い出された貧乏学生→俺の仕事を手伝わないかと誘った結果...　【ゆっくり】,9651,maxresdefault,E:\Data\ObsidianVault\02_Channels\馴れ初めシネマ\競合チャンネル分析\企画リサーチ_20260605\gcs_upload_staging\naresome_thumbnails\DBBgeeKMd1U.jpg,237367,
Fq_Zj0AskKs,2ch馴れ初め感動シネマ,【2ch馴れ初め】学校の給食でアレルギーの娘が救急搬送→ブチギレた弁護士の俺が訴訟を起こした結果,9650,maxresdefault,E:\Data\ObsidianVault\02_Channels\馴れ初めシネマ\競合チャンネル分析\企画リサーチ_20260605\gcs_upload_staging\naresome_thumbnails\Fq_Zj0AskKs.jpg,370512,
01webnFcp9Y,2ch 馴れ初め ストーリーズ,【2ch馴れ初め総集編】無表情で妹夫婦から捨てられた1歳の姪 → 医学書を絵本がわりに育てると…天才になった結果2chほっこり馴れ初め人気馴れ初め動画まとめてみた！【作業用】【ゆっくり】,9617,maxresdefault,E:\Data\ObsidianVault\02_Channels\馴れ初めシネマ\競合チャンネル分析\企画リサーチ_20260605\gcs_upload_staging\naresome_thumbnails\01webnFcp9Y.jpg,234359,
RKEOybtn0Ew,2ch馴れ初めほっこり物語,【2ch馴れ初め】期限切れのタダ券で半炒飯を注文した痩せた母娘→俺が特製大盛りラーメンを振る舞った結果…【ゆっくり】,9570,maxresdefault,E:\Data\ObsidianVault\02_Channels\馴れ初めシネマ\競合チャンネル分析\企画リサーチ_20260605\gcs_upload_staging\naresome_thumbnails\RKEOybtn0Ew.jpg,321106,
21QutVxwp4U,2chなれそめストーリー2.0,【2ch馴れ初め】中学の修学旅行で女湯を覗いたら、程よく実った豊満な幼馴染の体に興奮して〇起してしまった結果【ゆっくり解説】,9569,maxresdefault,E:\Data\ObsidianVault\02_Channels\馴れ初めシネマ\競合チャンネル分析\企画リサーチ_20260605\gcs_upload_staging\naresome_thumbnails\21QutVxwp4U.jpg,259303,
DK2J4EwkFgw,俺たちの馴れ初め,【2ch馴れ初め】顔の火傷が原因で女生徒たちからハブられる孤独な転校生→遊びに誘ったら結果、驚きの正体が…【ゆっくり】,9568,maxresdefault,E:\Data\ObsidianVault\02_Channels\馴れ初めシネマ\競合チャンネル分析\企画リサーチ_20260605\gcs_upload_staging\naresome_thumbnails\DK2J4EwkFgw.jpg,251782,
kURRZPQ_Ysk,2ch馴れ初めタイムトラベル,【2ch馴れ初め】コネ入社の無〇上司に5億契約を横取りされク〇宣告された俺→実は、取引先とリモート会議中で...【ゆっくり】,9556,maxresdefault,E:\Data\ObsidianVault\02_Channels\馴れ初めシネマ\競合チャンネル分析\企画リサーチ_20260605\gcs_upload_staging\naresome_thumbnails\kURRZPQ_Ysk.jpg,332417,
JQUey7QCJvY,2ch馴れ初めタイムトラベル,【2ch馴れ初め】同窓会で中卒の俺を見下す元カノとエリート同級生→実は元請け企業社長の俺がブチギレた結果...【ゆっくり】,9528,maxresdefault,E:\Data\ObsidianVault\02_Channels\馴れ初めシネマ\競合チャンネル分析\企画リサーチ_20260605\gcs_upload_staging\naresome_thumbnails\JQUey7QCJvY.jpg,256062,
JYEhB0-VX-Q,2ch馴れ初め感動シネマ,【2ch馴れ初め】新人キャンプ研修の班決めでハブられるデブ陰キャ女→いい子なのでベテランキャンパーの講師の俺がペアを組んだ結果,9482,maxresdefault,E:\Data\ObsidianVault\02_Channels\馴れ初めシネマ\競合チャンネル分析\企画リサーチ_20260605\gcs_upload_staging\naresome_thumbnails\JYEhB0-VX-Q.jpg,241702,
YMOstCpDq7w,2ch 馴れ初め ストーリーズ,【2ch馴れ初め】妹に好物のメロンパンをあげたいとやってきた幼い姉妹→特製メロンパンを焼いた結果【ゆっくり】,9458,maxresdefault,E:\Data\ObsidianVault\02_Channels\馴れ初めシネマ\競合チャンネル分析\企画リサーチ_20260605\gcs_upload_staging\naresome_thumbnails\YMOstCpDq7w.jpg,337093,
DTXkDTEasHk,2ch馴れ初めゆっくりで最愛,【2ch 馴れ初め】事故物件でうどん屋を開業した俺→亡くなったはずの幼馴染が突然現れた結果【ゆっくり】,9450,maxresdefault,E:\Data\ObsidianVault\02_Channels\馴れ初めシネマ\競合チャンネル分析\企画リサーチ_20260605\gcs_upload_staging\naresome_thumbnails\DTXkDTEasHk.jpg,259842,
00C3hwB_63w,2ch 馴れ初め ストーリーズ,【2ch馴れ初め総集編】発達障害と言われた5歳の姪→俺が引き取って特製オムライスを振る舞った結果2chほっこり馴れ初め人気馴れ初め動画まとめてみた！【作業用】【ゆっくり】,9425,maxresdefault,E:\Data\ObsidianVault\02_Channels\馴れ初めシネマ\競合チャンネル分析\企画リサーチ_20260605\gcs_upload_staging\naresome_thumbnails\00C3hwB_63w.jpg,236625,
p_Hi-kGgs-E,俺たちの馴れ初め,【2ch馴れ初め】　弟夫婦に育児放棄された顔中あざだらけの姪→不妊が原因で離婚された俺が引き取った結果　【ゆっくり】,9424,maxresdefault,E:\Data\ObsidianVault\02_Channels\馴れ初めシネマ\競合チャンネル分析\企画リサーチ_20260605\gcs_upload_staging\naresome_thumbnails\p_Hi-kGgs-E.jpg,243868,
EHPzQ_47BWY,2ch馴れ初めタイムトラベル,【2ch馴れ初め】同僚にハメられ廃業寸前の工場に左遷された俺 →1ヶ月で業績1位にV字回復させた結果...【ゆっくり】,9418,maxresdefault,E:\Data\ObsidianVault\02_Channels\馴れ初めシネマ\競合チャンネル分析\企画リサーチ_20260605\gcs_upload_staging\naresome_thumbnails\EHPzQ_47BWY.jpg,278916,
CWDOWIYzuK0,2chの感動馴初め話,【2ch馴れ初め】癌で余命3ヶ月と言われた俺が6歳の1人娘の為に、幼馴染とビデオレターを作った結果…【ゆっくり解説】,9397,maxresdefault,E:\Data\ObsidianVault\02_Channels\馴れ初めシネマ\競合チャンネル分析\企画リサーチ_20260605\gcs_upload_staging\naresome_thumbnails\CWDOWIYzuK0.jpg,254652,
iBoN542k1Qs,2ch 馴れ初め ストーリーズ,【2ch馴れ初め】兄から4歳のボロボロ双子姪を預かった閑古鳥の鳴く洋食屋を継いだ俺→姉は「神の舌」と妹の「天使の接客」で超有名店にした結果【ゆっくり】,9391,maxresdefault,E:\Data\ObsidianVault\02_Channels\馴れ初めシネマ\競合チャンネル分析\企画リサーチ_20260605\gcs_upload_staging\naresome_thumbnails\iBoN542k1Qs.jpg,243305,
nz7P0TCCwCc,2ch馴れ初めゆっくりで最愛,【2ch馴れ初め】お婆さんを助け骨折し会社をクビになった俺→開発途中の企画を特許化し笑を堪え退職した結果【ゆっくり】,9384,maxresdefault,E:\Data\ObsidianVault\02_Channels\馴れ初めシネマ\競合チャンネル分析\企画リサーチ_20260605\gcs_upload_staging\naresome_thumbnails\nz7P0TCCwCc.jpg,277462,
-svCCdAuOVY,2ch馴れ初めムービー,【２ｃｈ馴れ初め】両親を亡くし親戚から厄介者扱いされるギャル娘→孤独なオタク社長の俺が引き取った結果【感動名作】,9382,maxresdefault,E:\Data\ObsidianVault\02_Channels\馴れ初めシネマ\競合チャンネル分析\企画リサーチ_20260605\gcs_upload_staging\naresome_thumbnails\-svCCdAuOVY.jpg,270295,
stSbjChWLec,2ch馴れ初めタイムトラベル,【2ch馴れ初め】CAとの合コンに数合わせで参加した俺→貧乏人のフリをしたら予想外の展開に...【ゆっくり】,9366,maxresdefault,E:\Data\ObsidianVault\02_Channels\馴れ初めシネマ\競合チャンネル分析\企画リサーチ_20260605\gcs_upload_staging\naresome_thumbnails\stSbjChWLec.jpg,333437,
kMuS-aYwabQ,2ch馴れ初めタイムトラベル,【2ch馴れ初め】社員旅行で一人だけ置き去りにされた美人社員→警備員の俺が役員全員呼び出した結果...【ゆっくり】,9364,maxresdefault,E:\Data\ObsidianVault\02_Channels\馴れ初めシネマ\競合チャンネル分析\企画リサーチ_20260605\gcs_upload_staging\naresome_thumbnails\kMuS-aYwabQ.jpg,269771,
4iKw77eKAZ8,2ch馴れ初め感動シネマ,【2ch馴れ初め】憧れの新居の内見に行った義妹が10分で帰宅→ブチギレた社長の俺が電話した結果,9347,maxresdefault,E:\Data\ObsidianVault\02_Channels\馴れ初めシネマ\競合チャンネル分析\企画リサーチ_20260605\gcs_upload_staging\naresome_thumbnails\4iKw77eKAZ8.jpg,358062,
CY4RpRLurzA,2ch 馴れ初め ストーリーズ,【2ch馴れ初め総集編】大雪の夜、双子の赤ちゃんを保護した貧乏レストランを営む俺 → 後日、双子の祖父と名乗る大企業社長が訪ねてきた結果2ch可愛い子供馴れ初め人気動画【作業用】【睡眠用】【ゆっくり】,9343,maxresdefault,E:\Data\ObsidianVault\02_Channels\馴れ初めシネマ\競合チャンネル分析\企画リサーチ_20260605\gcs_upload_staging\naresome_thumbnails\CY4RpRLurzA.jpg,348885,
Xi-6PvzBJOo,2ch馴れ初め感動シネマ,【2ch馴れ初め】ヤクザと知らずに脱輪した3輪車の双子を助けたら → 奥から極道の美女と大量の黒服が現れた結果...【2ch】【馴れ初め】【総集編】,9319,maxresdefault,E:\Data\ObsidianVault\02_Channels\馴れ初めシネマ\競合チャンネル分析\企画リサーチ_20260605\gcs_upload_staging\naresome_thumbnails\Xi-6PvzBJOo.jpg,265205,
W2cA4Cc9IeU,2ch馴れ初め奇跡の出会い,【2ch馴れ初め】廃業寸前の定食屋を必死に経営する貧乏親子 →同僚にハメられ路頭に迷う元三ツ星料理人の俺が手を貸した結果...【ゆっくり】,9318,maxresdefault,E:\Data\ObsidianVault\02_Channels\馴れ初めシネマ\競合チャンネル分析\企画リサーチ_20260605\gcs_upload_staging\naresome_thumbnails\W2cA4Cc9IeU.jpg,343245,
KLr7uClgiXo,2chの感動馴初め話,廃業の俺の民宿に面接に来たボロボロ金髪母娘→息子の直感で即採用した結果…【2ch馴れ初め】【ゆっくり解説】,9255,maxresdefault,E:\Data\ObsidianVault\02_Channels\馴れ初めシネマ\競合チャンネル分析\企画リサーチ_20260605\gcs_upload_staging\naresome_thumbnails\KLr7uClgiXo.jpg,245593,
jEUFjI9NrMU,2chの感動馴初め話,【2ch馴れ初め】大雨の日、施設育ちの俺が営むカフェに訪れたボロボロの祖母と孫→温かいココアとオムライスをご馳走した結果【ゆっくり】,9249,maxresdefault,E:\Data\ObsidianVault\02_Channels\馴れ初めシネマ\競合チャンネル分析\企画リサーチ_20260605\gcs_upload_staging\naresome_thumbnails\jEUFjI9NrMU.jpg,336242,
Ky-iiBFu-UY,2ch馴れ初めタイムトラベル,【2ch馴れ初め】昼休みになるといなくなる外国人転校生→デカ盛り定食屋の息子の俺がランチに誘った結果...【ゆっくり】,9214,maxresdefault,E:\Data\ObsidianVault\02_Channels\馴れ初めシネマ\競合チャンネル分析\企画リサーチ_20260605\gcs_upload_staging\naresome_thumbnails\Ky-iiBFu-UY.jpg,345879,
ovsFWC-MYP0,2ch馴れ初めムービー,【２ｃｈ馴れ初め】亡き親友が遺した身寄りのない愛猫と幼い双子娘→放っておけず、俺が営む廃業寸前の民宿へ連れ帰った結果…【ほっこり】,9210,maxresdefault,E:\Data\ObsidianVault\02_Channels\馴れ初めシネマ\競合チャンネル分析\企画リサーチ_20260605\gcs_upload_staging\naresome_thumbnails\ovsFWC-MYP0.jpg,268428,
N7mUV_L_BmE,馴れ初め公園,【馴れ初め】真冬の夜、閉店後のうどん屋の駐車場で身を寄せ合う母娘→放っておけず店内に招き入れ、すき焼きうどんをご馳走した結果…【ゆっくり】,9206,maxresdefault,E:\Data\ObsidianVault\02_Channels\馴れ初めシネマ\競合チャンネル分析\企画リサーチ_20260605\gcs_upload_staging\naresome_thumbnails\N7mUV_L_BmE.jpg,339997,
SUdI7-HOXsA,2ch馴れ初めタイムトラベル,【2ch馴れ初め】両親に無視され続け逃げ出した幼い少女 →俺の実家のラーメン屋に連れて帰った結果...【ゆっくり】,9187,maxresdefault,E:\Data\ObsidianVault\02_Channels\馴れ初めシネマ\競合チャンネル分析\企画リサーチ_20260605\gcs_upload_staging\naresome_thumbnails\SUdI7-HOXsA.jpg,274485,
iO2Fa-kHXUw,2ch 馴れ初め ストーリーズ,【2ch馴れ初め】連日赤ちゃんの泣き声が聞こえる隣人宅を訪ねると…→ ゴミ屋敷で4歳のお姉ちゃんが妹をあやしていた結果【ゆっくり】,9184,maxresdefault,E:\Data\ObsidianVault\02_Channels\馴れ初めシネマ\競合チャンネル分析\企画リサーチ_20260605\gcs_upload_staging\naresome_thumbnails\iO2Fa-kHXUw.jpg,328419,
XGrYB1d_sVI,2ch馴れ初めゆっくりで最愛,【2ch馴れ初め】田舎で一人孤独に暮らす母の手伝いで庭の草むしりをする貧乏な双子の少女→破けた服を着ていたので新品を買ってあげた結果【ゆっくり】,9180,maxresdefault,E:\Data\ObsidianVault\02_Channels\馴れ初めシネマ\競合チャンネル分析\企画リサーチ_20260605\gcs_upload_staging\naresome_thumbnails\XGrYB1d_sVI.jpg,273531,
I026dYfk1-s,2ch 馴れ初め ストーリーズ,【2ch馴れ初め】児童養護施設で出会った心を閉ざした4歳の少女→離婚した元妻が引き取ったはずの双子の妹だった結果【ゆっくり】,9174,maxresdefault,E:\Data\ObsidianVault\02_Channels\馴れ初めシネマ\競合チャンネル分析\企画リサーチ_20260605\gcs_upload_staging\naresome_thumbnails\I026dYfk1-s.jpg,336589,
MCK6OGYKA04,2ch馴れ初めタイムトラベル,【2ch馴れ初め】同窓会でエリート自慢をする同級生に中卒と見下される俺 →娘が「パパは社長さんだよ！」と言った結果...【ゆっくり】,9173,maxresdefault,E:\Data\ObsidianVault\02_Channels\馴れ初めシネマ\競合チャンネル分析\企画リサーチ_20260605\gcs_upload_staging\naresome_thumbnails\MCK6OGYKA04.jpg,272460,
pK18jdt1ps4,2chなれそめストーリー2.0,【２ch馴れ初め】完璧すぎて逆に誰も近寄らないマドンナの頭を撫でたらデレデレ超甘えてきた結果【ゆっくり解説】,9168,maxresdefault,E:\Data\ObsidianVault\02_Channels\馴れ初めシネマ\競合チャンネル分析\企画リサーチ_20260605\gcs_upload_staging\naresome_thumbnails\pK18jdt1ps4.jpg,222398,
71S_5UdVd2Y,2ch 馴れ初め ストーリーズ,【2ch馴れ初め】パワハラ上司から残業を命じられた母親を待つ幼い双子姉妹→実は次期社長現平社員の俺がブチギレた結果【ゆっくり】,9109,maxresdefault,E:\Data\ObsidianVault\02_Channels\馴れ初めシネマ\競合チャンネル分析\企画リサーチ_20260605\gcs_upload_staging\naresome_thumbnails\71S_5UdVd2Y.jpg,323614,
prXstQjcO00,2ch馴れ初めタイムトラベル,【2ch馴れ初め】同窓会200人の前でエリート同級生に見下されグーパンされた俺→俺の正体を知ったエリート同級生が顔面蒼白に...【ゆっくり】,9097,maxresdefault,E:\Data\ObsidianVault\02_Channels\馴れ初めシネマ\競合チャンネル分析\企画リサーチ_20260605\gcs_upload_staging\naresome_thumbnails\prXstQjcO00.jpg,361769,
_wGyYL7Gi6c,2ch馴れ初めタイムトラベル,【2ch馴れ初め】社員旅行でエリート部長に契約社員とバカにされた俺 →実は大株主でスイートルームに通された結果...【ゆっくり】,9096,maxresdefault,E:\Data\ObsidianVault\02_Channels\馴れ初めシネマ\競合チャンネル分析\企画リサーチ_20260605\gcs_upload_staging\naresome_thumbnails\_wGyYL7Gi6c.jpg,262487,
UR_lgGOgoI4,2ch 馴れ初め ストーリーズ,【2ch馴れ初め総集編】極寒の夜、宝物を持って家賃支払いに来たボロボロ姉妹 → 温かいココアを出して事情を聞いた結果2chほっこり馴れ初め人気馴れ初め動画まとめてみた！【作業用】【ゆっくり】,9083,maxresdefault,E:\Data\ObsidianVault\02_Channels\馴れ初めシネマ\競合チャンネル分析\企画リサーチ_20260605\gcs_upload_staging\naresome_thumbnails\UR_lgGOgoI4.jpg,254505,
3PddB5qN2Wk,2ch馴れ初めタイムトラベル,【2ch馴れ初め】同窓会300人の前で医者の同級生に馬鹿にされる俺 →娘が「パパは院長さん！」と答えた結果...【ゆっくり】,9066,maxresdefault,E:\Data\ObsidianVault\02_Channels\馴れ初めシネマ\競合チャンネル分析\企画リサーチ_20260605\gcs_upload_staging\naresome_thumbnails\3PddB5qN2Wk.jpg,265101,
z7HBqwQdrPA,俺たちの馴れ初め,【2ch馴れ初め】　吹雪の改札口に現れた偽物の切符を握るボロボロ双子→駅員の俺が騙されたふりして電車に乗せた結果...　【ゆっくり】,9062,maxresdefault,E:\Data\ObsidianVault\02_Channels\馴れ初めシネマ\競合チャンネル分析\企画リサーチ_20260605\gcs_upload_staging\naresome_thumbnails\z7HBqwQdrPA.jpg,263720,
QkkZB3BOHbU,2ch馴れ初め感動シネマ,【2ch馴れ初め 総集編】ヤクザと知らずに脱輪した3輪車の双子を助けたら → 奥から極道の美女と大量の黒服が現れた結果..... 大人気動画まとめ3選 【作業用】【ゆっくり】,9061,maxresdefault,E:\Data\ObsidianVault\02_Channels\馴れ初めシネマ\競合チャンネル分析\企画リサーチ_20260605\gcs_upload_staging\naresome_thumbnails\QkkZB3BOHbU.jpg,248837,
snKLWWvMHnc,2ch 馴れ初め ストーリーズ,【2ch馴れ初め総集編】極寒の夜、鍵を落として家に入れない隣人の貧乏姉妹→俺の家に招待し、暖かいココアをご馳走した結果2chほっこり馴れ初め人気馴れ初め動画まとめてみた！【作業用】【ゆっくり】,9042,maxresdefault,E:\Data\ObsidianVault\02_Channels\馴れ初めシネマ\競合チャンネル分析\企画リサーチ_20260605\gcs_upload_staging\naresome_thumbnails\snKLWWvMHnc.jpg,229187,
uNgWkVdT4bI,俺たちの馴れ初め,【2ch馴れ初め】　怪我でバスケのレギュラーから外された娘に練習ノートを届ける右腕が動かない少女→天才外科医の俺が声を掛けた結果…　【ゆっくり】,9018,maxresdefault,E:\Data\ObsidianVault\02_Channels\馴れ初めシネマ\競合チャンネル分析\企画リサーチ_20260605\gcs_upload_staging\naresome_thumbnails\uNgWkVdT4bI.jpg,249996,
QIg0XjVXFSM,馴れ初め公園,【馴れ初め】急逝した元妻の葬儀に参列した俺→見覚えのない少女に声を掛けられた結果…【ゆっくり】,9008,maxresdefault,E:\Data\ObsidianVault\02_Channels\馴れ初めシネマ\競合チャンネル分析\企画リサーチ_20260605\gcs_upload_staging\naresome_thumbnails\QIg0XjVXFSM.jpg,291749,
bSKK6W2zwtc,2ch 馴れ初め ストーリーズ,【2ch馴れ初め】毎日定時退社でも業績トップの俺が突然のクビ宣告→ 開発した業務ツールに爆弾を仕掛けて即退職した結果【ゆっくり】,9002,maxresdefault,E:\Data\ObsidianVault\02_Channels\馴れ初めシネマ\競合チャンネル分析\企画リサーチ_20260605\gcs_upload_staging\naresome_thumbnails\bSKK6W2zwtc.jpg,225159,
OL1oHvFs7bw,2ch 馴れ初め ストーリーズ,【2ch馴れ初め】就活100連敗のコミュ障女性を面接した社長の俺→双子姉妹が大喜びしたので即採用した結果【ゆっくり】,8990,maxresdefault,E:\Data\ObsidianVault\02_Channels\馴れ初めシネマ\競合チャンネル分析\企画リサーチ_20260605\gcs_upload_staging\naresome_thumbnails\OL1oHvFs7bw.jpg,326088,
Sy1dfEMDP5c,2ch感動の馴れ初め話,【2ch馴れ初め】上司の陰謀で地方の救命科に飛ばされた俺、地域住民との絆で命を救った結果【ゆっくり動画】,8987,maxresdefault,E:\Data\ObsidianVault\02_Channels\馴れ初めシネマ\競合チャンネル分析\企画リサーチ_20260605\gcs_upload_staging\naresome_thumbnails\Sy1dfEMDP5c.jpg,303367,
qc8P2ukBKgs,2ch 馴れ初め ストーリーズ,【2ch馴れ初め】高級洋菓子店に門前払いされた子連れ未亡人→正体に気づいた俺が即採用した結果【ゆっくり】,8975,maxresdefault,E:\Data\ObsidianVault\02_Channels\馴れ初めシネマ\競合チャンネル分析\企画リサーチ_20260605\gcs_upload_staging\naresome_thumbnails\qc8P2ukBKgs.jpg,345054,
EXWL91Gpi-I,2ch馴れ初め感動シネマ,【2ch馴れ初め 総集編】ヤクザ事務所に間違い電話する青あざ少女→若頭の俺が大量の部下をお届けして助けた結果..... 大人気動画まとめ3選 【作業用】【ゆっくり】,8955,maxresdefault,E:\Data\ObsidianVault\02_Channels\馴れ初めシネマ\競合チャンネル分析\企画リサーチ_20260605\gcs_upload_staging\naresome_thumbnails\EXWL91Gpi-I.jpg,252584,
5FpCm8frYIE,ほろり感動馴れ初め話,【2ch馴れ初め】真夏の炎天下で1人雑草を食べる少女が…俺が営む民宿に保護した結果… 【まとめ】,8929,maxresdefault,E:\Data\ObsidianVault\02_Channels\馴れ初めシネマ\競合チャンネル分析\企画リサーチ_20260605\gcs_upload_staging\naresome_thumbnails\5FpCm8frYIE.jpg,269443,
BZ8xjbOxZfQ,2ch馴れ初め感動シネマ,【2ch馴れ初め】病気の妹のために転校してガリ勉になった俺→元最強不良の俺が本気を出した結果...【2ch】【馴れ初め】【総集編】,8912,maxresdefault,E:\Data\ObsidianVault\02_Channels\馴れ初めシネマ\競合チャンネル分析\企画リサーチ_20260605\gcs_upload_staging\naresome_thumbnails\BZ8xjbOxZfQ.jpg,266172,
VCYOAgbSk44,2ch 馴れ初め ストーリーズ,【2ch馴れ初め】ずっと無表情で親戚から疎まれる赤ちゃん→形成外科医の俺が引き取った結果【ゆっくり】,8886,maxresdefault,E:\Data\ObsidianVault\02_Channels\馴れ初めシネマ\競合チャンネル分析\企画リサーチ_20260605\gcs_upload_staging\naresome_thumbnails\VCYOAgbSk44.jpg,230950,
pR6SO9dQhWQ,2ch 馴れ初め ストーリーズ,【2ch馴れ初め総集編】誘拐犯から双子姉妹を庇い大ケガをした俺 → 後日、見舞いに来た双子姉妹の驚きの正体が明らかに…2ch可愛い子供の馴れ初め人気動画【作業用】【睡眠用】【ゆっくり】,8875,maxresdefault,E:\Data\ObsidianVault\02_Channels\馴れ初めシネマ\競合チャンネル分析\企画リサーチ_20260605\gcs_upload_staging\naresome_thumbnails\pR6SO9dQhWQ.jpg,325607,
HQ83HNv2HEs,2ch馴れ初め感動シネマ,【2ch馴れ初め】修学旅行に行ったはずの義妹が10分で帰宅→自宅警備員でニート兄の俺がブチギレた結果...【2ch】【馴れ初め】【総集編】,8860,maxresdefault,E:\Data\ObsidianVault\02_Channels\馴れ初めシネマ\競合チャンネル分析\企画リサーチ_20260605\gcs_upload_staging\naresome_thumbnails\HQ83HNv2HEs.jpg,261571,
2XPgr_bXEXM,2ch馴れ初め感動シネマ,【2ch馴れ初め】業者に騙され事故物件に入居した俺と娘→5歳の娘が女幽霊を「ママ」と呼び膝の上にダイブした結果...【2ch】【馴れ初め】【総集編】,8836,maxresdefault,E:\Data\ObsidianVault\02_Channels\馴れ初めシネマ\競合チャンネル分析\企画リサーチ_20260605\gcs_upload_staging\naresome_thumbnails\2XPgr_bXEXM.jpg,299346,
kjIxCFRFOO4,馴れ初め公園,【馴れ初め】毎日俺のカレーに辛口評価をする施設暮らしの少女→おかげで1日500皿売れる人気店になった結果…【ゆっくり】,8828,maxresdefault,E:\Data\ObsidianVault\02_Channels\馴れ初めシネマ\競合チャンネル分析\企画リサーチ_20260605\gcs_upload_staging\naresome_thumbnails\kjIxCFRFOO4.jpg,324859,
grFqeqZGDG0,2ch 馴れ初め ストーリーズ,【2ch馴れ初め】車椅子に乗る俺の姪を馬鹿にする職場の嫌味上司に→ 鬼の形相の父社長が後ろから肩を叩いた結果【ゆっくり】,8786,maxresdefault,E:\Data\ObsidianVault\02_Channels\馴れ初めシネマ\競合チャンネル分析\企画リサーチ_20260605\gcs_upload_staging\naresome_thumbnails\grFqeqZGDG0.jpg,232431,
l9P4cqPkJqQ,2ch 馴れ初め ストーリーズ,【2ch馴れ初め総集編】職場の美人同僚のカバンから落ちた小さなテディベア→預かってる親戚の赤ちゃんの宝物と同じだった結果2ch可愛い子供の馴れ初め人気馴れ初め動画【作業用】【睡眠用】【ゆっくり】,8778,maxresdefault,E:\Data\ObsidianVault\02_Channels\馴れ初めシネマ\競合チャンネル分析\企画リサーチ_20260605\gcs_upload_staging\naresome_thumbnails\l9P4cqPkJqQ.jpg,348563,
Zw-FHyDOEb4,2ch馴れ初めゆっくりで最愛,【2ch 馴れ初め】赤字続きの俺の旅館に来たボロボロのおばあちゃん→露天風呂付きの高級客室に泊めた結果【ゆっくり】,8774,maxresdefault,E:\Data\ObsidianVault\02_Channels\馴れ初めシネマ\競合チャンネル分析\企画リサーチ_20260605\gcs_upload_staging\naresome_thumbnails\Zw-FHyDOEb4.jpg,264973,
4pOqpMIj9iA,2ch馴れ初めタイムトラベル,【2ch馴れ初め】取引先主催パーティで段ボール席に案内された俺たち →ブチギレた俺が速攻帰宅し、全取引を止めた結果...【ゆっくり】,8764,maxresdefault,E:\Data\ObsidianVault\02_Channels\馴れ初めシネマ\競合チャンネル分析\企画リサーチ_20260605\gcs_upload_staging\naresome_thumbnails\4pOqpMIj9iA.jpg,282023,
OjtxuMXaEsQ,2ch 馴れ初め ストーリーズ,【2ch馴れ初め】親族にたらい回しされるPCオタク少女→コミュ障エンジニアの俺が引き取り一緒にアプリ開発をした結果【ゆっくり】,8715,maxresdefault,E:\Data\ObsidianVault\02_Channels\馴れ初めシネマ\競合チャンネル分析\企画リサーチ_20260605\gcs_upload_staging\naresome_thumbnails\OjtxuMXaEsQ.jpg,344754,
beow2z3ksCI,2ch馴れ初め感動シネマ,【2ch馴れ初め 総集編】大人気『ヤクザ』馴れ初め動画まとめ5選　2ch馴れ初めシネマ 【作業用】【ゆっくり】【睡眠用】,8713,maxresdefault,E:\Data\ObsidianVault\02_Channels\馴れ初めシネマ\競合チャンネル分析\企画リサーチ_20260605\gcs_upload_staging\naresome_thumbnails\beow2z3ksCI.jpg,265643,
PWhNNwG8JsI,2ch 馴れ初め ストーリーズ,【2ch馴れ初め】児童養護施設のボランティアで見かけた双子姉妹→離婚した元妻が引き取ったはずの俺の娘だった結果【ゆっくり】,8706,maxresdefault,E:\Data\ObsidianVault\02_Channels\馴れ初めシネマ\競合チャンネル分析\企画リサーチ_20260605\gcs_upload_staging\naresome_thumbnails\PWhNNwG8JsI.jpg,349162,
wFw1243x78U,2ch馴れ初めゆっくりで最愛,【2ch 馴れ初め】両親が他界し親戚からも厄介者扱いの喋れない天才少女→都会から離れ山に隠居していた俺が引き取り育てた結果【ゆっくり】,8690,maxresdefault,E:\Data\ObsidianVault\02_Channels\馴れ初めシネマ\競合チャンネル分析\企画リサーチ_20260605\gcs_upload_staging\naresome_thumbnails\wFw1243x78U.jpg,251995,
BC_qsYt_LYY,2ch馴れ初め感動シネマ,【2ch馴れ初め 総集編】事故から少女を助けひき逃げされた俺→警察庁長官息子の俺が全国指名手配した結果..... 大人気動画まとめ3選 【作業用】【ゆっくり】,8676,maxresdefault,E:\Data\ObsidianVault\02_Channels\馴れ初めシネマ\競合チャンネル分析\企画リサーチ_20260605\gcs_upload_staging\naresome_thumbnails\BC_qsYt_LYY.jpg,239863,
cNe79dM5qTY,2ch 馴れ初め ストーリーズ,【2ch馴れ初め総集編】離婚した元妻に引き取られた双子の赤ちゃん→数年後、ボロボロの姿で俺を訪ねてきた結果2chほっこり馴れ初め人気馴れ初め動画まとめてみた！【作業用】【ゆっくり】,8665,maxresdefault,E:\Data\ObsidianVault\02_Channels\馴れ初めシネマ\競合チャンネル分析\企画リサーチ_20260605\gcs_upload_staging\naresome_thumbnails\cNe79dM5qTY.jpg,254691,
m4jwmUjvDz8,2chの感動馴初め話,母親の借金を取り立てる俺に、なけなしの5円玉を差し出すボロボロの双子姉妹→天涯孤独のヤ〇ザの俺が保護した結果【2ch馴れ初め】【ゆっくり解説】,8655,maxresdefault,E:\Data\ObsidianVault\02_Channels\馴れ初めシネマ\競合チャンネル分析\企画リサーチ_20260605\gcs_upload_staging\naresome_thumbnails\m4jwmUjvDz8.jpg,259870,
s6tKfanNiyo,馴れ初め公園,【馴れ初め】人間嫌いな保護犬と暮らす俺が、天真爛漫な双子の赤ちゃんを預かった結果…【ゆっくり】,8652,maxresdefault,E:\Data\ObsidianVault\02_Channels\馴れ初めシネマ\競合チャンネル分析\企画リサーチ_20260605\gcs_upload_staging\naresome_thumbnails\s6tKfanNiyo.jpg,302342,
pgRegL6YtIk,2ch馴れ初め感動シネマ,【2ch馴れ初め】1人きりのバンドに勧誘する涙目のヤンキー転校生→元天才ギター少年だった俺が手を貸した結果,8643,maxresdefault,E:\Data\ObsidianVault\02_Channels\馴れ初めシネマ\競合チャンネル分析\企画リサーチ_20260605\gcs_upload_staging\naresome_thumbnails\pgRegL6YtIk.jpg,330645,
LZlh3w2fqDE,2ch 馴れ初め ストーリーズ,【2ch馴れ初め】親を亡くし親戚から奴隷扱いを受ける姉妹→見た目は地味学生、実はIT企業社長の俺が引き取った結果【ゆっくり】,8638,maxresdefault,E:\Data\ObsidianVault\02_Channels\馴れ初めシネマ\競合チャンネル分析\企画リサーチ_20260605\gcs_upload_staging\naresome_thumbnails\LZlh3w2fqDE.jpg,361853,
gy7bT2BKOuw,2ch馴れ初めタイムトラベル,【2ch馴れ初め】ボロボロの老婆に唐揚げ定食を奢った廃業寸前の俺 →翌日、店の前に黒塗りの高級車が来た結果...【ゆっくり】,8630,maxresdefault,E:\Data\ObsidianVault\02_Channels\馴れ初めシネマ\競合チャンネル分析\企画リサーチ_20260605\gcs_upload_staging\naresome_thumbnails\gy7bT2BKOuw.jpg,261797,
8TPNLwMEcqI,2ch 馴れ初め ストーリーズ,【2ch馴れ初め】廃業寸前の俺の洋食屋を覗いているハラペコ双子→亡き娘の好物だったハンバーグをご馳走した結果【ゆっくり】,8625,maxresdefault,E:\Data\ObsidianVault\02_Channels\馴れ初めシネマ\競合チャンネル分析\企画リサーチ_20260605\gcs_upload_staging\naresome_thumbnails\8TPNLwMEcqI.jpg,210957,
Q8nJDGjM5B0,2chなれそめストーリー2.0,【２ch馴れ初め】「男に興味が無い」と言っていた女上司と俺が合コンに行ったら出会った結果【ゆっくり解説】,8624,maxresdefault,E:\Data\ObsidianVault\02_Channels\馴れ初めシネマ\競合チャンネル分析\企画リサーチ_20260605\gcs_upload_staging\naresome_thumbnails\Q8nJDGjM5B0.jpg,202287,
EPJr2H7YIrs,2ch 馴れ初め ストーリーズ,【2ch馴れ初め】常連になっていたボロボロ洋菓子店を営む母娘→閉店するというのでウチのホテルで雇った結果【ゆっくり】,8610,maxresdefault,E:\Data\ObsidianVault\02_Channels\馴れ初めシネマ\競合チャンネル分析\企画リサーチ_20260605\gcs_upload_staging\naresome_thumbnails\EPJr2H7YIrs.jpg,333708,
xQMRdmdHGjo,2chの感動馴初め話,身寄りのない子供を引き取り過労で倒れた俺→独身の美人上司がお見舞いに来た結果…【2ch馴れ初め】【ゆっくり解説】,8592,maxresdefault,E:\Data\ObsidianVault\02_Channels\馴れ初めシネマ\競合チャンネル分析\企画リサーチ_20260605\gcs_upload_staging\naresome_thumbnails\xQMRdmdHGjo.jpg,237708,
Upl0ZE-RVwA,2ch 馴れ初め ストーリーズ,【2ch馴れ初め】廃線が決まった駅のホームに立ち尽くす幼い姉妹→「パパとママが乗った列車を待ってる」と言われた結果【ゆっくり】,8584,maxresdefault,E:\Data\ObsidianVault\02_Channels\馴れ初めシネマ\競合チャンネル分析\企画リサーチ_20260605\gcs_upload_staging\naresome_thumbnails\Upl0ZE-RVwA.jpg,244036,
Sw8UDyoj_Tw,2ch 馴れ初め ストーリーズ,【2ch馴れ初め】双子姉妹を庇って交通事故に遭い入院した俺→ お見舞いに来た母親が初恋の幼馴染だった結果【ゆっくり】,8575,maxresdefault,E:\Data\ObsidianVault\02_Channels\馴れ初めシネマ\競合チャンネル分析\企画リサーチ_20260605\gcs_upload_staging\naresome_thumbnails\Sw8UDyoj_Tw.jpg,201842,
gQDkxpuVApc,2ch 馴れ初め ストーリーズ,【2ch馴れ初め】親戚に「猿みたいで野蛮」と捨てられた双子姉妹→元天才クライマーの俺が引き取ると…壁をスイスイ登る天才だった結果【ゆっくり】,8552,maxresdefault,E:\Data\ObsidianVault\02_Channels\馴れ初めシネマ\競合チャンネル分析\企画リサーチ_20260605\gcs_upload_staging\naresome_thumbnails\gQDkxpuVApc.jpg,344439,
AgrbYNH75SU,2ch馴れ初め感動シネマ,【2ch馴れ初め】10年納品した高級スイーツ店から突然契約を切られた桃農家の美人母娘→廃業寸前の洋菓子店店長の俺が丸ごと買い取った結果...,8550,maxresdefault,E:\Data\ObsidianVault\02_Channels\馴れ初めシネマ\競合チャンネル分析\企画リサーチ_20260605\gcs_upload_staging\naresome_thumbnails\AgrbYNH75SU.jpg,236856,
cR_cajd52uQ,2ch 馴れ初め ストーリーズ,【2ch馴れ初め】コミュ障を理由に田舎の部署に左遷された俺→美人女課長の元で頭角を現し会社を救った結果【ゆっくり】,8520,maxresdefault,E:\Data\ObsidianVault\02_Channels\馴れ初めシネマ\競合チャンネル分析\企画リサーチ_20260605\gcs_upload_staging\naresome_thumbnails\cR_cajd52uQ.jpg,217860,
XzE3JHJPmK8,2ch馴れ初めタイムトラベル,【2ch馴れ初め】誰も手が付けられない退学寸前のヤンキー同級生→母親の直感でウチの保育園で雇った結果...【ゆっくり】,8520,maxresdefault,E:\Data\ObsidianVault\02_Channels\馴れ初めシネマ\競合チャンネル分析\企画リサーチ_20260605\gcs_upload_staging\naresome_thumbnails\XzE3JHJPmK8.jpg,298314,
oZriQ309iA4,2chの感動馴初め話,【2ch馴れ初め】生活費を稼ぐため空き缶を集める少女 →ホームレスの俺が声を掛けた結果...【ゆっくり】,8516,maxresdefault,E:\Data\ObsidianVault\02_Channels\馴れ初めシネマ\競合チャンネル分析\企画リサーチ_20260605\gcs_upload_staging\naresome_thumbnails\oZriQ309iA4.jpg,319182,
V57ZlS_1o78,2ch馴れ初め感動シネマ,【2ch馴れ初め 総集編】他界した姉夫婦の双子を引き取ったキモオタの俺→実は資産家の俺がコンビニ全員で双子を育てた結果.... 大人気動画まとめ4選 【作業用】【ゆっくり】,8511,maxresdefault,E:\Data\ObsidianVault\02_Channels\馴れ初めシネマ\競合チャンネル分析\企画リサーチ_20260605\gcs_upload_staging\naresome_thumbnails\V57ZlS_1o78.jpg,238290,
yCFXPzTyglQ,2ch馴れ初めタイムトラベル,【2ch馴れ初め】川で溺れかけた少女を助け右目を失った元ヤクザの俺 →15年後美人婦警に職質された結果...【ゆっくり】,8498,maxresdefault,E:\Data\ObsidianVault\02_Channels\馴れ初めシネマ\競合チャンネル分析\企画リサーチ_20260605\gcs_upload_staging\naresome_thumbnails\yCFXPzTyglQ.jpg,269524,
3M8H6HdDbKI,2ch 馴れ初め ストーリーズ,【2ch馴れ初め】妹の為に空腹を我慢する隣人のボロボロお姉ちゃん→ 趣味の手料理を振舞った結果【ゆっくり】,8492,maxresdefault,E:\Data\ObsidianVault\02_Channels\馴れ初めシネマ\競合チャンネル分析\企画リサーチ_20260605\gcs_upload_staging\naresome_thumbnails\3M8H6HdDbKI.jpg,240212,
4ml_jHPLM5I,2ch馴れ初め感動シネマ,【2ch馴れ初め 総集編】離婚した元妻に引き取られた双子姉妹→3年後、青あざ双子がライブ配信で父親を探していた結果..... 大人気動画まとめ3選 【作業用】【ゆっくり】,8487,maxresdefault,E:\Data\ObsidianVault\02_Channels\馴れ初めシネマ\競合チャンネル分析\企画リサーチ_20260605\gcs_upload_staging\naresome_thumbnails\4ml_jHPLM5I.jpg,244037,
ZOtV9yadLq8,2ch馴れ初め感動シネマ,【2ch馴れ初め】誰にでも笑顔で甘える亡き姉の赤ちゃん→関東最大のヤクザ組長を虜にした結果...【2ch】【馴れ初め】【総集編】,8485,maxresdefault,E:\Data\ObsidianVault\02_Channels\馴れ初めシネマ\競合チャンネル分析\企画リサーチ_20260605\gcs_upload_staging\naresome_thumbnails\ZOtV9yadLq8.jpg,354864,
MMli42HnnB4,2chの感動馴初め話,【2ch馴れ初め】再婚した両親が他界し残された義妹と俺→「施設しかない」義妹を俺が育てた結果【ゆっくり解説】,8476,maxresdefault,E:\Data\ObsidianVault\02_Channels\馴れ初めシネマ\競合チャンネル分析\企画リサーチ_20260605\gcs_upload_staging\naresome_thumbnails\MMli42HnnB4.jpg,254109,
cr5cn0BTWIE,2ch馴れ初めゆっくりで最愛,【2ch馴れ初め】災害級の猛暑の日に俺の家に侵入して玄関で涼んでいるボロボロな双子少女、流しそうめんとアイスをご馳走した結果【ゆっくり】,8467,maxresdefault,E:\Data\ObsidianVault\02_Channels\馴れ初めシネマ\競合チャンネル分析\企画リサーチ_20260605\gcs_upload_staging\naresome_thumbnails\cr5cn0BTWIE.jpg,254739,
BlO6sFSLDXg,2ch 馴れ初め ストーリーズ,【2ch馴れ初め】叔母にお見合いを無理やり勧められた俺→貧乏人のフリをしたら、相手も子連れ貧乏で予想外の結果に   【ゆっくり】,8431,maxresdefault,E:\Data\ObsidianVault\02_Channels\馴れ初めシネマ\競合チャンネル分析\企画リサーチ_20260605\gcs_upload_staging\naresome_thumbnails\BlO6sFSLDXg.jpg,254762,
eug-SbTrlGc,俺たちの馴れ初め,【2ch馴れ初め】デブ陰キャの俺を見下してくる鬼上司→俺が彼女の命の恩人だった結果...【ゆっくり】,8423,maxresdefault,E:\Data\ObsidianVault\02_Channels\馴れ初めシネマ\競合チャンネル分析\企画リサーチ_20260605\gcs_upload_staging\naresome_thumbnails\eug-SbTrlGc.jpg,243748,
tUc8VsxgvWE,2ch馴れ初めゆっくりで最愛,【2ch 馴れ初め】霊感が強く不気味がられていた少女を助け入院し倒産した俺→後日病院に双子少女と母が尋ねてきた結果【ゆっくり】,8398,maxresdefault,E:\Data\ObsidianVault\02_Channels\馴れ初めシネマ\競合チャンネル分析\企画リサーチ_20260605\gcs_upload_staging\naresome_thumbnails\tUc8VsxgvWE.jpg,274429,
8CnR2F--h38,2chの感動馴初め話,【2ch馴れ初め】740グラムの未熟児を救った医師の俺→母親が亡くなり父親は失踪…結果【ゆっくり】,8394,maxresdefault,E:\Data\ObsidianVault\02_Channels\馴れ初めシネマ\競合チャンネル分析\企画リサーチ_20260605\gcs_upload_staging\naresome_thumbnails\8CnR2F--h38.jpg,268435,
Uy47r4FgJx0,2ch 馴れ初め ストーリーズ,【2ch馴れ初め】誘拐犯から愛娘を守ってくれた難聴の少女、耳鼻科医の俺が人工内耳手術をした結果【ゆっくり】,8389,maxresdefault,E:\Data\ObsidianVault\02_Channels\馴れ初めシネマ\競合チャンネル分析\企画リサーチ_20260605\gcs_upload_staging\naresome_thumbnails\Uy47r4FgJx0.jpg,253752,
glO-ke9_nQk,2ch馴れ初めゆっくりで最愛,【2ch馴れ初め】大寒波の夜、アパートの駐輪場で寒さに凍えガクガク震える隣家の母娘→偶然通りかかった俺が空き部屋を提供し温かいかけ蕎麦を提供した結果【ゆっくり】,8362,maxresdefault,E:\Data\ObsidianVault\02_Channels\馴れ初めシネマ\競合チャンネル分析\企画リサーチ_20260605\gcs_upload_staging\naresome_thumbnails\glO-ke9_nQk.jpg,298262,
U8RNjme09fE,2ch 馴れ初め ストーリーズ,【2ch馴れ初め】迷子の双子姉妹を助け、クビ宣告を受けた俺→ 後日、姉妹と元請先の女社長が会社に怒鳴り込んできた結果【ゆっくり】,8326,maxresdefault,E:\Data\ObsidianVault\02_Channels\馴れ初めシネマ\競合チャンネル分析\企画リサーチ_20260605\gcs_upload_staging\naresome_thumbnails\U8RNjme09fE.jpg,227849,
-fuSDJFir1E,2ch 馴れ初め ストーリーズ,【2ch馴れ初め】姉から双子姉妹を預かった赤字パン屋を営む強面な俺→双子の神接客で行列のできる大繁盛店になった結果【ゆっくり】,8296,maxresdefault,E:\Data\ObsidianVault\02_Channels\馴れ初めシネマ\競合チャンネル分析\企画リサーチ_20260605\gcs_upload_staging\naresome_thumbnails\-fuSDJFir1E.jpg,350251,
9qOqgaB3dLg,2ch馴れ初めラブレター,【2ch馴れ初め】元妻との思い出のキャンプ場で花火をしていた俺 →亡くなったと聞いていた双子の娘と再会した結果...【ゆっくり】,8291,maxresdefault,E:\Data\ObsidianVault\02_Channels\馴れ初めシネマ\競合チャンネル分析\企画リサーチ_20260605\gcs_upload_staging\naresome_thumbnails\9qOqgaB3dLg.jpg,245396,
icbxsF7iD7w,2ch 馴れ初め ストーリーズ,【2ch馴れ初め】転勤で引っ越した先で見かけた双子の赤ちゃん→離婚後、事故で亡くなったはずの娘達だった結果【ゆっくり】,8225,maxresdefault,E:\Data\ObsidianVault\02_Channels\馴れ初めシネマ\競合チャンネル分析\企画リサーチ_20260605\gcs_upload_staging\naresome_thumbnails\icbxsF7iD7w.jpg,220040,
OEXwN4GwV7Q,2ch馴れ初め感動シネマ,【2ch馴れ初め】美容院に行った義妹が丸刈りで10分で帰宅→ニート兄の俺がブチギレた結果,8223,maxresdefault,E:\Data\ObsidianVault\02_Channels\馴れ初めシネマ\競合チャンネル分析\企画リサーチ_20260605\gcs_upload_staging\naresome_thumbnails\OEXwN4GwV7Q.jpg,350331,
f5n6PSjZXRg,ほろり感動馴れ初め話,【2ch馴れ初め】元嫁に裏切られ娘を失った俺→泥だらけの少女に四つ葉のクローバーを貰った結果【ゆっくり解説】,8222,maxresdefault,E:\Data\ObsidianVault\02_Channels\馴れ初めシネマ\競合チャンネル分析\企画リサーチ_20260605\gcs_upload_staging\naresome_thumbnails\f5n6PSjZXRg.jpg,306867,
H8dTsGYrI5M,2chなれそめストーリー2.0,【2ch馴れ初め】事故で妻が無くなり絶望した俺に、妻の母が双子の妹を「貰って下さい」と突然紹介してきた結果【ゆっくり解説】,8219,maxresdefault,E:\Data\ObsidianVault\02_Channels\馴れ初めシネマ\競合チャンネル分析\企画リサーチ_20260605\gcs_upload_staging\naresome_thumbnails\H8dTsGYrI5M.jpg,258807,
Pk24XqPOorA,2ch 馴れ初め ストーリーズ,【2ch馴れ初め】大混雑の定食屋に来たお腹を空かせた3姉妹→店を手伝ってもらい、特製賄いをご馳走した結果【ゆっくり】,8215,maxresdefault,E:\Data\ObsidianVault\02_Channels\馴れ初めシネマ\競合チャンネル分析\企画リサーチ_20260605\gcs_upload_staging\naresome_thumbnails\Pk24XqPOorA.jpg,227596,
xJH2TqtaJa0,2chの感動馴初め話,【2ch馴れ初め】初めての運動会、足手まといと言われた娘→町内会青年団の団長の俺が団員全員で応援しに行った結果【ゆっくり】,8196,maxresdefault,E:\Data\ObsidianVault\02_Channels\馴れ初めシネマ\競合チャンネル分析\企画リサーチ_20260605\gcs_upload_staging\naresome_thumbnails\xJH2TqtaJa0.jpg,326737,
K2L-49RhR24,2chの感動馴初め話,事故にあった少女を助け新院長の歓迎会に間に合わずクビになった俺→助けた少女が実は新院長の孫だった結果…【2ch馴れ初め】【ゆっくり解説】,8182,maxresdefault,E:\Data\ObsidianVault\02_Channels\馴れ初めシネマ\競合チャンネル分析\企画リサーチ_20260605\gcs_upload_staging\naresome_thumbnails\K2L-49RhR24.jpg,272511,
CddvXnh54PA,2ch 馴れ初め ストーリーズ,【2ch馴れ初め】「黙れ！」と叱られ続け感情を無くした4歳の姪の双子姉妹→心理カウンセラーの俺が「パパだいすき！」と言わせた結果【ゆっくり】,8115,maxresdefault,E:\Data\ObsidianVault\02_Channels\馴れ初めシネマ\競合チャンネル分析\企画リサーチ_20260605\gcs_upload_staging\naresome_thumbnails\CddvXnh54PA.jpg,335592,
uyLlMtWsL4s,2chなれそめストーリー2.0,【2ch馴れ初め】俺をガン無視するマドンナ。同じ飯を食う仲に。3か月後立場が逆転したwww【ゆっくり解説】,8094,maxresdefault,E:\Data\ObsidianVault\02_Channels\馴れ初めシネマ\競合チャンネル分析\企画リサーチ_20260605\gcs_upload_staging\naresome_thumbnails\uyLlMtWsL4s.jpg,215951,
8ObuTyBjlEk,2ch 馴れ初め ストーリーズ,【2ch馴れ初め】姉が置いていった赤ちゃん→俺の旅館で暮らしたら驚きの変化があった結果【ゆっくり】,8092,maxresdefault,E:\Data\ObsidianVault\02_Channels\馴れ初めシネマ\競合チャンネル分析\企画リサーチ_20260605\gcs_upload_staging\naresome_thumbnails\8ObuTyBjlEk.jpg,340056,
I0Feiq0i72E,2ch感動の馴れ初め話,【2ch馴れ初め】お客さん宅の電球交換した中卒配達員の俺、実はおばあちゃんが 業界の“大物” だった結果【ゆっくり動画】,8090,maxresdefault,E:\Data\ObsidianVault\02_Channels\馴れ初めシネマ\競合チャンネル分析\企画リサーチ_20260605\gcs_upload_staging\naresome_thumbnails\I0Feiq0i72E.jpg,316757,
x9LhRYO8uGw,2ch 馴れ初め ストーリーズ,【2ch馴れ初め】亡き妹夫婦の双子の娘たちに子供服を買いに来た俺→いつも睨んでくる経理課の美人同僚に見られた結果【ゆっくり】,8064,maxresdefault,E:\Data\ObsidianVault\02_Channels\馴れ初めシネマ\競合チャンネル分析\企画リサーチ_20260605\gcs_upload_staging\naresome_thumbnails\x9LhRYO8uGw.jpg,344154,
S0-XcoRNk3Y,2chなれそめストーリー2.0,【2ch馴れ初め】いつもからかってくる生意気な幼馴染ヤンキーをふざけて押し倒した結果【ゆっくり解説】,8056,maxresdefault,E:\Data\ObsidianVault\02_Channels\馴れ初めシネマ\競合チャンネル分析\企画リサーチ_20260605\gcs_upload_staging\naresome_thumbnails\S0-XcoRNk3Y.jpg,246756,
F7AqiND8Grw,2ch馴れ初め感動シネマ,【2ch馴れ初め】90人分の花見弁当をキャンセルされた貧乏親子→隣で花見をしていた若頭の俺が全部買い取った結果...【2ch】【馴れ初め】【総集編】,8036,maxresdefault,E:\Data\ObsidianVault\02_Channels\馴れ初めシネマ\競合チャンネル分析\企画リサーチ_20260605\gcs_upload_staging\naresome_thumbnails\F7AqiND8Grw.jpg,277962,
VCq5I40q-BU,2ch 馴れ初め ストーリーズ,【2ch馴れ初め】SNSで誹謗中傷された旅館を経営するシンママ母娘→有名ブロガーの俺が星5レビュー記事を書いた結果【ゆっくり】,8031,maxresdefault,E:\Data\ObsidianVault\02_Channels\馴れ初めシネマ\競合チャンネル分析\企画リサーチ_20260605\gcs_upload_staging\naresome_thumbnails\VCq5I40q-BU.jpg,232306,
ITzQ980NKXw,2ch 馴れ初め ストーリーズ,【2ch馴れ初め】ダブルブッキングで宿無しになった俺→現地の双子姉妹が助けてくれた結果【ゆっくり】,8019,maxresdefault,E:\Data\ObsidianVault\02_Channels\馴れ初めシネマ\競合チャンネル分析\企画リサーチ_20260605\gcs_upload_staging\naresome_thumbnails\ITzQ980NKXw.jpg,232446,
Lz96_jReyrw,2ch馴れ初めタイムトラベル,【2ch馴れ初め】震災で逃げ遅れた少女を助け顔に怪我を負った元レンジャー部隊の俺 →10年後合コンで再会した結果...【ゆっくり】,8015,maxresdefault,E:\Data\ObsidianVault\02_Channels\馴れ初めシネマ\競合チャンネル分析\企画リサーチ_20260605\gcs_upload_staging\naresome_thumbnails\Lz96_jReyrw.jpg,235252,
F9Lwgg6cQs4,2ch 馴れ初め ストーリーズ,【2ch馴れ初め】はじめてのおつかいで俺の惣菜屋にコロッケを買いに来た幼い姉妹→お手伝いしてもらいお礼に特製コロッケを振る舞った結果【ゆっくり】,8006,maxresdefault,E:\Data\ObsidianVault\02_Channels\馴れ初めシネマ\競合チャンネル分析\企画リサーチ_20260605\gcs_upload_staging\naresome_thumbnails\F9Lwgg6cQs4.jpg,339866,
gOdJVx-sOBQ,2ch 馴れ初め ストーリーズ,【2ch馴れ初め】板前が倒れ大ピンチ！途方に暮れる女将と幼い姉妹→有名ホテルシェフの俺が手を貸した結果【ゆっくり】,8000,maxresdefault,E:\Data\ObsidianVault\02_Channels\馴れ初めシネマ\競合チャンネル分析\企画リサーチ_20260605\gcs_upload_staging\naresome_thumbnails\gOdJVx-sOBQ.jpg,246391,
g0U1f-laXis,2ch 馴れ初め ストーリーズ,【2ch馴れ初め総集編】今は亡き従兄夫婦から双子の赤ちゃんを引き取った俺→美人保育士の幼馴染に相談した結果2ch可愛い子供の馴れ初め人気馴れ初め動画まとめてみた！【作業用】【睡眠用】【ゆっくり】,7996,maxresdefault,E:\Data\ObsidianVault\02_Channels\馴れ初めシネマ\競合チャンネル分析\企画リサーチ_20260605\gcs_upload_staging\naresome_thumbnails\g0U1f-laXis.jpg,334337,
agP5ew-u77A,2ch馴れ初め感動シネマ,【2ch馴れ初め】挫折して田舎で荒れ狂う、かつて天才と呼ばれていた幼馴染→崖っぷち社長の俺が秘書として雇った結果,7988,maxresdefault,E:\Data\ObsidianVault\02_Channels\馴れ初めシネマ\競合チャンネル分析\企画リサーチ_20260605\gcs_upload_staging\naresome_thumbnails\agP5ew-u77A.jpg,347210,
r8UMzRe0Zvo,2ch馴れ初めタイムトラベル,【2ch馴れ初め】実家の借金返済のため政略結婚する俺が→バツ１問題児令嬢とお見合いした結果...【ゆっくり】,7981,maxresdefault,E:\Data\ObsidianVault\02_Channels\馴れ初めシネマ\競合チャンネル分析\企画リサーチ_20260605\gcs_upload_staging\naresome_thumbnails\r8UMzRe0Zvo.jpg,342416,
g5EyvxcprF8,2ch馴れ初めラブレター,【2ch馴れ初め】不眠続きの社畜の俺が3日ぶりに家に帰る途中 →亡くなったと聞いていた娘たちと再会した結果...【ゆっくり】,7978,maxresdefault,E:\Data\ObsidianVault\02_Channels\馴れ初めシネマ\競合チャンネル分析\企画リサーチ_20260605\gcs_upload_staging\naresome_thumbnails\g5EyvxcprF8.jpg,305895,
91-2ttcOJTc,2ch馴れ初め感動シネマ,【2ch馴れ初め 総集編】大人気『組長の孫娘』馴れ初め動画まとめ3選　2ch馴れ初めシネマ 【作業用】【ゆっくり】【睡眠用】,7967,maxresdefault,E:\Data\ObsidianVault\02_Channels\馴れ初めシネマ\競合チャンネル分析\企画リサーチ_20260605\gcs_upload_staging\naresome_thumbnails\91-2ttcOJTc.jpg,249952,
olcjQaKrZFo,2chなれそめストーリー2.0,【2ch馴れ初め】いつも同じバスに乗ってくる女子大生、胸の先端がいつも立っているので、女が苦手な俺が覚悟を決めて声を掛けた結果【ゆっくり解説】,7937,maxresdefault,E:\Data\ObsidianVault\02_Channels\馴れ初めシネマ\競合チャンネル分析\企画リサーチ_20260605\gcs_upload_staging\naresome_thumbnails\olcjQaKrZFo.jpg,257940,
-_xWL4tT9Cc,2ch 馴れ初め ストーリーズ,【2ch馴れ初め】初めてのお使いで万引き疑われ、亡き妻の形見の鞄を壊された愛娘の姉妹→ブチキレた俺警察官が現場に急行した結果【ゆっくり】,7927,maxresdefault,E:\Data\ObsidianVault\02_Channels\馴れ初めシネマ\競合チャンネル分析\企画リサーチ_20260605\gcs_upload_staging\naresome_thumbnails\-_xWL4tT9Cc.jpg,252938,
3g7Tk6Wyar8,2ch馴れ初め感動シネマ,【2ch馴れ初め】修学旅行に行ったはずの義妹が10分で帰宅→自宅警備員でニート兄の俺がブチギレた結果...【2ch】【馴れ初め】【総集編】,7887,maxresdefault,E:\Data\ObsidianVault\02_Channels\馴れ初めシネマ\競合チャンネル分析\企画リサーチ_20260605\gcs_upload_staging\naresome_thumbnails\3g7Tk6Wyar8.jpg,261571,
-6cyKoekA7Q,2ch馴れ初めゆっくりで最愛,【2ch 馴れ初め】「鬼しゃんはメッでしゅよ！！パパをい○めないで！」3歳の娘が鬼上司に苦情を言った結果【ゆっくり】,7873,maxresdefault,E:\Data\ObsidianVault\02_Channels\馴れ初めシネマ\競合チャンネル分析\企画リサーチ_20260605\gcs_upload_staging\naresome_thumbnails\-6cyKoekA7Q.jpg,253266,
WEmiIwY_wsg,2ch馴れ初めほっこり物語,【2ch馴れ初め】過疎地の観光課に左遷された俺 →自閉症の娘と村の達人たちが観光名物を作った結果…【ゆっくり】,7839,maxresdefault,E:\Data\ObsidianVault\02_Channels\馴れ初めシネマ\競合チャンネル分析\企画リサーチ_20260605\gcs_upload_staging\naresome_thumbnails\WEmiIwY_wsg.jpg,319487,
6uCojd2pk6c,2ch馴れ初め感動シネマ,【2ch馴れ初め】ヤクザ事務所に飛び込んできた青あざだらけの双子姉妹→若頭の俺が大量の部下を引き連れて助けた結果...【2ch】【馴れ初め】【総集編】,7824,maxresdefault,E:\Data\ObsidianVault\02_Channels\馴れ初めシネマ\競合チャンネル分析\企画リサーチ_20260605\gcs_upload_staging\naresome_thumbnails\6uCojd2pk6c.jpg,265197,
8X0DCkn6z9E,2ch 馴れ初め ストーリーズ,【2ch馴れ初め】大雪の夜、古びたぬいぐるみを抱え、アパートの前で佇む4歳の少女→浮気の末、失踪した元妻が連れて行った愛娘だった結果【ゆっくり】,7820,maxresdefault,E:\Data\ObsidianVault\02_Channels\馴れ初めシネマ\競合チャンネル分析\企画リサーチ_20260605\gcs_upload_staging\naresome_thumbnails\8X0DCkn6z9E.jpg,359676,
FUmg_gczKh8,2ch馴れ初め感動シネマ,【2ch馴れ初め】高級旅館で100名分の宿泊をキャンセルされた美人若女将→若頭の俺が貸し切って組員全員泊めた結果...【2ch】【馴れ初め】【総集編】,7810,maxresdefault,E:\Data\ObsidianVault\02_Channels\馴れ初めシネマ\競合チャンネル分析\企画リサーチ_20260605\gcs_upload_staging\naresome_thumbnails\FUmg_gczKh8.jpg,268507,
sKK4AJ9LEgg,2ch 馴れ初め ストーリーズ,【2ch馴れ初め】事故現場で赤ちゃんを庇い義眼になった俺→3年後、「目が痛いおじちゃん？」と声を掛けられた結果【ゆっくり】,7802,maxresdefault,E:\Data\ObsidianVault\02_Channels\馴れ初めシネマ\競合チャンネル分析\企画リサーチ_20260605\gcs_upload_staging\naresome_thumbnails\sKK4AJ9LEgg.jpg,228534,
zqDYoGnoxko,2ch馴れ初めほっこり物語,【2ch馴れ初め】風邪で寝込み家事代行を依頼した独身の俺→料理を作ってもらったら亡き母と同じ味だった結果…【ゆっくり】,7778,maxresdefault,E:\Data\ObsidianVault\02_Channels\馴れ初めシネマ\競合チャンネル分析\企画リサーチ_20260605\gcs_upload_staging\naresome_thumbnails\zqDYoGnoxko.jpg,302559,
phhpatSe5WI,2ch 馴れ初め ストーリーズ,【2ch馴れ初め】妻の形見のぬいぐるみを無くして大号泣の双子姉妹→ 近くをパトロール中の美人婦警が助けてくれた結果【ゆっくり】,7763,maxresdefault,E:\Data\ObsidianVault\02_Channels\馴れ初めシネマ\競合チャンネル分析\企画リサーチ_20260605\gcs_upload_staging\naresome_thumbnails\phhpatSe5WI.jpg,229598,
Erdm3p_A_3c,2ch馴れ初めムービー,【２ｃｈ馴れ初め】身寄りのないボロボロ双子を引き取り過労で入院した俺→独身の美人上司がお見舞いに来た結果・・・【ゆっくり】,7682,maxresdefault,E:\Data\ObsidianVault\02_Channels\馴れ初めシネマ\競合チャンネル分析\企画リサーチ_20260605\gcs_upload_staging\naresome_thumbnails\Erdm3p_A_3c.jpg,243573,
d_Jbjga8ZFg,2ch馴れ初め感動シネマ,【2ch馴れ初め】無愛想でクビになった学校一の秀才同級生→俺が営む旅館でバイトとして雇った結果,7667,maxresdefault,E:\Data\ObsidianVault\02_Channels\馴れ初めシネマ\競合チャンネル分析\企画リサーチ_20260605\gcs_upload_staging\naresome_thumbnails\d_Jbjga8ZFg.jpg,241874,
TPO7aqRftqw,俺たちの馴れ初め,【2ch馴れ初め】　早朝の、船釣り帰りの港で飢えたボロボロ母娘→釣りバカの俺が釣りたての桜鯛を捌いて振舞った結果...　【ゆっくり】,7652,maxresdefault,E:\Data\ObsidianVault\02_Channels\馴れ初めシネマ\競合チャンネル分析\企画リサーチ_20260605\gcs_upload_staging\naresome_thumbnails\TPO7aqRftqw.jpg,252671,
uKU5zizvSs8,2ch 馴れ初め ストーリーズ,【2ch馴れ初め】クリスマスイブの夜、教会でお祈りしているボロボロ双子姉妹→妻子を事故で亡くした俺が声を掛けた結果【ゆっくり】,7645,maxresdefault,E:\Data\ObsidianVault\02_Channels\馴れ初めシネマ\競合チャンネル分析\企画リサーチ_20260605\gcs_upload_staging\naresome_thumbnails\uKU5zizvSs8.jpg,242274,
kB7U6nqheo0,2ch馴れ初めタイムトラベル,【2ch馴れ初め】商談中に5分毎に電話をしてくるエリート上司→商談先社長の前でスピーカーONで電話に出た結果…【ゆっくり】,7598,maxresdefault,E:\Data\ObsidianVault\02_Channels\馴れ初めシネマ\競合チャンネル分析\企画リサーチ_20260605\gcs_upload_staging\naresome_thumbnails\kB7U6nqheo0.jpg,243542,
sbOoizs3Zk0,2chなれそめストーリー2.0,【2ch馴れ初め】】冬休みで実家に泊まりに来た幼馴染、親の目を盗んで夜這いを決行しようとした結果【ゆっくり解説】,7585,maxresdefault,E:\Data\ObsidianVault\02_Channels\馴れ初めシネマ\競合チャンネル分析\企画リサーチ_20260605\gcs_upload_staging\naresome_thumbnails\sbOoizs3Zk0.jpg,224736,
xOK3zn4piAg,2ch 馴れ初め ストーリーズ,【2ch馴れ初め】休日の公園でよちよち歩きで近づいてくる赤ちゃん→離婚した妻に亡くなったと言われた俺の愛娘だった結果【ゆっくり】,7573,maxresdefault,E:\Data\ObsidianVault\02_Channels\馴れ初めシネマ\競合チャンネル分析\企画リサーチ_20260605\gcs_upload_staging\naresome_thumbnails\xOK3zn4piAg.jpg,364761,
dBal3DsBM5o,2ch馴れ初め奇跡の出会い,【2ch馴れ初め】借り物競争でまさかのお題を引いた陰キャの俺 →無言で金髪ヤンキー女子を連れて行った結果...【ゆっくり】,7539,maxresdefault,E:\Data\ObsidianVault\02_Channels\馴れ初めシネマ\競合チャンネル分析\企画リサーチ_20260605\gcs_upload_staging\naresome_thumbnails\dBal3DsBM5o.jpg,338740,
E2R0iiQhkFk,2ch馴れ初め感動シネマ,【2ch馴れ初め】入学祝いで予約した高級フレンチで片親を理由に入店拒否される俺と娘→温厚な大地主の義母に相談した結果,7536,maxresdefault,E:\Data\ObsidianVault\02_Channels\馴れ初めシネマ\競合チャンネル分析\企画リサーチ_20260605\gcs_upload_staging\naresome_thumbnails\E2R0iiQhkFk.jpg,244235,
QHSEFwM3R48,2ch 馴れ初め ストーリーズ,【2ch馴れ初め】母のケーキを買いに来た双子姉妹に神対応した貧乏洋菓子店の俺→後日、ケーキの注文電話が鳴り止まなくなった結果【ゆっくり】,7515,maxresdefault,E:\Data\ObsidianVault\02_Channels\馴れ初めシネマ\競合チャンネル分析\企画リサーチ_20260605\gcs_upload_staging\naresome_thumbnails\QHSEFwM3R48.jpg,337070,
CIE6B87dU0o,2ch 馴れ初め ストーリーズ,【2ch馴れ初め】母を亡くし「無理していい子」を演じていた双子の愛娘→公園で拾ってきた子犬を飼いたいと「ワガママ」を言った結果【ゆっくり】,7514,maxresdefault,E:\Data\ObsidianVault\02_Channels\馴れ初めシネマ\競合チャンネル分析\企画リサーチ_20260605\gcs_upload_staging\naresome_thumbnails\CIE6B87dU0o.jpg,343817,
OeSwC-cYyls,2ch馴れ初めゆっくりで最愛,【2ch 馴れ初め】無謀な契約ノルマを押しつけられ退職目前の美人上司→ハーバード大卒を隠し中卒社員を演じる俺が本気を出した結果【ゆっくり】,7513,maxresdefault,E:\Data\ObsidianVault\02_Channels\馴れ初めシネマ\競合チャンネル分析\企画リサーチ_20260605\gcs_upload_staging\naresome_thumbnails\OeSwC-cYyls.jpg,291816,
zBkWa1K1RuY,2ch馴れ初め感動シネマ,【2ch馴れ初め】俺の子じゃないからと元嫁に引き取られた娘→数年後、赤ちゃんを抱えて俺に助けを求めてきた結果... 大人気動画まとめ3選 【作業用】【ゆっくり】,7446,maxresdefault,E:\Data\ObsidianVault\02_Channels\馴れ初めシネマ\競合チャンネル分析\企画リサーチ_20260605\gcs_upload_staging\naresome_thumbnails\zBkWa1K1RuY.jpg,277010,
7DGjKpfFsWc,2ch 馴れ初め ストーリーズ,【2ch馴れ初め】共同で起業した親友に裏切られクビにされた俺→双子姉妹の直感で零細企業に即採用された結果【ゆっくり】,7401,maxresdefault,E:\Data\ObsidianVault\02_Channels\馴れ初めシネマ\競合チャンネル分析\企画リサーチ_20260605\gcs_upload_staging\naresome_thumbnails\7DGjKpfFsWc.jpg,216734,
JkGI2QB4vBc,2chの感動馴初め話,【2ch馴れ初め】俺の旅館に牛乳を押し売りに来たツナギ服少女→牛乳嫌いな俺が大口契約した結果【ゆっくり解説】,7360,maxresdefault,E:\Data\ObsidianVault\02_Channels\馴れ初めシネマ\競合チャンネル分析\企画リサーチ_20260605\gcs_upload_staging\naresome_thumbnails\JkGI2QB4vBc.jpg,258594,
EO56oKrr69k,2ch馴れ初め感動シネマ,【2ch馴れ初め】ヤクザに脅され震えているラーメン屋の母娘→ 常連客の俺が正体を明かし助けた結果...【2ch】【馴れ初め】【総集編】,7322,maxresdefault,E:\Data\ObsidianVault\02_Channels\馴れ初めシネマ\競合チャンネル分析\企画リサーチ_20260605\gcs_upload_staging\naresome_thumbnails\EO56oKrr69k.jpg,262094,
6pG1O1HO4yk,2ch馴れ初め奇跡の出会い,【2ch馴れ初め】部長にハメられクレーム地獄の売上最下位支社に左遷された俺→問題社員だらけのはずが全員天才だと気づき本気を出した結果...【ゆくり】,7305,maxresdefault,E:\Data\ObsidianVault\02_Channels\馴れ初めシネマ\競合チャンネル分析\企画リサーチ_20260605\gcs_upload_staging\naresome_thumbnails\6pG1O1HO4yk.jpg,362172,
SjBMn61jujk,2ch馴れ初め感動シネマ,【2ch馴れ初め】女を理由に会社をクビになった元ヤン女性タクシー運転手→元峠の走り屋でライバル会社社長の俺がスカウトした結果,7283,maxresdefault,E:\Data\ObsidianVault\02_Channels\馴れ初めシネマ\競合チャンネル分析\企画リサーチ_20260605\gcs_upload_staging\naresome_thumbnails\SjBMn61jujk.jpg,347334,
YSTj1ZJxcQ4,2ch馴れ初め感動シネマ,【2ch馴れ初め】道で倒れこむ老婆に全財産1000円を渡した貧乏学生の俺→翌日、学校に黒塗りの高級車が現れた結果...【2ch】【馴れ初め】【総集編】,7269,maxresdefault,E:\Data\ObsidianVault\02_Channels\馴れ初めシネマ\競合チャンネル分析\企画リサーチ_20260605\gcs_upload_staging\naresome_thumbnails\YSTj1ZJxcQ4.jpg,277490,
1dZHffGRfno,俺たちの馴れ初め,【2ch馴れ初め】スーバーの試食を食べ漁るガリガリの双子にお腹いっぱい食べさせた俺→元ヤンの店長が様子を見に来た結果【ゆっくり】,7224,maxresdefault,E:\Data\ObsidianVault\02_Channels\馴れ初めシネマ\競合チャンネル分析\企画リサーチ_20260605\gcs_upload_staging\naresome_thumbnails\1dZHffGRfno.jpg,255477,
2Ppcg3kA_dQ,2ch馴れ初めムービー,【２ｃｈ馴れ初め】ウチの玄関先でうずくまっていた泥まみれの少女→俺と二人暮らしの母が「娘にならない？」と言った結果【ゆっくり】,7222,maxresdefault,E:\Data\ObsidianVault\02_Channels\馴れ初めシネマ\競合チャンネル分析\企画リサーチ_20260605\gcs_upload_staging\naresome_thumbnails\2Ppcg3kA_dQ.jpg,290401,
HinjjCfhmK4,2ch馴れ初め感動シネマ,【2ch馴れ初め】上司にハメられ社内一のワガママギャルを押し付けられた俺→現窓際社員で元天才マーケターの俺が本気を出した結果.....,7218,maxresdefault,E:\Data\ObsidianVault\02_Channels\馴れ初めシネマ\競合チャンネル分析\企画リサーチ_20260605\gcs_upload_staging\naresome_thumbnails\HinjjCfhmK4.jpg,239750,
-AbJw9Nh2JQ,2ch馴れ初めタイムトラベル,【2ch馴れ初め】秘湯にある廃業寸前ボロ旅館に飛び込みで泊まった俺→割烹料理人の俺が手を貸した結果...【ゆっくり】,7202,maxresdefault,E:\Data\ObsidianVault\02_Channels\馴れ初めシネマ\競合チャンネル分析\企画リサーチ_20260605\gcs_upload_staging\naresome_thumbnails\-AbJw9Nh2JQ.jpg,331040,
hLWd7uv4rec,2ch馴れ初め感動シネマ,【2ch馴れ初め】初出勤の義妹が丸坊主姿で10分で帰宅→若頭の俺が大量の部下を引き連れて突撃した結果...【2ch】【馴れ初め】【総集編】,7201,maxresdefault,E:\Data\ObsidianVault\02_Channels\馴れ初めシネマ\競合チャンネル分析\企画リサーチ_20260605\gcs_upload_staging\naresome_thumbnails\hLWd7uv4rec.jpg,276313,
e0bVH4F4Yuc,2chなれそめストーリー2.0,【2ch馴れ初め】先輩とベロベロ状態カラオケ行ったら、先輩が寝てしまったのでそのままいただいた結果【ゆっくり】,7198,maxresdefault,E:\Data\ObsidianVault\02_Channels\馴れ初めシネマ\競合チャンネル分析\企画リサーチ_20260605\gcs_upload_staging\naresome_thumbnails\e0bVH4F4Yuc.jpg,218967,
rhc0_L6cshg,2chの感動馴初め話,亡き祖母が住んでた古びた空き家を訪ねると、霊感のあるホームレス母娘が住みついてた結果…【2ch馴れ初め】【ゆっくり解説】,7170,maxresdefault,E:\Data\ObsidianVault\02_Channels\馴れ初めシネマ\競合チャンネル分析\企画リサーチ_20260605\gcs_upload_staging\naresome_thumbnails\rhc0_L6cshg.jpg,237013,
yjLyoL9WJBA,2ch馴れ初めゆっくりで最愛,【2ch馴れ初め】学年一の社長令嬢に父をクビにされた廃人寸前の貧乏同級生女子→ぼっち陰キャで大企業の跡取り息子の俺が手を差し伸べた結果【ゆっくり】,7142,maxresdefault,E:\Data\ObsidianVault\02_Channels\馴れ初めシネマ\競合チャンネル分析\企画リサーチ_20260605\gcs_upload_staging\naresome_thumbnails\yjLyoL9WJBA.jpg,272974,
e5wETjirwSo,俺たちの馴れ初め,【2ch馴れ初め】父の再婚で憧れだった先輩が義姉に→一緒に暮らすことになった結果…【ゆっくり解説】,7140,maxresdefault,E:\Data\ObsidianVault\02_Channels\馴れ初めシネマ\競合チャンネル分析\企画リサーチ_20260605\gcs_upload_staging\naresome_thumbnails\e5wETjirwSo.jpg,217556,
hgS8eFWYZ58,2ch 馴れ初め ストーリーズ,【2ch馴れ初め】宝物を持って俺のキッチンカーにやってきた4歳と1歳のボロボロ姉妹→俺の特製カレーを振る舞った結果【ゆっくり】,7140,maxresdefault,E:\Data\ObsidianVault\02_Channels\馴れ初めシネマ\競合チャンネル分析\企画リサーチ_20260605\gcs_upload_staging\naresome_thumbnails\hgS8eFWYZ58.jpg,243145,
Nqxdwphz4Ew,2ch馴れ初め感動シネマ,【2ch馴れ初め】同窓会でヤクザとイキがる同級生に見下される俺→一人娘が「パパもヤクザ！」と答えた結果...【2ch】【馴れ初め】【総集編】,7128,maxresdefault,E:\Data\ObsidianVault\02_Channels\馴れ初めシネマ\競合チャンネル分析\企画リサーチ_20260605\gcs_upload_staging\naresome_thumbnails\Nqxdwphz4Ew.jpg,274455,
tAVgORhwAMQ,ほろり感動馴れ初め話,【2ch馴れ初め】宿泊先の料理長が倒れて大ピンチの若女将→三つ子の天才ちびっ子シェフが助けた結果【ゆっくり】,7103,maxresdefault,E:\Data\ObsidianVault\02_Channels\馴れ初めシネマ\競合チャンネル分析\企画リサーチ_20260605\gcs_upload_staging\naresome_thumbnails\tAVgORhwAMQ.jpg,300028,
qXmSgmq6tJg,2ch 馴れ初め ストーリーズ,【2ch馴れ初め総集編】久しぶりに田舎の祖母の家に遊びに行った俺 → 縁側で知らない双子の赤ちゃんがお昼寝していた結果2ch可愛い子供馴れ初め人気動画【作業用】【睡眠用】【ゆっくり】,7076,maxresdefault,E:\Data\ObsidianVault\02_Channels\馴れ初めシネマ\競合チャンネル分析\企画リサーチ_20260605\gcs_upload_staging\naresome_thumbnails\qXmSgmq6tJg.jpg,323616,
IsIZPqGTK4M,2ch 馴れ初め ストーリーズ,【2ch馴れ初め】総料理長が退職し、連日対応に追われる子連れ女店長→ 無能皿洗いで元天才料理人の俺が本気を出した結果【ゆっくり】,7062,maxresdefault,E:\Data\ObsidianVault\02_Channels\馴れ初めシネマ\競合チャンネル分析\企画リサーチ_20260605\gcs_upload_staging\naresome_thumbnails\IsIZPqGTK4M.jpg,221320,
tlTIjZggc4k,2ch馴れ初め感動シネマ,【2ch馴れ初め】小学1年生の娘をいつも迎えに来てくれるみるみる痩せるガリガリ少女→お礼に鍋パーティーに招待した結果...,7050,maxresdefault,E:\Data\ObsidianVault\02_Channels\馴れ初めシネマ\競合チャンネル分析\企画リサーチ_20260605\gcs_upload_staging\naresome_thumbnails\tlTIjZggc4k.jpg,363992,
wHLuv6DJdJA,馴れ初め公園,【馴れ初め】大雪の夜、Tシャツ姿で夜逃げする3姉妹→異変を感じ看護師の姉がいる実家へ連れ帰った結果…【ゆっくり】,7042,maxresdefault,E:\Data\ObsidianVault\02_Channels\馴れ初めシネマ\競合チャンネル分析\企画リサーチ_20260605\gcs_upload_staging\naresome_thumbnails\wHLuv6DJdJA.jpg,330982,
s6L8_oXP1QQ,ほろり感動馴れ初め話,【2ch馴れ初め】余命宣告を受け在宅ケア中の幼馴染→ﾀﾋぬまでに初勝利を目指した結果【ゆっくり解説】,7040,maxresdefault,E:\Data\ObsidianVault\02_Channels\馴れ初めシネマ\競合チャンネル分析\企画リサーチ_20260605\gcs_upload_staging\naresome_thumbnails\s6L8_oXP1QQ.jpg,238639,
FI2-a7_1iMI,馴れ初め公園,【馴れ初め】合コンで社内トップの美女が来ると聞いて浮かれる先輩たち→現れたのは超地味女で俺に押し付けられた結果…【ゆっくり】,7022,maxresdefault,E:\Data\ObsidianVault\02_Channels\馴れ初めシネマ\競合チャンネル分析\企画リサーチ_20260605\gcs_upload_staging\naresome_thumbnails\FI2-a7_1iMI.jpg,334530,
zw9EzMjoYpQ,2ch馴れ初め感動シネマ,【2ch馴れ初め総集編】修学旅行の班決めで金髪デブ女を引き取るハメに→後日、旅行先で彼女の驚きの招待が.... 大人気動画まとめ5選 【作業用】【ゆっくり】,7013,maxresdefault,E:\Data\ObsidianVault\02_Channels\馴れ初めシネマ\競合チャンネル分析\企画リサーチ_20260605\gcs_upload_staging\naresome_thumbnails\zw9EzMjoYpQ.jpg,254877,
Te0O6gqP48E,2chの感動馴初め話,【2ch馴れ初め】ヤクザの事務所に駆け込んだ血だらけの少女→下っ端の俺が仲間を連れて助けた結果【ゆっくり解説】,7007,maxresdefault,E:\Data\ObsidianVault\02_Channels\馴れ初めシネマ\競合チャンネル分析\企画リサーチ_20260605\gcs_upload_staging\naresome_thumbnails\Te0O6gqP48E.jpg,241190,
vnmQzQdGd3w,2ch 馴れ初め ストーリーズ,【2ch馴れ初め】「霊感がある」と親戚に捨てられた4歳の少女→有名音楽家の俺が「ある才能」に気付いた結果【ゆっくり】,7002,maxresdefault,E:\Data\ObsidianVault\02_Channels\馴れ初めシネマ\競合チャンネル分析\企画リサーチ_20260605\gcs_upload_staging\naresome_thumbnails\vnmQzQdGd3w.jpg,240554,
mEH2oE23QK4,2ch 馴れ初め ストーリーズ,【2ch馴れ初め】弟夫婦に放置されていた1歳の赤ちゃんを預かった俺→事故で妻と妹を喪った4歳の娘が姉のように接した結果【ゆっくり】,6994,maxresdefault,E:\Data\ObsidianVault\02_Channels\馴れ初めシネマ\競合チャンネル分析\企画リサーチ_20260605\gcs_upload_staging\naresome_thumbnails\mEH2oE23QK4.jpg,337564,
sJtIgGPzRQY,2ch感動の馴れ初め話,【2ch馴れ初め】休日にバツイチの美人上司に遭遇、車いすの娘が突然歩き出した結果【ゆっくり動画】,6947,maxresdefault,E:\Data\ObsidianVault\02_Channels\馴れ初めシネマ\競合チャンネル分析\企画リサーチ_20260605\gcs_upload_staging\naresome_thumbnails\sJtIgGPzRQY.jpg,301957,
bkSNeIoIWts,2ch馴れ初めゆっくりで最愛,【2ch馴れ初め】運動会の昼食で落としたおにぎりを食べる必死に食べる貧乏母娘→一緒にどうですかとデカ盛弁当をお裾分けした結果【ゆっくり】,6932,maxresdefault,E:\Data\ObsidianVault\02_Channels\馴れ初めシネマ\競合チャンネル分析\企画リサーチ_20260605\gcs_upload_staging\naresome_thumbnails\bkSNeIoIWts.jpg,287458,
_w5npDBTruE,馴れ初め公園,【馴れ初め】突然他界した女上司が遺した身寄りのない赤ちゃん→3歳の娘が『家族になろう』と言った結果…【ゆっくり】,6917,maxresdefault,E:\Data\ObsidianVault\02_Channels\馴れ初めシネマ\競合チャンネル分析\企画リサーチ_20260605\gcs_upload_staging\naresome_thumbnails\_w5npDBTruE.jpg,301430,
2aCMTld_PM0,2ch馴れ初めムービー,【２ｃｈ馴れ初め】大混雑の初詣の屋台で客から罵声を浴びる母娘→元三ツ星料亭板前で清掃ボランティアの俺が店を手伝った結果【ほっこり・ゆっくり】,6908,maxresdefault,E:\Data\ObsidianVault\02_Channels\馴れ初めシネマ\競合チャンネル分析\企画リサーチ_20260605\gcs_upload_staging\naresome_thumbnails\2aCMTld_PM0.jpg,264441,
9pWf4Qhlp_o,2ch馴れ初めムービー,【２ｃｈ馴れ初め】ド田舎の古民家に引越してきた貧乏母子→お隣の挨拶代わりに米30キロあげた結果【ゆっくり】,6899,maxresdefault,E:\Data\ObsidianVault\02_Channels\馴れ初めシネマ\競合チャンネル分析\企画リサーチ_20260605\gcs_upload_staging\naresome_thumbnails\9pWf4Qhlp_o.jpg,282326,
o5ZO_Ug1GbE,2ch馴れ初めほっこり物語,【2ch馴れ初め】俺のスマホにかかった電話に双子の娘が出たら→相手はおしゃべりなヨウムだった結果…【ゆっくり】,6897,maxresdefault,E:\Data\ObsidianVault\02_Channels\馴れ初めシネマ\競合チャンネル分析\企画リサーチ_20260605\gcs_upload_staging\naresome_thumbnails\o5ZO_Ug1GbE.jpg,325976,
trLgX50w2YI,2ch馴れ初めムービー,【2ch馴れ初め】春の嵐で孤立した山荘で困っている車椅子の母娘⇒元・山岳警備隊員の俺が背負て吹き荒れる嵐の中強行脱出した結果【感動】,6871,maxresdefault,E:\Data\ObsidianVault\02_Channels\馴れ初めシネマ\競合チャンネル分析\企画リサーチ_20260605\gcs_upload_staging\naresome_thumbnails\trLgX50w2YI.jpg,349346,
ZTfHbu7sg4w,2ch 馴れ初め ストーリーズ,【2ch馴れ初め総集編】児童養護施設で出会った 寡黙な少女 → ピアニストの俺がある「才能」に気付いた結果2chほっこり馴れ初め人気馴れ初め動画まとめてみた！【作業用】【ゆっくり】,6863,maxresdefault,E:\Data\ObsidianVault\02_Channels\馴れ初めシネマ\競合チャンネル分析\企画リサーチ_20260605\gcs_upload_staging\naresome_thumbnails\ZTfHbu7sg4w.jpg,243692,
ils8rTkIaeQ,2ch 馴れ初め ストーリーズ,【2ch馴れ初め】「気味が悪い」と両親に言われ施設に捨てられたIQ200の少女→同じく施設出身でIT社長の俺が才能を見抜き引き取った結果【ゆっくり】,6838,maxresdefault,E:\Data\ObsidianVault\02_Channels\馴れ初めシネマ\競合チャンネル分析\企画リサーチ_20260605\gcs_upload_staging\naresome_thumbnails\ils8rTkIaeQ.jpg,332768,
5k1s1maymAU,2ch馴れ初めゆっくりで最愛,【2ch馴れ初め】汚いお婆さんにお金を貸したら実はヤクザ組長の奥さん 後日大量の黒服と極道の美女が来た結果【ゆっくり】,6836,maxresdefault,E:\Data\ObsidianVault\02_Channels\馴れ初めシネマ\競合チャンネル分析\企画リサーチ_20260605\gcs_upload_staging\naresome_thumbnails\5k1s1maymAU.jpg,260691,
mWYScEGj4ow,2ch馴れ初め感動シネマ,【2ch馴れ初め 総集編】転校先の学校で担任に弁当を捨てられる一人娘→組長の俺が本気を出した結果..... 大人気動画まとめ3選 【作業用】【ゆっくり】,6831,maxresdefault,E:\Data\ObsidianVault\02_Channels\馴れ初めシネマ\競合チャンネル分析\企画リサーチ_20260605\gcs_upload_staging\naresome_thumbnails\mWYScEGj4ow.jpg,239476,
Y15AyeEXN90,2ch馴れ初めラブレター,【2ch馴れ初め】深夜ラジオに“父を探す投稿”を送り続ける少女→離婚で会えなくなった娘だった結果...【ゆっくり】,6809,maxresdefault,E:\Data\ObsidianVault\02_Channels\馴れ初めシネマ\競合チャンネル分析\企画リサーチ_20260605\gcs_upload_staging\naresome_thumbnails\Y15AyeEXN90.jpg,238527,
0U0O70_4ul4,俺たちの馴れ初め,【2ch馴れ初め】　祖母に追い出された分解中毒の少女→廃業寸前のコメ農家の俺が引き取った結果...　【ゆっくり】,6801,maxresdefault,E:\Data\ObsidianVault\02_Channels\馴れ初めシネマ\競合チャンネル分析\企画リサーチ_20260605\gcs_upload_staging\naresome_thumbnails\0U0O70_4ul4.jpg,260684,
7pCnbTlyS7c,2ch馴れ初めゆっくりで最愛,【2ch 馴れ初め】双子少女を助け50億の商談に遅刻しクビになった俺→助けた少女が大手企業の孫娘だった結果【ゆっくり】,6799,maxresdefault,E:\Data\ObsidianVault\02_Channels\馴れ初めシネマ\競合チャンネル分析\企画リサーチ_20260605\gcs_upload_staging\naresome_thumbnails\7pCnbTlyS7c.jpg,261104,
euDZTj2k9zM,2ch 馴れ初め ストーリーズ,【2ch馴れ初め】パン屋にアルバイト面接しに来た双子姉妹→俺の直感で即採用して詳しく事情を聞いた結果【ゆっくり】,6777,maxresdefault,E:\Data\ObsidianVault\02_Channels\馴れ初めシネマ\競合チャンネル分析\企画リサーチ_20260605\gcs_upload_staging\naresome_thumbnails\euDZTj2k9zM.jpg,208644,
uZxu1Jo0BVg,2ch 馴れ初め ストーリーズ,【2ch馴れ初め】離婚した元妻に引き取られた1歳の双子姉妹→3年後、児童養護施設のテレビ特集で偶然再会した結果【ゆっくり】,6753,maxresdefault,E:\Data\ObsidianVault\02_Channels\馴れ初めシネマ\競合チャンネル分析\企画リサーチ_20260605\gcs_upload_staging\naresome_thumbnails\uZxu1Jo0BVg.jpg,363986,
1Sfv5CjH1D8,2ch馴れ初めゆっくりで最愛,【2ch 馴れ初め】商工会の集まりで70人分の弁当をキャンセルされた廃業寸前のボロボロ親子→町工場社長の俺がまるごと買取った結果【ゆっくり】,6753,maxresdefault,E:\Data\ObsidianVault\02_Channels\馴れ初めシネマ\競合チャンネル分析\企画リサーチ_20260605\gcs_upload_staging\naresome_thumbnails\1Sfv5CjH1D8.jpg,276098,
EtNmEGm7p-c,2chなれそめストーリー2.0,【2ch馴れ初め】旦那に不倫されて女としての自信を失った熟女の相手をさせられた結果【ゆっくり解説】,6707,hqdefault,E:\Data\ObsidianVault\02_Channels\馴れ初めシネマ\競合チャンネル分析\企画リサーチ_20260605\gcs_upload_staging\naresome_thumbnails\EtNmEGm7p-c.jpg,47850,
B21VhvpTlh4,ほろり感動馴れ初め話,【2ch馴れ初め】親戚に酷い扱いを受け、学校でいじめられる姉→元不良の俺が本気出した結果…【ゆっくり解説】,6706,maxresdefault,E:\Data\ObsidianVault\02_Channels\馴れ初めシネマ\競合チャンネル分析\企画リサーチ_20260605\gcs_upload_staging\naresome_thumbnails\B21VhvpTlh4.jpg,266094,
H_xZs4oZ4xw,2ch馴れ初め奇跡の出会い,【2ch馴れ初め】〇卒を理由に突然〇ビ宣告をされた俺とパート女性→優秀な彼女を誘って二人で起業した結果...【ゆっくり】,6695,maxresdefault,E:\Data\ObsidianVault\02_Channels\馴れ初めシネマ\競合チャンネル分析\企画リサーチ_20260605\gcs_upload_staging\naresome_thumbnails\H_xZs4oZ4xw.jpg,310247,
MZXH5qFXI8Y,2ch馴れ初め感動シネマ,【2ch馴れ初め 総集編】大人気『金髪ヤンキー』馴れ初め動画まとめ5選　2ch馴れ初めシネマ 【作業用】【ゆっくり】【睡眠用】,6681,maxresdefault,E:\Data\ObsidianVault\02_Channels\馴れ初めシネマ\競合チャンネル分析\企画リサーチ_20260605\gcs_upload_staging\naresome_thumbnails\MZXH5qFXI8Y.jpg,258334,
9KszSmU1g9c,2ch馴れ初め感動シネマ,【2ch馴れ初め】転落した娘を救ってくれたホームレス女性→お礼に怪我が治るまで家に招待した結果,6647,maxresdefault,E:\Data\ObsidianVault\02_Channels\馴れ初めシネマ\競合チャンネル分析\企画リサーチ_20260605\gcs_upload_staging\naresome_thumbnails\9KszSmU1g9c.jpg,245241,
Uw65znlxZgo,2ch 馴れ初め ストーリーズ,【2ch馴れ初め】フリマで手作り工芸品を一生懸命売る母娘→愛娘の直感で俺の小さな工芸品店に仕入れた結果【ゆっくり】,6618,maxresdefault,E:\Data\ObsidianVault\02_Channels\馴れ初めシネマ\競合チャンネル分析\企画リサーチ_20260605\gcs_upload_staging\naresome_thumbnails\Uw65znlxZgo.jpg,239635,
SlLXGHLmsnU,2ch 馴れ初め ストーリーズ,【2ch馴れ初め】大雪の夜、助けを求めてきた幼い幼い姉妹→心配になり家まで送った結果【ゆっくり】,6601,maxresdefault,E:\Data\ObsidianVault\02_Channels\馴れ初めシネマ\競合チャンネル分析\企画リサーチ_20260605\gcs_upload_staging\naresome_thumbnails\SlLXGHLmsnU.jpg,346327,
DHCOniZf_nM,2chの感動馴初め話,【2ch馴れ初め】深夜の国道に母親を探しに裸足で彷徨う少女→トラック運転手の俺が保護した結果【ゆっくり】,6596,maxresdefault,E:\Data\ObsidianVault\02_Channels\馴れ初めシネマ\競合チャンネル分析\企画リサーチ_20260605\gcs_upload_staging\naresome_thumbnails\DHCOniZf_nM.jpg,294142,
phuCobGqAec,2ch馴れ初めムービー,【２ｃｈ馴れ初め】かつて貧乏な俺と弟たちをいつも定食屋に呼んでくれた同級生の母娘→１５年後、板長になった俺が訪ねると誰も居なかった結果…【ほっこり・感動】,6591,maxresdefault,E:\Data\ObsidianVault\02_Channels\馴れ初めシネマ\競合チャンネル分析\企画リサーチ_20260605\gcs_upload_staging\naresome_thumbnails\phuCobGqAec.jpg,285490,
oX6uNiKAHJY,2ch馴れ初め感動シネマ,【2ch馴れ初め総集編】タダ券で頼んだミニカレーを分け合うガリガリの貧乏姉妹→バイトの俺が勝手にコロッケそば2人前をご馳走した結果.... 大人気動画まとめ5選 【作業用】【ゆっくり】,6580,maxresdefault,E:\Data\ObsidianVault\02_Channels\馴れ初めシネマ\競合チャンネル分析\企画リサーチ_20260605\gcs_upload_staging\naresome_thumbnails\oX6uNiKAHJY.jpg,255427,
PQd0B4mQzJo,2ch 馴れ初め ストーリーズ,【2ch馴れ初め】「男の跡継ぎを産めないなら出て行け」と捨てられた母娘→超有能だったので即採用した結果【ゆっくり】,6579,maxresdefault,E:\Data\ObsidianVault\02_Channels\馴れ初めシネマ\競合チャンネル分析\企画リサーチ_20260605\gcs_upload_staging\naresome_thumbnails\PQd0B4mQzJo.jpg,233028,
sDLkJUcHt-U,2chの感動馴初め話,【2ch馴れ初め】双子を抱っこしながら屋台でおでんを売るボロガリの母親→上手すぎて「全部下さい！」と購入した結果【ゆっくり解説】,6574,maxresdefault,E:\Data\ObsidianVault\02_Channels\馴れ初めシネマ\競合チャンネル分析\企画リサーチ_20260605\gcs_upload_staging\naresome_thumbnails\sDLkJUcHt-U.jpg,294329,
3JpwaFtta4Y,2chなれそめストーリー2.0,【2ch馴れ初め】公園にいる美人ヤンキーJKを助けたらカラダで借りを返されたwww【ゆっくり解説】,6527,maxresdefault,E:\Data\ObsidianVault\02_Channels\馴れ初めシネマ\競合チャンネル分析\企画リサーチ_20260605\gcs_upload_staging\naresome_thumbnails\3JpwaFtta4Y.jpg,223684,
F5uQQGfjIm0,俺たちの馴れ初め,【２ch 馴れ初め総集編】毎日俺の部屋に来る幼馴染のJKが○○な女だと気付いた結果… ２ch馴れ初め話人気動画まとめてみた！総集編,6515,maxresdefault,E:\Data\ObsidianVault\02_Channels\馴れ初めシネマ\競合チャンネル分析\企画リサーチ_20260605\gcs_upload_staging\naresome_thumbnails\F5uQQGfjIm0.jpg,218739,
DaqWPesSABo,2ch 馴れ初め ストーリーズ,【2ch馴れ初め】兼業大家を務める俺のアパートに引っ越してきた貧乏母娘→住み込みで大家業をしてくれないかとお願いした結果【ゆっくり】,6484,maxresdefault,E:\Data\ObsidianVault\02_Channels\馴れ初めシネマ\競合チャンネル分析\企画リサーチ_20260605\gcs_upload_staging\naresome_thumbnails\DaqWPesSABo.jpg,354853,
8zUe8LbdBcg,2ch 馴れ初め ストーリーズ,【2ch馴れ初め】片親を理由に保育園でイジメを受ける双子の愛娘→イジメっ子の両親は俺が立ち上げた会社の社員だった結果【ゆっくり】,6426,maxresdefault,E:\Data\ObsidianVault\02_Channels\馴れ初めシネマ\競合チャンネル分析\企画リサーチ_20260605\gcs_upload_staging\naresome_thumbnails\8zUe8LbdBcg.jpg,232288,
4TPTOPs8-mM,俺たちの馴れ初め,【2ch馴れ初め】　母の唐揚げ屋で必死に呼び込みするボロボロ少女→工場長の俺が社員全員のお弁当を購入した結果...　【ゆっくり】,6415,maxresdefault,E:\Data\ObsidianVault\02_Channels\馴れ初めシネマ\競合チャンネル分析\企画リサーチ_20260605\gcs_upload_staging\naresome_thumbnails\4TPTOPs8-mM.jpg,261002,
GeA07gQpeVM,2ch馴れ初め感動シネマ,【2ch馴れ初め】母のたこ焼き屋を手伝うボロボロ双子姉妹→現場監督の俺が職人の為に50パック買った結果,6410,maxresdefault,E:\Data\ObsidianVault\02_Channels\馴れ初めシネマ\競合チャンネル分析\企画リサーチ_20260605\gcs_upload_staging\naresome_thumbnails\GeA07gQpeVM.jpg,347687,
yFpiVKgaBVY,2ch馴れ初め感動シネマ,【2ch馴れ初め】保育園の休園で3歳の妹を連れて登校した陰キャの俺→妹が学校一のスケバンを「ママ」と呼び膝の上にダイブした結果...【2ch】【馴れ初め】【総集編】,6409,maxresdefault,E:\Data\ObsidianVault\02_Channels\馴れ初めシネマ\競合チャンネル分析\企画リサーチ_20260605\gcs_upload_staging\naresome_thumbnails\yFpiVKgaBVY.jpg,256527,
eBLNbp8Y2hU,2ch馴れ初め感動シネマ,【2ch馴れ初め 総集編】社員旅行で置き去りにされた中卒のシングルマザー→高級ホテルオーナー息子の俺がブチギレた結果..... 大人気動画まとめ3選 【作業用】【ゆっくり】,6395,maxresdefault,E:\Data\ObsidianVault\02_Channels\馴れ初めシネマ\競合チャンネル分析\企画リサーチ_20260605\gcs_upload_staging\naresome_thumbnails\eBLNbp8Y2hU.jpg,231532,
I57ENpmDn1I,2ch 馴れ初め ストーリーズ,【2ch馴れ初め】貧乏だった俺にお菓子をご馳走してくれた近所の幼馴染母娘→30年後、社長になった俺が訪ねると幼馴染そっくりのボロボロ双子が出迎えてくれた結果【ゆっくり】,6394,maxresdefault,E:\Data\ObsidianVault\02_Channels\馴れ初めシネマ\競合チャンネル分析\企画リサーチ_20260605\gcs_upload_staging\naresome_thumbnails\I57ENpmDn1I.jpg,362745,
22LSxKHEnd8,2chなれそめストーリー2.0,【2ch馴れ初め】完璧な鬼上司がビデ会議後にオレに惚れていると暴露した結果…【ゆっくり解説】,6392,maxresdefault,E:\Data\ObsidianVault\02_Channels\馴れ初めシネマ\競合チャンネル分析\企画リサーチ_20260605\gcs_upload_staging\naresome_thumbnails\22LSxKHEnd8.jpg,222449,
XdE1BjAtB00,2chなれそめストーリー2.0,【2ch馴れ初め】会社から帰宅していると突然美女に手をつながれた【ゆっくり解説】,6384,maxresdefault,E:\Data\ObsidianVault\02_Channels\馴れ初めシネマ\競合チャンネル分析\企画リサーチ_20260605\gcs_upload_staging\naresome_thumbnails\XdE1BjAtB00.jpg,232305,
0Hz9SNNXAMM,2chの感動馴初め話,ヤーサンに脅され震えている定食屋の美人店主→組長の血を受け継ぐ孫娘が声を掛けた結果…【2ch馴れ初め】【ゆっくり解説】,6383,maxresdefault,E:\Data\ObsidianVault\02_Channels\馴れ初めシネマ\競合チャンネル分析\企画リサーチ_20260605\gcs_upload_staging\naresome_thumbnails\0Hz9SNNXAMM.jpg,256875,
ziVDydGmYSU,2ch 馴れ初め ストーリーズ,【2ch馴れ初め】大雪の夜に出会った幼い姉妹→異変を感じて保護した結果【ゆっくり】,6368,maxresdefault,E:\Data\ObsidianVault\02_Channels\馴れ初めシネマ\競合チャンネル分析\企画リサーチ_20260605\gcs_upload_staging\naresome_thumbnails\ziVDydGmYSU.jpg,295424,
BYi1ZPZjP_U,2ch馴れ初め感動シネマ,【2ch馴れ初め】名門幼稚園の入学式にジャージ姿でやってきたボロボロの母娘→亡き娘が一度も着れなかった制服を譲った結果...,6361,maxresdefault,E:\Data\ObsidianVault\02_Channels\馴れ初めシネマ\競合チャンネル分析\企画リサーチ_20260605\gcs_upload_staging\naresome_thumbnails\BYi1ZPZjP_U.jpg,347179,
PsqnRAAOMlc,2ch馴れ初め感動シネマ,【2ch馴れ初め 総集編】盲目のお婆さんを送り届けるとヤクザ事務所→大量の黒服と学校一のヤンキー美女が出てきた結果.... 大人気動画まとめ5選 【作業用】【ゆっくり】,6349,maxresdefault,E:\Data\ObsidianVault\02_Channels\馴れ初めシネマ\競合チャンネル分析\企画リサーチ_20260605\gcs_upload_staging\naresome_thumbnails\PsqnRAAOMlc.jpg,255120,
7LBYIosKClc,2ch馴れ初めゆっくりで最愛,【2ch 馴れ初め】社長令嬢に目を付けられ部活の退部を迫られた貧乏同級生→陰キャぼっちで実は親会社の社長子息の俺が声を掛けた結果【ゆっくり】,6349,maxresdefault,E:\Data\ObsidianVault\02_Channels\馴れ初めシネマ\競合チャンネル分析\企画リサーチ_20260605\gcs_upload_staging\naresome_thumbnails\7LBYIosKClc.jpg,289799,
jX0tJuLjsss,2ch馴れ初めゆっくりで最愛,【2ch 馴れ初め】宅急便を誤って届けた俺→出てきた少女たちに異変を感じたので連れ帰り保護した結果【ゆっくり】,6327,maxresdefault,E:\Data\ObsidianVault\02_Channels\馴れ初めシネマ\競合チャンネル分析\企画リサーチ_20260605\gcs_upload_staging\naresome_thumbnails\jX0tJuLjsss.jpg,243410,
CzAo7X53mas,2ch馴れ初め感動シネマ,【2ch馴れ初め】独身なのに双子娘と会社の花見に参加した俺→天敵のギャル社員が興奮して話しかけてきた結果...【2ch】【馴れ初め】【総集編】,6318,maxresdefault,E:\Data\ObsidianVault\02_Channels\馴れ初めシネマ\競合チャンネル分析\企画リサーチ_20260605\gcs_upload_staging\naresome_thumbnails\CzAo7X53mas.jpg,276733,
7OymeJ_2VFg,2ch 馴れ初め ストーリーズ,【2ch馴れ初め】クリスマスの夜、寂れたケーキ屋の前で必死に宣伝している双子姉妹→亡き娘の好物だったショートケーキをホール買いした結果【ゆっくり】,6311,maxresdefault,E:\Data\ObsidianVault\02_Channels\馴れ初めシネマ\競合チャンネル分析\企画リサーチ_20260605\gcs_upload_staging\naresome_thumbnails\7OymeJ_2VFg.jpg,249354,
XTxFMTt_zi4,俺たちの馴れ初め,【総集編】感動の馴れ初め話傑作3選,6296,maxresdefault,E:\Data\ObsidianVault\02_Channels\馴れ初めシネマ\競合チャンネル分析\企画リサーチ_20260605\gcs_upload_staging\naresome_thumbnails\XTxFMTt_zi4.jpg,246248,
xDarrPDxTpA,ほろり感動馴れ初め話,【2ch馴れ初め】妻と娘を殺され思い出の公園でなく俺に、ボロボロの双子が宝物のぬいぐるみをくれた結果【ゆっくり解説】,6285,maxresdefault,E:\Data\ObsidianVault\02_Channels\馴れ初めシネマ\競合チャンネル分析\企画リサーチ_20260605\gcs_upload_staging\naresome_thumbnails\xDarrPDxTpA.jpg,281623,
S1eRRSAY2dE,2ch馴れ初めゆっくりで最愛,【2ch馴れ初め】大雨の夜、水道代を1人で払いに来る7歳のボロボロの少女→コンビニで好きなデザートを買って家まで車で送ってあげた結果【ゆっくり】,6283,maxresdefault,E:\Data\ObsidianVault\02_Channels\馴れ初めシネマ\競合チャンネル分析\企画リサーチ_20260605\gcs_upload_staging\naresome_thumbnails\S1eRRSAY2dE.jpg,279444,
gIPse4JZE-o,2ch馴れ初め奇跡の出会い,【2ch馴れ初め】山奥にある客ゼロのボロ温泉宿に迷い込んだ俺 →元赤坂板長の俺が手を貸した結果...【ゆっくり】,6271,maxresdefault,E:\Data\ObsidianVault\02_Channels\馴れ初めシネマ\競合チャンネル分析\企画リサーチ_20260605\gcs_upload_staging\naresome_thumbnails\gIPse4JZE-o.jpg,326161,
k8UeZ0TdpbU,2ch馴れ初め感動シネマ,【2ch馴れ初め】ヤクザにみかじめ料を搾り取られ突然閉店する母娘→常連客で組長息子の俺が本気を出した結果...【2ch】【馴れ初め】【総集編】,6268,maxresdefault,E:\Data\ObsidianVault\02_Channels\馴れ初めシネマ\競合チャンネル分析\企画リサーチ_20260605\gcs_upload_staging\naresome_thumbnails\k8UeZ0TdpbU.jpg,270688,
s3f_Jkz9p5s,2ch馴れ初めヒストリー,【2ch馴れ初め】息子の入学式に向かう朝、トートバッグを抱えた隣人の貧乏少女→亡き娘が背負うはずだったランドセルを譲った結果...【ゆっくり】,6219,maxresdefault,E:\Data\ObsidianVault\02_Channels\馴れ初めシネマ\競合チャンネル分析\企画リサーチ_20260605\gcs_upload_staging\naresome_thumbnails\s3f_Jkz9p5s.jpg,344077,
_agA7zrqQ1I,2ch感動の馴れ初め話,【2ch馴れ初め】妹の進学の為に昼ご飯を我慢する不良同級生、祖母特製梅干しおにぎりを渡した結果【ゆっくり動画】,6186,maxresdefault,E:\Data\ObsidianVault\02_Channels\馴れ初めシネマ\競合チャンネル分析\企画リサーチ_20260605\gcs_upload_staging\naresome_thumbnails\_agA7zrqQ1I.jpg,306982,
HTR7Cxb6t_0,2ch 馴れ初め ストーリーズ,【2ch馴れ初め】育児ノイローゼになった妹に置き去りにされた幼い姪姉妹→実家のペットショップを継ぐため故郷に帰る俺が引き取った結果【ゆっくり】,6179,maxresdefault,E:\Data\ObsidianVault\02_Channels\馴れ初めシネマ\競合チャンネル分析\企画リサーチ_20260605\gcs_upload_staging\naresome_thumbnails\HTR7Cxb6t_0.jpg,329899,
2fVjesMdP-4,2ch 馴れ初め ストーリーズ,【2ch馴れ初め】急に4歳の少女を育てることになった家事能力ゼロの俺→無愛想な隣人女性が助けてくれた結果【ゆっくり】,6178,maxresdefault,E:\Data\ObsidianVault\02_Channels\馴れ初めシネマ\競合チャンネル分析\企画リサーチ_20260605\gcs_upload_staging\naresome_thumbnails\2fVjesMdP-4.jpg,313146,
eykUfQTJEZg,2ch馴れ初めゆっくりで最愛,【2ch 馴れ初め】親戚に酷い扱いをされていた双子少女を引き取った俺 幼馴染が母親の様に接してくれた結果【ゆっくり】,6168,maxresdefault,E:\Data\ObsidianVault\02_Channels\馴れ初めシネマ\競合チャンネル分析\企画リサーチ_20260605\gcs_upload_staging\naresome_thumbnails\eykUfQTJEZg.jpg,252565,
iCN7rjaWNgM,2ch馴れ初め感動シネマ,【2ch馴れ初め 総集編】いつも不機嫌に俺を見下す金髪の元ヤン保育士→娘は他界した姉の子で俺は独身だとバレた結果.... 大人気動画まとめ5選 【作業用】【ゆっくり】,6160,maxresdefault,E:\Data\ObsidianVault\02_Channels\馴れ初めシネマ\競合チャンネル分析\企画リサーチ_20260605\gcs_upload_staging\naresome_thumbnails\iCN7rjaWNgM.jpg,245782,
SHq5YuHzlYg,2ch馴れ初め感動シネマ,【2ch馴れ初め】前世の記憶を持つ3歳の双子の娘が住所を話すので、連れて行ったらヤクザ事務所だった結果...【2ch】【馴れ初め】【総集編】,6156,maxresdefault,E:\Data\ObsidianVault\02_Channels\馴れ初めシネマ\競合チャンネル分析\企画リサーチ_20260605\gcs_upload_staging\naresome_thumbnails\SHq5YuHzlYg.jpg,280303,
J37TBqI2nVs,2ch馴れ初め感動シネマ,【2ch馴れ初め】新幹線でヤクザ息子に席を横取りされる母娘→居合わせた若頭の俺が本気を出した結果...【2ch】【馴れ初め】【総集編】,6126,maxresdefault,E:\Data\ObsidianVault\02_Channels\馴れ初めシネマ\競合チャンネル分析\企画リサーチ_20260605\gcs_upload_staging\naresome_thumbnails\J37TBqI2nVs.jpg,282666,
FBg8_kuO4DA,2ch馴れ初めゆっくりで最愛,【2ch 馴れ初め】事故で家族を失い親戚からたらい回しにされ嫌われまくった孤独な双子少女→キモオタ社長であるおじの俺に引き取られ家族の様に過ごした結果【ゆっくり】,6099,maxresdefault,E:\Data\ObsidianVault\02_Channels\馴れ初めシネマ\競合チャンネル分析\企画リサーチ_20260605\gcs_upload_staging\naresome_thumbnails\FBg8_kuO4DA.jpg,262332,
Rp-YEX-YcvA,2ch馴れ初め感動シネマ,【2ch馴れ初め 総集編】真冬のガス点検中に遭遇した凍えるしもやけだらけの少女→異変を感じ実家の銭湯に連れ帰った結果..... 大人気動画まとめ3選 【作業用】【ゆっくり】,6082,maxresdefault,E:\Data\ObsidianVault\02_Channels\馴れ初めシネマ\競合チャンネル分析\企画リサーチ_20260605\gcs_upload_staging\naresome_thumbnails\Rp-YEX-YcvA.jpg,230441,
Fne6v4kOG0o,2ch馴れ初め感動シネマ,【2ch馴れ初め】祖父がヤクザ組長だが学校のスケバンに嘘つきとバカにされる陰キャの俺→30分後、校庭に大量の黒塗りの車が乗りこんできた結果...【2ch】【馴れ初め】【総集編】,6078,maxresdefault,E:\Data\ObsidianVault\02_Channels\馴れ初めシネマ\競合チャンネル分析\企画リサーチ_20260605\gcs_upload_staging\naresome_thumbnails\Fne6v4kOG0o.jpg,269420,
TyL36CdGOys,2ch 馴れ初め ストーリーズ,【2ch馴れ初め】観光地の望遠鏡に写り込む段ボールに入れられた双子→心配になり様子を見に行った結果【ゆっくり】,6073,maxresdefault,E:\Data\ObsidianVault\02_Channels\馴れ初めシネマ\競合チャンネル分析\企画リサーチ_20260605\gcs_upload_staging\naresome_thumbnails\TyL36CdGOys.jpg,372461,
T8GsziXG5qs,ほろり感動馴れ初め話,【2ch馴れ初め】双子娘と旅中、電車で寝ていた俺→目を覚ますと見知らぬ赤ちゃんを抱っこしてた結果…【ゆっくり】,6067,maxresdefault,E:\Data\ObsidianVault\02_Channels\馴れ初めシネマ\競合チャンネル分析\企画リサーチ_20260605\gcs_upload_staging\naresome_thumbnails\T8GsziXG5qs.jpg,266504,
z5glTzRFdgg,2ch馴れ初め感動シネマ,【2ch馴れ初め 総集編】保育園の休園で3歳の妹を連れて登校した陰キャの俺→妹が学校一のスケバンを「ママ」と呼び膝の上にダイブした結果..... 大人気動画まとめ3選 【作業用】【ゆっくり】,6059,maxresdefault,E:\Data\ObsidianVault\02_Channels\馴れ初めシネマ\競合チャンネル分析\企画リサーチ_20260605\gcs_upload_staging\naresome_thumbnails\z5glTzRFdgg.jpg,237022,
HG8pW9Fo4Jg,2ch 馴れ初め ストーリーズ,【2ch馴れ初め】意識不明で入院する愛娘のベッドに見知らぬ女の子が   →事故死した姉の記憶を持つ少女だった結果【ゆっくり】,6043,maxresdefault,E:\Data\ObsidianVault\02_Channels\馴れ初めシネマ\競合チャンネル分析\企画リサーチ_20260605\gcs_upload_staging\naresome_thumbnails\HG8pW9Fo4Jg.jpg,228358,
mXZ1x8WL6Q4,2ch馴れ初め感動シネマ,【2ch馴れ初め 総集編】大人気『双子』馴れ初め動画まとめ5選　2ch馴れ初めシネマ 【作業用】【ゆっくり】【睡眠用】,6037,maxresdefault,E:\Data\ObsidianVault\02_Channels\馴れ初めシネマ\競合チャンネル分析\企画リサーチ_20260605\gcs_upload_staging\naresome_thumbnails\mXZ1x8WL6Q4.jpg,260685,
dXucKcO8fbw,2chの感動馴初め話,【2ch馴れ初め】大雪の早朝にパジャマ姿で震えるボロボロの母娘→警備会社で働く俺が声を掛けた結果【ゆっくり解説】,6000,maxresdefault,E:\Data\ObsidianVault\02_Channels\馴れ初めシネマ\競合チャンネル分析\企画リサーチ_20260605\gcs_upload_staging\naresome_thumbnails\dXucKcO8fbw.jpg,270172,
1wlqrfNoo4w,2ch馴れ初め奇跡の出会い,【2ch馴れ初め】中卒の俺を見下しクビ宣言する二代目社長 →独立したら取引先が全てついてきた結果...【ゆっくり】,5992,maxresdefault,E:\Data\ObsidianVault\02_Channels\馴れ初めシネマ\競合チャンネル分析\企画リサーチ_20260605\gcs_upload_staging\naresome_thumbnails\1wlqrfNoo4w.jpg,297258,
mpOMHQAF0WI,2ch馴れ初めムービー,【２ｃｈ馴れ初め】クビになり社宅を追い出されたボロボロシングルマザー→大企業社長になった俺が声を掛けた結果…【ゆっくり】,5979,maxresdefault,E:\Data\ObsidianVault\02_Channels\馴れ初めシネマ\競合チャンネル分析\企画リサーチ_20260605\gcs_upload_staging\naresome_thumbnails\mpOMHQAF0WI.jpg,287754,
ORj7_oZeLlI,2ch馴れ初めゆっくりで最愛,【2ch馴れ初め】スーパーの試食コーナーで飢えをしのぐガリガリの貧乏母娘→ 肉屋の俺が自慢のあつあつ唐揚げをお腹いっぱいに食べせてせてあげた結果【ゆっくり】,5976,maxresdefault,E:\Data\ObsidianVault\02_Channels\馴れ初めシネマ\競合チャンネル分析\企画リサーチ_20260605\gcs_upload_staging\naresome_thumbnails\ORj7_oZeLlI.jpg,289947,
I4hVKSRNhBw,2ch 馴れ初め ストーリーズ,【2ch馴れ初め】不当な立ち退き要求に怯える隣人の貧乏母娘→日雇い労働者の俺が「じゃあ、この辺一帯買い取りますね」と言った結果…【ゆっくり】,5971,maxresdefault,E:\Data\ObsidianVault\02_Channels\馴れ初めシネマ\競合チャンネル分析\企画リサーチ_20260605\gcs_upload_staging\naresome_thumbnails\I4hVKSRNhBw.jpg,246956,
hmno6RMf4LA,2ch 馴れ初め ストーリーズ,【2ch馴れ初め】弟夫婦から双子姉妹を押し付けられた不妊の俺→愛情込めて育て上げ本当の親子になった結果【ゆっくり】,5969,maxresdefault,E:\Data\ObsidianVault\02_Channels\馴れ初めシネマ\競合チャンネル分析\企画リサーチ_20260605\gcs_upload_staging\naresome_thumbnails\hmno6RMf4LA.jpg,338211,
-PCUnygdL28,2ch 馴れ初め ストーリーズ,【2ch馴れ初め】食材の声が聞こえる不思議な姪を預かったフレンチシェフの俺→アドバイスの通りしたら...店が三つ星になった結果【ゆっくり】,5961,maxresdefault,E:\Data\ObsidianVault\02_Channels\馴れ初めシネマ\競合チャンネル分析\企画リサーチ_20260605\gcs_upload_staging\naresome_thumbnails\-PCUnygdL28.jpg,323398,
8i85qn4cznE,2ch馴れ初め奇跡の出会い,【2ch馴れ初め】独居老人のゴミ屋敷を全部掃除した中卒清掃員の俺 →実はおばあさんが業界の重鎮だった結果 ...【ゆっくり】,5886,maxresdefault,E:\Data\ObsidianVault\02_Channels\馴れ初めシネマ\競合チャンネル分析\企画リサーチ_20260605\gcs_upload_staging\naresome_thumbnails\8i85qn4cznE.jpg,324176,
NU3hr8pf-_I,2ch 馴れ初め ストーリーズ,【2ch馴れ初め】予約をしたはずの高級レストランから追い出された俺と娘→ブチギレて総料理長親友に連絡した結果【ゆっくり】,5871,maxresdefault,E:\Data\ObsidianVault\02_Channels\馴れ初めシネマ\競合チャンネル分析\企画リサーチ_20260605\gcs_upload_staging\naresome_thumbnails\NU3hr8pf-_I.jpg,295120,
y_HBCeakU1Q,2ch馴れ初め感動シネマ,【2ch馴れ初め】文化祭の模擬店を1人で準備する学級委員 →実家がテキ屋一家の俺が手伝った結果...【2ch】【馴れ初め】【総集編】,5832,maxresdefault,E:\Data\ObsidianVault\02_Channels\馴れ初めシネマ\競合チャンネル分析\企画リサーチ_20260605\gcs_upload_staging\naresome_thumbnails\y_HBCeakU1Q.jpg,278931,
jyaIRf5S3oc,2ch馴れ初め感動シネマ,【2ch馴れ初め】ハッカーに攻撃され涙目で必死に対応する女性社員→無能清掃員で元天才エンジニアの俺が本気を出した結果...【2ch】【馴れ初め】【総集編】,5823,maxresdefault,E:\Data\ObsidianVault\02_Channels\馴れ初めシネマ\競合チャンネル分析\企画リサーチ_20260605\gcs_upload_staging\naresome_thumbnails\jyaIRf5S3oc.jpg,287187,
h1keMYMnNa8,2ch感動の馴れ初め話,【2ch馴れ初め】合コンで引き立て役にされた清掃員の俺、30分後、知り合いの社長令嬢が来た結果【ゆっくり動画】,5796,maxresdefault,E:\Data\ObsidianVault\02_Channels\馴れ初めシネマ\競合チャンネル分析\企画リサーチ_20260605\gcs_upload_staging\naresome_thumbnails\h1keMYMnNa8.jpg,307723,
gFScFLKDhMQ,2ch 馴れ初め ストーリーズ,【2ch馴れ初め総集編】毎朝元気に挨拶してくれる隣人の貧乏双子姉妹 → クリスマスにこっそりプレゼントを贈った結果2chほっこり馴れ初め人気馴れ初め動画まとめてみた！【作業用】【ゆっくり】,5781,maxresdefault,E:\Data\ObsidianVault\02_Channels\馴れ初めシネマ\競合チャンネル分析\企画リサーチ_20260605\gcs_upload_staging\naresome_thumbnails\gFScFLKDhMQ.jpg,235539,
CXdARhVJPWo,2ch馴れ初め感動シネマ,【2ch馴れ初め】華金の夜、1人すき焼きで晩酌していたら→ウチの老犬が見知らぬ赤ちゃんをくわえてきた結果...【2ch】【馴れ初め】【総集編】,5767,maxresdefault,E:\Data\ObsidianVault\02_Channels\馴れ初めシネマ\競合チャンネル分析\企画リサーチ_20260605\gcs_upload_staging\naresome_thumbnails\CXdARhVJPWo.jpg,270645,
6BvkXFNGQfU,ほろり感動馴れ初め話,【2ch馴れ初め】女医との合コンで馬鹿にされた清掃員の俺→5歳の少女が割って入ってきた結果…【ゆっくり】,5766,maxresdefault,E:\Data\ObsidianVault\02_Channels\馴れ初めシネマ\競合チャンネル分析\企画リサーチ_20260605\gcs_upload_staging\naresome_thumbnails\6BvkXFNGQfU.jpg,281984,
d-x3KWbO1Gc,2ch馴れ初め感動シネマ,【2ch馴れ初め 総集編】歓迎会で親がヤクザ組長と悪自慢する同僚にカマされる俺→組長弟で実は若頭の俺がブチギレた結果..... 大人気動画まとめ3選 【作業用】【ゆっくり】,5716,maxresdefault,E:\Data\ObsidianVault\02_Channels\馴れ初めシネマ\競合チャンネル分析\企画リサーチ_20260605\gcs_upload_staging\naresome_thumbnails\d-x3KWbO1Gc.jpg,249077,
KZIGl4lG7dU,2chの感動馴初め話,両親が他界し残された0才児の妹→大学生の俺が父親になった結果…【2ch馴れ初め】【ゆっくり解説】,5714,maxresdefault,E:\Data\ObsidianVault\02_Channels\馴れ初めシネマ\競合チャンネル分析\企画リサーチ_20260605\gcs_upload_staging\naresome_thumbnails\KZIGl4lG7dU.jpg,238591,
c5dZY8yu4D8,2chなれそめストーリー2.0,【2ch馴れ初め】車に轢かれそうなマドンナがを間一髪で助けた結果【ゆっくり解説】,5713,maxresdefault,E:\Data\ObsidianVault\02_Channels\馴れ初めシネマ\競合チャンネル分析\企画リサーチ_20260605\gcs_upload_staging\naresome_thumbnails\c5dZY8yu4D8.jpg,207396,
qol2xv6Oh0A,2ch馴れ初め感動シネマ,【2ch馴れ初め 総集編】90人分の花見弁当をドタキャンされた貧乏親子→隣で花見をしていた若頭の俺が全部買い取った結果..... 大人気動画まとめ3選 【作業用】【ゆっくり】,5711,maxresdefault,E:\Data\ObsidianVault\02_Channels\馴れ初めシネマ\競合チャンネル分析\企画リサーチ_20260605\gcs_upload_staging\naresome_thumbnails\qol2xv6Oh0A.jpg,261897,
xLT7AnKBzIY,2ch馴れ初めゆっくりで最愛,【2ch 馴れ初め】拾ったタダ券で芋天を食べるボロボロな双子少女→店主の俺が特大エビ天うどんをご馳走した結果【ゆっくり】,5708,maxresdefault,E:\Data\ObsidianVault\02_Channels\馴れ初めシネマ\競合チャンネル分析\企画リサーチ_20260605\gcs_upload_staging\naresome_thumbnails\xLT7AnKBzIY.jpg,269829,
2m9vLvCH8Uc,2ch馴れ初めタイムトラベル,【2ch馴れ初め】みるみる痩せる隣の生活保護の３姉妹 →俺が営む牛丼屋に連れて行った結果...【ゆっくり】,5706,maxresdefault,E:\Data\ObsidianVault\02_Channels\馴れ初めシネマ\競合チャンネル分析\企画リサーチ_20260605\gcs_upload_staging\naresome_thumbnails\2m9vLvCH8Uc.jpg,278278,
-6S_QYv_pos,2ch馴れ初めゆっくりで最愛,【2ch 馴れ初め】ゲリラ豪雨の夜、ダンボロールで雨を凌ぐボロボロな母娘→男飯のカレーと空き部屋を提供した結果【ゆっくり】,5699,maxresdefault,E:\Data\ObsidianVault\02_Channels\馴れ初めシネマ\競合チャンネル分析\企画リサーチ_20260605\gcs_upload_staging\naresome_thumbnails\-6S_QYv_pos.jpg,276286,
03KgqY69LYk,2ch馴れ初め感動シネマ,【2ch馴れ初め】危険な〇麻草を押し売りに来たボロボロの貧乏双子→廃業寸前の畳屋の俺が丸ごと買い取り、栽培した結果,5693,maxresdefault,E:\Data\ObsidianVault\02_Channels\馴れ初めシネマ\競合チャンネル分析\企画リサーチ_20260605\gcs_upload_staging\naresome_thumbnails\03KgqY69LYk.jpg,249626,
wsF--_V5fVo,2ch馴れ初めゆっくりで最愛,【2ch馴れ初め】三つ星料理店をクビになった廃人寸前の貧乏シンママ→俺のボロボロの中華料理屋で住み込みで雇った結果【ゆっくり】,5658,maxresdefault,E:\Data\ObsidianVault\02_Channels\馴れ初めシネマ\競合チャンネル分析\企画リサーチ_20260605\gcs_upload_staging\naresome_thumbnails\wsF--_V5fVo.jpg,275764,
pBUgX5Vnbxs,ほろり感動馴れ初め話,【2ch馴れ初め】誰にでも笑顔で話しかける無邪気な2歳児→最恐レディースチームの頭を虜にした結果【ゆっくり】,5633,maxresdefault,E:\Data\ObsidianVault\02_Channels\馴れ初めシネマ\競合チャンネル分析\企画リサーチ_20260605\gcs_upload_staging\naresome_thumbnails\pBUgX5Vnbxs.jpg,286641,
bkhYembgkzs,2ch馴れ初め感動シネマ,【2ch馴れ初め】前世の記憶を持つ3歳の双子の娘が住所を話すので、連れて行ったらヤクザ事務所だった結果…【2ch】【馴れ初め】【総集編】,5631,maxresdefault,E:\Data\ObsidianVault\02_Channels\馴れ初めシネマ\競合チャンネル分析\企画リサーチ_20260605\gcs_upload_staging\naresome_thumbnails\bkhYembgkzs.jpg,280303,
JfNj5AuAnvo,2ch 馴れ初め ストーリーズ,【2ch馴れ初め】姉が押し付けてきた喋らず笑わない姪の少女→俺の牧場を手伝ってもらったら   驚きの変化があった結果【ゆっくり】,5602,maxresdefault,E:\Data\ObsidianVault\02_Channels\馴れ初めシネマ\競合チャンネル分析\企画リサーチ_20260605\gcs_upload_staging\naresome_thumbnails\JfNj5AuAnvo.jpg,343150,
QTPIWEKbcj0,2ch馴れ初めタイムトラベル,【2ch馴れ初め】怪我をしている猫を保護し送り届けると→学校一の不良娘がヤ〇ザ事務所から出てきた結果...【ゆっくり】,5597,maxresdefault,E:\Data\ObsidianVault\02_Channels\馴れ初めシネマ\競合チャンネル分析\企画リサーチ_20260605\gcs_upload_staging\naresome_thumbnails\QTPIWEKbcj0.jpg,357294,
PMfa_XEXBWs,2ch馴れ初めゆっくりで最愛,【2ch 馴れ初め】連勤明けの週末、すき焼きで1人晩酌中、窓に張り付く双子少女→放っておけずお腹いっぱい食べさせてあげた結果【ゆっくり】,5587,maxresdefault,E:\Data\ObsidianVault\02_Channels\馴れ初めシネマ\競合チャンネル分析\企画リサーチ_20260605\gcs_upload_staging\naresome_thumbnails\PMfa_XEXBWs.jpg,296738,
IGEExjxr3yE,2chなれそめストーリー2.0,【２ch馴れ初め】プールでバイト中に水着が流されてしまった巨乳美女を助けた結果【ゆっくり解説】,5550,maxresdefault,E:\Data\ObsidianVault\02_Channels\馴れ初めシネマ\競合チャンネル分析\企画リサーチ_20260605\gcs_upload_staging\naresome_thumbnails\IGEExjxr3yE.jpg,209838,
rUI-fsZ97m0,2ch馴れ初め奇跡の出会い,【2ch馴れ初め】上司にハメられクビになった俺とパート女性→彼女を誘い二人で独立した結果 ...【ゆっくり】,5550,maxresdefault,E:\Data\ObsidianVault\02_Channels\馴れ初めシネマ\競合チャンネル分析\企画リサーチ_20260605\gcs_upload_staging\naresome_thumbnails\rUI-fsZ97m0.jpg,309961,
5_22fBZirLE,2ch 馴れ初め ストーリーズ,【2ch馴れ初め】隣に引っ越してきた1歳の赤ちゃんを連れた貧乏シンママ→母と妹を事故で亡くした4歳の愛娘が本当の家族のように接した結果【ゆっくり】,5548,maxresdefault,E:\Data\ObsidianVault\02_Channels\馴れ初めシネマ\競合チャンネル分析\企画リサーチ_20260605\gcs_upload_staging\naresome_thumbnails\5_22fBZirLE.jpg,232604,
K-Kj1fcG82k,2ch馴れ初め感動シネマ,【2ch馴れ初め】運動会の昼食で1人ぼっちをバカにされる娘→数秒後、組長の俺が本気を出した結果...【2ch】【馴れ初め】【総集編】,5544,maxresdefault,E:\Data\ObsidianVault\02_Channels\馴れ初めシネマ\競合チャンネル分析\企画リサーチ_20260605\gcs_upload_staging\naresome_thumbnails\K-Kj1fcG82k.jpg,261480,
WGMIzFl7I4c,2ch 馴れ初め ストーリーズ,【2ch馴れ初め】不当な借金取り立てに苦しむ隣人の美人シンママ母娘→実は敏腕弁護士の俺が正体を明かした結果【ゆっくり】,5526,maxresdefault,E:\Data\ObsidianVault\02_Channels\馴れ初めシネマ\競合チャンネル分析\企画リサーチ_20260605\gcs_upload_staging\naresome_thumbnails\WGMIzFl7I4c.jpg,217795,
voUAbWY6vZU,2chなれそめストーリー2.0,【2ch馴れ初め】スーパーで必死に鮭を売る美人熟女、店長の俺が買い占めたら」本人を売り込まれてきた結果【ゆっくり解説】,5522,maxresdefault,E:\Data\ObsidianVault\02_Channels\馴れ初めシネマ\競合チャンネル分析\企画リサーチ_20260605\gcs_upload_staging\naresome_thumbnails\voUAbWY6vZU.jpg,266518,
95zDaqVcPfQ,2ch 馴れ初め ストーリーズ,【2ch馴れ初め】大雪の夜、閉店間際のおでん屋台に入ってた母娘 →放っておけずアツアツおでんを振舞った結果【ゆっくり】,5517,maxresdefault,E:\Data\ObsidianVault\02_Channels\馴れ初めシネマ\競合チャンネル分析\企画リサーチ_20260605\gcs_upload_staging\naresome_thumbnails\95zDaqVcPfQ.jpg,354350,
mm8s4FLBf50,2ch馴れ初めタイムトラベル,【2ch馴れ初め】最終面接で片親を理由に不採用にされた俺 →お望み通り父（SAT）を呼び出した結果...【ゆっくり】,5514,maxresdefault,E:\Data\ObsidianVault\02_Channels\馴れ初めシネマ\競合チャンネル分析\企画リサーチ_20260605\gcs_upload_staging\naresome_thumbnails\mm8s4FLBf50.jpg,259920,
zfZ8DP-e2Jw,ほろり感動馴れ初め話,【2ch馴れ初め】川で溺れる少女を助けた還暦のワシ→後日、初恋の同級生が現れた結果【ゆっくり】,5487,maxresdefault,E:\Data\ObsidianVault\02_Channels\馴れ初めシネマ\競合チャンネル分析\企画リサーチ_20260605\gcs_upload_staging\naresome_thumbnails\zfZ8DP-e2Jw.jpg,283327,
Fyj2tXovIgE,2ch 馴れ初め ストーリーズ,【2ch馴れ初め】妹の誕プレを買うために宝物を売るボロボロ少女→妻子を亡くした俺が全部買い取った結果【ゆっくり】,5483,maxresdefault,E:\Data\ObsidianVault\02_Channels\馴れ初めシネマ\競合チャンネル分析\企画リサーチ_20260605\gcs_upload_staging\naresome_thumbnails\Fyj2tXovIgE.jpg,242533,
WkWI3uoOQs4,ほろり感動馴れ初め話,【2ch馴れ初め】かつて貧乏で凍える俺にマフラーをくれた女子高生→15年後に俺の洋食店で再会した結果【ゆっくり】,5482,maxresdefault,E:\Data\ObsidianVault\02_Channels\馴れ初めシネマ\競合チャンネル分析\企画リサーチ_20260605\gcs_upload_staging\naresome_thumbnails\WkWI3uoOQs4.jpg,332984,
TidsI7yJlpo,2ch 馴れ初め ストーリーズ,【2ch馴れ初め】台風の夜、無一文で空き家の祖父母宅にいた母娘→見過ごせずに家の管理を任せた結果【ゆっくり】,5464,maxresdefault,E:\Data\ObsidianVault\02_Channels\馴れ初めシネマ\競合チャンネル分析\企画リサーチ_20260605\gcs_upload_staging\naresome_thumbnails\TidsI7yJlpo.jpg,333289,
j1DE8gPSO38,2ch馴れ初めゆっくりで最愛,【2ch 馴れ初め】大親友に裏切られ全社員引き抜かれ独りぼっちになった廃業寸前の女社長→陰キャキモオタエンジニアの俺が本気を出した結果【ゆっくり】,5459,maxresdefault,E:\Data\ObsidianVault\02_Channels\馴れ初めシネマ\競合チャンネル分析\企画リサーチ_20260605\gcs_upload_staging\naresome_thumbnails\j1DE8gPSO38.jpg,279924,
BCXLo6GUyLg,2ch馴れ初め感動シネマ,【2ch馴れ初め 総集編】妹の保育園の送迎中、当たり屋に追突され脅される俺→組長娘の妹が父親に電話を掛けた結果..... 大人気動画まとめ3選 【作業用】【ゆっくり】,5436,maxresdefault,E:\Data\ObsidianVault\02_Channels\馴れ初めシネマ\競合チャンネル分析\企画リサーチ_20260605\gcs_upload_staging\naresome_thumbnails\BCXLo6GUyLg.jpg,252065,
v19kU0sYA40,2chの感動馴初め話,家族を事故で失い独りぼっちになった隣人の不良娘→大家族の俺が姉弟のように一緒に暮らした結果【2ch馴れ初め】【ゆっくり解説】,5398,maxresdefault,E:\Data\ObsidianVault\02_Channels\馴れ初めシネマ\競合チャンネル分析\企画リサーチ_20260605\gcs_upload_staging\naresome_thumbnails\v19kU0sYA40.jpg,255208,
iygLjXQ3Chg,2ch 馴れ初め ストーリーズ,【2ch馴れ初め】両親を亡くし、遺産だけ奪われ施設送りにされそうな双子姉妹→近所でニート扱い、実は社長の俺が一肌脱いだ結果【ゆっくり】,5392,maxresdefault,E:\Data\ObsidianVault\02_Channels\馴れ初めシネマ\競合チャンネル分析\企画リサーチ_20260605\gcs_upload_staging\naresome_thumbnails\iygLjXQ3Chg.jpg,242893,
fsXlr-hmEcs,2ch 馴れ初め ストーリーズ,【2ch馴れ初め総集編】弟が亡くなり孤独になった姪姉妹→旅館を継ぐため故郷に戻る俺が引き取った結果2ch可愛い子供馴れ初め人気動画【作業用】【睡眠用】【ゆっくり】,5390,maxresdefault,E:\Data\ObsidianVault\02_Channels\馴れ初めシネマ\競合チャンネル分析\企画リサーチ_20260605\gcs_upload_staging\naresome_thumbnails\fsXlr-hmEcs.jpg,356697,
TQdrV2OcYnw,2ch 馴れ初め ストーリーズ,【2ch馴れ初め】山奥の客ゼロなボロ旅館に迷い込んだ俺と娘→三つ星レストランの元料理長の俺が手を貸した結果【ゆっくり】,5371,maxresdefault,E:\Data\ObsidianVault\02_Channels\馴れ初めシネマ\競合チャンネル分析\企画リサーチ_20260605\gcs_upload_staging\naresome_thumbnails\TQdrV2OcYnw.jpg,333072,
M6JVU6WC3lU,2ch馴れ初めゆっくりで最愛,【2ch馴れ初め】両親が他界し、心を閉ざした5歳姪っ子の父親になった俺→憧れの美人同期と協力し同棲した結果【ゆっくり】,5368,maxresdefault,E:\Data\ObsidianVault\02_Channels\馴れ初めシネマ\競合チャンネル分析\企画リサーチ_20260605\gcs_upload_staging\naresome_thumbnails\M6JVU6WC3lU.jpg,272641,
tbCpHX1vao0,ほろり感動馴れ初め話,【2ch馴れ初め】社長に頼まれノリノリでお見合いした俺→80歳と4歳の少女が現れた結果【ゆっくり】,5360,maxresdefault,E:\Data\ObsidianVault\02_Channels\馴れ初めシネマ\競合チャンネル分析\企画リサーチ_20260605\gcs_upload_staging\naresome_thumbnails\tbCpHX1vao0.jpg,281951,
oarNAJej0QA,2ch 馴れ初め ストーリーズ,【2ch馴れ初め】自転車が壊れ号泣する4歳のボロボロ双子→亡き娘の形見の自転車を譲った結果…【ゆっくり】,5358,maxresdefault,E:\Data\ObsidianVault\02_Channels\馴れ初めシネマ\競合チャンネル分析\企画リサーチ_20260605\gcs_upload_staging\naresome_thumbnails\oarNAJej0QA.jpg,238247,
vjMEjDQmrjQ,2ch 馴れ初め ストーリーズ,【2ch馴れ初め】家族に家から追い出されたボロボロの老婆→超有能だったので俺の旅館で雇った結果【ゆっくり】,5336,maxresdefault,E:\Data\ObsidianVault\02_Channels\馴れ初めシネマ\競合チャンネル分析\企画リサーチ_20260605\gcs_upload_staging\naresome_thumbnails\vjMEjDQmrjQ.jpg,257054,
tFOTwaMqQw0,俺たちの馴れ初め,【2ch馴れ初め】記憶を失った彼女を迎えに行ったら→まさかの事実が判明した結果...【ゆっくり】,5333,maxresdefault,E:\Data\ObsidianVault\02_Channels\馴れ初めシネマ\競合チャンネル分析\企画リサーチ_20260605\gcs_upload_staging\naresome_thumbnails\tFOTwaMqQw0.jpg,259032,
8Ga3L_ATtts,2ch馴れ初め感動シネマ,【2ch馴れ初め】ボロアパートに引っ越してきたシンママ貧乏母娘→少女の亡き父からの贈り物が届き続けた結果,5332,maxresdefault,E:\Data\ObsidianVault\02_Channels\馴れ初めシネマ\競合チャンネル分析\企画リサーチ_20260605\gcs_upload_staging\naresome_thumbnails\8Ga3L_ATtts.jpg,257327,
S4RXGRKHUR0,2ch 馴れ初め ストーリーズ,【2ch馴れ初め】亡き母から継いだ唐揚げを一口食べて大号泣する姪を預かった赤字店の俺→言う通りに改善したら1日1000個売れる大行列店になった結果【ゆっくり】,5319,maxresdefault,E:\Data\ObsidianVault\02_Channels\馴れ初めシネマ\競合チャンネル分析\企画リサーチ_20260605\gcs_upload_staging\naresome_thumbnails\S4RXGRKHUR0.jpg,316020,
oXAi0Wye64Y,2ch馴れ初め感動シネマ,【2ch馴れ初め総集編】大雪の日、サービスエリアで大号泣する受験生→トラック運転手の俺が300㎞の距離を送り届けた結果.... 大人気動画まとめ5選 【作業用】【ゆっくり】,5318,maxresdefault,E:\Data\ObsidianVault\02_Channels\馴れ初めシネマ\競合チャンネル分析\企画リサーチ_20260605\gcs_upload_staging\naresome_thumbnails\oXAi0Wye64Y.jpg,240141,
yO9kw2LgZ2U,2ch馴れ初め感動シネマ,【2ch馴れ初め】姉夫婦に発達障害だと捨てられた5歳の姪→俺が引き取り壊れたギターを渡した結果...【2ch】【馴れ初め】【総集編】,5313,maxresdefault,E:\Data\ObsidianVault\02_Channels\馴れ初めシネマ\競合チャンネル分析\企画リサーチ_20260605\gcs_upload_staging\naresome_thumbnails\yO9kw2LgZ2U.jpg,264672,
Ew8K2WrQJio,ほろり感動馴れ初め話,【2ch馴れ初め】5歳で両親を亡くし心を失った俺→キャバ嬢のシングルマザーの叔母に引き取られた結果【ゆっくり解説】,5265,maxresdefault,E:\Data\ObsidianVault\02_Channels\馴れ初めシネマ\競合チャンネル分析\企画リサーチ_20260605\gcs_upload_staging\naresome_thumbnails\Ew8K2WrQJio.jpg,233323,
vBUxVaMEXw0,2chなれそめストーリー2.0,【2ch馴れ初め】超絶可愛いコンビニ店員のお悩み解決したら、お買い上げされたったwww【ゆっくり】,5243,maxresdefault,E:\Data\ObsidianVault\02_Channels\馴れ初めシネマ\競合チャンネル分析\企画リサーチ_20260605\gcs_upload_staging\naresome_thumbnails\vBUxVaMEXw0.jpg,207650,
n1L29Kh3wOA,2ch 馴れ初め ストーリーズ,【2ch馴れ初め】施設のYouTubeチャンネルで「パパを探してましゅ！」と訴える4歳の双子→離婚した元妻が引き取った俺の娘だった結果【ゆっくり】,5223,maxresdefault,E:\Data\ObsidianVault\02_Channels\馴れ初めシネマ\競合チャンネル分析\企画リサーチ_20260605\gcs_upload_staging\naresome_thumbnails\n1L29Kh3wOA.jpg,249825,
tn0hOmNnT9I,2ch馴れ初めゆっくりで最愛,【2ch馴れ初め】極寒の夜、キャンプ場で置き去りにされ途方に暮れるボロボロの女性→俺のテントで保護し、焚き火で作った熱々ポトフを振る舞った結果… 【ゆっくり】,5221,maxresdefault,E:\Data\ObsidianVault\02_Channels\馴れ初めシネマ\競合チャンネル分析\企画リサーチ_20260605\gcs_upload_staging\naresome_thumbnails\tn0hOmNnT9I.jpg,294976,
S_HccZMBGeQ,馴れ初め公園,【馴れ初め】海外赴任が終わり、1年ぶりに帰国した俺→見知らぬ親子が普通に生活してた結果…【ゆっくり】,5217,maxresdefault,E:\Data\ObsidianVault\02_Channels\馴れ初めシネマ\競合チャンネル分析\企画リサーチ_20260605\gcs_upload_staging\naresome_thumbnails\S_HccZMBGeQ.jpg,305158,
ClfGrPGJKs8,2ch馴れ初め感動シネマ,【2ch馴れ初め】保育園の休園で3歳の妹を連れて登校した陰キャの俺→妹が学校一のスケバンを「ママ」と呼び膝の上にダイブした結果...【2ch】【馴れ初め】【総集編】,5201,maxresdefault,E:\Data\ObsidianVault\02_Channels\馴れ初めシネマ\競合チャンネル分析\企画リサーチ_20260605\gcs_upload_staging\naresome_thumbnails\ClfGrPGJKs8.jpg,256527,
NCFq5UvZ0lE,2ch馴れ初めゆっくりで最愛,【2ch馴れ初め】母親の誕生日をスープだけでお祝いするボロボロの貧乏少女 有名店シェフの俺が 特製フルコースをお腹いっぱい振る舞った結果【ゆっくり】,5198,maxresdefault,E:\Data\ObsidianVault\02_Channels\馴れ初めシネマ\競合チャンネル分析\企画リサーチ_20260605\gcs_upload_staging\naresome_thumbnails\NCFq5UvZ0lE.jpg,273284,
lrrPxCqUTVw,2ch馴れ初めムービー,【２ｃｈ馴れ初め】部長の頼みを断れず社内一の地味女とお見合い→即日お断りしようとした結果【ゆっくり】,5196,maxresdefault,E:\Data\ObsidianVault\02_Channels\馴れ初めシネマ\競合チャンネル分析\企画リサーチ_20260605\gcs_upload_staging\naresome_thumbnails\lrrPxCqUTVw.jpg,261109,
r8K4XJVQmCU,馴れ初め公園,【馴れ初め】高級ベーカリーで入店拒否されたジャージ姿の母娘→小さなパン屋を営む俺が声をかけた結果…【ゆっくり】,5196,maxresdefault,E:\Data\ObsidianVault\02_Channels\馴れ初めシネマ\競合チャンネル分析\企画リサーチ_20260605\gcs_upload_staging\naresome_thumbnails\r8K4XJVQmCU.jpg,326103,
WmoSEqwBdoE,馴れ初め公園,【馴れ初め】大病院で後回しにされ突然苦しみ出した女性→元天才外科医、現警備員の俺が命を救った結果…【ゆっくり】,5191,maxresdefault,E:\Data\ObsidianVault\02_Channels\馴れ初めシネマ\競合チャンネル分析\企画リサーチ_20260605\gcs_upload_staging\naresome_thumbnails\WmoSEqwBdoE.jpg,334602,
8ew0iY0Osy4,2ch 馴れ初め ストーリーズ,【2ch馴れ初め】お遊戯会を母親に見て貰えなくて泣いている娘の友達→俺が娘と一緒にお遊戯を撮影した結果【ゆっくり】,5153,maxresdefault,E:\Data\ObsidianVault\02_Channels\馴れ初めシネマ\競合チャンネル分析\企画リサーチ_20260605\gcs_upload_staging\naresome_thumbnails\8ew0iY0Osy4.jpg,209420,
nA9x-6hjK4U,馴れ初め公園,【馴れ初め】キャンプ場で火が起きず涙目で震えるソロ女子キャンパー→ベテランキャンパーの俺たち親子が声を掛けた結果…【ゆっくり】,5136,maxresdefault,E:\Data\ObsidianVault\02_Channels\馴れ初めシネマ\競合チャンネル分析\企画リサーチ_20260605\gcs_upload_staging\naresome_thumbnails\nA9x-6hjK4U.jpg,310812,
NzIXy5YX2P0,2ch馴れ初めゆっくりで最愛,【2ch 馴れ初め】親戚夫婦に店も財産も奪われたボロボロ老夫婦 娘の直感で俺の日本料理屋で即採用した結果【ゆっくり】,5099,maxresdefault,E:\Data\ObsidianVault\02_Channels\馴れ初めシネマ\競合チャンネル分析\企画リサーチ_20260605\gcs_upload_staging\naresome_thumbnails\NzIXy5YX2P0.jpg,257694,
av_TVy5hqvI,2ch馴れ初めタイムトラベル,【2ch馴れ初め】1人だけゴミ箱の中で仕事をする美人社員→グループ会長の俺がブチギレた結果…【ゆっくり】,5078,maxresdefault,E:\Data\ObsidianVault\02_Channels\馴れ初めシネマ\競合チャンネル分析\企画リサーチ_20260605\gcs_upload_staging\naresome_thumbnails\av_TVy5hqvI.jpg,243407,
KKmwU-XSFEQ,俺たちの馴れ初め,【2ch馴れ初め】繁華街にある廃業寸前の和食店→元インテリアデザイナーの俺が改装した結果...【ゆっくり】,5074,maxresdefault,E:\Data\ObsidianVault\02_Channels\馴れ初めシネマ\競合チャンネル分析\企画リサーチ_20260605\gcs_upload_staging\naresome_thumbnails\KKmwU-XSFEQ.jpg,319467,
35kkgKktNUw,2ch馴れ初めゆっくりで最愛,【2ch 馴れ初め】20年勤めた会社をクビになった敏腕エンジニアの俺→退職日に清掃員の婆さんに声を掛けられた結果【ゆっくり】,5073,maxresdefault,E:\Data\ObsidianVault\02_Channels\馴れ初めシネマ\競合チャンネル分析\企画リサーチ_20260605\gcs_upload_staging\naresome_thumbnails\35kkgKktNUw.jpg,273052,
iE_dGowGB3I,2ch馴れ初め感動シネマ,【2ch馴れ初め】ヤクザ事務所に間違い電話する青あざ少女→若頭の俺が大量の部下をお届けした結果...【2ch】【馴れ初め】【総集編】,5073,maxresdefault,E:\Data\ObsidianVault\02_Channels\馴れ初めシネマ\競合チャンネル分析\企画リサーチ_20260605\gcs_upload_staging\naresome_thumbnails\iE_dGowGB3I.jpg,265789,
oc7-DBP-b2Q,2chの感動馴初め話,【2ch馴れ初め】事故で記憶を失くした俺→知らない女性と少女が現れた結果…【ゆっくり】,5068,maxresdefault,E:\Data\ObsidianVault\02_Channels\馴れ初めシネマ\競合チャンネル分析\企画リサーチ_20260605\gcs_upload_staging\naresome_thumbnails\oc7-DBP-b2Q.jpg,255804,
O2U8EbJ4gp8,2ch 馴れ初め ストーリーズ,【2ch馴れ初め】営業に来た他社社員から底辺清掃員と勘違いされた俺→ブチギレて俺の仕事場社長室で話そうと提案した結果【ゆっくり】,5064,maxresdefault,E:\Data\ObsidianVault\02_Channels\馴れ初めシネマ\競合チャンネル分析\企画リサーチ_20260605\gcs_upload_staging\naresome_thumbnails\O2U8EbJ4gp8.jpg,218714,
wblxZC9yk7k,2ch 馴れ初め ストーリーズ,【2ch馴れ初め】SNSでバズった俺の洋菓子店に現れた貧乏母娘→人手不足なので住み込みで雇った結果【ゆっくり】,5049,maxresdefault,E:\Data\ObsidianVault\02_Channels\馴れ初めシネマ\競合チャンネル分析\企画リサーチ_20260605\gcs_upload_staging\naresome_thumbnails\wblxZC9yk7k.jpg,329157,
aLzXRncQAug,2ch馴れ初めゆっくりで最愛,【2ch馴れ初め】大雪警報の夜、東京駅で迷子になった娘の面倒を見てくれたホームレス女性→飲食店経営の俺が住み込みで雇った結果【ゆっくり】,5039,maxresdefault,E:\Data\ObsidianVault\02_Channels\馴れ初めシネマ\競合チャンネル分析\企画リサーチ_20260605\gcs_upload_staging\naresome_thumbnails\aLzXRncQAug.jpg,295564,
9YAoQmRlU74,2ch 馴れ初め ストーリーズ,【2ch馴れ初め】子供の頃、貧乏だった俺にご飯をくれた幼馴染→約30年後、大企業社長になった俺があの店の前で再会した結果【ゆっくり】,5035,maxresdefault,E:\Data\ObsidianVault\02_Channels\馴れ初めシネマ\競合チャンネル分析\企画リサーチ_20260605\gcs_upload_staging\naresome_thumbnails\9YAoQmRlU74.jpg,331467,
ApiXooLrNqg,2ch 馴れ初め ストーリーズ,【2ch馴れ初め】震災で妻子を失った俺が、災害ボランティアに参加→両親を喪った4歳の双子姉妹と家族になっ た結果【ゆっくり】,5016,maxresdefault,E:\Data\ObsidianVault\02_Channels\馴れ初めシネマ\競合チャンネル分析\企画リサーチ_20260605\gcs_upload_staging\naresome_thumbnails\ApiXooLrNqg.jpg,254343,
uPOKuMRG_zs,2ch馴れ初めゆっくりで最愛,【2ch 馴れ初め】前世の記憶を持つ3歳の双子の娘が天敵のギャル社員に会った結果【ゆっくり】,5015,maxresdefault,E:\Data\ObsidianVault\02_Channels\馴れ初めシネマ\競合チャンネル分析\企画リサーチ_20260605\gcs_upload_staging\naresome_thumbnails\uPOKuMRG_zs.jpg,287214,
vw91x8ADXso,馴れ初め公園,【馴れ初め】1人暮らしで車椅子生活の母の家を毎日掃除しに来てくれる双子姉妹→いつも破けたバッグなので新品のランドセルをプレゼントした結果…【ゆっくり】,4999,maxresdefault,E:\Data\ObsidianVault\02_Channels\馴れ初めシネマ\競合チャンネル分析\企画リサーチ_20260605\gcs_upload_staging\naresome_thumbnails\vw91x8ADXso.jpg,342085,
mPAZn-f27XY,2ch馴れ初めゆっくりで最愛,【2ch 馴れ初め】取引先懇親会で罵声を浴びるかつて天才と呼ばれていた幼馴染→製造会社社長の俺が秘書として雇った結果【ゆっくり】,4994,maxresdefault,E:\Data\ObsidianVault\02_Channels\馴れ初めシネマ\競合チャンネル分析\企画リサーチ_20260605\gcs_upload_staging\naresome_thumbnails\mPAZn-f27XY.jpg,253058,
q-ivFMPaBpc,2chなれそめストーリー2.0,【2ch馴れ初め】カフェで仕事をサボっていたら偶然鬼上司に遭遇、見逃してもらう代わりに朝まで出されまくった結果【ゆっくり解説】【作業用/総集編】,4990,maxresdefault,E:\Data\ObsidianVault\02_Channels\馴れ初めシネマ\競合チャンネル分析\企画リサーチ_20260605\gcs_upload_staging\naresome_thumbnails\q-ivFMPaBpc.jpg,291079,
iMOz6NRVsfQ,2ch 馴れ初め ストーリーズ,【2ch馴れ初め】寒空の下で凍える幼馴染と再会したので、自宅に連れて帰って同棲した結果   彼女になった【ゆっくり】,4965,maxresdefault,E:\Data\ObsidianVault\02_Channels\馴れ初めシネマ\競合チャンネル分析\企画リサーチ_20260605\gcs_upload_staging\naresome_thumbnails\iMOz6NRVsfQ.jpg,241089,
1N6rkq-U6ps,2chなれそめストーリー2.0,【2ch馴れ初め】ツンデレの幼馴染と家で二人きりになったら予想外の展開になった【ゆっくり解説】,4962,maxresdefault,E:\Data\ObsidianVault\02_Channels\馴れ初めシネマ\競合チャンネル分析\企画リサーチ_20260605\gcs_upload_staging\naresome_thumbnails\1N6rkq-U6ps.jpg,214177,
vdprfqpfCYs,2ch馴れ初めゆっくりで最愛,【2ch馴れ初め】亡き妻と娘の服をゴミ袋から漁る隣の貧乏母娘→困っていそうだったので立ち上げた会社の服を大量に譲った結果【ゆっくり】,4962,maxresdefault,E:\Data\ObsidianVault\02_Channels\馴れ初めシネマ\競合チャンネル分析\企画リサーチ_20260605\gcs_upload_staging\naresome_thumbnails\vdprfqpfCYs.jpg,266944,
c7ejFQrwXYk,2ch 馴れ初め ストーリーズ,【2ch馴れ初め】兄夫婦が押し付けてきた心を閉ざした4歳の姪→俺が引き取り一緒に絵を描き始めると…驚きの変化があった結果【ゆっくり】,4958,maxresdefault,E:\Data\ObsidianVault\02_Channels\馴れ初めシネマ\競合チャンネル分析\企画リサーチ_20260605\gcs_upload_staging\naresome_thumbnails\c7ejFQrwXYk.jpg,318486,
XbJIuGzRlBk,2chなれそめストーリー2.0,【2ch馴れ初め】なんでもすぐに感じてしまう熟女→この後めちゃめちゃにしてやった結果【ゆっくり解説】【作業用/総集編】,4928,maxresdefault,E:\Data\ObsidianVault\02_Channels\馴れ初めシネマ\競合チャンネル分析\企画リサーチ_20260605\gcs_upload_staging\naresome_thumbnails\XbJIuGzRlBk.jpg,279594,
n6iR4qUDCDU,2chなれそめストーリー2.0,【2ch馴れ初め】デパ地下の隅っこの試食品コーナーで必死に熟女が営業していたので、毎日買いにいったら本人を買わされた【ゆっくり解説】,4927,maxresdefault,E:\Data\ObsidianVault\02_Channels\馴れ初めシネマ\競合チャンネル分析\企画リサーチ_20260605\gcs_upload_staging\naresome_thumbnails\n6iR4qUDCDU.jpg,235192,
O3mFDKssOA4,2ch馴れ初めゆっくりで最愛,【2ch 馴れ初め】記録的猛暑の夜、宿泊拒否をされ号泣するボロボロの母娘→キモオタ陰キャで大手ホテルチェーンを経営する俺が助けた結果【ゆっくり】,4924,maxresdefault,E:\Data\ObsidianVault\02_Channels\馴れ初めシネマ\競合チャンネル分析\企画リサーチ_20260605\gcs_upload_staging\naresome_thumbnails\O3mFDKssOA4.jpg,289421,
Xg9kWCMy2Y4,2ch馴れ初めゆっくりで最愛,【2ch 馴れ初め】ドラ息子にハメられ閉鎖間際の工場に左遷された俺→全システムを改良したら女社長が現れた結果【ゆっくり】,4906,maxresdefault,E:\Data\ObsidianVault\02_Channels\馴れ初めシネマ\競合チャンネル分析\企画リサーチ_20260605\gcs_upload_staging\naresome_thumbnails\Xg9kWCMy2Y4.jpg,250993,
Q6RTb-oI2AM,2ch馴れ初めラブレター,【2ch馴れ初め】母親の再婚相手に嫌がられ家を追い出された少女 →事故で妻子を亡くした俺が引き取った結果...【ゆっくり】,4903,maxresdefault,E:\Data\ObsidianVault\02_Channels\馴れ初めシネマ\競合チャンネル分析\企画リサーチ_20260605\gcs_upload_staging\naresome_thumbnails\Q6RTb-oI2AM.jpg,314489,
NFInH3HD9Gc,2ch感動の馴れ初め話,【2ch馴れ初め】片足欠損の娘を早朝に迎えに来てくれる貧乏少女、お礼に焼肉食べ放題をご馳走した結果【ゆっくり動画】,4902,maxresdefault,E:\Data\ObsidianVault\02_Channels\馴れ初めシネマ\競合チャンネル分析\企画リサーチ_20260605\gcs_upload_staging\naresome_thumbnails\NFInH3HD9Gc.jpg,289161,
B9-_ElGgrkk,馴れ初め公園,【馴れ初め】娘と田舎の実家に帰省したら→翌朝、縁側に見知らぬ赤ちゃんがいた結果…【ゆっくり】,4891,maxresdefault,E:\Data\ObsidianVault\02_Channels\馴れ初めシネマ\競合チャンネル分析\企画リサーチ_20260605\gcs_upload_staging\naresome_thumbnails\B9-_ElGgrkk.jpg,341448,
kfRQQtwxcak,2ch馴れ初め感動シネマ,【2ch馴れ初め】親戚をたらい回しにされていた姪を引き取った俺→美人同僚が住込みで助けてくれた結果,4889,maxresdefault,E:\Data\ObsidianVault\02_Channels\馴れ初めシネマ\競合チャンネル分析\企画リサーチ_20260605\gcs_upload_staging\naresome_thumbnails\kfRQQtwxcak.jpg,232715,
vQyKY9HmBRw,2ch馴れ初めムービー,【２ｃｈ馴れ初め】街で職質してきた美人婦警に→「俺も警察官だ！」と伝えた結果・・・【ゆっくり】,4886,maxresdefault,E:\Data\ObsidianVault\02_Channels\馴れ初めシネマ\競合チャンネル分析\企画リサーチ_20260605\gcs_upload_staging\naresome_thumbnails\vQyKY9HmBRw.jpg,264417,
PGhuMBqs5Is,2ch馴れ初め感動シネマ,【2ch馴れ初め】豪雨の深夜、号泣してバスを待つ裸足の金髪外国人美女→放っておけず家に泊まらせた結果,4867,maxresdefault,E:\Data\ObsidianVault\02_Channels\馴れ初めシネマ\競合チャンネル分析\企画リサーチ_20260605\gcs_upload_staging\naresome_thumbnails\PGhuMBqs5Is.jpg,262957,
HwwUR1X_LzI,2ch 馴れ初め ストーリーズ,【2ch馴れ初め】思い出の詰まった亡き祖母宅に移住することにした俺→ボロボロ母娘が住み着いていた結果【ゆっくり】,4844,maxresdefault,E:\Data\ObsidianVault\02_Channels\馴れ初めシネマ\競合チャンネル分析\企画リサーチ_20260605\gcs_upload_staging\naresome_thumbnails\HwwUR1X_LzI.jpg,247755,
xzQSZj9SUBc,2ch馴れ初め感動シネマ,【2ch馴れ初め】親のためにバイトを掛け持ちするヤンキー美女の同級生→心配なのでクラス委員の俺が実家に連れ帰った結果,4825,maxresdefault,E:\Data\ObsidianVault\02_Channels\馴れ初めシネマ\競合チャンネル分析\企画リサーチ_20260605\gcs_upload_staging\naresome_thumbnails\xzQSZj9SUBc.jpg,270342,
s224khrhyCE,2chなれそめストーリー2.0,【2ch馴れ初め】学校の体育祭でヤンキーJKが着替えていたドアをうっかり開けしまった結果【ゆっくり解説】,4823,maxresdefault,E:\Data\ObsidianVault\02_Channels\馴れ初めシネマ\競合チャンネル分析\企画リサーチ_20260605\gcs_upload_staging\naresome_thumbnails\s224khrhyCE.jpg,216167,
nsH8Gc4LF2s,2ch 馴れ初め ストーリーズ,【2ch馴れ初め】大雪の夜、俺のパン屋を訪ねてきたボロボロ双子→パンを振る舞うと「ママの味でしゅ！」と言われた結果【ゆっくり】,4806,maxresdefault,E:\Data\ObsidianVault\02_Channels\馴れ初めシネマ\競合チャンネル分析\企画リサーチ_20260605\gcs_upload_staging\naresome_thumbnails\nsH8Gc4LF2s.jpg,337031,
2mAEQ8Jmx9k,2ch 馴れ初め ストーリーズ,【2ch馴れ初め】ネグレクトを受ける双子を引き取り過労で入院した俺→お見舞いに来た美人同僚と双子が鉢合わせた【ゆっくり】,4797,maxresdefault,E:\Data\ObsidianVault\02_Channels\馴れ初めシネマ\競合チャンネル分析\企画リサーチ_20260605\gcs_upload_staging\naresome_thumbnails\2mAEQ8Jmx9k.jpg,244756,
mFmZiCy-_08,2ch 馴れ初め ストーリーズ,【2ch馴れ初め】叔母に押し切られ玉の輿狙いの子連れ女とお見合いする俺→貧乏人のフリをしたのに普通に歓迎された結果【ゆっくり】,4793,maxresdefault,E:\Data\ObsidianVault\02_Channels\馴れ初めシネマ\競合チャンネル分析\企画リサーチ_20260605\gcs_upload_staging\naresome_thumbnails\mFmZiCy-_08.jpg,244876,
rCqHK4TkxIY,2ch馴れ初めほっこり物語,【2ch馴れ初め】ガキ大将だった頃の、俺の思い出の場所に行ったら →泣き虫だった幼馴染に偶然再会した結果…【ゆっくり】,4779,maxresdefault,E:\Data\ObsidianVault\02_Channels\馴れ初めシネマ\競合チャンネル分析\企画リサーチ_20260605\gcs_upload_staging\naresome_thumbnails\rCqHK4TkxIY.jpg,350680,
OFhIqVEED4o,2chなれそめストーリー2.0,【2ch馴れ初め】旅館に泊まったら知らない美人女性の布団で寝てしまった！その後衝撃の展開に・・・。【ゆっくり解説】,4734,maxresdefault,E:\Data\ObsidianVault\02_Channels\馴れ初めシネマ\競合チャンネル分析\企画リサーチ_20260605\gcs_upload_staging\naresome_thumbnails\OFhIqVEED4o.jpg,210610,
EcD7UrDwBJc,2chなれそめストーリー2.0,【2ch馴れ初め】肝臓がんで移植しなければ余命3ヶ月宣告された俺→看護師が慰めてくれた結果【ゆっくり解説】,4712,hqdefault,E:\Data\ObsidianVault\02_Channels\馴れ初めシネマ\競合チャンネル分析\企画リサーチ_20260605\gcs_upload_staging\naresome_thumbnails\EcD7UrDwBJc.jpg,49955,
TG933Q1hbIQ,2chなれそめストーリー2.0,【2ch馴れ初め】友達だと思ってた幼馴染に「お前は女として見れない」と伝えた結果【ゆっくり解説】,4706,maxresdefault,E:\Data\ObsidianVault\02_Channels\馴れ初めシネマ\競合チャンネル分析\企画リサーチ_20260605\gcs_upload_staging\naresome_thumbnails\TG933Q1hbIQ.jpg,223659,
z1kVGnBhcdI,2ch 馴れ初め ストーリーズ,【2ch馴れ初め総集編】大雪の夜、ダンボールの中で震えていた双子の赤ちゃん → 愛犬が双子に寄り添い、家族になった結果2ch可愛い子供の馴れ初め人気馴れ初め動画【作業用】【睡眠用】【ゆっくり】,4704,maxresdefault,E:\Data\ObsidianVault\02_Channels\馴れ初めシネマ\競合チャンネル分析\企画リサーチ_20260605\gcs_upload_staging\naresome_thumbnails\z1kVGnBhcdI.jpg,348761,
HeCUmWtGW8M,馴れ初め公園,【馴れ初め】大雨の夜、パジャマ姿で夜逃げする少女→異変を感じ実家の温泉旅館に連れ帰った結果…【ゆっくり】,4686,maxresdefault,E:\Data\ObsidianVault\02_Channels\馴れ初めシネマ\競合チャンネル分析\企画リサーチ_20260605\gcs_upload_staging\naresome_thumbnails\HeCUmWtGW8M.jpg,325000,
nHFKCbSAiwI,2ch 馴れ初め ストーリーズ,【2ch馴れ初め】社長にオススメされた地味な女性とデートした俺→後日、彼女の驚きの正体が明らかに…【ゆっくり】,4683,maxresdefault,E:\Data\ObsidianVault\02_Channels\馴れ初めシネマ\競合チャンネル分析\企画リサーチ_20260605\gcs_upload_staging\naresome_thumbnails\nHFKCbSAiwI.jpg,213116,
9yR_pSdb0gg,2ch 馴れ初め ストーリーズ,【2ch馴れ初め】声を枯らして呼び込みをする洋食屋の小さな看板娘の双子→会社員の俺が社員10名で団体予約した結果【ゆっくり】,4646,maxresdefault,E:\Data\ObsidianVault\02_Channels\馴れ初めシネマ\競合チャンネル分析\企画リサーチ_20260605\gcs_upload_staging\naresome_thumbnails\9yR_pSdb0gg.jpg,235870,
SCX-aT_6hkQ,2chの感動馴初め話,【2ch馴れ初め】娘の治療費の為に身売りを考える母親、婚約破棄された俺が100万円の指輪をあげた結果…【ゆっくり】,4605,maxresdefault,E:\Data\ObsidianVault\02_Channels\馴れ初めシネマ\競合チャンネル分析\企画リサーチ_20260605\gcs_upload_staging\naresome_thumbnails\SCX-aT_6hkQ.jpg,248256,
3bH6VnvSlSg,2chなれそめストーリー2.0,【2ch馴れ初め】競馬で大負け中の巨乳競馬女子に勝ち方を伝授したら、お礼に一発やらせてくれた結果【ゆっくり解説】,4603,maxresdefault,E:\Data\ObsidianVault\02_Channels\馴れ初めシネマ\競合チャンネル分析\企画リサーチ_20260605\gcs_upload_staging\naresome_thumbnails\3bH6VnvSlSg.jpg,232850,
AKCzLN9i6vY,2chなれそめストーリー2.0,【2ch馴れ初め】学校一の美女と罰ゲームで付き合ったら、衝撃な展開になったんだが【ゆっくり解説】,4592,maxresdefault,E:\Data\ObsidianVault\02_Channels\馴れ初めシネマ\競合チャンネル分析\企画リサーチ_20260605\gcs_upload_staging\naresome_thumbnails\AKCzLN9i6vY.jpg,217977,
NbSt8ln4tMQ,2chなれそめストーリー2.0,【２ch馴れ初め】交通事故で両腕が使えなくなった俺に、幼馴染が下の世話してくれた結果【ゆっくり解説】,4588,maxresdefault,E:\Data\ObsidianVault\02_Channels\馴れ初めシネマ\競合チャンネル分析\企画リサーチ_20260605\gcs_upload_staging\naresome_thumbnails\NbSt8ln4tMQ.jpg,237945,
FmO_bBUrRw4,2chの感動馴初め話,夜の公園で泣いている貧乏な女の子に100円をあげた→次の日、学校一のヤンキー女から果たし状渡された結果…【2ch馴れ初め】【ゆっくり解説】,4575,maxresdefault,E:\Data\ObsidianVault\02_Channels\馴れ初めシネマ\競合チャンネル分析\企画リサーチ_20260605\gcs_upload_staging\naresome_thumbnails\FmO_bBUrRw4.jpg,264193,
j7OEhrzx6ms,2chの感動馴初め話,【2ch馴れ初め】同僚のお願いで仕方なく合コンに出席→両親を失った娘が突入してきた結果【ゆっくり】,4571,maxresdefault,E:\Data\ObsidianVault\02_Channels\馴れ初めシネマ\競合チャンネル分析\企画リサーチ_20260605\gcs_upload_staging\naresome_thumbnails\j7OEhrzx6ms.jpg,356968,
cNMm5cMD9TY,2ch馴れ初めゆっくりで最愛,【2ch 馴れ初め】深夜のファミレスで小さなパンを分け合うボロボロな姉妹→店長の俺が亡き娘が好きだったお子様ランチをご馳走してあげた結果【ゆっくり】,4566,maxresdefault,E:\Data\ObsidianVault\02_Channels\馴れ初めシネマ\競合チャンネル分析\企画リサーチ_20260605\gcs_upload_staging\naresome_thumbnails\cNMm5cMD9TY.jpg,275293,
jnzjtC8KH7o,2ch馴れ初めムービー,【２ｃｈ馴れ初め】台風の夜、車庫で震える見知らぬ双子姉妹→『ママがいないの・・・』肉じゃがを食べながら話し始めた真実に俺は凍りついた…【感動必至】,4563,maxresdefault,E:\Data\ObsidianVault\02_Channels\馴れ初めシネマ\競合チャンネル分析\企画リサーチ_20260605\gcs_upload_staging\naresome_thumbnails\jnzjtC8KH7o.jpg,290660,
-8rLg5apkbs,2ch馴れ初めゆっくりで最愛,【2ch 馴れ初め】銀行の歓送迎会で1人涙目の新人行員→契約社員の俺がブチギレた結果【ゆっくり】,4550,maxresdefault,E:\Data\ObsidianVault\02_Channels\馴れ初めシネマ\競合チャンネル分析\企画リサーチ_20260605\gcs_upload_staging\naresome_thumbnails\-8rLg5apkbs.jpg,293269,
B-tpRyQAJMY,2ch 馴れ初め ストーリーズ,【2ch馴れ初め】バスの中でDQN乗客に絡まれた車椅子母娘→ 運転手の俺がブチ切れた結果【ゆっくり】,4544,maxresdefault,E:\Data\ObsidianVault\02_Channels\馴れ初めシネマ\競合チャンネル分析\企画リサーチ_20260605\gcs_upload_staging\naresome_thumbnails\B-tpRyQAJMY.jpg,227308,
3qZ5E0GVvwQ,2ch馴れ初めタイムトラベル,【2ch馴れ初め】転校初日に担任に嘘つきとバカにされ5分で帰宅した娘→若頭の俺が100人の部下を引き連れ学校に乗り込んだ結果...【ゆっくり】,4485,maxresdefault,E:\Data\ObsidianVault\02_Channels\馴れ初めシネマ\競合チャンネル分析\企画リサーチ_20260605\gcs_upload_staging\naresome_thumbnails\3qZ5E0GVvwQ.jpg,282234,
y86-9XYqTqQ,2ch 馴れ初め ストーリーズ,【2ch馴れ初め】通勤中に痴漢冤罪に巻き込まれた俺→近くにいた双子姉妹が無実を証明してくれた結果【ゆっくり】,4482,maxresdefault,E:\Data\ObsidianVault\02_Channels\馴れ初めシネマ\競合チャンネル分析\企画リサーチ_20260605\gcs_upload_staging\naresome_thumbnails\y86-9XYqTqQ.jpg,226479,
AlidhVk51to,2ch 馴れ初め ストーリーズ,【2ch馴れ初め】車椅子が転倒してしまい保育園の面接に遅刻しそうな母娘→手を貸し、面接会場まで送り届けた結果【ゆっくり】,4480,maxresdefault,E:\Data\ObsidianVault\02_Channels\馴れ初めシネマ\競合チャンネル分析\企画リサーチ_20260605\gcs_upload_staging\naresome_thumbnails\AlidhVk51to.jpg,236875,
FqOcIGvZKWc,2ch馴れ初めムービー,【２ｃｈ馴れ初め】ホームセンターへ練炭を買いに来たボロボロ母娘→天涯孤独の俺が声をかけた結果【ゆっくり】,4473,maxresdefault,E:\Data\ObsidianVault\02_Channels\馴れ初めシネマ\競合チャンネル分析\企画リサーチ_20260605\gcs_upload_staging\naresome_thumbnails\FqOcIGvZKWc.jpg,265230,
0JNT3QSHkJQ,2ch馴れ初めムービー,【２ｃｈ馴れ初め】「コスパの悪い老人は不要だ！」とクビにされた守衛のお爺さん⇒新社長の俺が「特別顧問」として呼び戻し再雇用をお願いした結果【感動・ほっこり】,4472,maxresdefault,E:\Data\ObsidianVault\02_Channels\馴れ初めシネマ\競合チャンネル分析\企画リサーチ_20260605\gcs_upload_staging\naresome_thumbnails\0JNT3QSHkJQ.jpg,331038,
85ZYTPYtD4g,2ch馴れ初め感動シネマ,【2ch馴れ初め】修学旅行当日に置いてかれた貧乏ヤンキー娘→宿泊先ホテルのオーナー息子の俺がブチギレた結果...【2ch】【馴れ初め】【総集編】,4466,maxresdefault,E:\Data\ObsidianVault\02_Channels\馴れ初めシネマ\競合チャンネル分析\企画リサーチ_20260605\gcs_upload_staging\naresome_thumbnails\85ZYTPYtD4g.jpg,265284,
T6aCBQ3Wsw8,2ch馴れ初めゆっくりで最愛,【2ch 馴れ初め】突然銀行から融資を打ち切られ涙目の米屋の母娘→10年ぶりに海外から帰ってきた俺がブチ切れた結果【ゆっくり】,4461,maxresdefault,E:\Data\ObsidianVault\02_Channels\馴れ初めシネマ\競合チャンネル分析\企画リサーチ_20260605\gcs_upload_staging\naresome_thumbnails\T6aCBQ3Wsw8.jpg,276663,
pBubLdM61nI,2ch馴れ初め感動シネマ,【2ch馴れ初め 総集編】華金の夜、1人すき焼きで晩酌していたら→ウチの老犬が見知らぬ赤ちゃんをくわえてきた結果... 大人気動画まとめ3選 【作業用】【ゆっくり】,4450,maxresdefault,E:\Data\ObsidianVault\02_Channels\馴れ初めシネマ\競合チャンネル分析\企画リサーチ_20260605\gcs_upload_staging\naresome_thumbnails\pBubLdM61nI.jpg,250113,
9_1dHpPpdwE,2chの感動馴初め話,【2ch馴れ初め】事故で車椅子になった双子少女を預かった俺→見知らぬ女性を見て突然立ち上がった結果【ゆっくり】,4450,maxresdefault,E:\Data\ObsidianVault\02_Channels\馴れ初めシネマ\競合チャンネル分析\企画リサーチ_20260605\gcs_upload_staging\naresome_thumbnails\9_1dHpPpdwE.jpg,268905,
5q_Qwc0EvsE,馴れ初め公園,【馴れ初め】亡き姉夫婦の双子娘のランドセルを買いに来た俺→いつも怖い鬼女上司に見られた結果…【ゆっくり】,4435,maxresdefault,E:\Data\ObsidianVault\02_Channels\馴れ初めシネマ\競合チャンネル分析\企画リサーチ_20260605\gcs_upload_staging\naresome_thumbnails\5q_Qwc0EvsE.jpg,329898,
45evIW72nj8,2ch馴れ初め感動シネマ,【2ch馴れ初め総集編】修学旅行当日に置いてかれた貧乏ヤンキー娘→宿泊先ホテルのオーナー息子の俺がブチギレた結果.... 大人気動画まとめ5選 【作業用】【ゆっくり】,4430,maxresdefault,E:\Data\ObsidianVault\02_Channels\馴れ初めシネマ\競合チャンネル分析\企画リサーチ_20260605\gcs_upload_staging\naresome_thumbnails\45evIW72nj8.jpg,241392,
9xp4GHdQTc0,2ch馴れ初めタイムトラベル,【2ch馴れ初め】シンママが営むボロ弁当屋のチラシを配る盲目少女 →全国最大ヤクザの若頭の俺が常連になった結果...【ゆっくり】,4426,maxresdefault,E:\Data\ObsidianVault\02_Channels\馴れ初めシネマ\競合チャンネル分析\企画リサーチ_20260605\gcs_upload_staging\naresome_thumbnails\9xp4GHdQTc0.jpg,257320,
yXigPOKsIoo,2ch 馴れ初め ストーリーズ,【2ch馴れ初め総集編】極寒の夜、料金未払いで電気が止まった隣人の貧乏母娘 → 冬の間、住み込みで家政婦をして貰った結果2ch可愛い子供馴れ初め人気動画【作業用】【睡眠用】【ゆっくり】,4419,maxresdefault,E:\Data\ObsidianVault\02_Channels\馴れ初めシネマ\競合チャンネル分析\企画リサーチ_20260605\gcs_upload_staging\naresome_thumbnails\yXigPOKsIoo.jpg,367547,
CK1BWTomS9U,2ch馴れ初めゆっくりで最愛,【2ch馴れ初め】昔命がけで少女を助け、腕に大怪我をした陰キャの俺→美人転校生に突然声をかけられた結果【ゆっくり】,4419,maxresdefault,E:\Data\ObsidianVault\02_Channels\馴れ初めシネマ\競合チャンネル分析\企画リサーチ_20260605\gcs_upload_staging\naresome_thumbnails\CK1BWTomS9U.jpg,267574,
p6b8zNp1vTU,2ch馴れ初めタイムトラベル,【2ch馴れ初め】大雪の日、元妻の墓参りに来た俺→亡くなったはずの双子娘が墓前に倒れていた結果...【ゆっくり】,4390,maxresdefault,E:\Data\ObsidianVault\02_Channels\馴れ初めシネマ\競合チャンネル分析\企画リサーチ_20260605\gcs_upload_staging\naresome_thumbnails\p6b8zNp1vTU.jpg,338442,
t-JjXwVMQ3U,2ch馴れ初め感動シネマ,【2ch馴れ初め 総集編】つんつるてんな制服を馬鹿にされる貧乏転校生→俺んちの洋服リフォーム店で働いてもらった結果... 大人気動画まとめ3選 【作業用】【ゆっくり】,4381,maxresdefault,E:\Data\ObsidianVault\02_Channels\馴れ初めシネマ\競合チャンネル分析\企画リサーチ_20260605\gcs_upload_staging\naresome_thumbnails\t-JjXwVMQ3U.jpg,239648,
dtQ_vZIjH4Y,2chの感動馴初め話,【2ch馴れ初め】亡き母の為に野菜を売る双子姉妹→ホテル経営の俺がすべて買い占めた結果【ゆっくり】,4352,maxresdefault,E:\Data\ObsidianVault\02_Channels\馴れ初めシネマ\競合チャンネル分析\企画リサーチ_20260605\gcs_upload_staging\naresome_thumbnails\dtQ_vZIjH4Y.jpg,299891,
-4-zUSUzoPg,2ch 馴れ初め ストーリーズ,【2ch馴れ初め】店の裏口で廃棄食料を漁るボロボロ双子→元三つ星シェフの俺が特製スープを飲ませた結果【ゆっくり】,4341,maxresdefault,E:\Data\ObsidianVault\02_Channels\馴れ初めシネマ\競合チャンネル分析\企画リサーチ_20260605\gcs_upload_staging\naresome_thumbnails\-4-zUSUzoPg.jpg,235637,
iO0s-0IGIfc,2chの感動馴初め話,【2ch馴れ初め】【ゆっくり】,4298,maxresdefault,E:\Data\ObsidianVault\02_Channels\馴れ初めシネマ\競合チャンネル分析\企画リサーチ_20260605\gcs_upload_staging\naresome_thumbnails\iO0s-0IGIfc.jpg,336693,
wSHsVYoNDoY,2chの感動馴初め話,一生に一度の成人式にボロボロのジャージ姿の同級生が→姉の形見の振袖を着付けした結果【2ch馴れ初め】【ゆっくり解説】,4271,maxresdefault,E:\Data\ObsidianVault\02_Channels\馴れ初めシネマ\競合チャンネル分析\企画リサーチ_20260605\gcs_upload_staging\naresome_thumbnails\wSHsVYoNDoY.jpg,254569,
cvS0XxIM-GQ,2chなれそめストーリー2.0,【2ch馴れ初め】バイト先で更衣室のドアを開けたら、ヤンキーが着替えていてうっかりおっ〇いを触ってしまった結果【ゆっくり解説】,4261,hqdefault,E:\Data\ObsidianVault\02_Channels\馴れ初めシネマ\競合チャンネル分析\企画リサーチ_20260605\gcs_upload_staging\naresome_thumbnails\cvS0XxIM-GQ.jpg,46905,
qadHRVKxJHA,2ch 馴れ初め ストーリーズ,【2ch馴れ初め】一人ぼっちのボロボロ女子高生を拾ってきた4歳の愛娘→亡き妻にそっくりだったので、おもてなしした結果【ゆっくり】,4260,maxresdefault,E:\Data\ObsidianVault\02_Channels\馴れ初めシネマ\競合チャンネル分析\企画リサーチ_20260605\gcs_upload_staging\naresome_thumbnails\qadHRVKxJHA.jpg,231873,
jJ1Dx5YpJf4,ほろり感動馴れ初め話,【2ch馴れ初め】大雨の夜に借金取りから逃げる母娘→祖父と2人暮らしの家に連れ帰った結果【ゆっくり】,4247,maxresdefault,E:\Data\ObsidianVault\02_Channels\馴れ初めシネマ\競合チャンネル分析\企画リサーチ_20260605\gcs_upload_staging\naresome_thumbnails\jJ1Dx5YpJf4.jpg,336500,
vMu-x6cOhJQ,2ch 馴れ初め ストーリーズ,【2ch馴れ初め】大切なぬいぐるみが壊れ落ち込んでいる隣人の貧乏姉妹→サンタのフリをしてぬいぐるみを修理した結果【ゆっくり】,4236,maxresdefault,E:\Data\ObsidianVault\02_Channels\馴れ初めシネマ\競合チャンネル分析\企画リサーチ_20260605\gcs_upload_staging\naresome_thumbnails\vMu-x6cOhJQ.jpg,242594,
MUpPOoes3YM,2chなれそめストーリー2.0,【２ch馴れ初め】貧乏でいつも昼飯を食べない同僚が職場で倒れたので心配で家に招いた結果【ゆっくり解説】,4235,maxresdefault,E:\Data\ObsidianVault\02_Channels\馴れ初めシネマ\競合チャンネル分析\企画リサーチ_20260605\gcs_upload_staging\naresome_thumbnails\MUpPOoes3YM.jpg,222786,
bDH6I5KqUm8,2chの感動馴初め話,【2ch馴れ初め】焼肉屋の排気口でお腹を満たすボロボロの双子姉妹→放っておけず自宅で保護した結果【ゆっくり】,4231,maxresdefault,E:\Data\ObsidianVault\02_Channels\馴れ初めシネマ\競合チャンネル分析\企画リサーチ_20260605\gcs_upload_staging\naresome_thumbnails\bDH6I5KqUm8.jpg,302210,
ByQKtW5EFTE,馴れ初め公園,【馴れ初め】かつて貧乏だった俺に毎日弁当を作ってくれた同級生→15年後、大企業社長となった俺が役所の生活保護相談窓口で再会した結果…【ゆっくり】,4219,maxresdefault,E:\Data\ObsidianVault\02_Channels\馴れ初めシネマ\競合チャンネル分析\企画リサーチ_20260605\gcs_upload_staging\naresome_thumbnails\ByQKtW5EFTE.jpg,321080,
4zDkw8MiBN4,2chなれそめストーリー2.0,【２ch馴れ初め】なぜか初対面な俺に結婚を迫る美人転校生が５歳の時に引っ越してしまった幼馴染だった【ゆっくり解説】,4200,maxresdefault,E:\Data\ObsidianVault\02_Channels\馴れ初めシネマ\競合チャンネル分析\企画リサーチ_20260605\gcs_upload_staging\naresome_thumbnails\4zDkw8MiBN4.jpg,222315,
uJYJ-xWsa2Y,ほろり感動馴れ初め話,【2ch馴れ初め】隣に引っ越してきた0歳の赤ちゃんを抱えたボロボロ女性→小さくなった娘のお下がりを大量にあげた結果…【まとめ】,4167,maxresdefault,E:\Data\ObsidianVault\02_Channels\馴れ初めシネマ\競合チャンネル分析\企画リサーチ_20260605\gcs_upload_staging\naresome_thumbnails\uJYJ-xWsa2Y.jpg,267138,
Zde5ft4eADU,ほろり感動馴れ初め話,【2ch馴れ初め】息子と2人暮らしの俺が料理中に、突然近所のボロボロの少女が家に突入してきた結果…【まとめ】,4126,maxresdefault,E:\Data\ObsidianVault\02_Channels\馴れ初めシネマ\競合チャンネル分析\企画リサーチ_20260605\gcs_upload_staging\naresome_thumbnails\Zde5ft4eADU.jpg,263133,
Cz5nkyLiqeo,2chなれそめストーリー2.0,【2ch馴れ初め】不良にカツアゲされて困っていたらヤンキーJKが助けてくれた結果【ゆっくり解説】,4122,maxresdefault,E:\Data\ObsidianVault\02_Channels\馴れ初めシネマ\競合チャンネル分析\企画リサーチ_20260605\gcs_upload_staging\naresome_thumbnails\Cz5nkyLiqeo.jpg,224613,
ynbr2aXNL1g,ほろり感動馴れ初め話,【2ch馴れ初め】真冬の寒い夜、サービスエリアに車椅子の少女が置き去りに…→出張帰りの医者の俺が保護した結果【まとめ】,4120,maxresdefault,E:\Data\ObsidianVault\02_Channels\馴れ初めシネマ\競合チャンネル分析\企画リサーチ_20260605\gcs_upload_staging\naresome_thumbnails\ynbr2aXNL1g.jpg,286513,
4L2aGDG48tY,2ch馴れ初め感動シネマ,【2ch馴れ初め】火事で逃げ遅れた少女を助け右目を失ったヤクザの俺→15年後、美人婦警に職質された結果...【2ch】【馴れ初め】【総集編】,4078,maxresdefault,E:\Data\ObsidianVault\02_Channels\馴れ初めシネマ\競合チャンネル分析\企画リサーチ_20260605\gcs_upload_staging\naresome_thumbnails\4L2aGDG48tY.jpg,277965,
6wCwNGtyKdI,2ch馴れ初めゆっくりで最愛,【2ch 馴れ初め】わがままばかり言う取引先美人社長の双子娘→キモオタ社長の俺が1週間預かった結果【ゆっくり】,4070,maxresdefault,E:\Data\ObsidianVault\02_Channels\馴れ初めシネマ\競合チャンネル分析\企画リサーチ_20260605\gcs_upload_staging\naresome_thumbnails\6wCwNGtyKdI.jpg,253847,
x9q1L5agAos,2ch馴れ初めゆっくりで最愛,【2ch 馴れ初め】レディース暴走族に絡まれカツアゲされる陰キャな俺 →元暴走族総長、現オタクの俺が正体を明かしてみた結果【ゆっくり】,4062,maxresdefault,E:\Data\ObsidianVault\02_Channels\馴れ初めシネマ\競合チャンネル分析\企画リサーチ_20260605\gcs_upload_staging\naresome_thumbnails\x9q1L5agAos.jpg,292977,
Q0ZwJAuDeFc,2ch馴れ初めゆっくりで最愛,【2ch馴れ初め】身寄りのないボロボロの双子を引き取り過労で倒れた俺 独身の元ヤン上司がお見舞いに来てくれた結果【ゆっくり】,4028,maxresdefault,E:\Data\ObsidianVault\02_Channels\馴れ初めシネマ\競合チャンネル分析\企画リサーチ_20260605\gcs_upload_staging\naresome_thumbnails\Q0ZwJAuDeFc.jpg,251385,
ILKhA0RzGVU,ほろり感動馴れ初め話,【2ch馴れ初め】同じ事故で両親を失った俺と親友の妹→6歳の俺が愛情を持って育てた結果…【ゆっくり】,4004,maxresdefault,E:\Data\ObsidianVault\02_Channels\馴れ初めシネマ\競合チャンネル分析\企画リサーチ_20260605\gcs_upload_staging\naresome_thumbnails\ILKhA0RzGVU.jpg,307628,
VPYUxLE6v_s,2chなれそめストーリー2.0,【2ch馴れ初め】バイト先で更衣室のドアを開けたら、ヤンキーが着替えていてうっかりおっ〇いを触ってしまった結果【ゆっくり解説】【作業用/総集編】,4002,hqdefault,E:\Data\ObsidianVault\02_Channels\馴れ初めシネマ\競合チャンネル分析\企画リサーチ_20260605\gcs_upload_staging\naresome_thumbnails\VPYUxLE6v_s.jpg,28544,
8s-CdTP3dDc,2ch馴れ初めゆっくりで最愛,【2ch 馴れ初め】親戚から厄介者されているボロボロの孤独なおばぁちゃん→俺の定食屋に1日バイトとして雇った結果 【ゆっくり】,4001,maxresdefault,E:\Data\ObsidianVault\02_Channels\馴れ初めシネマ\競合チャンネル分析\企画リサーチ_20260605\gcs_upload_staging\naresome_thumbnails\8s-CdTP3dDc.jpg,260548,
Yb2EPuxUevs,馴れ初め公園,【馴れ初め】誕生日なのに半額弁当すら買えず泣いてる姉妹→好きな物をカゴいっぱい選ばせてお会計した結果…【ゆっくり】,3976,maxresdefault,E:\Data\ObsidianVault\02_Channels\馴れ初めシネマ\競合チャンネル分析\企画リサーチ_20260605\gcs_upload_staging\naresome_thumbnails\Yb2EPuxUevs.jpg,345746,
jnwgkjqgxHM,2ch 馴れ初め ストーリーズ,【2ch馴れ初め】お隣さんの美人女子大生を 住み込みで雇った結果、年下の彼女が出来た,3948,maxresdefault,E:\Data\ObsidianVault\02_Channels\馴れ初めシネマ\競合チャンネル分析\企画リサーチ_20260605\gcs_upload_staging\naresome_thumbnails\jnwgkjqgxHM.jpg,256922,
tsOuKGkpt8s,2ch馴れ初めゆっくりで最愛,【2ch 馴れ初め】一緒に起業した仲間に裏切られホームレスになった東大卒エンジニアの俺→公園で泣きじゃくる少女のぬいぐるみ型ロボットを直してあげた結果【ゆっくり】,3945,maxresdefault,E:\Data\ObsidianVault\02_Channels\馴れ初めシネマ\競合チャンネル分析\企画リサーチ_20260605\gcs_upload_staging\naresome_thumbnails\tsOuKGkpt8s.jpg,268577,
NIJmMkbxQtI,2chなれそめストーリー2.0,【2ch馴れ初め】遠足で一人行動する貧乏同級生、「お菓子を忘れた」と嘘とついてたので、グミとチョコレートをお裾分けした結果【ゆっくり解説】,3941,maxresdefault,E:\Data\ObsidianVault\02_Channels\馴れ初めシネマ\競合チャンネル分析\企画リサーチ_20260605\gcs_upload_staging\naresome_thumbnails\NIJmMkbxQtI.jpg,269569,
hysEYGOjjus,2chなれそめストーリー2.0,【2ch馴れ初め総集編】地味で貧乏な同級生JKにお風呂を貸したら発育がスゴすぎた… 【作業用】【ゆっくり解説】,3939,maxresdefault,E:\Data\ObsidianVault\02_Channels\馴れ初めシネマ\競合チャンネル分析\企画リサーチ_20260605\gcs_upload_staging\naresome_thumbnails\hysEYGOjjus.jpg,243518,
KjAVbbg91a0,俺たちの馴れ初め,【2ch馴れ初め】俺の自慢の湯葉コロッケに文句を言う少女→おかげで即完売の大行列店になった結果…【ゆっくり】,3937,maxresdefault,E:\Data\ObsidianVault\02_Channels\馴れ初めシネマ\競合チャンネル分析\企画リサーチ_20260605\gcs_upload_staging\naresome_thumbnails\KjAVbbg91a0.jpg,326605,
wLnD9YG4LiQ,2chの感動馴初め話,【2ch馴れ初め】愛情たっぷり育てた娘を亡くした俺→前世の娘の記憶を知る少女が現れた結果…【ゆっくり】,3932,maxresdefault,E:\Data\ObsidianVault\02_Channels\馴れ初めシネマ\競合チャンネル分析\企画リサーチ_20260605\gcs_upload_staging\naresome_thumbnails\wLnD9YG4LiQ.jpg,271992,
wv7gQQXDUyY,2ch 馴れ初め ストーリーズ,【2ch馴れ初め】俺の会社に面接に来たボロボロシンママ→30年前、貧乏だった俺に優しくしてくれた幼馴染だった結果【ゆっくり】,3915,maxresdefault,E:\Data\ObsidianVault\02_Channels\馴れ初めシネマ\競合チャンネル分析\企画リサーチ_20260605\gcs_upload_staging\naresome_thumbnails\wv7gQQXDUyY.jpg,253855,
1vUMkPoeDO0,2chの感動馴初め話,【2ch馴れ初め】親戚に引き取られ酷い扱いを受けていた俺→転校してきた貧乏少女が声を掛けて来た結果【ゆっくり】,3909,maxresdefault,E:\Data\ObsidianVault\02_Channels\馴れ初めシネマ\競合チャンネル分析\企画リサーチ_20260605\gcs_upload_staging\naresome_thumbnails\1vUMkPoeDO0.jpg,302435,
I1xFJxheJY0,2ch馴れ初め奇跡の出会い,【2ch馴れ初め】かつて生活保護だった俺に弁当を作ってくれた定食屋の老夫婦 →大企業社長になった俺が声を掛けた結果...【ゆっくり】,3899,maxresdefault,E:\Data\ObsidianVault\02_Channels\馴れ初めシネマ\競合チャンネル分析\企画リサーチ_20260605\gcs_upload_staging\naresome_thumbnails\I1xFJxheJY0.jpg,352132,
_tFGxwYR05c,2chなれそめストーリー2.0,【2ch馴れ初め】出張先の旅館で美人上司に出した結果【ゆっくり解説】,3894,maxresdefault,E:\Data\ObsidianVault\02_Channels\馴れ初めシネマ\競合チャンネル分析\企画リサーチ_20260605\gcs_upload_staging\naresome_thumbnails\_tFGxwYR05c.jpg,228478,
A-sz14K_iCQ,2chなれそめストーリー2.0,【２ch馴れ初め】「彼氏が欲しい！」と酔って愚痴る女上司にふざけて告白した結果【ゆっくり解説】【作業用/総集編】,3888,maxresdefault,E:\Data\ObsidianVault\02_Channels\馴れ初めシネマ\競合チャンネル分析\企画リサーチ_20260605\gcs_upload_staging\naresome_thumbnails\A-sz14K_iCQ.jpg,242317,
cONshoRCDV0,2ch 馴れ初め ストーリーズ,【2ch馴れ初め】可愛い子供たちシリーズ馴れ初め動画傑作3選【ゆっくり】,3880,maxresdefault,E:\Data\ObsidianVault\02_Channels\馴れ初めシネマ\競合チャンネル分析\企画リサーチ_20260605\gcs_upload_staging\naresome_thumbnails\cONshoRCDV0.jpg,235419,
Ed3M_eQ9zFw,2chなれそめストーリー2.0,【2ch馴れ初め】道端で美少女がアソコを丸出しにしていたので、息子を大きくしながらガン見した結果【ゆっくり解説】,3866,maxresdefault,E:\Data\ObsidianVault\02_Channels\馴れ初めシネマ\競合チャンネル分析\企画リサーチ_20260605\gcs_upload_staging\naresome_thumbnails\Ed3M_eQ9zFw.jpg,278088,
4S94hyjfels,2chの感動馴初め話,優秀な姉と比較され学校の昼食を我慢する不良同級生→弁当屋を営む母の弁当をあげた結果…【2ch馴れ初め】【ゆっくり解説】,3864,maxresdefault,E:\Data\ObsidianVault\02_Channels\馴れ初めシネマ\競合チャンネル分析\企画リサーチ_20260605\gcs_upload_staging\naresome_thumbnails\4S94hyjfels.jpg,263856,
bsmg94-iPSk,2ch 馴れ初め ストーリーズ,【2ch馴れ初め】深夜の繁華街で途方に暮れるボロボロ母娘→異変を感じタクシーに無料で乗せてあげた結果…【ゆっくり】,3861,maxresdefault,E:\Data\ObsidianVault\02_Channels\馴れ初めシネマ\競合チャンネル分析\企画リサーチ_20260605\gcs_upload_staging\naresome_thumbnails\bsmg94-iPSk.jpg,231029,
ZcbK2_qonPw,俺たちの馴れ初め,【2ch馴れ初め】激安のボロ戸建てを購入したら→女幽霊と同棲することになった結果...【ゆっくり】,3827,maxresdefault,E:\Data\ObsidianVault\02_Channels\馴れ初めシネマ\競合チャンネル分析\企画リサーチ_20260605\gcs_upload_staging\naresome_thumbnails\ZcbK2_qonPw.jpg,295349,
6kAh9djPBtY,2ch馴れ初めゆっくりで最愛,【2ch馴れ初め】有名批評家に罵倒される小料理屋の女性店主→神の舌を持つ娘が「勝負しよう！」と言った結果【ゆっくり】,3736,maxresdefault,E:\Data\ObsidianVault\02_Channels\馴れ初めシネマ\競合チャンネル分析\企画リサーチ_20260605\gcs_upload_staging\naresome_thumbnails\6kAh9djPBtY.jpg,255864,
3w5rgHssavk,2ch馴れ初めほっこり物語,【2ch馴れ初め】えこひいきの担任から娘を守ってくれた新人女教師 →教育長の俺の父親が学校に乗り込み調査した意外な結果…【ゆっくり】,3735,maxresdefault,E:\Data\ObsidianVault\02_Channels\馴れ初めシネマ\競合チャンネル分析\企画リサーチ_20260605\gcs_upload_staging\naresome_thumbnails\3w5rgHssavk.jpg,335846,
AzAZwTAEqHc,2chの感動馴初め話,【2ch馴れ初め】キャンプ場で出会った少女が持っていた物に言葉を失った俺→それは亡き娘が遺した”約束”だった…【ゆっくり】,3731,maxresdefault,E:\Data\ObsidianVault\02_Channels\馴れ初めシネマ\競合チャンネル分析\企画リサーチ_20260605\gcs_upload_staging\naresome_thumbnails\AzAZwTAEqHc.jpg,336240,
coiWHChVydE,2ch馴れ初めタイムトラベル,【2ch馴れ初め】どんぐりを握り締めて屋台に現れたボロボロの双子 →大人気の焼きそばをご馳走した結果...【ゆっくり】,3707,maxresdefault,E:\Data\ObsidianVault\02_Channels\馴れ初めシネマ\競合チャンネル分析\企画リサーチ_20260605\gcs_upload_staging\naresome_thumbnails\coiWHChVydE.jpg,252807,
lfE3Cz2RjPM,2ch馴れ初めゆっくりで最愛,【2ch 馴れ初め】激混みの飲食店街で客が1人もいないボロボロなラーメン屋→娘の直感を信じて来店した結果【ゆっくり】,3670,maxresdefault,E:\Data\ObsidianVault\02_Channels\馴れ初めシネマ\競合チャンネル分析\企画リサーチ_20260605\gcs_upload_staging\naresome_thumbnails\lfE3Cz2RjPM.jpg,265474,
0Xrk2pe-d3w,馴れ初め公園,【馴れ初め】真冬の路上で必死にヒッチハイクする怪我をした三つ子姉妹→放っておけずキャンピングカーに乗せて手当てした結果…【ゆっくり】,3666,maxresdefault,E:\Data\ObsidianVault\02_Channels\馴れ初めシネマ\競合チャンネル分析\企画リサーチ_20260605\gcs_upload_staging\naresome_thumbnails\0Xrk2pe-d3w.jpg,321637,
cCR4WOZD3hg,2chの感動馴初め話,【2ch馴れ初め】離婚した父親に誘〇された3歳の少女→交番勤務の俺が命を懸けて探した結果…【ゆっくり】,3650,maxresdefault,E:\Data\ObsidianVault\02_Channels\馴れ初めシネマ\競合チャンネル分析\企画リサーチ_20260605\gcs_upload_staging\naresome_thumbnails\cCR4WOZD3hg.jpg,244522,
VY3SfvNHHsk,2ch馴れ初めゆっくりで最愛,【2ch 馴れ初め】会社主催のキャンプ中、帰り、山奥で置き去りにされた女性社員 普段は窓際社員、実は元自衛官（空挺団）の俺が本気を出した結果【ゆっくり】,3642,maxresdefault,E:\Data\ObsidianVault\02_Channels\馴れ初めシネマ\競合チャンネル分析\企画リサーチ_20260605\gcs_upload_staging\naresome_thumbnails\VY3SfvNHHsk.jpg,284039,
Ugl6XKh-hNg,2ch 馴れ初め ストーリーズ,【2ch馴れ初め】校内で有名な女番長にハンカチを貸したガリ勉の俺→翌日に清楚美人な女子生徒に呼び止められた結果【ゆっくり】,3639,maxresdefault,E:\Data\ObsidianVault\02_Channels\馴れ初めシネマ\競合チャンネル分析\企画リサーチ_20260605\gcs_upload_staging\naresome_thumbnails\Ugl6XKh-hNg.jpg,216778,
OIFazFFz6GU,2ch馴れ初めゆっくりで最愛,【2ch 馴れ初め】秋葉原で迷子の少女を助け誘〇を疑われたキモオタ隠キャの俺→職場（警視庁）に行こうと言った結果【ゆっくり】,3615,maxresdefault,E:\Data\ObsidianVault\02_Channels\馴れ初めシネマ\競合チャンネル分析\企画リサーチ_20260605\gcs_upload_staging\naresome_thumbnails\OIFazFFz6GU.jpg,285255,
yDtszrlFH-E,2ch 馴れ初め ストーリーズ,【2ch馴れ初め総集編】取引先の社長の勧めで嫌々お見合いした俺 → 幼い姉妹が会場で待っていた結果2ch可愛い子供馴れ初め人気動画【作業用】【睡眠用】【ゆっくり】,3612,maxresdefault,E:\Data\ObsidianVault\02_Channels\馴れ初めシネマ\競合チャンネル分析\企画リサーチ_20260605\gcs_upload_staging\naresome_thumbnails\yDtszrlFH-E.jpg,344923,
QqiiJaQ7ba4,2ch馴れ初めタイムトラベル,【2ch馴れ初め】親戚からネグレクトを受ける幼い姉妹→事故で妻子を亡くした俺が引き取った結果...【ゆっくり】,3591,maxresdefault,E:\Data\ObsidianVault\02_Channels\馴れ初めシネマ\競合チャンネル分析\企画リサーチ_20260605\gcs_upload_staging\naresome_thumbnails\QqiiJaQ7ba4.jpg,258762,
ePdmpNceRNs,2ch馴れ初め奇跡の出会い,【2ch馴れ初め】娘の誕生日に急遽呼び出されたパート女性→実は社長の清掃員の俺がブチギレた結果...【ゆっくり】,3568,maxresdefault,E:\Data\ObsidianVault\02_Channels\馴れ初めシネマ\競合チャンネル分析\企画リサーチ_20260605\gcs_upload_staging\naresome_thumbnails\ePdmpNceRNs.jpg,323714,
rWHidwmxjS4,2chなれそめストーリー2.0,【2ch馴れ初め】一つのうどんを分けて食べる貧乏な母娘に住込バイトさせたら、カラダを差し出された【ゆっくり解説】,3555,maxresdefault,E:\Data\ObsidianVault\02_Channels\馴れ初めシネマ\競合チャンネル分析\企画リサーチ_20260605\gcs_upload_staging\naresome_thumbnails\rWHidwmxjS4.jpg,241538,
wga7ZcDKcXc,ほろり感動馴れ初め話,【2ch馴れ初め】親の借金を返す為、100円を差し出すボロボロの少女→ 施設育ちのヤ〇ザの俺が連れ帰った結果【まとめ】,3542,maxresdefault,E:\Data\ObsidianVault\02_Channels\馴れ初めシネマ\競合チャンネル分析\企画リサーチ_20260605\gcs_upload_staging\naresome_thumbnails\wga7ZcDKcXc.jpg,274253,
_ds21FQoQak,2ch 馴れ初め ストーリーズ,【2ch馴れ初め】空腹で倒れた隣人女性に俺の男飯を毎日差し入れした結果美人の恋人ができた【ゆっくり】,3530,maxresdefault,E:\Data\ObsidianVault\02_Channels\馴れ初めシネマ\競合チャンネル分析\企画リサーチ_20260605\gcs_upload_staging\naresome_thumbnails\_ds21FQoQak.jpg,242394,
WdkRFuo4llw,2ch馴れ初めゆっくりで最愛,【2ch 馴れ初め】公園で大泣きする姪をなだめていた俺→新人美人婦警に「ちょっといいですか？」と職質された結果【ゆっくり】,3507,maxresdefault,E:\Data\ObsidianVault\02_Channels\馴れ初めシネマ\競合チャンネル分析\企画リサーチ_20260605\gcs_upload_staging\naresome_thumbnails\WdkRFuo4llw.jpg,263699,
GPkrTAqBQuA,2ch 馴れ初め ストーリーズ,【2ch馴れ初め】2ch馴れ初めストーリーズ馴れ初め動画傑作6選【ゆっくり】,3506,maxresdefault,E:\Data\ObsidianVault\02_Channels\馴れ初めシネマ\競合チャンネル分析\企画リサーチ_20260605\gcs_upload_staging\naresome_thumbnails\GPkrTAqBQuA.jpg,242204,
cK5FXXuHDYo,2ch馴れ初めムービー,【２ｃｈ馴れ初め】夕方、駅前でチンピラに絡まれる同級生女子→空手黒帯の俺が本気を出した結果【ゆっくり】,3502,maxresdefault,E:\Data\ObsidianVault\02_Channels\馴れ初めシネマ\競合チャンネル分析\企画リサーチ_20260605\gcs_upload_staging\naresome_thumbnails\cK5FXXuHDYo.jpg,273245,
-il_-Muhud4,馴れ初め公園,【馴れ初め】社長令嬢に目の敵にされ父親をクビにされた同級生→学校一陰キャの俺が会社を買収した結果…【ゆっくり】,3502,maxresdefault,E:\Data\ObsidianVault\02_Channels\馴れ初めシネマ\競合チャンネル分析\企画リサーチ_20260605\gcs_upload_staging\naresome_thumbnails\-il_-Muhud4.jpg,327576,
r8QOLogkrvo,ほろり感動馴れ初め話,【2ch馴れ初め】豹変する夫から逃げてきた貧乏な母と双子→サプライズでランドセルをプレゼントした結果【ゆっくり解説】,3494,maxresdefault,E:\Data\ObsidianVault\02_Channels\馴れ初めシネマ\競合チャンネル分析\企画リサーチ_20260605\gcs_upload_staging\naresome_thumbnails\r8QOLogkrvo.jpg,296360,
V9b6WITeOq8,2ch馴れ初めゆっくりで最愛,【2ch馴れ初め】極寒の夜、大切な財布を届けてくれたボロボロな女性ホームレス→お礼に熱々おでんとお風呂を貸した結果【ゆっくり】,3492,maxresdefault,E:\Data\ObsidianVault\02_Channels\馴れ初めシネマ\競合チャンネル分析\企画リサーチ_20260605\gcs_upload_staging\naresome_thumbnails\V9b6WITeOq8.jpg,287568,
ykH2ZjxtmUk,2ch 馴れ初め ストーリーズ,【2ch馴れ初め】落とし物を届けてくれたホームレス女性に実業家の俺が恩返しした結果、人生が変わった,3475,maxresdefault,E:\Data\ObsidianVault\02_Channels\馴れ初めシネマ\競合チャンネル分析\企画リサーチ_20260605\gcs_upload_staging\naresome_thumbnails\ykH2ZjxtmUk.jpg,254328,
1yf-A-t-RWA,2ch馴れ初め感動シネマ,【2ch馴れ初め 総集編】母親のために逆高校デビューした陰キャの俺→元最強不良の俺が本気を出した結果..... 大人気動画まとめ3選 【作業用】【ゆっくり】,3457,maxresdefault,E:\Data\ObsidianVault\02_Channels\馴れ初めシネマ\競合チャンネル分析\企画リサーチ_20260605\gcs_upload_staging\naresome_thumbnails\1yf-A-t-RWA.jpg,243404,
j-9eKAd1otI,2ch馴れ初めゆっくりで最愛,【2ch 馴れ初め】みるみる痩せる隣の生活保護のガリガリの母娘→誕生日にカップ麺でお祝いしていたので心配になり、腹いっぱいお鍋を食べさせてあげた結果【ゆっくり】,3444,maxresdefault,E:\Data\ObsidianVault\02_Channels\馴れ初めシネマ\競合チャンネル分析\企画リサーチ_20260605\gcs_upload_staging\naresome_thumbnails\j-9eKAd1otI.jpg,279756,
Yf1VqTRRCJA,2chなれそめストーリー2.0,【2ch馴れ初め】病院で泣いていた鬼上司が「余命1年なの…」電話で話しているのを聞いてしまった結果【ゆっくり解説】,3441,maxresdefault,E:\Data\ObsidianVault\02_Channels\馴れ初めシネマ\競合チャンネル分析\企画リサーチ_20260605\gcs_upload_staging\naresome_thumbnails\Yf1VqTRRCJA.jpg,219832,
_WVHlo0QHjw,2ch 馴れ初め ストーリーズ,【2ch馴れ初め】寒空の下で野宿するボロボロ母娘を助けたら、家族ができて学生時代の夢が叶った,3436,maxresdefault,E:\Data\ObsidianVault\02_Channels\馴れ初めシネマ\競合チャンネル分析\企画リサーチ_20260605\gcs_upload_staging\naresome_thumbnails\_WVHlo0QHjw.jpg,241653,
xFpjYgSms8E,2ch馴れ初めゆっくりで最愛,【2ch 馴れ初め】10年振りにいわくつきの田舎の空き家の掃除に行った俺→大型犬と双子少女が昼寝をしていた結果【ゆっくり】,3403,maxresdefault,E:\Data\ObsidianVault\02_Channels\馴れ初めシネマ\競合チャンネル分析\企画リサーチ_20260605\gcs_upload_staging\naresome_thumbnails\xFpjYgSms8E.jpg,245188,
D2U6niR45IY,2chなれそめストーリー2.0,【2ch馴れ初め】いつもからかってくる生意気な幼馴染ヤンキーをふざけて押し倒した結果【ゆっくり解説】【作業用/総集編】,3376,maxresdefault,E:\Data\ObsidianVault\02_Channels\馴れ初めシネマ\競合チャンネル分析\企画リサーチ_20260605\gcs_upload_staging\naresome_thumbnails\D2U6niR45IY.jpg,278427,
j4ADSMhHDtw,2ch 馴れ初め ストーリーズ,【2ch馴れ初め/感動名作】取引先の社長に頼まれ見合いをした俺→ 相手が学生時代に因縁のある同級生だった結果【ゆっくり】,3376,maxresdefault,E:\Data\ObsidianVault\02_Channels\馴れ初めシネマ\競合チャンネル分析\企画リサーチ_20260605\gcs_upload_staging\naresome_thumbnails\j4ADSMhHDtw.jpg,249086,
O7qcsfTIgk4,2ch馴れ初めゆっくりで最愛,【2ch 馴れ初め】大雪の夜、公園で雪を食べ飢えを凌ぐ亡き親友の娘姉妹、農家を営む俺が連れて帰った結果【ゆっくり】,3373,maxresdefault,E:\Data\ObsidianVault\02_Channels\馴れ初めシネマ\競合チャンネル分析\企画リサーチ_20260605\gcs_upload_staging\naresome_thumbnails\O7qcsfTIgk4.jpg,280850,
m99oBdU1SvU,2ch馴れ初めタイムトラベル,【2ch馴れ初め】母とタケノコ狩り中に現れた山に住んでいる少女→保護してタケノコ料理を振舞った結果...【ゆっくり】,3372,maxresdefault,E:\Data\ObsidianVault\02_Channels\馴れ初めシネマ\競合チャンネル分析\企画リサーチ_20260605\gcs_upload_staging\naresome_thumbnails\m99oBdU1SvU.jpg,348139,
e57d5nE2hBM,2ch馴れ初めタイムトラベル,【2ch馴れ初め】転園先の幼稚園で片親とバカにされ5分で帰宅 →ブチギレた俺（文科省）が園長を呼び出した結果...【ゆっくり】,3372,maxresdefault,E:\Data\ObsidianVault\02_Channels\馴れ初めシネマ\競合チャンネル分析\企画リサーチ_20260605\gcs_upload_staging\naresome_thumbnails\e57d5nE2hBM.jpg,285993,
CpySfgONaX4,2chなれそめストーリー2.0,【2ch馴れ初め】俺の秘密がバレたせいで美人教師に猛アタックされた【ゆっくり解説】,3368,maxresdefault,E:\Data\ObsidianVault\02_Channels\馴れ初めシネマ\競合チャンネル分析\企画リサーチ_20260605\gcs_upload_staging\naresome_thumbnails\CpySfgONaX4.jpg,207812,
Dq7w_IQOfjM,2ch 馴れ初め ストーリーズ,【2ch馴れ初め】両親が蒸発してしまい妹と二人きりになった俺→ 幼馴染が家族のように接してくれた結果【ゆっくり】,3298,maxresdefault,E:\Data\ObsidianVault\02_Channels\馴れ初めシネマ\競合チャンネル分析\企画リサーチ_20260605\gcs_upload_staging\naresome_thumbnails\Dq7w_IQOfjM.jpg,210490,
AYL2q59U9x8,2ch 馴れ初め ストーリーズ,【2ch馴れ初め】俺のキッチンカーにどんぐりを握りしめてやってきた女の子に特製カレーをご馳走した結果【ゆっくり】,3289,maxresdefault,E:\Data\ObsidianVault\02_Channels\馴れ初めシネマ\競合チャンネル分析\企画リサーチ_20260605\gcs_upload_staging\naresome_thumbnails\AYL2q59U9x8.jpg,269056,
Cu-KaspWZg4,2ch馴れ初めタイムトラベル,【2ch馴れ初め】内定式300人の前で中卒と見下され辞退した俺 →後日、内定先からの鬼電を放置した結果...【ゆっくり】,3285,maxresdefault,E:\Data\ObsidianVault\02_Channels\馴れ初めシネマ\競合チャンネル分析\企画リサーチ_20260605\gcs_upload_staging\naresome_thumbnails\Cu-KaspWZg4.jpg,274363,
GGrEpS_aUAM,2ch馴れ初めゆっくりで最愛,【2ch 馴れ初め】無銭飲食のヤクザかに脅され涙ぐむ行きつけの焼肉屋の母娘 常連客の俺が正体を明かし助けた結果【ゆっくり】,3272,maxresdefault,E:\Data\ObsidianVault\02_Channels\馴れ初めシネマ\競合チャンネル分析\企画リサーチ_20260605\gcs_upload_staging\naresome_thumbnails\GGrEpS_aUAM.jpg,281698,
-YL5RRAB9lA,2ch 馴れ初め ストーリーズ,【2ch馴れ初め】隣に引っ越してきた子持ちシングルマザーに一目惚れした俺→ 彼女が大変そうだったので色々手助けした結果【ゆっくり】,3244,maxresdefault,E:\Data\ObsidianVault\02_Channels\馴れ初めシネマ\競合チャンネル分析\企画リサーチ_20260605\gcs_upload_staging\naresome_thumbnails\-YL5RRAB9lA.jpg,204775,
s4pYjHIoWLg,ほろり感動馴れ初め話,【2ch馴れ初め】昔俺をいじめから助けてくれたギャル→10年後、娘のために耐えて仕事をする彼女と再会した結果【ゆっくり解説】,3234,maxresdefault,E:\Data\ObsidianVault\02_Channels\馴れ初めシネマ\競合チャンネル分析\企画リサーチ_20260605\gcs_upload_staging\naresome_thumbnails\s4pYjHIoWLg.jpg,247095,
YeG2RzBpAi8,2ch馴れ初めタイムトラベル,【2ch馴れ初め】結婚式当日に下請けを見下されドタキャンされた義妹→大元請の俺がブチギレた結果...【ゆっくり】,3232,maxresdefault,E:\Data\ObsidianVault\02_Channels\馴れ初めシネマ\競合チャンネル分析\企画リサーチ_20260605\gcs_upload_staging\naresome_thumbnails\YeG2RzBpAi8.jpg,334763,
B85FPAoKxUw,ほろり感動馴れ初め話,【2ch馴れ初め】嵐の夜、家の車庫で雨風を凌ぐボロボロの双子→温かいお風呂とご馳走を振る舞った結果【まとめ】,3186,maxresdefault,E:\Data\ObsidianVault\02_Channels\馴れ初めシネマ\競合チャンネル分析\企画リサーチ_20260605\gcs_upload_staging\naresome_thumbnails\B85FPAoKxUw.jpg,292143,
Or5Fp6S8mZ4,2ch馴れ初めタイムトラベル,【2ch馴れ初め】同窓会に行った義妹が5分で帰宅 →ブチギレた俺が同級生の父親に電話をかけた結果...【ゆっくり】,3182,maxresdefault,E:\Data\ObsidianVault\02_Channels\馴れ初めシネマ\競合チャンネル分析\企画リサーチ_20260605\gcs_upload_staging\naresome_thumbnails\Or5Fp6S8mZ4.jpg,259176,
tDkfmIL5b6s,2ch馴れ初めゆっくりで最愛,【2ch 馴れ初め】保護者会の集まりに50個の幕の内弁当をドタキャンされたボロボロの母娘→建設会社を営む俺が丸ごと買い取った結果【ゆっくり】,3177,maxresdefault,E:\Data\ObsidianVault\02_Channels\馴れ初めシネマ\競合チャンネル分析\企画リサーチ_20260605\gcs_upload_staging\naresome_thumbnails\tDkfmIL5b6s.jpg,263532,
yVtL63_eQn4,ほろり感動馴れ初め話,【2ch馴れ初め】○○年前に突然失踪した娘にそっくりのボロボロの女性→家に招待して一緒に娘を探した結果…【まとめ】,3143,maxresdefault,E:\Data\ObsidianVault\02_Channels\馴れ初めシネマ\競合チャンネル分析\企画リサーチ_20260605\gcs_upload_staging\naresome_thumbnails\yVtL63_eQn4.jpg,265141,
jCE2q0hvZqo,2chなれそめストーリー2.0,【2ch馴れ初め】実家に帰省して幼なじみと宅呑みしたら泥酔してしまった結果【ゆっくり解説】,3136,maxresdefault,E:\Data\ObsidianVault\02_Channels\馴れ初めシネマ\競合チャンネル分析\企画リサーチ_20260605\gcs_upload_staging\naresome_thumbnails\jCE2q0hvZqo.jpg,204670,
-IczLH0wzNI,2ch馴れ初めゆっくりで最愛,【2ch 馴れ初め】廃業寸前の俺のラーメン屋の前に倒れていたガリガリの双子少女→自慢のラーメンをご馳走し突然電話をかけ始めた結果【ゆっくり】,3136,maxresdefault,E:\Data\ObsidianVault\02_Channels\馴れ初めシネマ\競合チャンネル分析\企画リサーチ_20260605\gcs_upload_staging\naresome_thumbnails\-IczLH0wzNI.jpg,292695,
2DOZ_5snulw,2chなれそめストーリー2.0,【２ch馴れ初め】駅で泣いているキャバ嬢にマナーを叩き込んだらお礼がもの凄かった結果【ゆっくり解説】,3113,maxresdefault,E:\Data\ObsidianVault\02_Channels\馴れ初めシネマ\競合チャンネル分析\企画リサーチ_20260605\gcs_upload_staging\naresome_thumbnails\2DOZ_5snulw.jpg,217958,
C41tstX1lZs,ほろり感動馴れ初め話,【2ch馴れ初め】食パンの耳すら買えず号泣する貧乏少女→亡き母との思い出のクリームパンをご馳走した結果【ゆっくり】,3104,maxresdefault,E:\Data\ObsidianVault\02_Channels\馴れ初めシネマ\競合チャンネル分析\企画リサーチ_20260605\gcs_upload_staging\naresome_thumbnails\C41tstX1lZs.jpg,306192,
On8uJFuZcxA,2chなれそめストーリー2.0,【２ch馴れ初め】陰キャで非モテな俺が同僚から告白されているのを見て無口な女上司が裏で号泣していた【ゆっくり解説】,3081,maxresdefault,E:\Data\ObsidianVault\02_Channels\馴れ初めシネマ\競合チャンネル分析\企画リサーチ_20260605\gcs_upload_staging\naresome_thumbnails\On8uJFuZcxA.jpg,209634,
MP-DRxDd5VU,2ch馴れ初めタイムトラベル,【2ch馴れ初め】授業参観で「私のお父さん」を朗読する小3の娘 →いつも怖い先生が俺が元自衛隊員第一空挺団と知った結果...【ゆっくり】,3069,maxresdefault,E:\Data\ObsidianVault\02_Channels\馴れ初めシネマ\競合チャンネル分析\企画リサーチ_20260605\gcs_upload_staging\naresome_thumbnails\MP-DRxDd5VU.jpg,282843,
pDcSJ5xh6Hs,2ch 馴れ初め ストーリーズ,【2ch馴れ初め総集編】「人形みたい」と言われ施設送りにされそうな赤ちゃんを引き取った俺 → 元捨て犬の愛犬が兄妹のように接した結果2ch可愛い子供馴れ初め人気動画【作業用】【睡眠用】【ゆっくり】,3051,maxresdefault,E:\Data\ObsidianVault\02_Channels\馴れ初めシネマ\競合チャンネル分析\企画リサーチ_20260605\gcs_upload_staging\naresome_thumbnails\pDcSJ5xh6Hs.jpg,348046,
i1d9hAdlPMQ,2ch馴れ初めムービー,【２ｃｈ馴れ初め】授業参観で、夏休みの作文「私のお父さん」を読む小３の娘→いつも怖い先生の様子がおかしくなった結果…,3050,maxresdefault,E:\Data\ObsidianVault\02_Channels\馴れ初めシネマ\競合チャンネル分析\企画リサーチ_20260605\gcs_upload_staging\naresome_thumbnails\i1d9hAdlPMQ.jpg,247848,
hoPTl3E6fVg,馴れ初め公園,【馴れ初め】毎日クレームを言いに来る生意気な双子姉妹→言う通りにしてみたら大行列ができた結果…【ゆっくり】,3036,maxresdefault,E:\Data\ObsidianVault\02_Channels\馴れ初めシネマ\競合チャンネル分析\企画リサーチ_20260605\gcs_upload_staging\naresome_thumbnails\hoPTl3E6fVg.jpg,329053,
3iGt0zwKDxc,2ch馴れ初め感動シネマ,【2ch馴れ初め 総集編】気温40度の猛暑日に訪れた小さなヤ〇ルトレディ→様子がおかしいので全部買取って看病してあげた結果..... 大人気動画まとめ3選 【作業用】【ゆっくり】,3022,maxresdefault,E:\Data\ObsidianVault\02_Channels\馴れ初めシネマ\競合チャンネル分析\企画リサーチ_20260605\gcs_upload_staging\naresome_thumbnails\3iGt0zwKDxc.jpg,257820,
sfCnF6Y3buU,ほろり感動馴れ初め話,2ch馴れ初め】車椅子の娘に罵声を浴びせられる幼馴染→中小企業の社長の俺が声を掛けた結果...【ゆっくり】,3014,maxresdefault,E:\Data\ObsidianVault\02_Channels\馴れ初めシネマ\競合チャンネル分析\企画リサーチ_20260605\gcs_upload_staging\naresome_thumbnails\sfCnF6Y3buU.jpg,329635,
0auvKJmrMl4,2ch 馴れ初め ストーリーズ,【2ch馴れ初め】隣の部屋に住む非常識なヤンキー美女→ ご祝儀袋を持って俺の部屋に訪ねてきた結果【ゆっくり】,2996,maxresdefault,E:\Data\ObsidianVault\02_Channels\馴れ初めシネマ\競合チャンネル分析\企画リサーチ_20260605\gcs_upload_staging\naresome_thumbnails\0auvKJmrMl4.jpg,206976,
R9xVVlvgDqk,2ch馴れ初めゆっくりで最愛,【2ch 馴れ初め】修学旅行の班決めで孤立するデブ陰キャ女→いい子なので俺の班に誘った結果、旅先で驚きの正体が…【ゆっくり】,2990,maxresdefault,E:\Data\ObsidianVault\02_Channels\馴れ初めシネマ\競合チャンネル分析\企画リサーチ_20260605\gcs_upload_staging\naresome_thumbnails\R9xVVlvgDqk.jpg,264144,
hw2_RMIaHcA,2ch馴れ初めゆっくりで最愛,【2ch 馴れ初め】路地裏でガラの悪い男達に囲まれる中、盲目の姉を必死に庇う妹。空手黒帯、現インキャの俺が助けた結果【ゆくっり】,2982,maxresdefault,E:\Data\ObsidianVault\02_Channels\馴れ初めシネマ\競合チャンネル分析\企画リサーチ_20260605\gcs_upload_staging\naresome_thumbnails\hw2_RMIaHcA.jpg,276258,
A_3wyoeMVDU,2chなれそめストーリー2.0,【2ch馴れ初め】真夏のサービスエリアでの野宿する貧乏母娘、大型バス運転手の俺が名物のカレーをご馳走した結果【ゆっくり解説】,2977,maxresdefault,E:\Data\ObsidianVault\02_Channels\馴れ初めシネマ\競合チャンネル分析\企画リサーチ_20260605\gcs_upload_staging\naresome_thumbnails\A_3wyoeMVDU.jpg,297087,
5ymw-_38fXE,2ch 馴れ初め ストーリーズ,【2ch馴れ初め】真夏の暑さを高架下で凌ぐボロボロ母娘→初恋の幼馴染だったので社長になった俺が連れ帰った結果【ゆっくり】,2976,maxresdefault,E:\Data\ObsidianVault\02_Channels\馴れ初めシネマ\競合チャンネル分析\企画リサーチ_20260605\gcs_upload_staging\naresome_thumbnails\5ymw-_38fXE.jpg,231874,
q0vt-8mlO50,2chの感動馴初め話,【2ch馴れ初め】ヤクザの事務所の番犬で暖をとるボロボロの双子→組に入れて番犬と同じ世話をした結果【ゆっくり解説】,2966,maxresdefault,E:\Data\ObsidianVault\02_Channels\馴れ初めシネマ\競合チャンネル分析\企画リサーチ_20260605\gcs_upload_staging\naresome_thumbnails\q0vt-8mlO50.jpg,253183,
y0nqALJA3k0,2ch馴れ初めゆっくりで最愛,【2ch馴れ初め】母の誕生日を祝いたいと5円玉を握りしめ現れた少女 天涯孤独のヤクザの俺が一緒に誕生日をお祝いした結【ゆっくり】,2944,maxresdefault,E:\Data\ObsidianVault\02_Channels\馴れ初めシネマ\競合チャンネル分析\企画リサーチ_20260605\gcs_upload_staging\naresome_thumbnails\y0nqALJA3k0.jpg,286508,
UwghJyRb92g,2chなれそめストーリー2.0,【2ch馴れ初め】デパートで迷子の女の子を助けたら巨乳で美人な人妻に〇〇されて悶絶したんだがwww【ゆっくり解説】,2938,maxresdefault,E:\Data\ObsidianVault\02_Channels\馴れ初めシネマ\競合チャンネル分析\企画リサーチ_20260605\gcs_upload_staging\naresome_thumbnails\UwghJyRb92g.jpg,213649,
gDVIsJuQmuM,2chの感動馴初め話,【2ch馴れ初め】雨の中、亡き母のピアノを弾き続ける盲目の少女→天才調律師の俺が教えたら日本中が驚いた結果【ゆっくり】,2912,maxresdefault,E:\Data\ObsidianVault\02_Channels\馴れ初めシネマ\競合チャンネル分析\企画リサーチ_20260605\gcs_upload_staging\naresome_thumbnails\gDVIsJuQmuM.jpg,327955,
-FOaE_q4124,2ch馴れ初め感動シネマ,【2ch馴れ初め 総集編】100人分の弁当をキャンセルされたボロボロの美人親子→ヤクザ幹部の俺が組員の為に全て買い取った結果..... 大人気動画まとめ3選 【作業用】【ゆっくり】,2869,maxresdefault,E:\Data\ObsidianVault\02_Channels\馴れ初めシネマ\競合チャンネル分析\企画リサーチ_20260605\gcs_upload_staging\naresome_thumbnails\-FOaE_q4124.jpg,252457,
0m79MipPJOY,馴れ初め公園,【馴れ初め】大雪の深夜、SAで車の窓を叩いて回る双子姉妹→温かい飲み物を渡し俺のトラックで保護した結果…【ゆっくり】,2861,maxresdefault,E:\Data\ObsidianVault\02_Channels\馴れ初めシネマ\競合チャンネル分析\企画リサーチ_20260605\gcs_upload_staging\naresome_thumbnails\0m79MipPJOY.jpg,338943,
OMCqQLHYCHU,2ch 馴れ初め ストーリーズ,【2ch馴れ初め総集編】失踪した妻に托卵されていた俺 → 悩んだ末、双子姉妹を自分の娘として育てた結果2ch可愛い子供馴れ初め人気動画【作業用】【睡眠用】【ゆっくり】,2854,maxresdefault,E:\Data\ObsidianVault\02_Channels\馴れ初めシネマ\競合チャンネル分析\企画リサーチ_20260605\gcs_upload_staging\naresome_thumbnails\OMCqQLHYCHU.jpg,350080,
2x2L3qo49aI,2chなれそめストーリー2.0,【2ch馴れ初め】陰キャが休憩中にゲームをしていたら、同僚美女の家に招かれてしまった【ゆっくり解説】,2820,maxresdefault,E:\Data\ObsidianVault\02_Channels\馴れ初めシネマ\競合チャンネル分析\企画リサーチ_20260605\gcs_upload_staging\naresome_thumbnails\2x2L3qo49aI.jpg,224241,
SDLv4dSMHkU,2ch馴れ初めゆっくりで最愛,【2ch 馴れ初め】うちの駐車場に捨てられていた泥まみれの少女→俺と二人暮らしの母が「娘にならない？」と言った結果 【ゆっくり】,2798,maxresdefault,E:\Data\ObsidianVault\02_Channels\馴れ初めシネマ\競合チャンネル分析\企画リサーチ_20260605\gcs_upload_staging\naresome_thumbnails\SDLv4dSMHkU.jpg,269207,
wz5EkdNpW3Q,2chの感動馴初め話,【2ch馴れ初め 総集編】ヤンキー同級生にプリントを届けに来た陰キャの俺→異変を感じ取り家に連れて帰った結果…他4作【ゆっくり解説】,2786,maxresdefault,E:\Data\ObsidianVault\02_Channels\馴れ初めシネマ\競合チャンネル分析\企画リサーチ_20260605\gcs_upload_staging\naresome_thumbnails\wz5EkdNpW3Q.jpg,225995,
pNp7dzWMly0,ほろり感動馴れ初め話,【2ch馴れ初め】真夏に自販機前でお金が足りず泣く貧乏少女→祖父の喫茶店でクリームソーダをご馳走した結果【ゆっくり】,2786,maxresdefault,E:\Data\ObsidianVault\02_Channels\馴れ初めシネマ\競合チャンネル分析\企画リサーチ_20260605\gcs_upload_staging\naresome_thumbnails\pNp7dzWMly0.jpg,342743,
p0_IYe11ZbY,2ch馴れ初めタイムトラベル,【2ch馴れ初め】営業激戦区に異動した俺を見下すエリート部長 →正体を明かし本気を出した結果...【ゆっくり】,2749,maxresdefault,E:\Data\ObsidianVault\02_Channels\馴れ初めシネマ\競合チャンネル分析\企画リサーチ_20260605\gcs_upload_staging\naresome_thumbnails\p0_IYe11ZbY.jpg,254613,
UWj60n00bP0,2ch馴れ初めゆっくりで最愛,【2ch 馴れ初め】放課後チンピラに絡まれる学年一の人気者の女子→ザコのフリをした元ボクシング王者の俺が本気を出した結果【ゆっくり】,2747,maxresdefault,E:\Data\ObsidianVault\02_Channels\馴れ初めシネマ\競合チャンネル分析\企画リサーチ_20260605\gcs_upload_staging\naresome_thumbnails\UWj60n00bP0.jpg,276220,
TQkziEP1dm8,2chの感動馴初め話,【2ch馴れ初め】クリスマス当日に浮気され離婚届けを突き付けられた俺→真冬の夜にサンタの格好をした少女に出会った結果【ゆっくり】,2746,maxresdefault,E:\Data\ObsidianVault\02_Channels\馴れ初めシネマ\競合チャンネル分析\企画リサーチ_20260605\gcs_upload_staging\naresome_thumbnails\TQkziEP1dm8.jpg,301345,
tO2PIftRljk,2ch馴れ初め感動シネマ,【2ch馴れ初め 総集編】高級寿司屋でカッパ巻きを頼みカマされる一人娘→魚卸社長の俺がブチギレた結果..... 大人気動画まとめ3選 【作業用】【ゆっくり】,2731,maxresdefault,E:\Data\ObsidianVault\02_Channels\馴れ初めシネマ\競合チャンネル分析\企画リサーチ_20260605\gcs_upload_staging\naresome_thumbnails\tO2PIftRljk.jpg,250806,
Y2aWZ9kjN2w,2ch馴れ初めゆっくりで最愛,【2ch 馴れ初め】門前払いをしても連日営業に来る小豆農家の女性、根負けし俺の和菓子屋で試した結果 【ゆっくり】,2672,maxresdefault,E:\Data\ObsidianVault\02_Channels\馴れ初めシネマ\競合チャンネル分析\企画リサーチ_20260605\gcs_upload_staging\naresome_thumbnails\Y2aWZ9kjN2w.jpg,241508,
FPHt2vzc6RY,2ch馴れ初めほっこり物語,【2ch馴れ初め】修学旅行の班決めでハブられる太めのネクラ転校生→本当は明るくていい子なので俺たちの班に誘った結果…【ゆっくり】,2664,maxresdefault,E:\Data\ObsidianVault\02_Channels\馴れ初めシネマ\競合チャンネル分析\企画リサーチ_20260605\gcs_upload_staging\naresome_thumbnails\FPHt2vzc6RY.jpg,325020,
BVVG0oPZckE,ほろり感動馴れ初め話,【2ch馴れ初め】ヤンキー同級生にプリントを届けに来た陰キャの俺→異変を感じ取り家に連れて帰った結果…【まとめ】,2658,maxresdefault,E:\Data\ObsidianVault\02_Channels\馴れ初めシネマ\競合チャンネル分析\企画リサーチ_20260605\gcs_upload_staging\naresome_thumbnails\BVVG0oPZckE.jpg,268417,
VRlZaJX_gzY,ほろり感動馴れ初め話,【2ch馴れ初め】極寒の夜に公園に1人置き去りにされた凍える盲目少女→亡き妹が重なり声を掛けた結果…【まとめ】,2635,maxresdefault,E:\Data\ObsidianVault\02_Channels\馴れ初めシネマ\競合チャンネル分析\企画リサーチ_20260605\gcs_upload_staging\naresome_thumbnails\VRlZaJX_gzY.jpg,274272,
H8D1D_6Pmbk,俺たちの馴れ初め,【2ch馴れ初め】派遣先の会社で馬鹿にされた中卒清掃員の俺→美人受付嬢が連絡先を渡してきた結果...【ゆっくり】,2633,maxresdefault,E:\Data\ObsidianVault\02_Channels\馴れ初めシネマ\競合チャンネル分析\企画リサーチ_20260605\gcs_upload_staging\naresome_thumbnails\H8D1D_6Pmbk.jpg,323509,
CC1_Zx0OTvc,2chなれそめストーリー2.0,【2ch馴れ初め】怪我した俺を助けてくれたホームレス女性を家に泊めてあげたら、気持ちよくしてくれた結果【ゆっくり】,2604,maxresdefault,E:\Data\ObsidianVault\02_Channels\馴れ初めシネマ\競合チャンネル分析\企画リサーチ_20260605\gcs_upload_staging\naresome_thumbnails\CC1_Zx0OTvc.jpg,263934,
yKKm2-oQqzw,俺たちの馴れ初め,【2ch馴れ初め】親が残した借金のせいで廃業寸前の美容室→元カリスマ美容師の俺がハサミを握った結果...【ゆっくり】,2591,maxresdefault,E:\Data\ObsidianVault\02_Channels\馴れ初めシネマ\競合チャンネル分析\企画リサーチ_20260605\gcs_upload_staging\naresome_thumbnails\yKKm2-oQqzw.jpg,287436,
K6KVI5DFOmU,2chの感動馴初め話,【2ch馴れ初め】妻を亡くし娘と２人で暮らす俺→娘が会社の美人上司にアプローチした結果【ゆっくり】,2587,maxresdefault,E:\Data\ObsidianVault\02_Channels\馴れ初めシネマ\競合チャンネル分析\企画リサーチ_20260605\gcs_upload_staging\naresome_thumbnails\K6KVI5DFOmU.jpg,294187,
jdzseJBpH2s,2chなれそめストーリー2.0,【2ch馴れ初め】遊園地で泣いて母親を探している少女、心配だったので声をかけたら母親が○○だった…【ゆっくり解説】,2570,maxresdefault,E:\Data\ObsidianVault\02_Channels\馴れ初めシネマ\競合チャンネル分析\企画リサーチ_20260605\gcs_upload_staging\naresome_thumbnails\jdzseJBpH2s.jpg,272220,
YKlvb3DnjEo,ほろり感動馴れ初め話,【2ch馴れ初め】田舎のバス停で1日彷徨っているボロボロ双子姉妹→放っておけず声をかけた結果…【まとめ】,2559,maxresdefault,E:\Data\ObsidianVault\02_Channels\馴れ初めシネマ\競合チャンネル分析\企画リサーチ_20260605\gcs_upload_staging\naresome_thumbnails\YKlvb3DnjEo.jpg,285719,
ToCTRrkU8Ls,俺たちの馴れ初め,【総集編】馴れ初め傑作3選,2543,maxresdefault,E:\Data\ObsidianVault\02_Channels\馴れ初めシネマ\競合チャンネル分析\企画リサーチ_20260605\gcs_upload_staging\naresome_thumbnails\ToCTRrkU8Ls.jpg,244570,
J2uvucRFfc8,2ch馴れ初めタイムトラベル,【2ch馴れ初め】轢かれそうな妊婦を助けて車椅子になった俺 →学校一の美少女が突然声をかけてきた結果...【ゆっくり】,2515,maxresdefault,E:\Data\ObsidianVault\02_Channels\馴れ初めシネマ\競合チャンネル分析\企画リサーチ_20260605\gcs_upload_staging\naresome_thumbnails\J2uvucRFfc8.jpg,276613,
zg2Jq814i6s,2ch馴れ初めゆっくりで最愛,【2ch馴れ初め】陰キャの俺が借り物競走で選んだのは学校一のヤンキー美女、お題を見せろとおどされ見せた結果【ゆっくり】,2508,maxresdefault,E:\Data\ObsidianVault\02_Channels\馴れ初めシネマ\競合チャンネル分析\企画リサーチ_20260605\gcs_upload_staging\naresome_thumbnails\zg2Jq814i6s.jpg,265883,
jPv5diZkfnU,2ch馴れ初めタイムトラベル,【2ch馴れ初め】大手銀行幹部の子と遊んだ娘が５分で帰宅 →速攻でライバル企業に100億移した結果...【ゆっくり】,2477,maxresdefault,E:\Data\ObsidianVault\02_Channels\馴れ初めシネマ\競合チャンネル分析\企画リサーチ_20260605\gcs_upload_staging\naresome_thumbnails\jPv5diZkfnU.jpg,265567,
z14OAnY8K9k,2ch馴れ初めゆっくりで最愛,【2ch馴れ初め】ボロボロのギターで路上で1人弾き語りをする女子高生→音響エンジニアの俺が声を掛けた結果【ゆっくり】,2467,maxresdefault,E:\Data\ObsidianVault\02_Channels\馴れ初めシネマ\競合チャンネル分析\企画リサーチ_20260605\gcs_upload_staging\naresome_thumbnails\z14OAnY8K9k.jpg,281359,
Tdfz4m19Vzk,2chなれそめストーリー2.0,【2ch馴れ初め】華金に1人焼肉とビールを飲んでいたら、汚れた母娘が覗いていたので、気になって声を掛けた結果【ゆっくり解説】,2455,maxresdefault,E:\Data\ObsidianVault\02_Channels\馴れ初めシネマ\競合チャンネル分析\企画リサーチ_20260605\gcs_upload_staging\naresome_thumbnails\Tdfz4m19Vzk.jpg,314396,
MNaHZTJq8tQ,2ch馴れ初めタイムトラベル,【2ch馴れ初め】廃業寸前の旅館を守る為、地味女と政略結婚した俺→美女に変貌し旅館の看板女将になった結果...【ゆっくり】,2452,maxresdefault,E:\Data\ObsidianVault\02_Channels\馴れ初めシネマ\競合チャンネル分析\企画リサーチ_20260605\gcs_upload_staging\naresome_thumbnails\MNaHZTJq8tQ.jpg,257002,
tYLQNEUbg-M,2ch馴れ初め感動シネマ,【2ch馴れ初め】チンピラに絡まれ脅される涙目の美人母娘→お隣さんでヤリ手弁護士の俺が本気を出した結果,2445,maxresdefault,E:\Data\ObsidianVault\02_Channels\馴れ初めシネマ\競合チャンネル分析\企画リサーチ_20260605\gcs_upload_staging\naresome_thumbnails\tYLQNEUbg-M.jpg,260396,
B4ZNMu2NLAg,2ch馴れ初めゆっくりで最愛,【2ch 馴れ初め】先輩のミスをかぶり涙目で徹夜をする新人教師、学校でデブでぼっち隠キャの俺が本気を出した結果【ゆっくり】,2408,maxresdefault,E:\Data\ObsidianVault\02_Channels\馴れ初めシネマ\競合チャンネル分析\企画リサーチ_20260605\gcs_upload_staging\naresome_thumbnails\B4ZNMu2NLAg.jpg,265315,
gB4HE0dif9U,2ch馴れ初めタイムトラベル,【2ch馴れ初め】卒業式で担任にワザと名前を読み飛ばされた俺→数年後、同窓会で再会すると担任が顔面蒼白に...【ゆっくり】,2399,maxresdefault,E:\Data\ObsidianVault\02_Channels\馴れ初めシネマ\競合チャンネル分析\企画リサーチ_20260605\gcs_upload_staging\naresome_thumbnails\gB4HE0dif9U.jpg,334829,
Cw-dyRLt9Fg,2ch馴れ初めタイムトラベル,【2ch馴れ初め】廃業寸前の洋食屋を必死に守るお婆さん →名店を追放された俺と絶対味覚の娘が手を貸した結果...【ゆっくり】,2325,maxresdefault,E:\Data\ObsidianVault\02_Channels\馴れ初めシネマ\競合チャンネル分析\企画リサーチ_20260605\gcs_upload_staging\naresome_thumbnails\Cw-dyRLt9Fg.jpg,280274,
1lYcG8KZq5k,2ch馴れ初めゆっくりで最愛,【2ch 馴れ初め】病状が急変した息子の緊急オペを前に震える美人新人女医→無能な看護助手を演じる俺が本気を出した結果【ゆっくり】,2298,maxresdefault,E:\Data\ObsidianVault\02_Channels\馴れ初めシネマ\競合チャンネル分析\企画リサーチ_20260605\gcs_upload_staging\naresome_thumbnails\1lYcG8KZq5k.jpg,259140,
L40-_jgCOmc,2ch馴れ初めゆっくりで最愛,【2ch馴れ初め】冬制服が買えずボロボロ悪臭ジャージで登校する貧乏女子高生 同級生の俺が亡き姉の肩身の制服を譲った結果【ゆっくり】,2290,maxresdefault,E:\Data\ObsidianVault\02_Channels\馴れ初めシネマ\競合チャンネル分析\企画リサーチ_20260605\gcs_upload_staging\naresome_thumbnails\L40-_jgCOmc.jpg,275712,
jD3RqnbgC3Y,2ch 馴れ初め ストーリーズ,【2ch馴れ初め】取引先で初恋の幼馴染と再会した結果、初恋が実った,2277,maxresdefault,E:\Data\ObsidianVault\02_Channels\馴れ初めシネマ\競合チャンネル分析\企画リサーチ_20260605\gcs_upload_staging\naresome_thumbnails\jD3RqnbgC3Y.jpg,258546,
88Y-ALNjBXw,2chなれそめストーリー2.0,【2ch馴れ初め】ケンカに敗けたヤンキーに手を出した結果【ゆっくり解説】【作業用/総集編】,2244,maxresdefault,E:\Data\ObsidianVault\02_Channels\馴れ初めシネマ\競合チャンネル分析\企画リサーチ_20260605\gcs_upload_staging\naresome_thumbnails\88Y-ALNjBXw.jpg,299056,
qBoELsMCquE,2ch馴れ初めゆっくりで最愛,【2ch 馴れ初め】極寒の夜、自販機横で段ボールで寒さに耐えるボロボロ母娘。温かいお風呂（&空き部屋）と自慢の豚汁を振る舞った結果 【ゆっくり】,2206,maxresdefault,E:\Data\ObsidianVault\02_Channels\馴れ初めシネマ\競合チャンネル分析\企画リサーチ_20260605\gcs_upload_staging\naresome_thumbnails\qBoELsMCquE.jpg,281783,
DNTyq8UjtIo,2chなれそめストーリー2.0,【2ch馴れ初め】潰れかけのホテルを救ったら美人な支配人が俺の部屋の隣に引っ越してきた【ゆっくり解説】,2177,maxresdefault,E:\Data\ObsidianVault\02_Channels\馴れ初めシネマ\競合チャンネル分析\企画リサーチ_20260605\gcs_upload_staging\naresome_thumbnails\DNTyq8UjtIo.jpg,224582,
A6jDM_YiRo0,ほろり感動馴れ初め話,【2ch馴れ初め】夜の河川敷に、亡き親友が遺した身寄りのない愛犬と愛娘→俺が営む歴史ある民宿へ連れ帰った結果…【まとめ】,2156,maxresdefault,E:\Data\ObsidianVault\02_Channels\馴れ初めシネマ\競合チャンネル分析\企画リサーチ_20260605\gcs_upload_staging\naresome_thumbnails\A6jDM_YiRo0.jpg,282455,
5pMfqKYDsds,2ch馴れ初めゆっくりで最愛,【2ch馴れ初め】 極寒の夜、橋の上でひとり娘と心中を図った孤独なシングルマザー→天涯孤独の俺が間一髪で声を掛けた結果【ゆっくり】,2038,maxresdefault,E:\Data\ObsidianVault\02_Channels\馴れ初めシネマ\競合チャンネル分析\企画リサーチ_20260605\gcs_upload_staging\naresome_thumbnails\5pMfqKYDsds.jpg,278881,
9EyEH6gPcME,2chの感動馴初め話,【2ch馴れ初め】河川敷で食パン1枚を半分こする貧乏姉妹→弁護士の俺が事情を聞いた結果…【ゆっくり】,2018,maxresdefault,E:\Data\ObsidianVault\02_Channels\馴れ初めシネマ\競合チャンネル分析\企画リサーチ_20260605\gcs_upload_staging\naresome_thumbnails\9EyEH6gPcME.jpg,324392,
eXHI1xVEIr0,ほろり感動馴れ初め話,【2ch馴れ初め】ケーキ屋で娘の誕生日にお金が払えず泣いてる貧乏親子→記念日に振られた俺が予約していた特製ホールケーキをあげた結果…【まとめ】,2016,maxresdefault,E:\Data\ObsidianVault\02_Channels\馴れ初めシネマ\競合チャンネル分析\企画リサーチ_20260605\gcs_upload_staging\naresome_thumbnails\eXHI1xVEIr0.jpg,312217,
2sChGWtvfWk,2ch馴れ初めゆっくりで最愛,【2ch馴れ初め】皆が嫌う10歳年上の女上司が社員旅行中ずっと1人ぼっちだったので陰キャの俺が勇気を持って誘った結果【ゆっくり】,1986,maxresdefault,E:\Data\ObsidianVault\02_Channels\馴れ初めシネマ\競合チャンネル分析\企画リサーチ_20260605\gcs_upload_staging\naresome_thumbnails\2sChGWtvfWk.jpg,328268,
d7azD3NyDJQ,2chなれそめストーリー2.0,【2ch馴れ初め】お金が無くて電気を止められた隣人の貧乏女優に、部屋を間借りさせたら…【ゆっくり解説】,1968,maxresdefault,E:\Data\ObsidianVault\02_Channels\馴れ初めシネマ\競合チャンネル分析\企画リサーチ_20260605\gcs_upload_staging\naresome_thumbnails\d7azD3NyDJQ.jpg,216730,
dT9utD_4Z7w,2ch馴れ初め感動シネマ,【2ch馴れ初め 総集編】生徒のミスをかばい徹夜残業する涙目の美人教師→学校一のぼっち陰キャで天才プログラマの俺が本気を出した結果..... 大人気動画まとめ3選 【作業用】【ゆっくり】,1924,maxresdefault,E:\Data\ObsidianVault\02_Channels\馴れ初めシネマ\競合チャンネル分析\企画リサーチ_20260605\gcs_upload_staging\naresome_thumbnails\dT9utD_4Z7w.jpg,248682,
vtl76lJOPkE,馴れ初め公園,【馴れ初め】女医との合コンに数合わせで参加した俺→売れないバンドマンのフリをした結果…【ゆっくり】,1900,maxresdefault,E:\Data\ObsidianVault\02_Channels\馴れ初めシネマ\競合チャンネル分析\企画リサーチ_20260605\gcs_upload_staging\naresome_thumbnails\vtl76lJOPkE.jpg,333562,
x2oa_1dkYO8,2ch馴れ初めゆっくりで最愛,【2ch馴れ初め】駅の改札口で突然倒れた盲目の妊婦を放っておけず上場企業の社長面接に出席出来なかった結果【ゆっくり】,1863,maxresdefault,E:\Data\ObsidianVault\02_Channels\馴れ初めシネマ\競合チャンネル分析\企画リサーチ_20260605\gcs_upload_staging\naresome_thumbnails\x2oa_1dkYO8.jpg,254413,
_YMWRej2Mdo,2ch馴れ初めタイムトラベル,【2ch馴れ初め】顔の傷跡が理由で100社落ち、路頭に迷うボロボロ親子 →親父の直感でマグロ漁に連れて行った結果...【ゆっくり】,1835,maxresdefault,E:\Data\ObsidianVault\02_Channels\馴れ初めシネマ\競合チャンネル分析\企画リサーチ_20260605\gcs_upload_staging\naresome_thumbnails\_YMWRej2Mdo.jpg,250360,
duaCUZivfMc,2ch馴れ初めタイムトラベル,【2ch馴れ初め】高級出前寿司を取りに行った娘が5分で帰宅 →ブチギレた俺が特許米の取引を中止した結果...【ゆっくり】,1815,maxresdefault,E:\Data\ObsidianVault\02_Channels\馴れ初めシネマ\競合チャンネル分析\企画リサーチ_20260605\gcs_upload_staging\naresome_thumbnails\duaCUZivfMc.jpg,253481,
epEStLJhels,2ch馴れ初めタイムトラベル,【2ch馴れ初め】亡き姉夫婦から双子を引き取った俺 →普段は怖い美人上司に双子を見られた結果...【ゆっくり】,1812,maxresdefault,E:\Data\ObsidianVault\02_Channels\馴れ初めシネマ\競合チャンネル分析\企画リサーチ_20260605\gcs_upload_staging\naresome_thumbnails\epEStLJhels.jpg,267219,
N_JAnzxOBu0,2chなれそめストーリー2.0,【2ch馴れ初め】飲み過ぎて先輩の家に泊まって目を覚ましたら全開だった結果【ゆっくり解説】,1781,maxresdefault,E:\Data\ObsidianVault\02_Channels\馴れ初めシネマ\競合チャンネル分析\企画リサーチ_20260605\gcs_upload_staging\naresome_thumbnails\N_JAnzxOBu0.jpg,221812,
AhHAEdjKEkc,ほろり感動馴れ初め話,【2ch馴れ初め】深夜に高熱の娘を抱えたボロボロ女性がタクシーに乗車拒否される→閉院寸前の病院長の俺が声を掛けた結果…【まとめ】,1747,maxresdefault,E:\Data\ObsidianVault\02_Channels\馴れ初めシネマ\競合チャンネル分析\企画リサーチ_20260605\gcs_upload_staging\naresome_thumbnails\AhHAEdjKEkc.jpg,317297,
GUZy1jzO6zg,2chなれそめストーリー2.0,【2ch馴れ初め総集編】地味で貧乏な同級生JKにお風呂を貸したら発育がスゴすぎた… 【作業用】【ゆっくり解説】,1717,maxresdefault,E:\Data\ObsidianVault\02_Channels\馴れ初めシネマ\競合チャンネル分析\企画リサーチ_20260605\gcs_upload_staging\naresome_thumbnails\GUZy1jzO6zg.jpg,243518,
um-kdb0H3HA,2chなれそめストーリー2.0,【2ch馴れ初め】俺を異性と認識していない幼馴染を押し倒してわからせてみた結果【ゆっくり解説】,1669,maxresdefault,E:\Data\ObsidianVault\02_Channels\馴れ初めシネマ\競合チャンネル分析\企画リサーチ_20260605\gcs_upload_staging\naresome_thumbnails\um-kdb0H3HA.jpg,223780,
z0mTPm3imnw,2ch馴れ初め感動シネマ,【2ch馴れ初め】合同ハイキングで登山中に遭難した女子大生→山登りが趣味の俺が助けに向かった結果,1653,maxresdefault,E:\Data\ObsidianVault\02_Channels\馴れ初めシネマ\競合チャンネル分析\企画リサーチ_20260605\gcs_upload_staging\naresome_thumbnails\z0mTPm3imnw.jpg,236250,
Qfjgq36_0iQ,2ch馴れ初めゆっくりで最愛,【2ch馴れ初め】生きる意味を失い地獄の毎日を送る俺河川敷で独り晩酌中に現れたボロボロの母娘に自慢のタコ焼きを振る舞った結果【ゆっくり】,1499,maxresdefault,E:\Data\ObsidianVault\02_Channels\馴れ初めシネマ\競合チャンネル分析\企画リサーチ_20260605\gcs_upload_staging\naresome_thumbnails\Qfjgq36_0iQ.jpg,280288,
e5bMuXbKMZ0,2chなれそめストーリー2.0,【2ch馴れ初め総集編】親戚に頼まれてお見合いしたら、先日寿退社したはずの女上司が現れた… 2chなれそめストーリーの人気動画をまとめてみた！【作業用】【ゆっくり】,1461,maxresdefault,E:\Data\ObsidianVault\02_Channels\馴れ初めシネマ\競合チャンネル分析\企画リサーチ_20260605\gcs_upload_staging\naresome_thumbnails\e5bMuXbKMZ0.jpg,244904,
nGhFLbMkZqc,ほろり感動馴れ初め話,【2ch馴れ初め】田舎で1人暮らしする父の話相手になるボロボロの双子 → 汚れたバッグしか持ってないので、新品のランドセルをプレゼントした結果…【まとめ】,1306,maxresdefault,E:\Data\ObsidianVault\02_Channels\馴れ初めシネマ\競合チャンネル分析\企画リサーチ_20260605\gcs_upload_staging\naresome_thumbnails\nGhFLbMkZqc.jpg,312438,
GW0areSEQRU,2ch 馴れ初め ストーリーズ,【2ch馴れ初め】兄夫婦に「自閉症」と捨てられた1歳の姪→俺が引き取りからくり時計を渡した結果【ゆっくり】,1213,maxresdefault,E:\Data\ObsidianVault\02_Channels\馴れ初めシネマ\競合チャンネル分析\企画リサーチ_20260605\gcs_upload_staging\naresome_thumbnails\GW0areSEQRU.jpg,368787,
qcC40ga3keQ,2chなれそめストーリー2.0,【2ch馴れ初め】真夏のサービスエリアでの野宿する貧乏母娘、大型バス運転手の俺が名物のカレーをご馳走した結果【ゆっくり解説】,1116,maxresdefault,E:\Data\ObsidianVault\02_Channels\馴れ初めシネマ\競合チャンネル分析\企画リサーチ_20260605\gcs_upload_staging\naresome_thumbnails\qcC40ga3keQ.jpg,297087,
sjsKgXVAxPE,2ch馴れ初めタイムトラベル,【2ch馴れ初め】繁忙期のコンビニに来たボロボロの親子 →人手不足なので接客を手伝ってもらった結果...【ゆっくり】,1060,maxresdefault,E:\Data\ObsidianVault\02_Channels\馴れ初めシネマ\競合チャンネル分析\企画リサーチ_20260605\gcs_upload_staging\naresome_thumbnails\sjsKgXVAxPE.jpg,267317,
S_7QlDY5VuM,2ch馴れ初めゆっくりで最愛,【2ch 馴れ初め】取引先社長の頼みを断れずお見合いしたら寿退社したはずの元ヤン女上司が別人になって現れた結果【ゆっくり】,985,maxresdefault,E:\Data\ObsidianVault\02_Channels\馴れ初めシネマ\競合チャンネル分析\企画リサーチ_20260605\gcs_upload_staging\naresome_thumbnails\S_7QlDY5VuM.jpg,254686,
omHHuN0YxJw,2ch馴れ初めムービー,【２ｃｈ馴れ初め】陰キャのフリしてた最強ヤンキーの俺が本気を出した結果【ゆっくり】,853,maxresdefault,E:\Data\ObsidianVault\02_Channels\馴れ初めシネマ\競合チャンネル分析\企画リサーチ_20260605\gcs_upload_staging\naresome_thumbnails\omHHuN0YxJw.jpg,280317,
k3Sa-I8ZJCY,2ch馴れ初めタイムトラベル,【2ch馴れ初め】100人分の弁当をドタキャンされたボロボロ親子 →社長の俺が社員のために買い占めた結果...【ゆっくり】,750,maxresdefault,E:\Data\ObsidianVault\02_Channels\馴れ初めシネマ\競合チャンネル分析\企画リサーチ_20260605\gcs_upload_staging\naresome_thumbnails\k3Sa-I8ZJCY.jpg,274217,
bnOaLSdYxVE,2ch馴れ初めタイムトラベル,【2ch馴れ初め】昼時なのに客ゼロで廃業寸前の洋食屋 →元５ツ星シェフの俺が手を貸した結果...【ゆっくり】,742,maxresdefault,E:\Data\ObsidianVault\02_Channels\馴れ初めシネマ\競合チャンネル分析\企画リサーチ_20260605\gcs_upload_staging\naresome_thumbnails\bnOaLSdYxVE.jpg,250638,
RgqjjB-oRSI,2ch馴れ初めゆっくりで最愛,【2ch馴れ初め 総集編】大人気馴れ初め動画6選まとめ 極寒の夜、段ボールで寒さを凌ぐボロボロの母娘→あったかいお風呂と自慢の豚汁を振る舞った結果 2ch馴れ初めゆっくりで最愛,494,maxresdefault,E:\Data\ObsidianVault\02_Channels\馴れ初めシネマ\競合チャンネル分析\企画リサーチ_20260605\gcs_upload_staging\naresome_thumbnails\RgqjjB-oRSI.jpg,283578,
alXs_kNGCZA,2ch馴れ初めムービー,【２ｃｈ馴れ初め】仕入先の社長に頼まれて断れずお見合いしたら→タヒんだはずの初恋の幼馴染が現れた結果・・・【ゆっくり】,477,maxresdefault,E:\Data\ObsidianVault\02_Channels\馴れ初めシネマ\競合チャンネル分析\企画リサーチ_20260605\gcs_upload_staging\naresome_thumbnails\alXs_kNGCZA.jpg,266611,
4gnVXOVHWkE,2ch馴れ初め感動シネマ,【2ch馴れ初め】華金の夜、居酒屋でひとりやけ酒する隣の女性→絶望ライン工の俺が親身に相談に乗ってあげた結果,444,maxresdefault,E:\Data\ObsidianVault\02_Channels\馴れ初めシネマ\競合チャンネル分析\企画リサーチ_20260605\gcs_upload_staging\naresome_thumbnails\4gnVXOVHWkE.jpg,229252,
VvF_u-sfolU,2ch馴れ初め感動シネマ,【2ch馴れ初め】早朝から道路脇で身売りする孤独なお婆ちゃん→お婆ちゃん子で運送会社社長の俺が心配になって保護した結果,313,maxresdefault,E:\Data\ObsidianVault\02_Channels\馴れ初めシネマ\競合チャンネル分析\企画リサーチ_20260605\gcs_upload_staging\naresome_thumbnails\VvF_u-sfolU.jpg,252644,
iAcUtIbccLo,2ch馴れ初め奇跡の出会い,【2ch馴れ初め】得意先が全部俺のツテと知らずクビにした新社長→独立したら取引ゼロになった結果 ...【ゆっくり】,6059,maxresdefault,E:\Data\ObsidianVault\02_Channels\馴れ初めシネマ\競合チャンネル分析\企画リサーチ_20260605\gcs_upload_staging\naresome_thumbnails\iAcUtIbccLo.jpg,304660,
OBYlwWK-7Jw,2ch馴れ初めラブレター,【2ch馴れ初め】かつて放置子だった俺に何も聞かず飯をくれた定食屋夫婦→15年後社長になった俺があの店の前で再会した結果...【ゆっくり】,5879,maxresdefault,E:\Data\ObsidianVault\02_Channels\馴れ初めシネマ\競合チャンネル分析\企画リサーチ_20260605\gcs_upload_staging\naresome_thumbnails\OBYlwWK-7Jw.jpg,344066,
