video_id,local_csv_asset,bytes,gcs_uri
Mjw-z8PZfhM,E:\Data\ObsidianVault\02_Channels\馴れ初めシネマ\競合チャンネル分析\企画リサーチ_20260605\script_csv_assets\Mjw-z8PZfhM.csv,133953,gs://senior-share-staging-570862915709/naresome_script_csv/Mjw-z8PZfhM.csv
nFJ2u3v3nW4,E:\Data\ObsidianVault\02_Channels\馴れ初めシネマ\競合チャンネル分析\企画リサーチ_20260605\script_csv_assets\nFJ2u3v3nW4.csv,118553,gs://senior-share-staging-570862915709/naresome_script_csv/nFJ2u3v3nW4.csv
SSyV5hhV-tw,E:\Data\ObsidianVault\02_Channels\馴れ初めシネマ\競合チャンネル分析\企画リサーチ_20260605\script_csv_assets\SSyV5hhV-tw.csv,90932,gs://senior-share-staging-570862915709/naresome_script_csv/SSyV5hhV-tw.csv
53iJaK_6_RQ,E:\Data\ObsidianVault\02_Channels\馴れ初めシネマ\競合チャンネル分析\企画リサーチ_20260605\script_csv_assets\53iJaK_6_RQ.csv,117980,gs://senior-share-staging-570862915709/naresome_script_csv/53iJaK_6_RQ.csv
LQ5cujQcYqE,E:\Data\ObsidianVault\02_Channels\馴れ初めシネマ\競合チャンネル分析\企画リサーチ_20260605\script_csv_assets\LQ5cujQcYqE.csv,111997,gs://senior-share-staging-570862915709/naresome_script_csv/LQ5cujQcYqE.csv
C3ssR9Bneys,E:\Data\ObsidianVault\02_Channels\馴れ初めシネマ\競合チャンネル分析\企画リサーチ_20260605\script_csv_assets\C3ssR9Bneys.csv,126633,gs://senior-share-staging-570862915709/naresome_script_csv/C3ssR9Bneys.csv
2uk8znSmTiE,E:\Data\ObsidianVault\02_Channels\馴れ初めシネマ\競合チャンネル分析\企画リサーチ_20260605\script_csv_assets\2uk8znSmTiE.csv,116469,gs://senior-share-staging-570862915709/naresome_script_csv/2uk8znSmTiE.csv
YNSxozjvyn0,E:\Data\ObsidianVault\02_Channels\馴れ初めシネマ\競合チャンネル分析\企画リサーチ_20260605\script_csv_assets\YNSxozjvyn0.csv,75183,gs://senior-share-staging-570862915709/naresome_script_csv/YNSxozjvyn0.csv
4n4gN4xnWmo,E:\Data\ObsidianVault\02_Channels\馴れ初めシネマ\競合チャンネル分析\企画リサーチ_20260605\script_csv_assets\4n4gN4xnWmo.csv,113072,gs://senior-share-staging-570862915709/naresome_script_csv/4n4gN4xnWmo.csv
pnaQvMMZ6aw,E:\Data\ObsidianVault\02_Channels\馴れ初めシネマ\競合チャンネル分析\企画リサーチ_20260605\script_csv_assets\pnaQvMMZ6aw.csv,106044,gs://senior-share-staging-570862915709/naresome_script_csv/pnaQvMMZ6aw.csv
xrhCPZgSq44,E:\Data\ObsidianVault\02_Channels\馴れ初めシネマ\競合チャンネル分析\企画リサーチ_20260605\script_csv_assets\xrhCPZgSq44.csv,116840,gs://senior-share-staging-570862915709/naresome_script_csv/xrhCPZgSq44.csv
yZgu3YAjUhE,E:\Data\ObsidianVault\02_Channels\馴れ初めシネマ\競合チャンネル分析\企画リサーチ_20260605\script_csv_assets\yZgu3YAjUhE.csv,130370,gs://senior-share-staging-570862915709/naresome_script_csv/yZgu3YAjUhE.csv
E6eszIXfLUw,E:\Data\ObsidianVault\02_Channels\馴れ初めシネマ\競合チャンネル分析\企画リサーチ_20260605\script_csv_assets\E6eszIXfLUw.csv,219019,gs://senior-share-staging-570862915709/naresome_script_csv/E6eszIXfLUw.csv
eJen-8-60Cg,E:\Data\ObsidianVault\02_Channels\馴れ初めシネマ\競合チャンネル分析\企画リサーチ_20260605\script_csv_assets\eJen-8-60Cg.csv,164571,gs://senior-share-staging-570862915709/naresome_script_csv/eJen-8-60Cg.csv
KsNJwr1O02c,E:\Data\ObsidianVault\02_Channels\馴れ初めシネマ\競合チャンネル分析\企画リサーチ_20260605\script_csv_assets\KsNJwr1O02c.csv,101915,gs://senior-share-staging-570862915709/naresome_script_csv/KsNJwr1O02c.csv
9CLAf6s36tI,E:\Data\ObsidianVault\02_Channels\馴れ初めシネマ\競合チャンネル分析\企画リサーチ_20260605\script_csv_assets\9CLAf6s36tI.csv,102917,gs://senior-share-staging-570862915709/naresome_script_csv/9CLAf6s36tI.csv
0MVHyRcE5K4,E:\Data\ObsidianVault\02_Channels\馴れ初めシネマ\競合チャンネル分析\企画リサーチ_20260605\script_csv_assets\0MVHyRcE5K4.csv,167189,gs://senior-share-staging-570862915709/naresome_script_csv/0MVHyRcE5K4.csv
xMC_c6CZilg,E:\Data\ObsidianVault\02_Channels\馴れ初めシネマ\競合チャンネル分析\企画リサーチ_20260605\script_csv_assets\xMC_c6CZilg.csv,170646,gs://senior-share-staging-570862915709/naresome_script_csv/xMC_c6CZilg.csv
L8gWq7CSkSw,E:\Data\ObsidianVault\02_Channels\馴れ初めシネマ\競合チャンネル分析\企画リサーチ_20260605\script_csv_assets\L8gWq7CSkSw.csv,125512,gs://senior-share-staging-570862915709/naresome_script_csv/L8gWq7CSkSw.csv
KDbhi30uOjQ,E:\Data\ObsidianVault\02_Channels\馴れ初めシネマ\競合チャンネル分析\企画リサーチ_20260605\script_csv_assets\KDbhi30uOjQ.csv,153906,gs://senior-share-staging-570862915709/naresome_script_csv/KDbhi30uOjQ.csv
EAdeAjprPYs,E:\Data\ObsidianVault\02_Channels\馴れ初めシネマ\競合チャンネル分析\企画リサーチ_20260605\script_csv_assets\EAdeAjprPYs.csv,124722,gs://senior-share-staging-570862915709/naresome_script_csv/EAdeAjprPYs.csv
K6mLB-nvm8s,E:\Data\ObsidianVault\02_Channels\馴れ初めシネマ\競合チャンネル分析\企画リサーチ_20260605\script_csv_assets\K6mLB-nvm8s.csv,126708,gs://senior-share-staging-570862915709/naresome_script_csv/K6mLB-nvm8s.csv
o52Q-oDR3pM,E:\Data\ObsidianVault\02_Channels\馴れ初めシネマ\競合チャンネル分析\企画リサーチ_20260605\script_csv_assets\o52Q-oDR3pM.csv,104404,gs://senior-share-staging-570862915709/naresome_script_csv/o52Q-oDR3pM.csv
Wj--PkWS88E,E:\Data\ObsidianVault\02_Channels\馴れ初めシネマ\競合チャンネル分析\企画リサーチ_20260605\script_csv_assets\Wj--PkWS88E.csv,134255,gs://senior-share-staging-570862915709/naresome_script_csv/Wj--PkWS88E.csv
5ZszHr_U17A,E:\Data\ObsidianVault\02_Channels\馴れ初めシネマ\競合チャンネル分析\企画リサーチ_20260605\script_csv_assets\5ZszHr_U17A.csv,156062,gs://senior-share-staging-570862915709/naresome_script_csv/5ZszHr_U17A.csv
DY8MbxR4yZk,E:\Data\ObsidianVault\02_Channels\馴れ初めシネマ\競合チャンネル分析\企画リサーチ_20260605\script_csv_assets\DY8MbxR4yZk.csv,123306,gs://senior-share-staging-570862915709/naresome_script_csv/DY8MbxR4yZk.csv
ko38MCc1BjA,E:\Data\ObsidianVault\02_Channels\馴れ初めシネマ\競合チャンネル分析\企画リサーチ_20260605\script_csv_assets\ko38MCc1BjA.csv,153456,gs://senior-share-staging-570862915709/naresome_script_csv/ko38MCc1BjA.csv
gkN6BL3CrwE,E:\Data\ObsidianVault\02_Channels\馴れ初めシネマ\競合チャンネル分析\企画リサーチ_20260605\script_csv_assets\gkN6BL3CrwE.csv,97545,gs://senior-share-staging-570862915709/naresome_script_csv/gkN6BL3CrwE.csv
-6eAzUft8kc,E:\Data\ObsidianVault\02_Channels\馴れ初めシネマ\競合チャンネル分析\企画リサーチ_20260605\script_csv_assets\-6eAzUft8kc.csv,163295,gs://senior-share-staging-570862915709/naresome_script_csv/-6eAzUft8kc.csv
uIQL4iNtkmg,E:\Data\ObsidianVault\02_Channels\馴れ初めシネマ\競合チャンネル分析\企画リサーチ_20260605\script_csv_assets\uIQL4iNtkmg.csv,104797,gs://senior-share-staging-570862915709/naresome_script_csv/uIQL4iNtkmg.csv
1e6JrbaUFCE,E:\Data\ObsidianVault\02_Channels\馴れ初めシネマ\競合チャンネル分析\企画リサーチ_20260605\script_csv_assets\1e6JrbaUFCE.csv,193459,gs://senior-share-staging-570862915709/naresome_script_csv/1e6JrbaUFCE.csv
NFNdX55aWQQ,E:\Data\ObsidianVault\02_Channels\馴れ初めシネマ\競合チャンネル分析\企画リサーチ_20260605\script_csv_assets\NFNdX55aWQQ.csv,228452,gs://senior-share-staging-570862915709/naresome_script_csv/NFNdX55aWQQ.csv
aIxL3N9jveQ,E:\Data\ObsidianVault\02_Channels\馴れ初めシネマ\競合チャンネル分析\企画リサーチ_20260605\script_csv_assets\aIxL3N9jveQ.csv,137856,gs://senior-share-staging-570862915709/naresome_script_csv/aIxL3N9jveQ.csv
tFQWiZU8trE,E:\Data\ObsidianVault\02_Channels\馴れ初めシネマ\競合チャンネル分析\企画リサーチ_20260605\script_csv_assets\tFQWiZU8trE.csv,140770,gs://senior-share-staging-570862915709/naresome_script_csv/tFQWiZU8trE.csv
7EeGoihjcMQ,E:\Data\ObsidianVault\02_Channels\馴れ初めシネマ\競合チャンネル分析\企画リサーチ_20260605\script_csv_assets\7EeGoihjcMQ.csv,136522,gs://senior-share-staging-570862915709/naresome_script_csv/7EeGoihjcMQ.csv
MAwEBWPEMoc,E:\Data\ObsidianVault\02_Channels\馴れ初めシネマ\競合チャンネル分析\企画リサーチ_20260605\script_csv_assets\MAwEBWPEMoc.csv,94022,gs://senior-share-staging-570862915709/naresome_script_csv/MAwEBWPEMoc.csv
IoPopVjcu_k,E:\Data\ObsidianVault\02_Channels\馴れ初めシネマ\競合チャンネル分析\企画リサーチ_20260605\script_csv_assets\IoPopVjcu_k.csv,105509,gs://senior-share-staging-570862915709/naresome_script_csv/IoPopVjcu_k.csv
iEJR0sTVfoo,E:\Data\ObsidianVault\02_Channels\馴れ初めシネマ\競合チャンネル分析\企画リサーチ_20260605\script_csv_assets\iEJR0sTVfoo.csv,83423,gs://senior-share-staging-570862915709/naresome_script_csv/iEJR0sTVfoo.csv
dhttbbQBWjw,E:\Data\ObsidianVault\02_Channels\馴れ初めシネマ\競合チャンネル分析\企画リサーチ_20260605\script_csv_assets\dhttbbQBWjw.csv,82908,gs://senior-share-staging-570862915709/naresome_script_csv/dhttbbQBWjw.csv
5AVg-VQ4pgk,E:\Data\ObsidianVault\02_Channels\馴れ初めシネマ\競合チャンネル分析\企画リサーチ_20260605\script_csv_assets\5AVg-VQ4pgk.csv,152462,gs://senior-share-staging-570862915709/naresome_script_csv/5AVg-VQ4pgk.csv
23FussXhqUM,E:\Data\ObsidianVault\02_Channels\馴れ初めシネマ\競合チャンネル分析\企画リサーチ_20260605\script_csv_assets\23FussXhqUM.csv,121157,gs://senior-share-staging-570862915709/naresome_script_csv/23FussXhqUM.csv
3ddfTU5Y9sQ,E:\Data\ObsidianVault\02_Channels\馴れ初めシネマ\競合チャンネル分析\企画リサーチ_20260605\script_csv_assets\3ddfTU5Y9sQ.csv,101007,gs://senior-share-staging-570862915709/naresome_script_csv/3ddfTU5Y9sQ.csv
YFPECvPL4rM,E:\Data\ObsidianVault\02_Channels\馴れ初めシネマ\競合チャンネル分析\企画リサーチ_20260605\script_csv_assets\YFPECvPL4rM.csv,117894,gs://senior-share-staging-570862915709/naresome_script_csv/YFPECvPL4rM.csv
H_FMvUIzf0U,E:\Data\ObsidianVault\02_Channels\馴れ初めシネマ\競合チャンネル分析\企画リサーチ_20260605\script_csv_assets\H_FMvUIzf0U.csv,97746,gs://senior-share-staging-570862915709/naresome_script_csv/H_FMvUIzf0U.csv
ZQftYwRyu_k,E:\Data\ObsidianVault\02_Channels\馴れ初めシネマ\競合チャンネル分析\企画リサーチ_20260605\script_csv_assets\ZQftYwRyu_k.csv,97000,gs://senior-share-staging-570862915709/naresome_script_csv/ZQftYwRyu_k.csv
sKgRWB31eO4,E:\Data\ObsidianVault\02_Channels\馴れ初めシネマ\競合チャンネル分析\企画リサーチ_20260605\script_csv_assets\sKgRWB31eO4.csv,214904,gs://senior-share-staging-570862915709/naresome_script_csv/sKgRWB31eO4.csv
nxOpyakt4QU,E:\Data\ObsidianVault\02_Channels\馴れ初めシネマ\競合チャンネル分析\企画リサーチ_20260605\script_csv_assets\nxOpyakt4QU.csv,126579,gs://senior-share-staging-570862915709/naresome_script_csv/nxOpyakt4QU.csv
YBKjRjYchXo,E:\Data\ObsidianVault\02_Channels\馴れ初めシネマ\競合チャンネル分析\企画リサーチ_20260605\script_csv_assets\YBKjRjYchXo.csv,94765,gs://senior-share-staging-570862915709/naresome_script_csv/YBKjRjYchXo.csv
67CyxUtJJuU,E:\Data\ObsidianVault\02_Channels\馴れ初めシネマ\競合チャンネル分析\企画リサーチ_20260605\script_csv_assets\67CyxUtJJuU.csv,142002,gs://senior-share-staging-570862915709/naresome_script_csv/67CyxUtJJuU.csv
oXLrNo3ye9Q,E:\Data\ObsidianVault\02_Channels\馴れ初めシネマ\競合チャンネル分析\企画リサーチ_20260605\script_csv_assets\oXLrNo3ye9Q.csv,713687,gs://senior-share-staging-570862915709/naresome_script_csv/oXLrNo3ye9Q.csv
wAqGZFzSWT8,E:\Data\ObsidianVault\02_Channels\馴れ初めシネマ\競合チャンネル分析\企画リサーチ_20260605\script_csv_assets\wAqGZFzSWT8.csv,103509,gs://senior-share-staging-570862915709/naresome_script_csv/wAqGZFzSWT8.csv
RRQ4Zvf_guw,E:\Data\ObsidianVault\02_Channels\馴れ初めシネマ\競合チャンネル分析\企画リサーチ_20260605\script_csv_assets\RRQ4Zvf_guw.csv,92427,gs://senior-share-staging-570862915709/naresome_script_csv/RRQ4Zvf_guw.csv
94_8YzAMPes,E:\Data\ObsidianVault\02_Channels\馴れ初めシネマ\競合チャンネル分析\企画リサーチ_20260605\script_csv_assets\94_8YzAMPes.csv,127792,gs://senior-share-staging-570862915709/naresome_script_csv/94_8YzAMPes.csv
3vbIIzQmRyw,E:\Data\ObsidianVault\02_Channels\馴れ初めシネマ\競合チャンネル分析\企画リサーチ_20260605\script_csv_assets\3vbIIzQmRyw.csv,115532,gs://senior-share-staging-570862915709/naresome_script_csv/3vbIIzQmRyw.csv
o04dPTajdmA,E:\Data\ObsidianVault\02_Channels\馴れ初めシネマ\競合チャンネル分析\企画リサーチ_20260605\script_csv_assets\o04dPTajdmA.csv,134542,gs://senior-share-staging-570862915709/naresome_script_csv/o04dPTajdmA.csv
JzOujrt9nEA,E:\Data\ObsidianVault\02_Channels\馴れ初めシネマ\競合チャンネル分析\企画リサーチ_20260605\script_csv_assets\JzOujrt9nEA.csv,194495,gs://senior-share-staging-570862915709/naresome_script_csv/JzOujrt9nEA.csv
Yxs5_UjfSRs,E:\Data\ObsidianVault\02_Channels\馴れ初めシネマ\競合チャンネル分析\企画リサーチ_20260605\script_csv_assets\Yxs5_UjfSRs.csv,177642,gs://senior-share-staging-570862915709/naresome_script_csv/Yxs5_UjfSRs.csv
IF9YyRhHm6Q,E:\Data\ObsidianVault\02_Channels\馴れ初めシネマ\競合チャンネル分析\企画リサーチ_20260605\script_csv_assets\IF9YyRhHm6Q.csv,97484,gs://senior-share-staging-570862915709/naresome_script_csv/IF9YyRhHm6Q.csv
QPv9PhrB8UE,E:\Data\ObsidianVault\02_Channels\馴れ初めシネマ\競合チャンネル分析\企画リサーチ_20260605\script_csv_assets\QPv9PhrB8UE.csv,124414,gs://senior-share-staging-570862915709/naresome_script_csv/QPv9PhrB8UE.csv
ZkOvfNSclDY,E:\Data\ObsidianVault\02_Channels\馴れ初めシネマ\競合チャンネル分析\企画リサーチ_20260605\script_csv_assets\ZkOvfNSclDY.csv,104803,gs://senior-share-staging-570862915709/naresome_script_csv/ZkOvfNSclDY.csv
UUnYHXb9_Bs,E:\Data\ObsidianVault\02_Channels\馴れ初めシネマ\競合チャンネル分析\企画リサーチ_20260605\script_csv_assets\UUnYHXb9_Bs.csv,96638,gs://senior-share-staging-570862915709/naresome_script_csv/UUnYHXb9_Bs.csv
U3yT_xyTDGE,E:\Data\ObsidianVault\02_Channels\馴れ初めシネマ\競合チャンネル分析\企画リサーチ_20260605\script_csv_assets\U3yT_xyTDGE.csv,129801,gs://senior-share-staging-570862915709/naresome_script_csv/U3yT_xyTDGE.csv
X0yrb7IFCP8,E:\Data\ObsidianVault\02_Channels\馴れ初めシネマ\競合チャンネル分析\企画リサーチ_20260605\script_csv_assets\X0yrb7IFCP8.csv,120393,gs://senior-share-staging-570862915709/naresome_script_csv/X0yrb7IFCP8.csv
y9vNfaSBYf8,E:\Data\ObsidianVault\02_Channels\馴れ初めシネマ\競合チャンネル分析\企画リサーチ_20260605\script_csv_assets\y9vNfaSBYf8.csv,179027,gs://senior-share-staging-570862915709/naresome_script_csv/y9vNfaSBYf8.csv
2p7wZ-ymuoM,E:\Data\ObsidianVault\02_Channels\馴れ初めシネマ\競合チャンネル分析\企画リサーチ_20260605\script_csv_assets\2p7wZ-ymuoM.csv,113795,gs://senior-share-staging-570862915709/naresome_script_csv/2p7wZ-ymuoM.csv
dLVFiPLle1U,E:\Data\ObsidianVault\02_Channels\馴れ初めシネマ\競合チャンネル分析\企画リサーチ_20260605\script_csv_assets\dLVFiPLle1U.csv,123350,gs://senior-share-staging-570862915709/naresome_script_csv/dLVFiPLle1U.csv
TZWjzRBnnsg,E:\Data\ObsidianVault\02_Channels\馴れ初めシネマ\競合チャンネル分析\企画リサーチ_20260605\script_csv_assets\TZWjzRBnnsg.csv,110477,gs://senior-share-staging-570862915709/naresome_script_csv/TZWjzRBnnsg.csv
PQfdNcanvU4,E:\Data\ObsidianVault\02_Channels\馴れ初めシネマ\競合チャンネル分析\企画リサーチ_20260605\script_csv_assets\PQfdNcanvU4.csv,58921,gs://senior-share-staging-570862915709/naresome_script_csv/PQfdNcanvU4.csv
wn-rKXYEPX8,E:\Data\ObsidianVault\02_Channels\馴れ初めシネマ\競合チャンネル分析\企画リサーチ_20260605\script_csv_assets\wn-rKXYEPX8.csv,146994,gs://senior-share-staging-570862915709/naresome_script_csv/wn-rKXYEPX8.csv
cxw2FVHQe_8,E:\Data\ObsidianVault\02_Channels\馴れ初めシネマ\競合チャンネル分析\企画リサーチ_20260605\script_csv_assets\cxw2FVHQe_8.csv,179384,gs://senior-share-staging-570862915709/naresome_script_csv/cxw2FVHQe_8.csv
t8SIm0e4dzg,E:\Data\ObsidianVault\02_Channels\馴れ初めシネマ\競合チャンネル分析\企画リサーチ_20260605\script_csv_assets\t8SIm0e4dzg.csv,123313,gs://senior-share-staging-570862915709/naresome_script_csv/t8SIm0e4dzg.csv
R7gcHyY-vGE,E:\Data\ObsidianVault\02_Channels\馴れ初めシネマ\競合チャンネル分析\企画リサーチ_20260605\script_csv_assets\R7gcHyY-vGE.csv,163320,gs://senior-share-staging-570862915709/naresome_script_csv/R7gcHyY-vGE.csv
YpuziC0QUes,E:\Data\ObsidianVault\02_Channels\馴れ初めシネマ\競合チャンネル分析\企画リサーチ_20260605\script_csv_assets\YpuziC0QUes.csv,100667,gs://senior-share-staging-570862915709/naresome_script_csv/YpuziC0QUes.csv
fZQ1WuWk_oA,E:\Data\ObsidianVault\02_Channels\馴れ初めシネマ\競合チャンネル分析\企画リサーチ_20260605\script_csv_assets\fZQ1WuWk_oA.csv,101905,gs://senior-share-staging-570862915709/naresome_script_csv/fZQ1WuWk_oA.csv
SNKS89me9ZI,E:\Data\ObsidianVault\02_Channels\馴れ初めシネマ\競合チャンネル分析\企画リサーチ_20260605\script_csv_assets\SNKS89me9ZI.csv,110570,gs://senior-share-staging-570862915709/naresome_script_csv/SNKS89me9ZI.csv
ShSww0rUHA8,E:\Data\ObsidianVault\02_Channels\馴れ初めシネマ\競合チャンネル分析\企画リサーチ_20260605\script_csv_assets\ShSww0rUHA8.csv,121157,gs://senior-share-staging-570862915709/naresome_script_csv/ShSww0rUHA8.csv
52oyQaMLe2E,E:\Data\ObsidianVault\02_Channels\馴れ初めシネマ\競合チャンネル分析\企画リサーチ_20260605\script_csv_assets\52oyQaMLe2E.csv,93843,gs://senior-share-staging-570862915709/naresome_script_csv/52oyQaMLe2E.csv
4fk07sru0wY,E:\Data\ObsidianVault\02_Channels\馴れ初めシネマ\競合チャンネル分析\企画リサーチ_20260605\script_csv_assets\4fk07sru0wY.csv,159467,gs://senior-share-staging-570862915709/naresome_script_csv/4fk07sru0wY.csv
5xkGC8anm4c,E:\Data\ObsidianVault\02_Channels\馴れ初めシネマ\競合チャンネル分析\企画リサーチ_20260605\script_csv_assets\5xkGC8anm4c.csv,103830,gs://senior-share-staging-570862915709/naresome_script_csv/5xkGC8anm4c.csv
JuCNAzxsl6Q,E:\Data\ObsidianVault\02_Channels\馴れ初めシネマ\競合チャンネル分析\企画リサーチ_20260605\script_csv_assets\JuCNAzxsl6Q.csv,138259,gs://senior-share-staging-570862915709/naresome_script_csv/JuCNAzxsl6Q.csv
BnJ7YGr6faw,E:\Data\ObsidianVault\02_Channels\馴れ初めシネマ\競合チャンネル分析\企画リサーチ_20260605\script_csv_assets\BnJ7YGr6faw.csv,184693,gs://senior-share-staging-570862915709/naresome_script_csv/BnJ7YGr6faw.csv
89TaGcvToAk,E:\Data\ObsidianVault\02_Channels\馴れ初めシネマ\競合チャンネル分析\企画リサーチ_20260605\script_csv_assets\89TaGcvToAk.csv,105919,gs://senior-share-staging-570862915709/naresome_script_csv/89TaGcvToAk.csv
2GNbpu39jW0,E:\Data\ObsidianVault\02_Channels\馴れ初めシネマ\競合チャンネル分析\企画リサーチ_20260605\script_csv_assets\2GNbpu39jW0.csv,113283,gs://senior-share-staging-570862915709/naresome_script_csv/2GNbpu39jW0.csv
dOg_IigZ18Y,E:\Data\ObsidianVault\02_Channels\馴れ初めシネマ\競合チャンネル分析\企画リサーチ_20260605\script_csv_assets\dOg_IigZ18Y.csv,85702,gs://senior-share-staging-570862915709/naresome_script_csv/dOg_IigZ18Y.csv
PhAXUThcyvc,E:\Data\ObsidianVault\02_Channels\馴れ初めシネマ\競合チャンネル分析\企画リサーチ_20260605\script_csv_assets\PhAXUThcyvc.csv,154120,gs://senior-share-staging-570862915709/naresome_script_csv/PhAXUThcyvc.csv
-ELesAHAMjs,E:\Data\ObsidianVault\02_Channels\馴れ初めシネマ\競合チャンネル分析\企画リサーチ_20260605\script_csv_assets\-ELesAHAMjs.csv,191592,gs://senior-share-staging-570862915709/naresome_script_csv/-ELesAHAMjs.csv
pAjDLtGjRKU,E:\Data\ObsidianVault\02_Channels\馴れ初めシネマ\競合チャンネル分析\企画リサーチ_20260605\script_csv_assets\pAjDLtGjRKU.csv,134272,gs://senior-share-staging-570862915709/naresome_script_csv/pAjDLtGjRKU.csv
5FCnSUY_ytU,E:\Data\ObsidianVault\02_Channels\馴れ初めシネマ\競合チャンネル分析\企画リサーチ_20260605\script_csv_assets\5FCnSUY_ytU.csv,184155,gs://senior-share-staging-570862915709/naresome_script_csv/5FCnSUY_ytU.csv
9EE9WsIjFbM,E:\Data\ObsidianVault\02_Channels\馴れ初めシネマ\競合チャンネル分析\企画リサーチ_20260605\script_csv_assets\9EE9WsIjFbM.csv,108566,gs://senior-share-staging-570862915709/naresome_script_csv/9EE9WsIjFbM.csv
9Xig5KeEkqU,E:\Data\ObsidianVault\02_Channels\馴れ初めシネマ\競合チャンネル分析\企画リサーチ_20260605\script_csv_assets\9Xig5KeEkqU.csv,99269,gs://senior-share-staging-570862915709/naresome_script_csv/9Xig5KeEkqU.csv
Z6UAwFmF23A,E:\Data\ObsidianVault\02_Channels\馴れ初めシネマ\競合チャンネル分析\企画リサーチ_20260605\script_csv_assets\Z6UAwFmF23A.csv,99737,gs://senior-share-staging-570862915709/naresome_script_csv/Z6UAwFmF23A.csv
pxrVSJ7yzEU,E:\Data\ObsidianVault\02_Channels\馴れ初めシネマ\競合チャンネル分析\企画リサーチ_20260605\script_csv_assets\pxrVSJ7yzEU.csv,153449,gs://senior-share-staging-570862915709/naresome_script_csv/pxrVSJ7yzEU.csv
luvNeP-TAs8,E:\Data\ObsidianVault\02_Channels\馴れ初めシネマ\競合チャンネル分析\企画リサーチ_20260605\script_csv_assets\luvNeP-TAs8.csv,129130,gs://senior-share-staging-570862915709/naresome_script_csv/luvNeP-TAs8.csv
CnDqU4wuiOw,E:\Data\ObsidianVault\02_Channels\馴れ初めシネマ\競合チャンネル分析\企画リサーチ_20260605\script_csv_assets\CnDqU4wuiOw.csv,96440,gs://senior-share-staging-570862915709/naresome_script_csv/CnDqU4wuiOw.csv
jrkwlhXrovg,E:\Data\ObsidianVault\02_Channels\馴れ初めシネマ\競合チャンネル分析\企画リサーチ_20260605\script_csv_assets\jrkwlhXrovg.csv,155458,gs://senior-share-staging-570862915709/naresome_script_csv/jrkwlhXrovg.csv
azJ2SWERv0k,E:\Data\ObsidianVault\02_Channels\馴れ初めシネマ\競合チャンネル分析\企画リサーチ_20260605\script_csv_assets\azJ2SWERv0k.csv,712038,gs://senior-share-staging-570862915709/naresome_script_csv/azJ2SWERv0k.csv
ud2T2rk3kaY,E:\Data\ObsidianVault\02_Channels\馴れ初めシネマ\競合チャンネル分析\企画リサーチ_20260605\script_csv_assets\ud2T2rk3kaY.csv,117454,gs://senior-share-staging-570862915709/naresome_script_csv/ud2T2rk3kaY.csv
Hr6rReZin4w,E:\Data\ObsidianVault\02_Channels\馴れ初めシネマ\競合チャンネル分析\企画リサーチ_20260605\script_csv_assets\Hr6rReZin4w.csv,71378,gs://senior-share-staging-570862915709/naresome_script_csv/Hr6rReZin4w.csv
1DGo4gsdsHs,E:\Data\ObsidianVault\02_Channels\馴れ初めシネマ\競合チャンネル分析\企画リサーチ_20260605\script_csv_assets\1DGo4gsdsHs.csv,54817,gs://senior-share-staging-570862915709/naresome_script_csv/1DGo4gsdsHs.csv
oRq2PiuSYe4,E:\Data\ObsidianVault\02_Channels\馴れ初めシネマ\競合チャンネル分析\企画リサーチ_20260605\script_csv_assets\oRq2PiuSYe4.csv,121399,gs://senior-share-staging-570862915709/naresome_script_csv/oRq2PiuSYe4.csv
INXHCNitPNg,E:\Data\ObsidianVault\02_Channels\馴れ初めシネマ\競合チャンネル分析\企画リサーチ_20260605\script_csv_assets\INXHCNitPNg.csv,131045,gs://senior-share-staging-570862915709/naresome_script_csv/INXHCNitPNg.csv
lvQE8WfyFEg,E:\Data\ObsidianVault\02_Channels\馴れ初めシネマ\競合チャンネル分析\企画リサーチ_20260605\script_csv_assets\lvQE8WfyFEg.csv,100402,gs://senior-share-staging-570862915709/naresome_script_csv/lvQE8WfyFEg.csv
wuYqgmxRTFI,E:\Data\ObsidianVault\02_Channels\馴れ初めシネマ\競合チャンネル分析\企画リサーチ_20260605\script_csv_assets\wuYqgmxRTFI.csv,59844,gs://senior-share-staging-570862915709/naresome_script_csv/wuYqgmxRTFI.csv
aVjiD1MXnbQ,E:\Data\ObsidianVault\02_Channels\馴れ初めシネマ\競合チャンネル分析\企画リサーチ_20260605\script_csv_assets\aVjiD1MXnbQ.csv,136563,gs://senior-share-staging-570862915709/naresome_script_csv/aVjiD1MXnbQ.csv
y-tyXF-mnWo,E:\Data\ObsidianVault\02_Channels\馴れ初めシネマ\競合チャンネル分析\企画リサーチ_20260605\script_csv_assets\y-tyXF-mnWo.csv,129471,gs://senior-share-staging-570862915709/naresome_script_csv/y-tyXF-mnWo.csv
HoqbkGlpZhg,E:\Data\ObsidianVault\02_Channels\馴れ初めシネマ\競合チャンネル分析\企画リサーチ_20260605\script_csv_assets\HoqbkGlpZhg.csv,108932,gs://senior-share-staging-570862915709/naresome_script_csv/HoqbkGlpZhg.csv
OOJlUlmV0I0,E:\Data\ObsidianVault\02_Channels\馴れ初めシネマ\競合チャンネル分析\企画リサーチ_20260605\script_csv_assets\OOJlUlmV0I0.csv,58352,gs://senior-share-staging-570862915709/naresome_script_csv/OOJlUlmV0I0.csv
8-A7k_6Ncx4,E:\Data\ObsidianVault\02_Channels\馴れ初めシネマ\競合チャンネル分析\企画リサーチ_20260605\script_csv_assets\8-A7k_6Ncx4.csv,737466,gs://senior-share-staging-570862915709/naresome_script_csv/8-A7k_6Ncx4.csv
kEIaw2hq3dQ,E:\Data\ObsidianVault\02_Channels\馴れ初めシネマ\競合チャンネル分析\企画リサーチ_20260605\script_csv_assets\kEIaw2hq3dQ.csv,99677,gs://senior-share-staging-570862915709/naresome_script_csv/kEIaw2hq3dQ.csv
8hJLNj5DF28,E:\Data\ObsidianVault\02_Channels\馴れ初めシネマ\競合チャンネル分析\企画リサーチ_20260605\script_csv_assets\8hJLNj5DF28.csv,83975,gs://senior-share-staging-570862915709/naresome_script_csv/8hJLNj5DF28.csv
WS489AtiQ0E,E:\Data\ObsidianVault\02_Channels\馴れ初めシネマ\競合チャンネル分析\企画リサーチ_20260605\script_csv_assets\WS489AtiQ0E.csv,85846,gs://senior-share-staging-570862915709/naresome_script_csv/WS489AtiQ0E.csv
n60LdT9bvEE,E:\Data\ObsidianVault\02_Channels\馴れ初めシネマ\競合チャンネル分析\企画リサーチ_20260605\script_csv_assets\n60LdT9bvEE.csv,136590,gs://senior-share-staging-570862915709/naresome_script_csv/n60LdT9bvEE.csv
n-kVncB5ntU,E:\Data\ObsidianVault\02_Channels\馴れ初めシネマ\競合チャンネル分析\企画リサーチ_20260605\script_csv_assets\n-kVncB5ntU.csv,164770,gs://senior-share-staging-570862915709/naresome_script_csv/n-kVncB5ntU.csv
fNElslQvZ8A,E:\Data\ObsidianVault\02_Channels\馴れ初めシネマ\競合チャンネル分析\企画リサーチ_20260605\script_csv_assets\fNElslQvZ8A.csv,130000,gs://senior-share-staging-570862915709/naresome_script_csv/fNElslQvZ8A.csv
MpwaHnov1r4,E:\Data\ObsidianVault\02_Channels\馴れ初めシネマ\競合チャンネル分析\企画リサーチ_20260605\script_csv_assets\MpwaHnov1r4.csv,130865,gs://senior-share-staging-570862915709/naresome_script_csv/MpwaHnov1r4.csv
V02h9TeFTc8,E:\Data\ObsidianVault\02_Channels\馴れ初めシネマ\競合チャンネル分析\企画リサーチ_20260605\script_csv_assets\V02h9TeFTc8.csv,114235,gs://senior-share-staging-570862915709/naresome_script_csv/V02h9TeFTc8.csv
guvZycdr5eo,E:\Data\ObsidianVault\02_Channels\馴れ初めシネマ\競合チャンネル分析\企画リサーチ_20260605\script_csv_assets\guvZycdr5eo.csv,147231,gs://senior-share-staging-570862915709/naresome_script_csv/guvZycdr5eo.csv
d4zu1Af8le8,E:\Data\ObsidianVault\02_Channels\馴れ初めシネマ\競合チャンネル分析\企画リサーチ_20260605\script_csv_assets\d4zu1Af8le8.csv,184746,gs://senior-share-staging-570862915709/naresome_script_csv/d4zu1Af8le8.csv
DZc8od_LSFk,E:\Data\ObsidianVault\02_Channels\馴れ初めシネマ\競合チャンネル分析\企画リサーチ_20260605\script_csv_assets\DZc8od_LSFk.csv,107889,gs://senior-share-staging-570862915709/naresome_script_csv/DZc8od_LSFk.csv
Pe3p0V5FXE0,E:\Data\ObsidianVault\02_Channels\馴れ初めシネマ\競合チャンネル分析\企画リサーチ_20260605\script_csv_assets\Pe3p0V5FXE0.csv,187502,gs://senior-share-staging-570862915709/naresome_script_csv/Pe3p0V5FXE0.csv
ZiLqGqHHHkA,E:\Data\ObsidianVault\02_Channels\馴れ初めシネマ\競合チャンネル分析\企画リサーチ_20260605\script_csv_assets\ZiLqGqHHHkA.csv,137615,gs://senior-share-staging-570862915709/naresome_script_csv/ZiLqGqHHHkA.csv
wjPRUkcZj-I,E:\Data\ObsidianVault\02_Channels\馴れ初めシネマ\競合チャンネル分析\企画リサーチ_20260605\script_csv_assets\wjPRUkcZj-I.csv,162273,gs://senior-share-staging-570862915709/naresome_script_csv/wjPRUkcZj-I.csv
_8RG31uGLR8,E:\Data\ObsidianVault\02_Channels\馴れ初めシネマ\競合チャンネル分析\企画リサーチ_20260605\script_csv_assets\_8RG31uGLR8.csv,57102,gs://senior-share-staging-570862915709/naresome_script_csv/_8RG31uGLR8.csv
5Pm2_TCYVUI,E:\Data\ObsidianVault\02_Channels\馴れ初めシネマ\競合チャンネル分析\企画リサーチ_20260605\script_csv_assets\5Pm2_TCYVUI.csv,106411,gs://senior-share-staging-570862915709/naresome_script_csv/5Pm2_TCYVUI.csv
72-CTrfCyFQ,E:\Data\ObsidianVault\02_Channels\馴れ初めシネマ\競合チャンネル分析\企画リサーチ_20260605\script_csv_assets\72-CTrfCyFQ.csv,686616,gs://senior-share-staging-570862915709/naresome_script_csv/72-CTrfCyFQ.csv
D2PfKyyqEnw,E:\Data\ObsidianVault\02_Channels\馴れ初めシネマ\競合チャンネル分析\企画リサーチ_20260605\script_csv_assets\D2PfKyyqEnw.csv,90580,gs://senior-share-staging-570862915709/naresome_script_csv/D2PfKyyqEnw.csv
I_BU4HAX6kk,E:\Data\ObsidianVault\02_Channels\馴れ初めシネマ\競合チャンネル分析\企画リサーチ_20260605\script_csv_assets\I_BU4HAX6kk.csv,94263,gs://senior-share-staging-570862915709/naresome_script_csv/I_BU4HAX6kk.csv
v79Dm1u_hJQ,E:\Data\ObsidianVault\02_Channels\馴れ初めシネマ\競合チャンネル分析\企画リサーチ_20260605\script_csv_assets\v79Dm1u_hJQ.csv,162368,gs://senior-share-staging-570862915709/naresome_script_csv/v79Dm1u_hJQ.csv
JK45nLPPF4M,E:\Data\ObsidianVault\02_Channels\馴れ初めシネマ\競合チャンネル分析\企画リサーチ_20260605\script_csv_assets\JK45nLPPF4M.csv,117159,gs://senior-share-staging-570862915709/naresome_script_csv/JK45nLPPF4M.csv
uRCwWpu6Jl4,E:\Data\ObsidianVault\02_Channels\馴れ初めシネマ\競合チャンネル分析\企画リサーチ_20260605\script_csv_assets\uRCwWpu6Jl4.csv,156383,gs://senior-share-staging-570862915709/naresome_script_csv/uRCwWpu6Jl4.csv
k6hKlr4_GbM,E:\Data\ObsidianVault\02_Channels\馴れ初めシネマ\競合チャンネル分析\企画リサーチ_20260605\script_csv_assets\k6hKlr4_GbM.csv,180132,gs://senior-share-staging-570862915709/naresome_script_csv/k6hKlr4_GbM.csv
6DT5xzyTjko,E:\Data\ObsidianVault\02_Channels\馴れ初めシネマ\競合チャンネル分析\企画リサーチ_20260605\script_csv_assets\6DT5xzyTjko.csv,176623,gs://senior-share-staging-570862915709/naresome_script_csv/6DT5xzyTjko.csv
BJfwZqV6J8w,E:\Data\ObsidianVault\02_Channels\馴れ初めシネマ\競合チャンネル分析\企画リサーチ_20260605\script_csv_assets\BJfwZqV6J8w.csv,111427,gs://senior-share-staging-570862915709/naresome_script_csv/BJfwZqV6J8w.csv
Ykj7ikC9xFU,E:\Data\ObsidianVault\02_Channels\馴れ初めシネマ\競合チャンネル分析\企画リサーチ_20260605\script_csv_assets\Ykj7ikC9xFU.csv,95553,gs://senior-share-staging-570862915709/naresome_script_csv/Ykj7ikC9xFU.csv
Jh9OnIRnAr4,E:\Data\ObsidianVault\02_Channels\馴れ初めシネマ\競合チャンネル分析\企画リサーチ_20260605\script_csv_assets\Jh9OnIRnAr4.csv,119257,gs://senior-share-staging-570862915709/naresome_script_csv/Jh9OnIRnAr4.csv
JwvxKoA2lBE,E:\Data\ObsidianVault\02_Channels\馴れ初めシネマ\競合チャンネル分析\企画リサーチ_20260605\script_csv_assets\JwvxKoA2lBE.csv,188834,gs://senior-share-staging-570862915709/naresome_script_csv/JwvxKoA2lBE.csv
R3ZRfpvbkow,E:\Data\ObsidianVault\02_Channels\馴れ初めシネマ\競合チャンネル分析\企画リサーチ_20260605\script_csv_assets\R3ZRfpvbkow.csv,157326,gs://senior-share-staging-570862915709/naresome_script_csv/R3ZRfpvbkow.csv
TaCDTr3Y0Hg,E:\Data\ObsidianVault\02_Channels\馴れ初めシネマ\競合チャンネル分析\企画リサーチ_20260605\script_csv_assets\TaCDTr3Y0Hg.csv,106807,gs://senior-share-staging-570862915709/naresome_script_csv/TaCDTr3Y0Hg.csv
2TdAk5Lrjec,E:\Data\ObsidianVault\02_Channels\馴れ初めシネマ\競合チャンネル分析\企画リサーチ_20260605\script_csv_assets\2TdAk5Lrjec.csv,131285,gs://senior-share-staging-570862915709/naresome_script_csv/2TdAk5Lrjec.csv
9aX-SzQyUt0,E:\Data\ObsidianVault\02_Channels\馴れ初めシネマ\競合チャンネル分析\企画リサーチ_20260605\script_csv_assets\9aX-SzQyUt0.csv,129212,gs://senior-share-staging-570862915709/naresome_script_csv/9aX-SzQyUt0.csv
b1ScgfAIOYo,E:\Data\ObsidianVault\02_Channels\馴れ初めシネマ\競合チャンネル分析\企画リサーチ_20260605\script_csv_assets\b1ScgfAIOYo.csv,181994,gs://senior-share-staging-570862915709/naresome_script_csv/b1ScgfAIOYo.csv
zDQtWBacqek,E:\Data\ObsidianVault\02_Channels\馴れ初めシネマ\競合チャンネル分析\企画リサーチ_20260605\script_csv_assets\zDQtWBacqek.csv,137759,gs://senior-share-staging-570862915709/naresome_script_csv/zDQtWBacqek.csv
QX7vYQS6qKo,E:\Data\ObsidianVault\02_Channels\馴れ初めシネマ\競合チャンネル分析\企画リサーチ_20260605\script_csv_assets\QX7vYQS6qKo.csv,71614,gs://senior-share-staging-570862915709/naresome_script_csv/QX7vYQS6qKo.csv
JIJ-9w3WWzg,E:\Data\ObsidianVault\02_Channels\馴れ初めシネマ\競合チャンネル分析\企画リサーチ_20260605\script_csv_assets\JIJ-9w3WWzg.csv,85801,gs://senior-share-staging-570862915709/naresome_script_csv/JIJ-9w3WWzg.csv
0mSYi8yrWms,E:\Data\ObsidianVault\02_Channels\馴れ初めシネマ\競合チャンネル分析\企画リサーチ_20260605\script_csv_assets\0mSYi8yrWms.csv,85306,gs://senior-share-staging-570862915709/naresome_script_csv/0mSYi8yrWms.csv
PEB-jUzQDmo,E:\Data\ObsidianVault\02_Channels\馴れ初めシネマ\競合チャンネル分析\企画リサーチ_20260605\script_csv_assets\PEB-jUzQDmo.csv,81817,gs://senior-share-staging-570862915709/naresome_script_csv/PEB-jUzQDmo.csv
1u-h_FJH6Cg,E:\Data\ObsidianVault\02_Channels\馴れ初めシネマ\競合チャンネル分析\企画リサーチ_20260605\script_csv_assets\1u-h_FJH6Cg.csv,127549,gs://senior-share-staging-570862915709/naresome_script_csv/1u-h_FJH6Cg.csv
osLT0KDsoUY,E:\Data\ObsidianVault\02_Channels\馴れ初めシネマ\競合チャンネル分析\企画リサーチ_20260605\script_csv_assets\osLT0KDsoUY.csv,72017,gs://senior-share-staging-570862915709/naresome_script_csv/osLT0KDsoUY.csv
xfBY3PPK6eA,E:\Data\ObsidianVault\02_Channels\馴れ初めシネマ\競合チャンネル分析\企画リサーチ_20260605\script_csv_assets\xfBY3PPK6eA.csv,131007,gs://senior-share-staging-570862915709/naresome_script_csv/xfBY3PPK6eA.csv
dwGhj26x3K8,E:\Data\ObsidianVault\02_Channels\馴れ初めシネマ\競合チャンネル分析\企画リサーチ_20260605\script_csv_assets\dwGhj26x3K8.csv,119175,gs://senior-share-staging-570862915709/naresome_script_csv/dwGhj26x3K8.csv
KgloBOGzkMg,E:\Data\ObsidianVault\02_Channels\馴れ初めシネマ\競合チャンネル分析\企画リサーチ_20260605\script_csv_assets\KgloBOGzkMg.csv,120368,gs://senior-share-staging-570862915709/naresome_script_csv/KgloBOGzkMg.csv
OcR2_pE2PVk,E:\Data\ObsidianVault\02_Channels\馴れ初めシネマ\競合チャンネル分析\企画リサーチ_20260605\script_csv_assets\OcR2_pE2PVk.csv,158260,gs://senior-share-staging-570862915709/naresome_script_csv/OcR2_pE2PVk.csv
XxEqAHDnXKM,E:\Data\ObsidianVault\02_Channels\馴れ初めシネマ\競合チャンネル分析\企画リサーチ_20260605\script_csv_assets\XxEqAHDnXKM.csv,155542,gs://senior-share-staging-570862915709/naresome_script_csv/XxEqAHDnXKM.csv
b0YhLOPttFQ,E:\Data\ObsidianVault\02_Channels\馴れ初めシネマ\競合チャンネル分析\企画リサーチ_20260605\script_csv_assets\b0YhLOPttFQ.csv,108045,gs://senior-share-staging-570862915709/naresome_script_csv/b0YhLOPttFQ.csv
452YlxiqqTc,E:\Data\ObsidianVault\02_Channels\馴れ初めシネマ\競合チャンネル分析\企画リサーチ_20260605\script_csv_assets\452YlxiqqTc.csv,162542,gs://senior-share-staging-570862915709/naresome_script_csv/452YlxiqqTc.csv
R0VsfH8w04o,E:\Data\ObsidianVault\02_Channels\馴れ初めシネマ\競合チャンネル分析\企画リサーチ_20260605\script_csv_assets\R0VsfH8w04o.csv,97605,gs://senior-share-staging-570862915709/naresome_script_csv/R0VsfH8w04o.csv
TQqdv42jTq8,E:\Data\ObsidianVault\02_Channels\馴れ初めシネマ\競合チャンネル分析\企画リサーチ_20260605\script_csv_assets\TQqdv42jTq8.csv,120721,gs://senior-share-staging-570862915709/naresome_script_csv/TQqdv42jTq8.csv
rBtaxD-mvmI,E:\Data\ObsidianVault\02_Channels\馴れ初めシネマ\競合チャンネル分析\企画リサーチ_20260605\script_csv_assets\rBtaxD-mvmI.csv,693765,gs://senior-share-staging-570862915709/naresome_script_csv/rBtaxD-mvmI.csv
yflW0KGlAwE,E:\Data\ObsidianVault\02_Channels\馴れ初めシネマ\競合チャンネル分析\企画リサーチ_20260605\script_csv_assets\yflW0KGlAwE.csv,101384,gs://senior-share-staging-570862915709/naresome_script_csv/yflW0KGlAwE.csv
JOJLh_ay8I4,E:\Data\ObsidianVault\02_Channels\馴れ初めシネマ\競合チャンネル分析\企画リサーチ_20260605\script_csv_assets\JOJLh_ay8I4.csv,105296,gs://senior-share-staging-570862915709/naresome_script_csv/JOJLh_ay8I4.csv
X-eK8v7mU1g,E:\Data\ObsidianVault\02_Channels\馴れ初めシネマ\競合チャンネル分析\企画リサーチ_20260605\script_csv_assets\X-eK8v7mU1g.csv,106490,gs://senior-share-staging-570862915709/naresome_script_csv/X-eK8v7mU1g.csv
_BLZMn7FhuM,E:\Data\ObsidianVault\02_Channels\馴れ初めシネマ\競合チャンネル分析\企画リサーチ_20260605\script_csv_assets\_BLZMn7FhuM.csv,74569,gs://senior-share-staging-570862915709/naresome_script_csv/_BLZMn7FhuM.csv
brdslCRJO84,E:\Data\ObsidianVault\02_Channels\馴れ初めシネマ\競合チャンネル分析\企画リサーチ_20260605\script_csv_assets\brdslCRJO84.csv,130289,gs://senior-share-staging-570862915709/naresome_script_csv/brdslCRJO84.csv
aCbsRELr8KA,E:\Data\ObsidianVault\02_Channels\馴れ初めシネマ\競合チャンネル分析\企画リサーチ_20260605\script_csv_assets\aCbsRELr8KA.csv,111760,gs://senior-share-staging-570862915709/naresome_script_csv/aCbsRELr8KA.csv
yFEimh3i-iQ,E:\Data\ObsidianVault\02_Channels\馴れ初めシネマ\競合チャンネル分析\企画リサーチ_20260605\script_csv_assets\yFEimh3i-iQ.csv,158037,gs://senior-share-staging-570862915709/naresome_script_csv/yFEimh3i-iQ.csv
a4_0x8DqO5Y,E:\Data\ObsidianVault\02_Channels\馴れ初めシネマ\競合チャンネル分析\企画リサーチ_20260605\script_csv_assets\a4_0x8DqO5Y.csv,110979,gs://senior-share-staging-570862915709/naresome_script_csv/a4_0x8DqO5Y.csv
arGh-UEP64A,E:\Data\ObsidianVault\02_Channels\馴れ初めシネマ\競合チャンネル分析\企画リサーチ_20260605\script_csv_assets\arGh-UEP64A.csv,166202,gs://senior-share-staging-570862915709/naresome_script_csv/arGh-UEP64A.csv
xPCNxBnITso,E:\Data\ObsidianVault\02_Channels\馴れ初めシネマ\競合チャンネル分析\企画リサーチ_20260605\script_csv_assets\xPCNxBnITso.csv,70539,gs://senior-share-staging-570862915709/naresome_script_csv/xPCNxBnITso.csv
yqTtwG0jhmk,E:\Data\ObsidianVault\02_Channels\馴れ初めシネマ\競合チャンネル分析\企画リサーチ_20260605\script_csv_assets\yqTtwG0jhmk.csv,165463,gs://senior-share-staging-570862915709/naresome_script_csv/yqTtwG0jhmk.csv
iFq9yBx9G98,E:\Data\ObsidianVault\02_Channels\馴れ初めシネマ\競合チャンネル分析\企画リサーチ_20260605\script_csv_assets\iFq9yBx9G98.csv,157421,gs://senior-share-staging-570862915709/naresome_script_csv/iFq9yBx9G98.csv
r6YWPatVCWI,E:\Data\ObsidianVault\02_Channels\馴れ初めシネマ\競合チャンネル分析\企画リサーチ_20260605\script_csv_assets\r6YWPatVCWI.csv,127751,gs://senior-share-staging-570862915709/naresome_script_csv/r6YWPatVCWI.csv
hLdcyg2HEtw,E:\Data\ObsidianVault\02_Channels\馴れ初めシネマ\競合チャンネル分析\企画リサーチ_20260605\script_csv_assets\hLdcyg2HEtw.csv,181754,gs://senior-share-staging-570862915709/naresome_script_csv/hLdcyg2HEtw.csv
kQqLS0AYGZ4,E:\Data\ObsidianVault\02_Channels\馴れ初めシネマ\競合チャンネル分析\企画リサーチ_20260605\script_csv_assets\kQqLS0AYGZ4.csv,122540,gs://senior-share-staging-570862915709/naresome_script_csv/kQqLS0AYGZ4.csv
bMNOx0bf5Ss,E:\Data\ObsidianVault\02_Channels\馴れ初めシネマ\競合チャンネル分析\企画リサーチ_20260605\script_csv_assets\bMNOx0bf5Ss.csv,632298,gs://senior-share-staging-570862915709/naresome_script_csv/bMNOx0bf5Ss.csv
6pb4g1tRAmc,E:\Data\ObsidianVault\02_Channels\馴れ初めシネマ\競合チャンネル分析\企画リサーチ_20260605\script_csv_assets\6pb4g1tRAmc.csv,160261,gs://senior-share-staging-570862915709/naresome_script_csv/6pb4g1tRAmc.csv
gyfjex2xrfs,E:\Data\ObsidianVault\02_Channels\馴れ初めシネマ\競合チャンネル分析\企画リサーチ_20260605\script_csv_assets\gyfjex2xrfs.csv,752506,gs://senior-share-staging-570862915709/naresome_script_csv/gyfjex2xrfs.csv
9NR-6phkNkw,E:\Data\ObsidianVault\02_Channels\馴れ初めシネマ\競合チャンネル分析\企画リサーチ_20260605\script_csv_assets\9NR-6phkNkw.csv,217970,gs://senior-share-staging-570862915709/naresome_script_csv/9NR-6phkNkw.csv
1g87jZEdeWg,E:\Data\ObsidianVault\02_Channels\馴れ初めシネマ\競合チャンネル分析\企画リサーチ_20260605\script_csv_assets\1g87jZEdeWg.csv,130647,gs://senior-share-staging-570862915709/naresome_script_csv/1g87jZEdeWg.csv
WWBDszULtw8,E:\Data\ObsidianVault\02_Channels\馴れ初めシネマ\競合チャンネル分析\企画リサーチ_20260605\script_csv_assets\WWBDszULtw8.csv,133504,gs://senior-share-staging-570862915709/naresome_script_csv/WWBDszULtw8.csv
7bOyrcTuz5U,E:\Data\ObsidianVault\02_Channels\馴れ初めシネマ\競合チャンネル分析\企画リサーチ_20260605\script_csv_assets\7bOyrcTuz5U.csv,129059,gs://senior-share-staging-570862915709/naresome_script_csv/7bOyrcTuz5U.csv
z-IVTQPmhXA,E:\Data\ObsidianVault\02_Channels\馴れ初めシネマ\競合チャンネル分析\企画リサーチ_20260605\script_csv_assets\z-IVTQPmhXA.csv,137901,gs://senior-share-staging-570862915709/naresome_script_csv/z-IVTQPmhXA.csv
OCyEOx0lNc4,E:\Data\ObsidianVault\02_Channels\馴れ初めシネマ\競合チャンネル分析\企画リサーチ_20260605\script_csv_assets\OCyEOx0lNc4.csv,166035,gs://senior-share-staging-570862915709/naresome_script_csv/OCyEOx0lNc4.csv
G06oL45_Ij8,E:\Data\ObsidianVault\02_Channels\馴れ初めシネマ\競合チャンネル分析\企画リサーチ_20260605\script_csv_assets\G06oL45_Ij8.csv,105937,gs://senior-share-staging-570862915709/naresome_script_csv/G06oL45_Ij8.csv
hrh6kA0G2KY,E:\Data\ObsidianVault\02_Channels\馴れ初めシネマ\競合チャンネル分析\企画リサーチ_20260605\script_csv_assets\hrh6kA0G2KY.csv,57094,gs://senior-share-staging-570862915709/naresome_script_csv/hrh6kA0G2KY.csv
j6XaWZj23Ug,E:\Data\ObsidianVault\02_Channels\馴れ初めシネマ\競合チャンネル分析\企画リサーチ_20260605\script_csv_assets\j6XaWZj23Ug.csv,117078,gs://senior-share-staging-570862915709/naresome_script_csv/j6XaWZj23Ug.csv
MxANAxbF0Bo,E:\Data\ObsidianVault\02_Channels\馴れ初めシネマ\競合チャンネル分析\企画リサーチ_20260605\script_csv_assets\MxANAxbF0Bo.csv,106548,gs://senior-share-staging-570862915709/naresome_script_csv/MxANAxbF0Bo.csv
2t09dZbWwI4,E:\Data\ObsidianVault\02_Channels\馴れ初めシネマ\競合チャンネル分析\企画リサーチ_20260605\script_csv_assets\2t09dZbWwI4.csv,99708,gs://senior-share-staging-570862915709/naresome_script_csv/2t09dZbWwI4.csv
lNqaBRJMeYg,E:\Data\ObsidianVault\02_Channels\馴れ初めシネマ\競合チャンネル分析\企画リサーチ_20260605\script_csv_assets\lNqaBRJMeYg.csv,130014,gs://senior-share-staging-570862915709/naresome_script_csv/lNqaBRJMeYg.csv
4s1tY-bX5cQ,E:\Data\ObsidianVault\02_Channels\馴れ初めシネマ\競合チャンネル分析\企画リサーチ_20260605\script_csv_assets\4s1tY-bX5cQ.csv,131834,gs://senior-share-staging-570862915709/naresome_script_csv/4s1tY-bX5cQ.csv
S2-uIR9doGc,E:\Data\ObsidianVault\02_Channels\馴れ初めシネマ\競合チャンネル分析\企画リサーチ_20260605\script_csv_assets\S2-uIR9doGc.csv,164714,gs://senior-share-staging-570862915709/naresome_script_csv/S2-uIR9doGc.csv
1OA4tUo2z6Q,E:\Data\ObsidianVault\02_Channels\馴れ初めシネマ\競合チャンネル分析\企画リサーチ_20260605\script_csv_assets\1OA4tUo2z6Q.csv,124800,gs://senior-share-staging-570862915709/naresome_script_csv/1OA4tUo2z6Q.csv
e8tHq1Tv4xE,E:\Data\ObsidianVault\02_Channels\馴れ初めシネマ\競合チャンネル分析\企画リサーチ_20260605\script_csv_assets\e8tHq1Tv4xE.csv,69750,gs://senior-share-staging-570862915709/naresome_script_csv/e8tHq1Tv4xE.csv
KImKuodF1A8,E:\Data\ObsidianVault\02_Channels\馴れ初めシネマ\競合チャンネル分析\企画リサーチ_20260605\script_csv_assets\KImKuodF1A8.csv,116583,gs://senior-share-staging-570862915709/naresome_script_csv/KImKuodF1A8.csv
kTRQ2v-6BxM,E:\Data\ObsidianVault\02_Channels\馴れ初めシネマ\競合チャンネル分析\企画リサーチ_20260605\script_csv_assets\kTRQ2v-6BxM.csv,132634,gs://senior-share-staging-570862915709/naresome_script_csv/kTRQ2v-6BxM.csv
ChnwmZ3BxuA,E:\Data\ObsidianVault\02_Channels\馴れ初めシネマ\競合チャンネル分析\企画リサーチ_20260605\script_csv_assets\ChnwmZ3BxuA.csv,127322,gs://senior-share-staging-570862915709/naresome_script_csv/ChnwmZ3BxuA.csv
jKuIdew4rfo,E:\Data\ObsidianVault\02_Channels\馴れ初めシネマ\競合チャンネル分析\企画リサーチ_20260605\script_csv_assets\jKuIdew4rfo.csv,128818,gs://senior-share-staging-570862915709/naresome_script_csv/jKuIdew4rfo.csv
DU6J_2WwoNE,E:\Data\ObsidianVault\02_Channels\馴れ初めシネマ\競合チャンネル分析\企画リサーチ_20260605\script_csv_assets\DU6J_2WwoNE.csv,138837,gs://senior-share-staging-570862915709/naresome_script_csv/DU6J_2WwoNE.csv
TyrB7lgI5ZA,E:\Data\ObsidianVault\02_Channels\馴れ初めシネマ\競合チャンネル分析\企画リサーチ_20260605\script_csv_assets\TyrB7lgI5ZA.csv,157713,gs://senior-share-staging-570862915709/naresome_script_csv/TyrB7lgI5ZA.csv
bRiVpudAF50,E:\Data\ObsidianVault\02_Channels\馴れ初めシネマ\競合チャンネル分析\企画リサーチ_20260605\script_csv_assets\bRiVpudAF50.csv,87782,gs://senior-share-staging-570862915709/naresome_script_csv/bRiVpudAF50.csv
3l2bx3B68TA,E:\Data\ObsidianVault\02_Channels\馴れ初めシネマ\競合チャンネル分析\企画リサーチ_20260605\script_csv_assets\3l2bx3B68TA.csv,105525,gs://senior-share-staging-570862915709/naresome_script_csv/3l2bx3B68TA.csv
RIqz1W0TrM0,E:\Data\ObsidianVault\02_Channels\馴れ初めシネマ\競合チャンネル分析\企画リサーチ_20260605\script_csv_assets\RIqz1W0TrM0.csv,154916,gs://senior-share-staging-570862915709/naresome_script_csv/RIqz1W0TrM0.csv
ODO0D5IVN50,E:\Data\ObsidianVault\02_Channels\馴れ初めシネマ\競合チャンネル分析\企画リサーチ_20260605\script_csv_assets\ODO0D5IVN50.csv,116844,gs://senior-share-staging-570862915709/naresome_script_csv/ODO0D5IVN50.csv
I3uM20U1Cyk,E:\Data\ObsidianVault\02_Channels\馴れ初めシネマ\競合チャンネル分析\企画リサーチ_20260605\script_csv_assets\I3uM20U1Cyk.csv,132860,gs://senior-share-staging-570862915709/naresome_script_csv/I3uM20U1Cyk.csv
SKVXC2m8xHg,E:\Data\ObsidianVault\02_Channels\馴れ初めシネマ\競合チャンネル分析\企画リサーチ_20260605\script_csv_assets\SKVXC2m8xHg.csv,148382,gs://senior-share-staging-570862915709/naresome_script_csv/SKVXC2m8xHg.csv
ZF1bNR99q3Q,E:\Data\ObsidianVault\02_Channels\馴れ初めシネマ\競合チャンネル分析\企画リサーチ_20260605\script_csv_assets\ZF1bNR99q3Q.csv,182590,gs://senior-share-staging-570862915709/naresome_script_csv/ZF1bNR99q3Q.csv
3d_Qh6SqV5Q,E:\Data\ObsidianVault\02_Channels\馴れ初めシネマ\競合チャンネル分析\企画リサーチ_20260605\script_csv_assets\3d_Qh6SqV5Q.csv,113819,gs://senior-share-staging-570862915709/naresome_script_csv/3d_Qh6SqV5Q.csv
ggP5gFWVIQI,E:\Data\ObsidianVault\02_Channels\馴れ初めシネマ\競合チャンネル分析\企画リサーチ_20260605\script_csv_assets\ggP5gFWVIQI.csv,113190,gs://senior-share-staging-570862915709/naresome_script_csv/ggP5gFWVIQI.csv
hTXPYFz1ExI,E:\Data\ObsidianVault\02_Channels\馴れ初めシネマ\競合チャンネル分析\企画リサーチ_20260605\script_csv_assets\hTXPYFz1ExI.csv,118060,gs://senior-share-staging-570862915709/naresome_script_csv/hTXPYFz1ExI.csv
Hi4y-fo_Tuo,E:\Data\ObsidianVault\02_Channels\馴れ初めシネマ\競合チャンネル分析\企画リサーチ_20260605\script_csv_assets\Hi4y-fo_Tuo.csv,173627,gs://senior-share-staging-570862915709/naresome_script_csv/Hi4y-fo_Tuo.csv
SaNVBjLrlJw,E:\Data\ObsidianVault\02_Channels\馴れ初めシネマ\競合チャンネル分析\企画リサーチ_20260605\script_csv_assets\SaNVBjLrlJw.csv,148297,gs://senior-share-staging-570862915709/naresome_script_csv/SaNVBjLrlJw.csv
KXAkyAtL_nI,E:\Data\ObsidianVault\02_Channels\馴れ初めシネマ\競合チャンネル分析\企画リサーチ_20260605\script_csv_assets\KXAkyAtL_nI.csv,82809,gs://senior-share-staging-570862915709/naresome_script_csv/KXAkyAtL_nI.csv
O-Szyvoa6Dg,E:\Data\ObsidianVault\02_Channels\馴れ初めシネマ\競合チャンネル分析\企画リサーチ_20260605\script_csv_assets\O-Szyvoa6Dg.csv,60145,gs://senior-share-staging-570862915709/naresome_script_csv/O-Szyvoa6Dg.csv
6vXzVgWaoDU,E:\Data\ObsidianVault\02_Channels\馴れ初めシネマ\競合チャンネル分析\企画リサーチ_20260605\script_csv_assets\6vXzVgWaoDU.csv,124892,gs://senior-share-staging-570862915709/naresome_script_csv/6vXzVgWaoDU.csv
Yq-TUjV6QI8,E:\Data\ObsidianVault\02_Channels\馴れ初めシネマ\競合チャンネル分析\企画リサーチ_20260605\script_csv_assets\Yq-TUjV6QI8.csv,89444,gs://senior-share-staging-570862915709/naresome_script_csv/Yq-TUjV6QI8.csv
YnI_9w_aGQc,E:\Data\ObsidianVault\02_Channels\馴れ初めシネマ\競合チャンネル分析\企画リサーチ_20260605\script_csv_assets\YnI_9w_aGQc.csv,72305,gs://senior-share-staging-570862915709/naresome_script_csv/YnI_9w_aGQc.csv
ERyLATybqr4,E:\Data\ObsidianVault\02_Channels\馴れ初めシネマ\競合チャンネル分析\企画リサーチ_20260605\script_csv_assets\ERyLATybqr4.csv,122521,gs://senior-share-staging-570862915709/naresome_script_csv/ERyLATybqr4.csv
4iFNLnLQBfA,E:\Data\ObsidianVault\02_Channels\馴れ初めシネマ\競合チャンネル分析\企画リサーチ_20260605\script_csv_assets\4iFNLnLQBfA.csv,156753,gs://senior-share-staging-570862915709/naresome_script_csv/4iFNLnLQBfA.csv
BCBJs-GtUOQ,E:\Data\ObsidianVault\02_Channels\馴れ初めシネマ\競合チャンネル分析\企画リサーチ_20260605\script_csv_assets\BCBJs-GtUOQ.csv,122131,gs://senior-share-staging-570862915709/naresome_script_csv/BCBJs-GtUOQ.csv
6YeDlfzVvG4,E:\Data\ObsidianVault\02_Channels\馴れ初めシネマ\競合チャンネル分析\企画リサーチ_20260605\script_csv_assets\6YeDlfzVvG4.csv,95887,gs://senior-share-staging-570862915709/naresome_script_csv/6YeDlfzVvG4.csv
PuqnaCaayGY,E:\Data\ObsidianVault\02_Channels\馴れ初めシネマ\競合チャンネル分析\企画リサーチ_20260605\script_csv_assets\PuqnaCaayGY.csv,131045,gs://senior-share-staging-570862915709/naresome_script_csv/PuqnaCaayGY.csv
DQUFAOqt-Rw,E:\Data\ObsidianVault\02_Channels\馴れ初めシネマ\競合チャンネル分析\企画リサーチ_20260605\script_csv_assets\DQUFAOqt-Rw.csv,142925,gs://senior-share-staging-570862915709/naresome_script_csv/DQUFAOqt-Rw.csv
_usAd0KZpgE,E:\Data\ObsidianVault\02_Channels\馴れ初めシネマ\競合チャンネル分析\企画リサーチ_20260605\script_csv_assets\_usAd0KZpgE.csv,121327,gs://senior-share-staging-570862915709/naresome_script_csv/_usAd0KZpgE.csv
Mf3sAELOLY0,E:\Data\ObsidianVault\02_Channels\馴れ初めシネマ\競合チャンネル分析\企画リサーチ_20260605\script_csv_assets\Mf3sAELOLY0.csv,162838,gs://senior-share-staging-570862915709/naresome_script_csv/Mf3sAELOLY0.csv
i8oXWeWyZSY,E:\Data\ObsidianVault\02_Channels\馴れ初めシネマ\競合チャンネル分析\企画リサーチ_20260605\script_csv_assets\i8oXWeWyZSY.csv,165190,gs://senior-share-staging-570862915709/naresome_script_csv/i8oXWeWyZSY.csv
BnYJMkemqbU,E:\Data\ObsidianVault\02_Channels\馴れ初めシネマ\競合チャンネル分析\企画リサーチ_20260605\script_csv_assets\BnYJMkemqbU.csv,120035,gs://senior-share-staging-570862915709/naresome_script_csv/BnYJMkemqbU.csv
1ualE62jUhg,E:\Data\ObsidianVault\02_Channels\馴れ初めシネマ\競合チャンネル分析\企画リサーチ_20260605\script_csv_assets\1ualE62jUhg.csv,115546,gs://senior-share-staging-570862915709/naresome_script_csv/1ualE62jUhg.csv
6m1OSwBsnrs,E:\Data\ObsidianVault\02_Channels\馴れ初めシネマ\競合チャンネル分析\企画リサーチ_20260605\script_csv_assets\6m1OSwBsnrs.csv,121090,gs://senior-share-staging-570862915709/naresome_script_csv/6m1OSwBsnrs.csv
ADRjOsyVeao,E:\Data\ObsidianVault\02_Channels\馴れ初めシネマ\競合チャンネル分析\企画リサーチ_20260605\script_csv_assets\ADRjOsyVeao.csv,173612,gs://senior-share-staging-570862915709/naresome_script_csv/ADRjOsyVeao.csv
N21mi9CFfCw,E:\Data\ObsidianVault\02_Channels\馴れ初めシネマ\競合チャンネル分析\企画リサーチ_20260605\script_csv_assets\N21mi9CFfCw.csv,114986,gs://senior-share-staging-570862915709/naresome_script_csv/N21mi9CFfCw.csv
HflzoPQ-oMM,E:\Data\ObsidianVault\02_Channels\馴れ初めシネマ\競合チャンネル分析\企画リサーチ_20260605\script_csv_assets\HflzoPQ-oMM.csv,117485,gs://senior-share-staging-570862915709/naresome_script_csv/HflzoPQ-oMM.csv
QXY8L6zYqQc,E:\Data\ObsidianVault\02_Channels\馴れ初めシネマ\競合チャンネル分析\企画リサーチ_20260605\script_csv_assets\QXY8L6zYqQc.csv,86736,gs://senior-share-staging-570862915709/naresome_script_csv/QXY8L6zYqQc.csv
iljXbghzZJM,E:\Data\ObsidianVault\02_Channels\馴れ初めシネマ\競合チャンネル分析\企画リサーチ_20260605\script_csv_assets\iljXbghzZJM.csv,104888,gs://senior-share-staging-570862915709/naresome_script_csv/iljXbghzZJM.csv
RyuHfRpt_vA,E:\Data\ObsidianVault\02_Channels\馴れ初めシネマ\競合チャンネル分析\企画リサーチ_20260605\script_csv_assets\RyuHfRpt_vA.csv,92909,gs://senior-share-staging-570862915709/naresome_script_csv/RyuHfRpt_vA.csv
0qLw-2AbyqQ,E:\Data\ObsidianVault\02_Channels\馴れ初めシネマ\競合チャンネル分析\企画リサーチ_20260605\script_csv_assets\0qLw-2AbyqQ.csv,136612,gs://senior-share-staging-570862915709/naresome_script_csv/0qLw-2AbyqQ.csv
QcYkur48YxI,E:\Data\ObsidianVault\02_Channels\馴れ初めシネマ\競合チャンネル分析\企画リサーチ_20260605\script_csv_assets\QcYkur48YxI.csv,164486,gs://senior-share-staging-570862915709/naresome_script_csv/QcYkur48YxI.csv
wn5yKGaKkQw,E:\Data\ObsidianVault\02_Channels\馴れ初めシネマ\競合チャンネル分析\企画リサーチ_20260605\script_csv_assets\wn5yKGaKkQw.csv,105018,gs://senior-share-staging-570862915709/naresome_script_csv/wn5yKGaKkQw.csv
vXXzlg9QZfQ,E:\Data\ObsidianVault\02_Channels\馴れ初めシネマ\競合チャンネル分析\企画リサーチ_20260605\script_csv_assets\vXXzlg9QZfQ.csv,165223,gs://senior-share-staging-570862915709/naresome_script_csv/vXXzlg9QZfQ.csv
ioll-XhzN1I,E:\Data\ObsidianVault\02_Channels\馴れ初めシネマ\競合チャンネル分析\企画リサーチ_20260605\script_csv_assets\ioll-XhzN1I.csv,76980,gs://senior-share-staging-570862915709/naresome_script_csv/ioll-XhzN1I.csv
BHWGAUglUEw,E:\Data\ObsidianVault\02_Channels\馴れ初めシネマ\競合チャンネル分析\企画リサーチ_20260605\script_csv_assets\BHWGAUglUEw.csv,157613,gs://senior-share-staging-570862915709/naresome_script_csv/BHWGAUglUEw.csv
Uih12JBbMNY,E:\Data\ObsidianVault\02_Channels\馴れ初めシネマ\競合チャンネル分析\企画リサーチ_20260605\script_csv_assets\Uih12JBbMNY.csv,163268,gs://senior-share-staging-570862915709/naresome_script_csv/Uih12JBbMNY.csv
pHjnav56Zl0,E:\Data\ObsidianVault\02_Channels\馴れ初めシネマ\競合チャンネル分析\企画リサーチ_20260605\script_csv_assets\pHjnav56Zl0.csv,149159,gs://senior-share-staging-570862915709/naresome_script_csv/pHjnav56Zl0.csv
jL7hJv_BuxY,E:\Data\ObsidianVault\02_Channels\馴れ初めシネマ\競合チャンネル分析\企画リサーチ_20260605\script_csv_assets\jL7hJv_BuxY.csv,88956,gs://senior-share-staging-570862915709/naresome_script_csv/jL7hJv_BuxY.csv
NbXQbMCNKpw,E:\Data\ObsidianVault\02_Channels\馴れ初めシネマ\競合チャンネル分析\企画リサーチ_20260605\script_csv_assets\NbXQbMCNKpw.csv,139776,gs://senior-share-staging-570862915709/naresome_script_csv/NbXQbMCNKpw.csv
Sb_N7dZpfzk,E:\Data\ObsidianVault\02_Channels\馴れ初めシネマ\競合チャンネル分析\企画リサーチ_20260605\script_csv_assets\Sb_N7dZpfzk.csv,153077,gs://senior-share-staging-570862915709/naresome_script_csv/Sb_N7dZpfzk.csv
oHBP2Pp-GJs,E:\Data\ObsidianVault\02_Channels\馴れ初めシネマ\競合チャンネル分析\企画リサーチ_20260605\script_csv_assets\oHBP2Pp-GJs.csv,170625,gs://senior-share-staging-570862915709/naresome_script_csv/oHBP2Pp-GJs.csv
SBPPbhOXx-M,E:\Data\ObsidianVault\02_Channels\馴れ初めシネマ\競合チャンネル分析\企画リサーチ_20260605\script_csv_assets\SBPPbhOXx-M.csv,152956,gs://senior-share-staging-570862915709/naresome_script_csv/SBPPbhOXx-M.csv
fP0fj8NgnTE,E:\Data\ObsidianVault\02_Channels\馴れ初めシネマ\競合チャンネル分析\企画リサーチ_20260605\script_csv_assets\fP0fj8NgnTE.csv,86523,gs://senior-share-staging-570862915709/naresome_script_csv/fP0fj8NgnTE.csv
4ORQ4ooMsR0,E:\Data\ObsidianVault\02_Channels\馴れ初めシネマ\競合チャンネル分析\企画リサーチ_20260605\script_csv_assets\4ORQ4ooMsR0.csv,179565,gs://senior-share-staging-570862915709/naresome_script_csv/4ORQ4ooMsR0.csv
9n8O8EDyZys,E:\Data\ObsidianVault\02_Channels\馴れ初めシネマ\競合チャンネル分析\企画リサーチ_20260605\script_csv_assets\9n8O8EDyZys.csv,184855,gs://senior-share-staging-570862915709/naresome_script_csv/9n8O8EDyZys.csv
zrF79LSiZLA,E:\Data\ObsidianVault\02_Channels\馴れ初めシネマ\競合チャンネル分析\企画リサーチ_20260605\script_csv_assets\zrF79LSiZLA.csv,190519,gs://senior-share-staging-570862915709/naresome_script_csv/zrF79LSiZLA.csv
YDqhFWr0i84,E:\Data\ObsidianVault\02_Channels\馴れ初めシネマ\競合チャンネル分析\企画リサーチ_20260605\script_csv_assets\YDqhFWr0i84.csv,89056,gs://senior-share-staging-570862915709/naresome_script_csv/YDqhFWr0i84.csv
QTUYm2NeIjo,E:\Data\ObsidianVault\02_Channels\馴れ初めシネマ\競合チャンネル分析\企画リサーチ_20260605\script_csv_assets\QTUYm2NeIjo.csv,157162,gs://senior-share-staging-570862915709/naresome_script_csv/QTUYm2NeIjo.csv
kt7Q0AE7u3I,E:\Data\ObsidianVault\02_Channels\馴れ初めシネマ\競合チャンネル分析\企画リサーチ_20260605\script_csv_assets\kt7Q0AE7u3I.csv,132838,gs://senior-share-staging-570862915709/naresome_script_csv/kt7Q0AE7u3I.csv
cXhRnsnJiYY,E:\Data\ObsidianVault\02_Channels\馴れ初めシネマ\競合チャンネル分析\企画リサーチ_20260605\script_csv_assets\cXhRnsnJiYY.csv,218120,gs://senior-share-staging-570862915709/naresome_script_csv/cXhRnsnJiYY.csv
4V1_Oz4pimI,E:\Data\ObsidianVault\02_Channels\馴れ初めシネマ\競合チャンネル分析\企画リサーチ_20260605\script_csv_assets\4V1_Oz4pimI.csv,108849,gs://senior-share-staging-570862915709/naresome_script_csv/4V1_Oz4pimI.csv
WvxEt1oz4ec,E:\Data\ObsidianVault\02_Channels\馴れ初めシネマ\競合チャンネル分析\企画リサーチ_20260605\script_csv_assets\WvxEt1oz4ec.csv,135011,gs://senior-share-staging-570862915709/naresome_script_csv/WvxEt1oz4ec.csv
Q5cjzRViRh8,E:\Data\ObsidianVault\02_Channels\馴れ初めシネマ\競合チャンネル分析\企画リサーチ_20260605\script_csv_assets\Q5cjzRViRh8.csv,90775,gs://senior-share-staging-570862915709/naresome_script_csv/Q5cjzRViRh8.csv
6l3FAueNQQI,E:\Data\ObsidianVault\02_Channels\馴れ初めシネマ\競合チャンネル分析\企画リサーチ_20260605\script_csv_assets\6l3FAueNQQI.csv,111799,gs://senior-share-staging-570862915709/naresome_script_csv/6l3FAueNQQI.csv
Vyq4bDyMi-Q,E:\Data\ObsidianVault\02_Channels\馴れ初めシネマ\競合チャンネル分析\企画リサーチ_20260605\script_csv_assets\Vyq4bDyMi-Q.csv,77800,gs://senior-share-staging-570862915709/naresome_script_csv/Vyq4bDyMi-Q.csv
snGdeuvhQTE,E:\Data\ObsidianVault\02_Channels\馴れ初めシネマ\競合チャンネル分析\企画リサーチ_20260605\script_csv_assets\snGdeuvhQTE.csv,121636,gs://senior-share-staging-570862915709/naresome_script_csv/snGdeuvhQTE.csv
v2VT_qP0R9s,E:\Data\ObsidianVault\02_Channels\馴れ初めシネマ\競合チャンネル分析\企画リサーチ_20260605\script_csv_assets\v2VT_qP0R9s.csv,124421,gs://senior-share-staging-570862915709/naresome_script_csv/v2VT_qP0R9s.csv
KeH9iXh-0dc,E:\Data\ObsidianVault\02_Channels\馴れ初めシネマ\競合チャンネル分析\企画リサーチ_20260605\script_csv_assets\KeH9iXh-0dc.csv,160583,gs://senior-share-staging-570862915709/naresome_script_csv/KeH9iXh-0dc.csv
EK5mCD7uoCE,E:\Data\ObsidianVault\02_Channels\馴れ初めシネマ\競合チャンネル分析\企画リサーチ_20260605\script_csv_assets\EK5mCD7uoCE.csv,162013,gs://senior-share-staging-570862915709/naresome_script_csv/EK5mCD7uoCE.csv
Jye_8BUxlj0,E:\Data\ObsidianVault\02_Channels\馴れ初めシネマ\競合チャンネル分析\企画リサーチ_20260605\script_csv_assets\Jye_8BUxlj0.csv,129202,gs://senior-share-staging-570862915709/naresome_script_csv/Jye_8BUxlj0.csv
3MtIrDYJ0Pw,E:\Data\ObsidianVault\02_Channels\馴れ初めシネマ\競合チャンネル分析\企画リサーチ_20260605\script_csv_assets\3MtIrDYJ0Pw.csv,91201,gs://senior-share-staging-570862915709/naresome_script_csv/3MtIrDYJ0Pw.csv
Fbtfc_PH-HY,E:\Data\ObsidianVault\02_Channels\馴れ初めシネマ\競合チャンネル分析\企画リサーチ_20260605\script_csv_assets\Fbtfc_PH-HY.csv,173259,gs://senior-share-staging-570862915709/naresome_script_csv/Fbtfc_PH-HY.csv
BXAEge4EbPA,E:\Data\ObsidianVault\02_Channels\馴れ初めシネマ\競合チャンネル分析\企画リサーチ_20260605\script_csv_assets\BXAEge4EbPA.csv,99694,gs://senior-share-staging-570862915709/naresome_script_csv/BXAEge4EbPA.csv
wjQRwhuUgTw,E:\Data\ObsidianVault\02_Channels\馴れ初めシネマ\競合チャンネル分析\企画リサーチ_20260605\script_csv_assets\wjQRwhuUgTw.csv,199297,gs://senior-share-staging-570862915709/naresome_script_csv/wjQRwhuUgTw.csv
FX1gpKPZmDg,E:\Data\ObsidianVault\02_Channels\馴れ初めシネマ\競合チャンネル分析\企画リサーチ_20260605\script_csv_assets\FX1gpKPZmDg.csv,116412,gs://senior-share-staging-570862915709/naresome_script_csv/FX1gpKPZmDg.csv
aT2o71IMta4,E:\Data\ObsidianVault\02_Channels\馴れ初めシネマ\競合チャンネル分析\企画リサーチ_20260605\script_csv_assets\aT2o71IMta4.csv,100829,gs://senior-share-staging-570862915709/naresome_script_csv/aT2o71IMta4.csv
TuLvlXIYioU,E:\Data\ObsidianVault\02_Channels\馴れ初めシネマ\競合チャンネル分析\企画リサーチ_20260605\script_csv_assets\TuLvlXIYioU.csv,70283,gs://senior-share-staging-570862915709/naresome_script_csv/TuLvlXIYioU.csv
shPUXeyESIE,E:\Data\ObsidianVault\02_Channels\馴れ初めシネマ\競合チャンネル分析\企画リサーチ_20260605\script_csv_assets\shPUXeyESIE.csv,189173,gs://senior-share-staging-570862915709/naresome_script_csv/shPUXeyESIE.csv
HqMFqzyoUgw,E:\Data\ObsidianVault\02_Channels\馴れ初めシネマ\競合チャンネル分析\企画リサーチ_20260605\script_csv_assets\HqMFqzyoUgw.csv,58094,gs://senior-share-staging-570862915709/naresome_script_csv/HqMFqzyoUgw.csv
Rc16_MiC6Dc,E:\Data\ObsidianVault\02_Channels\馴れ初めシネマ\競合チャンネル分析\企画リサーチ_20260605\script_csv_assets\Rc16_MiC6Dc.csv,109515,gs://senior-share-staging-570862915709/naresome_script_csv/Rc16_MiC6Dc.csv
p2GOmM3NToE,E:\Data\ObsidianVault\02_Channels\馴れ初めシネマ\競合チャンネル分析\企画リサーチ_20260605\script_csv_assets\p2GOmM3NToE.csv,145709,gs://senior-share-staging-570862915709/naresome_script_csv/p2GOmM3NToE.csv
1hFOJYWmK7Q,E:\Data\ObsidianVault\02_Channels\馴れ初めシネマ\競合チャンネル分析\企画リサーチ_20260605\script_csv_assets\1hFOJYWmK7Q.csv,129019,gs://senior-share-staging-570862915709/naresome_script_csv/1hFOJYWmK7Q.csv
bde-GSjLRB0,E:\Data\ObsidianVault\02_Channels\馴れ初めシネマ\競合チャンネル分析\企画リサーチ_20260605\script_csv_assets\bde-GSjLRB0.csv,76498,gs://senior-share-staging-570862915709/naresome_script_csv/bde-GSjLRB0.csv
JNKSadupmik,E:\Data\ObsidianVault\02_Channels\馴れ初めシネマ\競合チャンネル分析\企画リサーチ_20260605\script_csv_assets\JNKSadupmik.csv,134569,gs://senior-share-staging-570862915709/naresome_script_csv/JNKSadupmik.csv
z26xLDhW7eA,E:\Data\ObsidianVault\02_Channels\馴れ初めシネマ\競合チャンネル分析\企画リサーチ_20260605\script_csv_assets\z26xLDhW7eA.csv,124641,gs://senior-share-staging-570862915709/naresome_script_csv/z26xLDhW7eA.csv
zonYdBF20Bw,E:\Data\ObsidianVault\02_Channels\馴れ初めシネマ\競合チャンネル分析\企画リサーチ_20260605\script_csv_assets\zonYdBF20Bw.csv,163526,gs://senior-share-staging-570862915709/naresome_script_csv/zonYdBF20Bw.csv
OLoZCNIlV6g,E:\Data\ObsidianVault\02_Channels\馴れ初めシネマ\競合チャンネル分析\企画リサーチ_20260605\script_csv_assets\OLoZCNIlV6g.csv,102883,gs://senior-share-staging-570862915709/naresome_script_csv/OLoZCNIlV6g.csv
-YKNsm892wI,E:\Data\ObsidianVault\02_Channels\馴れ初めシネマ\競合チャンネル分析\企画リサーチ_20260605\script_csv_assets\-YKNsm892wI.csv,126176,gs://senior-share-staging-570862915709/naresome_script_csv/-YKNsm892wI.csv
ldWJTo0_rnw,E:\Data\ObsidianVault\02_Channels\馴れ初めシネマ\競合チャンネル分析\企画リサーチ_20260605\script_csv_assets\ldWJTo0_rnw.csv,72280,gs://senior-share-staging-570862915709/naresome_script_csv/ldWJTo0_rnw.csv
vuayNlyo2Qg,E:\Data\ObsidianVault\02_Channels\馴れ初めシネマ\競合チャンネル分析\企画リサーチ_20260605\script_csv_assets\vuayNlyo2Qg.csv,51806,gs://senior-share-staging-570862915709/naresome_script_csv/vuayNlyo2Qg.csv
aLOibgd6T4Q,E:\Data\ObsidianVault\02_Channels\馴れ初めシネマ\競合チャンネル分析\企画リサーチ_20260605\script_csv_assets\aLOibgd6T4Q.csv,136982,gs://senior-share-staging-570862915709/naresome_script_csv/aLOibgd6T4Q.csv
9W-l3yixGSA,E:\Data\ObsidianVault\02_Channels\馴れ初めシネマ\競合チャンネル分析\企画リサーチ_20260605\script_csv_assets\9W-l3yixGSA.csv,133248,gs://senior-share-staging-570862915709/naresome_script_csv/9W-l3yixGSA.csv
eustvmEuUrQ,E:\Data\ObsidianVault\02_Channels\馴れ初めシネマ\競合チャンネル分析\企画リサーチ_20260605\script_csv_assets\eustvmEuUrQ.csv,104714,gs://senior-share-staging-570862915709/naresome_script_csv/eustvmEuUrQ.csv
rLONOdsEkNg,E:\Data\ObsidianVault\02_Channels\馴れ初めシネマ\競合チャンネル分析\企画リサーチ_20260605\script_csv_assets\rLONOdsEkNg.csv,88289,gs://senior-share-staging-570862915709/naresome_script_csv/rLONOdsEkNg.csv
oTcYtYpozTM,E:\Data\ObsidianVault\02_Channels\馴れ初めシネマ\競合チャンネル分析\企画リサーチ_20260605\script_csv_assets\oTcYtYpozTM.csv,160165,gs://senior-share-staging-570862915709/naresome_script_csv/oTcYtYpozTM.csv
NUFkze6_AFI,E:\Data\ObsidianVault\02_Channels\馴れ初めシネマ\競合チャンネル分析\企画リサーチ_20260605\script_csv_assets\NUFkze6_AFI.csv,108937,gs://senior-share-staging-570862915709/naresome_script_csv/NUFkze6_AFI.csv
s-zDqE0NMew,E:\Data\ObsidianVault\02_Channels\馴れ初めシネマ\競合チャンネル分析\企画リサーチ_20260605\script_csv_assets\s-zDqE0NMew.csv,109431,gs://senior-share-staging-570862915709/naresome_script_csv/s-zDqE0NMew.csv
ubQw6naoVrA,E:\Data\ObsidianVault\02_Channels\馴れ初めシネマ\競合チャンネル分析\企画リサーチ_20260605\script_csv_assets\ubQw6naoVrA.csv,89297,gs://senior-share-staging-570862915709/naresome_script_csv/ubQw6naoVrA.csv
f1tLjYHCjUM,E:\Data\ObsidianVault\02_Channels\馴れ初めシネマ\競合チャンネル分析\企画リサーチ_20260605\script_csv_assets\f1tLjYHCjUM.csv,86614,gs://senior-share-staging-570862915709/naresome_script_csv/f1tLjYHCjUM.csv
ixgHwGANUDM,E:\Data\ObsidianVault\02_Channels\馴れ初めシネマ\競合チャンネル分析\企画リサーチ_20260605\script_csv_assets\ixgHwGANUDM.csv,79968,gs://senior-share-staging-570862915709/naresome_script_csv/ixgHwGANUDM.csv
X-3bUMazows,E:\Data\ObsidianVault\02_Channels\馴れ初めシネマ\競合チャンネル分析\企画リサーチ_20260605\script_csv_assets\X-3bUMazows.csv,106807,gs://senior-share-staging-570862915709/naresome_script_csv/X-3bUMazows.csv
2YkSLD66U80,E:\Data\ObsidianVault\02_Channels\馴れ初めシネマ\競合チャンネル分析\企画リサーチ_20260605\script_csv_assets\2YkSLD66U80.csv,63515,gs://senior-share-staging-570862915709/naresome_script_csv/2YkSLD66U80.csv
AJq3KQEyiwA,E:\Data\ObsidianVault\02_Channels\馴れ初めシネマ\競合チャンネル分析\企画リサーチ_20260605\script_csv_assets\AJq3KQEyiwA.csv,91096,gs://senior-share-staging-570862915709/naresome_script_csv/AJq3KQEyiwA.csv
_o1jwQo3MfM,E:\Data\ObsidianVault\02_Channels\馴れ初めシネマ\競合チャンネル分析\企画リサーチ_20260605\script_csv_assets\_o1jwQo3MfM.csv,32354,gs://senior-share-staging-570862915709/naresome_script_csv/_o1jwQo3MfM.csv
dsuwG1iDNQE,E:\Data\ObsidianVault\02_Channels\馴れ初めシネマ\競合チャンネル分析\企画リサーチ_20260605\script_csv_assets\dsuwG1iDNQE.csv,93791,gs://senior-share-staging-570862915709/naresome_script_csv/dsuwG1iDNQE.csv
cXUn5GfWTNE,E:\Data\ObsidianVault\02_Channels\馴れ初めシネマ\競合チャンネル分析\企画リサーチ_20260605\script_csv_assets\cXUn5GfWTNE.csv,160145,gs://senior-share-staging-570862915709/naresome_script_csv/cXUn5GfWTNE.csv
pdgXGG9b3OM,E:\Data\ObsidianVault\02_Channels\馴れ初めシネマ\競合チャンネル分析\企画リサーチ_20260605\script_csv_assets\pdgXGG9b3OM.csv,88598,gs://senior-share-staging-570862915709/naresome_script_csv/pdgXGG9b3OM.csv
_bAMCuB8xbk,E:\Data\ObsidianVault\02_Channels\馴れ初めシネマ\競合チャンネル分析\企画リサーチ_20260605\script_csv_assets\_bAMCuB8xbk.csv,79471,gs://senior-share-staging-570862915709/naresome_script_csv/_bAMCuB8xbk.csv
FPCPe8vyzEU,E:\Data\ObsidianVault\02_Channels\馴れ初めシネマ\競合チャンネル分析\企画リサーチ_20260605\script_csv_assets\FPCPe8vyzEU.csv,94606,gs://senior-share-staging-570862915709/naresome_script_csv/FPCPe8vyzEU.csv
jmN_E4arcIU,E:\Data\ObsidianVault\02_Channels\馴れ初めシネマ\競合チャンネル分析\企画リサーチ_20260605\script_csv_assets\jmN_E4arcIU.csv,92805,gs://senior-share-staging-570862915709/naresome_script_csv/jmN_E4arcIU.csv
JU3UGE0027o,E:\Data\ObsidianVault\02_Channels\馴れ初めシネマ\競合チャンネル分析\企画リサーチ_20260605\script_csv_assets\JU3UGE0027o.csv,134640,gs://senior-share-staging-570862915709/naresome_script_csv/JU3UGE0027o.csv
-jGtT3lYMnI,E:\Data\ObsidianVault\02_Channels\馴れ初めシネマ\競合チャンネル分析\企画リサーチ_20260605\script_csv_assets\-jGtT3lYMnI.csv,104101,gs://senior-share-staging-570862915709/naresome_script_csv/-jGtT3lYMnI.csv
kK9EL_25BZw,E:\Data\ObsidianVault\02_Channels\馴れ初めシネマ\競合チャンネル分析\企画リサーチ_20260605\script_csv_assets\kK9EL_25BZw.csv,163787,gs://senior-share-staging-570862915709/naresome_script_csv/kK9EL_25BZw.csv
v3QAxJ4oWUY,E:\Data\ObsidianVault\02_Channels\馴れ初めシネマ\競合チャンネル分析\企画リサーチ_20260605\script_csv_assets\v3QAxJ4oWUY.csv,148933,gs://senior-share-staging-570862915709/naresome_script_csv/v3QAxJ4oWUY.csv
G2wWbnFtz04,E:\Data\ObsidianVault\02_Channels\馴れ初めシネマ\競合チャンネル分析\企画リサーチ_20260605\script_csv_assets\G2wWbnFtz04.csv,165959,gs://senior-share-staging-570862915709/naresome_script_csv/G2wWbnFtz04.csv
nN0h5ebM24Q,E:\Data\ObsidianVault\02_Channels\馴れ初めシネマ\競合チャンネル分析\企画リサーチ_20260605\script_csv_assets\nN0h5ebM24Q.csv,179876,gs://senior-share-staging-570862915709/naresome_script_csv/nN0h5ebM24Q.csv
Oxc4PmrtlXk,E:\Data\ObsidianVault\02_Channels\馴れ初めシネマ\競合チャンネル分析\企画リサーチ_20260605\script_csv_assets\Oxc4PmrtlXk.csv,155120,gs://senior-share-staging-570862915709/naresome_script_csv/Oxc4PmrtlXk.csv
8EhEgAC0vRc,E:\Data\ObsidianVault\02_Channels\馴れ初めシネマ\競合チャンネル分析\企画リサーチ_20260605\script_csv_assets\8EhEgAC0vRc.csv,135788,gs://senior-share-staging-570862915709/naresome_script_csv/8EhEgAC0vRc.csv
Onf6Cl5tb0Y,E:\Data\ObsidianVault\02_Channels\馴れ初めシネマ\競合チャンネル分析\企画リサーチ_20260605\script_csv_assets\Onf6Cl5tb0Y.csv,89803,gs://senior-share-staging-570862915709/naresome_script_csv/Onf6Cl5tb0Y.csv
lrMRGI_MPGI,E:\Data\ObsidianVault\02_Channels\馴れ初めシネマ\競合チャンネル分析\企画リサーチ_20260605\script_csv_assets\lrMRGI_MPGI.csv,102119,gs://senior-share-staging-570862915709/naresome_script_csv/lrMRGI_MPGI.csv
TuPYsbCui3M,E:\Data\ObsidianVault\02_Channels\馴れ初めシネマ\競合チャンネル分析\企画リサーチ_20260605\script_csv_assets\TuPYsbCui3M.csv,140223,gs://senior-share-staging-570862915709/naresome_script_csv/TuPYsbCui3M.csv
7Rg6uTmQ4NU,E:\Data\ObsidianVault\02_Channels\馴れ初めシネマ\競合チャンネル分析\企画リサーチ_20260605\script_csv_assets\7Rg6uTmQ4NU.csv,126794,gs://senior-share-staging-570862915709/naresome_script_csv/7Rg6uTmQ4NU.csv
7_n5oQybCUE,E:\Data\ObsidianVault\02_Channels\馴れ初めシネマ\競合チャンネル分析\企画リサーチ_20260605\script_csv_assets\7_n5oQybCUE.csv,180362,gs://senior-share-staging-570862915709/naresome_script_csv/7_n5oQybCUE.csv
Am_XbwGz9q0,E:\Data\ObsidianVault\02_Channels\馴れ初めシネマ\競合チャンネル分析\企画リサーチ_20260605\script_csv_assets\Am_XbwGz9q0.csv,89468,gs://senior-share-staging-570862915709/naresome_script_csv/Am_XbwGz9q0.csv
9Ggzp9HM3iM,E:\Data\ObsidianVault\02_Channels\馴れ初めシネマ\競合チャンネル分析\企画リサーチ_20260605\script_csv_assets\9Ggzp9HM3iM.csv,129448,gs://senior-share-staging-570862915709/naresome_script_csv/9Ggzp9HM3iM.csv
jhGe8JUgoxc,E:\Data\ObsidianVault\02_Channels\馴れ初めシネマ\競合チャンネル分析\企画リサーチ_20260605\script_csv_assets\jhGe8JUgoxc.csv,87595,gs://senior-share-staging-570862915709/naresome_script_csv/jhGe8JUgoxc.csv
MEPeflv9uNk,E:\Data\ObsidianVault\02_Channels\馴れ初めシネマ\競合チャンネル分析\企画リサーチ_20260605\script_csv_assets\MEPeflv9uNk.csv,98829,gs://senior-share-staging-570862915709/naresome_script_csv/MEPeflv9uNk.csv
KxPGsa87bYM,E:\Data\ObsidianVault\02_Channels\馴れ初めシネマ\競合チャンネル分析\企画リサーチ_20260605\script_csv_assets\KxPGsa87bYM.csv,191489,gs://senior-share-staging-570862915709/naresome_script_csv/KxPGsa87bYM.csv
rzUbglL10Vg,E:\Data\ObsidianVault\02_Channels\馴れ初めシネマ\競合チャンネル分析\企画リサーチ_20260605\script_csv_assets\rzUbglL10Vg.csv,118644,gs://senior-share-staging-570862915709/naresome_script_csv/rzUbglL10Vg.csv
nUiEY58I20E,E:\Data\ObsidianVault\02_Channels\馴れ初めシネマ\競合チャンネル分析\企画リサーチ_20260605\script_csv_assets\nUiEY58I20E.csv,93801,gs://senior-share-staging-570862915709/naresome_script_csv/nUiEY58I20E.csv
TcbN_tfo5dg,E:\Data\ObsidianVault\02_Channels\馴れ初めシネマ\競合チャンネル分析\企画リサーチ_20260605\script_csv_assets\TcbN_tfo5dg.csv,111154,gs://senior-share-staging-570862915709/naresome_script_csv/TcbN_tfo5dg.csv
sSUWgJsLBTY,E:\Data\ObsidianVault\02_Channels\馴れ初めシネマ\競合チャンネル分析\企画リサーチ_20260605\script_csv_assets\sSUWgJsLBTY.csv,64627,gs://senior-share-staging-570862915709/naresome_script_csv/sSUWgJsLBTY.csv
auBHF-m5sEE,E:\Data\ObsidianVault\02_Channels\馴れ初めシネマ\競合チャンネル分析\企画リサーチ_20260605\script_csv_assets\auBHF-m5sEE.csv,105343,gs://senior-share-staging-570862915709/naresome_script_csv/auBHF-m5sEE.csv
9liAB8GwdNk,E:\Data\ObsidianVault\02_Channels\馴れ初めシネマ\競合チャンネル分析\企画リサーチ_20260605\script_csv_assets\9liAB8GwdNk.csv,125156,gs://senior-share-staging-570862915709/naresome_script_csv/9liAB8GwdNk.csv
Es4wQUMG-PA,E:\Data\ObsidianVault\02_Channels\馴れ初めシネマ\競合チャンネル分析\企画リサーチ_20260605\script_csv_assets\Es4wQUMG-PA.csv,140366,gs://senior-share-staging-570862915709/naresome_script_csv/Es4wQUMG-PA.csv
ipSpCD--VVQ,E:\Data\ObsidianVault\02_Channels\馴れ初めシネマ\競合チャンネル分析\企画リサーチ_20260605\script_csv_assets\ipSpCD--VVQ.csv,61917,gs://senior-share-staging-570862915709/naresome_script_csv/ipSpCD--VVQ.csv
WUH_Qrowub4,E:\Data\ObsidianVault\02_Channels\馴れ初めシネマ\競合チャンネル分析\企画リサーチ_20260605\script_csv_assets\WUH_Qrowub4.csv,146769,gs://senior-share-staging-570862915709/naresome_script_csv/WUH_Qrowub4.csv
-wcBPRc_M-o,E:\Data\ObsidianVault\02_Channels\馴れ初めシネマ\競合チャンネル分析\企画リサーチ_20260605\script_csv_assets\-wcBPRc_M-o.csv,129543,gs://senior-share-staging-570862915709/naresome_script_csv/-wcBPRc_M-o.csv
q32VlZIIQ6M,E:\Data\ObsidianVault\02_Channels\馴れ初めシネマ\競合チャンネル分析\企画リサーチ_20260605\script_csv_assets\q32VlZIIQ6M.csv,129163,gs://senior-share-staging-570862915709/naresome_script_csv/q32VlZIIQ6M.csv
cyW5pIvDOwk,E:\Data\ObsidianVault\02_Channels\馴れ初めシネマ\競合チャンネル分析\企画リサーチ_20260605\script_csv_assets\cyW5pIvDOwk.csv,101694,gs://senior-share-staging-570862915709/naresome_script_csv/cyW5pIvDOwk.csv
XAEeIkUMzuc,E:\Data\ObsidianVault\02_Channels\馴れ初めシネマ\競合チャンネル分析\企画リサーチ_20260605\script_csv_assets\XAEeIkUMzuc.csv,718971,gs://senior-share-staging-570862915709/naresome_script_csv/XAEeIkUMzuc.csv
DNV8RcAioyg,E:\Data\ObsidianVault\02_Channels\馴れ初めシネマ\競合チャンネル分析\企画リサーチ_20260605\script_csv_assets\DNV8RcAioyg.csv,145830,gs://senior-share-staging-570862915709/naresome_script_csv/DNV8RcAioyg.csv
CTcpeT0EgJk,E:\Data\ObsidianVault\02_Channels\馴れ初めシネマ\競合チャンネル分析\企画リサーチ_20260605\script_csv_assets\CTcpeT0EgJk.csv,105710,gs://senior-share-staging-570862915709/naresome_script_csv/CTcpeT0EgJk.csv
--gkJtnALMQ,E:\Data\ObsidianVault\02_Channels\馴れ初めシネマ\競合チャンネル分析\企画リサーチ_20260605\script_csv_assets\--gkJtnALMQ.csv,118427,gs://senior-share-staging-570862915709/naresome_script_csv/--gkJtnALMQ.csv
Xc2PMOe8bsA,E:\Data\ObsidianVault\02_Channels\馴れ初めシネマ\競合チャンネル分析\企画リサーチ_20260605\script_csv_assets\Xc2PMOe8bsA.csv,93359,gs://senior-share-staging-570862915709/naresome_script_csv/Xc2PMOe8bsA.csv
EuYG1RHRJR0,E:\Data\ObsidianVault\02_Channels\馴れ初めシネマ\競合チャンネル分析\企画リサーチ_20260605\script_csv_assets\EuYG1RHRJR0.csv,105329,gs://senior-share-staging-570862915709/naresome_script_csv/EuYG1RHRJR0.csv
GIudJPTtZnw,E:\Data\ObsidianVault\02_Channels\馴れ初めシネマ\競合チャンネル分析\企画リサーチ_20260605\script_csv_assets\GIudJPTtZnw.csv,164554,gs://senior-share-staging-570862915709/naresome_script_csv/GIudJPTtZnw.csv
QlY5G9HxmVo,E:\Data\ObsidianVault\02_Channels\馴れ初めシネマ\競合チャンネル分析\企画リサーチ_20260605\script_csv_assets\QlY5G9HxmVo.csv,205004,gs://senior-share-staging-570862915709/naresome_script_csv/QlY5G9HxmVo.csv
KXpzGSeDPnQ,E:\Data\ObsidianVault\02_Channels\馴れ初めシネマ\競合チャンネル分析\企画リサーチ_20260605\script_csv_assets\KXpzGSeDPnQ.csv,633518,gs://senior-share-staging-570862915709/naresome_script_csv/KXpzGSeDPnQ.csv
NK4YKg91O9M,E:\Data\ObsidianVault\02_Channels\馴れ初めシネマ\競合チャンネル分析\企画リサーチ_20260605\script_csv_assets\NK4YKg91O9M.csv,78693,gs://senior-share-staging-570862915709/naresome_script_csv/NK4YKg91O9M.csv
xF-PSra7fo0,E:\Data\ObsidianVault\02_Channels\馴れ初めシネマ\競合チャンネル分析\企画リサーチ_20260605\script_csv_assets\xF-PSra7fo0.csv,96416,gs://senior-share-staging-570862915709/naresome_script_csv/xF-PSra7fo0.csv
Hic7WmROUf0,E:\Data\ObsidianVault\02_Channels\馴れ初めシネマ\競合チャンネル分析\企画リサーチ_20260605\script_csv_assets\Hic7WmROUf0.csv,87061,gs://senior-share-staging-570862915709/naresome_script_csv/Hic7WmROUf0.csv
A-7e6AEolSM,E:\Data\ObsidianVault\02_Channels\馴れ初めシネマ\競合チャンネル分析\企画リサーチ_20260605\script_csv_assets\A-7e6AEolSM.csv,106810,gs://senior-share-staging-570862915709/naresome_script_csv/A-7e6AEolSM.csv
vUx-hHqu4sg,E:\Data\ObsidianVault\02_Channels\馴れ初めシネマ\競合チャンネル分析\企画リサーチ_20260605\script_csv_assets\vUx-hHqu4sg.csv,116041,gs://senior-share-staging-570862915709/naresome_script_csv/vUx-hHqu4sg.csv
40hK021bS_Y,E:\Data\ObsidianVault\02_Channels\馴れ初めシネマ\競合チャンネル分析\企画リサーチ_20260605\script_csv_assets\40hK021bS_Y.csv,161801,gs://senior-share-staging-570862915709/naresome_script_csv/40hK021bS_Y.csv
gW6yyVXzbII,E:\Data\ObsidianVault\02_Channels\馴れ初めシネマ\競合チャンネル分析\企画リサーチ_20260605\script_csv_assets\gW6yyVXzbII.csv,92597,gs://senior-share-staging-570862915709/naresome_script_csv/gW6yyVXzbII.csv
WWXXDSEjmEQ,E:\Data\ObsidianVault\02_Channels\馴れ初めシネマ\競合チャンネル分析\企画リサーチ_20260605\script_csv_assets\WWXXDSEjmEQ.csv,115639,gs://senior-share-staging-570862915709/naresome_script_csv/WWXXDSEjmEQ.csv
DCya8Coq6Hc,E:\Data\ObsidianVault\02_Channels\馴れ初めシネマ\競合チャンネル分析\企画リサーチ_20260605\script_csv_assets\DCya8Coq6Hc.csv,134324,gs://senior-share-staging-570862915709/naresome_script_csv/DCya8Coq6Hc.csv
OVhO_6VqYkM,E:\Data\ObsidianVault\02_Channels\馴れ初めシネマ\競合チャンネル分析\企画リサーチ_20260605\script_csv_assets\OVhO_6VqYkM.csv,183060,gs://senior-share-staging-570862915709/naresome_script_csv/OVhO_6VqYkM.csv
_gKP--CGFF8,E:\Data\ObsidianVault\02_Channels\馴れ初めシネマ\競合チャンネル分析\企画リサーチ_20260605\script_csv_assets\_gKP--CGFF8.csv,132729,gs://senior-share-staging-570862915709/naresome_script_csv/_gKP--CGFF8.csv
P07h9oa6vAI,E:\Data\ObsidianVault\02_Channels\馴れ初めシネマ\競合チャンネル分析\企画リサーチ_20260605\script_csv_assets\P07h9oa6vAI.csv,103583,gs://senior-share-staging-570862915709/naresome_script_csv/P07h9oa6vAI.csv
qDP9wU75zog,E:\Data\ObsidianVault\02_Channels\馴れ初めシネマ\競合チャンネル分析\企画リサーチ_20260605\script_csv_assets\qDP9wU75zog.csv,125721,gs://senior-share-staging-570862915709/naresome_script_csv/qDP9wU75zog.csv
eigCSo6yINY,E:\Data\ObsidianVault\02_Channels\馴れ初めシネマ\競合チャンネル分析\企画リサーチ_20260605\script_csv_assets\eigCSo6yINY.csv,78176,gs://senior-share-staging-570862915709/naresome_script_csv/eigCSo6yINY.csv
nkLATar8T_Q,E:\Data\ObsidianVault\02_Channels\馴れ初めシネマ\競合チャンネル分析\企画リサーチ_20260605\script_csv_assets\nkLATar8T_Q.csv,56668,gs://senior-share-staging-570862915709/naresome_script_csv/nkLATar8T_Q.csv
_xUUe846GnM,E:\Data\ObsidianVault\02_Channels\馴れ初めシネマ\競合チャンネル分析\企画リサーチ_20260605\script_csv_assets\_xUUe846GnM.csv,153020,gs://senior-share-staging-570862915709/naresome_script_csv/_xUUe846GnM.csv
uE3ifWpHNSY,E:\Data\ObsidianVault\02_Channels\馴れ初めシネマ\競合チャンネル分析\企画リサーチ_20260605\script_csv_assets\uE3ifWpHNSY.csv,112943,gs://senior-share-staging-570862915709/naresome_script_csv/uE3ifWpHNSY.csv
r1c-y_DqiL4,E:\Data\ObsidianVault\02_Channels\馴れ初めシネマ\競合チャンネル分析\企画リサーチ_20260605\script_csv_assets\r1c-y_DqiL4.csv,199802,gs://senior-share-staging-570862915709/naresome_script_csv/r1c-y_DqiL4.csv
poNEKcSQKCE,E:\Data\ObsidianVault\02_Channels\馴れ初めシネマ\競合チャンネル分析\企画リサーチ_20260605\script_csv_assets\poNEKcSQKCE.csv,120938,gs://senior-share-staging-570862915709/naresome_script_csv/poNEKcSQKCE.csv
bS6PuBsesQ4,E:\Data\ObsidianVault\02_Channels\馴れ初めシネマ\競合チャンネル分析\企画リサーチ_20260605\script_csv_assets\bS6PuBsesQ4.csv,78478,gs://senior-share-staging-570862915709/naresome_script_csv/bS6PuBsesQ4.csv
J1wyycQDygg,E:\Data\ObsidianVault\02_Channels\馴れ初めシネマ\競合チャンネル分析\企画リサーチ_20260605\script_csv_assets\J1wyycQDygg.csv,124003,gs://senior-share-staging-570862915709/naresome_script_csv/J1wyycQDygg.csv
8T3cvDyQhO8,E:\Data\ObsidianVault\02_Channels\馴れ初めシネマ\競合チャンネル分析\企画リサーチ_20260605\script_csv_assets\8T3cvDyQhO8.csv,138599,gs://senior-share-staging-570862915709/naresome_script_csv/8T3cvDyQhO8.csv
pq6B7MQhdcw,E:\Data\ObsidianVault\02_Channels\馴れ初めシネマ\競合チャンネル分析\企画リサーチ_20260605\script_csv_assets\pq6B7MQhdcw.csv,145290,gs://senior-share-staging-570862915709/naresome_script_csv/pq6B7MQhdcw.csv
_YlPmKBB80E,E:\Data\ObsidianVault\02_Channels\馴れ初めシネマ\競合チャンネル分析\企画リサーチ_20260605\script_csv_assets\_YlPmKBB80E.csv,25414,gs://senior-share-staging-570862915709/naresome_script_csv/_YlPmKBB80E.csv
9Xhj6ETq7gM,E:\Data\ObsidianVault\02_Channels\馴れ初めシネマ\競合チャンネル分析\企画リサーチ_20260605\script_csv_assets\9Xhj6ETq7gM.csv,118394,gs://senior-share-staging-570862915709/naresome_script_csv/9Xhj6ETq7gM.csv
9183tqR8cBc,E:\Data\ObsidianVault\02_Channels\馴れ初めシネマ\競合チャンネル分析\企画リサーチ_20260605\script_csv_assets\9183tqR8cBc.csv,129527,gs://senior-share-staging-570862915709/naresome_script_csv/9183tqR8cBc.csv
r3IUOGgK_xE,E:\Data\ObsidianVault\02_Channels\馴れ初めシネマ\競合チャンネル分析\企画リサーチ_20260605\script_csv_assets\r3IUOGgK_xE.csv,119984,gs://senior-share-staging-570862915709/naresome_script_csv/r3IUOGgK_xE.csv
z_mO4m5fVIo,E:\Data\ObsidianVault\02_Channels\馴れ初めシネマ\競合チャンネル分析\企画リサーチ_20260605\script_csv_assets\z_mO4m5fVIo.csv,182197,gs://senior-share-staging-570862915709/naresome_script_csv/z_mO4m5fVIo.csv
YSgeUSSYdXc,E:\Data\ObsidianVault\02_Channels\馴れ初めシネマ\競合チャンネル分析\企画リサーチ_20260605\script_csv_assets\YSgeUSSYdXc.csv,116914,gs://senior-share-staging-570862915709/naresome_script_csv/YSgeUSSYdXc.csv
cmp9Ndf_ALs,E:\Data\ObsidianVault\02_Channels\馴れ初めシネマ\競合チャンネル分析\企画リサーチ_20260605\script_csv_assets\cmp9Ndf_ALs.csv,159314,gs://senior-share-staging-570862915709/naresome_script_csv/cmp9Ndf_ALs.csv
WsLufaDg6VY,E:\Data\ObsidianVault\02_Channels\馴れ初めシネマ\競合チャンネル分析\企画リサーチ_20260605\script_csv_assets\WsLufaDg6VY.csv,66471,gs://senior-share-staging-570862915709/naresome_script_csv/WsLufaDg6VY.csv
kLXDf5zQ_U8,E:\Data\ObsidianVault\02_Channels\馴れ初めシネマ\競合チャンネル分析\企画リサーチ_20260605\script_csv_assets\kLXDf5zQ_U8.csv,86126,gs://senior-share-staging-570862915709/naresome_script_csv/kLXDf5zQ_U8.csv
Svbmt_M3Az0,E:\Data\ObsidianVault\02_Channels\馴れ初めシネマ\競合チャンネル分析\企画リサーチ_20260605\script_csv_assets\Svbmt_M3Az0.csv,662520,gs://senior-share-staging-570862915709/naresome_script_csv/Svbmt_M3Az0.csv
27AoEi3jEY0,E:\Data\ObsidianVault\02_Channels\馴れ初めシネマ\競合チャンネル分析\企画リサーチ_20260605\script_csv_assets\27AoEi3jEY0.csv,71730,gs://senior-share-staging-570862915709/naresome_script_csv/27AoEi3jEY0.csv
ly6rQEnwTCo,E:\Data\ObsidianVault\02_Channels\馴れ初めシネマ\競合チャンネル分析\企画リサーチ_20260605\script_csv_assets\ly6rQEnwTCo.csv,158074,gs://senior-share-staging-570862915709/naresome_script_csv/ly6rQEnwTCo.csv
3buNTDbUWK4,E:\Data\ObsidianVault\02_Channels\馴れ初めシネマ\競合チャンネル分析\企画リサーチ_20260605\script_csv_assets\3buNTDbUWK4.csv,153061,gs://senior-share-staging-570862915709/naresome_script_csv/3buNTDbUWK4.csv
f9Z-KoDBheo,E:\Data\ObsidianVault\02_Channels\馴れ初めシネマ\競合チャンネル分析\企画リサーチ_20260605\script_csv_assets\f9Z-KoDBheo.csv,96307,gs://senior-share-staging-570862915709/naresome_script_csv/f9Z-KoDBheo.csv
pjEouL7YE4Q,E:\Data\ObsidianVault\02_Channels\馴れ初めシネマ\競合チャンネル分析\企画リサーチ_20260605\script_csv_assets\pjEouL7YE4Q.csv,85383,gs://senior-share-staging-570862915709/naresome_script_csv/pjEouL7YE4Q.csv
Z_RrutFoPAU,E:\Data\ObsidianVault\02_Channels\馴れ初めシネマ\競合チャンネル分析\企画リサーチ_20260605\script_csv_assets\Z_RrutFoPAU.csv,50648,gs://senior-share-staging-570862915709/naresome_script_csv/Z_RrutFoPAU.csv
Ur90ujCr2kU,E:\Data\ObsidianVault\02_Channels\馴れ初めシネマ\競合チャンネル分析\企画リサーチ_20260605\script_csv_assets\Ur90ujCr2kU.csv,90223,gs://senior-share-staging-570862915709/naresome_script_csv/Ur90ujCr2kU.csv
dARKwKkBVDA,E:\Data\ObsidianVault\02_Channels\馴れ初めシネマ\競合チャンネル分析\企画リサーチ_20260605\script_csv_assets\dARKwKkBVDA.csv,155802,gs://senior-share-staging-570862915709/naresome_script_csv/dARKwKkBVDA.csv
4mrby0AJTLY,E:\Data\ObsidianVault\02_Channels\馴れ初めシネマ\競合チャンネル分析\企画リサーチ_20260605\script_csv_assets\4mrby0AJTLY.csv,153542,gs://senior-share-staging-570862915709/naresome_script_csv/4mrby0AJTLY.csv
wTfEOMg0ecU,E:\Data\ObsidianVault\02_Channels\馴れ初めシネマ\競合チャンネル分析\企画リサーチ_20260605\script_csv_assets\wTfEOMg0ecU.csv,88366,gs://senior-share-staging-570862915709/naresome_script_csv/wTfEOMg0ecU.csv
vs_ET0UAdgo,E:\Data\ObsidianVault\02_Channels\馴れ初めシネマ\競合チャンネル分析\企画リサーチ_20260605\script_csv_assets\vs_ET0UAdgo.csv,158400,gs://senior-share-staging-570862915709/naresome_script_csv/vs_ET0UAdgo.csv
XEJr_-mk31Y,E:\Data\ObsidianVault\02_Channels\馴れ初めシネマ\競合チャンネル分析\企画リサーチ_20260605\script_csv_assets\XEJr_-mk31Y.csv,140609,gs://senior-share-staging-570862915709/naresome_script_csv/XEJr_-mk31Y.csv
7U9DCmBFSiM,E:\Data\ObsidianVault\02_Channels\馴れ初めシネマ\競合チャンネル分析\企画リサーチ_20260605\script_csv_assets\7U9DCmBFSiM.csv,72031,gs://senior-share-staging-570862915709/naresome_script_csv/7U9DCmBFSiM.csv
TZxL_-Acn4M,E:\Data\ObsidianVault\02_Channels\馴れ初めシネマ\競合チャンネル分析\企画リサーチ_20260605\script_csv_assets\TZxL_-Acn4M.csv,157486,gs://senior-share-staging-570862915709/naresome_script_csv/TZxL_-Acn4M.csv
xxPYqYg8E64,E:\Data\ObsidianVault\02_Channels\馴れ初めシネマ\競合チャンネル分析\企画リサーチ_20260605\script_csv_assets\xxPYqYg8E64.csv,188596,gs://senior-share-staging-570862915709/naresome_script_csv/xxPYqYg8E64.csv
o_FSxKq0tDs,E:\Data\ObsidianVault\02_Channels\馴れ初めシネマ\競合チャンネル分析\企画リサーチ_20260605\script_csv_assets\o_FSxKq0tDs.csv,62185,gs://senior-share-staging-570862915709/naresome_script_csv/o_FSxKq0tDs.csv
OG6mYgc-RAM,E:\Data\ObsidianVault\02_Channels\馴れ初めシネマ\競合チャンネル分析\企画リサーチ_20260605\script_csv_assets\OG6mYgc-RAM.csv,108767,gs://senior-share-staging-570862915709/naresome_script_csv/OG6mYgc-RAM.csv
aEMlzuGdNao,E:\Data\ObsidianVault\02_Channels\馴れ初めシネマ\競合チャンネル分析\企画リサーチ_20260605\script_csv_assets\aEMlzuGdNao.csv,126921,gs://senior-share-staging-570862915709/naresome_script_csv/aEMlzuGdNao.csv
yaVhchWRkL4,E:\Data\ObsidianVault\02_Channels\馴れ初めシネマ\競合チャンネル分析\企画リサーチ_20260605\script_csv_assets\yaVhchWRkL4.csv,119933,gs://senior-share-staging-570862915709/naresome_script_csv/yaVhchWRkL4.csv
1zIo6ZnUoFI,E:\Data\ObsidianVault\02_Channels\馴れ初めシネマ\競合チャンネル分析\企画リサーチ_20260605\script_csv_assets\1zIo6ZnUoFI.csv,131364,gs://senior-share-staging-570862915709/naresome_script_csv/1zIo6ZnUoFI.csv
tOdIi5S7Rbw,E:\Data\ObsidianVault\02_Channels\馴れ初めシネマ\競合チャンネル分析\企画リサーチ_20260605\script_csv_assets\tOdIi5S7Rbw.csv,120721,gs://senior-share-staging-570862915709/naresome_script_csv/tOdIi5S7Rbw.csv
AUH1OcpLQs0,E:\Data\ObsidianVault\02_Channels\馴れ初めシネマ\競合チャンネル分析\企画リサーチ_20260605\script_csv_assets\AUH1OcpLQs0.csv,152738,gs://senior-share-staging-570862915709/naresome_script_csv/AUH1OcpLQs0.csv
g1iTFd8OpIY,E:\Data\ObsidianVault\02_Channels\馴れ初めシネマ\競合チャンネル分析\企画リサーチ_20260605\script_csv_assets\g1iTFd8OpIY.csv,153545,gs://senior-share-staging-570862915709/naresome_script_csv/g1iTFd8OpIY.csv
W_pZ1zyqnTE,E:\Data\ObsidianVault\02_Channels\馴れ初めシネマ\競合チャンネル分析\企画リサーチ_20260605\script_csv_assets\W_pZ1zyqnTE.csv,110097,gs://senior-share-staging-570862915709/naresome_script_csv/W_pZ1zyqnTE.csv
yKG6npNu9uI,E:\Data\ObsidianVault\02_Channels\馴れ初めシネマ\競合チャンネル分析\企画リサーチ_20260605\script_csv_assets\yKG6npNu9uI.csv,166032,gs://senior-share-staging-570862915709/naresome_script_csv/yKG6npNu9uI.csv
H-sTFKoOsx4,E:\Data\ObsidianVault\02_Channels\馴れ初めシネマ\競合チャンネル分析\企画リサーチ_20260605\script_csv_assets\H-sTFKoOsx4.csv,82721,gs://senior-share-staging-570862915709/naresome_script_csv/H-sTFKoOsx4.csv
RG9F9uuqGac,E:\Data\ObsidianVault\02_Channels\馴れ初めシネマ\競合チャンネル分析\企画リサーチ_20260605\script_csv_assets\RG9F9uuqGac.csv,153057,gs://senior-share-staging-570862915709/naresome_script_csv/RG9F9uuqGac.csv
qzBnagXI2Jg,E:\Data\ObsidianVault\02_Channels\馴れ初めシネマ\競合チャンネル分析\企画リサーチ_20260605\script_csv_assets\qzBnagXI2Jg.csv,54044,gs://senior-share-staging-570862915709/naresome_script_csv/qzBnagXI2Jg.csv
lSAqZoZFF1g,E:\Data\ObsidianVault\02_Channels\馴れ初めシネマ\競合チャンネル分析\企画リサーチ_20260605\script_csv_assets\lSAqZoZFF1g.csv,95579,gs://senior-share-staging-570862915709/naresome_script_csv/lSAqZoZFF1g.csv
ltCucQWT6tw,E:\Data\ObsidianVault\02_Channels\馴れ初めシネマ\競合チャンネル分析\企画リサーチ_20260605\script_csv_assets\ltCucQWT6tw.csv,650546,gs://senior-share-staging-570862915709/naresome_script_csv/ltCucQWT6tw.csv
VSL11SMeM_0,E:\Data\ObsidianVault\02_Channels\馴れ初めシネマ\競合チャンネル分析\企画リサーチ_20260605\script_csv_assets\VSL11SMeM_0.csv,91128,gs://senior-share-staging-570862915709/naresome_script_csv/VSL11SMeM_0.csv
6Rlg33aHJNA,E:\Data\ObsidianVault\02_Channels\馴れ初めシネマ\競合チャンネル分析\企画リサーチ_20260605\script_csv_assets\6Rlg33aHJNA.csv,115031,gs://senior-share-staging-570862915709/naresome_script_csv/6Rlg33aHJNA.csv
YkqeUPUgxzY,E:\Data\ObsidianVault\02_Channels\馴れ初めシネマ\競合チャンネル分析\企画リサーチ_20260605\script_csv_assets\YkqeUPUgxzY.csv,157682,gs://senior-share-staging-570862915709/naresome_script_csv/YkqeUPUgxzY.csv
v56L3h1pbng,E:\Data\ObsidianVault\02_Channels\馴れ初めシネマ\競合チャンネル分析\企画リサーチ_20260605\script_csv_assets\v56L3h1pbng.csv,99239,gs://senior-share-staging-570862915709/naresome_script_csv/v56L3h1pbng.csv
YjQk5OdnC9I,E:\Data\ObsidianVault\02_Channels\馴れ初めシネマ\競合チャンネル分析\企画リサーチ_20260605\script_csv_assets\YjQk5OdnC9I.csv,159449,gs://senior-share-staging-570862915709/naresome_script_csv/YjQk5OdnC9I.csv
WhiCNasMOB4,E:\Data\ObsidianVault\02_Channels\馴れ初めシネマ\競合チャンネル分析\企画リサーチ_20260605\script_csv_assets\WhiCNasMOB4.csv,95199,gs://senior-share-staging-570862915709/naresome_script_csv/WhiCNasMOB4.csv
AayTKIaNFWk,E:\Data\ObsidianVault\02_Channels\馴れ初めシネマ\競合チャンネル分析\企画リサーチ_20260605\script_csv_assets\AayTKIaNFWk.csv,94602,gs://senior-share-staging-570862915709/naresome_script_csv/AayTKIaNFWk.csv
NBEdlGiTlU4,E:\Data\ObsidianVault\02_Channels\馴れ初めシネマ\競合チャンネル分析\企画リサーチ_20260605\script_csv_assets\NBEdlGiTlU4.csv,99984,gs://senior-share-staging-570862915709/naresome_script_csv/NBEdlGiTlU4.csv
xocFv5lH7vI,E:\Data\ObsidianVault\02_Channels\馴れ初めシネマ\競合チャンネル分析\企画リサーチ_20260605\script_csv_assets\xocFv5lH7vI.csv,164038,gs://senior-share-staging-570862915709/naresome_script_csv/xocFv5lH7vI.csv
mDpI8gPACxg,E:\Data\ObsidianVault\02_Channels\馴れ初めシネマ\競合チャンネル分析\企画リサーチ_20260605\script_csv_assets\mDpI8gPACxg.csv,115190,gs://senior-share-staging-570862915709/naresome_script_csv/mDpI8gPACxg.csv
_hycrtfk2FY,E:\Data\ObsidianVault\02_Channels\馴れ初めシネマ\競合チャンネル分析\企画リサーチ_20260605\script_csv_assets\_hycrtfk2FY.csv,99840,gs://senior-share-staging-570862915709/naresome_script_csv/_hycrtfk2FY.csv
lFLigLdRXbU,E:\Data\ObsidianVault\02_Channels\馴れ初めシネマ\競合チャンネル分析\企画リサーチ_20260605\script_csv_assets\lFLigLdRXbU.csv,141894,gs://senior-share-staging-570862915709/naresome_script_csv/lFLigLdRXbU.csv
jzxefFoIgwY,E:\Data\ObsidianVault\02_Channels\馴れ初めシネマ\競合チャンネル分析\企画リサーチ_20260605\script_csv_assets\jzxefFoIgwY.csv,155243,gs://senior-share-staging-570862915709/naresome_script_csv/jzxefFoIgwY.csv
oIwuXPtTJXE,E:\Data\ObsidianVault\02_Channels\馴れ初めシネマ\競合チャンネル分析\企画リサーチ_20260605\script_csv_assets\oIwuXPtTJXE.csv,218241,gs://senior-share-staging-570862915709/naresome_script_csv/oIwuXPtTJXE.csv
G8AUaTUYIaI,E:\Data\ObsidianVault\02_Channels\馴れ初めシネマ\競合チャンネル分析\企画リサーチ_20260605\script_csv_assets\G8AUaTUYIaI.csv,178233,gs://senior-share-staging-570862915709/naresome_script_csv/G8AUaTUYIaI.csv
TlQa28xxmvA,E:\Data\ObsidianVault\02_Channels\馴れ初めシネマ\競合チャンネル分析\企画リサーチ_20260605\script_csv_assets\TlQa28xxmvA.csv,150638,gs://senior-share-staging-570862915709/naresome_script_csv/TlQa28xxmvA.csv
fvLlLooCQcQ,E:\Data\ObsidianVault\02_Channels\馴れ初めシネマ\競合チャンネル分析\企画リサーチ_20260605\script_csv_assets\fvLlLooCQcQ.csv,116839,gs://senior-share-staging-570862915709/naresome_script_csv/fvLlLooCQcQ.csv
CNwIZEUhpmg,E:\Data\ObsidianVault\02_Channels\馴れ初めシネマ\競合チャンネル分析\企画リサーチ_20260605\script_csv_assets\CNwIZEUhpmg.csv,158201,gs://senior-share-staging-570862915709/naresome_script_csv/CNwIZEUhpmg.csv
F25E_7jcs-w,E:\Data\ObsidianVault\02_Channels\馴れ初めシネマ\競合チャンネル分析\企画リサーチ_20260605\script_csv_assets\F25E_7jcs-w.csv,104338,gs://senior-share-staging-570862915709/naresome_script_csv/F25E_7jcs-w.csv
ae5H_7ueEYQ,E:\Data\ObsidianVault\02_Channels\馴れ初めシネマ\競合チャンネル分析\企画リサーチ_20260605\script_csv_assets\ae5H_7ueEYQ.csv,89307,gs://senior-share-staging-570862915709/naresome_script_csv/ae5H_7ueEYQ.csv
Xp3mSVNdza8,E:\Data\ObsidianVault\02_Channels\馴れ初めシネマ\競合チャンネル分析\企画リサーチ_20260605\script_csv_assets\Xp3mSVNdza8.csv,461378,gs://senior-share-staging-570862915709/naresome_script_csv/Xp3mSVNdza8.csv
b_3lVI2reaA,E:\Data\ObsidianVault\02_Channels\馴れ初めシネマ\競合チャンネル分析\企画リサーチ_20260605\script_csv_assets\b_3lVI2reaA.csv,131394,gs://senior-share-staging-570862915709/naresome_script_csv/b_3lVI2reaA.csv
4Z6cqWePfdo,E:\Data\ObsidianVault\02_Channels\馴れ初めシネマ\競合チャンネル分析\企画リサーチ_20260605\script_csv_assets\4Z6cqWePfdo.csv,150920,gs://senior-share-staging-570862915709/naresome_script_csv/4Z6cqWePfdo.csv
BBzs8qgbrOM,E:\Data\ObsidianVault\02_Channels\馴れ初めシネマ\競合チャンネル分析\企画リサーチ_20260605\script_csv_assets\BBzs8qgbrOM.csv,68471,gs://senior-share-staging-570862915709/naresome_script_csv/BBzs8qgbrOM.csv
Ib3vsfV7oVE,E:\Data\ObsidianVault\02_Channels\馴れ初めシネマ\競合チャンネル分析\企画リサーチ_20260605\script_csv_assets\Ib3vsfV7oVE.csv,89905,gs://senior-share-staging-570862915709/naresome_script_csv/Ib3vsfV7oVE.csv
CBWAszSI_Is,E:\Data\ObsidianVault\02_Channels\馴れ初めシネマ\競合チャンネル分析\企画リサーチ_20260605\script_csv_assets\CBWAszSI_Is.csv,102715,gs://senior-share-staging-570862915709/naresome_script_csv/CBWAszSI_Is.csv
8TXY2Q94zVQ,E:\Data\ObsidianVault\02_Channels\馴れ初めシネマ\競合チャンネル分析\企画リサーチ_20260605\script_csv_assets\8TXY2Q94zVQ.csv,217559,gs://senior-share-staging-570862915709/naresome_script_csv/8TXY2Q94zVQ.csv
sLb075Ia3uQ,E:\Data\ObsidianVault\02_Channels\馴れ初めシネマ\競合チャンネル分析\企画リサーチ_20260605\script_csv_assets\sLb075Ia3uQ.csv,67959,gs://senior-share-staging-570862915709/naresome_script_csv/sLb075Ia3uQ.csv
bwQvcip_UPQ,E:\Data\ObsidianVault\02_Channels\馴れ初めシネマ\競合チャンネル分析\企画リサーチ_20260605\script_csv_assets\bwQvcip_UPQ.csv,80233,gs://senior-share-staging-570862915709/naresome_script_csv/bwQvcip_UPQ.csv
BZV5_W0DJXI,E:\Data\ObsidianVault\02_Channels\馴れ初めシネマ\競合チャンネル分析\企画リサーチ_20260605\script_csv_assets\BZV5_W0DJXI.csv,158905,gs://senior-share-staging-570862915709/naresome_script_csv/BZV5_W0DJXI.csv
sVnNLMy7TfI,E:\Data\ObsidianVault\02_Channels\馴れ初めシネマ\競合チャンネル分析\企画リサーチ_20260605\script_csv_assets\sVnNLMy7TfI.csv,110940,gs://senior-share-staging-570862915709/naresome_script_csv/sVnNLMy7TfI.csv
x29w4fmfPV4,E:\Data\ObsidianVault\02_Channels\馴れ初めシネマ\競合チャンネル分析\企画リサーチ_20260605\script_csv_assets\x29w4fmfPV4.csv,92362,gs://senior-share-staging-570862915709/naresome_script_csv/x29w4fmfPV4.csv
z6qY5BEWGI0,E:\Data\ObsidianVault\02_Channels\馴れ初めシネマ\競合チャンネル分析\企画リサーチ_20260605\script_csv_assets\z6qY5BEWGI0.csv,74311,gs://senior-share-staging-570862915709/naresome_script_csv/z6qY5BEWGI0.csv
lBHZiuivMME,E:\Data\ObsidianVault\02_Channels\馴れ初めシネマ\競合チャンネル分析\企画リサーチ_20260605\script_csv_assets\lBHZiuivMME.csv,142336,gs://senior-share-staging-570862915709/naresome_script_csv/lBHZiuivMME.csv
mBbNPPstTAk,E:\Data\ObsidianVault\02_Channels\馴れ初めシネマ\競合チャンネル分析\企画リサーチ_20260605\script_csv_assets\mBbNPPstTAk.csv,87655,gs://senior-share-staging-570862915709/naresome_script_csv/mBbNPPstTAk.csv
ly7PeYzZGn4,E:\Data\ObsidianVault\02_Channels\馴れ初めシネマ\競合チャンネル分析\企画リサーチ_20260605\script_csv_assets\ly7PeYzZGn4.csv,109894,gs://senior-share-staging-570862915709/naresome_script_csv/ly7PeYzZGn4.csv
QvptXFqCwks,E:\Data\ObsidianVault\02_Channels\馴れ初めシネマ\競合チャンネル分析\企画リサーチ_20260605\script_csv_assets\QvptXFqCwks.csv,103618,gs://senior-share-staging-570862915709/naresome_script_csv/QvptXFqCwks.csv
IIdk_yTl1w8,E:\Data\ObsidianVault\02_Channels\馴れ初めシネマ\競合チャンネル分析\企画リサーチ_20260605\script_csv_assets\IIdk_yTl1w8.csv,177163,gs://senior-share-staging-570862915709/naresome_script_csv/IIdk_yTl1w8.csv
zeKu33rqHj0,E:\Data\ObsidianVault\02_Channels\馴れ初めシネマ\競合チャンネル分析\企画リサーチ_20260605\script_csv_assets\zeKu33rqHj0.csv,111153,gs://senior-share-staging-570862915709/naresome_script_csv/zeKu33rqHj0.csv
TdhkhmfC4sc,E:\Data\ObsidianVault\02_Channels\馴れ初めシネマ\競合チャンネル分析\企画リサーチ_20260605\script_csv_assets\TdhkhmfC4sc.csv,73983,gs://senior-share-staging-570862915709/naresome_script_csv/TdhkhmfC4sc.csv
JiCLtMYOfR0,E:\Data\ObsidianVault\02_Channels\馴れ初めシネマ\競合チャンネル分析\企画リサーチ_20260605\script_csv_assets\JiCLtMYOfR0.csv,110259,gs://senior-share-staging-570862915709/naresome_script_csv/JiCLtMYOfR0.csv
07bCOd23qbs,E:\Data\ObsidianVault\02_Channels\馴れ初めシネマ\競合チャンネル分析\企画リサーチ_20260605\script_csv_assets\07bCOd23qbs.csv,91726,gs://senior-share-staging-570862915709/naresome_script_csv/07bCOd23qbs.csv
RasHebsQsFw,E:\Data\ObsidianVault\02_Channels\馴れ初めシネマ\競合チャンネル分析\企画リサーチ_20260605\script_csv_assets\RasHebsQsFw.csv,60241,gs://senior-share-staging-570862915709/naresome_script_csv/RasHebsQsFw.csv
Cy_ZKdZqLZI,E:\Data\ObsidianVault\02_Channels\馴れ初めシネマ\競合チャンネル分析\企画リサーチ_20260605\script_csv_assets\Cy_ZKdZqLZI.csv,66036,gs://senior-share-staging-570862915709/naresome_script_csv/Cy_ZKdZqLZI.csv
xSsVTF4W1B4,E:\Data\ObsidianVault\02_Channels\馴れ初めシネマ\競合チャンネル分析\企画リサーチ_20260605\script_csv_assets\xSsVTF4W1B4.csv,96461,gs://senior-share-staging-570862915709/naresome_script_csv/xSsVTF4W1B4.csv
T_OAK1dFIzc,E:\Data\ObsidianVault\02_Channels\馴れ初めシネマ\競合チャンネル分析\企画リサーチ_20260605\script_csv_assets\T_OAK1dFIzc.csv,177527,gs://senior-share-staging-570862915709/naresome_script_csv/T_OAK1dFIzc.csv
m8YMqED8Tig,E:\Data\ObsidianVault\02_Channels\馴れ初めシネマ\競合チャンネル分析\企画リサーチ_20260605\script_csv_assets\m8YMqED8Tig.csv,124631,gs://senior-share-staging-570862915709/naresome_script_csv/m8YMqED8Tig.csv
Z_LzVNagccQ,E:\Data\ObsidianVault\02_Channels\馴れ初めシネマ\競合チャンネル分析\企画リサーチ_20260605\script_csv_assets\Z_LzVNagccQ.csv,162955,gs://senior-share-staging-570862915709/naresome_script_csv/Z_LzVNagccQ.csv
pGGVW6WBygk,E:\Data\ObsidianVault\02_Channels\馴れ初めシネマ\競合チャンネル分析\企画リサーチ_20260605\script_csv_assets\pGGVW6WBygk.csv,84824,gs://senior-share-staging-570862915709/naresome_script_csv/pGGVW6WBygk.csv
sVFA4R-IXFo,E:\Data\ObsidianVault\02_Channels\馴れ初めシネマ\競合チャンネル分析\企画リサーチ_20260605\script_csv_assets\sVFA4R-IXFo.csv,64538,gs://senior-share-staging-570862915709/naresome_script_csv/sVFA4R-IXFo.csv
jPfgwBTmVps,E:\Data\ObsidianVault\02_Channels\馴れ初めシネマ\競合チャンネル分析\企画リサーチ_20260605\script_csv_assets\jPfgwBTmVps.csv,66374,gs://senior-share-staging-570862915709/naresome_script_csv/jPfgwBTmVps.csv
JwarZ2kY7vY,E:\Data\ObsidianVault\02_Channels\馴れ初めシネマ\競合チャンネル分析\企画リサーチ_20260605\script_csv_assets\JwarZ2kY7vY.csv,79952,gs://senior-share-staging-570862915709/naresome_script_csv/JwarZ2kY7vY.csv
FFn89D_hEj8,E:\Data\ObsidianVault\02_Channels\馴れ初めシネマ\競合チャンネル分析\企画リサーチ_20260605\script_csv_assets\FFn89D_hEj8.csv,168489,gs://senior-share-staging-570862915709/naresome_script_csv/FFn89D_hEj8.csv
qJsp9IyMkpE,E:\Data\ObsidianVault\02_Channels\馴れ初めシネマ\競合チャンネル分析\企画リサーチ_20260605\script_csv_assets\qJsp9IyMkpE.csv,80902,gs://senior-share-staging-570862915709/naresome_script_csv/qJsp9IyMkpE.csv
AnUNb8zzCaI,E:\Data\ObsidianVault\02_Channels\馴れ初めシネマ\競合チャンネル分析\企画リサーチ_20260605\script_csv_assets\AnUNb8zzCaI.csv,125674,gs://senior-share-staging-570862915709/naresome_script_csv/AnUNb8zzCaI.csv
nFhlyEsSq0c,E:\Data\ObsidianVault\02_Channels\馴れ初めシネマ\競合チャンネル分析\企画リサーチ_20260605\script_csv_assets\nFhlyEsSq0c.csv,99630,gs://senior-share-staging-570862915709/naresome_script_csv/nFhlyEsSq0c.csv
OOOLJOMVvOY,E:\Data\ObsidianVault\02_Channels\馴れ初めシネマ\競合チャンネル分析\企画リサーチ_20260605\script_csv_assets\OOOLJOMVvOY.csv,135269,gs://senior-share-staging-570862915709/naresome_script_csv/OOOLJOMVvOY.csv
hPoQaOEJ9LM,E:\Data\ObsidianVault\02_Channels\馴れ初めシネマ\競合チャンネル分析\企画リサーチ_20260605\script_csv_assets\hPoQaOEJ9LM.csv,192021,gs://senior-share-staging-570862915709/naresome_script_csv/hPoQaOEJ9LM.csv
8bNlztQYV4c,E:\Data\ObsidianVault\02_Channels\馴れ初めシネマ\競合チャンネル分析\企画リサーチ_20260605\script_csv_assets\8bNlztQYV4c.csv,108794,gs://senior-share-staging-570862915709/naresome_script_csv/8bNlztQYV4c.csv
Cyl2OvrA334,E:\Data\ObsidianVault\02_Channels\馴れ初めシネマ\競合チャンネル分析\企画リサーチ_20260605\script_csv_assets\Cyl2OvrA334.csv,99343,gs://senior-share-staging-570862915709/naresome_script_csv/Cyl2OvrA334.csv
QvKz3dfaYW8,E:\Data\ObsidianVault\02_Channels\馴れ初めシネマ\競合チャンネル分析\企画リサーチ_20260605\script_csv_assets\QvKz3dfaYW8.csv,58099,gs://senior-share-staging-570862915709/naresome_script_csv/QvKz3dfaYW8.csv
MBV3LQMgm3Y,E:\Data\ObsidianVault\02_Channels\馴れ初めシネマ\競合チャンネル分析\企画リサーチ_20260605\script_csv_assets\MBV3LQMgm3Y.csv,71344,gs://senior-share-staging-570862915709/naresome_script_csv/MBV3LQMgm3Y.csv
WBPIOEcCLOs,E:\Data\ObsidianVault\02_Channels\馴れ初めシネマ\競合チャンネル分析\企画リサーチ_20260605\script_csv_assets\WBPIOEcCLOs.csv,127813,gs://senior-share-staging-570862915709/naresome_script_csv/WBPIOEcCLOs.csv
dMIfZEvRZYc,E:\Data\ObsidianVault\02_Channels\馴れ初めシネマ\競合チャンネル分析\企画リサーチ_20260605\script_csv_assets\dMIfZEvRZYc.csv,138857,gs://senior-share-staging-570862915709/naresome_script_csv/dMIfZEvRZYc.csv
P0Dq5xWzxdQ,E:\Data\ObsidianVault\02_Channels\馴れ初めシネマ\競合チャンネル分析\企画リサーチ_20260605\script_csv_assets\P0Dq5xWzxdQ.csv,147236,gs://senior-share-staging-570862915709/naresome_script_csv/P0Dq5xWzxdQ.csv
UKVTSX1vwP0,E:\Data\ObsidianVault\02_Channels\馴れ初めシネマ\競合チャンネル分析\企画リサーチ_20260605\script_csv_assets\UKVTSX1vwP0.csv,156855,gs://senior-share-staging-570862915709/naresome_script_csv/UKVTSX1vwP0.csv
v8eMVfZqp-U,E:\Data\ObsidianVault\02_Channels\馴れ初めシネマ\競合チャンネル分析\企画リサーチ_20260605\script_csv_assets\v8eMVfZqp-U.csv,91436,gs://senior-share-staging-570862915709/naresome_script_csv/v8eMVfZqp-U.csv
ihcrEuC9Qwo,E:\Data\ObsidianVault\02_Channels\馴れ初めシネマ\競合チャンネル分析\企画リサーチ_20260605\script_csv_assets\ihcrEuC9Qwo.csv,103661,gs://senior-share-staging-570862915709/naresome_script_csv/ihcrEuC9Qwo.csv
6xBKcHdsKr0,E:\Data\ObsidianVault\02_Channels\馴れ初めシネマ\競合チャンネル分析\企画リサーチ_20260605\script_csv_assets\6xBKcHdsKr0.csv,100778,gs://senior-share-staging-570862915709/naresome_script_csv/6xBKcHdsKr0.csv
b8n6D9hGHpc,E:\Data\ObsidianVault\02_Channels\馴れ初めシネマ\競合チャンネル分析\企画リサーチ_20260605\script_csv_assets\b8n6D9hGHpc.csv,68009,gs://senior-share-staging-570862915709/naresome_script_csv/b8n6D9hGHpc.csv
iZc-k-CMk1o,E:\Data\ObsidianVault\02_Channels\馴れ初めシネマ\競合チャンネル分析\企画リサーチ_20260605\script_csv_assets\iZc-k-CMk1o.csv,145565,gs://senior-share-staging-570862915709/naresome_script_csv/iZc-k-CMk1o.csv
YHDIAeRWrqw,E:\Data\ObsidianVault\02_Channels\馴れ初めシネマ\競合チャンネル分析\企画リサーチ_20260605\script_csv_assets\YHDIAeRWrqw.csv,93694,gs://senior-share-staging-570862915709/naresome_script_csv/YHDIAeRWrqw.csv
b4uwkOhIRbU,E:\Data\ObsidianVault\02_Channels\馴れ初めシネマ\競合チャンネル分析\企画リサーチ_20260605\script_csv_assets\b4uwkOhIRbU.csv,131045,gs://senior-share-staging-570862915709/naresome_script_csv/b4uwkOhIRbU.csv
2qzm9QR4W1Y,E:\Data\ObsidianVault\02_Channels\馴れ初めシネマ\競合チャンネル分析\企画リサーチ_20260605\script_csv_assets\2qzm9QR4W1Y.csv,159663,gs://senior-share-staging-570862915709/naresome_script_csv/2qzm9QR4W1Y.csv
KlVO83URCMI,E:\Data\ObsidianVault\02_Channels\馴れ初めシネマ\競合チャンネル分析\企画リサーチ_20260605\script_csv_assets\KlVO83URCMI.csv,160652,gs://senior-share-staging-570862915709/naresome_script_csv/KlVO83URCMI.csv
YkaaTE67zNc,E:\Data\ObsidianVault\02_Channels\馴れ初めシネマ\競合チャンネル分析\企画リサーチ_20260605\script_csv_assets\YkaaTE67zNc.csv,68879,gs://senior-share-staging-570862915709/naresome_script_csv/YkaaTE67zNc.csv
ZCSsZdJr2qY,E:\Data\ObsidianVault\02_Channels\馴れ初めシネマ\競合チャンネル分析\企画リサーチ_20260605\script_csv_assets\ZCSsZdJr2qY.csv,139825,gs://senior-share-staging-570862915709/naresome_script_csv/ZCSsZdJr2qY.csv
vBYBKt9d0zQ,E:\Data\ObsidianVault\02_Channels\馴れ初めシネマ\競合チャンネル分析\企画リサーチ_20260605\script_csv_assets\vBYBKt9d0zQ.csv,113653,gs://senior-share-staging-570862915709/naresome_script_csv/vBYBKt9d0zQ.csv
MGhGL0SN5ZA,E:\Data\ObsidianVault\02_Channels\馴れ初めシネマ\競合チャンネル分析\企画リサーチ_20260605\script_csv_assets\MGhGL0SN5ZA.csv,129526,gs://senior-share-staging-570862915709/naresome_script_csv/MGhGL0SN5ZA.csv
vE2y5HSbsQc,E:\Data\ObsidianVault\02_Channels\馴れ初めシネマ\競合チャンネル分析\企画リサーチ_20260605\script_csv_assets\vE2y5HSbsQc.csv,134304,gs://senior-share-staging-570862915709/naresome_script_csv/vE2y5HSbsQc.csv
I7DheIGJUNQ,E:\Data\ObsidianVault\02_Channels\馴れ初めシネマ\競合チャンネル分析\企画リサーチ_20260605\script_csv_assets\I7DheIGJUNQ.csv,93328,gs://senior-share-staging-570862915709/naresome_script_csv/I7DheIGJUNQ.csv
oCYotTMv6Ug,E:\Data\ObsidianVault\02_Channels\馴れ初めシネマ\競合チャンネル分析\企画リサーチ_20260605\script_csv_assets\oCYotTMv6Ug.csv,111126,gs://senior-share-staging-570862915709/naresome_script_csv/oCYotTMv6Ug.csv
i0jh75jN_pk,E:\Data\ObsidianVault\02_Channels\馴れ初めシネマ\競合チャンネル分析\企画リサーチ_20260605\script_csv_assets\i0jh75jN_pk.csv,130433,gs://senior-share-staging-570862915709/naresome_script_csv/i0jh75jN_pk.csv
VPrL-28VBOg,E:\Data\ObsidianVault\02_Channels\馴れ初めシネマ\競合チャンネル分析\企画リサーチ_20260605\script_csv_assets\VPrL-28VBOg.csv,150102,gs://senior-share-staging-570862915709/naresome_script_csv/VPrL-28VBOg.csv
Dp2Pmn_wbXU,E:\Data\ObsidianVault\02_Channels\馴れ初めシネマ\競合チャンネル分析\企画リサーチ_20260605\script_csv_assets\Dp2Pmn_wbXU.csv,98927,gs://senior-share-staging-570862915709/naresome_script_csv/Dp2Pmn_wbXU.csv
eaAoGxkfpWM,E:\Data\ObsidianVault\02_Channels\馴れ初めシネマ\競合チャンネル分析\企画リサーチ_20260605\script_csv_assets\eaAoGxkfpWM.csv,99170,gs://senior-share-staging-570862915709/naresome_script_csv/eaAoGxkfpWM.csv
xcIV-qrN2Y0,E:\Data\ObsidianVault\02_Channels\馴れ初めシネマ\競合チャンネル分析\企画リサーチ_20260605\script_csv_assets\xcIV-qrN2Y0.csv,144756,gs://senior-share-staging-570862915709/naresome_script_csv/xcIV-qrN2Y0.csv
CEMo7FQeLyQ,E:\Data\ObsidianVault\02_Channels\馴れ初めシネマ\競合チャンネル分析\企画リサーチ_20260605\script_csv_assets\CEMo7FQeLyQ.csv,86849,gs://senior-share-staging-570862915709/naresome_script_csv/CEMo7FQeLyQ.csv
K5GJXZj1ayE,E:\Data\ObsidianVault\02_Channels\馴れ初めシネマ\競合チャンネル分析\企画リサーチ_20260605\script_csv_assets\K5GJXZj1ayE.csv,63649,gs://senior-share-staging-570862915709/naresome_script_csv/K5GJXZj1ayE.csv
SqI_fWEPW_M,E:\Data\ObsidianVault\02_Channels\馴れ初めシネマ\競合チャンネル分析\企画リサーチ_20260605\script_csv_assets\SqI_fWEPW_M.csv,81323,gs://senior-share-staging-570862915709/naresome_script_csv/SqI_fWEPW_M.csv
NKQFErzPROU,E:\Data\ObsidianVault\02_Channels\馴れ初めシネマ\競合チャンネル分析\企画リサーチ_20260605\script_csv_assets\NKQFErzPROU.csv,129736,gs://senior-share-staging-570862915709/naresome_script_csv/NKQFErzPROU.csv
gnBlZOzPN9o,E:\Data\ObsidianVault\02_Channels\馴れ初めシネマ\競合チャンネル分析\企画リサーチ_20260605\script_csv_assets\gnBlZOzPN9o.csv,53721,gs://senior-share-staging-570862915709/naresome_script_csv/gnBlZOzPN9o.csv
ZhZJBKO2McM,E:\Data\ObsidianVault\02_Channels\馴れ初めシネマ\競合チャンネル分析\企画リサーチ_20260605\script_csv_assets\ZhZJBKO2McM.csv,88214,gs://senior-share-staging-570862915709/naresome_script_csv/ZhZJBKO2McM.csv
D5zHbH7ZM9k,E:\Data\ObsidianVault\02_Channels\馴れ初めシネマ\競合チャンネル分析\企画リサーチ_20260605\script_csv_assets\D5zHbH7ZM9k.csv,130306,gs://senior-share-staging-570862915709/naresome_script_csv/D5zHbH7ZM9k.csv
D-3gxmXxqIk,E:\Data\ObsidianVault\02_Channels\馴れ初めシネマ\競合チャンネル分析\企画リサーチ_20260605\script_csv_assets\D-3gxmXxqIk.csv,139402,gs://senior-share-staging-570862915709/naresome_script_csv/D-3gxmXxqIk.csv
5QFIuxzLe28,E:\Data\ObsidianVault\02_Channels\馴れ初めシネマ\競合チャンネル分析\企画リサーチ_20260605\script_csv_assets\5QFIuxzLe28.csv,690554,gs://senior-share-staging-570862915709/naresome_script_csv/5QFIuxzLe28.csv
Dn68ZyrI8M4,E:\Data\ObsidianVault\02_Channels\馴れ初めシネマ\競合チャンネル分析\企画リサーチ_20260605\script_csv_assets\Dn68ZyrI8M4.csv,104639,gs://senior-share-staging-570862915709/naresome_script_csv/Dn68ZyrI8M4.csv
w7UjAO65gf4,E:\Data\ObsidianVault\02_Channels\馴れ初めシネマ\競合チャンネル分析\企画リサーチ_20260605\script_csv_assets\w7UjAO65gf4.csv,107871,gs://senior-share-staging-570862915709/naresome_script_csv/w7UjAO65gf4.csv
fQvmyhPo3_s,E:\Data\ObsidianVault\02_Channels\馴れ初めシネマ\競合チャンネル分析\企画リサーチ_20260605\script_csv_assets\fQvmyhPo3_s.csv,107642,gs://senior-share-staging-570862915709/naresome_script_csv/fQvmyhPo3_s.csv
MsBm8dFH0oQ,E:\Data\ObsidianVault\02_Channels\馴れ初めシネマ\競合チャンネル分析\企画リサーチ_20260605\script_csv_assets\MsBm8dFH0oQ.csv,139718,gs://senior-share-staging-570862915709/naresome_script_csv/MsBm8dFH0oQ.csv
Jmk5ooC-TDM,E:\Data\ObsidianVault\02_Channels\馴れ初めシネマ\競合チャンネル分析\企画リサーチ_20260605\script_csv_assets\Jmk5ooC-TDM.csv,138424,gs://senior-share-staging-570862915709/naresome_script_csv/Jmk5ooC-TDM.csv
zZFa2XhpYH8,E:\Data\ObsidianVault\02_Channels\馴れ初めシネマ\競合チャンネル分析\企画リサーチ_20260605\script_csv_assets\zZFa2XhpYH8.csv,90230,gs://senior-share-staging-570862915709/naresome_script_csv/zZFa2XhpYH8.csv
ByaKQgK5_pQ,E:\Data\ObsidianVault\02_Channels\馴れ初めシネマ\競合チャンネル分析\企画リサーチ_20260605\script_csv_assets\ByaKQgK5_pQ.csv,100715,gs://senior-share-staging-570862915709/naresome_script_csv/ByaKQgK5_pQ.csv
B1-jhXy8wQA,E:\Data\ObsidianVault\02_Channels\馴れ初めシネマ\競合チャンネル分析\企画リサーチ_20260605\script_csv_assets\B1-jhXy8wQA.csv,160989,gs://senior-share-staging-570862915709/naresome_script_csv/B1-jhXy8wQA.csv
8xe9P3f_AAk,E:\Data\ObsidianVault\02_Channels\馴れ初めシネマ\競合チャンネル分析\企画リサーチ_20260605\script_csv_assets\8xe9P3f_AAk.csv,173583,gs://senior-share-staging-570862915709/naresome_script_csv/8xe9P3f_AAk.csv
qzfovq_hoTI,E:\Data\ObsidianVault\02_Channels\馴れ初めシネマ\競合チャンネル分析\企画リサーチ_20260605\script_csv_assets\qzfovq_hoTI.csv,148388,gs://senior-share-staging-570862915709/naresome_script_csv/qzfovq_hoTI.csv
S6RnaI-6hXk,E:\Data\ObsidianVault\02_Channels\馴れ初めシネマ\競合チャンネル分析\企画リサーチ_20260605\script_csv_assets\S6RnaI-6hXk.csv,75474,gs://senior-share-staging-570862915709/naresome_script_csv/S6RnaI-6hXk.csv
5jSasUp5gc0,E:\Data\ObsidianVault\02_Channels\馴れ初めシネマ\競合チャンネル分析\企画リサーチ_20260605\script_csv_assets\5jSasUp5gc0.csv,182360,gs://senior-share-staging-570862915709/naresome_script_csv/5jSasUp5gc0.csv
zEKZAV9qnSI,E:\Data\ObsidianVault\02_Channels\馴れ初めシネマ\競合チャンネル分析\企画リサーチ_20260605\script_csv_assets\zEKZAV9qnSI.csv,148878,gs://senior-share-staging-570862915709/naresome_script_csv/zEKZAV9qnSI.csv
2oGG7KY9jgc,E:\Data\ObsidianVault\02_Channels\馴れ初めシネマ\競合チャンネル分析\企画リサーチ_20260605\script_csv_assets\2oGG7KY9jgc.csv,472957,gs://senior-share-staging-570862915709/naresome_script_csv/2oGG7KY9jgc.csv
u1FqZqdeGN0,E:\Data\ObsidianVault\02_Channels\馴れ初めシネマ\競合チャンネル分析\企画リサーチ_20260605\script_csv_assets\u1FqZqdeGN0.csv,99793,gs://senior-share-staging-570862915709/naresome_script_csv/u1FqZqdeGN0.csv
HckATDcWSF8,E:\Data\ObsidianVault\02_Channels\馴れ初めシネマ\競合チャンネル分析\企画リサーチ_20260605\script_csv_assets\HckATDcWSF8.csv,88630,gs://senior-share-staging-570862915709/naresome_script_csv/HckATDcWSF8.csv
pTG96WQdNcI,E:\Data\ObsidianVault\02_Channels\馴れ初めシネマ\競合チャンネル分析\企画リサーチ_20260605\script_csv_assets\pTG96WQdNcI.csv,81789,gs://senior-share-staging-570862915709/naresome_script_csv/pTG96WQdNcI.csv
FAtH-trVNqI,E:\Data\ObsidianVault\02_Channels\馴れ初めシネマ\競合チャンネル分析\企画リサーチ_20260605\script_csv_assets\FAtH-trVNqI.csv,113455,gs://senior-share-staging-570862915709/naresome_script_csv/FAtH-trVNqI.csv
ZFEMB169gHc,E:\Data\ObsidianVault\02_Channels\馴れ初めシネマ\競合チャンネル分析\企画リサーチ_20260605\script_csv_assets\ZFEMB169gHc.csv,77029,gs://senior-share-staging-570862915709/naresome_script_csv/ZFEMB169gHc.csv
evwld2rqfXw,E:\Data\ObsidianVault\02_Channels\馴れ初めシネマ\競合チャンネル分析\企画リサーチ_20260605\script_csv_assets\evwld2rqfXw.csv,145715,gs://senior-share-staging-570862915709/naresome_script_csv/evwld2rqfXw.csv
dzKr_iFSI6I,E:\Data\ObsidianVault\02_Channels\馴れ初めシネマ\競合チャンネル分析\企画リサーチ_20260605\script_csv_assets\dzKr_iFSI6I.csv,91472,gs://senior-share-staging-570862915709/naresome_script_csv/dzKr_iFSI6I.csv
gBCPzfWWGfw,E:\Data\ObsidianVault\02_Channels\馴れ初めシネマ\競合チャンネル分析\企画リサーチ_20260605\script_csv_assets\gBCPzfWWGfw.csv,129084,gs://senior-share-staging-570862915709/naresome_script_csv/gBCPzfWWGfw.csv
vhgGiPWd_4s,E:\Data\ObsidianVault\02_Channels\馴れ初めシネマ\競合チャンネル分析\企画リサーチ_20260605\script_csv_assets\vhgGiPWd_4s.csv,97916,gs://senior-share-staging-570862915709/naresome_script_csv/vhgGiPWd_4s.csv
BvYjfwrUJg0,E:\Data\ObsidianVault\02_Channels\馴れ初めシネマ\競合チャンネル分析\企画リサーチ_20260605\script_csv_assets\BvYjfwrUJg0.csv,67665,gs://senior-share-staging-570862915709/naresome_script_csv/BvYjfwrUJg0.csv
ZU52OeyNmZ8,E:\Data\ObsidianVault\02_Channels\馴れ初めシネマ\競合チャンネル分析\企画リサーチ_20260605\script_csv_assets\ZU52OeyNmZ8.csv,174550,gs://senior-share-staging-570862915709/naresome_script_csv/ZU52OeyNmZ8.csv
-mRbwV1UsHI,E:\Data\ObsidianVault\02_Channels\馴れ初めシネマ\競合チャンネル分析\企画リサーチ_20260605\script_csv_assets\-mRbwV1UsHI.csv,102532,gs://senior-share-staging-570862915709/naresome_script_csv/-mRbwV1UsHI.csv
N2hIWclY1pk,E:\Data\ObsidianVault\02_Channels\馴れ初めシネマ\競合チャンネル分析\企画リサーチ_20260605\script_csv_assets\N2hIWclY1pk.csv,111167,gs://senior-share-staging-570862915709/naresome_script_csv/N2hIWclY1pk.csv
I4yAGa7tKEA,E:\Data\ObsidianVault\02_Channels\馴れ初めシネマ\競合チャンネル分析\企画リサーチ_20260605\script_csv_assets\I4yAGa7tKEA.csv,102662,gs://senior-share-staging-570862915709/naresome_script_csv/I4yAGa7tKEA.csv
McnVJ1dsMS4,E:\Data\ObsidianVault\02_Channels\馴れ初めシネマ\競合チャンネル分析\企画リサーチ_20260605\script_csv_assets\McnVJ1dsMS4.csv,68764,gs://senior-share-staging-570862915709/naresome_script_csv/McnVJ1dsMS4.csv
cmkQgfXnmiY,E:\Data\ObsidianVault\02_Channels\馴れ初めシネマ\競合チャンネル分析\企画リサーチ_20260605\script_csv_assets\cmkQgfXnmiY.csv,135040,gs://senior-share-staging-570862915709/naresome_script_csv/cmkQgfXnmiY.csv
WQmAZB9nKg8,E:\Data\ObsidianVault\02_Channels\馴れ初めシネマ\競合チャンネル分析\企画リサーチ_20260605\script_csv_assets\WQmAZB9nKg8.csv,106177,gs://senior-share-staging-570862915709/naresome_script_csv/WQmAZB9nKg8.csv
deiasib93UY,E:\Data\ObsidianVault\02_Channels\馴れ初めシネマ\競合チャンネル分析\企画リサーチ_20260605\script_csv_assets\deiasib93UY.csv,84492,gs://senior-share-staging-570862915709/naresome_script_csv/deiasib93UY.csv
psKmbcBpiE8,E:\Data\ObsidianVault\02_Channels\馴れ初めシネマ\競合チャンネル分析\企画リサーチ_20260605\script_csv_assets\psKmbcBpiE8.csv,92683,gs://senior-share-staging-570862915709/naresome_script_csv/psKmbcBpiE8.csv
UlXYh3LKufo,E:\Data\ObsidianVault\02_Channels\馴れ初めシネマ\競合チャンネル分析\企画リサーチ_20260605\script_csv_assets\UlXYh3LKufo.csv,138979,gs://senior-share-staging-570862915709/naresome_script_csv/UlXYh3LKufo.csv
vSRbJJC_yzo,E:\Data\ObsidianVault\02_Channels\馴れ初めシネマ\競合チャンネル分析\企画リサーチ_20260605\script_csv_assets\vSRbJJC_yzo.csv,105324,gs://senior-share-staging-570862915709/naresome_script_csv/vSRbJJC_yzo.csv
ZVOtglDcxXE,E:\Data\ObsidianVault\02_Channels\馴れ初めシネマ\競合チャンネル分析\企画リサーチ_20260605\script_csv_assets\ZVOtglDcxXE.csv,76673,gs://senior-share-staging-570862915709/naresome_script_csv/ZVOtglDcxXE.csv
0-oEapeYMq4,E:\Data\ObsidianVault\02_Channels\馴れ初めシネマ\競合チャンネル分析\企画リサーチ_20260605\script_csv_assets\0-oEapeYMq4.csv,100065,gs://senior-share-staging-570862915709/naresome_script_csv/0-oEapeYMq4.csv
Pvxn3vBHmIE,E:\Data\ObsidianVault\02_Channels\馴れ初めシネマ\競合チャンネル分析\企画リサーチ_20260605\script_csv_assets\Pvxn3vBHmIE.csv,77861,gs://senior-share-staging-570862915709/naresome_script_csv/Pvxn3vBHmIE.csv
u771VxZw19g,E:\Data\ObsidianVault\02_Channels\馴れ初めシネマ\競合チャンネル分析\企画リサーチ_20260605\script_csv_assets\u771VxZw19g.csv,119682,gs://senior-share-staging-570862915709/naresome_script_csv/u771VxZw19g.csv
jX6acqc5ZZQ,E:\Data\ObsidianVault\02_Channels\馴れ初めシネマ\競合チャンネル分析\企画リサーチ_20260605\script_csv_assets\jX6acqc5ZZQ.csv,49954,gs://senior-share-staging-570862915709/naresome_script_csv/jX6acqc5ZZQ.csv
0fvs3_mgOjo,E:\Data\ObsidianVault\02_Channels\馴れ初めシネマ\競合チャンネル分析\企画リサーチ_20260605\script_csv_assets\0fvs3_mgOjo.csv,91498,gs://senior-share-staging-570862915709/naresome_script_csv/0fvs3_mgOjo.csv
gpYIVOaYnl4,E:\Data\ObsidianVault\02_Channels\馴れ初めシネマ\競合チャンネル分析\企画リサーチ_20260605\script_csv_assets\gpYIVOaYnl4.csv,110138,gs://senior-share-staging-570862915709/naresome_script_csv/gpYIVOaYnl4.csv
hpx62BEkBI0,E:\Data\ObsidianVault\02_Channels\馴れ初めシネマ\競合チャンネル分析\企画リサーチ_20260605\script_csv_assets\hpx62BEkBI0.csv,136290,gs://senior-share-staging-570862915709/naresome_script_csv/hpx62BEkBI0.csv
oiDitARyusA,E:\Data\ObsidianVault\02_Channels\馴れ初めシネマ\競合チャンネル分析\企画リサーチ_20260605\script_csv_assets\oiDitARyusA.csv,101897,gs://senior-share-staging-570862915709/naresome_script_csv/oiDitARyusA.csv
ncbRskGjOoo,E:\Data\ObsidianVault\02_Channels\馴れ初めシネマ\競合チャンネル分析\企画リサーチ_20260605\script_csv_assets\ncbRskGjOoo.csv,152487,gs://senior-share-staging-570862915709/naresome_script_csv/ncbRskGjOoo.csv
C2LRcMjC8Ts,E:\Data\ObsidianVault\02_Channels\馴れ初めシネマ\競合チャンネル分析\企画リサーチ_20260605\script_csv_assets\C2LRcMjC8Ts.csv,89393,gs://senior-share-staging-570862915709/naresome_script_csv/C2LRcMjC8Ts.csv
rHsSC1EzBto,E:\Data\ObsidianVault\02_Channels\馴れ初めシネマ\競合チャンネル分析\企画リサーチ_20260605\script_csv_assets\rHsSC1EzBto.csv,768653,gs://senior-share-staging-570862915709/naresome_script_csv/rHsSC1EzBto.csv
c0WonrRfeDE,E:\Data\ObsidianVault\02_Channels\馴れ初めシネマ\競合チャンネル分析\企画リサーチ_20260605\script_csv_assets\c0WonrRfeDE.csv,78772,gs://senior-share-staging-570862915709/naresome_script_csv/c0WonrRfeDE.csv
sHxujpn-hpM,E:\Data\ObsidianVault\02_Channels\馴れ初めシネマ\競合チャンネル分析\企画リサーチ_20260605\script_csv_assets\sHxujpn-hpM.csv,134194,gs://senior-share-staging-570862915709/naresome_script_csv/sHxujpn-hpM.csv
tbWuP0jN7Ks,E:\Data\ObsidianVault\02_Channels\馴れ初めシネマ\競合チャンネル分析\企画リサーチ_20260605\script_csv_assets\tbWuP0jN7Ks.csv,72678,gs://senior-share-staging-570862915709/naresome_script_csv/tbWuP0jN7Ks.csv
tlI8xV3htMI,E:\Data\ObsidianVault\02_Channels\馴れ初めシネマ\競合チャンネル分析\企画リサーチ_20260605\script_csv_assets\tlI8xV3htMI.csv,71725,gs://senior-share-staging-570862915709/naresome_script_csv/tlI8xV3htMI.csv
OrDskE2Juhc,E:\Data\ObsidianVault\02_Channels\馴れ初めシネマ\競合チャンネル分析\企画リサーチ_20260605\script_csv_assets\OrDskE2Juhc.csv,113315,gs://senior-share-staging-570862915709/naresome_script_csv/OrDskE2Juhc.csv
Q2f14ltr0V4,E:\Data\ObsidianVault\02_Channels\馴れ初めシネマ\競合チャンネル分析\企画リサーチ_20260605\script_csv_assets\Q2f14ltr0V4.csv,57037,gs://senior-share-staging-570862915709/naresome_script_csv/Q2f14ltr0V4.csv
bzGiLVkcCec,E:\Data\ObsidianVault\02_Channels\馴れ初めシネマ\競合チャンネル分析\企画リサーチ_20260605\script_csv_assets\bzGiLVkcCec.csv,133496,gs://senior-share-staging-570862915709/naresome_script_csv/bzGiLVkcCec.csv
apg0rZe662Y,E:\Data\ObsidianVault\02_Channels\馴れ初めシネマ\競合チャンネル分析\企画リサーチ_20260605\script_csv_assets\apg0rZe662Y.csv,164026,gs://senior-share-staging-570862915709/naresome_script_csv/apg0rZe662Y.csv
WsI2Im0gEGg,E:\Data\ObsidianVault\02_Channels\馴れ初めシネマ\競合チャンネル分析\企画リサーチ_20260605\script_csv_assets\WsI2Im0gEGg.csv,93422,gs://senior-share-staging-570862915709/naresome_script_csv/WsI2Im0gEGg.csv
lLCFpxDmRN0,E:\Data\ObsidianVault\02_Channels\馴れ初めシネマ\競合チャンネル分析\企画リサーチ_20260605\script_csv_assets\lLCFpxDmRN0.csv,105863,gs://senior-share-staging-570862915709/naresome_script_csv/lLCFpxDmRN0.csv
GmyPTzO0cnY,E:\Data\ObsidianVault\02_Channels\馴れ初めシネマ\競合チャンネル分析\企画リサーチ_20260605\script_csv_assets\GmyPTzO0cnY.csv,131296,gs://senior-share-staging-570862915709/naresome_script_csv/GmyPTzO0cnY.csv
IE14Ucph8HY,E:\Data\ObsidianVault\02_Channels\馴れ初めシネマ\競合チャンネル分析\企画リサーチ_20260605\script_csv_assets\IE14Ucph8HY.csv,78952,gs://senior-share-staging-570862915709/naresome_script_csv/IE14Ucph8HY.csv
AWJUw8X23xY,E:\Data\ObsidianVault\02_Channels\馴れ初めシネマ\競合チャンネル分析\企画リサーチ_20260605\script_csv_assets\AWJUw8X23xY.csv,95541,gs://senior-share-staging-570862915709/naresome_script_csv/AWJUw8X23xY.csv
oeNTiTcI3Bk,E:\Data\ObsidianVault\02_Channels\馴れ初めシネマ\競合チャンネル分析\企画リサーチ_20260605\script_csv_assets\oeNTiTcI3Bk.csv,114023,gs://senior-share-staging-570862915709/naresome_script_csv/oeNTiTcI3Bk.csv
s-QhxRM-0gI,E:\Data\ObsidianVault\02_Channels\馴れ初めシネマ\競合チャンネル分析\企画リサーチ_20260605\script_csv_assets\s-QhxRM-0gI.csv,126450,gs://senior-share-staging-570862915709/naresome_script_csv/s-QhxRM-0gI.csv
V1Rp-OUtLxQ,E:\Data\ObsidianVault\02_Channels\馴れ初めシネマ\競合チャンネル分析\企画リサーチ_20260605\script_csv_assets\V1Rp-OUtLxQ.csv,98919,gs://senior-share-staging-570862915709/naresome_script_csv/V1Rp-OUtLxQ.csv
XexM2VBDKZ4,E:\Data\ObsidianVault\02_Channels\馴れ初めシネマ\競合チャンネル分析\企画リサーチ_20260605\script_csv_assets\XexM2VBDKZ4.csv,164097,gs://senior-share-staging-570862915709/naresome_script_csv/XexM2VBDKZ4.csv
JrwycCJ7NAY,E:\Data\ObsidianVault\02_Channels\馴れ初めシネマ\競合チャンネル分析\企画リサーチ_20260605\script_csv_assets\JrwycCJ7NAY.csv,63518,gs://senior-share-staging-570862915709/naresome_script_csv/JrwycCJ7NAY.csv
iYMBelyqUas,E:\Data\ObsidianVault\02_Channels\馴れ初めシネマ\競合チャンネル分析\企画リサーチ_20260605\script_csv_assets\iYMBelyqUas.csv,85540,gs://senior-share-staging-570862915709/naresome_script_csv/iYMBelyqUas.csv
5LjuklI_IoE,E:\Data\ObsidianVault\02_Channels\馴れ初めシネマ\競合チャンネル分析\企画リサーチ_20260605\script_csv_assets\5LjuklI_IoE.csv,62712,gs://senior-share-staging-570862915709/naresome_script_csv/5LjuklI_IoE.csv
VGDB-8o2icM,E:\Data\ObsidianVault\02_Channels\馴れ初めシネマ\競合チャンネル分析\企画リサーチ_20260605\script_csv_assets\VGDB-8o2icM.csv,154445,gs://senior-share-staging-570862915709/naresome_script_csv/VGDB-8o2icM.csv
RzULBoFrNTQ,E:\Data\ObsidianVault\02_Channels\馴れ初めシネマ\競合チャンネル分析\企画リサーチ_20260605\script_csv_assets\RzULBoFrNTQ.csv,91719,gs://senior-share-staging-570862915709/naresome_script_csv/RzULBoFrNTQ.csv
GrD3kCiuj3I,E:\Data\ObsidianVault\02_Channels\馴れ初めシネマ\競合チャンネル分析\企画リサーチ_20260605\script_csv_assets\GrD3kCiuj3I.csv,145032,gs://senior-share-staging-570862915709/naresome_script_csv/GrD3kCiuj3I.csv
7PWWGsMOpJk,E:\Data\ObsidianVault\02_Channels\馴れ初めシネマ\競合チャンネル分析\企画リサーチ_20260605\script_csv_assets\7PWWGsMOpJk.csv,69459,gs://senior-share-staging-570862915709/naresome_script_csv/7PWWGsMOpJk.csv
Idc2VCzLqOU,E:\Data\ObsidianVault\02_Channels\馴れ初めシネマ\競合チャンネル分析\企画リサーチ_20260605\script_csv_assets\Idc2VCzLqOU.csv,85108,gs://senior-share-staging-570862915709/naresome_script_csv/Idc2VCzLqOU.csv
yt_iRlcCh90,E:\Data\ObsidianVault\02_Channels\馴れ初めシネマ\競合チャンネル分析\企画リサーチ_20260605\script_csv_assets\yt_iRlcCh90.csv,128055,gs://senior-share-staging-570862915709/naresome_script_csv/yt_iRlcCh90.csv
PO4u77mYa3s,E:\Data\ObsidianVault\02_Channels\馴れ初めシネマ\競合チャンネル分析\企画リサーチ_20260605\script_csv_assets\PO4u77mYa3s.csv,71582,gs://senior-share-staging-570862915709/naresome_script_csv/PO4u77mYa3s.csv
FNu9v4TQU0Q,E:\Data\ObsidianVault\02_Channels\馴れ初めシネマ\競合チャンネル分析\企画リサーチ_20260605\script_csv_assets\FNu9v4TQU0Q.csv,138221,gs://senior-share-staging-570862915709/naresome_script_csv/FNu9v4TQU0Q.csv
U_i9BGxtf5s,E:\Data\ObsidianVault\02_Channels\馴れ初めシネマ\競合チャンネル分析\企画リサーチ_20260605\script_csv_assets\U_i9BGxtf5s.csv,142656,gs://senior-share-staging-570862915709/naresome_script_csv/U_i9BGxtf5s.csv
JJsKg6vloZ8,E:\Data\ObsidianVault\02_Channels\馴れ初めシネマ\競合チャンネル分析\企画リサーチ_20260605\script_csv_assets\JJsKg6vloZ8.csv,101695,gs://senior-share-staging-570862915709/naresome_script_csv/JJsKg6vloZ8.csv
8eUy1koUkXQ,E:\Data\ObsidianVault\02_Channels\馴れ初めシネマ\競合チャンネル分析\企画リサーチ_20260605\script_csv_assets\8eUy1koUkXQ.csv,134922,gs://senior-share-staging-570862915709/naresome_script_csv/8eUy1koUkXQ.csv
pp0dToQzOt4,E:\Data\ObsidianVault\02_Channels\馴れ初めシネマ\競合チャンネル分析\企画リサーチ_20260605\script_csv_assets\pp0dToQzOt4.csv,81306,gs://senior-share-staging-570862915709/naresome_script_csv/pp0dToQzOt4.csv
RDOkZ6JXhCY,E:\Data\ObsidianVault\02_Channels\馴れ初めシネマ\競合チャンネル分析\企画リサーチ_20260605\script_csv_assets\RDOkZ6JXhCY.csv,79790,gs://senior-share-staging-570862915709/naresome_script_csv/RDOkZ6JXhCY.csv
dqOUR6HpUnE,E:\Data\ObsidianVault\02_Channels\馴れ初めシネマ\競合チャンネル分析\企画リサーチ_20260605\script_csv_assets\dqOUR6HpUnE.csv,94652,gs://senior-share-staging-570862915709/naresome_script_csv/dqOUR6HpUnE.csv
-SKwwtVfy5U,E:\Data\ObsidianVault\02_Channels\馴れ初めシネマ\競合チャンネル分析\企画リサーチ_20260605\script_csv_assets\-SKwwtVfy5U.csv,104254,gs://senior-share-staging-570862915709/naresome_script_csv/-SKwwtVfy5U.csv
moXgeEUh90g,E:\Data\ObsidianVault\02_Channels\馴れ初めシネマ\競合チャンネル分析\企画リサーチ_20260605\script_csv_assets\moXgeEUh90g.csv,112136,gs://senior-share-staging-570862915709/naresome_script_csv/moXgeEUh90g.csv
KVKwuawmQes,E:\Data\ObsidianVault\02_Channels\馴れ初めシネマ\競合チャンネル分析\企画リサーチ_20260605\script_csv_assets\KVKwuawmQes.csv,69224,gs://senior-share-staging-570862915709/naresome_script_csv/KVKwuawmQes.csv
9Bfo9s9qR_w,E:\Data\ObsidianVault\02_Channels\馴れ初めシネマ\競合チャンネル分析\企画リサーチ_20260605\script_csv_assets\9Bfo9s9qR_w.csv,137776,gs://senior-share-staging-570862915709/naresome_script_csv/9Bfo9s9qR_w.csv
ECptMGs-o_s,E:\Data\ObsidianVault\02_Channels\馴れ初めシネマ\競合チャンネル分析\企画リサーチ_20260605\script_csv_assets\ECptMGs-o_s.csv,160574,gs://senior-share-staging-570862915709/naresome_script_csv/ECptMGs-o_s.csv
E4xRDaXZ6Oo,E:\Data\ObsidianVault\02_Channels\馴れ初めシネマ\競合チャンネル分析\企画リサーチ_20260605\script_csv_assets\E4xRDaXZ6Oo.csv,163158,gs://senior-share-staging-570862915709/naresome_script_csv/E4xRDaXZ6Oo.csv
yZZWBxeYVDo,E:\Data\ObsidianVault\02_Channels\馴れ初めシネマ\競合チャンネル分析\企画リサーチ_20260605\script_csv_assets\yZZWBxeYVDo.csv,104265,gs://senior-share-staging-570862915709/naresome_script_csv/yZZWBxeYVDo.csv
0dH25yK56ig,E:\Data\ObsidianVault\02_Channels\馴れ初めシネマ\競合チャンネル分析\企画リサーチ_20260605\script_csv_assets\0dH25yK56ig.csv,130497,gs://senior-share-staging-570862915709/naresome_script_csv/0dH25yK56ig.csv
wLo25dTxIJg,E:\Data\ObsidianVault\02_Channels\馴れ初めシネマ\競合チャンネル分析\企画リサーチ_20260605\script_csv_assets\wLo25dTxIJg.csv,69730,gs://senior-share-staging-570862915709/naresome_script_csv/wLo25dTxIJg.csv
rNNmAnlh2wA,E:\Data\ObsidianVault\02_Channels\馴れ初めシネマ\競合チャンネル分析\企画リサーチ_20260605\script_csv_assets\rNNmAnlh2wA.csv,57908,gs://senior-share-staging-570862915709/naresome_script_csv/rNNmAnlh2wA.csv
7zbmd95lI68,E:\Data\ObsidianVault\02_Channels\馴れ初めシネマ\競合チャンネル分析\企画リサーチ_20260605\script_csv_assets\7zbmd95lI68.csv,797284,gs://senior-share-staging-570862915709/naresome_script_csv/7zbmd95lI68.csv
41O-IRKUoLw,E:\Data\ObsidianVault\02_Channels\馴れ初めシネマ\競合チャンネル分析\企画リサーチ_20260605\script_csv_assets\41O-IRKUoLw.csv,661677,gs://senior-share-staging-570862915709/naresome_script_csv/41O-IRKUoLw.csv
gKq4cNco5F8,E:\Data\ObsidianVault\02_Channels\馴れ初めシネマ\競合チャンネル分析\企画リサーチ_20260605\script_csv_assets\gKq4cNco5F8.csv,63519,gs://senior-share-staging-570862915709/naresome_script_csv/gKq4cNco5F8.csv
KPFy3eqgXOw,E:\Data\ObsidianVault\02_Channels\馴れ初めシネマ\競合チャンネル分析\企画リサーチ_20260605\script_csv_assets\KPFy3eqgXOw.csv,682649,gs://senior-share-staging-570862915709/naresome_script_csv/KPFy3eqgXOw.csv
CFVhkzaaSPE,E:\Data\ObsidianVault\02_Channels\馴れ初めシネマ\競合チャンネル分析\企画リサーチ_20260605\script_csv_assets\CFVhkzaaSPE.csv,133293,gs://senior-share-staging-570862915709/naresome_script_csv/CFVhkzaaSPE.csv
we7EOfwlXjQ,E:\Data\ObsidianVault\02_Channels\馴れ初めシネマ\競合チャンネル分析\企画リサーチ_20260605\script_csv_assets\we7EOfwlXjQ.csv,145907,gs://senior-share-staging-570862915709/naresome_script_csv/we7EOfwlXjQ.csv
nltux6ZmiO4,E:\Data\ObsidianVault\02_Channels\馴れ初めシネマ\競合チャンネル分析\企画リサーチ_20260605\script_csv_assets\nltux6ZmiO4.csv,84373,gs://senior-share-staging-570862915709/naresome_script_csv/nltux6ZmiO4.csv
bd_gIZtvoRM,E:\Data\ObsidianVault\02_Channels\馴れ初めシネマ\競合チャンネル分析\企画リサーチ_20260605\script_csv_assets\bd_gIZtvoRM.csv,619089,gs://senior-share-staging-570862915709/naresome_script_csv/bd_gIZtvoRM.csv
CiubGZfZ3UA,E:\Data\ObsidianVault\02_Channels\馴れ初めシネマ\競合チャンネル分析\企画リサーチ_20260605\script_csv_assets\CiubGZfZ3UA.csv,93652,gs://senior-share-staging-570862915709/naresome_script_csv/CiubGZfZ3UA.csv
sALK75ZvDnE,E:\Data\ObsidianVault\02_Channels\馴れ初めシネマ\競合チャンネル分析\企画リサーチ_20260605\script_csv_assets\sALK75ZvDnE.csv,90116,gs://senior-share-staging-570862915709/naresome_script_csv/sALK75ZvDnE.csv
2O5BEC3r-Ec,E:\Data\ObsidianVault\02_Channels\馴れ初めシネマ\競合チャンネル分析\企画リサーチ_20260605\script_csv_assets\2O5BEC3r-Ec.csv,133176,gs://senior-share-staging-570862915709/naresome_script_csv/2O5BEC3r-Ec.csv
g3qA5YzlUD0,E:\Data\ObsidianVault\02_Channels\馴れ初めシネマ\競合チャンネル分析\企画リサーチ_20260605\script_csv_assets\g3qA5YzlUD0.csv,138782,gs://senior-share-staging-570862915709/naresome_script_csv/g3qA5YzlUD0.csv
XE0xf3m88YE,E:\Data\ObsidianVault\02_Channels\馴れ初めシネマ\競合チャンネル分析\企画リサーチ_20260605\script_csv_assets\XE0xf3m88YE.csv,132678,gs://senior-share-staging-570862915709/naresome_script_csv/XE0xf3m88YE.csv
DgmcowNVv0o,E:\Data\ObsidianVault\02_Channels\馴れ初めシネマ\競合チャンネル分析\企画リサーチ_20260605\script_csv_assets\DgmcowNVv0o.csv,103243,gs://senior-share-staging-570862915709/naresome_script_csv/DgmcowNVv0o.csv
_cPpx98wvmY,E:\Data\ObsidianVault\02_Channels\馴れ初めシネマ\競合チャンネル分析\企画リサーチ_20260605\script_csv_assets\_cPpx98wvmY.csv,75406,gs://senior-share-staging-570862915709/naresome_script_csv/_cPpx98wvmY.csv
XuGKU82VHcU,E:\Data\ObsidianVault\02_Channels\馴れ初めシネマ\競合チャンネル分析\企画リサーチ_20260605\script_csv_assets\XuGKU82VHcU.csv,148529,gs://senior-share-staging-570862915709/naresome_script_csv/XuGKU82VHcU.csv
QwqVxQMZahI,E:\Data\ObsidianVault\02_Channels\馴れ初めシネマ\競合チャンネル分析\企画リサーチ_20260605\script_csv_assets\QwqVxQMZahI.csv,102363,gs://senior-share-staging-570862915709/naresome_script_csv/QwqVxQMZahI.csv
Sm68Ya0Dc1w,E:\Data\ObsidianVault\02_Channels\馴れ初めシネマ\競合チャンネル分析\企画リサーチ_20260605\script_csv_assets\Sm68Ya0Dc1w.csv,89282,gs://senior-share-staging-570862915709/naresome_script_csv/Sm68Ya0Dc1w.csv
GVZdvPJgNEk,E:\Data\ObsidianVault\02_Channels\馴れ初めシネマ\競合チャンネル分析\企画リサーチ_20260605\script_csv_assets\GVZdvPJgNEk.csv,72373,gs://senior-share-staging-570862915709/naresome_script_csv/GVZdvPJgNEk.csv
dc3Q5Fr0Vxo,E:\Data\ObsidianVault\02_Channels\馴れ初めシネマ\競合チャンネル分析\企画リサーチ_20260605\script_csv_assets\dc3Q5Fr0Vxo.csv,69408,gs://senior-share-staging-570862915709/naresome_script_csv/dc3Q5Fr0Vxo.csv
eJbaK5lL_jc,E:\Data\ObsidianVault\02_Channels\馴れ初めシネマ\競合チャンネル分析\企画リサーチ_20260605\script_csv_assets\eJbaK5lL_jc.csv,145748,gs://senior-share-staging-570862915709/naresome_script_csv/eJbaK5lL_jc.csv
Et5dnCars_I,E:\Data\ObsidianVault\02_Channels\馴れ初めシネマ\競合チャンネル分析\企画リサーチ_20260605\script_csv_assets\Et5dnCars_I.csv,96483,gs://senior-share-staging-570862915709/naresome_script_csv/Et5dnCars_I.csv
OCdgRTNDb3s,E:\Data\ObsidianVault\02_Channels\馴れ初めシネマ\競合チャンネル分析\企画リサーチ_20260605\script_csv_assets\OCdgRTNDb3s.csv,103237,gs://senior-share-staging-570862915709/naresome_script_csv/OCdgRTNDb3s.csv
GDKBWCXKgLY,E:\Data\ObsidianVault\02_Channels\馴れ初めシネマ\競合チャンネル分析\企画リサーチ_20260605\script_csv_assets\GDKBWCXKgLY.csv,106914,gs://senior-share-staging-570862915709/naresome_script_csv/GDKBWCXKgLY.csv
E1c8KF_M_eU,E:\Data\ObsidianVault\02_Channels\馴れ初めシネマ\競合チャンネル分析\企画リサーチ_20260605\script_csv_assets\E1c8KF_M_eU.csv,84496,gs://senior-share-staging-570862915709/naresome_script_csv/E1c8KF_M_eU.csv
2uOyA98vzcU,E:\Data\ObsidianVault\02_Channels\馴れ初めシネマ\競合チャンネル分析\企画リサーチ_20260605\script_csv_assets\2uOyA98vzcU.csv,166602,gs://senior-share-staging-570862915709/naresome_script_csv/2uOyA98vzcU.csv
rk7aj2WIVs8,E:\Data\ObsidianVault\02_Channels\馴れ初めシネマ\競合チャンネル分析\企画リサーチ_20260605\script_csv_assets\rk7aj2WIVs8.csv,80137,gs://senior-share-staging-570862915709/naresome_script_csv/rk7aj2WIVs8.csv
k6J_7Nqkn_k,E:\Data\ObsidianVault\02_Channels\馴れ初めシネマ\競合チャンネル分析\企画リサーチ_20260605\script_csv_assets\k6J_7Nqkn_k.csv,104563,gs://senior-share-staging-570862915709/naresome_script_csv/k6J_7Nqkn_k.csv
w0v3YDKvw18,E:\Data\ObsidianVault\02_Channels\馴れ初めシネマ\競合チャンネル分析\企画リサーチ_20260605\script_csv_assets\w0v3YDKvw18.csv,135548,gs://senior-share-staging-570862915709/naresome_script_csv/w0v3YDKvw18.csv
brDqRuPv_kk,E:\Data\ObsidianVault\02_Channels\馴れ初めシネマ\競合チャンネル分析\企画リサーチ_20260605\script_csv_assets\brDqRuPv_kk.csv,95057,gs://senior-share-staging-570862915709/naresome_script_csv/brDqRuPv_kk.csv
wOpY0jFulLo,E:\Data\ObsidianVault\02_Channels\馴れ初めシネマ\競合チャンネル分析\企画リサーチ_20260605\script_csv_assets\wOpY0jFulLo.csv,88510,gs://senior-share-staging-570862915709/naresome_script_csv/wOpY0jFulLo.csv
2Fc4fVeNWr8,E:\Data\ObsidianVault\02_Channels\馴れ初めシネマ\競合チャンネル分析\企画リサーチ_20260605\script_csv_assets\2Fc4fVeNWr8.csv,163019,gs://senior-share-staging-570862915709/naresome_script_csv/2Fc4fVeNWr8.csv
rQdTCuJn_wY,E:\Data\ObsidianVault\02_Channels\馴れ初めシネマ\競合チャンネル分析\企画リサーチ_20260605\script_csv_assets\rQdTCuJn_wY.csv,91613,gs://senior-share-staging-570862915709/naresome_script_csv/rQdTCuJn_wY.csv
zE0p3IP7dr4,E:\Data\ObsidianVault\02_Channels\馴れ初めシネマ\競合チャンネル分析\企画リサーチ_20260605\script_csv_assets\zE0p3IP7dr4.csv,182773,gs://senior-share-staging-570862915709/naresome_script_csv/zE0p3IP7dr4.csv
KaanyF0pwz8,E:\Data\ObsidianVault\02_Channels\馴れ初めシネマ\競合チャンネル分析\企画リサーチ_20260605\script_csv_assets\KaanyF0pwz8.csv,183255,gs://senior-share-staging-570862915709/naresome_script_csv/KaanyF0pwz8.csv
spOVgpo5vGE,E:\Data\ObsidianVault\02_Channels\馴れ初めシネマ\競合チャンネル分析\企画リサーチ_20260605\script_csv_assets\spOVgpo5vGE.csv,93915,gs://senior-share-staging-570862915709/naresome_script_csv/spOVgpo5vGE.csv
Wmtnu8lDAeM,E:\Data\ObsidianVault\02_Channels\馴れ初めシネマ\競合チャンネル分析\企画リサーチ_20260605\script_csv_assets\Wmtnu8lDAeM.csv,127853,gs://senior-share-staging-570862915709/naresome_script_csv/Wmtnu8lDAeM.csv
QxfpEt2brI8,E:\Data\ObsidianVault\02_Channels\馴れ初めシネマ\競合チャンネル分析\企画リサーチ_20260605\script_csv_assets\QxfpEt2brI8.csv,58037,gs://senior-share-staging-570862915709/naresome_script_csv/QxfpEt2brI8.csv
zWZPFmzKN0E,E:\Data\ObsidianVault\02_Channels\馴れ初めシネマ\競合チャンネル分析\企画リサーチ_20260605\script_csv_assets\zWZPFmzKN0E.csv,102939,gs://senior-share-staging-570862915709/naresome_script_csv/zWZPFmzKN0E.csv
OGIpvuWkSJY,E:\Data\ObsidianVault\02_Channels\馴れ初めシネマ\競合チャンネル分析\企画リサーチ_20260605\script_csv_assets\OGIpvuWkSJY.csv,116914,gs://senior-share-staging-570862915709/naresome_script_csv/OGIpvuWkSJY.csv
uoawe0rFCyI,E:\Data\ObsidianVault\02_Channels\馴れ初めシネマ\競合チャンネル分析\企画リサーチ_20260605\script_csv_assets\uoawe0rFCyI.csv,172838,gs://senior-share-staging-570862915709/naresome_script_csv/uoawe0rFCyI.csv
Odp516I67Cg,E:\Data\ObsidianVault\02_Channels\馴れ初めシネマ\競合チャンネル分析\企画リサーチ_20260605\script_csv_assets\Odp516I67Cg.csv,151415,gs://senior-share-staging-570862915709/naresome_script_csv/Odp516I67Cg.csv
0wXH048t-3c,E:\Data\ObsidianVault\02_Channels\馴れ初めシネマ\競合チャンネル分析\企画リサーチ_20260605\script_csv_assets\0wXH048t-3c.csv,175526,gs://senior-share-staging-570862915709/naresome_script_csv/0wXH048t-3c.csv
Yy-S0h1xJCc,E:\Data\ObsidianVault\02_Channels\馴れ初めシネマ\競合チャンネル分析\企画リサーチ_20260605\script_csv_assets\Yy-S0h1xJCc.csv,164475,gs://senior-share-staging-570862915709/naresome_script_csv/Yy-S0h1xJCc.csv
lOq8owrhhfI,E:\Data\ObsidianVault\02_Channels\馴れ初めシネマ\競合チャンネル分析\企画リサーチ_20260605\script_csv_assets\lOq8owrhhfI.csv,61883,gs://senior-share-staging-570862915709/naresome_script_csv/lOq8owrhhfI.csv
SvPZwX07q-A,E:\Data\ObsidianVault\02_Channels\馴れ初めシネマ\競合チャンネル分析\企画リサーチ_20260605\script_csv_assets\SvPZwX07q-A.csv,94622,gs://senior-share-staging-570862915709/naresome_script_csv/SvPZwX07q-A.csv
0TEKn9CHx1c,E:\Data\ObsidianVault\02_Channels\馴れ初めシネマ\競合チャンネル分析\企画リサーチ_20260605\script_csv_assets\0TEKn9CHx1c.csv,157071,gs://senior-share-staging-570862915709/naresome_script_csv/0TEKn9CHx1c.csv
fZmKp0uBq88,E:\Data\ObsidianVault\02_Channels\馴れ初めシネマ\競合チャンネル分析\企画リサーチ_20260605\script_csv_assets\fZmKp0uBq88.csv,130490,gs://senior-share-staging-570862915709/naresome_script_csv/fZmKp0uBq88.csv
-7OtRqeRrsM,E:\Data\ObsidianVault\02_Channels\馴れ初めシネマ\競合チャンネル分析\企画リサーチ_20260605\script_csv_assets\-7OtRqeRrsM.csv,106677,gs://senior-share-staging-570862915709/naresome_script_csv/-7OtRqeRrsM.csv
LBZXWW17v5c,E:\Data\ObsidianVault\02_Channels\馴れ初めシネマ\競合チャンネル分析\企画リサーチ_20260605\script_csv_assets\LBZXWW17v5c.csv,176203,gs://senior-share-staging-570862915709/naresome_script_csv/LBZXWW17v5c.csv
o3PyRmgERSY,E:\Data\ObsidianVault\02_Channels\馴れ初めシネマ\競合チャンネル分析\企画リサーチ_20260605\script_csv_assets\o3PyRmgERSY.csv,69192,gs://senior-share-staging-570862915709/naresome_script_csv/o3PyRmgERSY.csv
SKOpMWEbSwU,E:\Data\ObsidianVault\02_Channels\馴れ初めシネマ\競合チャンネル分析\企画リサーチ_20260605\script_csv_assets\SKOpMWEbSwU.csv,85747,gs://senior-share-staging-570862915709/naresome_script_csv/SKOpMWEbSwU.csv
M-EdUue8gMk,E:\Data\ObsidianVault\02_Channels\馴れ初めシネマ\競合チャンネル分析\企画リサーチ_20260605\script_csv_assets\M-EdUue8gMk.csv,106707,gs://senior-share-staging-570862915709/naresome_script_csv/M-EdUue8gMk.csv
eGd6oB_lTyQ,E:\Data\ObsidianVault\02_Channels\馴れ初めシネマ\競合チャンネル分析\企画リサーチ_20260605\script_csv_assets\eGd6oB_lTyQ.csv,111673,gs://senior-share-staging-570862915709/naresome_script_csv/eGd6oB_lTyQ.csv
cg6X77j_bIU,E:\Data\ObsidianVault\02_Channels\馴れ初めシネマ\競合チャンネル分析\企画リサーチ_20260605\script_csv_assets\cg6X77j_bIU.csv,115284,gs://senior-share-staging-570862915709/naresome_script_csv/cg6X77j_bIU.csv
q-oVG6lFb14,E:\Data\ObsidianVault\02_Channels\馴れ初めシネマ\競合チャンネル分析\企画リサーチ_20260605\script_csv_assets\q-oVG6lFb14.csv,102580,gs://senior-share-staging-570862915709/naresome_script_csv/q-oVG6lFb14.csv
lBLI2AUUVaw,E:\Data\ObsidianVault\02_Channels\馴れ初めシネマ\競合チャンネル分析\企画リサーチ_20260605\script_csv_assets\lBLI2AUUVaw.csv,96432,gs://senior-share-staging-570862915709/naresome_script_csv/lBLI2AUUVaw.csv
dc62vfgR5Ws,E:\Data\ObsidianVault\02_Channels\馴れ初めシネマ\競合チャンネル分析\企画リサーチ_20260605\script_csv_assets\dc62vfgR5Ws.csv,89489,gs://senior-share-staging-570862915709/naresome_script_csv/dc62vfgR5Ws.csv
tTMSJ43sRuU,E:\Data\ObsidianVault\02_Channels\馴れ初めシネマ\競合チャンネル分析\企画リサーチ_20260605\script_csv_assets\tTMSJ43sRuU.csv,123981,gs://senior-share-staging-570862915709/naresome_script_csv/tTMSJ43sRuU.csv
uh-QAE9VYF8,E:\Data\ObsidianVault\02_Channels\馴れ初めシネマ\競合チャンネル分析\企画リサーチ_20260605\script_csv_assets\uh-QAE9VYF8.csv,157627,gs://senior-share-staging-570862915709/naresome_script_csv/uh-QAE9VYF8.csv
RM8jPc8hq_Q,E:\Data\ObsidianVault\02_Channels\馴れ初めシネマ\競合チャンネル分析\企画リサーチ_20260605\script_csv_assets\RM8jPc8hq_Q.csv,134869,gs://senior-share-staging-570862915709/naresome_script_csv/RM8jPc8hq_Q.csv
l9nVsT-5I94,E:\Data\ObsidianVault\02_Channels\馴れ初めシネマ\競合チャンネル分析\企画リサーチ_20260605\script_csv_assets\l9nVsT-5I94.csv,810103,gs://senior-share-staging-570862915709/naresome_script_csv/l9nVsT-5I94.csv
jORxyR8DrH0,E:\Data\ObsidianVault\02_Channels\馴れ初めシネマ\競合チャンネル分析\企画リサーチ_20260605\script_csv_assets\jORxyR8DrH0.csv,96097,gs://senior-share-staging-570862915709/naresome_script_csv/jORxyR8DrH0.csv
onTyCutCYMA,E:\Data\ObsidianVault\02_Channels\馴れ初めシネマ\競合チャンネル分析\企画リサーチ_20260605\script_csv_assets\onTyCutCYMA.csv,74514,gs://senior-share-staging-570862915709/naresome_script_csv/onTyCutCYMA.csv
BAseZmTXirE,E:\Data\ObsidianVault\02_Channels\馴れ初めシネマ\競合チャンネル分析\企画リサーチ_20260605\script_csv_assets\BAseZmTXirE.csv,183067,gs://senior-share-staging-570862915709/naresome_script_csv/BAseZmTXirE.csv
_bq4wjSiuu8,E:\Data\ObsidianVault\02_Channels\馴れ初めシネマ\競合チャンネル分析\企画リサーチ_20260605\script_csv_assets\_bq4wjSiuu8.csv,79681,gs://senior-share-staging-570862915709/naresome_script_csv/_bq4wjSiuu8.csv
tQZsY_DYG8s,E:\Data\ObsidianVault\02_Channels\馴れ初めシネマ\競合チャンネル分析\企画リサーチ_20260605\script_csv_assets\tQZsY_DYG8s.csv,76393,gs://senior-share-staging-570862915709/naresome_script_csv/tQZsY_DYG8s.csv
yuh0AmaBgzY,E:\Data\ObsidianVault\02_Channels\馴れ初めシネマ\競合チャンネル分析\企画リサーチ_20260605\script_csv_assets\yuh0AmaBgzY.csv,108212,gs://senior-share-staging-570862915709/naresome_script_csv/yuh0AmaBgzY.csv
lvlp79DpPeo,E:\Data\ObsidianVault\02_Channels\馴れ初めシネマ\競合チャンネル分析\企画リサーチ_20260605\script_csv_assets\lvlp79DpPeo.csv,121348,gs://senior-share-staging-570862915709/naresome_script_csv/lvlp79DpPeo.csv
ZBRjNyTUE9g,E:\Data\ObsidianVault\02_Channels\馴れ初めシネマ\競合チャンネル分析\企画リサーチ_20260605\script_csv_assets\ZBRjNyTUE9g.csv,89808,gs://senior-share-staging-570862915709/naresome_script_csv/ZBRjNyTUE9g.csv
tRlE6MGyi4U,E:\Data\ObsidianVault\02_Channels\馴れ初めシネマ\競合チャンネル分析\企画リサーチ_20260605\script_csv_assets\tRlE6MGyi4U.csv,104708,gs://senior-share-staging-570862915709/naresome_script_csv/tRlE6MGyi4U.csv
CSrHdmJ9ZiI,E:\Data\ObsidianVault\02_Channels\馴れ初めシネマ\競合チャンネル分析\企画リサーチ_20260605\script_csv_assets\CSrHdmJ9ZiI.csv,98478,gs://senior-share-staging-570862915709/naresome_script_csv/CSrHdmJ9ZiI.csv
-6wU4rZkzu0,E:\Data\ObsidianVault\02_Channels\馴れ初めシネマ\競合チャンネル分析\企画リサーチ_20260605\script_csv_assets\-6wU4rZkzu0.csv,86918,gs://senior-share-staging-570862915709/naresome_script_csv/-6wU4rZkzu0.csv
dmppSnEHGeA,E:\Data\ObsidianVault\02_Channels\馴れ初めシネマ\競合チャンネル分析\企画リサーチ_20260605\script_csv_assets\dmppSnEHGeA.csv,122302,gs://senior-share-staging-570862915709/naresome_script_csv/dmppSnEHGeA.csv
6RAA-1I6fqs,E:\Data\ObsidianVault\02_Channels\馴れ初めシネマ\競合チャンネル分析\企画リサーチ_20260605\script_csv_assets\6RAA-1I6fqs.csv,94726,gs://senior-share-staging-570862915709/naresome_script_csv/6RAA-1I6fqs.csv
88uyN4Niax8,E:\Data\ObsidianVault\02_Channels\馴れ初めシネマ\競合チャンネル分析\企画リサーチ_20260605\script_csv_assets\88uyN4Niax8.csv,90490,gs://senior-share-staging-570862915709/naresome_script_csv/88uyN4Niax8.csv
hYdHXsEwKzo,E:\Data\ObsidianVault\02_Channels\馴れ初めシネマ\競合チャンネル分析\企画リサーチ_20260605\script_csv_assets\hYdHXsEwKzo.csv,116027,gs://senior-share-staging-570862915709/naresome_script_csv/hYdHXsEwKzo.csv
lx7oTDVtjw4,E:\Data\ObsidianVault\02_Channels\馴れ初めシネマ\競合チャンネル分析\企画リサーチ_20260605\script_csv_assets\lx7oTDVtjw4.csv,134073,gs://senior-share-staging-570862915709/naresome_script_csv/lx7oTDVtjw4.csv
0S4WTxG3oPM,E:\Data\ObsidianVault\02_Channels\馴れ初めシネマ\競合チャンネル分析\企画リサーチ_20260605\script_csv_assets\0S4WTxG3oPM.csv,102301,gs://senior-share-staging-570862915709/naresome_script_csv/0S4WTxG3oPM.csv
p4fJdRxgnCg,E:\Data\ObsidianVault\02_Channels\馴れ初めシネマ\競合チャンネル分析\企画リサーチ_20260605\script_csv_assets\p4fJdRxgnCg.csv,88076,gs://senior-share-staging-570862915709/naresome_script_csv/p4fJdRxgnCg.csv
11L2LLrwJjU,E:\Data\ObsidianVault\02_Channels\馴れ初めシネマ\競合チャンネル分析\企画リサーチ_20260605\script_csv_assets\11L2LLrwJjU.csv,84224,gs://senior-share-staging-570862915709/naresome_script_csv/11L2LLrwJjU.csv
5LyRG4mxZKM,E:\Data\ObsidianVault\02_Channels\馴れ初めシネマ\競合チャンネル分析\企画リサーチ_20260605\script_csv_assets\5LyRG4mxZKM.csv,111049,gs://senior-share-staging-570862915709/naresome_script_csv/5LyRG4mxZKM.csv
fFaOIdDMJOg,E:\Data\ObsidianVault\02_Channels\馴れ初めシネマ\競合チャンネル分析\企画リサーチ_20260605\script_csv_assets\fFaOIdDMJOg.csv,192908,gs://senior-share-staging-570862915709/naresome_script_csv/fFaOIdDMJOg.csv
aYn880Qcgxk,E:\Data\ObsidianVault\02_Channels\馴れ初めシネマ\競合チャンネル分析\企画リサーチ_20260605\script_csv_assets\aYn880Qcgxk.csv,75140,gs://senior-share-staging-570862915709/naresome_script_csv/aYn880Qcgxk.csv
Z9-tLxd68gI,E:\Data\ObsidianVault\02_Channels\馴れ初めシネマ\競合チャンネル分析\企画リサーチ_20260605\script_csv_assets\Z9-tLxd68gI.csv,83377,gs://senior-share-staging-570862915709/naresome_script_csv/Z9-tLxd68gI.csv
UMFWZmCLIOA,E:\Data\ObsidianVault\02_Channels\馴れ初めシネマ\競合チャンネル分析\企画リサーチ_20260605\script_csv_assets\UMFWZmCLIOA.csv,132634,gs://senior-share-staging-570862915709/naresome_script_csv/UMFWZmCLIOA.csv
tIkL4tzaqsw,E:\Data\ObsidianVault\02_Channels\馴れ初めシネマ\競合チャンネル分析\企画リサーチ_20260605\script_csv_assets\tIkL4tzaqsw.csv,88364,gs://senior-share-staging-570862915709/naresome_script_csv/tIkL4tzaqsw.csv
RVj-bmErGUs,E:\Data\ObsidianVault\02_Channels\馴れ初めシネマ\競合チャンネル分析\企画リサーチ_20260605\script_csv_assets\RVj-bmErGUs.csv,136888,gs://senior-share-staging-570862915709/naresome_script_csv/RVj-bmErGUs.csv
ZUAAU4QGVuc,E:\Data\ObsidianVault\02_Channels\馴れ初めシネマ\競合チャンネル分析\企画リサーチ_20260605\script_csv_assets\ZUAAU4QGVuc.csv,162804,gs://senior-share-staging-570862915709/naresome_script_csv/ZUAAU4QGVuc.csv
2koeapAPgOI,E:\Data\ObsidianVault\02_Channels\馴れ初めシネマ\競合チャンネル分析\企画リサーチ_20260605\script_csv_assets\2koeapAPgOI.csv,59004,gs://senior-share-staging-570862915709/naresome_script_csv/2koeapAPgOI.csv
0CfydsS1rjc,E:\Data\ObsidianVault\02_Channels\馴れ初めシネマ\競合チャンネル分析\企画リサーチ_20260605\script_csv_assets\0CfydsS1rjc.csv,129604,gs://senior-share-staging-570862915709/naresome_script_csv/0CfydsS1rjc.csv
8gmD-LIQbUY,E:\Data\ObsidianVault\02_Channels\馴れ初めシネマ\競合チャンネル分析\企画リサーチ_20260605\script_csv_assets\8gmD-LIQbUY.csv,138967,gs://senior-share-staging-570862915709/naresome_script_csv/8gmD-LIQbUY.csv
WE_5hqGzW3s,E:\Data\ObsidianVault\02_Channels\馴れ初めシネマ\競合チャンネル分析\企画リサーチ_20260605\script_csv_assets\WE_5hqGzW3s.csv,107710,gs://senior-share-staging-570862915709/naresome_script_csv/WE_5hqGzW3s.csv
kWT4hbwseGI,E:\Data\ObsidianVault\02_Channels\馴れ初めシネマ\競合チャンネル分析\企画リサーチ_20260605\script_csv_assets\kWT4hbwseGI.csv,117310,gs://senior-share-staging-570862915709/naresome_script_csv/kWT4hbwseGI.csv
TdLSSXAuDHE,E:\Data\ObsidianVault\02_Channels\馴れ初めシネマ\競合チャンネル分析\企画リサーチ_20260605\script_csv_assets\TdLSSXAuDHE.csv,60407,gs://senior-share-staging-570862915709/naresome_script_csv/TdLSSXAuDHE.csv
0pVQ-LO_akc,E:\Data\ObsidianVault\02_Channels\馴れ初めシネマ\競合チャンネル分析\企画リサーチ_20260605\script_csv_assets\0pVQ-LO_akc.csv,125520,gs://senior-share-staging-570862915709/naresome_script_csv/0pVQ-LO_akc.csv
1S_U9o9JAA8,E:\Data\ObsidianVault\02_Channels\馴れ初めシネマ\競合チャンネル分析\企画リサーチ_20260605\script_csv_assets\1S_U9o9JAA8.csv,109447,gs://senior-share-staging-570862915709/naresome_script_csv/1S_U9o9JAA8.csv
BZzkH7k0LJ0,E:\Data\ObsidianVault\02_Channels\馴れ初めシネマ\競合チャンネル分析\企画リサーチ_20260605\script_csv_assets\BZzkH7k0LJ0.csv,240383,gs://senior-share-staging-570862915709/naresome_script_csv/BZzkH7k0LJ0.csv
gpYvVDGKy74,E:\Data\ObsidianVault\02_Channels\馴れ初めシネマ\競合チャンネル分析\企画リサーチ_20260605\script_csv_assets\gpYvVDGKy74.csv,71610,gs://senior-share-staging-570862915709/naresome_script_csv/gpYvVDGKy74.csv
l-dKk_Txyok,E:\Data\ObsidianVault\02_Channels\馴れ初めシネマ\競合チャンネル分析\企画リサーチ_20260605\script_csv_assets\l-dKk_Txyok.csv,107990,gs://senior-share-staging-570862915709/naresome_script_csv/l-dKk_Txyok.csv
FUnUu1JNt1w,E:\Data\ObsidianVault\02_Channels\馴れ初めシネマ\競合チャンネル分析\企画リサーチ_20260605\script_csv_assets\FUnUu1JNt1w.csv,57341,gs://senior-share-staging-570862915709/naresome_script_csv/FUnUu1JNt1w.csv
WgKwjqH5pxo,E:\Data\ObsidianVault\02_Channels\馴れ初めシネマ\競合チャンネル分析\企画リサーチ_20260605\script_csv_assets\WgKwjqH5pxo.csv,91906,gs://senior-share-staging-570862915709/naresome_script_csv/WgKwjqH5pxo.csv
ma-r8d_LJ5o,E:\Data\ObsidianVault\02_Channels\馴れ初めシネマ\競合チャンネル分析\企画リサーチ_20260605\script_csv_assets\ma-r8d_LJ5o.csv,88570,gs://senior-share-staging-570862915709/naresome_script_csv/ma-r8d_LJ5o.csv
FHfCfXFryD4,E:\Data\ObsidianVault\02_Channels\馴れ初めシネマ\競合チャンネル分析\企画リサーチ_20260605\script_csv_assets\FHfCfXFryD4.csv,94059,gs://senior-share-staging-570862915709/naresome_script_csv/FHfCfXFryD4.csv
Oqo47410UYc,E:\Data\ObsidianVault\02_Channels\馴れ初めシネマ\競合チャンネル分析\企画リサーチ_20260605\script_csv_assets\Oqo47410UYc.csv,83261,gs://senior-share-staging-570862915709/naresome_script_csv/Oqo47410UYc.csv
9aG4GuzLAfg,E:\Data\ObsidianVault\02_Channels\馴れ初めシネマ\競合チャンネル分析\企画リサーチ_20260605\script_csv_assets\9aG4GuzLAfg.csv,136819,gs://senior-share-staging-570862915709/naresome_script_csv/9aG4GuzLAfg.csv
zunLIBbSEeU,E:\Data\ObsidianVault\02_Channels\馴れ初めシネマ\競合チャンネル分析\企画リサーチ_20260605\script_csv_assets\zunLIBbSEeU.csv,74315,gs://senior-share-staging-570862915709/naresome_script_csv/zunLIBbSEeU.csv
9RBbAhHtwng,E:\Data\ObsidianVault\02_Channels\馴れ初めシネマ\競合チャンネル分析\企画リサーチ_20260605\script_csv_assets\9RBbAhHtwng.csv,127752,gs://senior-share-staging-570862915709/naresome_script_csv/9RBbAhHtwng.csv
qQXw1ZHA210,E:\Data\ObsidianVault\02_Channels\馴れ初めシネマ\競合チャンネル分析\企画リサーチ_20260605\script_csv_assets\qQXw1ZHA210.csv,137472,gs://senior-share-staging-570862915709/naresome_script_csv/qQXw1ZHA210.csv
ca743DaYabQ,E:\Data\ObsidianVault\02_Channels\馴れ初めシネマ\競合チャンネル分析\企画リサーチ_20260605\script_csv_assets\ca743DaYabQ.csv,182874,gs://senior-share-staging-570862915709/naresome_script_csv/ca743DaYabQ.csv
GhX8Nl7lSis,E:\Data\ObsidianVault\02_Channels\馴れ初めシネマ\競合チャンネル分析\企画リサーチ_20260605\script_csv_assets\GhX8Nl7lSis.csv,151870,gs://senior-share-staging-570862915709/naresome_script_csv/GhX8Nl7lSis.csv
huwgDbcYEts,E:\Data\ObsidianVault\02_Channels\馴れ初めシネマ\競合チャンネル分析\企画リサーチ_20260605\script_csv_assets\huwgDbcYEts.csv,134126,gs://senior-share-staging-570862915709/naresome_script_csv/huwgDbcYEts.csv
Vh62LEfK8ZM,E:\Data\ObsidianVault\02_Channels\馴れ初めシネマ\競合チャンネル分析\企画リサーチ_20260605\script_csv_assets\Vh62LEfK8ZM.csv,131452,gs://senior-share-staging-570862915709/naresome_script_csv/Vh62LEfK8ZM.csv
nZQQDolEoDA,E:\Data\ObsidianVault\02_Channels\馴れ初めシネマ\競合チャンネル分析\企画リサーチ_20260605\script_csv_assets\nZQQDolEoDA.csv,161073,gs://senior-share-staging-570862915709/naresome_script_csv/nZQQDolEoDA.csv
8p3K8mAnVl0,E:\Data\ObsidianVault\02_Channels\馴れ初めシネマ\競合チャンネル分析\企画リサーチ_20260605\script_csv_assets\8p3K8mAnVl0.csv,130966,gs://senior-share-staging-570862915709/naresome_script_csv/8p3K8mAnVl0.csv
Q_ZLCuhMZQU,E:\Data\ObsidianVault\02_Channels\馴れ初めシネマ\競合チャンネル分析\企画リサーチ_20260605\script_csv_assets\Q_ZLCuhMZQU.csv,92132,gs://senior-share-staging-570862915709/naresome_script_csv/Q_ZLCuhMZQU.csv
v9BW31XYm3I,E:\Data\ObsidianVault\02_Channels\馴れ初めシネマ\競合チャンネル分析\企画リサーチ_20260605\script_csv_assets\v9BW31XYm3I.csv,104882,gs://senior-share-staging-570862915709/naresome_script_csv/v9BW31XYm3I.csv
5G44n9uH6GQ,E:\Data\ObsidianVault\02_Channels\馴れ初めシネマ\競合チャンネル分析\企画リサーチ_20260605\script_csv_assets\5G44n9uH6GQ.csv,105642,gs://senior-share-staging-570862915709/naresome_script_csv/5G44n9uH6GQ.csv
9dOQNd-iasQ,E:\Data\ObsidianVault\02_Channels\馴れ初めシネマ\競合チャンネル分析\企画リサーチ_20260605\script_csv_assets\9dOQNd-iasQ.csv,96370,gs://senior-share-staging-570862915709/naresome_script_csv/9dOQNd-iasQ.csv
CpiRQmpES58,E:\Data\ObsidianVault\02_Channels\馴れ初めシネマ\競合チャンネル分析\企画リサーチ_20260605\script_csv_assets\CpiRQmpES58.csv,106125,gs://senior-share-staging-570862915709/naresome_script_csv/CpiRQmpES58.csv
vrNYq8pYW1Y,E:\Data\ObsidianVault\02_Channels\馴れ初めシネマ\競合チャンネル分析\企画リサーチ_20260605\script_csv_assets\vrNYq8pYW1Y.csv,127935,gs://senior-share-staging-570862915709/naresome_script_csv/vrNYq8pYW1Y.csv
JD425hxcgSY,E:\Data\ObsidianVault\02_Channels\馴れ初めシネマ\競合チャンネル分析\企画リサーチ_20260605\script_csv_assets\JD425hxcgSY.csv,98206,gs://senior-share-staging-570862915709/naresome_script_csv/JD425hxcgSY.csv
AE-QKYEUims,E:\Data\ObsidianVault\02_Channels\馴れ初めシネマ\競合チャンネル分析\企画リサーチ_20260605\script_csv_assets\AE-QKYEUims.csv,152918,gs://senior-share-staging-570862915709/naresome_script_csv/AE-QKYEUims.csv
9UtIU5jZCYY,E:\Data\ObsidianVault\02_Channels\馴れ初めシネマ\競合チャンネル分析\企画リサーチ_20260605\script_csv_assets\9UtIU5jZCYY.csv,118539,gs://senior-share-staging-570862915709/naresome_script_csv/9UtIU5jZCYY.csv
KOZJAcLHEdU,E:\Data\ObsidianVault\02_Channels\馴れ初めシネマ\競合チャンネル分析\企画リサーチ_20260605\script_csv_assets\KOZJAcLHEdU.csv,397694,gs://senior-share-staging-570862915709/naresome_script_csv/KOZJAcLHEdU.csv
RYo3srbCyZU,E:\Data\ObsidianVault\02_Channels\馴れ初めシネマ\競合チャンネル分析\企画リサーチ_20260605\script_csv_assets\RYo3srbCyZU.csv,136543,gs://senior-share-staging-570862915709/naresome_script_csv/RYo3srbCyZU.csv
vj4vREPr63E,E:\Data\ObsidianVault\02_Channels\馴れ初めシネマ\競合チャンネル分析\企画リサーチ_20260605\script_csv_assets\vj4vREPr63E.csv,130950,gs://senior-share-staging-570862915709/naresome_script_csv/vj4vREPr63E.csv
eHqOUDORUuI,E:\Data\ObsidianVault\02_Channels\馴れ初めシネマ\競合チャンネル分析\企画リサーチ_20260605\script_csv_assets\eHqOUDORUuI.csv,133907,gs://senior-share-staging-570862915709/naresome_script_csv/eHqOUDORUuI.csv
snFvAfez4jk,E:\Data\ObsidianVault\02_Channels\馴れ初めシネマ\競合チャンネル分析\企画リサーチ_20260605\script_csv_assets\snFvAfez4jk.csv,144795,gs://senior-share-staging-570862915709/naresome_script_csv/snFvAfez4jk.csv
YGvUHXSlqGU,E:\Data\ObsidianVault\02_Channels\馴れ初めシネマ\競合チャンネル分析\企画リサーチ_20260605\script_csv_assets\YGvUHXSlqGU.csv,69659,gs://senior-share-staging-570862915709/naresome_script_csv/YGvUHXSlqGU.csv
EPJmIiz0Q1Y,E:\Data\ObsidianVault\02_Channels\馴れ初めシネマ\競合チャンネル分析\企画リサーチ_20260605\script_csv_assets\EPJmIiz0Q1Y.csv,137177,gs://senior-share-staging-570862915709/naresome_script_csv/EPJmIiz0Q1Y.csv
MAKOBE5suMk,E:\Data\ObsidianVault\02_Channels\馴れ初めシネマ\競合チャンネル分析\企画リサーチ_20260605\script_csv_assets\MAKOBE5suMk.csv,631158,gs://senior-share-staging-570862915709/naresome_script_csv/MAKOBE5suMk.csv
OF8167mmV78,E:\Data\ObsidianVault\02_Channels\馴れ初めシネマ\競合チャンネル分析\企画リサーチ_20260605\script_csv_assets\OF8167mmV78.csv,156412,gs://senior-share-staging-570862915709/naresome_script_csv/OF8167mmV78.csv
lLE5uob0Ze4,E:\Data\ObsidianVault\02_Channels\馴れ初めシネマ\競合チャンネル分析\企画リサーチ_20260605\script_csv_assets\lLE5uob0Ze4.csv,181932,gs://senior-share-staging-570862915709/naresome_script_csv/lLE5uob0Ze4.csv
bUKcm5jaqdc,E:\Data\ObsidianVault\02_Channels\馴れ初めシネマ\競合チャンネル分析\企画リサーチ_20260605\script_csv_assets\bUKcm5jaqdc.csv,113539,gs://senior-share-staging-570862915709/naresome_script_csv/bUKcm5jaqdc.csv
Z2l5K7O0AYk,E:\Data\ObsidianVault\02_Channels\馴れ初めシネマ\競合チャンネル分析\企画リサーチ_20260605\script_csv_assets\Z2l5K7O0AYk.csv,129578,gs://senior-share-staging-570862915709/naresome_script_csv/Z2l5K7O0AYk.csv
nKdG0XoLL-w,E:\Data\ObsidianVault\02_Channels\馴れ初めシネマ\競合チャンネル分析\企画リサーチ_20260605\script_csv_assets\nKdG0XoLL-w.csv,125199,gs://senior-share-staging-570862915709/naresome_script_csv/nKdG0XoLL-w.csv
lJsQR6cxpxA,E:\Data\ObsidianVault\02_Channels\馴れ初めシネマ\競合チャンネル分析\企画リサーチ_20260605\script_csv_assets\lJsQR6cxpxA.csv,132686,gs://senior-share-staging-570862915709/naresome_script_csv/lJsQR6cxpxA.csv
a4NUDEzNJJk,E:\Data\ObsidianVault\02_Channels\馴れ初めシネマ\競合チャンネル分析\企画リサーチ_20260605\script_csv_assets\a4NUDEzNJJk.csv,134972,gs://senior-share-staging-570862915709/naresome_script_csv/a4NUDEzNJJk.csv
GEyAbMAJWp8,E:\Data\ObsidianVault\02_Channels\馴れ初めシネマ\競合チャンネル分析\企画リサーチ_20260605\script_csv_assets\GEyAbMAJWp8.csv,135789,gs://senior-share-staging-570862915709/naresome_script_csv/GEyAbMAJWp8.csv
edfFt1jgdU8,E:\Data\ObsidianVault\02_Channels\馴れ初めシネマ\競合チャンネル分析\企画リサーチ_20260605\script_csv_assets\edfFt1jgdU8.csv,98985,gs://senior-share-staging-570862915709/naresome_script_csv/edfFt1jgdU8.csv
FXIMW7S5tdg,E:\Data\ObsidianVault\02_Channels\馴れ初めシネマ\競合チャンネル分析\企画リサーチ_20260605\script_csv_assets\FXIMW7S5tdg.csv,172867,gs://senior-share-staging-570862915709/naresome_script_csv/FXIMW7S5tdg.csv
VGCtn9tPor4,E:\Data\ObsidianVault\02_Channels\馴れ初めシネマ\競合チャンネル分析\企画リサーチ_20260605\script_csv_assets\VGCtn9tPor4.csv,80067,gs://senior-share-staging-570862915709/naresome_script_csv/VGCtn9tPor4.csv
JtKpwWaxpQ4,E:\Data\ObsidianVault\02_Channels\馴れ初めシネマ\競合チャンネル分析\企画リサーチ_20260605\script_csv_assets\JtKpwWaxpQ4.csv,139956,gs://senior-share-staging-570862915709/naresome_script_csv/JtKpwWaxpQ4.csv
tIdT3AUNdws,E:\Data\ObsidianVault\02_Channels\馴れ初めシネマ\競合チャンネル分析\企画リサーチ_20260605\script_csv_assets\tIdT3AUNdws.csv,139328,gs://senior-share-staging-570862915709/naresome_script_csv/tIdT3AUNdws.csv
VpBRErP_uFg,E:\Data\ObsidianVault\02_Channels\馴れ初めシネマ\競合チャンネル分析\企画リサーチ_20260605\script_csv_assets\VpBRErP_uFg.csv,94273,gs://senior-share-staging-570862915709/naresome_script_csv/VpBRErP_uFg.csv
B_JHcs6SxvY,E:\Data\ObsidianVault\02_Channels\馴れ初めシネマ\競合チャンネル分析\企画リサーチ_20260605\script_csv_assets\B_JHcs6SxvY.csv,113849,gs://senior-share-staging-570862915709/naresome_script_csv/B_JHcs6SxvY.csv
608mtakx1Bg,E:\Data\ObsidianVault\02_Channels\馴れ初めシネマ\競合チャンネル分析\企画リサーチ_20260605\script_csv_assets\608mtakx1Bg.csv,103645,gs://senior-share-staging-570862915709/naresome_script_csv/608mtakx1Bg.csv
KFVaJ1pT7WI,E:\Data\ObsidianVault\02_Channels\馴れ初めシネマ\競合チャンネル分析\企画リサーチ_20260605\script_csv_assets\KFVaJ1pT7WI.csv,124889,gs://senior-share-staging-570862915709/naresome_script_csv/KFVaJ1pT7WI.csv
DZVvx8MxgII,E:\Data\ObsidianVault\02_Channels\馴れ初めシネマ\競合チャンネル分析\企画リサーチ_20260605\script_csv_assets\DZVvx8MxgII.csv,123092,gs://senior-share-staging-570862915709/naresome_script_csv/DZVvx8MxgII.csv
NhsW95yy8B8,E:\Data\ObsidianVault\02_Channels\馴れ初めシネマ\競合チャンネル分析\企画リサーチ_20260605\script_csv_assets\NhsW95yy8B8.csv,99556,gs://senior-share-staging-570862915709/naresome_script_csv/NhsW95yy8B8.csv
mcBNiAwhYCM,E:\Data\ObsidianVault\02_Channels\馴れ初めシネマ\競合チャンネル分析\企画リサーチ_20260605\script_csv_assets\mcBNiAwhYCM.csv,121111,gs://senior-share-staging-570862915709/naresome_script_csv/mcBNiAwhYCM.csv
x23HuwvfIME,E:\Data\ObsidianVault\02_Channels\馴れ初めシネマ\競合チャンネル分析\企画リサーチ_20260605\script_csv_assets\x23HuwvfIME.csv,137423,gs://senior-share-staging-570862915709/naresome_script_csv/x23HuwvfIME.csv
MOSXxLAgGvA,E:\Data\ObsidianVault\02_Channels\馴れ初めシネマ\競合チャンネル分析\企画リサーチ_20260605\script_csv_assets\MOSXxLAgGvA.csv,107506,gs://senior-share-staging-570862915709/naresome_script_csv/MOSXxLAgGvA.csv
wzKh_LI8vOo,E:\Data\ObsidianVault\02_Channels\馴れ初めシネマ\競合チャンネル分析\企画リサーチ_20260605\script_csv_assets\wzKh_LI8vOo.csv,68245,gs://senior-share-staging-570862915709/naresome_script_csv/wzKh_LI8vOo.csv
bbspswnD86U,E:\Data\ObsidianVault\02_Channels\馴れ初めシネマ\競合チャンネル分析\企画リサーチ_20260605\script_csv_assets\bbspswnD86U.csv,89259,gs://senior-share-staging-570862915709/naresome_script_csv/bbspswnD86U.csv
Gbtqc-cklbM,E:\Data\ObsidianVault\02_Channels\馴れ初めシネマ\競合チャンネル分析\企画リサーチ_20260605\script_csv_assets\Gbtqc-cklbM.csv,91872,gs://senior-share-staging-570862915709/naresome_script_csv/Gbtqc-cklbM.csv
r17DLWLZd38,E:\Data\ObsidianVault\02_Channels\馴れ初めシネマ\競合チャンネル分析\企画リサーチ_20260605\script_csv_assets\r17DLWLZd38.csv,99481,gs://senior-share-staging-570862915709/naresome_script_csv/r17DLWLZd38.csv
vTEN0VXP3Pk,E:\Data\ObsidianVault\02_Channels\馴れ初めシネマ\競合チャンネル分析\企画リサーチ_20260605\script_csv_assets\vTEN0VXP3Pk.csv,103669,gs://senior-share-staging-570862915709/naresome_script_csv/vTEN0VXP3Pk.csv
d_u8Ud1kOOo,E:\Data\ObsidianVault\02_Channels\馴れ初めシネマ\競合チャンネル分析\企画リサーチ_20260605\script_csv_assets\d_u8Ud1kOOo.csv,66052,gs://senior-share-staging-570862915709/naresome_script_csv/d_u8Ud1kOOo.csv
HBC8ALomSPU,E:\Data\ObsidianVault\02_Channels\馴れ初めシネマ\競合チャンネル分析\企画リサーチ_20260605\script_csv_assets\HBC8ALomSPU.csv,84037,gs://senior-share-staging-570862915709/naresome_script_csv/HBC8ALomSPU.csv
2EENj-9srJ4,E:\Data\ObsidianVault\02_Channels\馴れ初めシネマ\競合チャンネル分析\企画リサーチ_20260605\script_csv_assets\2EENj-9srJ4.csv,60720,gs://senior-share-staging-570862915709/naresome_script_csv/2EENj-9srJ4.csv
UDdfRRcSFB0,E:\Data\ObsidianVault\02_Channels\馴れ初めシネマ\競合チャンネル分析\企画リサーチ_20260605\script_csv_assets\UDdfRRcSFB0.csv,92305,gs://senior-share-staging-570862915709/naresome_script_csv/UDdfRRcSFB0.csv
a64x9ND6k34,E:\Data\ObsidianVault\02_Channels\馴れ初めシネマ\競合チャンネル分析\企画リサーチ_20260605\script_csv_assets\a64x9ND6k34.csv,86794,gs://senior-share-staging-570862915709/naresome_script_csv/a64x9ND6k34.csv
Ib43bV4VtOA,E:\Data\ObsidianVault\02_Channels\馴れ初めシネマ\競合チャンネル分析\企画リサーチ_20260605\script_csv_assets\Ib43bV4VtOA.csv,114998,gs://senior-share-staging-570862915709/naresome_script_csv/Ib43bV4VtOA.csv
5AflSsq4Hx0,E:\Data\ObsidianVault\02_Channels\馴れ初めシネマ\競合チャンネル分析\企画リサーチ_20260605\script_csv_assets\5AflSsq4Hx0.csv,160286,gs://senior-share-staging-570862915709/naresome_script_csv/5AflSsq4Hx0.csv
K839g8qhYxs,E:\Data\ObsidianVault\02_Channels\馴れ初めシネマ\競合チャンネル分析\企画リサーチ_20260605\script_csv_assets\K839g8qhYxs.csv,155718,gs://senior-share-staging-570862915709/naresome_script_csv/K839g8qhYxs.csv
1YfjKJWkbtM,E:\Data\ObsidianVault\02_Channels\馴れ初めシネマ\競合チャンネル分析\企画リサーチ_20260605\script_csv_assets\1YfjKJWkbtM.csv,94759,gs://senior-share-staging-570862915709/naresome_script_csv/1YfjKJWkbtM.csv
IhzpntQTwcs,E:\Data\ObsidianVault\02_Channels\馴れ初めシネマ\競合チャンネル分析\企画リサーチ_20260605\script_csv_assets\IhzpntQTwcs.csv,102496,gs://senior-share-staging-570862915709/naresome_script_csv/IhzpntQTwcs.csv
uu2DFcuS3E8,E:\Data\ObsidianVault\02_Channels\馴れ初めシネマ\競合チャンネル分析\企画リサーチ_20260605\script_csv_assets\uu2DFcuS3E8.csv,70319,gs://senior-share-staging-570862915709/naresome_script_csv/uu2DFcuS3E8.csv
xcni0tm_h5M,E:\Data\ObsidianVault\02_Channels\馴れ初めシネマ\競合チャンネル分析\企画リサーチ_20260605\script_csv_assets\xcni0tm_h5M.csv,101463,gs://senior-share-staging-570862915709/naresome_script_csv/xcni0tm_h5M.csv
FB2LSpWzNHI,E:\Data\ObsidianVault\02_Channels\馴れ初めシネマ\競合チャンネル分析\企画リサーチ_20260605\script_csv_assets\FB2LSpWzNHI.csv,111750,gs://senior-share-staging-570862915709/naresome_script_csv/FB2LSpWzNHI.csv
MHmEOT54WcI,E:\Data\ObsidianVault\02_Channels\馴れ初めシネマ\競合チャンネル分析\企画リサーチ_20260605\script_csv_assets\MHmEOT54WcI.csv,88928,gs://senior-share-staging-570862915709/naresome_script_csv/MHmEOT54WcI.csv
A1YMUxOuFr8,E:\Data\ObsidianVault\02_Channels\馴れ初めシネマ\競合チャンネル分析\企画リサーチ_20260605\script_csv_assets\A1YMUxOuFr8.csv,90487,gs://senior-share-staging-570862915709/naresome_script_csv/A1YMUxOuFr8.csv
VplO3nBt4w4,E:\Data\ObsidianVault\02_Channels\馴れ初めシネマ\競合チャンネル分析\企画リサーチ_20260605\script_csv_assets\VplO3nBt4w4.csv,86718,gs://senior-share-staging-570862915709/naresome_script_csv/VplO3nBt4w4.csv
5SaYKRtkeJ0,E:\Data\ObsidianVault\02_Channels\馴れ初めシネマ\競合チャンネル分析\企画リサーチ_20260605\script_csv_assets\5SaYKRtkeJ0.csv,75307,gs://senior-share-staging-570862915709/naresome_script_csv/5SaYKRtkeJ0.csv
eVvnJXFO0b8,E:\Data\ObsidianVault\02_Channels\馴れ初めシネマ\競合チャンネル分析\企画リサーチ_20260605\script_csv_assets\eVvnJXFO0b8.csv,44473,gs://senior-share-staging-570862915709/naresome_script_csv/eVvnJXFO0b8.csv
zmEchhwd_98,E:\Data\ObsidianVault\02_Channels\馴れ初めシネマ\競合チャンネル分析\企画リサーチ_20260605\script_csv_assets\zmEchhwd_98.csv,98734,gs://senior-share-staging-570862915709/naresome_script_csv/zmEchhwd_98.csv
uH87IrEvYTA,E:\Data\ObsidianVault\02_Channels\馴れ初めシネマ\競合チャンネル分析\企画リサーチ_20260605\script_csv_assets\uH87IrEvYTA.csv,207280,gs://senior-share-staging-570862915709/naresome_script_csv/uH87IrEvYTA.csv
gElEeB9UYuc,E:\Data\ObsidianVault\02_Channels\馴れ初めシネマ\競合チャンネル分析\企画リサーチ_20260605\script_csv_assets\gElEeB9UYuc.csv,83736,gs://senior-share-staging-570862915709/naresome_script_csv/gElEeB9UYuc.csv
_etZaUAiHUw,E:\Data\ObsidianVault\02_Channels\馴れ初めシネマ\競合チャンネル分析\企画リサーチ_20260605\script_csv_assets\_etZaUAiHUw.csv,62602,gs://senior-share-staging-570862915709/naresome_script_csv/_etZaUAiHUw.csv
44dwQ3wYv-s,E:\Data\ObsidianVault\02_Channels\馴れ初めシネマ\競合チャンネル分析\企画リサーチ_20260605\script_csv_assets\44dwQ3wYv-s.csv,134965,gs://senior-share-staging-570862915709/naresome_script_csv/44dwQ3wYv-s.csv
RKC4Buj8whU,E:\Data\ObsidianVault\02_Channels\馴れ初めシネマ\競合チャンネル分析\企画リサーチ_20260605\script_csv_assets\RKC4Buj8whU.csv,67145,gs://senior-share-staging-570862915709/naresome_script_csv/RKC4Buj8whU.csv
vKelPPbDd_E,E:\Data\ObsidianVault\02_Channels\馴れ初めシネマ\競合チャンネル分析\企画リサーチ_20260605\script_csv_assets\vKelPPbDd_E.csv,137378,gs://senior-share-staging-570862915709/naresome_script_csv/vKelPPbDd_E.csv
pIyEL1yQqL4,E:\Data\ObsidianVault\02_Channels\馴れ初めシネマ\競合チャンネル分析\企画リサーチ_20260605\script_csv_assets\pIyEL1yQqL4.csv,104412,gs://senior-share-staging-570862915709/naresome_script_csv/pIyEL1yQqL4.csv
TFWUlzPc9r0,E:\Data\ObsidianVault\02_Channels\馴れ初めシネマ\競合チャンネル分析\企画リサーチ_20260605\script_csv_assets\TFWUlzPc9r0.csv,94192,gs://senior-share-staging-570862915709/naresome_script_csv/TFWUlzPc9r0.csv
WpUu0XJDwNs,E:\Data\ObsidianVault\02_Channels\馴れ初めシネマ\競合チャンネル分析\企画リサーチ_20260605\script_csv_assets\WpUu0XJDwNs.csv,172424,gs://senior-share-staging-570862915709/naresome_script_csv/WpUu0XJDwNs.csv
_PyC3aGrXjQ,E:\Data\ObsidianVault\02_Channels\馴れ初めシネマ\競合チャンネル分析\企画リサーチ_20260605\script_csv_assets\_PyC3aGrXjQ.csv,158497,gs://senior-share-staging-570862915709/naresome_script_csv/_PyC3aGrXjQ.csv
M0x1uctiYNI,E:\Data\ObsidianVault\02_Channels\馴れ初めシネマ\競合チャンネル分析\企画リサーチ_20260605\script_csv_assets\M0x1uctiYNI.csv,71522,gs://senior-share-staging-570862915709/naresome_script_csv/M0x1uctiYNI.csv
5SvuJp7wuq8,E:\Data\ObsidianVault\02_Channels\馴れ初めシネマ\競合チャンネル分析\企画リサーチ_20260605\script_csv_assets\5SvuJp7wuq8.csv,74563,gs://senior-share-staging-570862915709/naresome_script_csv/5SvuJp7wuq8.csv
lBpWk1KmERY,E:\Data\ObsidianVault\02_Channels\馴れ初めシネマ\競合チャンネル分析\企画リサーチ_20260605\script_csv_assets\lBpWk1KmERY.csv,130914,gs://senior-share-staging-570862915709/naresome_script_csv/lBpWk1KmERY.csv
Ro9le34G3fY,E:\Data\ObsidianVault\02_Channels\馴れ初めシネマ\競合チャンネル分析\企画リサーチ_20260605\script_csv_assets\Ro9le34G3fY.csv,141879,gs://senior-share-staging-570862915709/naresome_script_csv/Ro9le34G3fY.csv
KDuRw9jWa9o,E:\Data\ObsidianVault\02_Channels\馴れ初めシネマ\競合チャンネル分析\企画リサーチ_20260605\script_csv_assets\KDuRw9jWa9o.csv,90897,gs://senior-share-staging-570862915709/naresome_script_csv/KDuRw9jWa9o.csv
WwdUYkFXmew,E:\Data\ObsidianVault\02_Channels\馴れ初めシネマ\競合チャンネル分析\企画リサーチ_20260605\script_csv_assets\WwdUYkFXmew.csv,659043,gs://senior-share-staging-570862915709/naresome_script_csv/WwdUYkFXmew.csv
L12KpFdFS7c,E:\Data\ObsidianVault\02_Channels\馴れ初めシネマ\競合チャンネル分析\企画リサーチ_20260605\script_csv_assets\L12KpFdFS7c.csv,99889,gs://senior-share-staging-570862915709/naresome_script_csv/L12KpFdFS7c.csv
v3-MTgWPSRI,E:\Data\ObsidianVault\02_Channels\馴れ初めシネマ\競合チャンネル分析\企画リサーチ_20260605\script_csv_assets\v3-MTgWPSRI.csv,156474,gs://senior-share-staging-570862915709/naresome_script_csv/v3-MTgWPSRI.csv
_BnqCojf0Ug,E:\Data\ObsidianVault\02_Channels\馴れ初めシネマ\競合チャンネル分析\企画リサーチ_20260605\script_csv_assets\_BnqCojf0Ug.csv,85131,gs://senior-share-staging-570862915709/naresome_script_csv/_BnqCojf0Ug.csv
ESYHlqZOMCE,E:\Data\ObsidianVault\02_Channels\馴れ初めシネマ\競合チャンネル分析\企画リサーチ_20260605\script_csv_assets\ESYHlqZOMCE.csv,90732,gs://senior-share-staging-570862915709/naresome_script_csv/ESYHlqZOMCE.csv
1oMfnQJNFX8,E:\Data\ObsidianVault\02_Channels\馴れ初めシネマ\競合チャンネル分析\企画リサーチ_20260605\script_csv_assets\1oMfnQJNFX8.csv,87933,gs://senior-share-staging-570862915709/naresome_script_csv/1oMfnQJNFX8.csv
c1Td3o54r3s,E:\Data\ObsidianVault\02_Channels\馴れ初めシネマ\競合チャンネル分析\企画リサーチ_20260605\script_csv_assets\c1Td3o54r3s.csv,91084,gs://senior-share-staging-570862915709/naresome_script_csv/c1Td3o54r3s.csv
LxZZRu_JjFQ,E:\Data\ObsidianVault\02_Channels\馴れ初めシネマ\競合チャンネル分析\企画リサーチ_20260605\script_csv_assets\LxZZRu_JjFQ.csv,129552,gs://senior-share-staging-570862915709/naresome_script_csv/LxZZRu_JjFQ.csv
zuio7RUDwIU,E:\Data\ObsidianVault\02_Channels\馴れ初めシネマ\競合チャンネル分析\企画リサーチ_20260605\script_csv_assets\zuio7RUDwIU.csv,98937,gs://senior-share-staging-570862915709/naresome_script_csv/zuio7RUDwIU.csv
ZxP0kpwVkrE,E:\Data\ObsidianVault\02_Channels\馴れ初めシネマ\競合チャンネル分析\企画リサーチ_20260605\script_csv_assets\ZxP0kpwVkrE.csv,85712,gs://senior-share-staging-570862915709/naresome_script_csv/ZxP0kpwVkrE.csv
MIdGYyJDubI,E:\Data\ObsidianVault\02_Channels\馴れ初めシネマ\競合チャンネル分析\企画リサーチ_20260605\script_csv_assets\MIdGYyJDubI.csv,104718,gs://senior-share-staging-570862915709/naresome_script_csv/MIdGYyJDubI.csv
9ZR5iW0M2fo,E:\Data\ObsidianVault\02_Channels\馴れ初めシネマ\競合チャンネル分析\企画リサーチ_20260605\script_csv_assets\9ZR5iW0M2fo.csv,104310,gs://senior-share-staging-570862915709/naresome_script_csv/9ZR5iW0M2fo.csv
nZSWPVIDq8g,E:\Data\ObsidianVault\02_Channels\馴れ初めシネマ\競合チャンネル分析\企画リサーチ_20260605\script_csv_assets\nZSWPVIDq8g.csv,130311,gs://senior-share-staging-570862915709/naresome_script_csv/nZSWPVIDq8g.csv
-fRSI5e6Sdo,E:\Data\ObsidianVault\02_Channels\馴れ初めシネマ\競合チャンネル分析\企画リサーチ_20260605\script_csv_assets\-fRSI5e6Sdo.csv,85726,gs://senior-share-staging-570862915709/naresome_script_csv/-fRSI5e6Sdo.csv
SzFnxz34VaA,E:\Data\ObsidianVault\02_Channels\馴れ初めシネマ\競合チャンネル分析\企画リサーチ_20260605\script_csv_assets\SzFnxz34VaA.csv,73251,gs://senior-share-staging-570862915709/naresome_script_csv/SzFnxz34VaA.csv
pJ7v3mTs1wg,E:\Data\ObsidianVault\02_Channels\馴れ初めシネマ\競合チャンネル分析\企画リサーチ_20260605\script_csv_assets\pJ7v3mTs1wg.csv,86929,gs://senior-share-staging-570862915709/naresome_script_csv/pJ7v3mTs1wg.csv
l50hf0OVdcc,E:\Data\ObsidianVault\02_Channels\馴れ初めシネマ\競合チャンネル分析\企画リサーチ_20260605\script_csv_assets\l50hf0OVdcc.csv,114661,gs://senior-share-staging-570862915709/naresome_script_csv/l50hf0OVdcc.csv
1o2Pfo0w-dE,E:\Data\ObsidianVault\02_Channels\馴れ初めシネマ\競合チャンネル分析\企画リサーチ_20260605\script_csv_assets\1o2Pfo0w-dE.csv,132353,gs://senior-share-staging-570862915709/naresome_script_csv/1o2Pfo0w-dE.csv
5qlds7wzA8s,E:\Data\ObsidianVault\02_Channels\馴れ初めシネマ\競合チャンネル分析\企画リサーチ_20260605\script_csv_assets\5qlds7wzA8s.csv,152532,gs://senior-share-staging-570862915709/naresome_script_csv/5qlds7wzA8s.csv
lkMfvD4cyDo,E:\Data\ObsidianVault\02_Channels\馴れ初めシネマ\競合チャンネル分析\企画リサーチ_20260605\script_csv_assets\lkMfvD4cyDo.csv,84610,gs://senior-share-staging-570862915709/naresome_script_csv/lkMfvD4cyDo.csv
yojNAUe9F7c,E:\Data\ObsidianVault\02_Channels\馴れ初めシネマ\競合チャンネル分析\企画リサーチ_20260605\script_csv_assets\yojNAUe9F7c.csv,94287,gs://senior-share-staging-570862915709/naresome_script_csv/yojNAUe9F7c.csv
7gnQag46ZEU,E:\Data\ObsidianVault\02_Channels\馴れ初めシネマ\競合チャンネル分析\企画リサーチ_20260605\script_csv_assets\7gnQag46ZEU.csv,150134,gs://senior-share-staging-570862915709/naresome_script_csv/7gnQag46ZEU.csv
G97VNfA9jgs,E:\Data\ObsidianVault\02_Channels\馴れ初めシネマ\競合チャンネル分析\企画リサーチ_20260605\script_csv_assets\G97VNfA9jgs.csv,104937,gs://senior-share-staging-570862915709/naresome_script_csv/G97VNfA9jgs.csv
V1mx4VPyjj4,E:\Data\ObsidianVault\02_Channels\馴れ初めシネマ\競合チャンネル分析\企画リサーチ_20260605\script_csv_assets\V1mx4VPyjj4.csv,114560,gs://senior-share-staging-570862915709/naresome_script_csv/V1mx4VPyjj4.csv
4_9eNY97GwI,E:\Data\ObsidianVault\02_Channels\馴れ初めシネマ\競合チャンネル分析\企画リサーチ_20260605\script_csv_assets\4_9eNY97GwI.csv,63135,gs://senior-share-staging-570862915709/naresome_script_csv/4_9eNY97GwI.csv
RgofF7SJKnw,E:\Data\ObsidianVault\02_Channels\馴れ初めシネマ\競合チャンネル分析\企画リサーチ_20260605\script_csv_assets\RgofF7SJKnw.csv,120222,gs://senior-share-staging-570862915709/naresome_script_csv/RgofF7SJKnw.csv
49ocyfJm7NU,E:\Data\ObsidianVault\02_Channels\馴れ初めシネマ\競合チャンネル分析\企画リサーチ_20260605\script_csv_assets\49ocyfJm7NU.csv,178470,gs://senior-share-staging-570862915709/naresome_script_csv/49ocyfJm7NU.csv
UhU_iOiZhQs,E:\Data\ObsidianVault\02_Channels\馴れ初めシネマ\競合チャンネル分析\企画リサーチ_20260605\script_csv_assets\UhU_iOiZhQs.csv,86135,gs://senior-share-staging-570862915709/naresome_script_csv/UhU_iOiZhQs.csv
btqL9RL55Ow,E:\Data\ObsidianVault\02_Channels\馴れ初めシネマ\競合チャンネル分析\企画リサーチ_20260605\script_csv_assets\btqL9RL55Ow.csv,104800,gs://senior-share-staging-570862915709/naresome_script_csv/btqL9RL55Ow.csv
3ZDI3-4_hPw,E:\Data\ObsidianVault\02_Channels\馴れ初めシネマ\競合チャンネル分析\企画リサーチ_20260605\script_csv_assets\3ZDI3-4_hPw.csv,129901,gs://senior-share-staging-570862915709/naresome_script_csv/3ZDI3-4_hPw.csv
m_sQ1OETNwo,E:\Data\ObsidianVault\02_Channels\馴れ初めシネマ\競合チャンネル分析\企画リサーチ_20260605\script_csv_assets\m_sQ1OETNwo.csv,69969,gs://senior-share-staging-570862915709/naresome_script_csv/m_sQ1OETNwo.csv
WTrr00vOyhA,E:\Data\ObsidianVault\02_Channels\馴れ初めシネマ\競合チャンネル分析\企画リサーチ_20260605\script_csv_assets\WTrr00vOyhA.csv,223438,gs://senior-share-staging-570862915709/naresome_script_csv/WTrr00vOyhA.csv
VWsvD-7fRko,E:\Data\ObsidianVault\02_Channels\馴れ初めシネマ\競合チャンネル分析\企画リサーチ_20260605\script_csv_assets\VWsvD-7fRko.csv,105194,gs://senior-share-staging-570862915709/naresome_script_csv/VWsvD-7fRko.csv
MlGpa_gt14Y,E:\Data\ObsidianVault\02_Channels\馴れ初めシネマ\競合チャンネル分析\企画リサーチ_20260605\script_csv_assets\MlGpa_gt14Y.csv,194139,gs://senior-share-staging-570862915709/naresome_script_csv/MlGpa_gt14Y.csv
C-PTsIakrJo,E:\Data\ObsidianVault\02_Channels\馴れ初めシネマ\競合チャンネル分析\企画リサーチ_20260605\script_csv_assets\C-PTsIakrJo.csv,105534,gs://senior-share-staging-570862915709/naresome_script_csv/C-PTsIakrJo.csv
7nUYF7PrCJU,E:\Data\ObsidianVault\02_Channels\馴れ初めシネマ\競合チャンネル分析\企画リサーチ_20260605\script_csv_assets\7nUYF7PrCJU.csv,48203,gs://senior-share-staging-570862915709/naresome_script_csv/7nUYF7PrCJU.csv
CYw7LBO8x8M,E:\Data\ObsidianVault\02_Channels\馴れ初めシネマ\競合チャンネル分析\企画リサーチ_20260605\script_csv_assets\CYw7LBO8x8M.csv,114730,gs://senior-share-staging-570862915709/naresome_script_csv/CYw7LBO8x8M.csv
m-DU08gbvZc,E:\Data\ObsidianVault\02_Channels\馴れ初めシネマ\競合チャンネル分析\企画リサーチ_20260605\script_csv_assets\m-DU08gbvZc.csv,65935,gs://senior-share-staging-570862915709/naresome_script_csv/m-DU08gbvZc.csv
p86pogDPBZo,E:\Data\ObsidianVault\02_Channels\馴れ初めシネマ\競合チャンネル分析\企画リサーチ_20260605\script_csv_assets\p86pogDPBZo.csv,86175,gs://senior-share-staging-570862915709/naresome_script_csv/p86pogDPBZo.csv
DXKLa_7Esg0,E:\Data\ObsidianVault\02_Channels\馴れ初めシネマ\競合チャンネル分析\企画リサーチ_20260605\script_csv_assets\DXKLa_7Esg0.csv,102564,gs://senior-share-staging-570862915709/naresome_script_csv/DXKLa_7Esg0.csv
NWI6hPhg6S0,E:\Data\ObsidianVault\02_Channels\馴れ初めシネマ\競合チャンネル分析\企画リサーチ_20260605\script_csv_assets\NWI6hPhg6S0.csv,96332,gs://senior-share-staging-570862915709/naresome_script_csv/NWI6hPhg6S0.csv
iLkBfMcuECk,E:\Data\ObsidianVault\02_Channels\馴れ初めシネマ\競合チャンネル分析\企画リサーチ_20260605\script_csv_assets\iLkBfMcuECk.csv,181500,gs://senior-share-staging-570862915709/naresome_script_csv/iLkBfMcuECk.csv
JOgnVeJAXmQ,E:\Data\ObsidianVault\02_Channels\馴れ初めシネマ\競合チャンネル分析\企画リサーチ_20260605\script_csv_assets\JOgnVeJAXmQ.csv,97458,gs://senior-share-staging-570862915709/naresome_script_csv/JOgnVeJAXmQ.csv
lSYC4k8CRJ4,E:\Data\ObsidianVault\02_Channels\馴れ初めシネマ\競合チャンネル分析\企画リサーチ_20260605\script_csv_assets\lSYC4k8CRJ4.csv,118118,gs://senior-share-staging-570862915709/naresome_script_csv/lSYC4k8CRJ4.csv
CVRvuQg3ER4,E:\Data\ObsidianVault\02_Channels\馴れ初めシネマ\競合チャンネル分析\企画リサーチ_20260605\script_csv_assets\CVRvuQg3ER4.csv,81741,gs://senior-share-staging-570862915709/naresome_script_csv/CVRvuQg3ER4.csv
Jz_4_DF8sm0,E:\Data\ObsidianVault\02_Channels\馴れ初めシネマ\競合チャンネル分析\企画リサーチ_20260605\script_csv_assets\Jz_4_DF8sm0.csv,685352,gs://senior-share-staging-570862915709/naresome_script_csv/Jz_4_DF8sm0.csv
DF4rpVKQbqE,E:\Data\ObsidianVault\02_Channels\馴れ初めシネマ\競合チャンネル分析\企画リサーチ_20260605\script_csv_assets\DF4rpVKQbqE.csv,90999,gs://senior-share-staging-570862915709/naresome_script_csv/DF4rpVKQbqE.csv
Y3nj1j35uho,E:\Data\ObsidianVault\02_Channels\馴れ初めシネマ\競合チャンネル分析\企画リサーチ_20260605\script_csv_assets\Y3nj1j35uho.csv,113932,gs://senior-share-staging-570862915709/naresome_script_csv/Y3nj1j35uho.csv
PeOyUEi4Ako,E:\Data\ObsidianVault\02_Channels\馴れ初めシネマ\競合チャンネル分析\企画リサーチ_20260605\script_csv_assets\PeOyUEi4Ako.csv,134275,gs://senior-share-staging-570862915709/naresome_script_csv/PeOyUEi4Ako.csv
Qn6T4ijS14E,E:\Data\ObsidianVault\02_Channels\馴れ初めシネマ\競合チャンネル分析\企画リサーチ_20260605\script_csv_assets\Qn6T4ijS14E.csv,127086,gs://senior-share-staging-570862915709/naresome_script_csv/Qn6T4ijS14E.csv
396jaav-niI,E:\Data\ObsidianVault\02_Channels\馴れ初めシネマ\競合チャンネル分析\企画リサーチ_20260605\script_csv_assets\396jaav-niI.csv,122173,gs://senior-share-staging-570862915709/naresome_script_csv/396jaav-niI.csv
p96_12UepDs,E:\Data\ObsidianVault\02_Channels\馴れ初めシネマ\競合チャンネル分析\企画リサーチ_20260605\script_csv_assets\p96_12UepDs.csv,93988,gs://senior-share-staging-570862915709/naresome_script_csv/p96_12UepDs.csv
nNbiPDqae1E,E:\Data\ObsidianVault\02_Channels\馴れ初めシネマ\競合チャンネル分析\企画リサーチ_20260605\script_csv_assets\nNbiPDqae1E.csv,76615,gs://senior-share-staging-570862915709/naresome_script_csv/nNbiPDqae1E.csv
bYoOoreu0rg,E:\Data\ObsidianVault\02_Channels\馴れ初めシネマ\競合チャンネル分析\企画リサーチ_20260605\script_csv_assets\bYoOoreu0rg.csv,60590,gs://senior-share-staging-570862915709/naresome_script_csv/bYoOoreu0rg.csv
NCeg0AjZUcU,E:\Data\ObsidianVault\02_Channels\馴れ初めシネマ\競合チャンネル分析\企画リサーチ_20260605\script_csv_assets\NCeg0AjZUcU.csv,124551,gs://senior-share-staging-570862915709/naresome_script_csv/NCeg0AjZUcU.csv
L_02SwPgwf0,E:\Data\ObsidianVault\02_Channels\馴れ初めシネマ\競合チャンネル分析\企画リサーチ_20260605\script_csv_assets\L_02SwPgwf0.csv,94231,gs://senior-share-staging-570862915709/naresome_script_csv/L_02SwPgwf0.csv
14ZZ8tCuJsI,E:\Data\ObsidianVault\02_Channels\馴れ初めシネマ\競合チャンネル分析\企画リサーチ_20260605\script_csv_assets\14ZZ8tCuJsI.csv,128369,gs://senior-share-staging-570862915709/naresome_script_csv/14ZZ8tCuJsI.csv
c7uTtIevazw,E:\Data\ObsidianVault\02_Channels\馴れ初めシネマ\競合チャンネル分析\企画リサーチ_20260605\script_csv_assets\c7uTtIevazw.csv,136467,gs://senior-share-staging-570862915709/naresome_script_csv/c7uTtIevazw.csv
xN6pJCGEQpY,E:\Data\ObsidianVault\02_Channels\馴れ初めシネマ\競合チャンネル分析\企画リサーチ_20260605\script_csv_assets\xN6pJCGEQpY.csv,91695,gs://senior-share-staging-570862915709/naresome_script_csv/xN6pJCGEQpY.csv
dODETDRu0XQ,E:\Data\ObsidianVault\02_Channels\馴れ初めシネマ\競合チャンネル分析\企画リサーチ_20260605\script_csv_assets\dODETDRu0XQ.csv,117705,gs://senior-share-staging-570862915709/naresome_script_csv/dODETDRu0XQ.csv
rdOWU1opzGE,E:\Data\ObsidianVault\02_Channels\馴れ初めシネマ\競合チャンネル分析\企画リサーチ_20260605\script_csv_assets\rdOWU1opzGE.csv,135736,gs://senior-share-staging-570862915709/naresome_script_csv/rdOWU1opzGE.csv
rlGTvnXDDRo,E:\Data\ObsidianVault\02_Channels\馴れ初めシネマ\競合チャンネル分析\企画リサーチ_20260605\script_csv_assets\rlGTvnXDDRo.csv,127139,gs://senior-share-staging-570862915709/naresome_script_csv/rlGTvnXDDRo.csv
WoH02nV9r4E,E:\Data\ObsidianVault\02_Channels\馴れ初めシネマ\競合チャンネル分析\企画リサーチ_20260605\script_csv_assets\WoH02nV9r4E.csv,57657,gs://senior-share-staging-570862915709/naresome_script_csv/WoH02nV9r4E.csv
5ZP69JY6OYo,E:\Data\ObsidianVault\02_Channels\馴れ初めシネマ\競合チャンネル分析\企画リサーチ_20260605\script_csv_assets\5ZP69JY6OYo.csv,67335,gs://senior-share-staging-570862915709/naresome_script_csv/5ZP69JY6OYo.csv
3RD6hPD7tc4,E:\Data\ObsidianVault\02_Channels\馴れ初めシネマ\競合チャンネル分析\企画リサーチ_20260605\script_csv_assets\3RD6hPD7tc4.csv,64980,gs://senior-share-staging-570862915709/naresome_script_csv/3RD6hPD7tc4.csv
qKSmxPpduG0,E:\Data\ObsidianVault\02_Channels\馴れ初めシネマ\競合チャンネル分析\企画リサーチ_20260605\script_csv_assets\qKSmxPpduG0.csv,168842,gs://senior-share-staging-570862915709/naresome_script_csv/qKSmxPpduG0.csv
nUlrYd4D5m4,E:\Data\ObsidianVault\02_Channels\馴れ初めシネマ\競合チャンネル分析\企画リサーチ_20260605\script_csv_assets\nUlrYd4D5m4.csv,95156,gs://senior-share-staging-570862915709/naresome_script_csv/nUlrYd4D5m4.csv
O1yFxUQ7rMs,E:\Data\ObsidianVault\02_Channels\馴れ初めシネマ\競合チャンネル分析\企画リサーチ_20260605\script_csv_assets\O1yFxUQ7rMs.csv,98471,gs://senior-share-staging-570862915709/naresome_script_csv/O1yFxUQ7rMs.csv
qq2Y790KzCI,E:\Data\ObsidianVault\02_Channels\馴れ初めシネマ\競合チャンネル分析\企画リサーチ_20260605\script_csv_assets\qq2Y790KzCI.csv,76092,gs://senior-share-staging-570862915709/naresome_script_csv/qq2Y790KzCI.csv
iaAUT3fG1U0,E:\Data\ObsidianVault\02_Channels\馴れ初めシネマ\競合チャンネル分析\企画リサーチ_20260605\script_csv_assets\iaAUT3fG1U0.csv,106157,gs://senior-share-staging-570862915709/naresome_script_csv/iaAUT3fG1U0.csv
kwBthOkWCq0,E:\Data\ObsidianVault\02_Channels\馴れ初めシネマ\競合チャンネル分析\企画リサーチ_20260605\script_csv_assets\kwBthOkWCq0.csv,138017,gs://senior-share-staging-570862915709/naresome_script_csv/kwBthOkWCq0.csv
iFAMZ6TB3_c,E:\Data\ObsidianVault\02_Channels\馴れ初めシネマ\競合チャンネル分析\企画リサーチ_20260605\script_csv_assets\iFAMZ6TB3_c.csv,67507,gs://senior-share-staging-570862915709/naresome_script_csv/iFAMZ6TB3_c.csv
uQXkdcCo5xY,E:\Data\ObsidianVault\02_Channels\馴れ初めシネマ\競合チャンネル分析\企画リサーチ_20260605\script_csv_assets\uQXkdcCo5xY.csv,92224,gs://senior-share-staging-570862915709/naresome_script_csv/uQXkdcCo5xY.csv
GjexPPxT9PU,E:\Data\ObsidianVault\02_Channels\馴れ初めシネマ\競合チャンネル分析\企画リサーチ_20260605\script_csv_assets\GjexPPxT9PU.csv,136145,gs://senior-share-staging-570862915709/naresome_script_csv/GjexPPxT9PU.csv
kDTNR68JWA0,E:\Data\ObsidianVault\02_Channels\馴れ初めシネマ\競合チャンネル分析\企画リサーチ_20260605\script_csv_assets\kDTNR68JWA0.csv,83711,gs://senior-share-staging-570862915709/naresome_script_csv/kDTNR68JWA0.csv
lsEKGXPu3jM,E:\Data\ObsidianVault\02_Channels\馴れ初めシネマ\競合チャンネル分析\企画リサーチ_20260605\script_csv_assets\lsEKGXPu3jM.csv,130653,gs://senior-share-staging-570862915709/naresome_script_csv/lsEKGXPu3jM.csv
bbPsFTsIbzk,E:\Data\ObsidianVault\02_Channels\馴れ初めシネマ\競合チャンネル分析\企画リサーチ_20260605\script_csv_assets\bbPsFTsIbzk.csv,128215,gs://senior-share-staging-570862915709/naresome_script_csv/bbPsFTsIbzk.csv
n2qgotOA05I,E:\Data\ObsidianVault\02_Channels\馴れ初めシネマ\競合チャンネル分析\企画リサーチ_20260605\script_csv_assets\n2qgotOA05I.csv,76730,gs://senior-share-staging-570862915709/naresome_script_csv/n2qgotOA05I.csv
xb-2Z9Z3zPw,E:\Data\ObsidianVault\02_Channels\馴れ初めシネマ\競合チャンネル分析\企画リサーチ_20260605\script_csv_assets\xb-2Z9Z3zPw.csv,146709,gs://senior-share-staging-570862915709/naresome_script_csv/xb-2Z9Z3zPw.csv
xWU-cftAFTY,E:\Data\ObsidianVault\02_Channels\馴れ初めシネマ\競合チャンネル分析\企画リサーチ_20260605\script_csv_assets\xWU-cftAFTY.csv,76323,gs://senior-share-staging-570862915709/naresome_script_csv/xWU-cftAFTY.csv
Fa4aol2n6bA,E:\Data\ObsidianVault\02_Channels\馴れ初めシネマ\競合チャンネル分析\企画リサーチ_20260605\script_csv_assets\Fa4aol2n6bA.csv,63096,gs://senior-share-staging-570862915709/naresome_script_csv/Fa4aol2n6bA.csv
ZAI2dlcmnBs,E:\Data\ObsidianVault\02_Channels\馴れ初めシネマ\競合チャンネル分析\企画リサーチ_20260605\script_csv_assets\ZAI2dlcmnBs.csv,156943,gs://senior-share-staging-570862915709/naresome_script_csv/ZAI2dlcmnBs.csv
QjnoxtlD62o,E:\Data\ObsidianVault\02_Channels\馴れ初めシネマ\競合チャンネル分析\企画リサーチ_20260605\script_csv_assets\QjnoxtlD62o.csv,89621,gs://senior-share-staging-570862915709/naresome_script_csv/QjnoxtlD62o.csv
lSrl8ox4uso,E:\Data\ObsidianVault\02_Channels\馴れ初めシネマ\競合チャンネル分析\企画リサーチ_20260605\script_csv_assets\lSrl8ox4uso.csv,117313,gs://senior-share-staging-570862915709/naresome_script_csv/lSrl8ox4uso.csv
HSU13gMic-Q,E:\Data\ObsidianVault\02_Channels\馴れ初めシネマ\競合チャンネル分析\企画リサーチ_20260605\script_csv_assets\HSU13gMic-Q.csv,78222,gs://senior-share-staging-570862915709/naresome_script_csv/HSU13gMic-Q.csv
FjjTEYvEpGU,E:\Data\ObsidianVault\02_Channels\馴れ初めシネマ\競合チャンネル分析\企画リサーチ_20260605\script_csv_assets\FjjTEYvEpGU.csv,46598,gs://senior-share-staging-570862915709/naresome_script_csv/FjjTEYvEpGU.csv
xzwrmRXwTmA,E:\Data\ObsidianVault\02_Channels\馴れ初めシネマ\競合チャンネル分析\企画リサーチ_20260605\script_csv_assets\xzwrmRXwTmA.csv,159162,gs://senior-share-staging-570862915709/naresome_script_csv/xzwrmRXwTmA.csv
m2HNm8Q405k,E:\Data\ObsidianVault\02_Channels\馴れ初めシネマ\競合チャンネル分析\企画リサーチ_20260605\script_csv_assets\m2HNm8Q405k.csv,99837,gs://senior-share-staging-570862915709/naresome_script_csv/m2HNm8Q405k.csv
t1YLFh3BeqQ,E:\Data\ObsidianVault\02_Channels\馴れ初めシネマ\競合チャンネル分析\企画リサーチ_20260605\script_csv_assets\t1YLFh3BeqQ.csv,144422,gs://senior-share-staging-570862915709/naresome_script_csv/t1YLFh3BeqQ.csv
iey-dEKH6X4,E:\Data\ObsidianVault\02_Channels\馴れ初めシネマ\競合チャンネル分析\企画リサーチ_20260605\script_csv_assets\iey-dEKH6X4.csv,106538,gs://senior-share-staging-570862915709/naresome_script_csv/iey-dEKH6X4.csv
88XPA760bMA,E:\Data\ObsidianVault\02_Channels\馴れ初めシネマ\競合チャンネル分析\企画リサーチ_20260605\script_csv_assets\88XPA760bMA.csv,100081,gs://senior-share-staging-570862915709/naresome_script_csv/88XPA760bMA.csv
ylYGiLfdLW0,E:\Data\ObsidianVault\02_Channels\馴れ初めシネマ\競合チャンネル分析\企画リサーチ_20260605\script_csv_assets\ylYGiLfdLW0.csv,79566,gs://senior-share-staging-570862915709/naresome_script_csv/ylYGiLfdLW0.csv
7a3BQGunLqA,E:\Data\ObsidianVault\02_Channels\馴れ初めシネマ\競合チャンネル分析\企画リサーチ_20260605\script_csv_assets\7a3BQGunLqA.csv,146528,gs://senior-share-staging-570862915709/naresome_script_csv/7a3BQGunLqA.csv
55cvZoQycRM,E:\Data\ObsidianVault\02_Channels\馴れ初めシネマ\競合チャンネル分析\企画リサーチ_20260605\script_csv_assets\55cvZoQycRM.csv,82893,gs://senior-share-staging-570862915709/naresome_script_csv/55cvZoQycRM.csv
LcHPxXHukM4,E:\Data\ObsidianVault\02_Channels\馴れ初めシネマ\競合チャンネル分析\企画リサーチ_20260605\script_csv_assets\LcHPxXHukM4.csv,111875,gs://senior-share-staging-570862915709/naresome_script_csv/LcHPxXHukM4.csv
Z46r-2wErtM,E:\Data\ObsidianVault\02_Channels\馴れ初めシネマ\競合チャンネル分析\企画リサーチ_20260605\script_csv_assets\Z46r-2wErtM.csv,114236,gs://senior-share-staging-570862915709/naresome_script_csv/Z46r-2wErtM.csv
TaD09oKJCjM,E:\Data\ObsidianVault\02_Channels\馴れ初めシネマ\競合チャンネル分析\企画リサーチ_20260605\script_csv_assets\TaD09oKJCjM.csv,65475,gs://senior-share-staging-570862915709/naresome_script_csv/TaD09oKJCjM.csv
ElSJ47wXqnk,E:\Data\ObsidianVault\02_Channels\馴れ初めシネマ\競合チャンネル分析\企画リサーチ_20260605\script_csv_assets\ElSJ47wXqnk.csv,74098,gs://senior-share-staging-570862915709/naresome_script_csv/ElSJ47wXqnk.csv
nS-uEGsm89E,E:\Data\ObsidianVault\02_Channels\馴れ初めシネマ\競合チャンネル分析\企画リサーチ_20260605\script_csv_assets\nS-uEGsm89E.csv,85126,gs://senior-share-staging-570862915709/naresome_script_csv/nS-uEGsm89E.csv
7OOzuqNzjF4,E:\Data\ObsidianVault\02_Channels\馴れ初めシネマ\競合チャンネル分析\企画リサーチ_20260605\script_csv_assets\7OOzuqNzjF4.csv,72351,gs://senior-share-staging-570862915709/naresome_script_csv/7OOzuqNzjF4.csv
gN-cjFYMooU,E:\Data\ObsidianVault\02_Channels\馴れ初めシネマ\競合チャンネル分析\企画リサーチ_20260605\script_csv_assets\gN-cjFYMooU.csv,122354,gs://senior-share-staging-570862915709/naresome_script_csv/gN-cjFYMooU.csv
jllPLxA-RzM,E:\Data\ObsidianVault\02_Channels\馴れ初めシネマ\競合チャンネル分析\企画リサーチ_20260605\script_csv_assets\jllPLxA-RzM.csv,89589,gs://senior-share-staging-570862915709/naresome_script_csv/jllPLxA-RzM.csv
xglG4zdOsp0,E:\Data\ObsidianVault\02_Channels\馴れ初めシネマ\競合チャンネル分析\企画リサーチ_20260605\script_csv_assets\xglG4zdOsp0.csv,123792,gs://senior-share-staging-570862915709/naresome_script_csv/xglG4zdOsp0.csv
udKMGKIgock,E:\Data\ObsidianVault\02_Channels\馴れ初めシネマ\競合チャンネル分析\企画リサーチ_20260605\script_csv_assets\udKMGKIgock.csv,122255,gs://senior-share-staging-570862915709/naresome_script_csv/udKMGKIgock.csv
YsSEuLe4xcw,E:\Data\ObsidianVault\02_Channels\馴れ初めシネマ\競合チャンネル分析\企画リサーチ_20260605\script_csv_assets\YsSEuLe4xcw.csv,109291,gs://senior-share-staging-570862915709/naresome_script_csv/YsSEuLe4xcw.csv
i7JSR7JchHk,E:\Data\ObsidianVault\02_Channels\馴れ初めシネマ\競合チャンネル分析\企画リサーチ_20260605\script_csv_assets\i7JSR7JchHk.csv,133630,gs://senior-share-staging-570862915709/naresome_script_csv/i7JSR7JchHk.csv
_MGc77skoD4,E:\Data\ObsidianVault\02_Channels\馴れ初めシネマ\競合チャンネル分析\企画リサーチ_20260605\script_csv_assets\_MGc77skoD4.csv,101882,gs://senior-share-staging-570862915709/naresome_script_csv/_MGc77skoD4.csv
28VOsLi-WvQ,E:\Data\ObsidianVault\02_Channels\馴れ初めシネマ\競合チャンネル分析\企画リサーチ_20260605\script_csv_assets\28VOsLi-WvQ.csv,76213,gs://senior-share-staging-570862915709/naresome_script_csv/28VOsLi-WvQ.csv
zC_LvGDWu6Q,E:\Data\ObsidianVault\02_Channels\馴れ初めシネマ\競合チャンネル分析\企画リサーチ_20260605\script_csv_assets\zC_LvGDWu6Q.csv,92068,gs://senior-share-staging-570862915709/naresome_script_csv/zC_LvGDWu6Q.csv
fDeVWRNgrUk,E:\Data\ObsidianVault\02_Channels\馴れ初めシネマ\競合チャンネル分析\企画リサーチ_20260605\script_csv_assets\fDeVWRNgrUk.csv,103651,gs://senior-share-staging-570862915709/naresome_script_csv/fDeVWRNgrUk.csv
6_cGCySn704,E:\Data\ObsidianVault\02_Channels\馴れ初めシネマ\競合チャンネル分析\企画リサーチ_20260605\script_csv_assets\6_cGCySn704.csv,60548,gs://senior-share-staging-570862915709/naresome_script_csv/6_cGCySn704.csv
vLhmyF8fv_o,E:\Data\ObsidianVault\02_Channels\馴れ初めシネマ\競合チャンネル分析\企画リサーチ_20260605\script_csv_assets\vLhmyF8fv_o.csv,71163,gs://senior-share-staging-570862915709/naresome_script_csv/vLhmyF8fv_o.csv
SRe9LypukiU,E:\Data\ObsidianVault\02_Channels\馴れ初めシネマ\競合チャンネル分析\企画リサーチ_20260605\script_csv_assets\SRe9LypukiU.csv,53051,gs://senior-share-staging-570862915709/naresome_script_csv/SRe9LypukiU.csv
ogUgYIVk-40,E:\Data\ObsidianVault\02_Channels\馴れ初めシネマ\競合チャンネル分析\企画リサーチ_20260605\script_csv_assets\ogUgYIVk-40.csv,93183,gs://senior-share-staging-570862915709/naresome_script_csv/ogUgYIVk-40.csv
pHQY7TCSQ44,E:\Data\ObsidianVault\02_Channels\馴れ初めシネマ\競合チャンネル分析\企画リサーチ_20260605\script_csv_assets\pHQY7TCSQ44.csv,59874,gs://senior-share-staging-570862915709/naresome_script_csv/pHQY7TCSQ44.csv
wLcYAoAeJxk,E:\Data\ObsidianVault\02_Channels\馴れ初めシネマ\競合チャンネル分析\企画リサーチ_20260605\script_csv_assets\wLcYAoAeJxk.csv,59091,gs://senior-share-staging-570862915709/naresome_script_csv/wLcYAoAeJxk.csv
KF8wEFpqSPw,E:\Data\ObsidianVault\02_Channels\馴れ初めシネマ\競合チャンネル分析\企画リサーチ_20260605\script_csv_assets\KF8wEFpqSPw.csv,152362,gs://senior-share-staging-570862915709/naresome_script_csv/KF8wEFpqSPw.csv
A0OFW1pf1cM,E:\Data\ObsidianVault\02_Channels\馴れ初めシネマ\競合チャンネル分析\企画リサーチ_20260605\script_csv_assets\A0OFW1pf1cM.csv,94464,gs://senior-share-staging-570862915709/naresome_script_csv/A0OFW1pf1cM.csv
e5lznSkXUeM,E:\Data\ObsidianVault\02_Channels\馴れ初めシネマ\競合チャンネル分析\企画リサーチ_20260605\script_csv_assets\e5lznSkXUeM.csv,159663,gs://senior-share-staging-570862915709/naresome_script_csv/e5lznSkXUeM.csv
LjRLGugYDwY,E:\Data\ObsidianVault\02_Channels\馴れ初めシネマ\競合チャンネル分析\企画リサーチ_20260605\script_csv_assets\LjRLGugYDwY.csv,67785,gs://senior-share-staging-570862915709/naresome_script_csv/LjRLGugYDwY.csv
Vi8lQJxXq8o,E:\Data\ObsidianVault\02_Channels\馴れ初めシネマ\競合チャンネル分析\企画リサーチ_20260605\script_csv_assets\Vi8lQJxXq8o.csv,64896,gs://senior-share-staging-570862915709/naresome_script_csv/Vi8lQJxXq8o.csv
YBctN0NtCjo,E:\Data\ObsidianVault\02_Channels\馴れ初めシネマ\競合チャンネル分析\企画リサーチ_20260605\script_csv_assets\YBctN0NtCjo.csv,59682,gs://senior-share-staging-570862915709/naresome_script_csv/YBctN0NtCjo.csv
H538jZmTW-w,E:\Data\ObsidianVault\02_Channels\馴れ初めシネマ\競合チャンネル分析\企画リサーチ_20260605\script_csv_assets\H538jZmTW-w.csv,60767,gs://senior-share-staging-570862915709/naresome_script_csv/H538jZmTW-w.csv
q68nney5PqE,E:\Data\ObsidianVault\02_Channels\馴れ初めシネマ\競合チャンネル分析\企画リサーチ_20260605\script_csv_assets\q68nney5PqE.csv,643319,gs://senior-share-staging-570862915709/naresome_script_csv/q68nney5PqE.csv
WZtRnp3aWSA,E:\Data\ObsidianVault\02_Channels\馴れ初めシネマ\競合チャンネル分析\企画リサーチ_20260605\script_csv_assets\WZtRnp3aWSA.csv,78656,gs://senior-share-staging-570862915709/naresome_script_csv/WZtRnp3aWSA.csv
AZOk_EazMKo,E:\Data\ObsidianVault\02_Channels\馴れ初めシネマ\競合チャンネル分析\企画リサーチ_20260605\script_csv_assets\AZOk_EazMKo.csv,76870,gs://senior-share-staging-570862915709/naresome_script_csv/AZOk_EazMKo.csv
dANiAmLjQ-I,E:\Data\ObsidianVault\02_Channels\馴れ初めシネマ\競合チャンネル分析\企画リサーチ_20260605\script_csv_assets\dANiAmLjQ-I.csv,77944,gs://senior-share-staging-570862915709/naresome_script_csv/dANiAmLjQ-I.csv
TAzUg9l2VWc,E:\Data\ObsidianVault\02_Channels\馴れ初めシネマ\競合チャンネル分析\企画リサーチ_20260605\script_csv_assets\TAzUg9l2VWc.csv,94115,gs://senior-share-staging-570862915709/naresome_script_csv/TAzUg9l2VWc.csv
DT2_4A2lcL4,E:\Data\ObsidianVault\02_Channels\馴れ初めシネマ\競合チャンネル分析\企画リサーチ_20260605\script_csv_assets\DT2_4A2lcL4.csv,85866,gs://senior-share-staging-570862915709/naresome_script_csv/DT2_4A2lcL4.csv
8SyKXbd0g0c,E:\Data\ObsidianVault\02_Channels\馴れ初めシネマ\競合チャンネル分析\企画リサーチ_20260605\script_csv_assets\8SyKXbd0g0c.csv,125307,gs://senior-share-staging-570862915709/naresome_script_csv/8SyKXbd0g0c.csv
tE_E_vKSuoc,E:\Data\ObsidianVault\02_Channels\馴れ初めシネマ\競合チャンネル分析\企画リサーチ_20260605\script_csv_assets\tE_E_vKSuoc.csv,139239,gs://senior-share-staging-570862915709/naresome_script_csv/tE_E_vKSuoc.csv
VQU98p9Vgi8,E:\Data\ObsidianVault\02_Channels\馴れ初めシネマ\競合チャンネル分析\企画リサーチ_20260605\script_csv_assets\VQU98p9Vgi8.csv,136389,gs://senior-share-staging-570862915709/naresome_script_csv/VQU98p9Vgi8.csv
gZedI8cAPcw,E:\Data\ObsidianVault\02_Channels\馴れ初めシネマ\競合チャンネル分析\企画リサーチ_20260605\script_csv_assets\gZedI8cAPcw.csv,85703,gs://senior-share-staging-570862915709/naresome_script_csv/gZedI8cAPcw.csv
Dy8q5HefiLA,E:\Data\ObsidianVault\02_Channels\馴れ初めシネマ\競合チャンネル分析\企画リサーチ_20260605\script_csv_assets\Dy8q5HefiLA.csv,137589,gs://senior-share-staging-570862915709/naresome_script_csv/Dy8q5HefiLA.csv
h2wbf5N8stM,E:\Data\ObsidianVault\02_Channels\馴れ初めシネマ\競合チャンネル分析\企画リサーチ_20260605\script_csv_assets\h2wbf5N8stM.csv,84825,gs://senior-share-staging-570862915709/naresome_script_csv/h2wbf5N8stM.csv
46eZlhasZ6M,E:\Data\ObsidianVault\02_Channels\馴れ初めシネマ\競合チャンネル分析\企画リサーチ_20260605\script_csv_assets\46eZlhasZ6M.csv,101105,gs://senior-share-staging-570862915709/naresome_script_csv/46eZlhasZ6M.csv
2XRFEZ8XjEE,E:\Data\ObsidianVault\02_Channels\馴れ初めシネマ\競合チャンネル分析\企画リサーチ_20260605\script_csv_assets\2XRFEZ8XjEE.csv,86834,gs://senior-share-staging-570862915709/naresome_script_csv/2XRFEZ8XjEE.csv
H6-k0apgPK0,E:\Data\ObsidianVault\02_Channels\馴れ初めシネマ\競合チャンネル分析\企画リサーチ_20260605\script_csv_assets\H6-k0apgPK0.csv,122009,gs://senior-share-staging-570862915709/naresome_script_csv/H6-k0apgPK0.csv
W6fgHmJlPMs,E:\Data\ObsidianVault\02_Channels\馴れ初めシネマ\競合チャンネル分析\企画リサーチ_20260605\script_csv_assets\W6fgHmJlPMs.csv,114153,gs://senior-share-staging-570862915709/naresome_script_csv/W6fgHmJlPMs.csv
xg672wgRCjw,E:\Data\ObsidianVault\02_Channels\馴れ初めシネマ\競合チャンネル分析\企画リサーチ_20260605\script_csv_assets\xg672wgRCjw.csv,133906,gs://senior-share-staging-570862915709/naresome_script_csv/xg672wgRCjw.csv
rQTG9QuOvs4,E:\Data\ObsidianVault\02_Channels\馴れ初めシネマ\競合チャンネル分析\企画リサーチ_20260605\script_csv_assets\rQTG9QuOvs4.csv,96912,gs://senior-share-staging-570862915709/naresome_script_csv/rQTG9QuOvs4.csv
ud8HOunO52w,E:\Data\ObsidianVault\02_Channels\馴れ初めシネマ\競合チャンネル分析\企画リサーチ_20260605\script_csv_assets\ud8HOunO52w.csv,111267,gs://senior-share-staging-570862915709/naresome_script_csv/ud8HOunO52w.csv
4LT7jX0tv9s,E:\Data\ObsidianVault\02_Channels\馴れ初めシネマ\競合チャンネル分析\企画リサーチ_20260605\script_csv_assets\4LT7jX0tv9s.csv,85723,gs://senior-share-staging-570862915709/naresome_script_csv/4LT7jX0tv9s.csv
oYy9bfn1Tsc,E:\Data\ObsidianVault\02_Channels\馴れ初めシネマ\競合チャンネル分析\企画リサーチ_20260605\script_csv_assets\oYy9bfn1Tsc.csv,194322,gs://senior-share-staging-570862915709/naresome_script_csv/oYy9bfn1Tsc.csv
336tcb27oJA,E:\Data\ObsidianVault\02_Channels\馴れ初めシネマ\競合チャンネル分析\企画リサーチ_20260605\script_csv_assets\336tcb27oJA.csv,132407,gs://senior-share-staging-570862915709/naresome_script_csv/336tcb27oJA.csv
Ie4E64pWXsY,E:\Data\ObsidianVault\02_Channels\馴れ初めシネマ\競合チャンネル分析\企画リサーチ_20260605\script_csv_assets\Ie4E64pWXsY.csv,70317,gs://senior-share-staging-570862915709/naresome_script_csv/Ie4E64pWXsY.csv
58FQnQ_Mqjw,E:\Data\ObsidianVault\02_Channels\馴れ初めシネマ\競合チャンネル分析\企画リサーチ_20260605\script_csv_assets\58FQnQ_Mqjw.csv,54923,gs://senior-share-staging-570862915709/naresome_script_csv/58FQnQ_Mqjw.csv
Bn7F-kzErDM,E:\Data\ObsidianVault\02_Channels\馴れ初めシネマ\競合チャンネル分析\企画リサーチ_20260605\script_csv_assets\Bn7F-kzErDM.csv,135212,gs://senior-share-staging-570862915709/naresome_script_csv/Bn7F-kzErDM.csv
f9W-X_81zDY,E:\Data\ObsidianVault\02_Channels\馴れ初めシネマ\競合チャンネル分析\企画リサーチ_20260605\script_csv_assets\f9W-X_81zDY.csv,189131,gs://senior-share-staging-570862915709/naresome_script_csv/f9W-X_81zDY.csv
ZSFzAf-79r0,E:\Data\ObsidianVault\02_Channels\馴れ初めシネマ\競合チャンネル分析\企画リサーチ_20260605\script_csv_assets\ZSFzAf-79r0.csv,131354,gs://senior-share-staging-570862915709/naresome_script_csv/ZSFzAf-79r0.csv
QkvVqaemwMg,E:\Data\ObsidianVault\02_Channels\馴れ初めシネマ\競合チャンネル分析\企画リサーチ_20260605\script_csv_assets\QkvVqaemwMg.csv,76829,gs://senior-share-staging-570862915709/naresome_script_csv/QkvVqaemwMg.csv
MMX8WjTM1j4,E:\Data\ObsidianVault\02_Channels\馴れ初めシネマ\競合チャンネル分析\企画リサーチ_20260605\script_csv_assets\MMX8WjTM1j4.csv,136535,gs://senior-share-staging-570862915709/naresome_script_csv/MMX8WjTM1j4.csv
aC4Hi_BoLwU,E:\Data\ObsidianVault\02_Channels\馴れ初めシネマ\競合チャンネル分析\企画リサーチ_20260605\script_csv_assets\aC4Hi_BoLwU.csv,136954,gs://senior-share-staging-570862915709/naresome_script_csv/aC4Hi_BoLwU.csv
efvIhgq-DIU,E:\Data\ObsidianVault\02_Channels\馴れ初めシネマ\競合チャンネル分析\企画リサーチ_20260605\script_csv_assets\efvIhgq-DIU.csv,98040,gs://senior-share-staging-570862915709/naresome_script_csv/efvIhgq-DIU.csv
ISSPkQDTnWg,E:\Data\ObsidianVault\02_Channels\馴れ初めシネマ\競合チャンネル分析\企画リサーチ_20260605\script_csv_assets\ISSPkQDTnWg.csv,69689,gs://senior-share-staging-570862915709/naresome_script_csv/ISSPkQDTnWg.csv
ELoXsxQG7Xc,E:\Data\ObsidianVault\02_Channels\馴れ初めシネマ\競合チャンネル分析\企画リサーチ_20260605\script_csv_assets\ELoXsxQG7Xc.csv,125696,gs://senior-share-staging-570862915709/naresome_script_csv/ELoXsxQG7Xc.csv
nvwHD1NTpn8,E:\Data\ObsidianVault\02_Channels\馴れ初めシネマ\競合チャンネル分析\企画リサーチ_20260605\script_csv_assets\nvwHD1NTpn8.csv,88719,gs://senior-share-staging-570862915709/naresome_script_csv/nvwHD1NTpn8.csv
esKu3iBj650,E:\Data\ObsidianVault\02_Channels\馴れ初めシネマ\競合チャンネル分析\企画リサーチ_20260605\script_csv_assets\esKu3iBj650.csv,85419,gs://senior-share-staging-570862915709/naresome_script_csv/esKu3iBj650.csv
pHLWssutMwg,E:\Data\ObsidianVault\02_Channels\馴れ初めシネマ\競合チャンネル分析\企画リサーチ_20260605\script_csv_assets\pHLWssutMwg.csv,134516,gs://senior-share-staging-570862915709/naresome_script_csv/pHLWssutMwg.csv
peHXard_SqE,E:\Data\ObsidianVault\02_Channels\馴れ初めシネマ\競合チャンネル分析\企画リサーチ_20260605\script_csv_assets\peHXard_SqE.csv,169795,gs://senior-share-staging-570862915709/naresome_script_csv/peHXard_SqE.csv
MHP3g9tiQ9k,E:\Data\ObsidianVault\02_Channels\馴れ初めシネマ\競合チャンネル分析\企画リサーチ_20260605\script_csv_assets\MHP3g9tiQ9k.csv,125628,gs://senior-share-staging-570862915709/naresome_script_csv/MHP3g9tiQ9k.csv
9M9fNUTHLog,E:\Data\ObsidianVault\02_Channels\馴れ初めシネマ\競合チャンネル分析\企画リサーチ_20260605\script_csv_assets\9M9fNUTHLog.csv,135745,gs://senior-share-staging-570862915709/naresome_script_csv/9M9fNUTHLog.csv
u_5cJvoEWo4,E:\Data\ObsidianVault\02_Channels\馴れ初めシネマ\競合チャンネル分析\企画リサーチ_20260605\script_csv_assets\u_5cJvoEWo4.csv,147263,gs://senior-share-staging-570862915709/naresome_script_csv/u_5cJvoEWo4.csv
SZDUJkQ1q0c,E:\Data\ObsidianVault\02_Channels\馴れ初めシネマ\競合チャンネル分析\企画リサーチ_20260605\script_csv_assets\SZDUJkQ1q0c.csv,107990,gs://senior-share-staging-570862915709/naresome_script_csv/SZDUJkQ1q0c.csv
vVILY0S4C6c,E:\Data\ObsidianVault\02_Channels\馴れ初めシネマ\競合チャンネル分析\企画リサーチ_20260605\script_csv_assets\vVILY0S4C6c.csv,60851,gs://senior-share-staging-570862915709/naresome_script_csv/vVILY0S4C6c.csv
3HsLEsD9ZEA,E:\Data\ObsidianVault\02_Channels\馴れ初めシネマ\競合チャンネル分析\企画リサーチ_20260605\script_csv_assets\3HsLEsD9ZEA.csv,87237,gs://senior-share-staging-570862915709/naresome_script_csv/3HsLEsD9ZEA.csv
o8fKzTPDsjA,E:\Data\ObsidianVault\02_Channels\馴れ初めシネマ\競合チャンネル分析\企画リサーチ_20260605\script_csv_assets\o8fKzTPDsjA.csv,208735,gs://senior-share-staging-570862915709/naresome_script_csv/o8fKzTPDsjA.csv
eVIfAPJ0F30,E:\Data\ObsidianVault\02_Channels\馴れ初めシネマ\競合チャンネル分析\企画リサーチ_20260605\script_csv_assets\eVIfAPJ0F30.csv,71342,gs://senior-share-staging-570862915709/naresome_script_csv/eVIfAPJ0F30.csv
5R0T2ot6R0o,E:\Data\ObsidianVault\02_Channels\馴れ初めシネマ\競合チャンネル分析\企画リサーチ_20260605\script_csv_assets\5R0T2ot6R0o.csv,90634,gs://senior-share-staging-570862915709/naresome_script_csv/5R0T2ot6R0o.csv
-UNM9Hro0ic,E:\Data\ObsidianVault\02_Channels\馴れ初めシネマ\競合チャンネル分析\企画リサーチ_20260605\script_csv_assets\-UNM9Hro0ic.csv,93352,gs://senior-share-staging-570862915709/naresome_script_csv/-UNM9Hro0ic.csv
xEd8I6t_sDI,E:\Data\ObsidianVault\02_Channels\馴れ初めシネマ\競合チャンネル分析\企画リサーチ_20260605\script_csv_assets\xEd8I6t_sDI.csv,138356,gs://senior-share-staging-570862915709/naresome_script_csv/xEd8I6t_sDI.csv
ozXjjdN25MQ,E:\Data\ObsidianVault\02_Channels\馴れ初めシネマ\競合チャンネル分析\企画リサーチ_20260605\script_csv_assets\ozXjjdN25MQ.csv,152299,gs://senior-share-staging-570862915709/naresome_script_csv/ozXjjdN25MQ.csv
7UPhTUm6i4I,E:\Data\ObsidianVault\02_Channels\馴れ初めシネマ\競合チャンネル分析\企画リサーチ_20260605\script_csv_assets\7UPhTUm6i4I.csv,100949,gs://senior-share-staging-570862915709/naresome_script_csv/7UPhTUm6i4I.csv
zyPznznOb7E,E:\Data\ObsidianVault\02_Channels\馴れ初めシネマ\競合チャンネル分析\企画リサーチ_20260605\script_csv_assets\zyPznznOb7E.csv,143180,gs://senior-share-staging-570862915709/naresome_script_csv/zyPznznOb7E.csv
FVSoRRVWXwg,E:\Data\ObsidianVault\02_Channels\馴れ初めシネマ\競合チャンネル分析\企画リサーチ_20260605\script_csv_assets\FVSoRRVWXwg.csv,100308,gs://senior-share-staging-570862915709/naresome_script_csv/FVSoRRVWXwg.csv
xxxEMPcAVUM,E:\Data\ObsidianVault\02_Channels\馴れ初めシネマ\競合チャンネル分析\企画リサーチ_20260605\script_csv_assets\xxxEMPcAVUM.csv,83707,gs://senior-share-staging-570862915709/naresome_script_csv/xxxEMPcAVUM.csv
LrAPwOrTTbA,E:\Data\ObsidianVault\02_Channels\馴れ初めシネマ\競合チャンネル分析\企画リサーチ_20260605\script_csv_assets\LrAPwOrTTbA.csv,82094,gs://senior-share-staging-570862915709/naresome_script_csv/LrAPwOrTTbA.csv
lQK_A3ioHOY,E:\Data\ObsidianVault\02_Channels\馴れ初めシネマ\競合チャンネル分析\企画リサーチ_20260605\script_csv_assets\lQK_A3ioHOY.csv,82239,gs://senior-share-staging-570862915709/naresome_script_csv/lQK_A3ioHOY.csv
c0mH2AsMf-E,E:\Data\ObsidianVault\02_Channels\馴れ初めシネマ\競合チャンネル分析\企画リサーチ_20260605\script_csv_assets\c0mH2AsMf-E.csv,102938,gs://senior-share-staging-570862915709/naresome_script_csv/c0mH2AsMf-E.csv
ataEAuFxfeo,E:\Data\ObsidianVault\02_Channels\馴れ初めシネマ\競合チャンネル分析\企画リサーチ_20260605\script_csv_assets\ataEAuFxfeo.csv,89851,gs://senior-share-staging-570862915709/naresome_script_csv/ataEAuFxfeo.csv
Z2OvbY7z_5Q,E:\Data\ObsidianVault\02_Channels\馴れ初めシネマ\競合チャンネル分析\企画リサーチ_20260605\script_csv_assets\Z2OvbY7z_5Q.csv,69538,gs://senior-share-staging-570862915709/naresome_script_csv/Z2OvbY7z_5Q.csv
nGbad0u_AEY,E:\Data\ObsidianVault\02_Channels\馴れ初めシネマ\競合チャンネル分析\企画リサーチ_20260605\script_csv_assets\nGbad0u_AEY.csv,76397,gs://senior-share-staging-570862915709/naresome_script_csv/nGbad0u_AEY.csv
GisjCvH6-Lw,E:\Data\ObsidianVault\02_Channels\馴れ初めシネマ\競合チャンネル分析\企画リサーチ_20260605\script_csv_assets\GisjCvH6-Lw.csv,117493,gs://senior-share-staging-570862915709/naresome_script_csv/GisjCvH6-Lw.csv
ZEHlsX7_Gx8,E:\Data\ObsidianVault\02_Channels\馴れ初めシネマ\競合チャンネル分析\企画リサーチ_20260605\script_csv_assets\ZEHlsX7_Gx8.csv,398962,gs://senior-share-staging-570862915709/naresome_script_csv/ZEHlsX7_Gx8.csv
HCKIHT4JsLc,E:\Data\ObsidianVault\02_Channels\馴れ初めシネマ\競合チャンネル分析\企画リサーチ_20260605\script_csv_assets\HCKIHT4JsLc.csv,53317,gs://senior-share-staging-570862915709/naresome_script_csv/HCKIHT4JsLc.csv
grrTvfqcxW0,E:\Data\ObsidianVault\02_Channels\馴れ初めシネマ\競合チャンネル分析\企画リサーチ_20260605\script_csv_assets\grrTvfqcxW0.csv,91458,gs://senior-share-staging-570862915709/naresome_script_csv/grrTvfqcxW0.csv
wuzHhpTEJKI,E:\Data\ObsidianVault\02_Channels\馴れ初めシネマ\競合チャンネル分析\企画リサーチ_20260605\script_csv_assets\wuzHhpTEJKI.csv,67542,gs://senior-share-staging-570862915709/naresome_script_csv/wuzHhpTEJKI.csv
GTWYeoMgUkQ,E:\Data\ObsidianVault\02_Channels\馴れ初めシネマ\競合チャンネル分析\企画リサーチ_20260605\script_csv_assets\GTWYeoMgUkQ.csv,91053,gs://senior-share-staging-570862915709/naresome_script_csv/GTWYeoMgUkQ.csv
nhac-d1uBmo,E:\Data\ObsidianVault\02_Channels\馴れ初めシネマ\競合チャンネル分析\企画リサーチ_20260605\script_csv_assets\nhac-d1uBmo.csv,184924,gs://senior-share-staging-570862915709/naresome_script_csv/nhac-d1uBmo.csv
dlX6lh2aXKI,E:\Data\ObsidianVault\02_Channels\馴れ初めシネマ\競合チャンネル分析\企画リサーチ_20260605\script_csv_assets\dlX6lh2aXKI.csv,79530,gs://senior-share-staging-570862915709/naresome_script_csv/dlX6lh2aXKI.csv
8mxJHadevy8,E:\Data\ObsidianVault\02_Channels\馴れ初めシネマ\競合チャンネル分析\企画リサーチ_20260605\script_csv_assets\8mxJHadevy8.csv,77791,gs://senior-share-staging-570862915709/naresome_script_csv/8mxJHadevy8.csv
k0doHQeg69E,E:\Data\ObsidianVault\02_Channels\馴れ初めシネマ\競合チャンネル分析\企画リサーチ_20260605\script_csv_assets\k0doHQeg69E.csv,160538,gs://senior-share-staging-570862915709/naresome_script_csv/k0doHQeg69E.csv
V6Y3LqbPCAU,E:\Data\ObsidianVault\02_Channels\馴れ初めシネマ\競合チャンネル分析\企画リサーチ_20260605\script_csv_assets\V6Y3LqbPCAU.csv,90834,gs://senior-share-staging-570862915709/naresome_script_csv/V6Y3LqbPCAU.csv
ewXgKOLhJe0,E:\Data\ObsidianVault\02_Channels\馴れ初めシネマ\競合チャンネル分析\企画リサーチ_20260605\script_csv_assets\ewXgKOLhJe0.csv,80581,gs://senior-share-staging-570862915709/naresome_script_csv/ewXgKOLhJe0.csv
I5MB7iAqsM4,E:\Data\ObsidianVault\02_Channels\馴れ初めシネマ\競合チャンネル分析\企画リサーチ_20260605\script_csv_assets\I5MB7iAqsM4.csv,84577,gs://senior-share-staging-570862915709/naresome_script_csv/I5MB7iAqsM4.csv
YwhtuBOuK0U,E:\Data\ObsidianVault\02_Channels\馴れ初めシネマ\競合チャンネル分析\企画リサーチ_20260605\script_csv_assets\YwhtuBOuK0U.csv,99115,gs://senior-share-staging-570862915709/naresome_script_csv/YwhtuBOuK0U.csv
gbgxzrE2Tew,E:\Data\ObsidianVault\02_Channels\馴れ初めシネマ\競合チャンネル分析\企画リサーチ_20260605\script_csv_assets\gbgxzrE2Tew.csv,58488,gs://senior-share-staging-570862915709/naresome_script_csv/gbgxzrE2Tew.csv
pe9XzfZrCgw,E:\Data\ObsidianVault\02_Channels\馴れ初めシネマ\競合チャンネル分析\企画リサーチ_20260605\script_csv_assets\pe9XzfZrCgw.csv,115836,gs://senior-share-staging-570862915709/naresome_script_csv/pe9XzfZrCgw.csv
3H4IMJtmyQs,E:\Data\ObsidianVault\02_Channels\馴れ初めシネマ\競合チャンネル分析\企画リサーチ_20260605\script_csv_assets\3H4IMJtmyQs.csv,89841,gs://senior-share-staging-570862915709/naresome_script_csv/3H4IMJtmyQs.csv
-wgokGoxUFw,E:\Data\ObsidianVault\02_Channels\馴れ初めシネマ\競合チャンネル分析\企画リサーチ_20260605\script_csv_assets\-wgokGoxUFw.csv,75890,gs://senior-share-staging-570862915709/naresome_script_csv/-wgokGoxUFw.csv
uSAhbXgcivc,E:\Data\ObsidianVault\02_Channels\馴れ初めシネマ\競合チャンネル分析\企画リサーチ_20260605\script_csv_assets\uSAhbXgcivc.csv,73880,gs://senior-share-staging-570862915709/naresome_script_csv/uSAhbXgcivc.csv
AxSiE0hmWLU,E:\Data\ObsidianVault\02_Channels\馴れ初めシネマ\競合チャンネル分析\企画リサーチ_20260605\script_csv_assets\AxSiE0hmWLU.csv,138688,gs://senior-share-staging-570862915709/naresome_script_csv/AxSiE0hmWLU.csv
rq4kRc2GQvE,E:\Data\ObsidianVault\02_Channels\馴れ初めシネマ\競合チャンネル分析\企画リサーチ_20260605\script_csv_assets\rq4kRc2GQvE.csv,68574,gs://senior-share-staging-570862915709/naresome_script_csv/rq4kRc2GQvE.csv
ej1_wEZGcS0,E:\Data\ObsidianVault\02_Channels\馴れ初めシネマ\競合チャンネル分析\企画リサーチ_20260605\script_csv_assets\ej1_wEZGcS0.csv,80462,gs://senior-share-staging-570862915709/naresome_script_csv/ej1_wEZGcS0.csv
Rsg9zDtrRSY,E:\Data\ObsidianVault\02_Channels\馴れ初めシネマ\競合チャンネル分析\企画リサーチ_20260605\script_csv_assets\Rsg9zDtrRSY.csv,129822,gs://senior-share-staging-570862915709/naresome_script_csv/Rsg9zDtrRSY.csv
wmDm0LJHaUI,E:\Data\ObsidianVault\02_Channels\馴れ初めシネマ\競合チャンネル分析\企画リサーチ_20260605\script_csv_assets\wmDm0LJHaUI.csv,103031,gs://senior-share-staging-570862915709/naresome_script_csv/wmDm0LJHaUI.csv
Si3iwMSxUH4,E:\Data\ObsidianVault\02_Channels\馴れ初めシネマ\競合チャンネル分析\企画リサーチ_20260605\script_csv_assets\Si3iwMSxUH4.csv,102394,gs://senior-share-staging-570862915709/naresome_script_csv/Si3iwMSxUH4.csv
ZjnH0M1fXQk,E:\Data\ObsidianVault\02_Channels\馴れ初めシネマ\競合チャンネル分析\企画リサーチ_20260605\script_csv_assets\ZjnH0M1fXQk.csv,59604,gs://senior-share-staging-570862915709/naresome_script_csv/ZjnH0M1fXQk.csv
CXTvRAlMSRU,E:\Data\ObsidianVault\02_Channels\馴れ初めシネマ\競合チャンネル分析\企画リサーチ_20260605\script_csv_assets\CXTvRAlMSRU.csv,68072,gs://senior-share-staging-570862915709/naresome_script_csv/CXTvRAlMSRU.csv
68Pj8I-GVTs,E:\Data\ObsidianVault\02_Channels\馴れ初めシネマ\競合チャンネル分析\企画リサーチ_20260605\script_csv_assets\68Pj8I-GVTs.csv,73576,gs://senior-share-staging-570862915709/naresome_script_csv/68Pj8I-GVTs.csv
bJqphxqzuHs,E:\Data\ObsidianVault\02_Channels\馴れ初めシネマ\競合チャンネル分析\企画リサーチ_20260605\script_csv_assets\bJqphxqzuHs.csv,73723,gs://senior-share-staging-570862915709/naresome_script_csv/bJqphxqzuHs.csv
vDOWM-oQuvA,E:\Data\ObsidianVault\02_Channels\馴れ初めシネマ\競合チャンネル分析\企画リサーチ_20260605\script_csv_assets\vDOWM-oQuvA.csv,115470,gs://senior-share-staging-570862915709/naresome_script_csv/vDOWM-oQuvA.csv
lEHl5xGsplA,E:\Data\ObsidianVault\02_Channels\馴れ初めシネマ\競合チャンネル分析\企画リサーチ_20260605\script_csv_assets\lEHl5xGsplA.csv,139018,gs://senior-share-staging-570862915709/naresome_script_csv/lEHl5xGsplA.csv
MjhqUj6nVYw,E:\Data\ObsidianVault\02_Channels\馴れ初めシネマ\競合チャンネル分析\企画リサーチ_20260605\script_csv_assets\MjhqUj6nVYw.csv,99914,gs://senior-share-staging-570862915709/naresome_script_csv/MjhqUj6nVYw.csv
jtpIwLsi54s,E:\Data\ObsidianVault\02_Channels\馴れ初めシネマ\競合チャンネル分析\企画リサーチ_20260605\script_csv_assets\jtpIwLsi54s.csv,181427,gs://senior-share-staging-570862915709/naresome_script_csv/jtpIwLsi54s.csv
ovnhOGU5eYY,E:\Data\ObsidianVault\02_Channels\馴れ初めシネマ\競合チャンネル分析\企画リサーチ_20260605\script_csv_assets\ovnhOGU5eYY.csv,62762,gs://senior-share-staging-570862915709/naresome_script_csv/ovnhOGU5eYY.csv
IFx650vVpw8,E:\Data\ObsidianVault\02_Channels\馴れ初めシネマ\競合チャンネル分析\企画リサーチ_20260605\script_csv_assets\IFx650vVpw8.csv,106897,gs://senior-share-staging-570862915709/naresome_script_csv/IFx650vVpw8.csv
wxUVwYXZFmE,E:\Data\ObsidianVault\02_Channels\馴れ初めシネマ\競合チャンネル分析\企画リサーチ_20260605\script_csv_assets\wxUVwYXZFmE.csv,64210,gs://senior-share-staging-570862915709/naresome_script_csv/wxUVwYXZFmE.csv
z_PVFtELdFE,E:\Data\ObsidianVault\02_Channels\馴れ初めシネマ\競合チャンネル分析\企画リサーチ_20260605\script_csv_assets\z_PVFtELdFE.csv,81063,gs://senior-share-staging-570862915709/naresome_script_csv/z_PVFtELdFE.csv
0pfV3HfqVzI,E:\Data\ObsidianVault\02_Channels\馴れ初めシネマ\競合チャンネル分析\企画リサーチ_20260605\script_csv_assets\0pfV3HfqVzI.csv,97705,gs://senior-share-staging-570862915709/naresome_script_csv/0pfV3HfqVzI.csv
YyfOKPR2vx0,E:\Data\ObsidianVault\02_Channels\馴れ初めシネマ\競合チャンネル分析\企画リサーチ_20260605\script_csv_assets\YyfOKPR2vx0.csv,147089,gs://senior-share-staging-570862915709/naresome_script_csv/YyfOKPR2vx0.csv
a1f5m5aPF-8,E:\Data\ObsidianVault\02_Channels\馴れ初めシネマ\競合チャンネル分析\企画リサーチ_20260605\script_csv_assets\a1f5m5aPF-8.csv,126881,gs://senior-share-staging-570862915709/naresome_script_csv/a1f5m5aPF-8.csv
7EclqtN0sNw,E:\Data\ObsidianVault\02_Channels\馴れ初めシネマ\競合チャンネル分析\企画リサーチ_20260605\script_csv_assets\7EclqtN0sNw.csv,71244,gs://senior-share-staging-570862915709/naresome_script_csv/7EclqtN0sNw.csv
zLqB-a_iPH4,E:\Data\ObsidianVault\02_Channels\馴れ初めシネマ\競合チャンネル分析\企画リサーチ_20260605\script_csv_assets\zLqB-a_iPH4.csv,139301,gs://senior-share-staging-570862915709/naresome_script_csv/zLqB-a_iPH4.csv
zamJy0C0UoE,E:\Data\ObsidianVault\02_Channels\馴れ初めシネマ\競合チャンネル分析\企画リサーチ_20260605\script_csv_assets\zamJy0C0UoE.csv,72168,gs://senior-share-staging-570862915709/naresome_script_csv/zamJy0C0UoE.csv
eQ35aojfkvA,E:\Data\ObsidianVault\02_Channels\馴れ初めシネマ\競合チャンネル分析\企画リサーチ_20260605\script_csv_assets\eQ35aojfkvA.csv,299869,gs://senior-share-staging-570862915709/naresome_script_csv/eQ35aojfkvA.csv
5eVw9ITHA0Y,E:\Data\ObsidianVault\02_Channels\馴れ初めシネマ\競合チャンネル分析\企画リサーチ_20260605\script_csv_assets\5eVw9ITHA0Y.csv,115992,gs://senior-share-staging-570862915709/naresome_script_csv/5eVw9ITHA0Y.csv
gjFIN9blmxU,E:\Data\ObsidianVault\02_Channels\馴れ初めシネマ\競合チャンネル分析\企画リサーチ_20260605\script_csv_assets\gjFIN9blmxU.csv,57767,gs://senior-share-staging-570862915709/naresome_script_csv/gjFIN9blmxU.csv
O_9FnQ1MJyE,E:\Data\ObsidianVault\02_Channels\馴れ初めシネマ\競合チャンネル分析\企画リサーチ_20260605\script_csv_assets\O_9FnQ1MJyE.csv,138385,gs://senior-share-staging-570862915709/naresome_script_csv/O_9FnQ1MJyE.csv
4LnEP7009kE,E:\Data\ObsidianVault\02_Channels\馴れ初めシネマ\競合チャンネル分析\企画リサーチ_20260605\script_csv_assets\4LnEP7009kE.csv,78501,gs://senior-share-staging-570862915709/naresome_script_csv/4LnEP7009kE.csv
EHQKgnSdqOk,E:\Data\ObsidianVault\02_Channels\馴れ初めシネマ\競合チャンネル分析\企画リサーチ_20260605\script_csv_assets\EHQKgnSdqOk.csv,81774,gs://senior-share-staging-570862915709/naresome_script_csv/EHQKgnSdqOk.csv
uRcQrINggfs,E:\Data\ObsidianVault\02_Channels\馴れ初めシネマ\競合チャンネル分析\企画リサーチ_20260605\script_csv_assets\uRcQrINggfs.csv,116895,gs://senior-share-staging-570862915709/naresome_script_csv/uRcQrINggfs.csv
6EnZHRZIImM,E:\Data\ObsidianVault\02_Channels\馴れ初めシネマ\競合チャンネル分析\企画リサーチ_20260605\script_csv_assets\6EnZHRZIImM.csv,65780,gs://senior-share-staging-570862915709/naresome_script_csv/6EnZHRZIImM.csv
VaI1ZgcH3UI,E:\Data\ObsidianVault\02_Channels\馴れ初めシネマ\競合チャンネル分析\企画リサーチ_20260605\script_csv_assets\VaI1ZgcH3UI.csv,58631,gs://senior-share-staging-570862915709/naresome_script_csv/VaI1ZgcH3UI.csv
z5cqo-fSGVw,E:\Data\ObsidianVault\02_Channels\馴れ初めシネマ\競合チャンネル分析\企画リサーチ_20260605\script_csv_assets\z5cqo-fSGVw.csv,123956,gs://senior-share-staging-570862915709/naresome_script_csv/z5cqo-fSGVw.csv
WBk88zTtCsM,E:\Data\ObsidianVault\02_Channels\馴れ初めシネマ\競合チャンネル分析\企画リサーチ_20260605\script_csv_assets\WBk88zTtCsM.csv,89187,gs://senior-share-staging-570862915709/naresome_script_csv/WBk88zTtCsM.csv
QM3dQ0su_5g,E:\Data\ObsidianVault\02_Channels\馴れ初めシネマ\競合チャンネル分析\企画リサーチ_20260605\script_csv_assets\QM3dQ0su_5g.csv,79473,gs://senior-share-staging-570862915709/naresome_script_csv/QM3dQ0su_5g.csv
cucS0fGRm6M,E:\Data\ObsidianVault\02_Channels\馴れ初めシネマ\競合チャンネル分析\企画リサーチ_20260605\script_csv_assets\cucS0fGRm6M.csv,51291,gs://senior-share-staging-570862915709/naresome_script_csv/cucS0fGRm6M.csv
EUL6cZ4v1_g,E:\Data\ObsidianVault\02_Channels\馴れ初めシネマ\競合チャンネル分析\企画リサーチ_20260605\script_csv_assets\EUL6cZ4v1_g.csv,126677,gs://senior-share-staging-570862915709/naresome_script_csv/EUL6cZ4v1_g.csv
TE3WkIPNVRY,E:\Data\ObsidianVault\02_Channels\馴れ初めシネマ\競合チャンネル分析\企画リサーチ_20260605\script_csv_assets\TE3WkIPNVRY.csv,139435,gs://senior-share-staging-570862915709/naresome_script_csv/TE3WkIPNVRY.csv
055X583qaYg,E:\Data\ObsidianVault\02_Channels\馴れ初めシネマ\競合チャンネル分析\企画リサーチ_20260605\script_csv_assets\055X583qaYg.csv,173262,gs://senior-share-staging-570862915709/naresome_script_csv/055X583qaYg.csv
QvpzOcNWO8A,E:\Data\ObsidianVault\02_Channels\馴れ初めシネマ\競合チャンネル分析\企画リサーチ_20260605\script_csv_assets\QvpzOcNWO8A.csv,101503,gs://senior-share-staging-570862915709/naresome_script_csv/QvpzOcNWO8A.csv
ifJ9swkP640,E:\Data\ObsidianVault\02_Channels\馴れ初めシネマ\競合チャンネル分析\企画リサーチ_20260605\script_csv_assets\ifJ9swkP640.csv,123625,gs://senior-share-staging-570862915709/naresome_script_csv/ifJ9swkP640.csv
uSeKlxVegiU,E:\Data\ObsidianVault\02_Channels\馴れ初めシネマ\競合チャンネル分析\企画リサーチ_20260605\script_csv_assets\uSeKlxVegiU.csv,127992,gs://senior-share-staging-570862915709/naresome_script_csv/uSeKlxVegiU.csv
Z_feS_aEoi0,E:\Data\ObsidianVault\02_Channels\馴れ初めシネマ\競合チャンネル分析\企画リサーチ_20260605\script_csv_assets\Z_feS_aEoi0.csv,84034,gs://senior-share-staging-570862915709/naresome_script_csv/Z_feS_aEoi0.csv
CjPEV8JDO4E,E:\Data\ObsidianVault\02_Channels\馴れ初めシネマ\競合チャンネル分析\企画リサーチ_20260605\script_csv_assets\CjPEV8JDO4E.csv,52584,gs://senior-share-staging-570862915709/naresome_script_csv/CjPEV8JDO4E.csv
FZX1L_d9heM,E:\Data\ObsidianVault\02_Channels\馴れ初めシネマ\競合チャンネル分析\企画リサーチ_20260605\script_csv_assets\FZX1L_d9heM.csv,161494,gs://senior-share-staging-570862915709/naresome_script_csv/FZX1L_d9heM.csv
f3SKYzQzXHM,E:\Data\ObsidianVault\02_Channels\馴れ初めシネマ\競合チャンネル分析\企画リサーチ_20260605\script_csv_assets\f3SKYzQzXHM.csv,75264,gs://senior-share-staging-570862915709/naresome_script_csv/f3SKYzQzXHM.csv
FNkjP_zlTpE,E:\Data\ObsidianVault\02_Channels\馴れ初めシネマ\競合チャンネル分析\企画リサーチ_20260605\script_csv_assets\FNkjP_zlTpE.csv,69382,gs://senior-share-staging-570862915709/naresome_script_csv/FNkjP_zlTpE.csv
8aQrekafBA4,E:\Data\ObsidianVault\02_Channels\馴れ初めシネマ\競合チャンネル分析\企画リサーチ_20260605\script_csv_assets\8aQrekafBA4.csv,86275,gs://senior-share-staging-570862915709/naresome_script_csv/8aQrekafBA4.csv
QbyzaV9RnEA,E:\Data\ObsidianVault\02_Channels\馴れ初めシネマ\競合チャンネル分析\企画リサーチ_20260605\script_csv_assets\QbyzaV9RnEA.csv,54718,gs://senior-share-staging-570862915709/naresome_script_csv/QbyzaV9RnEA.csv
POgLMhivEoQ,E:\Data\ObsidianVault\02_Channels\馴れ初めシネマ\競合チャンネル分析\企画リサーチ_20260605\script_csv_assets\POgLMhivEoQ.csv,111355,gs://senior-share-staging-570862915709/naresome_script_csv/POgLMhivEoQ.csv
MxJf7ONoOVY,E:\Data\ObsidianVault\02_Channels\馴れ初めシネマ\競合チャンネル分析\企画リサーチ_20260605\script_csv_assets\MxJf7ONoOVY.csv,115352,gs://senior-share-staging-570862915709/naresome_script_csv/MxJf7ONoOVY.csv
RiEq5ddE3c0,E:\Data\ObsidianVault\02_Channels\馴れ初めシネマ\競合チャンネル分析\企画リサーチ_20260605\script_csv_assets\RiEq5ddE3c0.csv,76933,gs://senior-share-staging-570862915709/naresome_script_csv/RiEq5ddE3c0.csv
WOxGUTkhH0Q,E:\Data\ObsidianVault\02_Channels\馴れ初めシネマ\競合チャンネル分析\企画リサーチ_20260605\script_csv_assets\WOxGUTkhH0Q.csv,57469,gs://senior-share-staging-570862915709/naresome_script_csv/WOxGUTkhH0Q.csv
SGOHelDNafk,E:\Data\ObsidianVault\02_Channels\馴れ初めシネマ\競合チャンネル分析\企画リサーチ_20260605\script_csv_assets\SGOHelDNafk.csv,99520,gs://senior-share-staging-570862915709/naresome_script_csv/SGOHelDNafk.csv
fMYAS5Sx3ZU,E:\Data\ObsidianVault\02_Channels\馴れ初めシネマ\競合チャンネル分析\企画リサーチ_20260605\script_csv_assets\fMYAS5Sx3ZU.csv,70380,gs://senior-share-staging-570862915709/naresome_script_csv/fMYAS5Sx3ZU.csv
QmTkwf2Cbqk,E:\Data\ObsidianVault\02_Channels\馴れ初めシネマ\競合チャンネル分析\企画リサーチ_20260605\script_csv_assets\QmTkwf2Cbqk.csv,115439,gs://senior-share-staging-570862915709/naresome_script_csv/QmTkwf2Cbqk.csv
peTWYEU4elc,E:\Data\ObsidianVault\02_Channels\馴れ初めシネマ\競合チャンネル分析\企画リサーチ_20260605\script_csv_assets\peTWYEU4elc.csv,82802,gs://senior-share-staging-570862915709/naresome_script_csv/peTWYEU4elc.csv
sHNiUWc5chQ,E:\Data\ObsidianVault\02_Channels\馴れ初めシネマ\競合チャンネル分析\企画リサーチ_20260605\script_csv_assets\sHNiUWc5chQ.csv,112459,gs://senior-share-staging-570862915709/naresome_script_csv/sHNiUWc5chQ.csv
y-lsR0bBfJE,E:\Data\ObsidianVault\02_Channels\馴れ初めシネマ\競合チャンネル分析\企画リサーチ_20260605\script_csv_assets\y-lsR0bBfJE.csv,72973,gs://senior-share-staging-570862915709/naresome_script_csv/y-lsR0bBfJE.csv
x0KjR2zx9Z4,E:\Data\ObsidianVault\02_Channels\馴れ初めシネマ\競合チャンネル分析\企画リサーチ_20260605\script_csv_assets\x0KjR2zx9Z4.csv,109334,gs://senior-share-staging-570862915709/naresome_script_csv/x0KjR2zx9Z4.csv
C80vAFMSynE,E:\Data\ObsidianVault\02_Channels\馴れ初めシネマ\競合チャンネル分析\企画リサーチ_20260605\script_csv_assets\C80vAFMSynE.csv,103564,gs://senior-share-staging-570862915709/naresome_script_csv/C80vAFMSynE.csv
eTC-cb7td6U,E:\Data\ObsidianVault\02_Channels\馴れ初めシネマ\競合チャンネル分析\企画リサーチ_20260605\script_csv_assets\eTC-cb7td6U.csv,62476,gs://senior-share-staging-570862915709/naresome_script_csv/eTC-cb7td6U.csv
mxtAXZqc-y0,E:\Data\ObsidianVault\02_Channels\馴れ初めシネマ\競合チャンネル分析\企画リサーチ_20260605\script_csv_assets\mxtAXZqc-y0.csv,101583,gs://senior-share-staging-570862915709/naresome_script_csv/mxtAXZqc-y0.csv
VRm-bM2wtd0,E:\Data\ObsidianVault\02_Channels\馴れ初めシネマ\競合チャンネル分析\企画リサーチ_20260605\script_csv_assets\VRm-bM2wtd0.csv,67594,gs://senior-share-staging-570862915709/naresome_script_csv/VRm-bM2wtd0.csv
h7hpF4hhbt0,E:\Data\ObsidianVault\02_Channels\馴れ初めシネマ\競合チャンネル分析\企画リサーチ_20260605\script_csv_assets\h7hpF4hhbt0.csv,140398,gs://senior-share-staging-570862915709/naresome_script_csv/h7hpF4hhbt0.csv
BRCQ-msqSAc,E:\Data\ObsidianVault\02_Channels\馴れ初めシネマ\競合チャンネル分析\企画リサーチ_20260605\script_csv_assets\BRCQ-msqSAc.csv,116254,gs://senior-share-staging-570862915709/naresome_script_csv/BRCQ-msqSAc.csv
FxuEbSSLEJ0,E:\Data\ObsidianVault\02_Channels\馴れ初めシネマ\競合チャンネル分析\企画リサーチ_20260605\script_csv_assets\FxuEbSSLEJ0.csv,74540,gs://senior-share-staging-570862915709/naresome_script_csv/FxuEbSSLEJ0.csv
0IDWPlBergQ,E:\Data\ObsidianVault\02_Channels\馴れ初めシネマ\競合チャンネル分析\企画リサーチ_20260605\script_csv_assets\0IDWPlBergQ.csv,78485,gs://senior-share-staging-570862915709/naresome_script_csv/0IDWPlBergQ.csv
vGzX5p8Otlg,E:\Data\ObsidianVault\02_Channels\馴れ初めシネマ\競合チャンネル分析\企画リサーチ_20260605\script_csv_assets\vGzX5p8Otlg.csv,67288,gs://senior-share-staging-570862915709/naresome_script_csv/vGzX5p8Otlg.csv
fQIjvtnTEcg,E:\Data\ObsidianVault\02_Channels\馴れ初めシネマ\競合チャンネル分析\企画リサーチ_20260605\script_csv_assets\fQIjvtnTEcg.csv,84263,gs://senior-share-staging-570862915709/naresome_script_csv/fQIjvtnTEcg.csv
R4wenP1hAuM,E:\Data\ObsidianVault\02_Channels\馴れ初めシネマ\競合チャンネル分析\企画リサーチ_20260605\script_csv_assets\R4wenP1hAuM.csv,69965,gs://senior-share-staging-570862915709/naresome_script_csv/R4wenP1hAuM.csv
uZNh_ASUaT4,E:\Data\ObsidianVault\02_Channels\馴れ初めシネマ\競合チャンネル分析\企画リサーチ_20260605\script_csv_assets\uZNh_ASUaT4.csv,103435,gs://senior-share-staging-570862915709/naresome_script_csv/uZNh_ASUaT4.csv
YDlDtMFh1Ds,E:\Data\ObsidianVault\02_Channels\馴れ初めシネマ\競合チャンネル分析\企画リサーチ_20260605\script_csv_assets\YDlDtMFh1Ds.csv,78842,gs://senior-share-staging-570862915709/naresome_script_csv/YDlDtMFh1Ds.csv
M02hQF6ud-I,E:\Data\ObsidianVault\02_Channels\馴れ初めシネマ\競合チャンネル分析\企画リサーチ_20260605\script_csv_assets\M02hQF6ud-I.csv,512764,gs://senior-share-staging-570862915709/naresome_script_csv/M02hQF6ud-I.csv
J3kiwIeaZyQ,E:\Data\ObsidianVault\02_Channels\馴れ初めシネマ\競合チャンネル分析\企画リサーチ_20260605\script_csv_assets\J3kiwIeaZyQ.csv,88099,gs://senior-share-staging-570862915709/naresome_script_csv/J3kiwIeaZyQ.csv
t98tbEhyZ8Q,E:\Data\ObsidianVault\02_Channels\馴れ初めシネマ\競合チャンネル分析\企画リサーチ_20260605\script_csv_assets\t98tbEhyZ8Q.csv,126778,gs://senior-share-staging-570862915709/naresome_script_csv/t98tbEhyZ8Q.csv
C2-zZE8FYKM,E:\Data\ObsidianVault\02_Channels\馴れ初めシネマ\競合チャンネル分析\企画リサーチ_20260605\script_csv_assets\C2-zZE8FYKM.csv,68922,gs://senior-share-staging-570862915709/naresome_script_csv/C2-zZE8FYKM.csv
lCfM8GygP9k,E:\Data\ObsidianVault\02_Channels\馴れ初めシネマ\競合チャンネル分析\企画リサーチ_20260605\script_csv_assets\lCfM8GygP9k.csv,207254,gs://senior-share-staging-570862915709/naresome_script_csv/lCfM8GygP9k.csv
s26mX6XKd60,E:\Data\ObsidianVault\02_Channels\馴れ初めシネマ\競合チャンネル分析\企画リサーチ_20260605\script_csv_assets\s26mX6XKd60.csv,142757,gs://senior-share-staging-570862915709/naresome_script_csv/s26mX6XKd60.csv
zn3n5VRUZRs,E:\Data\ObsidianVault\02_Channels\馴れ初めシネマ\競合チャンネル分析\企画リサーチ_20260605\script_csv_assets\zn3n5VRUZRs.csv,161803,gs://senior-share-staging-570862915709/naresome_script_csv/zn3n5VRUZRs.csv
KVHR9qv1WbE,E:\Data\ObsidianVault\02_Channels\馴れ初めシネマ\競合チャンネル分析\企画リサーチ_20260605\script_csv_assets\KVHR9qv1WbE.csv,73262,gs://senior-share-staging-570862915709/naresome_script_csv/KVHR9qv1WbE.csv
nvAf31tyfwo,E:\Data\ObsidianVault\02_Channels\馴れ初めシネマ\競合チャンネル分析\企画リサーチ_20260605\script_csv_assets\nvAf31tyfwo.csv,105259,gs://senior-share-staging-570862915709/naresome_script_csv/nvAf31tyfwo.csv
1MYecf2cUxk,E:\Data\ObsidianVault\02_Channels\馴れ初めシネマ\競合チャンネル分析\企画リサーチ_20260605\script_csv_assets\1MYecf2cUxk.csv,95941,gs://senior-share-staging-570862915709/naresome_script_csv/1MYecf2cUxk.csv
HakG-_RQuJk,E:\Data\ObsidianVault\02_Channels\馴れ初めシネマ\競合チャンネル分析\企画リサーチ_20260605\script_csv_assets\HakG-_RQuJk.csv,112648,gs://senior-share-staging-570862915709/naresome_script_csv/HakG-_RQuJk.csv
rWDpNfZE-Ts,E:\Data\ObsidianVault\02_Channels\馴れ初めシネマ\競合チャンネル分析\企画リサーチ_20260605\script_csv_assets\rWDpNfZE-Ts.csv,83253,gs://senior-share-staging-570862915709/naresome_script_csv/rWDpNfZE-Ts.csv
fZUxhzyZqm8,E:\Data\ObsidianVault\02_Channels\馴れ初めシネマ\競合チャンネル分析\企画リサーチ_20260605\script_csv_assets\fZUxhzyZqm8.csv,99716,gs://senior-share-staging-570862915709/naresome_script_csv/fZUxhzyZqm8.csv
fqxh81UGbIg,E:\Data\ObsidianVault\02_Channels\馴れ初めシネマ\競合チャンネル分析\企画リサーチ_20260605\script_csv_assets\fqxh81UGbIg.csv,68085,gs://senior-share-staging-570862915709/naresome_script_csv/fqxh81UGbIg.csv
ESSjgEj46As,E:\Data\ObsidianVault\02_Channels\馴れ初めシネマ\競合チャンネル分析\企画リサーチ_20260605\script_csv_assets\ESSjgEj46As.csv,114220,gs://senior-share-staging-570862915709/naresome_script_csv/ESSjgEj46As.csv
5RC1eATxfvg,E:\Data\ObsidianVault\02_Channels\馴れ初めシネマ\競合チャンネル分析\企画リサーチ_20260605\script_csv_assets\5RC1eATxfvg.csv,69015,gs://senior-share-staging-570862915709/naresome_script_csv/5RC1eATxfvg.csv
hqFkHgkTkyo,E:\Data\ObsidianVault\02_Channels\馴れ初めシネマ\競合チャンネル分析\企画リサーチ_20260605\script_csv_assets\hqFkHgkTkyo.csv,138056,gs://senior-share-staging-570862915709/naresome_script_csv/hqFkHgkTkyo.csv
vDr5Xw2_vEQ,E:\Data\ObsidianVault\02_Channels\馴れ初めシネマ\競合チャンネル分析\企画リサーチ_20260605\script_csv_assets\vDr5Xw2_vEQ.csv,79419,gs://senior-share-staging-570862915709/naresome_script_csv/vDr5Xw2_vEQ.csv
HTyU9g-PF5k,E:\Data\ObsidianVault\02_Channels\馴れ初めシネマ\競合チャンネル分析\企画リサーチ_20260605\script_csv_assets\HTyU9g-PF5k.csv,72577,gs://senior-share-staging-570862915709/naresome_script_csv/HTyU9g-PF5k.csv
vD-HMZV7xNs,E:\Data\ObsidianVault\02_Channels\馴れ初めシネマ\競合チャンネル分析\企画リサーチ_20260605\script_csv_assets\vD-HMZV7xNs.csv,98763,gs://senior-share-staging-570862915709/naresome_script_csv/vD-HMZV7xNs.csv
Z0-G8nU0QVQ,E:\Data\ObsidianVault\02_Channels\馴れ初めシネマ\競合チャンネル分析\企画リサーチ_20260605\script_csv_assets\Z0-G8nU0QVQ.csv,52352,gs://senior-share-staging-570862915709/naresome_script_csv/Z0-G8nU0QVQ.csv
ULBd4-EkO1E,E:\Data\ObsidianVault\02_Channels\馴れ初めシネマ\競合チャンネル分析\企画リサーチ_20260605\script_csv_assets\ULBd4-EkO1E.csv,89985,gs://senior-share-staging-570862915709/naresome_script_csv/ULBd4-EkO1E.csv
ebT2MCIZoLM,E:\Data\ObsidianVault\02_Channels\馴れ初めシネマ\競合チャンネル分析\企画リサーチ_20260605\script_csv_assets\ebT2MCIZoLM.csv,54623,gs://senior-share-staging-570862915709/naresome_script_csv/ebT2MCIZoLM.csv
DCYRSO3UW3o,E:\Data\ObsidianVault\02_Channels\馴れ初めシネマ\競合チャンネル分析\企画リサーチ_20260605\script_csv_assets\DCYRSO3UW3o.csv,75627,gs://senior-share-staging-570862915709/naresome_script_csv/DCYRSO3UW3o.csv
tkl7YEZsCj0,E:\Data\ObsidianVault\02_Channels\馴れ初めシネマ\競合チャンネル分析\企画リサーチ_20260605\script_csv_assets\tkl7YEZsCj0.csv,152431,gs://senior-share-staging-570862915709/naresome_script_csv/tkl7YEZsCj0.csv
P3gPvyKom3w,E:\Data\ObsidianVault\02_Channels\馴れ初めシネマ\競合チャンネル分析\企画リサーチ_20260605\script_csv_assets\P3gPvyKom3w.csv,373401,gs://senior-share-staging-570862915709/naresome_script_csv/P3gPvyKom3w.csv
Mq_R5d18x_w,E:\Data\ObsidianVault\02_Channels\馴れ初めシネマ\競合チャンネル分析\企画リサーチ_20260605\script_csv_assets\Mq_R5d18x_w.csv,169854,gs://senior-share-staging-570862915709/naresome_script_csv/Mq_R5d18x_w.csv
72gIYxLnSZA,E:\Data\ObsidianVault\02_Channels\馴れ初めシネマ\競合チャンネル分析\企画リサーチ_20260605\script_csv_assets\72gIYxLnSZA.csv,78376,gs://senior-share-staging-570862915709/naresome_script_csv/72gIYxLnSZA.csv
bTsVkH54nps,E:\Data\ObsidianVault\02_Channels\馴れ初めシネマ\競合チャンネル分析\企画リサーチ_20260605\script_csv_assets\bTsVkH54nps.csv,65949,gs://senior-share-staging-570862915709/naresome_script_csv/bTsVkH54nps.csv
2WhNPVyc-m8,E:\Data\ObsidianVault\02_Channels\馴れ初めシネマ\競合チャンネル分析\企画リサーチ_20260605\script_csv_assets\2WhNPVyc-m8.csv,177351,gs://senior-share-staging-570862915709/naresome_script_csv/2WhNPVyc-m8.csv
3--0kTxRugQ,E:\Data\ObsidianVault\02_Channels\馴れ初めシネマ\競合チャンネル分析\企画リサーチ_20260605\script_csv_assets\3--0kTxRugQ.csv,133350,gs://senior-share-staging-570862915709/naresome_script_csv/3--0kTxRugQ.csv
8qch3McxRY0,E:\Data\ObsidianVault\02_Channels\馴れ初めシネマ\競合チャンネル分析\企画リサーチ_20260605\script_csv_assets\8qch3McxRY0.csv,87730,gs://senior-share-staging-570862915709/naresome_script_csv/8qch3McxRY0.csv
UQ4ifnv5GBk,E:\Data\ObsidianVault\02_Channels\馴れ初めシネマ\競合チャンネル分析\企画リサーチ_20260605\script_csv_assets\UQ4ifnv5GBk.csv,82466,gs://senior-share-staging-570862915709/naresome_script_csv/UQ4ifnv5GBk.csv
of84vHoi9Yw,E:\Data\ObsidianVault\02_Channels\馴れ初めシネマ\競合チャンネル分析\企画リサーチ_20260605\script_csv_assets\of84vHoi9Yw.csv,81897,gs://senior-share-staging-570862915709/naresome_script_csv/of84vHoi9Yw.csv
V48Oznocrbs,E:\Data\ObsidianVault\02_Channels\馴れ初めシネマ\競合チャンネル分析\企画リサーチ_20260605\script_csv_assets\V48Oznocrbs.csv,58734,gs://senior-share-staging-570862915709/naresome_script_csv/V48Oznocrbs.csv
-9Mc_XgF5nc,E:\Data\ObsidianVault\02_Channels\馴れ初めシネマ\競合チャンネル分析\企画リサーチ_20260605\script_csv_assets\-9Mc_XgF5nc.csv,77034,gs://senior-share-staging-570862915709/naresome_script_csv/-9Mc_XgF5nc.csv
I-EXs0sFAp4,E:\Data\ObsidianVault\02_Channels\馴れ初めシネマ\競合チャンネル分析\企画リサーチ_20260605\script_csv_assets\I-EXs0sFAp4.csv,84344,gs://senior-share-staging-570862915709/naresome_script_csv/I-EXs0sFAp4.csv
lgqV0o7JjB0,E:\Data\ObsidianVault\02_Channels\馴れ初めシネマ\競合チャンネル分析\企画リサーチ_20260605\script_csv_assets\lgqV0o7JjB0.csv,79835,gs://senior-share-staging-570862915709/naresome_script_csv/lgqV0o7JjB0.csv
c_L5m6uGyM0,E:\Data\ObsidianVault\02_Channels\馴れ初めシネマ\競合チャンネル分析\企画リサーチ_20260605\script_csv_assets\c_L5m6uGyM0.csv,198143,gs://senior-share-staging-570862915709/naresome_script_csv/c_L5m6uGyM0.csv
jZm5DFOeVxA,E:\Data\ObsidianVault\02_Channels\馴れ初めシネマ\競合チャンネル分析\企画リサーチ_20260605\script_csv_assets\jZm5DFOeVxA.csv,112677,gs://senior-share-staging-570862915709/naresome_script_csv/jZm5DFOeVxA.csv
jJ4O5oVBCDA,E:\Data\ObsidianVault\02_Channels\馴れ初めシネマ\競合チャンネル分析\企画リサーチ_20260605\script_csv_assets\jJ4O5oVBCDA.csv,73346,gs://senior-share-staging-570862915709/naresome_script_csv/jJ4O5oVBCDA.csv
P5OCqmuZpXc,E:\Data\ObsidianVault\02_Channels\馴れ初めシネマ\競合チャンネル分析\企画リサーチ_20260605\script_csv_assets\P5OCqmuZpXc.csv,61467,gs://senior-share-staging-570862915709/naresome_script_csv/P5OCqmuZpXc.csv
hN6jZ7DTkL8,E:\Data\ObsidianVault\02_Channels\馴れ初めシネマ\競合チャンネル分析\企画リサーチ_20260605\script_csv_assets\hN6jZ7DTkL8.csv,74587,gs://senior-share-staging-570862915709/naresome_script_csv/hN6jZ7DTkL8.csv
UoV1MkJP9BU,E:\Data\ObsidianVault\02_Channels\馴れ初めシネマ\競合チャンネル分析\企画リサーチ_20260605\script_csv_assets\UoV1MkJP9BU.csv,63152,gs://senior-share-staging-570862915709/naresome_script_csv/UoV1MkJP9BU.csv
wnODHomsuYI,E:\Data\ObsidianVault\02_Channels\馴れ初めシネマ\競合チャンネル分析\企画リサーチ_20260605\script_csv_assets\wnODHomsuYI.csv,73644,gs://senior-share-staging-570862915709/naresome_script_csv/wnODHomsuYI.csv
HaufrJlNOlo,E:\Data\ObsidianVault\02_Channels\馴れ初めシネマ\競合チャンネル分析\企画リサーチ_20260605\script_csv_assets\HaufrJlNOlo.csv,122117,gs://senior-share-staging-570862915709/naresome_script_csv/HaufrJlNOlo.csv
_Nhk3Yij1oY,E:\Data\ObsidianVault\02_Channels\馴れ初めシネマ\競合チャンネル分析\企画リサーチ_20260605\script_csv_assets\_Nhk3Yij1oY.csv,107343,gs://senior-share-staging-570862915709/naresome_script_csv/_Nhk3Yij1oY.csv
xbv6zMUbCHE,E:\Data\ObsidianVault\02_Channels\馴れ初めシネマ\競合チャンネル分析\企画リサーチ_20260605\script_csv_assets\xbv6zMUbCHE.csv,106315,gs://senior-share-staging-570862915709/naresome_script_csv/xbv6zMUbCHE.csv
H9dy2Jw0RdU,E:\Data\ObsidianVault\02_Channels\馴れ初めシネマ\競合チャンネル分析\企画リサーチ_20260605\script_csv_assets\H9dy2Jw0RdU.csv,101387,gs://senior-share-staging-570862915709/naresome_script_csv/H9dy2Jw0RdU.csv
XzdDSN2BHxc,E:\Data\ObsidianVault\02_Channels\馴れ初めシネマ\競合チャンネル分析\企画リサーチ_20260605\script_csv_assets\XzdDSN2BHxc.csv,73775,gs://senior-share-staging-570862915709/naresome_script_csv/XzdDSN2BHxc.csv
hRJYOBcV1JY,E:\Data\ObsidianVault\02_Channels\馴れ初めシネマ\競合チャンネル分析\企画リサーチ_20260605\script_csv_assets\hRJYOBcV1JY.csv,111627,gs://senior-share-staging-570862915709/naresome_script_csv/hRJYOBcV1JY.csv
pcDzFPV-1Lo,E:\Data\ObsidianVault\02_Channels\馴れ初めシネマ\競合チャンネル分析\企画リサーチ_20260605\script_csv_assets\pcDzFPV-1Lo.csv,104691,gs://senior-share-staging-570862915709/naresome_script_csv/pcDzFPV-1Lo.csv
CcJFMRMQr74,E:\Data\ObsidianVault\02_Channels\馴れ初めシネマ\競合チャンネル分析\企画リサーチ_20260605\script_csv_assets\CcJFMRMQr74.csv,52869,gs://senior-share-staging-570862915709/naresome_script_csv/CcJFMRMQr74.csv
isPm6_vGiTs,E:\Data\ObsidianVault\02_Channels\馴れ初めシネマ\競合チャンネル分析\企画リサーチ_20260605\script_csv_assets\isPm6_vGiTs.csv,108996,gs://senior-share-staging-570862915709/naresome_script_csv/isPm6_vGiTs.csv
dYAHkWN7VYA,E:\Data\ObsidianVault\02_Channels\馴れ初めシネマ\競合チャンネル分析\企画リサーチ_20260605\script_csv_assets\dYAHkWN7VYA.csv,66078,gs://senior-share-staging-570862915709/naresome_script_csv/dYAHkWN7VYA.csv
Flo99xLUhSw,E:\Data\ObsidianVault\02_Channels\馴れ初めシネマ\競合チャンネル分析\企画リサーチ_20260605\script_csv_assets\Flo99xLUhSw.csv,85374,gs://senior-share-staging-570862915709/naresome_script_csv/Flo99xLUhSw.csv
et0BSY3EszU,E:\Data\ObsidianVault\02_Channels\馴れ初めシネマ\競合チャンネル分析\企画リサーチ_20260605\script_csv_assets\et0BSY3EszU.csv,81386,gs://senior-share-staging-570862915709/naresome_script_csv/et0BSY3EszU.csv
MrJyiZYqncc,E:\Data\ObsidianVault\02_Channels\馴れ初めシネマ\競合チャンネル分析\企画リサーチ_20260605\script_csv_assets\MrJyiZYqncc.csv,85442,gs://senior-share-staging-570862915709/naresome_script_csv/MrJyiZYqncc.csv
hfFh5RfAlu0,E:\Data\ObsidianVault\02_Channels\馴れ初めシネマ\競合チャンネル分析\企画リサーチ_20260605\script_csv_assets\hfFh5RfAlu0.csv,69734,gs://senior-share-staging-570862915709/naresome_script_csv/hfFh5RfAlu0.csv
VovwDgOLW1k,E:\Data\ObsidianVault\02_Channels\馴れ初めシネマ\競合チャンネル分析\企画リサーチ_20260605\script_csv_assets\VovwDgOLW1k.csv,133953,gs://senior-share-staging-570862915709/naresome_script_csv/VovwDgOLW1k.csv
5f541Rh05iQ,E:\Data\ObsidianVault\02_Channels\馴れ初めシネマ\競合チャンネル分析\企画リサーチ_20260605\script_csv_assets\5f541Rh05iQ.csv,62470,gs://senior-share-staging-570862915709/naresome_script_csv/5f541Rh05iQ.csv
yYguLyYHQ2w,E:\Data\ObsidianVault\02_Channels\馴れ初めシネマ\競合チャンネル分析\企画リサーチ_20260605\script_csv_assets\yYguLyYHQ2w.csv,106727,gs://senior-share-staging-570862915709/naresome_script_csv/yYguLyYHQ2w.csv
4v4GiPjHDzU,E:\Data\ObsidianVault\02_Channels\馴れ初めシネマ\競合チャンネル分析\企画リサーチ_20260605\script_csv_assets\4v4GiPjHDzU.csv,67904,gs://senior-share-staging-570862915709/naresome_script_csv/4v4GiPjHDzU.csv
EEovgTHLEWI,E:\Data\ObsidianVault\02_Channels\馴れ初めシネマ\競合チャンネル分析\企画リサーチ_20260605\script_csv_assets\EEovgTHLEWI.csv,78444,gs://senior-share-staging-570862915709/naresome_script_csv/EEovgTHLEWI.csv
56ChXsz0z44,E:\Data\ObsidianVault\02_Channels\馴れ初めシネマ\競合チャンネル分析\企画リサーチ_20260605\script_csv_assets\56ChXsz0z44.csv,135923,gs://senior-share-staging-570862915709/naresome_script_csv/56ChXsz0z44.csv
TVSZuMY2AeI,E:\Data\ObsidianVault\02_Channels\馴れ初めシネマ\競合チャンネル分析\企画リサーチ_20260605\script_csv_assets\TVSZuMY2AeI.csv,163073,gs://senior-share-staging-570862915709/naresome_script_csv/TVSZuMY2AeI.csv
1Q4UN_qR-4s,E:\Data\ObsidianVault\02_Channels\馴れ初めシネマ\競合チャンネル分析\企画リサーチ_20260605\script_csv_assets\1Q4UN_qR-4s.csv,174560,gs://senior-share-staging-570862915709/naresome_script_csv/1Q4UN_qR-4s.csv
KNR2cu4viSs,E:\Data\ObsidianVault\02_Channels\馴れ初めシネマ\競合チャンネル分析\企画リサーチ_20260605\script_csv_assets\KNR2cu4viSs.csv,97991,gs://senior-share-staging-570862915709/naresome_script_csv/KNR2cu4viSs.csv
SPbJmFUDrMM,E:\Data\ObsidianVault\02_Channels\馴れ初めシネマ\競合チャンネル分析\企画リサーチ_20260605\script_csv_assets\SPbJmFUDrMM.csv,67949,gs://senior-share-staging-570862915709/naresome_script_csv/SPbJmFUDrMM.csv
WMFySTE4rJA,E:\Data\ObsidianVault\02_Channels\馴れ初めシネマ\競合チャンネル分析\企画リサーチ_20260605\script_csv_assets\WMFySTE4rJA.csv,146516,gs://senior-share-staging-570862915709/naresome_script_csv/WMFySTE4rJA.csv
3IZMfUwzm0M,E:\Data\ObsidianVault\02_Channels\馴れ初めシネマ\競合チャンネル分析\企画リサーチ_20260605\script_csv_assets\3IZMfUwzm0M.csv,126924,gs://senior-share-staging-570862915709/naresome_script_csv/3IZMfUwzm0M.csv
Oafph06OXKQ,E:\Data\ObsidianVault\02_Channels\馴れ初めシネマ\競合チャンネル分析\企画リサーチ_20260605\script_csv_assets\Oafph06OXKQ.csv,68955,gs://senior-share-staging-570862915709/naresome_script_csv/Oafph06OXKQ.csv
rOynWuvPPrg,E:\Data\ObsidianVault\02_Channels\馴れ初めシネマ\競合チャンネル分析\企画リサーチ_20260605\script_csv_assets\rOynWuvPPrg.csv,79182,gs://senior-share-staging-570862915709/naresome_script_csv/rOynWuvPPrg.csv
pw3RS4GfnrU,E:\Data\ObsidianVault\02_Channels\馴れ初めシネマ\競合チャンネル分析\企画リサーチ_20260605\script_csv_assets\pw3RS4GfnrU.csv,79255,gs://senior-share-staging-570862915709/naresome_script_csv/pw3RS4GfnrU.csv
qv-ogLgqm8U,E:\Data\ObsidianVault\02_Channels\馴れ初めシネマ\競合チャンネル分析\企画リサーチ_20260605\script_csv_assets\qv-ogLgqm8U.csv,169868,gs://senior-share-staging-570862915709/naresome_script_csv/qv-ogLgqm8U.csv
7dGUoXgcq1c,E:\Data\ObsidianVault\02_Channels\馴れ初めシネマ\競合チャンネル分析\企画リサーチ_20260605\script_csv_assets\7dGUoXgcq1c.csv,48326,gs://senior-share-staging-570862915709/naresome_script_csv/7dGUoXgcq1c.csv
46jF8Nns8ko,E:\Data\ObsidianVault\02_Channels\馴れ初めシネマ\競合チャンネル分析\企画リサーチ_20260605\script_csv_assets\46jF8Nns8ko.csv,87626,gs://senior-share-staging-570862915709/naresome_script_csv/46jF8Nns8ko.csv
4CrKOZMP_Zc,E:\Data\ObsidianVault\02_Channels\馴れ初めシネマ\競合チャンネル分析\企画リサーチ_20260605\script_csv_assets\4CrKOZMP_Zc.csv,57399,gs://senior-share-staging-570862915709/naresome_script_csv/4CrKOZMP_Zc.csv
csNQ_BqASes,E:\Data\ObsidianVault\02_Channels\馴れ初めシネマ\競合チャンネル分析\企画リサーチ_20260605\script_csv_assets\csNQ_BqASes.csv,68905,gs://senior-share-staging-570862915709/naresome_script_csv/csNQ_BqASes.csv
QezWwJyD9Og,E:\Data\ObsidianVault\02_Channels\馴れ初めシネマ\競合チャンネル分析\企画リサーチ_20260605\script_csv_assets\QezWwJyD9Og.csv,75672,gs://senior-share-staging-570862915709/naresome_script_csv/QezWwJyD9Og.csv
38_ANZCQU34,E:\Data\ObsidianVault\02_Channels\馴れ初めシネマ\競合チャンネル分析\企画リサーチ_20260605\script_csv_assets\38_ANZCQU34.csv,69162,gs://senior-share-staging-570862915709/naresome_script_csv/38_ANZCQU34.csv
U_xWOye-UOY,E:\Data\ObsidianVault\02_Channels\馴れ初めシネマ\競合チャンネル分析\企画リサーチ_20260605\script_csv_assets\U_xWOye-UOY.csv,63200,gs://senior-share-staging-570862915709/naresome_script_csv/U_xWOye-UOY.csv
tcAEYnDR_LQ,E:\Data\ObsidianVault\02_Channels\馴れ初めシネマ\競合チャンネル分析\企画リサーチ_20260605\script_csv_assets\tcAEYnDR_LQ.csv,90280,gs://senior-share-staging-570862915709/naresome_script_csv/tcAEYnDR_LQ.csv
zj8U7e4siD8,E:\Data\ObsidianVault\02_Channels\馴れ初めシネマ\競合チャンネル分析\企画リサーチ_20260605\script_csv_assets\zj8U7e4siD8.csv,81161,gs://senior-share-staging-570862915709/naresome_script_csv/zj8U7e4siD8.csv
KamoxdUE77Q,E:\Data\ObsidianVault\02_Channels\馴れ初めシネマ\競合チャンネル分析\企画リサーチ_20260605\script_csv_assets\KamoxdUE77Q.csv,78747,gs://senior-share-staging-570862915709/naresome_script_csv/KamoxdUE77Q.csv
KAWmNbI1Aew,E:\Data\ObsidianVault\02_Channels\馴れ初めシネマ\競合チャンネル分析\企画リサーチ_20260605\script_csv_assets\KAWmNbI1Aew.csv,88237,gs://senior-share-staging-570862915709/naresome_script_csv/KAWmNbI1Aew.csv
SnWS6-Jq6Qg,E:\Data\ObsidianVault\02_Channels\馴れ初めシネマ\競合チャンネル分析\企画リサーチ_20260605\script_csv_assets\SnWS6-Jq6Qg.csv,130469,gs://senior-share-staging-570862915709/naresome_script_csv/SnWS6-Jq6Qg.csv
Ycac6Vbbq5k,E:\Data\ObsidianVault\02_Channels\馴れ初めシネマ\競合チャンネル分析\企画リサーチ_20260605\script_csv_assets\Ycac6Vbbq5k.csv,159807,gs://senior-share-staging-570862915709/naresome_script_csv/Ycac6Vbbq5k.csv
J6L8ZBEbxyk,E:\Data\ObsidianVault\02_Channels\馴れ初めシネマ\競合チャンネル分析\企画リサーチ_20260605\script_csv_assets\J6L8ZBEbxyk.csv,137903,gs://senior-share-staging-570862915709/naresome_script_csv/J6L8ZBEbxyk.csv
pBzqJtNbf_s,E:\Data\ObsidianVault\02_Channels\馴れ初めシネマ\競合チャンネル分析\企画リサーチ_20260605\script_csv_assets\pBzqJtNbf_s.csv,65042,gs://senior-share-staging-570862915709/naresome_script_csv/pBzqJtNbf_s.csv
GfQOcoPwIf8,E:\Data\ObsidianVault\02_Channels\馴れ初めシネマ\競合チャンネル分析\企画リサーチ_20260605\script_csv_assets\GfQOcoPwIf8.csv,71348,gs://senior-share-staging-570862915709/naresome_script_csv/GfQOcoPwIf8.csv
kziIQ8DeezY,E:\Data\ObsidianVault\02_Channels\馴れ初めシネマ\競合チャンネル分析\企画リサーチ_20260605\script_csv_assets\kziIQ8DeezY.csv,54251,gs://senior-share-staging-570862915709/naresome_script_csv/kziIQ8DeezY.csv
rvBlBULbJNk,E:\Data\ObsidianVault\02_Channels\馴れ初めシネマ\競合チャンネル分析\企画リサーチ_20260605\script_csv_assets\rvBlBULbJNk.csv,149766,gs://senior-share-staging-570862915709/naresome_script_csv/rvBlBULbJNk.csv
F60e4M-IuX0,E:\Data\ObsidianVault\02_Channels\馴れ初めシネマ\競合チャンネル分析\企画リサーチ_20260605\script_csv_assets\F60e4M-IuX0.csv,51571,gs://senior-share-staging-570862915709/naresome_script_csv/F60e4M-IuX0.csv
MtbaDfZXSFo,E:\Data\ObsidianVault\02_Channels\馴れ初めシネマ\競合チャンネル分析\企画リサーチ_20260605\script_csv_assets\MtbaDfZXSFo.csv,115223,gs://senior-share-staging-570862915709/naresome_script_csv/MtbaDfZXSFo.csv
WRpoIYWtqYs,E:\Data\ObsidianVault\02_Channels\馴れ初めシネマ\競合チャンネル分析\企画リサーチ_20260605\script_csv_assets\WRpoIYWtqYs.csv,57577,gs://senior-share-staging-570862915709/naresome_script_csv/WRpoIYWtqYs.csv
vnmZxtVcnXI,E:\Data\ObsidianVault\02_Channels\馴れ初めシネマ\競合チャンネル分析\企画リサーチ_20260605\script_csv_assets\vnmZxtVcnXI.csv,93687,gs://senior-share-staging-570862915709/naresome_script_csv/vnmZxtVcnXI.csv
82jmYWifCPs,E:\Data\ObsidianVault\02_Channels\馴れ初めシネマ\競合チャンネル分析\企画リサーチ_20260605\script_csv_assets\82jmYWifCPs.csv,103891,gs://senior-share-staging-570862915709/naresome_script_csv/82jmYWifCPs.csv
WxuN7DVBPM4,E:\Data\ObsidianVault\02_Channels\馴れ初めシネマ\競合チャンネル分析\企画リサーチ_20260605\script_csv_assets\WxuN7DVBPM4.csv,102178,gs://senior-share-staging-570862915709/naresome_script_csv/WxuN7DVBPM4.csv
w2kZnEZHhQo,E:\Data\ObsidianVault\02_Channels\馴れ初めシネマ\競合チャンネル分析\企画リサーチ_20260605\script_csv_assets\w2kZnEZHhQo.csv,67256,gs://senior-share-staging-570862915709/naresome_script_csv/w2kZnEZHhQo.csv
0W4Oy6878_w,E:\Data\ObsidianVault\02_Channels\馴れ初めシネマ\競合チャンネル分析\企画リサーチ_20260605\script_csv_assets\0W4Oy6878_w.csv,100574,gs://senior-share-staging-570862915709/naresome_script_csv/0W4Oy6878_w.csv
TyBgfYpUNb0,E:\Data\ObsidianVault\02_Channels\馴れ初めシネマ\競合チャンネル分析\企画リサーチ_20260605\script_csv_assets\TyBgfYpUNb0.csv,107693,gs://senior-share-staging-570862915709/naresome_script_csv/TyBgfYpUNb0.csv
svOluAXXx2o,E:\Data\ObsidianVault\02_Channels\馴れ初めシネマ\競合チャンネル分析\企画リサーチ_20260605\script_csv_assets\svOluAXXx2o.csv,65509,gs://senior-share-staging-570862915709/naresome_script_csv/svOluAXXx2o.csv
MKfr1_sM1CQ,E:\Data\ObsidianVault\02_Channels\馴れ初めシネマ\競合チャンネル分析\企画リサーチ_20260605\script_csv_assets\MKfr1_sM1CQ.csv,60465,gs://senior-share-staging-570862915709/naresome_script_csv/MKfr1_sM1CQ.csv
dT1R66Gi09g,E:\Data\ObsidianVault\02_Channels\馴れ初めシネマ\競合チャンネル分析\企画リサーチ_20260605\script_csv_assets\dT1R66Gi09g.csv,61535,gs://senior-share-staging-570862915709/naresome_script_csv/dT1R66Gi09g.csv
yVUg6UCduS4,E:\Data\ObsidianVault\02_Channels\馴れ初めシネマ\競合チャンネル分析\企画リサーチ_20260605\script_csv_assets\yVUg6UCduS4.csv,87592,gs://senior-share-staging-570862915709/naresome_script_csv/yVUg6UCduS4.csv
qC-baw2Q290,E:\Data\ObsidianVault\02_Channels\馴れ初めシネマ\競合チャンネル分析\企画リサーチ_20260605\script_csv_assets\qC-baw2Q290.csv,61932,gs://senior-share-staging-570862915709/naresome_script_csv/qC-baw2Q290.csv
QT9_CLSQ_18,E:\Data\ObsidianVault\02_Channels\馴れ初めシネマ\競合チャンネル分析\企画リサーチ_20260605\script_csv_assets\QT9_CLSQ_18.csv,127933,gs://senior-share-staging-570862915709/naresome_script_csv/QT9_CLSQ_18.csv
RyArr74c8qI,E:\Data\ObsidianVault\02_Channels\馴れ初めシネマ\競合チャンネル分析\企画リサーチ_20260605\script_csv_assets\RyArr74c8qI.csv,76631,gs://senior-share-staging-570862915709/naresome_script_csv/RyArr74c8qI.csv
3mNjjZHglog,E:\Data\ObsidianVault\02_Channels\馴れ初めシネマ\競合チャンネル分析\企画リサーチ_20260605\script_csv_assets\3mNjjZHglog.csv,84060,gs://senior-share-staging-570862915709/naresome_script_csv/3mNjjZHglog.csv
o9VADxyTqII,E:\Data\ObsidianVault\02_Channels\馴れ初めシネマ\競合チャンネル分析\企画リサーチ_20260605\script_csv_assets\o9VADxyTqII.csv,68464,gs://senior-share-staging-570862915709/naresome_script_csv/o9VADxyTqII.csv
1_YOUix1a7E,E:\Data\ObsidianVault\02_Channels\馴れ初めシネマ\競合チャンネル分析\企画リサーチ_20260605\script_csv_assets\1_YOUix1a7E.csv,63393,gs://senior-share-staging-570862915709/naresome_script_csv/1_YOUix1a7E.csv
-AI__f4LoRc,E:\Data\ObsidianVault\02_Channels\馴れ初めシネマ\競合チャンネル分析\企画リサーチ_20260605\script_csv_assets\-AI__f4LoRc.csv,85812,gs://senior-share-staging-570862915709/naresome_script_csv/-AI__f4LoRc.csv
lZsifhw5uvg,E:\Data\ObsidianVault\02_Channels\馴れ初めシネマ\競合チャンネル分析\企画リサーチ_20260605\script_csv_assets\lZsifhw5uvg.csv,50981,gs://senior-share-staging-570862915709/naresome_script_csv/lZsifhw5uvg.csv
G32vqtGa1a0,E:\Data\ObsidianVault\02_Channels\馴れ初めシネマ\競合チャンネル分析\企画リサーチ_20260605\script_csv_assets\G32vqtGa1a0.csv,101015,gs://senior-share-staging-570862915709/naresome_script_csv/G32vqtGa1a0.csv
tRzuCwepzTg,E:\Data\ObsidianVault\02_Channels\馴れ初めシネマ\競合チャンネル分析\企画リサーチ_20260605\script_csv_assets\tRzuCwepzTg.csv,70157,gs://senior-share-staging-570862915709/naresome_script_csv/tRzuCwepzTg.csv
M1hRgm7m6Ow,E:\Data\ObsidianVault\02_Channels\馴れ初めシネマ\競合チャンネル分析\企画リサーチ_20260605\script_csv_assets\M1hRgm7m6Ow.csv,123827,gs://senior-share-staging-570862915709/naresome_script_csv/M1hRgm7m6Ow.csv
pqWvXwHUHfU,E:\Data\ObsidianVault\02_Channels\馴れ初めシネマ\競合チャンネル分析\企画リサーチ_20260605\script_csv_assets\pqWvXwHUHfU.csv,158830,gs://senior-share-staging-570862915709/naresome_script_csv/pqWvXwHUHfU.csv
X6vC1Kk24aM,E:\Data\ObsidianVault\02_Channels\馴れ初めシネマ\競合チャンネル分析\企画リサーチ_20260605\script_csv_assets\X6vC1Kk24aM.csv,86162,gs://senior-share-staging-570862915709/naresome_script_csv/X6vC1Kk24aM.csv
xNgW_Q1CkbU,E:\Data\ObsidianVault\02_Channels\馴れ初めシネマ\競合チャンネル分析\企画リサーチ_20260605\script_csv_assets\xNgW_Q1CkbU.csv,58375,gs://senior-share-staging-570862915709/naresome_script_csv/xNgW_Q1CkbU.csv
Dx5f5vD71M8,E:\Data\ObsidianVault\02_Channels\馴れ初めシネマ\競合チャンネル分析\企画リサーチ_20260605\script_csv_assets\Dx5f5vD71M8.csv,73970,gs://senior-share-staging-570862915709/naresome_script_csv/Dx5f5vD71M8.csv
3BvcCOd0V5s,E:\Data\ObsidianVault\02_Channels\馴れ初めシネマ\競合チャンネル分析\企画リサーチ_20260605\script_csv_assets\3BvcCOd0V5s.csv,97322,gs://senior-share-staging-570862915709/naresome_script_csv/3BvcCOd0V5s.csv
PyD0-NUhIHo,E:\Data\ObsidianVault\02_Channels\馴れ初めシネマ\競合チャンネル分析\企画リサーチ_20260605\script_csv_assets\PyD0-NUhIHo.csv,68052,gs://senior-share-staging-570862915709/naresome_script_csv/PyD0-NUhIHo.csv
yJlxJSUKQlI,E:\Data\ObsidianVault\02_Channels\馴れ初めシネマ\競合チャンネル分析\企画リサーチ_20260605\script_csv_assets\yJlxJSUKQlI.csv,95286,gs://senior-share-staging-570862915709/naresome_script_csv/yJlxJSUKQlI.csv
m--QJIJquAY,E:\Data\ObsidianVault\02_Channels\馴れ初めシネマ\競合チャンネル分析\企画リサーチ_20260605\script_csv_assets\m--QJIJquAY.csv,84772,gs://senior-share-staging-570862915709/naresome_script_csv/m--QJIJquAY.csv
_479sbz6jEI,E:\Data\ObsidianVault\02_Channels\馴れ初めシネマ\競合チャンネル分析\企画リサーチ_20260605\script_csv_assets\_479sbz6jEI.csv,97379,gs://senior-share-staging-570862915709/naresome_script_csv/_479sbz6jEI.csv
Wj2THzG8KTQ,E:\Data\ObsidianVault\02_Channels\馴れ初めシネマ\競合チャンネル分析\企画リサーチ_20260605\script_csv_assets\Wj2THzG8KTQ.csv,101144,gs://senior-share-staging-570862915709/naresome_script_csv/Wj2THzG8KTQ.csv
HWA-beuSTfU,E:\Data\ObsidianVault\02_Channels\馴れ初めシネマ\競合チャンネル分析\企画リサーチ_20260605\script_csv_assets\HWA-beuSTfU.csv,58143,gs://senior-share-staging-570862915709/naresome_script_csv/HWA-beuSTfU.csv
Bhl7F1YBNyg,E:\Data\ObsidianVault\02_Channels\馴れ初めシネマ\競合チャンネル分析\企画リサーチ_20260605\script_csv_assets\Bhl7F1YBNyg.csv,118876,gs://senior-share-staging-570862915709/naresome_script_csv/Bhl7F1YBNyg.csv
0figPpEV9sc,E:\Data\ObsidianVault\02_Channels\馴れ初めシネマ\競合チャンネル分析\企画リサーチ_20260605\script_csv_assets\0figPpEV9sc.csv,68871,gs://senior-share-staging-570862915709/naresome_script_csv/0figPpEV9sc.csv
QXVomzOHFgc,E:\Data\ObsidianVault\02_Channels\馴れ初めシネマ\競合チャンネル分析\企画リサーチ_20260605\script_csv_assets\QXVomzOHFgc.csv,65984,gs://senior-share-staging-570862915709/naresome_script_csv/QXVomzOHFgc.csv
G3VTO89bD3w,E:\Data\ObsidianVault\02_Channels\馴れ初めシネマ\競合チャンネル分析\企画リサーチ_20260605\script_csv_assets\G3VTO89bD3w.csv,171546,gs://senior-share-staging-570862915709/naresome_script_csv/G3VTO89bD3w.csv
VS-xomR7M6c,E:\Data\ObsidianVault\02_Channels\馴れ初めシネマ\競合チャンネル分析\企画リサーチ_20260605\script_csv_assets\VS-xomR7M6c.csv,55515,gs://senior-share-staging-570862915709/naresome_script_csv/VS-xomR7M6c.csv
-QWhf_exEK8,E:\Data\ObsidianVault\02_Channels\馴れ初めシネマ\競合チャンネル分析\企画リサーチ_20260605\script_csv_assets\-QWhf_exEK8.csv,48467,gs://senior-share-staging-570862915709/naresome_script_csv/-QWhf_exEK8.csv
wg2qDZ-Qz4c,E:\Data\ObsidianVault\02_Channels\馴れ初めシネマ\競合チャンネル分析\企画リサーチ_20260605\script_csv_assets\wg2qDZ-Qz4c.csv,61973,gs://senior-share-staging-570862915709/naresome_script_csv/wg2qDZ-Qz4c.csv
AEvwJ19ZRT0,E:\Data\ObsidianVault\02_Channels\馴れ初めシネマ\競合チャンネル分析\企画リサーチ_20260605\script_csv_assets\AEvwJ19ZRT0.csv,61370,gs://senior-share-staging-570862915709/naresome_script_csv/AEvwJ19ZRT0.csv
rXaygGbECfs,E:\Data\ObsidianVault\02_Channels\馴れ初めシネマ\競合チャンネル分析\企画リサーチ_20260605\script_csv_assets\rXaygGbECfs.csv,54931,gs://senior-share-staging-570862915709/naresome_script_csv/rXaygGbECfs.csv
MgqBTobSfXM,E:\Data\ObsidianVault\02_Channels\馴れ初めシネマ\競合チャンネル分析\企画リサーチ_20260605\script_csv_assets\MgqBTobSfXM.csv,47833,gs://senior-share-staging-570862915709/naresome_script_csv/MgqBTobSfXM.csv
R1xIrk9HXmo,E:\Data\ObsidianVault\02_Channels\馴れ初めシネマ\競合チャンネル分析\企画リサーチ_20260605\script_csv_assets\R1xIrk9HXmo.csv,83803,gs://senior-share-staging-570862915709/naresome_script_csv/R1xIrk9HXmo.csv
S91W_gA1Bcw,E:\Data\ObsidianVault\02_Channels\馴れ初めシネマ\競合チャンネル分析\企画リサーチ_20260605\script_csv_assets\S91W_gA1Bcw.csv,69693,gs://senior-share-staging-570862915709/naresome_script_csv/S91W_gA1Bcw.csv
4SH98rl69ZA,E:\Data\ObsidianVault\02_Channels\馴れ初めシネマ\競合チャンネル分析\企画リサーチ_20260605\script_csv_assets\4SH98rl69ZA.csv,73135,gs://senior-share-staging-570862915709/naresome_script_csv/4SH98rl69ZA.csv
kEWgrBegaq8,E:\Data\ObsidianVault\02_Channels\馴れ初めシネマ\競合チャンネル分析\企画リサーチ_20260605\script_csv_assets\kEWgrBegaq8.csv,75489,gs://senior-share-staging-570862915709/naresome_script_csv/kEWgrBegaq8.csv
yWk7sMFcErE,E:\Data\ObsidianVault\02_Channels\馴れ初めシネマ\競合チャンネル分析\企画リサーチ_20260605\script_csv_assets\yWk7sMFcErE.csv,77147,gs://senior-share-staging-570862915709/naresome_script_csv/yWk7sMFcErE.csv
tml6ObN2rDQ,E:\Data\ObsidianVault\02_Channels\馴れ初めシネマ\競合チャンネル分析\企画リサーチ_20260605\script_csv_assets\tml6ObN2rDQ.csv,67344,gs://senior-share-staging-570862915709/naresome_script_csv/tml6ObN2rDQ.csv
LL3wTmElddI,E:\Data\ObsidianVault\02_Channels\馴れ初めシネマ\競合チャンネル分析\企画リサーチ_20260605\script_csv_assets\LL3wTmElddI.csv,65410,gs://senior-share-staging-570862915709/naresome_script_csv/LL3wTmElddI.csv
bruIq-NjxHI,E:\Data\ObsidianVault\02_Channels\馴れ初めシネマ\競合チャンネル分析\企画リサーチ_20260605\script_csv_assets\bruIq-NjxHI.csv,75496,gs://senior-share-staging-570862915709/naresome_script_csv/bruIq-NjxHI.csv
LTdbTKjS8TE,E:\Data\ObsidianVault\02_Channels\馴れ初めシネマ\競合チャンネル分析\企画リサーチ_20260605\script_csv_assets\LTdbTKjS8TE.csv,126616,gs://senior-share-staging-570862915709/naresome_script_csv/LTdbTKjS8TE.csv
GBXBVYOXFS4,E:\Data\ObsidianVault\02_Channels\馴れ初めシネマ\競合チャンネル分析\企画リサーチ_20260605\script_csv_assets\GBXBVYOXFS4.csv,74480,gs://senior-share-staging-570862915709/naresome_script_csv/GBXBVYOXFS4.csv
eZVgnASMa5w,E:\Data\ObsidianVault\02_Channels\馴れ初めシネマ\競合チャンネル分析\企画リサーチ_20260605\script_csv_assets\eZVgnASMa5w.csv,86671,gs://senior-share-staging-570862915709/naresome_script_csv/eZVgnASMa5w.csv
4pWPAp2kEt0,E:\Data\ObsidianVault\02_Channels\馴れ初めシネマ\競合チャンネル分析\企画リサーチ_20260605\script_csv_assets\4pWPAp2kEt0.csv,70432,gs://senior-share-staging-570862915709/naresome_script_csv/4pWPAp2kEt0.csv
kBMBKaI2V7A,E:\Data\ObsidianVault\02_Channels\馴れ初めシネマ\競合チャンネル分析\企画リサーチ_20260605\script_csv_assets\kBMBKaI2V7A.csv,133648,gs://senior-share-staging-570862915709/naresome_script_csv/kBMBKaI2V7A.csv
Qb4jBG1YQmM,E:\Data\ObsidianVault\02_Channels\馴れ初めシネマ\競合チャンネル分析\企画リサーチ_20260605\script_csv_assets\Qb4jBG1YQmM.csv,149804,gs://senior-share-staging-570862915709/naresome_script_csv/Qb4jBG1YQmM.csv
67UD5LnrADc,E:\Data\ObsidianVault\02_Channels\馴れ初めシネマ\競合チャンネル分析\企画リサーチ_20260605\script_csv_assets\67UD5LnrADc.csv,82111,gs://senior-share-staging-570862915709/naresome_script_csv/67UD5LnrADc.csv
tLm6MmoBn0w,E:\Data\ObsidianVault\02_Channels\馴れ初めシネマ\競合チャンネル分析\企画リサーチ_20260605\script_csv_assets\tLm6MmoBn0w.csv,78968,gs://senior-share-staging-570862915709/naresome_script_csv/tLm6MmoBn0w.csv
oqQ47JMqboo,E:\Data\ObsidianVault\02_Channels\馴れ初めシネマ\競合チャンネル分析\企画リサーチ_20260605\script_csv_assets\oqQ47JMqboo.csv,60678,gs://senior-share-staging-570862915709/naresome_script_csv/oqQ47JMqboo.csv
DtB8cdxTAnU,E:\Data\ObsidianVault\02_Channels\馴れ初めシネマ\競合チャンネル分析\企画リサーチ_20260605\script_csv_assets\DtB8cdxTAnU.csv,128205,gs://senior-share-staging-570862915709/naresome_script_csv/DtB8cdxTAnU.csv
nHw4RN9dbeE,E:\Data\ObsidianVault\02_Channels\馴れ初めシネマ\競合チャンネル分析\企画リサーチ_20260605\script_csv_assets\nHw4RN9dbeE.csv,144896,gs://senior-share-staging-570862915709/naresome_script_csv/nHw4RN9dbeE.csv
9JisBxvfqRI,E:\Data\ObsidianVault\02_Channels\馴れ初めシネマ\競合チャンネル分析\企画リサーチ_20260605\script_csv_assets\9JisBxvfqRI.csv,85023,gs://senior-share-staging-570862915709/naresome_script_csv/9JisBxvfqRI.csv
sSADdLFe1ns,E:\Data\ObsidianVault\02_Channels\馴れ初めシネマ\競合チャンネル分析\企画リサーチ_20260605\script_csv_assets\sSADdLFe1ns.csv,46875,gs://senior-share-staging-570862915709/naresome_script_csv/sSADdLFe1ns.csv
_PXk2Xyrkrk,E:\Data\ObsidianVault\02_Channels\馴れ初めシネマ\競合チャンネル分析\企画リサーチ_20260605\script_csv_assets\_PXk2Xyrkrk.csv,134586,gs://senior-share-staging-570862915709/naresome_script_csv/_PXk2Xyrkrk.csv
oexvfX4FTwo,E:\Data\ObsidianVault\02_Channels\馴れ初めシネマ\競合チャンネル分析\企画リサーチ_20260605\script_csv_assets\oexvfX4FTwo.csv,65431,gs://senior-share-staging-570862915709/naresome_script_csv/oexvfX4FTwo.csv
SE-chlActPA,E:\Data\ObsidianVault\02_Channels\馴れ初めシネマ\競合チャンネル分析\企画リサーチ_20260605\script_csv_assets\SE-chlActPA.csv,62595,gs://senior-share-staging-570862915709/naresome_script_csv/SE-chlActPA.csv
yuXppuICARY,E:\Data\ObsidianVault\02_Channels\馴れ初めシネマ\競合チャンネル分析\企画リサーチ_20260605\script_csv_assets\yuXppuICARY.csv,72768,gs://senior-share-staging-570862915709/naresome_script_csv/yuXppuICARY.csv
fTQDXFpJkBQ,E:\Data\ObsidianVault\02_Channels\馴れ初めシネマ\競合チャンネル分析\企画リサーチ_20260605\script_csv_assets\fTQDXFpJkBQ.csv,77652,gs://senior-share-staging-570862915709/naresome_script_csv/fTQDXFpJkBQ.csv
aACgTf3HpTU,E:\Data\ObsidianVault\02_Channels\馴れ初めシネマ\競合チャンネル分析\企画リサーチ_20260605\script_csv_assets\aACgTf3HpTU.csv,104802,gs://senior-share-staging-570862915709/naresome_script_csv/aACgTf3HpTU.csv
BMccnfLoiSE,E:\Data\ObsidianVault\02_Channels\馴れ初めシネマ\競合チャンネル分析\企画リサーチ_20260605\script_csv_assets\BMccnfLoiSE.csv,142551,gs://senior-share-staging-570862915709/naresome_script_csv/BMccnfLoiSE.csv
4YNM9OooYcw,E:\Data\ObsidianVault\02_Channels\馴れ初めシネマ\競合チャンネル分析\企画リサーチ_20260605\script_csv_assets\4YNM9OooYcw.csv,69926,gs://senior-share-staging-570862915709/naresome_script_csv/4YNM9OooYcw.csv
HmuWZ1lEbSc,E:\Data\ObsidianVault\02_Channels\馴れ初めシネマ\競合チャンネル分析\企画リサーチ_20260605\script_csv_assets\HmuWZ1lEbSc.csv,164574,gs://senior-share-staging-570862915709/naresome_script_csv/HmuWZ1lEbSc.csv
FQfSTnfiOHM,E:\Data\ObsidianVault\02_Channels\馴れ初めシネマ\競合チャンネル分析\企画リサーチ_20260605\script_csv_assets\FQfSTnfiOHM.csv,107832,gs://senior-share-staging-570862915709/naresome_script_csv/FQfSTnfiOHM.csv
5K7DJC3PnZ0,E:\Data\ObsidianVault\02_Channels\馴れ初めシネマ\競合チャンネル分析\企画リサーチ_20260605\script_csv_assets\5K7DJC3PnZ0.csv,67344,gs://senior-share-staging-570862915709/naresome_script_csv/5K7DJC3PnZ0.csv
DSWOS7vg0aM,E:\Data\ObsidianVault\02_Channels\馴れ初めシネマ\競合チャンネル分析\企画リサーチ_20260605\script_csv_assets\DSWOS7vg0aM.csv,134638,gs://senior-share-staging-570862915709/naresome_script_csv/DSWOS7vg0aM.csv
3xfzRFYduUQ,E:\Data\ObsidianVault\02_Channels\馴れ初めシネマ\競合チャンネル分析\企画リサーチ_20260605\script_csv_assets\3xfzRFYduUQ.csv,63282,gs://senior-share-staging-570862915709/naresome_script_csv/3xfzRFYduUQ.csv
neBLc4zEH7c,E:\Data\ObsidianVault\02_Channels\馴れ初めシネマ\競合チャンネル分析\企画リサーチ_20260605\script_csv_assets\neBLc4zEH7c.csv,115097,gs://senior-share-staging-570862915709/naresome_script_csv/neBLc4zEH7c.csv
DCbihbZ0wuw,E:\Data\ObsidianVault\02_Channels\馴れ初めシネマ\競合チャンネル分析\企画リサーチ_20260605\script_csv_assets\DCbihbZ0wuw.csv,137492,gs://senior-share-staging-570862915709/naresome_script_csv/DCbihbZ0wuw.csv
ws8wAEHUx6Q,E:\Data\ObsidianVault\02_Channels\馴れ初めシネマ\競合チャンネル分析\企画リサーチ_20260605\script_csv_assets\ws8wAEHUx6Q.csv,78974,gs://senior-share-staging-570862915709/naresome_script_csv/ws8wAEHUx6Q.csv
vm2LfjsmJB8,E:\Data\ObsidianVault\02_Channels\馴れ初めシネマ\競合チャンネル分析\企画リサーチ_20260605\script_csv_assets\vm2LfjsmJB8.csv,138458,gs://senior-share-staging-570862915709/naresome_script_csv/vm2LfjsmJB8.csv
DfSnfQ51Ots,E:\Data\ObsidianVault\02_Channels\馴れ初めシネマ\競合チャンネル分析\企画リサーチ_20260605\script_csv_assets\DfSnfQ51Ots.csv,82310,gs://senior-share-staging-570862915709/naresome_script_csv/DfSnfQ51Ots.csv
uJ2uYJ1-0w0,E:\Data\ObsidianVault\02_Channels\馴れ初めシネマ\競合チャンネル分析\企画リサーチ_20260605\script_csv_assets\uJ2uYJ1-0w0.csv,166055,gs://senior-share-staging-570862915709/naresome_script_csv/uJ2uYJ1-0w0.csv
O0NvFtCQpRE,E:\Data\ObsidianVault\02_Channels\馴れ初めシネマ\競合チャンネル分析\企画リサーチ_20260605\script_csv_assets\O0NvFtCQpRE.csv,70449,gs://senior-share-staging-570862915709/naresome_script_csv/O0NvFtCQpRE.csv
KpD9Pn2nPLo,E:\Data\ObsidianVault\02_Channels\馴れ初めシネマ\競合チャンネル分析\企画リサーチ_20260605\script_csv_assets\KpD9Pn2nPLo.csv,73757,gs://senior-share-staging-570862915709/naresome_script_csv/KpD9Pn2nPLo.csv
DxTipbFwz9c,E:\Data\ObsidianVault\02_Channels\馴れ初めシネマ\競合チャンネル分析\企画リサーチ_20260605\script_csv_assets\DxTipbFwz9c.csv,52447,gs://senior-share-staging-570862915709/naresome_script_csv/DxTipbFwz9c.csv
OuNXeCW2QS0,E:\Data\ObsidianVault\02_Channels\馴れ初めシネマ\競合チャンネル分析\企画リサーチ_20260605\script_csv_assets\OuNXeCW2QS0.csv,67441,gs://senior-share-staging-570862915709/naresome_script_csv/OuNXeCW2QS0.csv
v_8ReA0lCtw,E:\Data\ObsidianVault\02_Channels\馴れ初めシネマ\競合チャンネル分析\企画リサーチ_20260605\script_csv_assets\v_8ReA0lCtw.csv,55606,gs://senior-share-staging-570862915709/naresome_script_csv/v_8ReA0lCtw.csv
ycRqHqeALmo,E:\Data\ObsidianVault\02_Channels\馴れ初めシネマ\競合チャンネル分析\企画リサーチ_20260605\script_csv_assets\ycRqHqeALmo.csv,60513,gs://senior-share-staging-570862915709/naresome_script_csv/ycRqHqeALmo.csv
-Rxgbu4TTTM,E:\Data\ObsidianVault\02_Channels\馴れ初めシネマ\競合チャンネル分析\企画リサーチ_20260605\script_csv_assets\-Rxgbu4TTTM.csv,74886,gs://senior-share-staging-570862915709/naresome_script_csv/-Rxgbu4TTTM.csv
3ImIVNVXbkw,E:\Data\ObsidianVault\02_Channels\馴れ初めシネマ\競合チャンネル分析\企画リサーチ_20260605\script_csv_assets\3ImIVNVXbkw.csv,132623,gs://senior-share-staging-570862915709/naresome_script_csv/3ImIVNVXbkw.csv
j-TJQ_skidE,E:\Data\ObsidianVault\02_Channels\馴れ初めシネマ\競合チャンネル分析\企画リサーチ_20260605\script_csv_assets\j-TJQ_skidE.csv,60036,gs://senior-share-staging-570862915709/naresome_script_csv/j-TJQ_skidE.csv
3B99w1Zaoh4,E:\Data\ObsidianVault\02_Channels\馴れ初めシネマ\競合チャンネル分析\企画リサーチ_20260605\script_csv_assets\3B99w1Zaoh4.csv,125164,gs://senior-share-staging-570862915709/naresome_script_csv/3B99w1Zaoh4.csv
SZuo6o3D5mQ,E:\Data\ObsidianVault\02_Channels\馴れ初めシネマ\競合チャンネル分析\企画リサーチ_20260605\script_csv_assets\SZuo6o3D5mQ.csv,76066,gs://senior-share-staging-570862915709/naresome_script_csv/SZuo6o3D5mQ.csv
CNvo7XHfNR4,E:\Data\ObsidianVault\02_Channels\馴れ初めシネマ\競合チャンネル分析\企画リサーチ_20260605\script_csv_assets\CNvo7XHfNR4.csv,157319,gs://senior-share-staging-570862915709/naresome_script_csv/CNvo7XHfNR4.csv
Y-JoS9yA6rY,E:\Data\ObsidianVault\02_Channels\馴れ初めシネマ\競合チャンネル分析\企画リサーチ_20260605\script_csv_assets\Y-JoS9yA6rY.csv,125458,gs://senior-share-staging-570862915709/naresome_script_csv/Y-JoS9yA6rY.csv
m6O31aBTfRY,E:\Data\ObsidianVault\02_Channels\馴れ初めシネマ\競合チャンネル分析\企画リサーチ_20260605\script_csv_assets\m6O31aBTfRY.csv,121589,gs://senior-share-staging-570862915709/naresome_script_csv/m6O31aBTfRY.csv
nHdCXezsMxc,E:\Data\ObsidianVault\02_Channels\馴れ初めシネマ\競合チャンネル分析\企画リサーチ_20260605\script_csv_assets\nHdCXezsMxc.csv,48547,gs://senior-share-staging-570862915709/naresome_script_csv/nHdCXezsMxc.csv
kFC56HY1dkE,E:\Data\ObsidianVault\02_Channels\馴れ初めシネマ\競合チャンネル分析\企画リサーチ_20260605\script_csv_assets\kFC56HY1dkE.csv,142134,gs://senior-share-staging-570862915709/naresome_script_csv/kFC56HY1dkE.csv
VzyoanJqrIA,E:\Data\ObsidianVault\02_Channels\馴れ初めシネマ\競合チャンネル分析\企画リサーチ_20260605\script_csv_assets\VzyoanJqrIA.csv,598043,gs://senior-share-staging-570862915709/naresome_script_csv/VzyoanJqrIA.csv
_qAYivICtSA,E:\Data\ObsidianVault\02_Channels\馴れ初めシネマ\競合チャンネル分析\企画リサーチ_20260605\script_csv_assets\_qAYivICtSA.csv,68494,gs://senior-share-staging-570862915709/naresome_script_csv/_qAYivICtSA.csv
cMDeSm8IgcM,E:\Data\ObsidianVault\02_Channels\馴れ初めシネマ\競合チャンネル分析\企画リサーチ_20260605\script_csv_assets\cMDeSm8IgcM.csv,63092,gs://senior-share-staging-570862915709/naresome_script_csv/cMDeSm8IgcM.csv
wPG-BrHaIBQ,E:\Data\ObsidianVault\02_Channels\馴れ初めシネマ\競合チャンネル分析\企画リサーチ_20260605\script_csv_assets\wPG-BrHaIBQ.csv,78488,gs://senior-share-staging-570862915709/naresome_script_csv/wPG-BrHaIBQ.csv
YB3j-b3JBmQ,E:\Data\ObsidianVault\02_Channels\馴れ初めシネマ\競合チャンネル分析\企画リサーチ_20260605\script_csv_assets\YB3j-b3JBmQ.csv,65128,gs://senior-share-staging-570862915709/naresome_script_csv/YB3j-b3JBmQ.csv
NQDh00LqiG8,E:\Data\ObsidianVault\02_Channels\馴れ初めシネマ\競合チャンネル分析\企画リサーチ_20260605\script_csv_assets\NQDh00LqiG8.csv,70797,gs://senior-share-staging-570862915709/naresome_script_csv/NQDh00LqiG8.csv
WouLk-k5SUI,E:\Data\ObsidianVault\02_Channels\馴れ初めシネマ\競合チャンネル分析\企画リサーチ_20260605\script_csv_assets\WouLk-k5SUI.csv,73681,gs://senior-share-staging-570862915709/naresome_script_csv/WouLk-k5SUI.csv
gfh0ef0KJfM,E:\Data\ObsidianVault\02_Channels\馴れ初めシネマ\競合チャンネル分析\企画リサーチ_20260605\script_csv_assets\gfh0ef0KJfM.csv,73058,gs://senior-share-staging-570862915709/naresome_script_csv/gfh0ef0KJfM.csv
Yny4NwmJAQg,E:\Data\ObsidianVault\02_Channels\馴れ初めシネマ\競合チャンネル分析\企画リサーチ_20260605\script_csv_assets\Yny4NwmJAQg.csv,81566,gs://senior-share-staging-570862915709/naresome_script_csv/Yny4NwmJAQg.csv
keiFtyFwkNM,E:\Data\ObsidianVault\02_Channels\馴れ初めシネマ\競合チャンネル分析\企画リサーチ_20260605\script_csv_assets\keiFtyFwkNM.csv,65216,gs://senior-share-staging-570862915709/naresome_script_csv/keiFtyFwkNM.csv
x2cU59f1eys,E:\Data\ObsidianVault\02_Channels\馴れ初めシネマ\競合チャンネル分析\企画リサーチ_20260605\script_csv_assets\x2cU59f1eys.csv,85397,gs://senior-share-staging-570862915709/naresome_script_csv/x2cU59f1eys.csv
hSIk2n_ndPc,E:\Data\ObsidianVault\02_Channels\馴れ初めシネマ\競合チャンネル分析\企画リサーチ_20260605\script_csv_assets\hSIk2n_ndPc.csv,60754,gs://senior-share-staging-570862915709/naresome_script_csv/hSIk2n_ndPc.csv
JtR40j8obxs,E:\Data\ObsidianVault\02_Channels\馴れ初めシネマ\競合チャンネル分析\企画リサーチ_20260605\script_csv_assets\JtR40j8obxs.csv,133493,gs://senior-share-staging-570862915709/naresome_script_csv/JtR40j8obxs.csv
3HJvc2jRLdY,E:\Data\ObsidianVault\02_Channels\馴れ初めシネマ\競合チャンネル分析\企画リサーチ_20260605\script_csv_assets\3HJvc2jRLdY.csv,68399,gs://senior-share-staging-570862915709/naresome_script_csv/3HJvc2jRLdY.csv
uPnwAPfKZag,E:\Data\ObsidianVault\02_Channels\馴れ初めシネマ\競合チャンネル分析\企画リサーチ_20260605\script_csv_assets\uPnwAPfKZag.csv,98250,gs://senior-share-staging-570862915709/naresome_script_csv/uPnwAPfKZag.csv
3ukVl7m9vOs,E:\Data\ObsidianVault\02_Channels\馴れ初めシネマ\競合チャンネル分析\企画リサーチ_20260605\script_csv_assets\3ukVl7m9vOs.csv,83043,gs://senior-share-staging-570862915709/naresome_script_csv/3ukVl7m9vOs.csv
O_HEn2gosH0,E:\Data\ObsidianVault\02_Channels\馴れ初めシネマ\競合チャンネル分析\企画リサーチ_20260605\script_csv_assets\O_HEn2gosH0.csv,73034,gs://senior-share-staging-570862915709/naresome_script_csv/O_HEn2gosH0.csv
rwM81-5dAOw,E:\Data\ObsidianVault\02_Channels\馴れ初めシネマ\競合チャンネル分析\企画リサーチ_20260605\script_csv_assets\rwM81-5dAOw.csv,98741,gs://senior-share-staging-570862915709/naresome_script_csv/rwM81-5dAOw.csv
ahpzjwAqUSA,E:\Data\ObsidianVault\02_Channels\馴れ初めシネマ\競合チャンネル分析\企画リサーチ_20260605\script_csv_assets\ahpzjwAqUSA.csv,122205,gs://senior-share-staging-570862915709/naresome_script_csv/ahpzjwAqUSA.csv
GvXkMsAWcc4,E:\Data\ObsidianVault\02_Channels\馴れ初めシネマ\競合チャンネル分析\企画リサーチ_20260605\script_csv_assets\GvXkMsAWcc4.csv,90524,gs://senior-share-staging-570862915709/naresome_script_csv/GvXkMsAWcc4.csv
8eJ_IdxIS0k,E:\Data\ObsidianVault\02_Channels\馴れ初めシネマ\競合チャンネル分析\企画リサーチ_20260605\script_csv_assets\8eJ_IdxIS0k.csv,69822,gs://senior-share-staging-570862915709/naresome_script_csv/8eJ_IdxIS0k.csv
MeHffBKeRrc,E:\Data\ObsidianVault\02_Channels\馴れ初めシネマ\競合チャンネル分析\企画リサーチ_20260605\script_csv_assets\MeHffBKeRrc.csv,116982,gs://senior-share-staging-570862915709/naresome_script_csv/MeHffBKeRrc.csv
GwP2ilksuJU,E:\Data\ObsidianVault\02_Channels\馴れ初めシネマ\競合チャンネル分析\企画リサーチ_20260605\script_csv_assets\GwP2ilksuJU.csv,90205,gs://senior-share-staging-570862915709/naresome_script_csv/GwP2ilksuJU.csv
7feyGGycWvI,E:\Data\ObsidianVault\02_Channels\馴れ初めシネマ\競合チャンネル分析\企画リサーチ_20260605\script_csv_assets\7feyGGycWvI.csv,79206,gs://senior-share-staging-570862915709/naresome_script_csv/7feyGGycWvI.csv
QvqMrMJhmCY,E:\Data\ObsidianVault\02_Channels\馴れ初めシネマ\競合チャンネル分析\企画リサーチ_20260605\script_csv_assets\QvqMrMJhmCY.csv,83701,gs://senior-share-staging-570862915709/naresome_script_csv/QvqMrMJhmCY.csv
WkkZ3H_KtPw,E:\Data\ObsidianVault\02_Channels\馴れ初めシネマ\競合チャンネル分析\企画リサーチ_20260605\script_csv_assets\WkkZ3H_KtPw.csv,62833,gs://senior-share-staging-570862915709/naresome_script_csv/WkkZ3H_KtPw.csv
zdBmSvVP4Zw,E:\Data\ObsidianVault\02_Channels\馴れ初めシネマ\競合チャンネル分析\企画リサーチ_20260605\script_csv_assets\zdBmSvVP4Zw.csv,125994,gs://senior-share-staging-570862915709/naresome_script_csv/zdBmSvVP4Zw.csv
mkYEIFCDKG0,E:\Data\ObsidianVault\02_Channels\馴れ初めシネマ\競合チャンネル分析\企画リサーチ_20260605\script_csv_assets\mkYEIFCDKG0.csv,105189,gs://senior-share-staging-570862915709/naresome_script_csv/mkYEIFCDKG0.csv
2iHHVyl1ZzI,E:\Data\ObsidianVault\02_Channels\馴れ初めシネマ\競合チャンネル分析\企画リサーチ_20260605\script_csv_assets\2iHHVyl1ZzI.csv,58383,gs://senior-share-staging-570862915709/naresome_script_csv/2iHHVyl1ZzI.csv
dzWjozKtop4,E:\Data\ObsidianVault\02_Channels\馴れ初めシネマ\競合チャンネル分析\企画リサーチ_20260605\script_csv_assets\dzWjozKtop4.csv,50983,gs://senior-share-staging-570862915709/naresome_script_csv/dzWjozKtop4.csv
q6sKLzUbseI,E:\Data\ObsidianVault\02_Channels\馴れ初めシネマ\競合チャンネル分析\企画リサーチ_20260605\script_csv_assets\q6sKLzUbseI.csv,83906,gs://senior-share-staging-570862915709/naresome_script_csv/q6sKLzUbseI.csv
pdu8pq5lKo4,E:\Data\ObsidianVault\02_Channels\馴れ初めシネマ\競合チャンネル分析\企画リサーチ_20260605\script_csv_assets\pdu8pq5lKo4.csv,98937,gs://senior-share-staging-570862915709/naresome_script_csv/pdu8pq5lKo4.csv
aqIMT14ChQ8,E:\Data\ObsidianVault\02_Channels\馴れ初めシネマ\競合チャンネル分析\企画リサーチ_20260605\script_csv_assets\aqIMT14ChQ8.csv,63691,gs://senior-share-staging-570862915709/naresome_script_csv/aqIMT14ChQ8.csv
Y3pmO39vymg,E:\Data\ObsidianVault\02_Channels\馴れ初めシネマ\競合チャンネル分析\企画リサーチ_20260605\script_csv_assets\Y3pmO39vymg.csv,71248,gs://senior-share-staging-570862915709/naresome_script_csv/Y3pmO39vymg.csv
F93rSwqwuFI,E:\Data\ObsidianVault\02_Channels\馴れ初めシネマ\競合チャンネル分析\企画リサーチ_20260605\script_csv_assets\F93rSwqwuFI.csv,101315,gs://senior-share-staging-570862915709/naresome_script_csv/F93rSwqwuFI.csv
l1708E7Jy_o,E:\Data\ObsidianVault\02_Channels\馴れ初めシネマ\競合チャンネル分析\企画リサーチ_20260605\script_csv_assets\l1708E7Jy_o.csv,86715,gs://senior-share-staging-570862915709/naresome_script_csv/l1708E7Jy_o.csv
DX7hZ3fqtqU,E:\Data\ObsidianVault\02_Channels\馴れ初めシネマ\競合チャンネル分析\企画リサーチ_20260605\script_csv_assets\DX7hZ3fqtqU.csv,104837,gs://senior-share-staging-570862915709/naresome_script_csv/DX7hZ3fqtqU.csv
cX3Lmmsvzck,E:\Data\ObsidianVault\02_Channels\馴れ初めシネマ\競合チャンネル分析\企画リサーチ_20260605\script_csv_assets\cX3Lmmsvzck.csv,59381,gs://senior-share-staging-570862915709/naresome_script_csv/cX3Lmmsvzck.csv
J74NG8yOE3w,E:\Data\ObsidianVault\02_Channels\馴れ初めシネマ\競合チャンネル分析\企画リサーチ_20260605\script_csv_assets\J74NG8yOE3w.csv,88202,gs://senior-share-staging-570862915709/naresome_script_csv/J74NG8yOE3w.csv
mO3HQDki_b8,E:\Data\ObsidianVault\02_Channels\馴れ初めシネマ\競合チャンネル分析\企画リサーチ_20260605\script_csv_assets\mO3HQDki_b8.csv,62808,gs://senior-share-staging-570862915709/naresome_script_csv/mO3HQDki_b8.csv
jSN5qQIeyd4,E:\Data\ObsidianVault\02_Channels\馴れ初めシネマ\競合チャンネル分析\企画リサーチ_20260605\script_csv_assets\jSN5qQIeyd4.csv,48224,gs://senior-share-staging-570862915709/naresome_script_csv/jSN5qQIeyd4.csv
evMEe9MD_aI,E:\Data\ObsidianVault\02_Channels\馴れ初めシネマ\競合チャンネル分析\企画リサーチ_20260605\script_csv_assets\evMEe9MD_aI.csv,80907,gs://senior-share-staging-570862915709/naresome_script_csv/evMEe9MD_aI.csv
jCKbRzqNQEM,E:\Data\ObsidianVault\02_Channels\馴れ初めシネマ\競合チャンネル分析\企画リサーチ_20260605\script_csv_assets\jCKbRzqNQEM.csv,52317,gs://senior-share-staging-570862915709/naresome_script_csv/jCKbRzqNQEM.csv
ZWlZfJcdz3k,E:\Data\ObsidianVault\02_Channels\馴れ初めシネマ\競合チャンネル分析\企画リサーチ_20260605\script_csv_assets\ZWlZfJcdz3k.csv,132796,gs://senior-share-staging-570862915709/naresome_script_csv/ZWlZfJcdz3k.csv
a2gyBVMkqAU,E:\Data\ObsidianVault\02_Channels\馴れ初めシネマ\競合チャンネル分析\企画リサーチ_20260605\script_csv_assets\a2gyBVMkqAU.csv,142946,gs://senior-share-staging-570862915709/naresome_script_csv/a2gyBVMkqAU.csv
fdn1fjkDYKE,E:\Data\ObsidianVault\02_Channels\馴れ初めシネマ\競合チャンネル分析\企画リサーチ_20260605\script_csv_assets\fdn1fjkDYKE.csv,91869,gs://senior-share-staging-570862915709/naresome_script_csv/fdn1fjkDYKE.csv
tCzmfAasXZo,E:\Data\ObsidianVault\02_Channels\馴れ初めシネマ\競合チャンネル分析\企画リサーチ_20260605\script_csv_assets\tCzmfAasXZo.csv,102947,gs://senior-share-staging-570862915709/naresome_script_csv/tCzmfAasXZo.csv
wQlGt4UWhOM,E:\Data\ObsidianVault\02_Channels\馴れ初めシネマ\競合チャンネル分析\企画リサーチ_20260605\script_csv_assets\wQlGt4UWhOM.csv,62199,gs://senior-share-staging-570862915709/naresome_script_csv/wQlGt4UWhOM.csv
j4ToWJMUlbE,E:\Data\ObsidianVault\02_Channels\馴れ初めシネマ\競合チャンネル分析\企画リサーチ_20260605\script_csv_assets\j4ToWJMUlbE.csv,78106,gs://senior-share-staging-570862915709/naresome_script_csv/j4ToWJMUlbE.csv
9XsMTH_Mry0,E:\Data\ObsidianVault\02_Channels\馴れ初めシネマ\競合チャンネル分析\企画リサーチ_20260605\script_csv_assets\9XsMTH_Mry0.csv,76221,gs://senior-share-staging-570862915709/naresome_script_csv/9XsMTH_Mry0.csv
f8cUaCHbHj8,E:\Data\ObsidianVault\02_Channels\馴れ初めシネマ\競合チャンネル分析\企画リサーチ_20260605\script_csv_assets\f8cUaCHbHj8.csv,75169,gs://senior-share-staging-570862915709/naresome_script_csv/f8cUaCHbHj8.csv
-P0mu5eUDW8,E:\Data\ObsidianVault\02_Channels\馴れ初めシネマ\競合チャンネル分析\企画リサーチ_20260605\script_csv_assets\-P0mu5eUDW8.csv,85738,gs://senior-share-staging-570862915709/naresome_script_csv/-P0mu5eUDW8.csv
_KsVbirajsQ,E:\Data\ObsidianVault\02_Channels\馴れ初めシネマ\競合チャンネル分析\企画リサーチ_20260605\script_csv_assets\_KsVbirajsQ.csv,80163,gs://senior-share-staging-570862915709/naresome_script_csv/_KsVbirajsQ.csv
pZbmw3e2Xd0,E:\Data\ObsidianVault\02_Channels\馴れ初めシネマ\競合チャンネル分析\企画リサーチ_20260605\script_csv_assets\pZbmw3e2Xd0.csv,98928,gs://senior-share-staging-570862915709/naresome_script_csv/pZbmw3e2Xd0.csv
9WM5Pcoi6c8,E:\Data\ObsidianVault\02_Channels\馴れ初めシネマ\競合チャンネル分析\企画リサーチ_20260605\script_csv_assets\9WM5Pcoi6c8.csv,90416,gs://senior-share-staging-570862915709/naresome_script_csv/9WM5Pcoi6c8.csv
euWyDKsgu-c,E:\Data\ObsidianVault\02_Channels\馴れ初めシネマ\競合チャンネル分析\企画リサーチ_20260605\script_csv_assets\euWyDKsgu-c.csv,164915,gs://senior-share-staging-570862915709/naresome_script_csv/euWyDKsgu-c.csv
qnL6yYSoDmk,E:\Data\ObsidianVault\02_Channels\馴れ初めシネマ\競合チャンネル分析\企画リサーチ_20260605\script_csv_assets\qnL6yYSoDmk.csv,73501,gs://senior-share-staging-570862915709/naresome_script_csv/qnL6yYSoDmk.csv
UAsXNHMQHbw,E:\Data\ObsidianVault\02_Channels\馴れ初めシネマ\競合チャンネル分析\企画リサーチ_20260605\script_csv_assets\UAsXNHMQHbw.csv,81951,gs://senior-share-staging-570862915709/naresome_script_csv/UAsXNHMQHbw.csv
sZlYEmMOOzk,E:\Data\ObsidianVault\02_Channels\馴れ初めシネマ\競合チャンネル分析\企画リサーチ_20260605\script_csv_assets\sZlYEmMOOzk.csv,189604,gs://senior-share-staging-570862915709/naresome_script_csv/sZlYEmMOOzk.csv
qQes3n7KBsQ,E:\Data\ObsidianVault\02_Channels\馴れ初めシネマ\競合チャンネル分析\企画リサーチ_20260605\script_csv_assets\qQes3n7KBsQ.csv,121805,gs://senior-share-staging-570862915709/naresome_script_csv/qQes3n7KBsQ.csv
nMkYt4emfWM,E:\Data\ObsidianVault\02_Channels\馴れ初めシネマ\競合チャンネル分析\企画リサーチ_20260605\script_csv_assets\nMkYt4emfWM.csv,134978,gs://senior-share-staging-570862915709/naresome_script_csv/nMkYt4emfWM.csv
1zOy8jDyMak,E:\Data\ObsidianVault\02_Channels\馴れ初めシネマ\競合チャンネル分析\企画リサーチ_20260605\script_csv_assets\1zOy8jDyMak.csv,57731,gs://senior-share-staging-570862915709/naresome_script_csv/1zOy8jDyMak.csv
TcpWKBXmWvE,E:\Data\ObsidianVault\02_Channels\馴れ初めシネマ\競合チャンネル分析\企画リサーチ_20260605\script_csv_assets\TcpWKBXmWvE.csv,102756,gs://senior-share-staging-570862915709/naresome_script_csv/TcpWKBXmWvE.csv
z_qIH1BouLw,E:\Data\ObsidianVault\02_Channels\馴れ初めシネマ\競合チャンネル分析\企画リサーチ_20260605\script_csv_assets\z_qIH1BouLw.csv,90755,gs://senior-share-staging-570862915709/naresome_script_csv/z_qIH1BouLw.csv
CbnlTUzjD7c,E:\Data\ObsidianVault\02_Channels\馴れ初めシネマ\競合チャンネル分析\企画リサーチ_20260605\script_csv_assets\CbnlTUzjD7c.csv,78791,gs://senior-share-staging-570862915709/naresome_script_csv/CbnlTUzjD7c.csv
xpAbw_Xvkr0,E:\Data\ObsidianVault\02_Channels\馴れ初めシネマ\競合チャンネル分析\企画リサーチ_20260605\script_csv_assets\xpAbw_Xvkr0.csv,167601,gs://senior-share-staging-570862915709/naresome_script_csv/xpAbw_Xvkr0.csv
KX2ri7Pm2pc,E:\Data\ObsidianVault\02_Channels\馴れ初めシネマ\競合チャンネル分析\企画リサーチ_20260605\script_csv_assets\KX2ri7Pm2pc.csv,62489,gs://senior-share-staging-570862915709/naresome_script_csv/KX2ri7Pm2pc.csv
LIePS6e8RgY,E:\Data\ObsidianVault\02_Channels\馴れ初めシネマ\競合チャンネル分析\企画リサーチ_20260605\script_csv_assets\LIePS6e8RgY.csv,55952,gs://senior-share-staging-570862915709/naresome_script_csv/LIePS6e8RgY.csv
RavRxT-UytA,E:\Data\ObsidianVault\02_Channels\馴れ初めシネマ\競合チャンネル分析\企画リサーチ_20260605\script_csv_assets\RavRxT-UytA.csv,64423,gs://senior-share-staging-570862915709/naresome_script_csv/RavRxT-UytA.csv
Lft5S4VmT24,E:\Data\ObsidianVault\02_Channels\馴れ初めシネマ\競合チャンネル分析\企画リサーチ_20260605\script_csv_assets\Lft5S4VmT24.csv,163047,gs://senior-share-staging-570862915709/naresome_script_csv/Lft5S4VmT24.csv
hva1BPNTjWE,E:\Data\ObsidianVault\02_Channels\馴れ初めシネマ\競合チャンネル分析\企画リサーチ_20260605\script_csv_assets\hva1BPNTjWE.csv,99644,gs://senior-share-staging-570862915709/naresome_script_csv/hva1BPNTjWE.csv
LEDEtWyuCSU,E:\Data\ObsidianVault\02_Channels\馴れ初めシネマ\競合チャンネル分析\企画リサーチ_20260605\script_csv_assets\LEDEtWyuCSU.csv,143183,gs://senior-share-staging-570862915709/naresome_script_csv/LEDEtWyuCSU.csv
mPjOBjiwCcE,E:\Data\ObsidianVault\02_Channels\馴れ初めシネマ\競合チャンネル分析\企画リサーチ_20260605\script_csv_assets\mPjOBjiwCcE.csv,67801,gs://senior-share-staging-570862915709/naresome_script_csv/mPjOBjiwCcE.csv
K-J8QrcLWQw,E:\Data\ObsidianVault\02_Channels\馴れ初めシネマ\競合チャンネル分析\企画リサーチ_20260605\script_csv_assets\K-J8QrcLWQw.csv,107084,gs://senior-share-staging-570862915709/naresome_script_csv/K-J8QrcLWQw.csv
VTWjXNJPHrU,E:\Data\ObsidianVault\02_Channels\馴れ初めシネマ\競合チャンネル分析\企画リサーチ_20260605\script_csv_assets\VTWjXNJPHrU.csv,82642,gs://senior-share-staging-570862915709/naresome_script_csv/VTWjXNJPHrU.csv
nCfwc2V-8Yg,E:\Data\ObsidianVault\02_Channels\馴れ初めシネマ\競合チャンネル分析\企画リサーチ_20260605\script_csv_assets\nCfwc2V-8Yg.csv,69181,gs://senior-share-staging-570862915709/naresome_script_csv/nCfwc2V-8Yg.csv
1K0z9c3AsQE,E:\Data\ObsidianVault\02_Channels\馴れ初めシネマ\競合チャンネル分析\企画リサーチ_20260605\script_csv_assets\1K0z9c3AsQE.csv,67726,gs://senior-share-staging-570862915709/naresome_script_csv/1K0z9c3AsQE.csv
j22n-Zd9K6I,E:\Data\ObsidianVault\02_Channels\馴れ初めシネマ\競合チャンネル分析\企画リサーチ_20260605\script_csv_assets\j22n-Zd9K6I.csv,75920,gs://senior-share-staging-570862915709/naresome_script_csv/j22n-Zd9K6I.csv
XiYTALZHBxs,E:\Data\ObsidianVault\02_Channels\馴れ初めシネマ\競合チャンネル分析\企画リサーチ_20260605\script_csv_assets\XiYTALZHBxs.csv,104985,gs://senior-share-staging-570862915709/naresome_script_csv/XiYTALZHBxs.csv
1-76dBeYYpg,E:\Data\ObsidianVault\02_Channels\馴れ初めシネマ\競合チャンネル分析\企画リサーチ_20260605\script_csv_assets\1-76dBeYYpg.csv,115680,gs://senior-share-staging-570862915709/naresome_script_csv/1-76dBeYYpg.csv
QRknaDPshCk,E:\Data\ObsidianVault\02_Channels\馴れ初めシネマ\競合チャンネル分析\企画リサーチ_20260605\script_csv_assets\QRknaDPshCk.csv,167610,gs://senior-share-staging-570862915709/naresome_script_csv/QRknaDPshCk.csv
3O_J1xfDLsg,E:\Data\ObsidianVault\02_Channels\馴れ初めシネマ\競合チャンネル分析\企画リサーチ_20260605\script_csv_assets\3O_J1xfDLsg.csv,107546,gs://senior-share-staging-570862915709/naresome_script_csv/3O_J1xfDLsg.csv
l7T80cUMEeQ,E:\Data\ObsidianVault\02_Channels\馴れ初めシネマ\競合チャンネル分析\企画リサーチ_20260605\script_csv_assets\l7T80cUMEeQ.csv,177749,gs://senior-share-staging-570862915709/naresome_script_csv/l7T80cUMEeQ.csv
ovwFTO1yilE,E:\Data\ObsidianVault\02_Channels\馴れ初めシネマ\競合チャンネル分析\企画リサーチ_20260605\script_csv_assets\ovwFTO1yilE.csv,77555,gs://senior-share-staging-570862915709/naresome_script_csv/ovwFTO1yilE.csv
VBMnAMOwWVg,E:\Data\ObsidianVault\02_Channels\馴れ初めシネマ\競合チャンネル分析\企画リサーチ_20260605\script_csv_assets\VBMnAMOwWVg.csv,106369,gs://senior-share-staging-570862915709/naresome_script_csv/VBMnAMOwWVg.csv
iDJfLMYy6Jg,E:\Data\ObsidianVault\02_Channels\馴れ初めシネマ\競合チャンネル分析\企画リサーチ_20260605\script_csv_assets\iDJfLMYy6Jg.csv,67954,gs://senior-share-staging-570862915709/naresome_script_csv/iDJfLMYy6Jg.csv
rSUQt5nFtvM,E:\Data\ObsidianVault\02_Channels\馴れ初めシネマ\競合チャンネル分析\企画リサーチ_20260605\script_csv_assets\rSUQt5nFtvM.csv,102164,gs://senior-share-staging-570862915709/naresome_script_csv/rSUQt5nFtvM.csv
Aa65SCW0LyY,E:\Data\ObsidianVault\02_Channels\馴れ初めシネマ\競合チャンネル分析\企画リサーチ_20260605\script_csv_assets\Aa65SCW0LyY.csv,66355,gs://senior-share-staging-570862915709/naresome_script_csv/Aa65SCW0LyY.csv
2PcZ5Frn2o0,E:\Data\ObsidianVault\02_Channels\馴れ初めシネマ\競合チャンネル分析\企画リサーチ_20260605\script_csv_assets\2PcZ5Frn2o0.csv,57115,gs://senior-share-staging-570862915709/naresome_script_csv/2PcZ5Frn2o0.csv
SfReWxnRg74,E:\Data\ObsidianVault\02_Channels\馴れ初めシネマ\競合チャンネル分析\企画リサーチ_20260605\script_csv_assets\SfReWxnRg74.csv,127528,gs://senior-share-staging-570862915709/naresome_script_csv/SfReWxnRg74.csv
R47D1vuR_K0,E:\Data\ObsidianVault\02_Channels\馴れ初めシネマ\競合チャンネル分析\企画リサーチ_20260605\script_csv_assets\R47D1vuR_K0.csv,161966,gs://senior-share-staging-570862915709/naresome_script_csv/R47D1vuR_K0.csv
TtWWN-wX8FI,E:\Data\ObsidianVault\02_Channels\馴れ初めシネマ\競合チャンネル分析\企画リサーチ_20260605\script_csv_assets\TtWWN-wX8FI.csv,702832,gs://senior-share-staging-570862915709/naresome_script_csv/TtWWN-wX8FI.csv
RJSz0UmgoBw,E:\Data\ObsidianVault\02_Channels\馴れ初めシネマ\競合チャンネル分析\企画リサーチ_20260605\script_csv_assets\RJSz0UmgoBw.csv,68105,gs://senior-share-staging-570862915709/naresome_script_csv/RJSz0UmgoBw.csv
clKHvaVmy50,E:\Data\ObsidianVault\02_Channels\馴れ初めシネマ\競合チャンネル分析\企画リサーチ_20260605\script_csv_assets\clKHvaVmy50.csv,80588,gs://senior-share-staging-570862915709/naresome_script_csv/clKHvaVmy50.csv
4CN9HTk61RE,E:\Data\ObsidianVault\02_Channels\馴れ初めシネマ\競合チャンネル分析\企画リサーチ_20260605\script_csv_assets\4CN9HTk61RE.csv,62854,gs://senior-share-staging-570862915709/naresome_script_csv/4CN9HTk61RE.csv
Kxj_ZAamYBI,E:\Data\ObsidianVault\02_Channels\馴れ初めシネマ\競合チャンネル分析\企画リサーチ_20260605\script_csv_assets\Kxj_ZAamYBI.csv,82231,gs://senior-share-staging-570862915709/naresome_script_csv/Kxj_ZAamYBI.csv
WtLlXInog58,E:\Data\ObsidianVault\02_Channels\馴れ初めシネマ\競合チャンネル分析\企画リサーチ_20260605\script_csv_assets\WtLlXInog58.csv,47558,gs://senior-share-staging-570862915709/naresome_script_csv/WtLlXInog58.csv
QTqqQ_2sKK4,E:\Data\ObsidianVault\02_Channels\馴れ初めシネマ\競合チャンネル分析\企画リサーチ_20260605\script_csv_assets\QTqqQ_2sKK4.csv,67914,gs://senior-share-staging-570862915709/naresome_script_csv/QTqqQ_2sKK4.csv
PEQhp5BJa_c,E:\Data\ObsidianVault\02_Channels\馴れ初めシネマ\競合チャンネル分析\企画リサーチ_20260605\script_csv_assets\PEQhp5BJa_c.csv,56717,gs://senior-share-staging-570862915709/naresome_script_csv/PEQhp5BJa_c.csv
xqJIH2I0nrs,E:\Data\ObsidianVault\02_Channels\馴れ初めシネマ\競合チャンネル分析\企画リサーチ_20260605\script_csv_assets\xqJIH2I0nrs.csv,73440,gs://senior-share-staging-570862915709/naresome_script_csv/xqJIH2I0nrs.csv
lEiRxvX0_FQ,E:\Data\ObsidianVault\02_Channels\馴れ初めシネマ\競合チャンネル分析\企画リサーチ_20260605\script_csv_assets\lEiRxvX0_FQ.csv,74809,gs://senior-share-staging-570862915709/naresome_script_csv/lEiRxvX0_FQ.csv
DZ6qwy_7Vwk,E:\Data\ObsidianVault\02_Channels\馴れ初めシネマ\競合チャンネル分析\企画リサーチ_20260605\script_csv_assets\DZ6qwy_7Vwk.csv,49154,gs://senior-share-staging-570862915709/naresome_script_csv/DZ6qwy_7Vwk.csv
BabGVuH4AcE,E:\Data\ObsidianVault\02_Channels\馴れ初めシネマ\競合チャンネル分析\企画リサーチ_20260605\script_csv_assets\BabGVuH4AcE.csv,152307,gs://senior-share-staging-570862915709/naresome_script_csv/BabGVuH4AcE.csv
PiACFfTn2rw,E:\Data\ObsidianVault\02_Channels\馴れ初めシネマ\競合チャンネル分析\企画リサーチ_20260605\script_csv_assets\PiACFfTn2rw.csv,59774,gs://senior-share-staging-570862915709/naresome_script_csv/PiACFfTn2rw.csv
HlmqxA4lZh4,E:\Data\ObsidianVault\02_Channels\馴れ初めシネマ\競合チャンネル分析\企画リサーチ_20260605\script_csv_assets\HlmqxA4lZh4.csv,67527,gs://senior-share-staging-570862915709/naresome_script_csv/HlmqxA4lZh4.csv
1yqA3nnmU7o,E:\Data\ObsidianVault\02_Channels\馴れ初めシネマ\競合チャンネル分析\企画リサーチ_20260605\script_csv_assets\1yqA3nnmU7o.csv,59216,gs://senior-share-staging-570862915709/naresome_script_csv/1yqA3nnmU7o.csv
vGdKLxKfyc8,E:\Data\ObsidianVault\02_Channels\馴れ初めシネマ\競合チャンネル分析\企画リサーチ_20260605\script_csv_assets\vGdKLxKfyc8.csv,164948,gs://senior-share-staging-570862915709/naresome_script_csv/vGdKLxKfyc8.csv
pZAI4KrdPeo,E:\Data\ObsidianVault\02_Channels\馴れ初めシネマ\競合チャンネル分析\企画リサーチ_20260605\script_csv_assets\pZAI4KrdPeo.csv,50083,gs://senior-share-staging-570862915709/naresome_script_csv/pZAI4KrdPeo.csv
awpJsWpFJ64,E:\Data\ObsidianVault\02_Channels\馴れ初めシネマ\競合チャンネル分析\企画リサーチ_20260605\script_csv_assets\awpJsWpFJ64.csv,354087,gs://senior-share-staging-570862915709/naresome_script_csv/awpJsWpFJ64.csv
VwatTBelsak,E:\Data\ObsidianVault\02_Channels\馴れ初めシネマ\競合チャンネル分析\企画リサーチ_20260605\script_csv_assets\VwatTBelsak.csv,82728,gs://senior-share-staging-570862915709/naresome_script_csv/VwatTBelsak.csv
UlrwD5F3ShM,E:\Data\ObsidianVault\02_Channels\馴れ初めシネマ\競合チャンネル分析\企画リサーチ_20260605\script_csv_assets\UlrwD5F3ShM.csv,68434,gs://senior-share-staging-570862915709/naresome_script_csv/UlrwD5F3ShM.csv
Bkw_17UINvQ,E:\Data\ObsidianVault\02_Channels\馴れ初めシネマ\競合チャンネル分析\企画リサーチ_20260605\script_csv_assets\Bkw_17UINvQ.csv,73493,gs://senior-share-staging-570862915709/naresome_script_csv/Bkw_17UINvQ.csv
KRG4ockJsdY,E:\Data\ObsidianVault\02_Channels\馴れ初めシネマ\競合チャンネル分析\企画リサーチ_20260605\script_csv_assets\KRG4ockJsdY.csv,71491,gs://senior-share-staging-570862915709/naresome_script_csv/KRG4ockJsdY.csv
tZmWHbL0pns,E:\Data\ObsidianVault\02_Channels\馴れ初めシネマ\競合チャンネル分析\企画リサーチ_20260605\script_csv_assets\tZmWHbL0pns.csv,56603,gs://senior-share-staging-570862915709/naresome_script_csv/tZmWHbL0pns.csv
ZaN6wpwymvQ,E:\Data\ObsidianVault\02_Channels\馴れ初めシネマ\競合チャンネル分析\企画リサーチ_20260605\script_csv_assets\ZaN6wpwymvQ.csv,174108,gs://senior-share-staging-570862915709/naresome_script_csv/ZaN6wpwymvQ.csv
_k0X0gPZfZY,E:\Data\ObsidianVault\02_Channels\馴れ初めシネマ\競合チャンネル分析\企画リサーチ_20260605\script_csv_assets\_k0X0gPZfZY.csv,71204,gs://senior-share-staging-570862915709/naresome_script_csv/_k0X0gPZfZY.csv
pbiba2SlSn8,E:\Data\ObsidianVault\02_Channels\馴れ初めシネマ\競合チャンネル分析\企画リサーチ_20260605\script_csv_assets\pbiba2SlSn8.csv,48985,gs://senior-share-staging-570862915709/naresome_script_csv/pbiba2SlSn8.csv
AHjIhLVz46I,E:\Data\ObsidianVault\02_Channels\馴れ初めシネマ\競合チャンネル分析\企画リサーチ_20260605\script_csv_assets\AHjIhLVz46I.csv,59013,gs://senior-share-staging-570862915709/naresome_script_csv/AHjIhLVz46I.csv
9o4_yrvdzgg,E:\Data\ObsidianVault\02_Channels\馴れ初めシネマ\競合チャンネル分析\企画リサーチ_20260605\script_csv_assets\9o4_yrvdzgg.csv,50417,gs://senior-share-staging-570862915709/naresome_script_csv/9o4_yrvdzgg.csv
zyWdTK11voY,E:\Data\ObsidianVault\02_Channels\馴れ初めシネマ\競合チャンネル分析\企画リサーチ_20260605\script_csv_assets\zyWdTK11voY.csv,95440,gs://senior-share-staging-570862915709/naresome_script_csv/zyWdTK11voY.csv
Tv3D400jBYo,E:\Data\ObsidianVault\02_Channels\馴れ初めシネマ\競合チャンネル分析\企画リサーチ_20260605\script_csv_assets\Tv3D400jBYo.csv,63300,gs://senior-share-staging-570862915709/naresome_script_csv/Tv3D400jBYo.csv
WaDQRifNknI,E:\Data\ObsidianVault\02_Channels\馴れ初めシネマ\競合チャンネル分析\企画リサーチ_20260605\script_csv_assets\WaDQRifNknI.csv,178829,gs://senior-share-staging-570862915709/naresome_script_csv/WaDQRifNknI.csv
R8ARTcA4B2s,E:\Data\ObsidianVault\02_Channels\馴れ初めシネマ\競合チャンネル分析\企画リサーチ_20260605\script_csv_assets\R8ARTcA4B2s.csv,158393,gs://senior-share-staging-570862915709/naresome_script_csv/R8ARTcA4B2s.csv
S4qYIuIm6DA,E:\Data\ObsidianVault\02_Channels\馴れ初めシネマ\競合チャンネル分析\企画リサーチ_20260605\script_csv_assets\S4qYIuIm6DA.csv,63855,gs://senior-share-staging-570862915709/naresome_script_csv/S4qYIuIm6DA.csv
T2ljvo9SMec,E:\Data\ObsidianVault\02_Channels\馴れ初めシネマ\競合チャンネル分析\企画リサーチ_20260605\script_csv_assets\T2ljvo9SMec.csv,65534,gs://senior-share-staging-570862915709/naresome_script_csv/T2ljvo9SMec.csv
MIvHMxCsDHo,E:\Data\ObsidianVault\02_Channels\馴れ初めシネマ\競合チャンネル分析\企画リサーチ_20260605\script_csv_assets\MIvHMxCsDHo.csv,79963,gs://senior-share-staging-570862915709/naresome_script_csv/MIvHMxCsDHo.csv
B4HuqgiSzPY,E:\Data\ObsidianVault\02_Channels\馴れ初めシネマ\競合チャンネル分析\企画リサーチ_20260605\script_csv_assets\B4HuqgiSzPY.csv,77213,gs://senior-share-staging-570862915709/naresome_script_csv/B4HuqgiSzPY.csv
itCwJLdyzeE,E:\Data\ObsidianVault\02_Channels\馴れ初めシネマ\競合チャンネル分析\企画リサーチ_20260605\script_csv_assets\itCwJLdyzeE.csv,137339,gs://senior-share-staging-570862915709/naresome_script_csv/itCwJLdyzeE.csv
UCIIjA2Tnco,E:\Data\ObsidianVault\02_Channels\馴れ初めシネマ\競合チャンネル分析\企画リサーチ_20260605\script_csv_assets\UCIIjA2Tnco.csv,60928,gs://senior-share-staging-570862915709/naresome_script_csv/UCIIjA2Tnco.csv
COKTwyKmbko,E:\Data\ObsidianVault\02_Channels\馴れ初めシネマ\競合チャンネル分析\企画リサーチ_20260605\script_csv_assets\COKTwyKmbko.csv,77503,gs://senior-share-staging-570862915709/naresome_script_csv/COKTwyKmbko.csv
DpP6wxh3FJ0,E:\Data\ObsidianVault\02_Channels\馴れ初めシネマ\競合チャンネル分析\企画リサーチ_20260605\script_csv_assets\DpP6wxh3FJ0.csv,87556,gs://senior-share-staging-570862915709/naresome_script_csv/DpP6wxh3FJ0.csv
YgjB3_A6cdI,E:\Data\ObsidianVault\02_Channels\馴れ初めシネマ\競合チャンネル分析\企画リサーチ_20260605\script_csv_assets\YgjB3_A6cdI.csv,85103,gs://senior-share-staging-570862915709/naresome_script_csv/YgjB3_A6cdI.csv
SHhj-O3Eoog,E:\Data\ObsidianVault\02_Channels\馴れ初めシネマ\競合チャンネル分析\企画リサーチ_20260605\script_csv_assets\SHhj-O3Eoog.csv,47630,gs://senior-share-staging-570862915709/naresome_script_csv/SHhj-O3Eoog.csv
sSd5VIFckEo,E:\Data\ObsidianVault\02_Channels\馴れ初めシネマ\競合チャンネル分析\企画リサーチ_20260605\script_csv_assets\sSd5VIFckEo.csv,81081,gs://senior-share-staging-570862915709/naresome_script_csv/sSd5VIFckEo.csv
1wYeskRBuac,E:\Data\ObsidianVault\02_Channels\馴れ初めシネマ\競合チャンネル分析\企画リサーチ_20260605\script_csv_assets\1wYeskRBuac.csv,93296,gs://senior-share-staging-570862915709/naresome_script_csv/1wYeskRBuac.csv
-Ux03HgU1jc,E:\Data\ObsidianVault\02_Channels\馴れ初めシネマ\競合チャンネル分析\企画リサーチ_20260605\script_csv_assets\-Ux03HgU1jc.csv,51099,gs://senior-share-staging-570862915709/naresome_script_csv/-Ux03HgU1jc.csv
l-r4qF9HhMg,E:\Data\ObsidianVault\02_Channels\馴れ初めシネマ\競合チャンネル分析\企画リサーチ_20260605\script_csv_assets\l-r4qF9HhMg.csv,124853,gs://senior-share-staging-570862915709/naresome_script_csv/l-r4qF9HhMg.csv
P-gFrW5fy8E,E:\Data\ObsidianVault\02_Channels\馴れ初めシネマ\競合チャンネル分析\企画リサーチ_20260605\script_csv_assets\P-gFrW5fy8E.csv,122594,gs://senior-share-staging-570862915709/naresome_script_csv/P-gFrW5fy8E.csv
QrqoBN6aOrc,E:\Data\ObsidianVault\02_Channels\馴れ初めシネマ\競合チャンネル分析\企画リサーチ_20260605\script_csv_assets\QrqoBN6aOrc.csv,116582,gs://senior-share-staging-570862915709/naresome_script_csv/QrqoBN6aOrc.csv
_5bX4CuOmpI,E:\Data\ObsidianVault\02_Channels\馴れ初めシネマ\競合チャンネル分析\企画リサーチ_20260605\script_csv_assets\_5bX4CuOmpI.csv,73555,gs://senior-share-staging-570862915709/naresome_script_csv/_5bX4CuOmpI.csv
LXwUhdhksy0,E:\Data\ObsidianVault\02_Channels\馴れ初めシネマ\競合チャンネル分析\企画リサーチ_20260605\script_csv_assets\LXwUhdhksy0.csv,97656,gs://senior-share-staging-570862915709/naresome_script_csv/LXwUhdhksy0.csv
kAC3I6n3aoY,E:\Data\ObsidianVault\02_Channels\馴れ初めシネマ\競合チャンネル分析\企画リサーチ_20260605\script_csv_assets\kAC3I6n3aoY.csv,99693,gs://senior-share-staging-570862915709/naresome_script_csv/kAC3I6n3aoY.csv
OjZSrYZz2m8,E:\Data\ObsidianVault\02_Channels\馴れ初めシネマ\競合チャンネル分析\企画リサーチ_20260605\script_csv_assets\OjZSrYZz2m8.csv,97498,gs://senior-share-staging-570862915709/naresome_script_csv/OjZSrYZz2m8.csv
gBSwRa7dP0Y,E:\Data\ObsidianVault\02_Channels\馴れ初めシネマ\競合チャンネル分析\企画リサーチ_20260605\script_csv_assets\gBSwRa7dP0Y.csv,75478,gs://senior-share-staging-570862915709/naresome_script_csv/gBSwRa7dP0Y.csv
sWUz8TNchxo,E:\Data\ObsidianVault\02_Channels\馴れ初めシネマ\競合チャンネル分析\企画リサーチ_20260605\script_csv_assets\sWUz8TNchxo.csv,78241,gs://senior-share-staging-570862915709/naresome_script_csv/sWUz8TNchxo.csv
nS_iqUGCnmg,E:\Data\ObsidianVault\02_Channels\馴れ初めシネマ\競合チャンネル分析\企画リサーチ_20260605\script_csv_assets\nS_iqUGCnmg.csv,72856,gs://senior-share-staging-570862915709/naresome_script_csv/nS_iqUGCnmg.csv
dRHrbWH4vDw,E:\Data\ObsidianVault\02_Channels\馴れ初めシネマ\競合チャンネル分析\企画リサーチ_20260605\script_csv_assets\dRHrbWH4vDw.csv,133850,gs://senior-share-staging-570862915709/naresome_script_csv/dRHrbWH4vDw.csv
62PPFY3A1ds,E:\Data\ObsidianVault\02_Channels\馴れ初めシネマ\競合チャンネル分析\企画リサーチ_20260605\script_csv_assets\62PPFY3A1ds.csv,105412,gs://senior-share-staging-570862915709/naresome_script_csv/62PPFY3A1ds.csv
ZD8LchkEeTA,E:\Data\ObsidianVault\02_Channels\馴れ初めシネマ\競合チャンネル分析\企画リサーチ_20260605\script_csv_assets\ZD8LchkEeTA.csv,80762,gs://senior-share-staging-570862915709/naresome_script_csv/ZD8LchkEeTA.csv
he98tj4lE4s,E:\Data\ObsidianVault\02_Channels\馴れ初めシネマ\競合チャンネル分析\企画リサーチ_20260605\script_csv_assets\he98tj4lE4s.csv,94538,gs://senior-share-staging-570862915709/naresome_script_csv/he98tj4lE4s.csv
9RIJWC1C-cs,E:\Data\ObsidianVault\02_Channels\馴れ初めシネマ\競合チャンネル分析\企画リサーチ_20260605\script_csv_assets\9RIJWC1C-cs.csv,51207,gs://senior-share-staging-570862915709/naresome_script_csv/9RIJWC1C-cs.csv
2QdD2lrt_bs,E:\Data\ObsidianVault\02_Channels\馴れ初めシネマ\競合チャンネル分析\企画リサーチ_20260605\script_csv_assets\2QdD2lrt_bs.csv,137857,gs://senior-share-staging-570862915709/naresome_script_csv/2QdD2lrt_bs.csv
pkiPhP2es3g,E:\Data\ObsidianVault\02_Channels\馴れ初めシネマ\競合チャンネル分析\企画リサーチ_20260605\script_csv_assets\pkiPhP2es3g.csv,85015,gs://senior-share-staging-570862915709/naresome_script_csv/pkiPhP2es3g.csv
LDBC8w4XIck,E:\Data\ObsidianVault\02_Channels\馴れ初めシネマ\競合チャンネル分析\企画リサーチ_20260605\script_csv_assets\LDBC8w4XIck.csv,108100,gs://senior-share-staging-570862915709/naresome_script_csv/LDBC8w4XIck.csv
w6rsttNAT7U,E:\Data\ObsidianVault\02_Channels\馴れ初めシネマ\競合チャンネル分析\企画リサーチ_20260605\script_csv_assets\w6rsttNAT7U.csv,88377,gs://senior-share-staging-570862915709/naresome_script_csv/w6rsttNAT7U.csv
-kEiQpYXgZU,E:\Data\ObsidianVault\02_Channels\馴れ初めシネマ\競合チャンネル分析\企画リサーチ_20260605\script_csv_assets\-kEiQpYXgZU.csv,72083,gs://senior-share-staging-570862915709/naresome_script_csv/-kEiQpYXgZU.csv
3PmEbQGi_7c,E:\Data\ObsidianVault\02_Channels\馴れ初めシネマ\競合チャンネル分析\企画リサーチ_20260605\script_csv_assets\3PmEbQGi_7c.csv,51152,gs://senior-share-staging-570862915709/naresome_script_csv/3PmEbQGi_7c.csv
fPbrA9rL5iQ,E:\Data\ObsidianVault\02_Channels\馴れ初めシネマ\競合チャンネル分析\企画リサーチ_20260605\script_csv_assets\fPbrA9rL5iQ.csv,49923,gs://senior-share-staging-570862915709/naresome_script_csv/fPbrA9rL5iQ.csv
voW_QG2whLE,E:\Data\ObsidianVault\02_Channels\馴れ初めシネマ\競合チャンネル分析\企画リサーチ_20260605\script_csv_assets\voW_QG2whLE.csv,71693,gs://senior-share-staging-570862915709/naresome_script_csv/voW_QG2whLE.csv
jZWhoqryudg,E:\Data\ObsidianVault\02_Channels\馴れ初めシネマ\競合チャンネル分析\企画リサーチ_20260605\script_csv_assets\jZWhoqryudg.csv,77386,gs://senior-share-staging-570862915709/naresome_script_csv/jZWhoqryudg.csv
8ba-5R49KLI,E:\Data\ObsidianVault\02_Channels\馴れ初めシネマ\競合チャンネル分析\企画リサーチ_20260605\script_csv_assets\8ba-5R49KLI.csv,95666,gs://senior-share-staging-570862915709/naresome_script_csv/8ba-5R49KLI.csv
LcJKoKco8Wc,E:\Data\ObsidianVault\02_Channels\馴れ初めシネマ\競合チャンネル分析\企画リサーチ_20260605\script_csv_assets\LcJKoKco8Wc.csv,123061,gs://senior-share-staging-570862915709/naresome_script_csv/LcJKoKco8Wc.csv
ZEJrBBqAurA,E:\Data\ObsidianVault\02_Channels\馴れ初めシネマ\競合チャンネル分析\企画リサーチ_20260605\script_csv_assets\ZEJrBBqAurA.csv,69093,gs://senior-share-staging-570862915709/naresome_script_csv/ZEJrBBqAurA.csv
YVFJ8-klGww,E:\Data\ObsidianVault\02_Channels\馴れ初めシネマ\競合チャンネル分析\企画リサーチ_20260605\script_csv_assets\YVFJ8-klGww.csv,87808,gs://senior-share-staging-570862915709/naresome_script_csv/YVFJ8-klGww.csv
FMhsnr3MB4Q,E:\Data\ObsidianVault\02_Channels\馴れ初めシネマ\競合チャンネル分析\企画リサーチ_20260605\script_csv_assets\FMhsnr3MB4Q.csv,140960,gs://senior-share-staging-570862915709/naresome_script_csv/FMhsnr3MB4Q.csv
yjhrxd65hfc,E:\Data\ObsidianVault\02_Channels\馴れ初めシネマ\競合チャンネル分析\企画リサーチ_20260605\script_csv_assets\yjhrxd65hfc.csv,88504,gs://senior-share-staging-570862915709/naresome_script_csv/yjhrxd65hfc.csv
Ke7ywYFjyaU,E:\Data\ObsidianVault\02_Channels\馴れ初めシネマ\競合チャンネル分析\企画リサーチ_20260605\script_csv_assets\Ke7ywYFjyaU.csv,98644,gs://senior-share-staging-570862915709/naresome_script_csv/Ke7ywYFjyaU.csv
GazrPNwtHmA,E:\Data\ObsidianVault\02_Channels\馴れ初めシネマ\競合チャンネル分析\企画リサーチ_20260605\script_csv_assets\GazrPNwtHmA.csv,82307,gs://senior-share-staging-570862915709/naresome_script_csv/GazrPNwtHmA.csv
SKhKHq5X7DI,E:\Data\ObsidianVault\02_Channels\馴れ初めシネマ\競合チャンネル分析\企画リサーチ_20260605\script_csv_assets\SKhKHq5X7DI.csv,65193,gs://senior-share-staging-570862915709/naresome_script_csv/SKhKHq5X7DI.csv
7zAW6Dbsag4,E:\Data\ObsidianVault\02_Channels\馴れ初めシネマ\競合チャンネル分析\企画リサーチ_20260605\script_csv_assets\7zAW6Dbsag4.csv,55495,gs://senior-share-staging-570862915709/naresome_script_csv/7zAW6Dbsag4.csv
TNYTn1QlE8Y,E:\Data\ObsidianVault\02_Channels\馴れ初めシネマ\競合チャンネル分析\企画リサーチ_20260605\script_csv_assets\TNYTn1QlE8Y.csv,666450,gs://senior-share-staging-570862915709/naresome_script_csv/TNYTn1QlE8Y.csv
J0wSwM-xL2w,E:\Data\ObsidianVault\02_Channels\馴れ初めシネマ\競合チャンネル分析\企画リサーチ_20260605\script_csv_assets\J0wSwM-xL2w.csv,52428,gs://senior-share-staging-570862915709/naresome_script_csv/J0wSwM-xL2w.csv
LXxMonHWSmE,E:\Data\ObsidianVault\02_Channels\馴れ初めシネマ\競合チャンネル分析\企画リサーチ_20260605\script_csv_assets\LXxMonHWSmE.csv,49068,gs://senior-share-staging-570862915709/naresome_script_csv/LXxMonHWSmE.csv
DTsi6AnJZjw,E:\Data\ObsidianVault\02_Channels\馴れ初めシネマ\競合チャンネル分析\企画リサーチ_20260605\script_csv_assets\DTsi6AnJZjw.csv,79082,gs://senior-share-staging-570862915709/naresome_script_csv/DTsi6AnJZjw.csv
BLEpEWgBxyQ,E:\Data\ObsidianVault\02_Channels\馴れ初めシネマ\競合チャンネル分析\企画リサーチ_20260605\script_csv_assets\BLEpEWgBxyQ.csv,54977,gs://senior-share-staging-570862915709/naresome_script_csv/BLEpEWgBxyQ.csv
vN9u4K5idQ8,E:\Data\ObsidianVault\02_Channels\馴れ初めシネマ\競合チャンネル分析\企画リサーチ_20260605\script_csv_assets\vN9u4K5idQ8.csv,68580,gs://senior-share-staging-570862915709/naresome_script_csv/vN9u4K5idQ8.csv
4aO04ELzF-w,E:\Data\ObsidianVault\02_Channels\馴れ初めシネマ\競合チャンネル分析\企画リサーチ_20260605\script_csv_assets\4aO04ELzF-w.csv,54727,gs://senior-share-staging-570862915709/naresome_script_csv/4aO04ELzF-w.csv
43lAlk6-oDw,E:\Data\ObsidianVault\02_Channels\馴れ初めシネマ\競合チャンネル分析\企画リサーチ_20260605\script_csv_assets\43lAlk6-oDw.csv,75200,gs://senior-share-staging-570862915709/naresome_script_csv/43lAlk6-oDw.csv
kr_vm3P2DnE,E:\Data\ObsidianVault\02_Channels\馴れ初めシネマ\競合チャンネル分析\企画リサーチ_20260605\script_csv_assets\kr_vm3P2DnE.csv,145318,gs://senior-share-staging-570862915709/naresome_script_csv/kr_vm3P2DnE.csv
uZhCnBRSkBA,E:\Data\ObsidianVault\02_Channels\馴れ初めシネマ\競合チャンネル分析\企画リサーチ_20260605\script_csv_assets\uZhCnBRSkBA.csv,77072,gs://senior-share-staging-570862915709/naresome_script_csv/uZhCnBRSkBA.csv
PhNTOT2yCCo,E:\Data\ObsidianVault\02_Channels\馴れ初めシネマ\競合チャンネル分析\企画リサーチ_20260605\script_csv_assets\PhNTOT2yCCo.csv,47316,gs://senior-share-staging-570862915709/naresome_script_csv/PhNTOT2yCCo.csv
MRFmHQ5MTcY,E:\Data\ObsidianVault\02_Channels\馴れ初めシネマ\競合チャンネル分析\企画リサーチ_20260605\script_csv_assets\MRFmHQ5MTcY.csv,148020,gs://senior-share-staging-570862915709/naresome_script_csv/MRFmHQ5MTcY.csv
GMBX-cZdAl0,E:\Data\ObsidianVault\02_Channels\馴れ初めシネマ\競合チャンネル分析\企画リサーチ_20260605\script_csv_assets\GMBX-cZdAl0.csv,94224,gs://senior-share-staging-570862915709/naresome_script_csv/GMBX-cZdAl0.csv
ByUIc8tlBfA,E:\Data\ObsidianVault\02_Channels\馴れ初めシネマ\競合チャンネル分析\企画リサーチ_20260605\script_csv_assets\ByUIc8tlBfA.csv,107066,gs://senior-share-staging-570862915709/naresome_script_csv/ByUIc8tlBfA.csv
gov830RTi3g,E:\Data\ObsidianVault\02_Channels\馴れ初めシネマ\競合チャンネル分析\企画リサーチ_20260605\script_csv_assets\gov830RTi3g.csv,85586,gs://senior-share-staging-570862915709/naresome_script_csv/gov830RTi3g.csv
jgDlSn-C7j0,E:\Data\ObsidianVault\02_Channels\馴れ初めシネマ\競合チャンネル分析\企画リサーチ_20260605\script_csv_assets\jgDlSn-C7j0.csv,73022,gs://senior-share-staging-570862915709/naresome_script_csv/jgDlSn-C7j0.csv
IfW76S58wok,E:\Data\ObsidianVault\02_Channels\馴れ初めシネマ\競合チャンネル分析\企画リサーチ_20260605\script_csv_assets\IfW76S58wok.csv,145117,gs://senior-share-staging-570862915709/naresome_script_csv/IfW76S58wok.csv
U2xsApz5l4o,E:\Data\ObsidianVault\02_Channels\馴れ初めシネマ\競合チャンネル分析\企画リサーチ_20260605\script_csv_assets\U2xsApz5l4o.csv,52238,gs://senior-share-staging-570862915709/naresome_script_csv/U2xsApz5l4o.csv
bAApk09j5S8,E:\Data\ObsidianVault\02_Channels\馴れ初めシネマ\競合チャンネル分析\企画リサーチ_20260605\script_csv_assets\bAApk09j5S8.csv,62456,gs://senior-share-staging-570862915709/naresome_script_csv/bAApk09j5S8.csv
OUyHZg7GGoI,E:\Data\ObsidianVault\02_Channels\馴れ初めシネマ\競合チャンネル分析\企画リサーチ_20260605\script_csv_assets\OUyHZg7GGoI.csv,104651,gs://senior-share-staging-570862915709/naresome_script_csv/OUyHZg7GGoI.csv
KluQcJ2oI3Q,E:\Data\ObsidianVault\02_Channels\馴れ初めシネマ\競合チャンネル分析\企画リサーチ_20260605\script_csv_assets\KluQcJ2oI3Q.csv,60204,gs://senior-share-staging-570862915709/naresome_script_csv/KluQcJ2oI3Q.csv
-V3SuDidiMU,E:\Data\ObsidianVault\02_Channels\馴れ初めシネマ\競合チャンネル分析\企画リサーチ_20260605\script_csv_assets\-V3SuDidiMU.csv,57063,gs://senior-share-staging-570862915709/naresome_script_csv/-V3SuDidiMU.csv
afig4iWbhfE,E:\Data\ObsidianVault\02_Channels\馴れ初めシネマ\競合チャンネル分析\企画リサーチ_20260605\script_csv_assets\afig4iWbhfE.csv,81219,gs://senior-share-staging-570862915709/naresome_script_csv/afig4iWbhfE.csv
AnmndW2zj0g,E:\Data\ObsidianVault\02_Channels\馴れ初めシネマ\競合チャンネル分析\企画リサーチ_20260605\script_csv_assets\AnmndW2zj0g.csv,63151,gs://senior-share-staging-570862915709/naresome_script_csv/AnmndW2zj0g.csv
nR5MiScrWVA,E:\Data\ObsidianVault\02_Channels\馴れ初めシネマ\競合チャンネル分析\企画リサーチ_20260605\script_csv_assets\nR5MiScrWVA.csv,80016,gs://senior-share-staging-570862915709/naresome_script_csv/nR5MiScrWVA.csv
0yad5bLb0IQ,E:\Data\ObsidianVault\02_Channels\馴れ初めシネマ\競合チャンネル分析\企画リサーチ_20260605\script_csv_assets\0yad5bLb0IQ.csv,83020,gs://senior-share-staging-570862915709/naresome_script_csv/0yad5bLb0IQ.csv
wOyoQ_E8BNo,E:\Data\ObsidianVault\02_Channels\馴れ初めシネマ\競合チャンネル分析\企画リサーチ_20260605\script_csv_assets\wOyoQ_E8BNo.csv,112157,gs://senior-share-staging-570862915709/naresome_script_csv/wOyoQ_E8BNo.csv
0FclLY34o18,E:\Data\ObsidianVault\02_Channels\馴れ初めシネマ\競合チャンネル分析\企画リサーチ_20260605\script_csv_assets\0FclLY34o18.csv,71142,gs://senior-share-staging-570862915709/naresome_script_csv/0FclLY34o18.csv
2FVjMnWz1X4,E:\Data\ObsidianVault\02_Channels\馴れ初めシネマ\競合チャンネル分析\企画リサーチ_20260605\script_csv_assets\2FVjMnWz1X4.csv,112679,gs://senior-share-staging-570862915709/naresome_script_csv/2FVjMnWz1X4.csv
gSklVIMiPxk,E:\Data\ObsidianVault\02_Channels\馴れ初めシネマ\競合チャンネル分析\企画リサーチ_20260605\script_csv_assets\gSklVIMiPxk.csv,149473,gs://senior-share-staging-570862915709/naresome_script_csv/gSklVIMiPxk.csv
-CsPgNi79MI,E:\Data\ObsidianVault\02_Channels\馴れ初めシネマ\競合チャンネル分析\企画リサーチ_20260605\script_csv_assets\-CsPgNi79MI.csv,80440,gs://senior-share-staging-570862915709/naresome_script_csv/-CsPgNi79MI.csv
VsQMJYPUjkQ,E:\Data\ObsidianVault\02_Channels\馴れ初めシネマ\競合チャンネル分析\企画リサーチ_20260605\script_csv_assets\VsQMJYPUjkQ.csv,88330,gs://senior-share-staging-570862915709/naresome_script_csv/VsQMJYPUjkQ.csv
J2ueMP_Gsbw,E:\Data\ObsidianVault\02_Channels\馴れ初めシネマ\競合チャンネル分析\企画リサーチ_20260605\script_csv_assets\J2ueMP_Gsbw.csv,82652,gs://senior-share-staging-570862915709/naresome_script_csv/J2ueMP_Gsbw.csv
d0Ps7mI66Ug,E:\Data\ObsidianVault\02_Channels\馴れ初めシネマ\競合チャンネル分析\企画リサーチ_20260605\script_csv_assets\d0Ps7mI66Ug.csv,55946,gs://senior-share-staging-570862915709/naresome_script_csv/d0Ps7mI66Ug.csv
oR2o_PrtCEU,E:\Data\ObsidianVault\02_Channels\馴れ初めシネマ\競合チャンネル分析\企画リサーチ_20260605\script_csv_assets\oR2o_PrtCEU.csv,83086,gs://senior-share-staging-570862915709/naresome_script_csv/oR2o_PrtCEU.csv
DRMA1oZvaXc,E:\Data\ObsidianVault\02_Channels\馴れ初めシネマ\競合チャンネル分析\企画リサーチ_20260605\script_csv_assets\DRMA1oZvaXc.csv,78743,gs://senior-share-staging-570862915709/naresome_script_csv/DRMA1oZvaXc.csv
vCUjGy5jqeY,E:\Data\ObsidianVault\02_Channels\馴れ初めシネマ\競合チャンネル分析\企画リサーチ_20260605\script_csv_assets\vCUjGy5jqeY.csv,102890,gs://senior-share-staging-570862915709/naresome_script_csv/vCUjGy5jqeY.csv
d9AwsRIZss8,E:\Data\ObsidianVault\02_Channels\馴れ初めシネマ\競合チャンネル分析\企画リサーチ_20260605\script_csv_assets\d9AwsRIZss8.csv,77776,gs://senior-share-staging-570862915709/naresome_script_csv/d9AwsRIZss8.csv
jAJKBU5GjYw,E:\Data\ObsidianVault\02_Channels\馴れ初めシネマ\競合チャンネル分析\企画リサーチ_20260605\script_csv_assets\jAJKBU5GjYw.csv,54209,gs://senior-share-staging-570862915709/naresome_script_csv/jAJKBU5GjYw.csv
D5XwA8zRyaU,E:\Data\ObsidianVault\02_Channels\馴れ初めシネマ\競合チャンネル分析\企画リサーチ_20260605\script_csv_assets\D5XwA8zRyaU.csv,167204,gs://senior-share-staging-570862915709/naresome_script_csv/D5XwA8zRyaU.csv
PHuJUvFRWpg,E:\Data\ObsidianVault\02_Channels\馴れ初めシネマ\競合チャンネル分析\企画リサーチ_20260605\script_csv_assets\PHuJUvFRWpg.csv,66372,gs://senior-share-staging-570862915709/naresome_script_csv/PHuJUvFRWpg.csv
8zUrRk9nDYI,E:\Data\ObsidianVault\02_Channels\馴れ初めシネマ\競合チャンネル分析\企画リサーチ_20260605\script_csv_assets\8zUrRk9nDYI.csv,50485,gs://senior-share-staging-570862915709/naresome_script_csv/8zUrRk9nDYI.csv
ox5E8QgObLU,E:\Data\ObsidianVault\02_Channels\馴れ初めシネマ\競合チャンネル分析\企画リサーチ_20260605\script_csv_assets\ox5E8QgObLU.csv,132482,gs://senior-share-staging-570862915709/naresome_script_csv/ox5E8QgObLU.csv
94gZguacmTQ,E:\Data\ObsidianVault\02_Channels\馴れ初めシネマ\競合チャンネル分析\企画リサーチ_20260605\script_csv_assets\94gZguacmTQ.csv,74832,gs://senior-share-staging-570862915709/naresome_script_csv/94gZguacmTQ.csv
4ftLaVbiXuc,E:\Data\ObsidianVault\02_Channels\馴れ初めシネマ\競合チャンネル分析\企画リサーチ_20260605\script_csv_assets\4ftLaVbiXuc.csv,140346,gs://senior-share-staging-570862915709/naresome_script_csv/4ftLaVbiXuc.csv
KoyBQryoPCs,E:\Data\ObsidianVault\02_Channels\馴れ初めシネマ\競合チャンネル分析\企画リサーチ_20260605\script_csv_assets\KoyBQryoPCs.csv,89742,gs://senior-share-staging-570862915709/naresome_script_csv/KoyBQryoPCs.csv
bZ720d8RU_8,E:\Data\ObsidianVault\02_Channels\馴れ初めシネマ\競合チャンネル分析\企画リサーチ_20260605\script_csv_assets\bZ720d8RU_8.csv,193268,gs://senior-share-staging-570862915709/naresome_script_csv/bZ720d8RU_8.csv
4GS-d0QpFNo,E:\Data\ObsidianVault\02_Channels\馴れ初めシネマ\競合チャンネル分析\企画リサーチ_20260605\script_csv_assets\4GS-d0QpFNo.csv,87307,gs://senior-share-staging-570862915709/naresome_script_csv/4GS-d0QpFNo.csv
Ff3uuRtTiXQ,E:\Data\ObsidianVault\02_Channels\馴れ初めシネマ\競合チャンネル分析\企画リサーチ_20260605\script_csv_assets\Ff3uuRtTiXQ.csv,86749,gs://senior-share-staging-570862915709/naresome_script_csv/Ff3uuRtTiXQ.csv
LRXDe9LpctM,E:\Data\ObsidianVault\02_Channels\馴れ初めシネマ\競合チャンネル分析\企画リサーチ_20260605\script_csv_assets\LRXDe9LpctM.csv,84503,gs://senior-share-staging-570862915709/naresome_script_csv/LRXDe9LpctM.csv
ejGpQxMbOCc,E:\Data\ObsidianVault\02_Channels\馴れ初めシネマ\競合チャンネル分析\企画リサーチ_20260605\script_csv_assets\ejGpQxMbOCc.csv,88566,gs://senior-share-staging-570862915709/naresome_script_csv/ejGpQxMbOCc.csv
aN-UFeWCNRQ,E:\Data\ObsidianVault\02_Channels\馴れ初めシネマ\競合チャンネル分析\企画リサーチ_20260605\script_csv_assets\aN-UFeWCNRQ.csv,64043,gs://senior-share-staging-570862915709/naresome_script_csv/aN-UFeWCNRQ.csv
HvtO0GDZu0w,E:\Data\ObsidianVault\02_Channels\馴れ初めシネマ\競合チャンネル分析\企画リサーチ_20260605\script_csv_assets\HvtO0GDZu0w.csv,82311,gs://senior-share-staging-570862915709/naresome_script_csv/HvtO0GDZu0w.csv
5lDFo2zTqxc,E:\Data\ObsidianVault\02_Channels\馴れ初めシネマ\競合チャンネル分析\企画リサーチ_20260605\script_csv_assets\5lDFo2zTqxc.csv,170739,gs://senior-share-staging-570862915709/naresome_script_csv/5lDFo2zTqxc.csv
4psonwZrI_Q,E:\Data\ObsidianVault\02_Channels\馴れ初めシネマ\競合チャンネル分析\企画リサーチ_20260605\script_csv_assets\4psonwZrI_Q.csv,58035,gs://senior-share-staging-570862915709/naresome_script_csv/4psonwZrI_Q.csv
rpS_ezAPyuE,E:\Data\ObsidianVault\02_Channels\馴れ初めシネマ\競合チャンネル分析\企画リサーチ_20260605\script_csv_assets\rpS_ezAPyuE.csv,67250,gs://senior-share-staging-570862915709/naresome_script_csv/rpS_ezAPyuE.csv
_u4XG7wM4Rk,E:\Data\ObsidianVault\02_Channels\馴れ初めシネマ\競合チャンネル分析\企画リサーチ_20260605\script_csv_assets\_u4XG7wM4Rk.csv,76782,gs://senior-share-staging-570862915709/naresome_script_csv/_u4XG7wM4Rk.csv
ueCRfdFP_WI,E:\Data\ObsidianVault\02_Channels\馴れ初めシネマ\競合チャンネル分析\企画リサーチ_20260605\script_csv_assets\ueCRfdFP_WI.csv,86914,gs://senior-share-staging-570862915709/naresome_script_csv/ueCRfdFP_WI.csv
V6MmueMxUHk,E:\Data\ObsidianVault\02_Channels\馴れ初めシネマ\競合チャンネル分析\企画リサーチ_20260605\script_csv_assets\V6MmueMxUHk.csv,61666,gs://senior-share-staging-570862915709/naresome_script_csv/V6MmueMxUHk.csv
QO7Ag19Flfo,E:\Data\ObsidianVault\02_Channels\馴れ初めシネマ\競合チャンネル分析\企画リサーチ_20260605\script_csv_assets\QO7Ag19Flfo.csv,72582,gs://senior-share-staging-570862915709/naresome_script_csv/QO7Ag19Flfo.csv
njxfPwI7W2g,E:\Data\ObsidianVault\02_Channels\馴れ初めシネマ\競合チャンネル分析\企画リサーチ_20260605\script_csv_assets\njxfPwI7W2g.csv,182379,gs://senior-share-staging-570862915709/naresome_script_csv/njxfPwI7W2g.csv
Q3uyT3b68Ms,E:\Data\ObsidianVault\02_Channels\馴れ初めシネマ\競合チャンネル分析\企画リサーチ_20260605\script_csv_assets\Q3uyT3b68Ms.csv,74325,gs://senior-share-staging-570862915709/naresome_script_csv/Q3uyT3b68Ms.csv
YkgOy543I8Q,E:\Data\ObsidianVault\02_Channels\馴れ初めシネマ\競合チャンネル分析\企画リサーチ_20260605\script_csv_assets\YkgOy543I8Q.csv,89473,gs://senior-share-staging-570862915709/naresome_script_csv/YkgOy543I8Q.csv
Y9kyR2_zi8s,E:\Data\ObsidianVault\02_Channels\馴れ初めシネマ\競合チャンネル分析\企画リサーチ_20260605\script_csv_assets\Y9kyR2_zi8s.csv,85142,gs://senior-share-staging-570862915709/naresome_script_csv/Y9kyR2_zi8s.csv
86Rw8rgEhEg,E:\Data\ObsidianVault\02_Channels\馴れ初めシネマ\競合チャンネル分析\企画リサーチ_20260605\script_csv_assets\86Rw8rgEhEg.csv,145510,gs://senior-share-staging-570862915709/naresome_script_csv/86Rw8rgEhEg.csv
wO639EZU4xc,E:\Data\ObsidianVault\02_Channels\馴れ初めシネマ\競合チャンネル分析\企画リサーチ_20260605\script_csv_assets\wO639EZU4xc.csv,179336,gs://senior-share-staging-570862915709/naresome_script_csv/wO639EZU4xc.csv
4UKBrBeWrAk,E:\Data\ObsidianVault\02_Channels\馴れ初めシネマ\競合チャンネル分析\企画リサーチ_20260605\script_csv_assets\4UKBrBeWrAk.csv,60917,gs://senior-share-staging-570862915709/naresome_script_csv/4UKBrBeWrAk.csv
Cuyq5b0IqAk,E:\Data\ObsidianVault\02_Channels\馴れ初めシネマ\競合チャンネル分析\企画リサーチ_20260605\script_csv_assets\Cuyq5b0IqAk.csv,60976,gs://senior-share-staging-570862915709/naresome_script_csv/Cuyq5b0IqAk.csv
gkXrXQ6U22s,E:\Data\ObsidianVault\02_Channels\馴れ初めシネマ\競合チャンネル分析\企画リサーチ_20260605\script_csv_assets\gkXrXQ6U22s.csv,75493,gs://senior-share-staging-570862915709/naresome_script_csv/gkXrXQ6U22s.csv
EK38UwG9NCg,E:\Data\ObsidianVault\02_Channels\馴れ初めシネマ\競合チャンネル分析\企画リサーチ_20260605\script_csv_assets\EK38UwG9NCg.csv,85921,gs://senior-share-staging-570862915709/naresome_script_csv/EK38UwG9NCg.csv
ZGdnXPmll4k,E:\Data\ObsidianVault\02_Channels\馴れ初めシネマ\競合チャンネル分析\企画リサーチ_20260605\script_csv_assets\ZGdnXPmll4k.csv,81395,gs://senior-share-staging-570862915709/naresome_script_csv/ZGdnXPmll4k.csv
Vz-jip_atzw,E:\Data\ObsidianVault\02_Channels\馴れ初めシネマ\競合チャンネル分析\企画リサーチ_20260605\script_csv_assets\Vz-jip_atzw.csv,130722,gs://senior-share-staging-570862915709/naresome_script_csv/Vz-jip_atzw.csv
K-tKkZR78ZE,E:\Data\ObsidianVault\02_Channels\馴れ初めシネマ\競合チャンネル分析\企画リサーチ_20260605\script_csv_assets\K-tKkZR78ZE.csv,79369,gs://senior-share-staging-570862915709/naresome_script_csv/K-tKkZR78ZE.csv
626kpqu2590,E:\Data\ObsidianVault\02_Channels\馴れ初めシネマ\競合チャンネル分析\企画リサーチ_20260605\script_csv_assets\626kpqu2590.csv,88262,gs://senior-share-staging-570862915709/naresome_script_csv/626kpqu2590.csv
QSl0GKTzEYg,E:\Data\ObsidianVault\02_Channels\馴れ初めシネマ\競合チャンネル分析\企画リサーチ_20260605\script_csv_assets\QSl0GKTzEYg.csv,78483,gs://senior-share-staging-570862915709/naresome_script_csv/QSl0GKTzEYg.csv
w0dUfOnGDug,E:\Data\ObsidianVault\02_Channels\馴れ初めシネマ\競合チャンネル分析\企画リサーチ_20260605\script_csv_assets\w0dUfOnGDug.csv,90494,gs://senior-share-staging-570862915709/naresome_script_csv/w0dUfOnGDug.csv
kR6eiAmZsB0,E:\Data\ObsidianVault\02_Channels\馴れ初めシネマ\競合チャンネル分析\企画リサーチ_20260605\script_csv_assets\kR6eiAmZsB0.csv,72620,gs://senior-share-staging-570862915709/naresome_script_csv/kR6eiAmZsB0.csv
b1RvPA-eQi0,E:\Data\ObsidianVault\02_Channels\馴れ初めシネマ\競合チャンネル分析\企画リサーチ_20260605\script_csv_assets\b1RvPA-eQi0.csv,79279,gs://senior-share-staging-570862915709/naresome_script_csv/b1RvPA-eQi0.csv
4EFnIEAxBNY,E:\Data\ObsidianVault\02_Channels\馴れ初めシネマ\競合チャンネル分析\企画リサーチ_20260605\script_csv_assets\4EFnIEAxBNY.csv,167252,gs://senior-share-staging-570862915709/naresome_script_csv/4EFnIEAxBNY.csv
Drw0gE7f9Z4,E:\Data\ObsidianVault\02_Channels\馴れ初めシネマ\競合チャンネル分析\企画リサーチ_20260605\script_csv_assets\Drw0gE7f9Z4.csv,73600,gs://senior-share-staging-570862915709/naresome_script_csv/Drw0gE7f9Z4.csv
F2bto2CRFnU,E:\Data\ObsidianVault\02_Channels\馴れ初めシネマ\競合チャンネル分析\企画リサーチ_20260605\script_csv_assets\F2bto2CRFnU.csv,168044,gs://senior-share-staging-570862915709/naresome_script_csv/F2bto2CRFnU.csv
f23YtqhIx9A,E:\Data\ObsidianVault\02_Channels\馴れ初めシネマ\競合チャンネル分析\企画リサーチ_20260605\script_csv_assets\f23YtqhIx9A.csv,154350,gs://senior-share-staging-570862915709/naresome_script_csv/f23YtqhIx9A.csv
OYU3ishF7pM,E:\Data\ObsidianVault\02_Channels\馴れ初めシネマ\競合チャンネル分析\企画リサーチ_20260605\script_csv_assets\OYU3ishF7pM.csv,63921,gs://senior-share-staging-570862915709/naresome_script_csv/OYU3ishF7pM.csv
ZzAgKpcv14Q,E:\Data\ObsidianVault\02_Channels\馴れ初めシネマ\競合チャンネル分析\企画リサーチ_20260605\script_csv_assets\ZzAgKpcv14Q.csv,83271,gs://senior-share-staging-570862915709/naresome_script_csv/ZzAgKpcv14Q.csv
Fn_lOjGKNWg,E:\Data\ObsidianVault\02_Channels\馴れ初めシネマ\競合チャンネル分析\企画リサーチ_20260605\script_csv_assets\Fn_lOjGKNWg.csv,661248,gs://senior-share-staging-570862915709/naresome_script_csv/Fn_lOjGKNWg.csv
ZH300C3KLSI,E:\Data\ObsidianVault\02_Channels\馴れ初めシネマ\競合チャンネル分析\企画リサーチ_20260605\script_csv_assets\ZH300C3KLSI.csv,47851,gs://senior-share-staging-570862915709/naresome_script_csv/ZH300C3KLSI.csv
tpk9366PS8s,E:\Data\ObsidianVault\02_Channels\馴れ初めシネマ\競合チャンネル分析\企画リサーチ_20260605\script_csv_assets\tpk9366PS8s.csv,81851,gs://senior-share-staging-570862915709/naresome_script_csv/tpk9366PS8s.csv
XONCEnKqhZ8,E:\Data\ObsidianVault\02_Channels\馴れ初めシネマ\競合チャンネル分析\企画リサーチ_20260605\script_csv_assets\XONCEnKqhZ8.csv,79971,gs://senior-share-staging-570862915709/naresome_script_csv/XONCEnKqhZ8.csv
jOfmRLSYqLA,E:\Data\ObsidianVault\02_Channels\馴れ初めシネマ\競合チャンネル分析\企画リサーチ_20260605\script_csv_assets\jOfmRLSYqLA.csv,102116,gs://senior-share-staging-570862915709/naresome_script_csv/jOfmRLSYqLA.csv
unbALz2a8Yk,E:\Data\ObsidianVault\02_Channels\馴れ初めシネマ\競合チャンネル分析\企画リサーチ_20260605\script_csv_assets\unbALz2a8Yk.csv,84527,gs://senior-share-staging-570862915709/naresome_script_csv/unbALz2a8Yk.csv
b5_08CVROnw,E:\Data\ObsidianVault\02_Channels\馴れ初めシネマ\競合チャンネル分析\企画リサーチ_20260605\script_csv_assets\b5_08CVROnw.csv,57893,gs://senior-share-staging-570862915709/naresome_script_csv/b5_08CVROnw.csv
j-8lbd3AMZ8,E:\Data\ObsidianVault\02_Channels\馴れ初めシネマ\競合チャンネル分析\企画リサーチ_20260605\script_csv_assets\j-8lbd3AMZ8.csv,121779,gs://senior-share-staging-570862915709/naresome_script_csv/j-8lbd3AMZ8.csv
NYxJ1gMhIbM,E:\Data\ObsidianVault\02_Channels\馴れ初めシネマ\競合チャンネル分析\企画リサーチ_20260605\script_csv_assets\NYxJ1gMhIbM.csv,69768,gs://senior-share-staging-570862915709/naresome_script_csv/NYxJ1gMhIbM.csv
dAY5YTEH68c,E:\Data\ObsidianVault\02_Channels\馴れ初めシネマ\競合チャンネル分析\企画リサーチ_20260605\script_csv_assets\dAY5YTEH68c.csv,125743,gs://senior-share-staging-570862915709/naresome_script_csv/dAY5YTEH68c.csv
uA7XHsAdg0s,E:\Data\ObsidianVault\02_Channels\馴れ初めシネマ\競合チャンネル分析\企画リサーチ_20260605\script_csv_assets\uA7XHsAdg0s.csv,175095,gs://senior-share-staging-570862915709/naresome_script_csv/uA7XHsAdg0s.csv
1pFjBERg5HA,E:\Data\ObsidianVault\02_Channels\馴れ初めシネマ\競合チャンネル分析\企画リサーチ_20260605\script_csv_assets\1pFjBERg5HA.csv,100255,gs://senior-share-staging-570862915709/naresome_script_csv/1pFjBERg5HA.csv
FaqaKAXB31I,E:\Data\ObsidianVault\02_Channels\馴れ初めシネマ\競合チャンネル分析\企画リサーチ_20260605\script_csv_assets\FaqaKAXB31I.csv,90759,gs://senior-share-staging-570862915709/naresome_script_csv/FaqaKAXB31I.csv
BY_n6D4dpOA,E:\Data\ObsidianVault\02_Channels\馴れ初めシネマ\競合チャンネル分析\企画リサーチ_20260605\script_csv_assets\BY_n6D4dpOA.csv,78309,gs://senior-share-staging-570862915709/naresome_script_csv/BY_n6D4dpOA.csv
fU7rDyRxy28,E:\Data\ObsidianVault\02_Channels\馴れ初めシネマ\競合チャンネル分析\企画リサーチ_20260605\script_csv_assets\fU7rDyRxy28.csv,110054,gs://senior-share-staging-570862915709/naresome_script_csv/fU7rDyRxy28.csv
D0jDQ0b5oGc,E:\Data\ObsidianVault\02_Channels\馴れ初めシネマ\競合チャンネル分析\企画リサーチ_20260605\script_csv_assets\D0jDQ0b5oGc.csv,100205,gs://senior-share-staging-570862915709/naresome_script_csv/D0jDQ0b5oGc.csv
_nAPrVjnS6k,E:\Data\ObsidianVault\02_Channels\馴れ初めシネマ\競合チャンネル分析\企画リサーチ_20260605\script_csv_assets\_nAPrVjnS6k.csv,70428,gs://senior-share-staging-570862915709/naresome_script_csv/_nAPrVjnS6k.csv
CBML9S8fJvg,E:\Data\ObsidianVault\02_Channels\馴れ初めシネマ\競合チャンネル分析\企画リサーチ_20260605\script_csv_assets\CBML9S8fJvg.csv,92172,gs://senior-share-staging-570862915709/naresome_script_csv/CBML9S8fJvg.csv
1by6Ypc4sZg,E:\Data\ObsidianVault\02_Channels\馴れ初めシネマ\競合チャンネル分析\企画リサーチ_20260605\script_csv_assets\1by6Ypc4sZg.csv,91381,gs://senior-share-staging-570862915709/naresome_script_csv/1by6Ypc4sZg.csv
z1ClRIkiogc,E:\Data\ObsidianVault\02_Channels\馴れ初めシネマ\競合チャンネル分析\企画リサーチ_20260605\script_csv_assets\z1ClRIkiogc.csv,75223,gs://senior-share-staging-570862915709/naresome_script_csv/z1ClRIkiogc.csv
SprvZiXM-Mw,E:\Data\ObsidianVault\02_Channels\馴れ初めシネマ\競合チャンネル分析\企画リサーチ_20260605\script_csv_assets\SprvZiXM-Mw.csv,73921,gs://senior-share-staging-570862915709/naresome_script_csv/SprvZiXM-Mw.csv
wnINpO9i_Us,E:\Data\ObsidianVault\02_Channels\馴れ初めシネマ\競合チャンネル分析\企画リサーチ_20260605\script_csv_assets\wnINpO9i_Us.csv,81881,gs://senior-share-staging-570862915709/naresome_script_csv/wnINpO9i_Us.csv
_a8I9AB9mMc,E:\Data\ObsidianVault\02_Channels\馴れ初めシネマ\競合チャンネル分析\企画リサーチ_20260605\script_csv_assets\_a8I9AB9mMc.csv,52037,gs://senior-share-staging-570862915709/naresome_script_csv/_a8I9AB9mMc.csv
2QNRPt_xoAY,E:\Data\ObsidianVault\02_Channels\馴れ初めシネマ\競合チャンネル分析\企画リサーチ_20260605\script_csv_assets\2QNRPt_xoAY.csv,84824,gs://senior-share-staging-570862915709/naresome_script_csv/2QNRPt_xoAY.csv
4bqgHYpuRA0,E:\Data\ObsidianVault\02_Channels\馴れ初めシネマ\競合チャンネル分析\企画リサーチ_20260605\script_csv_assets\4bqgHYpuRA0.csv,117633,gs://senior-share-staging-570862915709/naresome_script_csv/4bqgHYpuRA0.csv
Itq3gIxLZ-c,E:\Data\ObsidianVault\02_Channels\馴れ初めシネマ\競合チャンネル分析\企画リサーチ_20260605\script_csv_assets\Itq3gIxLZ-c.csv,425254,gs://senior-share-staging-570862915709/naresome_script_csv/Itq3gIxLZ-c.csv
KG0icm9cIrM,E:\Data\ObsidianVault\02_Channels\馴れ初めシネマ\競合チャンネル分析\企画リサーチ_20260605\script_csv_assets\KG0icm9cIrM.csv,73223,gs://senior-share-staging-570862915709/naresome_script_csv/KG0icm9cIrM.csv
XWWLoFiNVBI,E:\Data\ObsidianVault\02_Channels\馴れ初めシネマ\競合チャンネル分析\企画リサーチ_20260605\script_csv_assets\XWWLoFiNVBI.csv,53868,gs://senior-share-staging-570862915709/naresome_script_csv/XWWLoFiNVBI.csv
N5LonrbTgx8,E:\Data\ObsidianVault\02_Channels\馴れ初めシネマ\競合チャンネル分析\企画リサーチ_20260605\script_csv_assets\N5LonrbTgx8.csv,69823,gs://senior-share-staging-570862915709/naresome_script_csv/N5LonrbTgx8.csv
KC6Z4mAys6A,E:\Data\ObsidianVault\02_Channels\馴れ初めシネマ\競合チャンネル分析\企画リサーチ_20260605\script_csv_assets\KC6Z4mAys6A.csv,100551,gs://senior-share-staging-570862915709/naresome_script_csv/KC6Z4mAys6A.csv
IQDu8KjTn6k,E:\Data\ObsidianVault\02_Channels\馴れ初めシネマ\競合チャンネル分析\企画リサーチ_20260605\script_csv_assets\IQDu8KjTn6k.csv,64420,gs://senior-share-staging-570862915709/naresome_script_csv/IQDu8KjTn6k.csv
X24O7jRneKc,E:\Data\ObsidianVault\02_Channels\馴れ初めシネマ\競合チャンネル分析\企画リサーチ_20260605\script_csv_assets\X24O7jRneKc.csv,84059,gs://senior-share-staging-570862915709/naresome_script_csv/X24O7jRneKc.csv
I4j-IxTRfBk,E:\Data\ObsidianVault\02_Channels\馴れ初めシネマ\競合チャンネル分析\企画リサーチ_20260605\script_csv_assets\I4j-IxTRfBk.csv,76675,gs://senior-share-staging-570862915709/naresome_script_csv/I4j-IxTRfBk.csv
9f8tvoKD2l4,E:\Data\ObsidianVault\02_Channels\馴れ初めシネマ\競合チャンネル分析\企画リサーチ_20260605\script_csv_assets\9f8tvoKD2l4.csv,105257,gs://senior-share-staging-570862915709/naresome_script_csv/9f8tvoKD2l4.csv
ADKp7MD_u6c,E:\Data\ObsidianVault\02_Channels\馴れ初めシネマ\競合チャンネル分析\企画リサーチ_20260605\script_csv_assets\ADKp7MD_u6c.csv,77255,gs://senior-share-staging-570862915709/naresome_script_csv/ADKp7MD_u6c.csv
9_1dltP6tQU,E:\Data\ObsidianVault\02_Channels\馴れ初めシネマ\競合チャンネル分析\企画リサーチ_20260605\script_csv_assets\9_1dltP6tQU.csv,69205,gs://senior-share-staging-570862915709/naresome_script_csv/9_1dltP6tQU.csv
UWJXr7j_ky0,E:\Data\ObsidianVault\02_Channels\馴れ初めシネマ\競合チャンネル分析\企画リサーチ_20260605\script_csv_assets\UWJXr7j_ky0.csv,105302,gs://senior-share-staging-570862915709/naresome_script_csv/UWJXr7j_ky0.csv
qTI3fDFp7nE,E:\Data\ObsidianVault\02_Channels\馴れ初めシネマ\競合チャンネル分析\企画リサーチ_20260605\script_csv_assets\qTI3fDFp7nE.csv,685634,gs://senior-share-staging-570862915709/naresome_script_csv/qTI3fDFp7nE.csv
S-NEIDBNWZU,E:\Data\ObsidianVault\02_Channels\馴れ初めシネマ\競合チャンネル分析\企画リサーチ_20260605\script_csv_assets\S-NEIDBNWZU.csv,84975,gs://senior-share-staging-570862915709/naresome_script_csv/S-NEIDBNWZU.csv
1ZbYKajJqDs,E:\Data\ObsidianVault\02_Channels\馴れ初めシネマ\競合チャンネル分析\企画リサーチ_20260605\script_csv_assets\1ZbYKajJqDs.csv,336648,gs://senior-share-staging-570862915709/naresome_script_csv/1ZbYKajJqDs.csv
0KfRPalAd-8,E:\Data\ObsidianVault\02_Channels\馴れ初めシネマ\競合チャンネル分析\企画リサーチ_20260605\script_csv_assets\0KfRPalAd-8.csv,72793,gs://senior-share-staging-570862915709/naresome_script_csv/0KfRPalAd-8.csv
CUFO1Yp0gHk,E:\Data\ObsidianVault\02_Channels\馴れ初めシネマ\競合チャンネル分析\企画リサーチ_20260605\script_csv_assets\CUFO1Yp0gHk.csv,75689,gs://senior-share-staging-570862915709/naresome_script_csv/CUFO1Yp0gHk.csv
BKr_p0R4oR8,E:\Data\ObsidianVault\02_Channels\馴れ初めシネマ\競合チャンネル分析\企画リサーチ_20260605\script_csv_assets\BKr_p0R4oR8.csv,80334,gs://senior-share-staging-570862915709/naresome_script_csv/BKr_p0R4oR8.csv
Lz5nHIlpRGo,E:\Data\ObsidianVault\02_Channels\馴れ初めシネマ\競合チャンネル分析\企画リサーチ_20260605\script_csv_assets\Lz5nHIlpRGo.csv,108623,gs://senior-share-staging-570862915709/naresome_script_csv/Lz5nHIlpRGo.csv
1Lqga0IQoJs,E:\Data\ObsidianVault\02_Channels\馴れ初めシネマ\競合チャンネル分析\企画リサーチ_20260605\script_csv_assets\1Lqga0IQoJs.csv,117602,gs://senior-share-staging-570862915709/naresome_script_csv/1Lqga0IQoJs.csv
Angz8XYtsDI,E:\Data\ObsidianVault\02_Channels\馴れ初めシネマ\競合チャンネル分析\企画リサーチ_20260605\script_csv_assets\Angz8XYtsDI.csv,154974,gs://senior-share-staging-570862915709/naresome_script_csv/Angz8XYtsDI.csv
VSBgHTsrl-w,E:\Data\ObsidianVault\02_Channels\馴れ初めシネマ\競合チャンネル分析\企画リサーチ_20260605\script_csv_assets\VSBgHTsrl-w.csv,51752,gs://senior-share-staging-570862915709/naresome_script_csv/VSBgHTsrl-w.csv
Yo1EPbhHRBs,E:\Data\ObsidianVault\02_Channels\馴れ初めシネマ\競合チャンネル分析\企画リサーチ_20260605\script_csv_assets\Yo1EPbhHRBs.csv,565261,gs://senior-share-staging-570862915709/naresome_script_csv/Yo1EPbhHRBs.csv
aJz3s4kff3M,E:\Data\ObsidianVault\02_Channels\馴れ初めシネマ\競合チャンネル分析\企画リサーチ_20260605\script_csv_assets\aJz3s4kff3M.csv,606168,gs://senior-share-staging-570862915709/naresome_script_csv/aJz3s4kff3M.csv
VL3g3fzrOiE,E:\Data\ObsidianVault\02_Channels\馴れ初めシネマ\競合チャンネル分析\企画リサーチ_20260605\script_csv_assets\VL3g3fzrOiE.csv,66935,gs://senior-share-staging-570862915709/naresome_script_csv/VL3g3fzrOiE.csv
OwyU0X8J4cQ,E:\Data\ObsidianVault\02_Channels\馴れ初めシネマ\競合チャンネル分析\企画リサーチ_20260605\script_csv_assets\OwyU0X8J4cQ.csv,102989,gs://senior-share-staging-570862915709/naresome_script_csv/OwyU0X8J4cQ.csv
3wnDz039TWM,E:\Data\ObsidianVault\02_Channels\馴れ初めシネマ\競合チャンネル分析\企画リサーチ_20260605\script_csv_assets\3wnDz039TWM.csv,82456,gs://senior-share-staging-570862915709/naresome_script_csv/3wnDz039TWM.csv
zrc5GxMzP-E,E:\Data\ObsidianVault\02_Channels\馴れ初めシネマ\競合チャンネル分析\企画リサーチ_20260605\script_csv_assets\zrc5GxMzP-E.csv,103980,gs://senior-share-staging-570862915709/naresome_script_csv/zrc5GxMzP-E.csv
1O8Vv7RmWJI,E:\Data\ObsidianVault\02_Channels\馴れ初めシネマ\競合チャンネル分析\企画リサーチ_20260605\script_csv_assets\1O8Vv7RmWJI.csv,931678,gs://senior-share-staging-570862915709/naresome_script_csv/1O8Vv7RmWJI.csv
lrPFTifVwW4,E:\Data\ObsidianVault\02_Channels\馴れ初めシネマ\競合チャンネル分析\企画リサーチ_20260605\script_csv_assets\lrPFTifVwW4.csv,51357,gs://senior-share-staging-570862915709/naresome_script_csv/lrPFTifVwW4.csv
j5ayWINr9PU,E:\Data\ObsidianVault\02_Channels\馴れ初めシネマ\競合チャンネル分析\企画リサーチ_20260605\script_csv_assets\j5ayWINr9PU.csv,99022,gs://senior-share-staging-570862915709/naresome_script_csv/j5ayWINr9PU.csv
-TJEbZgEGG0,E:\Data\ObsidianVault\02_Channels\馴れ初めシネマ\競合チャンネル分析\企画リサーチ_20260605\script_csv_assets\-TJEbZgEGG0.csv,81621,gs://senior-share-staging-570862915709/naresome_script_csv/-TJEbZgEGG0.csv
JjLNCrxFbb4,E:\Data\ObsidianVault\02_Channels\馴れ初めシネマ\競合チャンネル分析\企画リサーチ_20260605\script_csv_assets\JjLNCrxFbb4.csv,73097,gs://senior-share-staging-570862915709/naresome_script_csv/JjLNCrxFbb4.csv
I1q_ZTqZsGY,E:\Data\ObsidianVault\02_Channels\馴れ初めシネマ\競合チャンネル分析\企画リサーチ_20260605\script_csv_assets\I1q_ZTqZsGY.csv,161151,gs://senior-share-staging-570862915709/naresome_script_csv/I1q_ZTqZsGY.csv
iyerryxQcFg,E:\Data\ObsidianVault\02_Channels\馴れ初めシネマ\競合チャンネル分析\企画リサーチ_20260605\script_csv_assets\iyerryxQcFg.csv,79269,gs://senior-share-staging-570862915709/naresome_script_csv/iyerryxQcFg.csv
II_nwQNbkxY,E:\Data\ObsidianVault\02_Channels\馴れ初めシネマ\競合チャンネル分析\企画リサーチ_20260605\script_csv_assets\II_nwQNbkxY.csv,73740,gs://senior-share-staging-570862915709/naresome_script_csv/II_nwQNbkxY.csv
Y48X1sbpcLw,E:\Data\ObsidianVault\02_Channels\馴れ初めシネマ\競合チャンネル分析\企画リサーチ_20260605\script_csv_assets\Y48X1sbpcLw.csv,65140,gs://senior-share-staging-570862915709/naresome_script_csv/Y48X1sbpcLw.csv
u75Swl7kFcQ,E:\Data\ObsidianVault\02_Channels\馴れ初めシネマ\競合チャンネル分析\企画リサーチ_20260605\script_csv_assets\u75Swl7kFcQ.csv,118221,gs://senior-share-staging-570862915709/naresome_script_csv/u75Swl7kFcQ.csv
-leqbr6fm_0,E:\Data\ObsidianVault\02_Channels\馴れ初めシネマ\競合チャンネル分析\企画リサーチ_20260605\script_csv_assets\-leqbr6fm_0.csv,101736,gs://senior-share-staging-570862915709/naresome_script_csv/-leqbr6fm_0.csv
X2AyHIo8H_8,E:\Data\ObsidianVault\02_Channels\馴れ初めシネマ\競合チャンネル分析\企画リサーチ_20260605\script_csv_assets\X2AyHIo8H_8.csv,80787,gs://senior-share-staging-570862915709/naresome_script_csv/X2AyHIo8H_8.csv
MC7yA1psUVQ,E:\Data\ObsidianVault\02_Channels\馴れ初めシネマ\競合チャンネル分析\企画リサーチ_20260605\script_csv_assets\MC7yA1psUVQ.csv,57132,gs://senior-share-staging-570862915709/naresome_script_csv/MC7yA1psUVQ.csv
pvb-UsaEi4g,E:\Data\ObsidianVault\02_Channels\馴れ初めシネマ\競合チャンネル分析\企画リサーチ_20260605\script_csv_assets\pvb-UsaEi4g.csv,54669,gs://senior-share-staging-570862915709/naresome_script_csv/pvb-UsaEi4g.csv
aBtz_5GkS6A,E:\Data\ObsidianVault\02_Channels\馴れ初めシネマ\競合チャンネル分析\企画リサーチ_20260605\script_csv_assets\aBtz_5GkS6A.csv,50305,gs://senior-share-staging-570862915709/naresome_script_csv/aBtz_5GkS6A.csv
zQOFnaZPbI8,E:\Data\ObsidianVault\02_Channels\馴れ初めシネマ\競合チャンネル分析\企画リサーチ_20260605\script_csv_assets\zQOFnaZPbI8.csv,158754,gs://senior-share-staging-570862915709/naresome_script_csv/zQOFnaZPbI8.csv
KHuTL47uAE8,E:\Data\ObsidianVault\02_Channels\馴れ初めシネマ\競合チャンネル分析\企画リサーチ_20260605\script_csv_assets\KHuTL47uAE8.csv,72823,gs://senior-share-staging-570862915709/naresome_script_csv/KHuTL47uAE8.csv
aG7rZbUGlck,E:\Data\ObsidianVault\02_Channels\馴れ初めシネマ\競合チャンネル分析\企画リサーチ_20260605\script_csv_assets\aG7rZbUGlck.csv,48560,gs://senior-share-staging-570862915709/naresome_script_csv/aG7rZbUGlck.csv
K1EV8Gl-W7Y,E:\Data\ObsidianVault\02_Channels\馴れ初めシネマ\競合チャンネル分析\企画リサーチ_20260605\script_csv_assets\K1EV8Gl-W7Y.csv,655228,gs://senior-share-staging-570862915709/naresome_script_csv/K1EV8Gl-W7Y.csv
Uz6Ahka8HVo,E:\Data\ObsidianVault\02_Channels\馴れ初めシネマ\競合チャンネル分析\企画リサーチ_20260605\script_csv_assets\Uz6Ahka8HVo.csv,72355,gs://senior-share-staging-570862915709/naresome_script_csv/Uz6Ahka8HVo.csv
6eNnbt0IdPk,E:\Data\ObsidianVault\02_Channels\馴れ初めシネマ\競合チャンネル分析\企画リサーチ_20260605\script_csv_assets\6eNnbt0IdPk.csv,77638,gs://senior-share-staging-570862915709/naresome_script_csv/6eNnbt0IdPk.csv
R3PFtPLl97s,E:\Data\ObsidianVault\02_Channels\馴れ初めシネマ\競合チャンネル分析\企画リサーチ_20260605\script_csv_assets\R3PFtPLl97s.csv,82238,gs://senior-share-staging-570862915709/naresome_script_csv/R3PFtPLl97s.csv
BDt66GhUx7M,E:\Data\ObsidianVault\02_Channels\馴れ初めシネマ\競合チャンネル分析\企画リサーチ_20260605\script_csv_assets\BDt66GhUx7M.csv,88168,gs://senior-share-staging-570862915709/naresome_script_csv/BDt66GhUx7M.csv
qwpmz7ke_O8,E:\Data\ObsidianVault\02_Channels\馴れ初めシネマ\競合チャンネル分析\企画リサーチ_20260605\script_csv_assets\qwpmz7ke_O8.csv,160553,gs://senior-share-staging-570862915709/naresome_script_csv/qwpmz7ke_O8.csv
nd9E-5Gf6YU,E:\Data\ObsidianVault\02_Channels\馴れ初めシネマ\競合チャンネル分析\企画リサーチ_20260605\script_csv_assets\nd9E-5Gf6YU.csv,141964,gs://senior-share-staging-570862915709/naresome_script_csv/nd9E-5Gf6YU.csv
iBfTbcYqLoM,E:\Data\ObsidianVault\02_Channels\馴れ初めシネマ\競合チャンネル分析\企画リサーチ_20260605\script_csv_assets\iBfTbcYqLoM.csv,57843,gs://senior-share-staging-570862915709/naresome_script_csv/iBfTbcYqLoM.csv
Vt_-ye1-aYc,E:\Data\ObsidianVault\02_Channels\馴れ初めシネマ\競合チャンネル分析\企画リサーチ_20260605\script_csv_assets\Vt_-ye1-aYc.csv,147636,gs://senior-share-staging-570862915709/naresome_script_csv/Vt_-ye1-aYc.csv
sy0lYjSfOp4,E:\Data\ObsidianVault\02_Channels\馴れ初めシネマ\競合チャンネル分析\企画リサーチ_20260605\script_csv_assets\sy0lYjSfOp4.csv,101858,gs://senior-share-staging-570862915709/naresome_script_csv/sy0lYjSfOp4.csv
7HLHPq5C-3U,E:\Data\ObsidianVault\02_Channels\馴れ初めシネマ\競合チャンネル分析\企画リサーチ_20260605\script_csv_assets\7HLHPq5C-3U.csv,477160,gs://senior-share-staging-570862915709/naresome_script_csv/7HLHPq5C-3U.csv
fjj7HUQDbr0,E:\Data\ObsidianVault\02_Channels\馴れ初めシネマ\競合チャンネル分析\企画リサーチ_20260605\script_csv_assets\fjj7HUQDbr0.csv,102317,gs://senior-share-staging-570862915709/naresome_script_csv/fjj7HUQDbr0.csv
7O53F8HkEa4,E:\Data\ObsidianVault\02_Channels\馴れ初めシネマ\競合チャンネル分析\企画リサーチ_20260605\script_csv_assets\7O53F8HkEa4.csv,79405,gs://senior-share-staging-570862915709/naresome_script_csv/7O53F8HkEa4.csv
H3GK8h4_gaY,E:\Data\ObsidianVault\02_Channels\馴れ初めシネマ\競合チャンネル分析\企画リサーチ_20260605\script_csv_assets\H3GK8h4_gaY.csv,102470,gs://senior-share-staging-570862915709/naresome_script_csv/H3GK8h4_gaY.csv
1gA6PthxC9g,E:\Data\ObsidianVault\02_Channels\馴れ初めシネマ\競合チャンネル分析\企画リサーチ_20260605\script_csv_assets\1gA6PthxC9g.csv,91222,gs://senior-share-staging-570862915709/naresome_script_csv/1gA6PthxC9g.csv
106qtA00TLY,E:\Data\ObsidianVault\02_Channels\馴れ初めシネマ\競合チャンネル分析\企画リサーチ_20260605\script_csv_assets\106qtA00TLY.csv,84234,gs://senior-share-staging-570862915709/naresome_script_csv/106qtA00TLY.csv
Rlna9MmOvgU,E:\Data\ObsidianVault\02_Channels\馴れ初めシネマ\競合チャンネル分析\企画リサーチ_20260605\script_csv_assets\Rlna9MmOvgU.csv,80926,gs://senior-share-staging-570862915709/naresome_script_csv/Rlna9MmOvgU.csv
5JjLC38JIYc,E:\Data\ObsidianVault\02_Channels\馴れ初めシネマ\競合チャンネル分析\企画リサーチ_20260605\script_csv_assets\5JjLC38JIYc.csv,69570,gs://senior-share-staging-570862915709/naresome_script_csv/5JjLC38JIYc.csv
f6H_SUYcVHs,E:\Data\ObsidianVault\02_Channels\馴れ初めシネマ\競合チャンネル分析\企画リサーチ_20260605\script_csv_assets\f6H_SUYcVHs.csv,72046,gs://senior-share-staging-570862915709/naresome_script_csv/f6H_SUYcVHs.csv
f3MYyh_ZFzA,E:\Data\ObsidianVault\02_Channels\馴れ初めシネマ\競合チャンネル分析\企画リサーチ_20260605\script_csv_assets\f3MYyh_ZFzA.csv,602572,gs://senior-share-staging-570862915709/naresome_script_csv/f3MYyh_ZFzA.csv
fMl0yShqdz8,E:\Data\ObsidianVault\02_Channels\馴れ初めシネマ\競合チャンネル分析\企画リサーチ_20260605\script_csv_assets\fMl0yShqdz8.csv,94957,gs://senior-share-staging-570862915709/naresome_script_csv/fMl0yShqdz8.csv
YcIQkwyjcfA,E:\Data\ObsidianVault\02_Channels\馴れ初めシネマ\競合チャンネル分析\企画リサーチ_20260605\script_csv_assets\YcIQkwyjcfA.csv,86416,gs://senior-share-staging-570862915709/naresome_script_csv/YcIQkwyjcfA.csv
Y6xR_HhCbF4,E:\Data\ObsidianVault\02_Channels\馴れ初めシネマ\競合チャンネル分析\企画リサーチ_20260605\script_csv_assets\Y6xR_HhCbF4.csv,57842,gs://senior-share-staging-570862915709/naresome_script_csv/Y6xR_HhCbF4.csv
LetCGm8PzmA,E:\Data\ObsidianVault\02_Channels\馴れ初めシネマ\競合チャンネル分析\企画リサーチ_20260605\script_csv_assets\LetCGm8PzmA.csv,60271,gs://senior-share-staging-570862915709/naresome_script_csv/LetCGm8PzmA.csv
gNqwuuf37Go,E:\Data\ObsidianVault\02_Channels\馴れ初めシネマ\競合チャンネル分析\企画リサーチ_20260605\script_csv_assets\gNqwuuf37Go.csv,75193,gs://senior-share-staging-570862915709/naresome_script_csv/gNqwuuf37Go.csv
68VOkkdwnAE,E:\Data\ObsidianVault\02_Channels\馴れ初めシネマ\競合チャンネル分析\企画リサーチ_20260605\script_csv_assets\68VOkkdwnAE.csv,71333,gs://senior-share-staging-570862915709/naresome_script_csv/68VOkkdwnAE.csv
6DkeycCELg8,E:\Data\ObsidianVault\02_Channels\馴れ初めシネマ\競合チャンネル分析\企画リサーチ_20260605\script_csv_assets\6DkeycCELg8.csv,93356,gs://senior-share-staging-570862915709/naresome_script_csv/6DkeycCELg8.csv
KxAOraPqnGk,E:\Data\ObsidianVault\02_Channels\馴れ初めシネマ\競合チャンネル分析\企画リサーチ_20260605\script_csv_assets\KxAOraPqnGk.csv,71203,gs://senior-share-staging-570862915709/naresome_script_csv/KxAOraPqnGk.csv
vjdLtQPePYs,E:\Data\ObsidianVault\02_Channels\馴れ初めシネマ\競合チャンネル分析\企画リサーチ_20260605\script_csv_assets\vjdLtQPePYs.csv,148850,gs://senior-share-staging-570862915709/naresome_script_csv/vjdLtQPePYs.csv
BWsIXgoP3GM,E:\Data\ObsidianVault\02_Channels\馴れ初めシネマ\競合チャンネル分析\企画リサーチ_20260605\script_csv_assets\BWsIXgoP3GM.csv,125480,gs://senior-share-staging-570862915709/naresome_script_csv/BWsIXgoP3GM.csv
7NRMTpEBHc4,E:\Data\ObsidianVault\02_Channels\馴れ初めシネマ\競合チャンネル分析\企画リサーチ_20260605\script_csv_assets\7NRMTpEBHc4.csv,45174,gs://senior-share-staging-570862915709/naresome_script_csv/7NRMTpEBHc4.csv
b9LRNPAq4wk,E:\Data\ObsidianVault\02_Channels\馴れ初めシネマ\競合チャンネル分析\企画リサーチ_20260605\script_csv_assets\b9LRNPAq4wk.csv,123354,gs://senior-share-staging-570862915709/naresome_script_csv/b9LRNPAq4wk.csv
5F6jbFYFp4k,E:\Data\ObsidianVault\02_Channels\馴れ初めシネマ\競合チャンネル分析\企画リサーチ_20260605\script_csv_assets\5F6jbFYFp4k.csv,94989,gs://senior-share-staging-570862915709/naresome_script_csv/5F6jbFYFp4k.csv
3VJl2CekvFs,E:\Data\ObsidianVault\02_Channels\馴れ初めシネマ\競合チャンネル分析\企画リサーチ_20260605\script_csv_assets\3VJl2CekvFs.csv,76726,gs://senior-share-staging-570862915709/naresome_script_csv/3VJl2CekvFs.csv
izq-Cj9OeM0,E:\Data\ObsidianVault\02_Channels\馴れ初めシネマ\競合チャンネル分析\企画リサーチ_20260605\script_csv_assets\izq-Cj9OeM0.csv,178865,gs://senior-share-staging-570862915709/naresome_script_csv/izq-Cj9OeM0.csv
339ANZ1JQrs,E:\Data\ObsidianVault\02_Channels\馴れ初めシネマ\競合チャンネル分析\企画リサーチ_20260605\script_csv_assets\339ANZ1JQrs.csv,74741,gs://senior-share-staging-570862915709/naresome_script_csv/339ANZ1JQrs.csv
F_9N9njywVM,E:\Data\ObsidianVault\02_Channels\馴れ初めシネマ\競合チャンネル分析\企画リサーチ_20260605\script_csv_assets\F_9N9njywVM.csv,808079,gs://senior-share-staging-570862915709/naresome_script_csv/F_9N9njywVM.csv
lgMxb1e_qPU,E:\Data\ObsidianVault\02_Channels\馴れ初めシネマ\競合チャンネル分析\企画リサーチ_20260605\script_csv_assets\lgMxb1e_qPU.csv,83083,gs://senior-share-staging-570862915709/naresome_script_csv/lgMxb1e_qPU.csv
P3Bg13Fj2V4,E:\Data\ObsidianVault\02_Channels\馴れ初めシネマ\競合チャンネル分析\企画リサーチ_20260605\script_csv_assets\P3Bg13Fj2V4.csv,92914,gs://senior-share-staging-570862915709/naresome_script_csv/P3Bg13Fj2V4.csv
smOsopd-Byc,E:\Data\ObsidianVault\02_Channels\馴れ初めシネマ\競合チャンネル分析\企画リサーチ_20260605\script_csv_assets\smOsopd-Byc.csv,69021,gs://senior-share-staging-570862915709/naresome_script_csv/smOsopd-Byc.csv
ozxovE-4I98,E:\Data\ObsidianVault\02_Channels\馴れ初めシネマ\競合チャンネル分析\企画リサーチ_20260605\script_csv_assets\ozxovE-4I98.csv,79215,gs://senior-share-staging-570862915709/naresome_script_csv/ozxovE-4I98.csv
VUvVV4xYM0A,E:\Data\ObsidianVault\02_Channels\馴れ初めシネマ\競合チャンネル分析\企画リサーチ_20260605\script_csv_assets\VUvVV4xYM0A.csv,68762,gs://senior-share-staging-570862915709/naresome_script_csv/VUvVV4xYM0A.csv
oalQLKMtvLY,E:\Data\ObsidianVault\02_Channels\馴れ初めシネマ\競合チャンネル分析\企画リサーチ_20260605\script_csv_assets\oalQLKMtvLY.csv,168033,gs://senior-share-staging-570862915709/naresome_script_csv/oalQLKMtvLY.csv
K7osDLOnlko,E:\Data\ObsidianVault\02_Channels\馴れ初めシネマ\競合チャンネル分析\企画リサーチ_20260605\script_csv_assets\K7osDLOnlko.csv,74706,gs://senior-share-staging-570862915709/naresome_script_csv/K7osDLOnlko.csv
GsoHDjv38JE,E:\Data\ObsidianVault\02_Channels\馴れ初めシネマ\競合チャンネル分析\企画リサーチ_20260605\script_csv_assets\GsoHDjv38JE.csv,124517,gs://senior-share-staging-570862915709/naresome_script_csv/GsoHDjv38JE.csv
egFsWfkBP1s,E:\Data\ObsidianVault\02_Channels\馴れ初めシネマ\競合チャンネル分析\企画リサーチ_20260605\script_csv_assets\egFsWfkBP1s.csv,50193,gs://senior-share-staging-570862915709/naresome_script_csv/egFsWfkBP1s.csv
9Y-G2ZCSgFo,E:\Data\ObsidianVault\02_Channels\馴れ初めシネマ\競合チャンネル分析\企画リサーチ_20260605\script_csv_assets\9Y-G2ZCSgFo.csv,58400,gs://senior-share-staging-570862915709/naresome_script_csv/9Y-G2ZCSgFo.csv
9s3fXuygpP0,E:\Data\ObsidianVault\02_Channels\馴れ初めシネマ\競合チャンネル分析\企画リサーチ_20260605\script_csv_assets\9s3fXuygpP0.csv,81352,gs://senior-share-staging-570862915709/naresome_script_csv/9s3fXuygpP0.csv
TciqumRoCaA,E:\Data\ObsidianVault\02_Channels\馴れ初めシネマ\競合チャンネル分析\企画リサーチ_20260605\script_csv_assets\TciqumRoCaA.csv,98680,gs://senior-share-staging-570862915709/naresome_script_csv/TciqumRoCaA.csv
GtQIwDGdW20,E:\Data\ObsidianVault\02_Channels\馴れ初めシネマ\競合チャンネル分析\企画リサーチ_20260605\script_csv_assets\GtQIwDGdW20.csv,81391,gs://senior-share-staging-570862915709/naresome_script_csv/GtQIwDGdW20.csv
oCgR8okO-hM,E:\Data\ObsidianVault\02_Channels\馴れ初めシネマ\競合チャンネル分析\企画リサーチ_20260605\script_csv_assets\oCgR8okO-hM.csv,94334,gs://senior-share-staging-570862915709/naresome_script_csv/oCgR8okO-hM.csv
HzoFEMiltV8,E:\Data\ObsidianVault\02_Channels\馴れ初めシネマ\競合チャンネル分析\企画リサーチ_20260605\script_csv_assets\HzoFEMiltV8.csv,677696,gs://senior-share-staging-570862915709/naresome_script_csv/HzoFEMiltV8.csv
JTsOZUN0Tvw,E:\Data\ObsidianVault\02_Channels\馴れ初めシネマ\競合チャンネル分析\企画リサーチ_20260605\script_csv_assets\JTsOZUN0Tvw.csv,82171,gs://senior-share-staging-570862915709/naresome_script_csv/JTsOZUN0Tvw.csv
v76P8Bxaxyg,E:\Data\ObsidianVault\02_Channels\馴れ初めシネマ\競合チャンネル分析\企画リサーチ_20260605\script_csv_assets\v76P8Bxaxyg.csv,102252,gs://senior-share-staging-570862915709/naresome_script_csv/v76P8Bxaxyg.csv
yA-ERsbQJwA,E:\Data\ObsidianVault\02_Channels\馴れ初めシネマ\競合チャンネル分析\企画リサーチ_20260605\script_csv_assets\yA-ERsbQJwA.csv,437800,gs://senior-share-staging-570862915709/naresome_script_csv/yA-ERsbQJwA.csv
P97fSbbcyNY,E:\Data\ObsidianVault\02_Channels\馴れ初めシネマ\競合チャンネル分析\企画リサーチ_20260605\script_csv_assets\P97fSbbcyNY.csv,105010,gs://senior-share-staging-570862915709/naresome_script_csv/P97fSbbcyNY.csv
ii2HvnVGQJA,E:\Data\ObsidianVault\02_Channels\馴れ初めシネマ\競合チャンネル分析\企画リサーチ_20260605\script_csv_assets\ii2HvnVGQJA.csv,79829,gs://senior-share-staging-570862915709/naresome_script_csv/ii2HvnVGQJA.csv
pD92H94WjVo,E:\Data\ObsidianVault\02_Channels\馴れ初めシネマ\競合チャンネル分析\企画リサーチ_20260605\script_csv_assets\pD92H94WjVo.csv,104428,gs://senior-share-staging-570862915709/naresome_script_csv/pD92H94WjVo.csv
ZGziK21mHKQ,E:\Data\ObsidianVault\02_Channels\馴れ初めシネマ\競合チャンネル分析\企画リサーチ_20260605\script_csv_assets\ZGziK21mHKQ.csv,82234,gs://senior-share-staging-570862915709/naresome_script_csv/ZGziK21mHKQ.csv
jBpnaZAFi3o,E:\Data\ObsidianVault\02_Channels\馴れ初めシネマ\競合チャンネル分析\企画リサーチ_20260605\script_csv_assets\jBpnaZAFi3o.csv,98591,gs://senior-share-staging-570862915709/naresome_script_csv/jBpnaZAFi3o.csv
Q-NWCvrRWC4,E:\Data\ObsidianVault\02_Channels\馴れ初めシネマ\競合チャンネル分析\企画リサーチ_20260605\script_csv_assets\Q-NWCvrRWC4.csv,112371,gs://senior-share-staging-570862915709/naresome_script_csv/Q-NWCvrRWC4.csv
ZWTHXTAMJdU,E:\Data\ObsidianVault\02_Channels\馴れ初めシネマ\競合チャンネル分析\企画リサーチ_20260605\script_csv_assets\ZWTHXTAMJdU.csv,100967,gs://senior-share-staging-570862915709/naresome_script_csv/ZWTHXTAMJdU.csv
w1eoNvUux9w,E:\Data\ObsidianVault\02_Channels\馴れ初めシネマ\競合チャンネル分析\企画リサーチ_20260605\script_csv_assets\w1eoNvUux9w.csv,87169,gs://senior-share-staging-570862915709/naresome_script_csv/w1eoNvUux9w.csv
zcGTyb3tGmE,E:\Data\ObsidianVault\02_Channels\馴れ初めシネマ\競合チャンネル分析\企画リサーチ_20260605\script_csv_assets\zcGTyb3tGmE.csv,169081,gs://senior-share-staging-570862915709/naresome_script_csv/zcGTyb3tGmE.csv
MfzKwVjiLRc,E:\Data\ObsidianVault\02_Channels\馴れ初めシネマ\競合チャンネル分析\企画リサーチ_20260605\script_csv_assets\MfzKwVjiLRc.csv,63509,gs://senior-share-staging-570862915709/naresome_script_csv/MfzKwVjiLRc.csv
mctbSHbsYFQ,E:\Data\ObsidianVault\02_Channels\馴れ初めシネマ\競合チャンネル分析\企画リサーチ_20260605\script_csv_assets\mctbSHbsYFQ.csv,689446,gs://senior-share-staging-570862915709/naresome_script_csv/mctbSHbsYFQ.csv
4ymgUrJKB4s,E:\Data\ObsidianVault\02_Channels\馴れ初めシネマ\競合チャンネル分析\企画リサーチ_20260605\script_csv_assets\4ymgUrJKB4s.csv,101462,gs://senior-share-staging-570862915709/naresome_script_csv/4ymgUrJKB4s.csv
2WNdAXlsu2I,E:\Data\ObsidianVault\02_Channels\馴れ初めシネマ\競合チャンネル分析\企画リサーチ_20260605\script_csv_assets\2WNdAXlsu2I.csv,47711,gs://senior-share-staging-570862915709/naresome_script_csv/2WNdAXlsu2I.csv
jyDw1a8olrw,E:\Data\ObsidianVault\02_Channels\馴れ初めシネマ\競合チャンネル分析\企画リサーチ_20260605\script_csv_assets\jyDw1a8olrw.csv,77855,gs://senior-share-staging-570862915709/naresome_script_csv/jyDw1a8olrw.csv
zPYZl6nKVyg,E:\Data\ObsidianVault\02_Channels\馴れ初めシネマ\競合チャンネル分析\企画リサーチ_20260605\script_csv_assets\zPYZl6nKVyg.csv,151806,gs://senior-share-staging-570862915709/naresome_script_csv/zPYZl6nKVyg.csv
yOPe_l0rBus,E:\Data\ObsidianVault\02_Channels\馴れ初めシネマ\競合チャンネル分析\企画リサーチ_20260605\script_csv_assets\yOPe_l0rBus.csv,101666,gs://senior-share-staging-570862915709/naresome_script_csv/yOPe_l0rBus.csv
TmqrjplBtc4,E:\Data\ObsidianVault\02_Channels\馴れ初めシネマ\競合チャンネル分析\企画リサーチ_20260605\script_csv_assets\TmqrjplBtc4.csv,140652,gs://senior-share-staging-570862915709/naresome_script_csv/TmqrjplBtc4.csv
LT21E-GEHn8,E:\Data\ObsidianVault\02_Channels\馴れ初めシネマ\競合チャンネル分析\企画リサーチ_20260605\script_csv_assets\LT21E-GEHn8.csv,72067,gs://senior-share-staging-570862915709/naresome_script_csv/LT21E-GEHn8.csv
BVXvs8dz9c8,E:\Data\ObsidianVault\02_Channels\馴れ初めシネマ\競合チャンネル分析\企画リサーチ_20260605\script_csv_assets\BVXvs8dz9c8.csv,66775,gs://senior-share-staging-570862915709/naresome_script_csv/BVXvs8dz9c8.csv
47GZeMy64fU,E:\Data\ObsidianVault\02_Channels\馴れ初めシネマ\競合チャンネル分析\企画リサーチ_20260605\script_csv_assets\47GZeMy64fU.csv,105555,gs://senior-share-staging-570862915709/naresome_script_csv/47GZeMy64fU.csv
85FXYSSILuo,E:\Data\ObsidianVault\02_Channels\馴れ初めシネマ\競合チャンネル分析\企画リサーチ_20260605\script_csv_assets\85FXYSSILuo.csv,95252,gs://senior-share-staging-570862915709/naresome_script_csv/85FXYSSILuo.csv
Vxsj12KhvRg,E:\Data\ObsidianVault\02_Channels\馴れ初めシネマ\競合チャンネル分析\企画リサーチ_20260605\script_csv_assets\Vxsj12KhvRg.csv,166655,gs://senior-share-staging-570862915709/naresome_script_csv/Vxsj12KhvRg.csv
i90WfiLZ1qs,E:\Data\ObsidianVault\02_Channels\馴れ初めシネマ\競合チャンネル分析\企画リサーチ_20260605\script_csv_assets\i90WfiLZ1qs.csv,123836,gs://senior-share-staging-570862915709/naresome_script_csv/i90WfiLZ1qs.csv
9NUQ1hDpnes,E:\Data\ObsidianVault\02_Channels\馴れ初めシネマ\競合チャンネル分析\企画リサーチ_20260605\script_csv_assets\9NUQ1hDpnes.csv,95213,gs://senior-share-staging-570862915709/naresome_script_csv/9NUQ1hDpnes.csv
ggjWQdpxVYw,E:\Data\ObsidianVault\02_Channels\馴れ初めシネマ\競合チャンネル分析\企画リサーチ_20260605\script_csv_assets\ggjWQdpxVYw.csv,92026,gs://senior-share-staging-570862915709/naresome_script_csv/ggjWQdpxVYw.csv
du-CtkMoMiU,E:\Data\ObsidianVault\02_Channels\馴れ初めシネマ\競合チャンネル分析\企画リサーチ_20260605\script_csv_assets\du-CtkMoMiU.csv,66746,gs://senior-share-staging-570862915709/naresome_script_csv/du-CtkMoMiU.csv
2hWQvPgVTOw,E:\Data\ObsidianVault\02_Channels\馴れ初めシネマ\競合チャンネル分析\企画リサーチ_20260605\script_csv_assets\2hWQvPgVTOw.csv,180581,gs://senior-share-staging-570862915709/naresome_script_csv/2hWQvPgVTOw.csv
eHRH36eG5hA,E:\Data\ObsidianVault\02_Channels\馴れ初めシネマ\競合チャンネル分析\企画リサーチ_20260605\script_csv_assets\eHRH36eG5hA.csv,100680,gs://senior-share-staging-570862915709/naresome_script_csv/eHRH36eG5hA.csv
hO6JsRzT618,E:\Data\ObsidianVault\02_Channels\馴れ初めシネマ\競合チャンネル分析\企画リサーチ_20260605\script_csv_assets\hO6JsRzT618.csv,399253,gs://senior-share-staging-570862915709/naresome_script_csv/hO6JsRzT618.csv
G6FXe3TULVg,E:\Data\ObsidianVault\02_Channels\馴れ初めシネマ\競合チャンネル分析\企画リサーチ_20260605\script_csv_assets\G6FXe3TULVg.csv,79469,gs://senior-share-staging-570862915709/naresome_script_csv/G6FXe3TULVg.csv
CCl_iUJIMfc,E:\Data\ObsidianVault\02_Channels\馴れ初めシネマ\競合チャンネル分析\企画リサーチ_20260605\script_csv_assets\CCl_iUJIMfc.csv,171637,gs://senior-share-staging-570862915709/naresome_script_csv/CCl_iUJIMfc.csv
wE27j4plGVI,E:\Data\ObsidianVault\02_Channels\馴れ初めシネマ\競合チャンネル分析\企画リサーチ_20260605\script_csv_assets\wE27j4plGVI.csv,116103,gs://senior-share-staging-570862915709/naresome_script_csv/wE27j4plGVI.csv
gZ1kPvl-Wv0,E:\Data\ObsidianVault\02_Channels\馴れ初めシネマ\競合チャンネル分析\企画リサーチ_20260605\script_csv_assets\gZ1kPvl-Wv0.csv,130899,gs://senior-share-staging-570862915709/naresome_script_csv/gZ1kPvl-Wv0.csv
GqGz0zo5t2I,E:\Data\ObsidianVault\02_Channels\馴れ初めシネマ\競合チャンネル分析\企画リサーチ_20260605\script_csv_assets\GqGz0zo5t2I.csv,82793,gs://senior-share-staging-570862915709/naresome_script_csv/GqGz0zo5t2I.csv
b7goHtoFXD4,E:\Data\ObsidianVault\02_Channels\馴れ初めシネマ\競合チャンネル分析\企画リサーチ_20260605\script_csv_assets\b7goHtoFXD4.csv,104757,gs://senior-share-staging-570862915709/naresome_script_csv/b7goHtoFXD4.csv
OuyNrcRz2ho,E:\Data\ObsidianVault\02_Channels\馴れ初めシネマ\競合チャンネル分析\企画リサーチ_20260605\script_csv_assets\OuyNrcRz2ho.csv,80240,gs://senior-share-staging-570862915709/naresome_script_csv/OuyNrcRz2ho.csv
Qjn3w4QMWmM,E:\Data\ObsidianVault\02_Channels\馴れ初めシネマ\競合チャンネル分析\企画リサーチ_20260605\script_csv_assets\Qjn3w4QMWmM.csv,130023,gs://senior-share-staging-570862915709/naresome_script_csv/Qjn3w4QMWmM.csv
NZIv7ULgMK4,E:\Data\ObsidianVault\02_Channels\馴れ初めシネマ\競合チャンネル分析\企画リサーチ_20260605\script_csv_assets\NZIv7ULgMK4.csv,738258,gs://senior-share-staging-570862915709/naresome_script_csv/NZIv7ULgMK4.csv
imVlq-pR5Yg,E:\Data\ObsidianVault\02_Channels\馴れ初めシネマ\競合チャンネル分析\企画リサーチ_20260605\script_csv_assets\imVlq-pR5Yg.csv,89605,gs://senior-share-staging-570862915709/naresome_script_csv/imVlq-pR5Yg.csv
B6UMSZAHsT8,E:\Data\ObsidianVault\02_Channels\馴れ初めシネマ\競合チャンネル分析\企画リサーチ_20260605\script_csv_assets\B6UMSZAHsT8.csv,69665,gs://senior-share-staging-570862915709/naresome_script_csv/B6UMSZAHsT8.csv
DN5I1FFofNM,E:\Data\ObsidianVault\02_Channels\馴れ初めシネマ\競合チャンネル分析\企画リサーチ_20260605\script_csv_assets\DN5I1FFofNM.csv,97353,gs://senior-share-staging-570862915709/naresome_script_csv/DN5I1FFofNM.csv
Amu6kyaEGyA,E:\Data\ObsidianVault\02_Channels\馴れ初めシネマ\競合チャンネル分析\企画リサーチ_20260605\script_csv_assets\Amu6kyaEGyA.csv,640300,gs://senior-share-staging-570862915709/naresome_script_csv/Amu6kyaEGyA.csv
VcFXRCByxkk,E:\Data\ObsidianVault\02_Channels\馴れ初めシネマ\競合チャンネル分析\企画リサーチ_20260605\script_csv_assets\VcFXRCByxkk.csv,109091,gs://senior-share-staging-570862915709/naresome_script_csv/VcFXRCByxkk.csv
OmzM1UFwlN0,E:\Data\ObsidianVault\02_Channels\馴れ初めシネマ\競合チャンネル分析\企画リサーチ_20260605\script_csv_assets\OmzM1UFwlN0.csv,80551,gs://senior-share-staging-570862915709/naresome_script_csv/OmzM1UFwlN0.csv
xtKJgALPuvM,E:\Data\ObsidianVault\02_Channels\馴れ初めシネマ\競合チャンネル分析\企画リサーチ_20260605\script_csv_assets\xtKJgALPuvM.csv,79296,gs://senior-share-staging-570862915709/naresome_script_csv/xtKJgALPuvM.csv
w7d6OY5aAZU,E:\Data\ObsidianVault\02_Channels\馴れ初めシネマ\競合チャンネル分析\企画リサーチ_20260605\script_csv_assets\w7d6OY5aAZU.csv,728600,gs://senior-share-staging-570862915709/naresome_script_csv/w7d6OY5aAZU.csv
3UXNt_G2_XY,E:\Data\ObsidianVault\02_Channels\馴れ初めシネマ\競合チャンネル分析\企画リサーチ_20260605\script_csv_assets\3UXNt_G2_XY.csv,347566,gs://senior-share-staging-570862915709/naresome_script_csv/3UXNt_G2_XY.csv
sLrv33utxRE,E:\Data\ObsidianVault\02_Channels\馴れ初めシネマ\競合チャンネル分析\企画リサーチ_20260605\script_csv_assets\sLrv33utxRE.csv,477523,gs://senior-share-staging-570862915709/naresome_script_csv/sLrv33utxRE.csv
vg6oO8N8oLk,E:\Data\ObsidianVault\02_Channels\馴れ初めシネマ\競合チャンネル分析\企画リサーチ_20260605\script_csv_assets\vg6oO8N8oLk.csv,119182,gs://senior-share-staging-570862915709/naresome_script_csv/vg6oO8N8oLk.csv
AVLIw1aRGvM,E:\Data\ObsidianVault\02_Channels\馴れ初めシネマ\競合チャンネル分析\企画リサーチ_20260605\script_csv_assets\AVLIw1aRGvM.csv,82642,gs://senior-share-staging-570862915709/naresome_script_csv/AVLIw1aRGvM.csv
_2UeuTdTzZw,E:\Data\ObsidianVault\02_Channels\馴れ初めシネマ\競合チャンネル分析\企画リサーチ_20260605\script_csv_assets\_2UeuTdTzZw.csv,64403,gs://senior-share-staging-570862915709/naresome_script_csv/_2UeuTdTzZw.csv
h9LsJ7-d8bI,E:\Data\ObsidianVault\02_Channels\馴れ初めシネマ\競合チャンネル分析\企画リサーチ_20260605\script_csv_assets\h9LsJ7-d8bI.csv,112478,gs://senior-share-staging-570862915709/naresome_script_csv/h9LsJ7-d8bI.csv
EvW5NsIhc8c,E:\Data\ObsidianVault\02_Channels\馴れ初めシネマ\競合チャンネル分析\企画リサーチ_20260605\script_csv_assets\EvW5NsIhc8c.csv,60471,gs://senior-share-staging-570862915709/naresome_script_csv/EvW5NsIhc8c.csv
NvVHz7g9aic,E:\Data\ObsidianVault\02_Channels\馴れ初めシネマ\競合チャンネル分析\企画リサーチ_20260605\script_csv_assets\NvVHz7g9aic.csv,99886,gs://senior-share-staging-570862915709/naresome_script_csv/NvVHz7g9aic.csv
UJh9FcEPigI,E:\Data\ObsidianVault\02_Channels\馴れ初めシネマ\競合チャンネル分析\企画リサーチ_20260605\script_csv_assets\UJh9FcEPigI.csv,133373,gs://senior-share-staging-570862915709/naresome_script_csv/UJh9FcEPigI.csv
fqfQtIGQDZk,E:\Data\ObsidianVault\02_Channels\馴れ初めシネマ\競合チャンネル分析\企画リサーチ_20260605\script_csv_assets\fqfQtIGQDZk.csv,65107,gs://senior-share-staging-570862915709/naresome_script_csv/fqfQtIGQDZk.csv
E9JlgmWAVTM,E:\Data\ObsidianVault\02_Channels\馴れ初めシネマ\競合チャンネル分析\企画リサーチ_20260605\script_csv_assets\E9JlgmWAVTM.csv,83946,gs://senior-share-staging-570862915709/naresome_script_csv/E9JlgmWAVTM.csv
4Yzzj5rq5pU,E:\Data\ObsidianVault\02_Channels\馴れ初めシネマ\競合チャンネル分析\企画リサーチ_20260605\script_csv_assets\4Yzzj5rq5pU.csv,126946,gs://senior-share-staging-570862915709/naresome_script_csv/4Yzzj5rq5pU.csv
M7voEq3RGMA,E:\Data\ObsidianVault\02_Channels\馴れ初めシネマ\競合チャンネル分析\企画リサーチ_20260605\script_csv_assets\M7voEq3RGMA.csv,92642,gs://senior-share-staging-570862915709/naresome_script_csv/M7voEq3RGMA.csv
Tj2PLZEInqs,E:\Data\ObsidianVault\02_Channels\馴れ初めシネマ\競合チャンネル分析\企画リサーチ_20260605\script_csv_assets\Tj2PLZEInqs.csv,55215,gs://senior-share-staging-570862915709/naresome_script_csv/Tj2PLZEInqs.csv
Cm6PPULDsoQ,E:\Data\ObsidianVault\02_Channels\馴れ初めシネマ\競合チャンネル分析\企画リサーチ_20260605\script_csv_assets\Cm6PPULDsoQ.csv,212431,gs://senior-share-staging-570862915709/naresome_script_csv/Cm6PPULDsoQ.csv
Bxq47MM6sm4,E:\Data\ObsidianVault\02_Channels\馴れ初めシネマ\競合チャンネル分析\企画リサーチ_20260605\script_csv_assets\Bxq47MM6sm4.csv,131457,gs://senior-share-staging-570862915709/naresome_script_csv/Bxq47MM6sm4.csv
PuqKTGqxTp8,E:\Data\ObsidianVault\02_Channels\馴れ初めシネマ\競合チャンネル分析\企画リサーチ_20260605\script_csv_assets\PuqKTGqxTp8.csv,149791,gs://senior-share-staging-570862915709/naresome_script_csv/PuqKTGqxTp8.csv
o7nLdthOTzE,E:\Data\ObsidianVault\02_Channels\馴れ初めシネマ\競合チャンネル分析\企画リサーチ_20260605\script_csv_assets\o7nLdthOTzE.csv,179848,gs://senior-share-staging-570862915709/naresome_script_csv/o7nLdthOTzE.csv
x1dVPaIiVSM,E:\Data\ObsidianVault\02_Channels\馴れ初めシネマ\競合チャンネル分析\企画リサーチ_20260605\script_csv_assets\x1dVPaIiVSM.csv,73832,gs://senior-share-staging-570862915709/naresome_script_csv/x1dVPaIiVSM.csv
kURRZPQ_Ysk,E:\Data\ObsidianVault\02_Channels\馴れ初めシネマ\競合チャンネル分析\企画リサーチ_20260605\script_csv_assets\kURRZPQ_Ysk.csv,88680,gs://senior-share-staging-570862915709/naresome_script_csv/kURRZPQ_Ysk.csv
JQUey7QCJvY,E:\Data\ObsidianVault\02_Channels\馴れ初めシネマ\競合チャンネル分析\企画リサーチ_20260605\script_csv_assets\JQUey7QCJvY.csv,97154,gs://senior-share-staging-570862915709/naresome_script_csv/JQUey7QCJvY.csv
yA9GWj86JZ8,E:\Data\ObsidianVault\02_Channels\馴れ初めシネマ\競合チャンネル分析\企画リサーチ_20260605\script_csv_assets\yA9GWj86JZ8.csv,120966,gs://senior-share-staging-570862915709/naresome_script_csv/yA9GWj86JZ8.csv
DTXkDTEasHk,E:\Data\ObsidianVault\02_Channels\馴れ初めシネマ\競合チャンネル分析\企画リサーチ_20260605\script_csv_assets\DTXkDTEasHk.csv,97869,gs://senior-share-staging-570862915709/naresome_script_csv/DTXkDTEasHk.csv
EHPzQ_47BWY,E:\Data\ObsidianVault\02_Channels\馴れ初めシネマ\競合チャンネル分析\企画リサーチ_20260605\script_csv_assets\EHPzQ_47BWY.csv,68869,gs://senior-share-staging-570862915709/naresome_script_csv/EHPzQ_47BWY.csv
nz7P0TCCwCc,E:\Data\ObsidianVault\02_Channels\馴れ初めシネマ\競合チャンネル分析\企画リサーチ_20260605\script_csv_assets\nz7P0TCCwCc.csv,101107,gs://senior-share-staging-570862915709/naresome_script_csv/nz7P0TCCwCc.csv
-svCCdAuOVY,E:\Data\ObsidianVault\02_Channels\馴れ初めシネマ\競合チャンネル分析\企画リサーチ_20260605\script_csv_assets\-svCCdAuOVY.csv,165113,gs://senior-share-staging-570862915709/naresome_script_csv/-svCCdAuOVY.csv
stSbjChWLec,E:\Data\ObsidianVault\02_Channels\馴れ初めシネマ\競合チャンネル分析\企画リサーチ_20260605\script_csv_assets\stSbjChWLec.csv,88580,gs://senior-share-staging-570862915709/naresome_script_csv/stSbjChWLec.csv
kMuS-aYwabQ,E:\Data\ObsidianVault\02_Channels\馴れ初めシネマ\競合チャンネル分析\企画リサーチ_20260605\script_csv_assets\kMuS-aYwabQ.csv,89169,gs://senior-share-staging-570862915709/naresome_script_csv/kMuS-aYwabQ.csv
Xi-6PvzBJOo,E:\Data\ObsidianVault\02_Channels\馴れ初めシネマ\競合チャンネル分析\企画リサーチ_20260605\script_csv_assets\Xi-6PvzBJOo.csv,712539,gs://senior-share-staging-570862915709/naresome_script_csv/Xi-6PvzBJOo.csv
6mvUuffwtls,E:\Data\ObsidianVault\02_Channels\馴れ初めシネマ\競合チャンネル分析\企画リサーチ_20260605\script_csv_assets\6mvUuffwtls.csv,81340,gs://senior-share-staging-570862915709/naresome_script_csv/6mvUuffwtls.csv
Ky-iiBFu-UY,E:\Data\ObsidianVault\02_Channels\馴れ初めシネマ\競合チャンネル分析\企画リサーチ_20260605\script_csv_assets\Ky-iiBFu-UY.csv,69362,gs://senior-share-staging-570862915709/naresome_script_csv/Ky-iiBFu-UY.csv
ovsFWC-MYP0,E:\Data\ObsidianVault\02_Channels\馴れ初めシネマ\競合チャンネル分析\企画リサーチ_20260605\script_csv_assets\ovsFWC-MYP0.csv,74686,gs://senior-share-staging-570862915709/naresome_script_csv/ovsFWC-MYP0.csv
N7mUV_L_BmE,E:\Data\ObsidianVault\02_Channels\馴れ初めシネマ\競合チャンネル分析\企画リサーチ_20260605\script_csv_assets\N7mUV_L_BmE.csv,76146,gs://senior-share-staging-570862915709/naresome_script_csv/N7mUV_L_BmE.csv
SUdI7-HOXsA,E:\Data\ObsidianVault\02_Channels\馴れ初めシネマ\競合チャンネル分析\企画リサーチ_20260605\script_csv_assets\SUdI7-HOXsA.csv,81178,gs://senior-share-staging-570862915709/naresome_script_csv/SUdI7-HOXsA.csv
XGrYB1d_sVI,E:\Data\ObsidianVault\02_Channels\馴れ初めシネマ\競合チャンネル分析\企画リサーチ_20260605\script_csv_assets\XGrYB1d_sVI.csv,116811,gs://senior-share-staging-570862915709/naresome_script_csv/XGrYB1d_sVI.csv
MCK6OGYKA04,E:\Data\ObsidianVault\02_Channels\馴れ初めシネマ\競合チャンネル分析\企画リサーチ_20260605\script_csv_assets\MCK6OGYKA04.csv,85812,gs://senior-share-staging-570862915709/naresome_script_csv/MCK6OGYKA04.csv
prXstQjcO00,E:\Data\ObsidianVault\02_Channels\馴れ初めシネマ\競合チャンネル分析\企画リサーチ_20260605\script_csv_assets\prXstQjcO00.csv,91964,gs://senior-share-staging-570862915709/naresome_script_csv/prXstQjcO00.csv
_wGyYL7Gi6c,E:\Data\ObsidianVault\02_Channels\馴れ初めシネマ\競合チャンネル分析\企画リサーチ_20260605\script_csv_assets\_wGyYL7Gi6c.csv,104550,gs://senior-share-staging-570862915709/naresome_script_csv/_wGyYL7Gi6c.csv
iXPIkZba3f4,E:\Data\ObsidianVault\02_Channels\馴れ初めシネマ\競合チャンネル分析\企画リサーチ_20260605\script_csv_assets\iXPIkZba3f4.csv,162921,gs://senior-share-staging-570862915709/naresome_script_csv/iXPIkZba3f4.csv
QkkZB3BOHbU,E:\Data\ObsidianVault\02_Channels\馴れ初めシネマ\競合チャンネル分析\企画リサーチ_20260605\script_csv_assets\QkkZB3BOHbU.csv,445711,gs://senior-share-staging-570862915709/naresome_script_csv/QkkZB3BOHbU.csv
-K7WWpmJGGQ,E:\Data\ObsidianVault\02_Channels\馴れ初めシネマ\競合チャンネル分析\企画リサーチ_20260605\script_csv_assets\-K7WWpmJGGQ.csv,123248,gs://senior-share-staging-570862915709/naresome_script_csv/-K7WWpmJGGQ.csv
QIg0XjVXFSM,E:\Data\ObsidianVault\02_Channels\馴れ初めシネマ\競合チャンネル分析\企画リサーチ_20260605\script_csv_assets\QIg0XjVXFSM.csv,72092,gs://senior-share-staging-570862915709/naresome_script_csv/QIg0XjVXFSM.csv
EXWL91Gpi-I,E:\Data\ObsidianVault\02_Channels\馴れ初めシネマ\競合チャンネル分析\企画リサーチ_20260605\script_csv_assets\EXWL91Gpi-I.csv,436864,gs://senior-share-staging-570862915709/naresome_script_csv/EXWL91Gpi-I.csv
5FpCm8frYIE,E:\Data\ObsidianVault\02_Channels\馴れ初めシネマ\競合チャンネル分析\企画リサーチ_20260605\script_csv_assets\5FpCm8frYIE.csv,213716,gs://senior-share-staging-570862915709/naresome_script_csv/5FpCm8frYIE.csv
t1cn_-RSVfI,E:\Data\ObsidianVault\02_Channels\馴れ初めシネマ\競合チャンネル分析\企画リサーチ_20260605\script_csv_assets\t1cn_-RSVfI.csv,179919,gs://senior-share-staging-570862915709/naresome_script_csv/t1cn_-RSVfI.csv
kjIxCFRFOO4,E:\Data\ObsidianVault\02_Channels\馴れ初めシネマ\競合チャンネル分析\企画リサーチ_20260605\script_csv_assets\kjIxCFRFOO4.csv,85477,gs://senior-share-staging-570862915709/naresome_script_csv/kjIxCFRFOO4.csv
5jXm_ANBmeI,E:\Data\ObsidianVault\02_Channels\馴れ初めシネマ\競合チャンネル分析\企画リサーチ_20260605\script_csv_assets\5jXm_ANBmeI.csv,195882,gs://senior-share-staging-570862915709/naresome_script_csv/5jXm_ANBmeI.csv
Tui8sjLRUWs,E:\Data\ObsidianVault\02_Channels\馴れ初めシネマ\競合チャンネル分析\企画リサーチ_20260605\script_csv_assets\Tui8sjLRUWs.csv,104788,gs://senior-share-staging-570862915709/naresome_script_csv/Tui8sjLRUWs.csv
Zw-FHyDOEb4,E:\Data\ObsidianVault\02_Channels\馴れ初めシネマ\競合チャンネル分析\企画リサーチ_20260605\script_csv_assets\Zw-FHyDOEb4.csv,111395,gs://senior-share-staging-570862915709/naresome_script_csv/Zw-FHyDOEb4.csv
4pOqpMIj9iA,E:\Data\ObsidianVault\02_Channels\馴れ初めシネマ\競合チャンネル分析\企画リサーチ_20260605\script_csv_assets\4pOqpMIj9iA.csv,92088,gs://senior-share-staging-570862915709/naresome_script_csv/4pOqpMIj9iA.csv
4nLWAh1beOc,E:\Data\ObsidianVault\02_Channels\馴れ初めシネマ\競合チャンネル分析\企画リサーチ_20260605\script_csv_assets\4nLWAh1beOc.csv,83618,gs://senior-share-staging-570862915709/naresome_script_csv/4nLWAh1beOc.csv
Nha0QK1tdKY,E:\Data\ObsidianVault\02_Channels\馴れ初めシネマ\競合チャンネル分析\企画リサーチ_20260605\script_csv_assets\Nha0QK1tdKY.csv,166611,gs://senior-share-staging-570862915709/naresome_script_csv/Nha0QK1tdKY.csv
beow2z3ksCI,E:\Data\ObsidianVault\02_Channels\馴れ初めシネマ\競合チャンネル分析\企画リサーチ_20260605\script_csv_assets\beow2z3ksCI.csv,902788,gs://senior-share-staging-570862915709/naresome_script_csv/beow2z3ksCI.csv
wFw1243x78U,E:\Data\ObsidianVault\02_Channels\馴れ初めシネマ\競合チャンネル分析\企画リサーチ_20260605\script_csv_assets\wFw1243x78U.csv,105521,gs://senior-share-staging-570862915709/naresome_script_csv/wFw1243x78U.csv
s6tKfanNiyo,E:\Data\ObsidianVault\02_Channels\馴れ初めシネマ\競合チャンネル分析\企画リサーチ_20260605\script_csv_assets\s6tKfanNiyo.csv,75596,gs://senior-share-staging-570862915709/naresome_script_csv/s6tKfanNiyo.csv
gy7bT2BKOuw,E:\Data\ObsidianVault\02_Channels\馴れ初めシネマ\競合チャンネル分析\企画リサーチ_20260605\script_csv_assets\gy7bT2BKOuw.csv,66581,gs://senior-share-staging-570862915709/naresome_script_csv/gy7bT2BKOuw.csv
8zvOHAWFef0,E:\Data\ObsidianVault\02_Channels\馴れ初めシネマ\競合チャンネル分析\企画リサーチ_20260605\script_csv_assets\8zvOHAWFef0.csv,86778,gs://senior-share-staging-570862915709/naresome_script_csv/8zvOHAWFef0.csv
XzE3JHJPmK8,E:\Data\ObsidianVault\02_Channels\馴れ初めシネマ\競合チャンネル分析\企画リサーチ_20260605\script_csv_assets\XzE3JHJPmK8.csv,65031,gs://senior-share-staging-570862915709/naresome_script_csv/XzE3JHJPmK8.csv
S6UClvUmFYM,E:\Data\ObsidianVault\02_Channels\馴れ初めシネマ\競合チャンネル分析\企画リサーチ_20260605\script_csv_assets\S6UClvUmFYM.csv,150952,gs://senior-share-staging-570862915709/naresome_script_csv/S6UClvUmFYM.csv
aEkv3rp37Dk,E:\Data\ObsidianVault\02_Channels\馴れ初めシネマ\競合チャンネル分析\企画リサーチ_20260605\script_csv_assets\aEkv3rp37Dk.csv,192376,gs://senior-share-staging-570862915709/naresome_script_csv/aEkv3rp37Dk.csv
yCFXPzTyglQ,E:\Data\ObsidianVault\02_Channels\馴れ初めシネマ\競合チャンネル分析\企画リサーチ_20260605\script_csv_assets\yCFXPzTyglQ.csv,80871,gs://senior-share-staging-570862915709/naresome_script_csv/yCFXPzTyglQ.csv
ZOtV9yadLq8,E:\Data\ObsidianVault\02_Channels\馴れ初めシネマ\競合チャンネル分析\企画リサーチ_20260605\script_csv_assets\ZOtV9yadLq8.csv,716908,gs://senior-share-staging-570862915709/naresome_script_csv/ZOtV9yadLq8.csv
cr5cn0BTWIE,E:\Data\ObsidianVault\02_Channels\馴れ初めシネマ\競合チャンネル分析\企画リサーチ_20260605\script_csv_assets\cr5cn0BTWIE.csv,94041,gs://senior-share-staging-570862915709/naresome_script_csv/cr5cn0BTWIE.csv
tUc8VsxgvWE,E:\Data\ObsidianVault\02_Channels\馴れ初めシネマ\競合チャンネル分析\企画リサーチ_20260605\script_csv_assets\tUc8VsxgvWE.csv,101094,gs://senior-share-staging-570862915709/naresome_script_csv/tUc8VsxgvWE.csv
tjRV9MUUeFM,E:\Data\ObsidianVault\02_Channels\馴れ初めシネマ\競合チャンネル分析\企画リサーチ_20260605\script_csv_assets\tjRV9MUUeFM.csv,75792,gs://senior-share-staging-570862915709/naresome_script_csv/tjRV9MUUeFM.csv
glO-ke9_nQk,E:\Data\ObsidianVault\02_Channels\馴れ初めシネマ\競合チャンネル分析\企画リサーチ_20260605\script_csv_assets\glO-ke9_nQk.csv,121220,gs://senior-share-staging-570862915709/naresome_script_csv/glO-ke9_nQk.csv
JUxGz0MZlS0,E:\Data\ObsidianVault\02_Channels\馴れ初めシネマ\競合チャンネル分析\企画リサーチ_20260605\script_csv_assets\JUxGz0MZlS0.csv,81552,gs://senior-share-staging-570862915709/naresome_script_csv/JUxGz0MZlS0.csv
ywRXwpKoNcM,E:\Data\ObsidianVault\02_Channels\馴れ初めシネマ\競合チャンネル分析\企画リサーチ_20260605\script_csv_assets\ywRXwpKoNcM.csv,80527,gs://senior-share-staging-570862915709/naresome_script_csv/ywRXwpKoNcM.csv
f5n6PSjZXRg,E:\Data\ObsidianVault\02_Channels\馴れ初めシネマ\競合チャンネル分析\企画リサーチ_20260605\script_csv_assets\f5n6PSjZXRg.csv,60191,gs://senior-share-staging-570862915709/naresome_script_csv/f5n6PSjZXRg.csv
O72FidfhDnA,E:\Data\ObsidianVault\02_Channels\馴れ初めシネマ\競合チャンネル分析\企画リサーチ_20260605\script_csv_assets\O72FidfhDnA.csv,62035,gs://senior-share-staging-570862915709/naresome_script_csv/O72FidfhDnA.csv
F7AqiND8Grw,E:\Data\ObsidianVault\02_Channels\馴れ初めシネマ\競合チャンネル分析\企画リサーチ_20260605\script_csv_assets\F7AqiND8Grw.csv,669886,gs://senior-share-staging-570862915709/naresome_script_csv/F7AqiND8Grw.csv
Lz96_jReyrw,E:\Data\ObsidianVault\02_Channels\馴れ初めシネマ\競合チャンネル分析\企画リサーチ_20260605\script_csv_assets\Lz96_jReyrw.csv,86562,gs://senior-share-staging-570862915709/naresome_script_csv/Lz96_jReyrw.csv
r8UMzRe0Zvo,E:\Data\ObsidianVault\02_Channels\馴れ初めシネマ\競合チャンネル分析\企画リサーチ_20260605\script_csv_assets\r8UMzRe0Zvo.csv,80785,gs://senior-share-staging-570862915709/naresome_script_csv/r8UMzRe0Zvo.csv
ya30gmq8QfA,E:\Data\ObsidianVault\02_Channels\馴れ初めシネマ\競合チャンネル分析\企画リサーチ_20260605\script_csv_assets\ya30gmq8QfA.csv,86299,gs://senior-share-staging-570862915709/naresome_script_csv/ya30gmq8QfA.csv
91-2ttcOJTc,E:\Data\ObsidianVault\02_Channels\馴れ初めシネマ\競合チャンネル分析\企画リサーチ_20260605\script_csv_assets\91-2ttcOJTc.csv,561179,gs://senior-share-staging-570862915709/naresome_script_csv/91-2ttcOJTc.csv
-6cyKoekA7Q,E:\Data\ObsidianVault\02_Channels\馴れ初めシネマ\競合チャンネル分析\企画リサーチ_20260605\script_csv_assets\-6cyKoekA7Q.csv,96927,gs://senior-share-staging-570862915709/naresome_script_csv/-6cyKoekA7Q.csv
6uCojd2pk6c,E:\Data\ObsidianVault\02_Channels\馴れ初めシネマ\競合チャンネル分析\企画リサーチ_20260605\script_csv_assets\6uCojd2pk6c.csv,739623,gs://senior-share-staging-570862915709/naresome_script_csv/6uCojd2pk6c.csv
FUmg_gczKh8,E:\Data\ObsidianVault\02_Channels\馴れ初めシネマ\競合チャンネル分析\企画リサーチ_20260605\script_csv_assets\FUmg_gczKh8.csv,649791,gs://senior-share-staging-570862915709/naresome_script_csv/FUmg_gczKh8.csv
Erdm3p_A_3c,E:\Data\ObsidianVault\02_Channels\馴れ初めシネマ\競合チャンネル分析\企画リサーチ_20260605\script_csv_assets\Erdm3p_A_3c.csv,130316,gs://senior-share-staging-570862915709/naresome_script_csv/Erdm3p_A_3c.csv
kB7U6nqheo0,E:\Data\ObsidianVault\02_Channels\馴れ初めシネマ\競合チャンネル分析\企画リサーチ_20260605\script_csv_assets\kB7U6nqheo0.csv,95680,gs://senior-share-staging-570862915709/naresome_script_csv/kB7U6nqheo0.csv
OeSwC-cYyls,E:\Data\ObsidianVault\02_Channels\馴れ初めシネマ\競合チャンネル分析\企画リサーチ_20260605\script_csv_assets\OeSwC-cYyls.csv,133554,gs://senior-share-staging-570862915709/naresome_script_csv/OeSwC-cYyls.csv
EO56oKrr69k,E:\Data\ObsidianVault\02_Channels\馴れ初めシネマ\競合チャンネル分析\企画リサーチ_20260605\script_csv_assets\EO56oKrr69k.csv,690541,gs://senior-share-staging-570862915709/naresome_script_csv/EO56oKrr69k.csv
H0VapnmwXnk,E:\Data\ObsidianVault\02_Channels\馴れ初めシネマ\競合チャンネル分析\企画リサーチ_20260605\script_csv_assets\H0VapnmwXnk.csv,78629,gs://senior-share-staging-570862915709/naresome_script_csv/H0VapnmwXnk.csv
2Ppcg3kA_dQ,E:\Data\ObsidianVault\02_Channels\馴れ初めシネマ\競合チャンネル分析\企画リサーチ_20260605\script_csv_assets\2Ppcg3kA_dQ.csv,127256,gs://senior-share-staging-570862915709/naresome_script_csv/2Ppcg3kA_dQ.csv
-AbJw9Nh2JQ,E:\Data\ObsidianVault\02_Channels\馴れ初めシネマ\競合チャンネル分析\企画リサーチ_20260605\script_csv_assets\-AbJw9Nh2JQ.csv,79712,gs://senior-share-staging-570862915709/naresome_script_csv/-AbJw9Nh2JQ.csv
hLWd7uv4rec,E:\Data\ObsidianVault\02_Channels\馴れ初めシネマ\競合チャンネル分析\企画リサーチ_20260605\script_csv_assets\hLWd7uv4rec.csv,642921,gs://senior-share-staging-570862915709/naresome_script_csv/hLWd7uv4rec.csv
yTk7vLSDIfA,E:\Data\ObsidianVault\02_Channels\馴れ初めシネマ\競合チャンネル分析\企画リサーチ_20260605\script_csv_assets\yTk7vLSDIfA.csv,665734,gs://senior-share-staging-570862915709/naresome_script_csv/yTk7vLSDIfA.csv
J6Ri2LUNi-A,E:\Data\ObsidianVault\02_Channels\馴れ初めシネマ\競合チャンネル分析\企画リサーチ_20260605\script_csv_assets\J6Ri2LUNi-A.csv,135611,gs://senior-share-staging-570862915709/naresome_script_csv/J6Ri2LUNi-A.csv
yjLyoL9WJBA,E:\Data\ObsidianVault\02_Channels\馴れ初めシネマ\競合チャンネル分析\企画リサーチ_20260605\script_csv_assets\yjLyoL9WJBA.csv,99471,gs://senior-share-staging-570862915709/naresome_script_csv/yjLyoL9WJBA.csv
Nqxdwphz4Ew,E:\Data\ObsidianVault\02_Channels\馴れ初めシネマ\競合チャンネル分析\企画リサーチ_20260605\script_csv_assets\Nqxdwphz4Ew.csv,714386,gs://senior-share-staging-570862915709/naresome_script_csv/Nqxdwphz4Ew.csv
JAFZ2AC7gaI,E:\Data\ObsidianVault\02_Channels\馴れ初めシネマ\競合チャンネル分析\企画リサーチ_20260605\script_csv_assets\JAFZ2AC7gaI.csv,613702,gs://senior-share-staging-570862915709/naresome_script_csv/JAFZ2AC7gaI.csv
tAVgORhwAMQ,E:\Data\ObsidianVault\02_Channels\馴れ初めシネマ\競合チャンネル分析\企画リサーチ_20260605\script_csv_assets\tAVgORhwAMQ.csv,49679,gs://senior-share-staging-570862915709/naresome_script_csv/tAVgORhwAMQ.csv
wHLuv6DJdJA,E:\Data\ObsidianVault\02_Channels\馴れ初めシネマ\競合チャンネル分析\企画リサーチ_20260605\script_csv_assets\wHLuv6DJdJA.csv,73453,gs://senior-share-staging-570862915709/naresome_script_csv/wHLuv6DJdJA.csv
s6L8_oXP1QQ,E:\Data\ObsidianVault\02_Channels\馴れ初めシネマ\競合チャンネル分析\企画リサーチ_20260605\script_csv_assets\s6L8_oXP1QQ.csv,73740,gs://senior-share-staging-570862915709/naresome_script_csv/s6L8_oXP1QQ.csv
Te0O6gqP48E,E:\Data\ObsidianVault\02_Channels\馴れ初めシネマ\競合チャンネル分析\企画リサーチ_20260605\script_csv_assets\Te0O6gqP48E.csv,96114,gs://senior-share-staging-570862915709/naresome_script_csv/Te0O6gqP48E.csv
bkSNeIoIWts,E:\Data\ObsidianVault\02_Channels\馴れ初めシネマ\競合チャンネル分析\企画リサーチ_20260605\script_csv_assets\bkSNeIoIWts.csv,97221,gs://senior-share-staging-570862915709/naresome_script_csv/bkSNeIoIWts.csv
_w5npDBTruE,E:\Data\ObsidianVault\02_Channels\馴れ初めシネマ\競合チャンネル分析\企画リサーチ_20260605\script_csv_assets\_w5npDBTruE.csv,81004,gs://senior-share-staging-570862915709/naresome_script_csv/_w5npDBTruE.csv
2aCMTld_PM0,E:\Data\ObsidianVault\02_Channels\馴れ初めシネマ\競合チャンネル分析\企画リサーチ_20260605\script_csv_assets\2aCMTld_PM0.csv,49136,gs://senior-share-staging-570862915709/naresome_script_csv/2aCMTld_PM0.csv
9pWf4Qhlp_o,E:\Data\ObsidianVault\02_Channels\馴れ初めシネマ\競合チャンネル分析\企画リサーチ_20260605\script_csv_assets\9pWf4Qhlp_o.csv,124921,gs://senior-share-staging-570862915709/naresome_script_csv/9pWf4Qhlp_o.csv
p-kLB4WFTbQ,E:\Data\ObsidianVault\02_Channels\馴れ初めシネマ\競合チャンネル分析\企画リサーチ_20260605\script_csv_assets\p-kLB4WFTbQ.csv,68920,gs://senior-share-staging-570862915709/naresome_script_csv/p-kLB4WFTbQ.csv
trLgX50w2YI,E:\Data\ObsidianVault\02_Channels\馴れ初めシネマ\競合チャンネル分析\企画リサーチ_20260605\script_csv_assets\trLgX50w2YI.csv,72559,gs://senior-share-staging-570862915709/naresome_script_csv/trLgX50w2YI.csv
SyH55GTdRbA,E:\Data\ObsidianVault\02_Channels\馴れ初めシネマ\競合チャンネル分析\企画リサーチ_20260605\script_csv_assets\SyH55GTdRbA.csv,186164,gs://senior-share-staging-570862915709/naresome_script_csv/SyH55GTdRbA.csv
5k1s1maymAU,E:\Data\ObsidianVault\02_Channels\馴れ初めシネマ\競合チャンネル分析\企画リサーチ_20260605\script_csv_assets\5k1s1maymAU.csv,108629,gs://senior-share-staging-570862915709/naresome_script_csv/5k1s1maymAU.csv
mWYScEGj4ow,E:\Data\ObsidianVault\02_Channels\馴れ初めシネマ\競合チャンネル分析\企画リサーチ_20260605\script_csv_assets\mWYScEGj4ow.csv,479621,gs://senior-share-staging-570862915709/naresome_script_csv/mWYScEGj4ow.csv
7pCnbTlyS7c,E:\Data\ObsidianVault\02_Channels\馴れ初めシネマ\競合チャンネル分析\企画リサーチ_20260605\script_csv_assets\7pCnbTlyS7c.csv,110075,gs://senior-share-staging-570862915709/naresome_script_csv/7pCnbTlyS7c.csv
1Sfv5CjH1D8,E:\Data\ObsidianVault\02_Channels\馴れ初めシネマ\競合チャンネル分析\企画リサーチ_20260605\script_csv_assets\1Sfv5CjH1D8.csv,107457,gs://senior-share-staging-570862915709/naresome_script_csv/1Sfv5CjH1D8.csv
B21VhvpTlh4,E:\Data\ObsidianVault\02_Channels\馴れ初めシネマ\競合チャンネル分析\企画リサーチ_20260605\script_csv_assets\B21VhvpTlh4.csv,51636,gs://senior-share-staging-570862915709/naresome_script_csv/B21VhvpTlh4.csv
0171VpXdYe8,E:\Data\ObsidianVault\02_Channels\馴れ初めシネマ\競合チャンネル分析\企画リサーチ_20260605\script_csv_assets\0171VpXdYe8.csv,133650,gs://senior-share-staging-570862915709/naresome_script_csv/0171VpXdYe8.csv
phuCobGqAec,E:\Data\ObsidianVault\02_Channels\馴れ初めシネマ\競合チャンネル分析\企画リサーチ_20260605\script_csv_assets\phuCobGqAec.csv,62722,gs://senior-share-staging-570862915709/naresome_script_csv/phuCobGqAec.csv
KT1FL2QWXq8,E:\Data\ObsidianVault\02_Channels\馴れ初めシネマ\競合チャンネル分析\企画リサーチ_20260605\script_csv_assets\KT1FL2QWXq8.csv,74629,gs://senior-share-staging-570862915709/naresome_script_csv/KT1FL2QWXq8.csv
0Hz9SNNXAMM,E:\Data\ObsidianVault\02_Channels\馴れ初めシネマ\競合チャンネル分析\企画リサーチ_20260605\script_csv_assets\0Hz9SNNXAMM.csv,111169,gs://senior-share-staging-570862915709/naresome_script_csv/0Hz9SNNXAMM.csv
PsqnRAAOMlc,E:\Data\ObsidianVault\02_Channels\馴れ初めシネマ\競合チャンネル分析\企画リサーチ_20260605\script_csv_assets\PsqnRAAOMlc.csv,761854,gs://senior-share-staging-570862915709/naresome_script_csv/PsqnRAAOMlc.csv
7LBYIosKClc,E:\Data\ObsidianVault\02_Channels\馴れ初めシネマ\競合チャンネル分析\企画リサーチ_20260605\script_csv_assets\7LBYIosKClc.csv,105909,gs://senior-share-staging-570862915709/naresome_script_csv/7LBYIosKClc.csv
jX0tJuLjsss,E:\Data\ObsidianVault\02_Channels\馴れ初めシネマ\競合チャンネル分析\企画リサーチ_20260605\script_csv_assets\jX0tJuLjsss.csv,97404,gs://senior-share-staging-570862915709/naresome_script_csv/jX0tJuLjsss.csv
xDarrPDxTpA,E:\Data\ObsidianVault\02_Channels\馴れ初めシネマ\競合チャンネル分析\企画リサーチ_20260605\script_csv_assets\xDarrPDxTpA.csv,55755,gs://senior-share-staging-570862915709/naresome_script_csv/xDarrPDxTpA.csv
S1eRRSAY2dE,E:\Data\ObsidianVault\02_Channels\馴れ初めシネマ\競合チャンネル分析\企画リサーチ_20260605\script_csv_assets\S1eRRSAY2dE.csv,103301,gs://senior-share-staging-570862915709/naresome_script_csv/S1eRRSAY2dE.csv
k8UeZ0TdpbU,E:\Data\ObsidianVault\02_Channels\馴れ初めシネマ\競合チャンネル分析\企画リサーチ_20260605\script_csv_assets\k8UeZ0TdpbU.csv,800801,gs://senior-share-staging-570862915709/naresome_script_csv/k8UeZ0TdpbU.csv
unuLBCqtk10,E:\Data\ObsidianVault\02_Channels\馴れ初めシネマ\競合チャンネル分析\企画リサーチ_20260605\script_csv_assets\unuLBCqtk10.csv,71330,gs://senior-share-staging-570862915709/naresome_script_csv/unuLBCqtk10.csv
eykUfQTJEZg,E:\Data\ObsidianVault\02_Channels\馴れ初めシネマ\競合チャンネル分析\企画リサーチ_20260605\script_csv_assets\eykUfQTJEZg.csv,99956,gs://senior-share-staging-570862915709/naresome_script_csv/eykUfQTJEZg.csv
SHq5YuHzlYg,E:\Data\ObsidianVault\02_Channels\馴れ初めシネマ\競合チャンネル分析\企画リサーチ_20260605\script_csv_assets\SHq5YuHzlYg.csv,714708,gs://senior-share-staging-570862915709/naresome_script_csv/SHq5YuHzlYg.csv
JpYcx9fH250,E:\Data\ObsidianVault\02_Channels\馴れ初めシネマ\競合チャンネル分析\企画リサーチ_20260605\script_csv_assets\JpYcx9fH250.csv,118665,gs://senior-share-staging-570862915709/naresome_script_csv/JpYcx9fH250.csv
J37TBqI2nVs,E:\Data\ObsidianVault\02_Channels\馴れ初めシネマ\競合チャンネル分析\企画リサーチ_20260605\script_csv_assets\J37TBqI2nVs.csv,664074,gs://senior-share-staging-570862915709/naresome_script_csv/J37TBqI2nVs.csv
FBg8_kuO4DA,E:\Data\ObsidianVault\02_Channels\馴れ初めシネマ\競合チャンネル分析\企画リサーチ_20260605\script_csv_assets\FBg8_kuO4DA.csv,138436,gs://senior-share-staging-570862915709/naresome_script_csv/FBg8_kuO4DA.csv
Fne6v4kOG0o,E:\Data\ObsidianVault\02_Channels\馴れ初めシネマ\競合チャンネル分析\企画リサーチ_20260605\script_csv_assets\Fne6v4kOG0o.csv,618045,gs://senior-share-staging-570862915709/naresome_script_csv/Fne6v4kOG0o.csv
T8GsziXG5qs,E:\Data\ObsidianVault\02_Channels\馴れ初めシネマ\競合チャンネル分析\企画リサーチ_20260605\script_csv_assets\T8GsziXG5qs.csv,50419,gs://senior-share-staging-570862915709/naresome_script_csv/T8GsziXG5qs.csv
8lob8PN9hNY,E:\Data\ObsidianVault\02_Channels\馴れ初めシネマ\競合チャンネル分析\企画リサーチ_20260605\script_csv_assets\8lob8PN9hNY.csv,641399,gs://senior-share-staging-570862915709/naresome_script_csv/8lob8PN9hNY.csv
mpOMHQAF0WI,E:\Data\ObsidianVault\02_Channels\馴れ初めシネマ\競合チャンネル分析\企画リサーチ_20260605\script_csv_assets\mpOMHQAF0WI.csv,129545,gs://senior-share-staging-570862915709/naresome_script_csv/mpOMHQAF0WI.csv
ORj7_oZeLlI,E:\Data\ObsidianVault\02_Channels\馴れ初めシネマ\競合チャンネル分析\企画リサーチ_20260605\script_csv_assets\ORj7_oZeLlI.csv,98289,gs://senior-share-staging-570862915709/naresome_script_csv/ORj7_oZeLlI.csv
LzRgJ9Qj99g,E:\Data\ObsidianVault\02_Channels\馴れ初めシネマ\競合チャンネル分析\企画リサーチ_20260605\script_csv_assets\LzRgJ9Qj99g.csv,599726,gs://senior-share-staging-570862915709/naresome_script_csv/LzRgJ9Qj99g.csv
2BdJcjXmm10,E:\Data\ObsidianVault\02_Channels\馴れ初めシネマ\競合チャンネル分析\企画リサーチ_20260605\script_csv_assets\2BdJcjXmm10.csv,134836,gs://senior-share-staging-570862915709/naresome_script_csv/2BdJcjXmm10.csv
s5yBIqHJbv8,E:\Data\ObsidianVault\02_Channels\馴れ初めシネマ\競合チャンネル分析\企画リサーチ_20260605\script_csv_assets\s5yBIqHJbv8.csv,122104,gs://senior-share-staging-570862915709/naresome_script_csv/s5yBIqHJbv8.csv
NBIIOmDbRxA,E:\Data\ObsidianVault\02_Channels\馴れ初めシネマ\競合チャンネル分析\企画リサーチ_20260605\script_csv_assets\NBIIOmDbRxA.csv,144748,gs://senior-share-staging-570862915709/naresome_script_csv/NBIIOmDbRxA.csv
6BvkXFNGQfU,E:\Data\ObsidianVault\02_Channels\馴れ初めシネマ\競合チャンネル分析\企画リサーチ_20260605\script_csv_assets\6BvkXFNGQfU.csv,52015,gs://senior-share-staging-570862915709/naresome_script_csv/6BvkXFNGQfU.csv
1_NnmjJwxq4,E:\Data\ObsidianVault\02_Channels\馴れ初めシネマ\競合チャンネル分析\企画リサーチ_20260605\script_csv_assets\1_NnmjJwxq4.csv,124324,gs://senior-share-staging-570862915709/naresome_script_csv/1_NnmjJwxq4.csv
d-x3KWbO1Gc,E:\Data\ObsidianVault\02_Channels\馴れ初めシネマ\競合チャンネル分析\企画リサーチ_20260605\script_csv_assets\d-x3KWbO1Gc.csv,553088,gs://senior-share-staging-570862915709/naresome_script_csv/d-x3KWbO1Gc.csv
qol2xv6Oh0A,E:\Data\ObsidianVault\02_Channels\馴れ初めシネマ\競合チャンネル分析\企画リサーチ_20260605\script_csv_assets\qol2xv6Oh0A.csv,460410,gs://senior-share-staging-570862915709/naresome_script_csv/qol2xv6Oh0A.csv
xLT7AnKBzIY,E:\Data\ObsidianVault\02_Channels\馴れ初めシネマ\競合チャンネル分析\企画リサーチ_20260605\script_csv_assets\xLT7AnKBzIY.csv,103037,gs://senior-share-staging-570862915709/naresome_script_csv/xLT7AnKBzIY.csv
2m9vLvCH8Uc,E:\Data\ObsidianVault\02_Channels\馴れ初めシネマ\競合チャンネル分析\企画リサーチ_20260605\script_csv_assets\2m9vLvCH8Uc.csv,89130,gs://senior-share-staging-570862915709/naresome_script_csv/2m9vLvCH8Uc.csv
-6S_QYv_pos,E:\Data\ObsidianVault\02_Channels\馴れ初めシネマ\競合チャンネル分析\企画リサーチ_20260605\script_csv_assets\-6S_QYv_pos.csv,124257,gs://senior-share-staging-570862915709/naresome_script_csv/-6S_QYv_pos.csv
wsF--_V5fVo,E:\Data\ObsidianVault\02_Channels\馴れ初めシネマ\競合チャンネル分析\企画リサーチ_20260605\script_csv_assets\wsF--_V5fVo.csv,98836,gs://senior-share-staging-570862915709/naresome_script_csv/wsF--_V5fVo.csv
pBUgX5Vnbxs,E:\Data\ObsidianVault\02_Channels\馴れ初めシネマ\競合チャンネル分析\企画リサーチ_20260605\script_csv_assets\pBUgX5Vnbxs.csv,55611,gs://senior-share-staging-570862915709/naresome_script_csv/pBUgX5Vnbxs.csv
bkhYembgkzs,E:\Data\ObsidianVault\02_Channels\馴れ初めシネマ\競合チャンネル分析\企画リサーチ_20260605\script_csv_assets\bkhYembgkzs.csv,665517,gs://senior-share-staging-570862915709/naresome_script_csv/bkhYembgkzs.csv
QTPIWEKbcj0,E:\Data\ObsidianVault\02_Channels\馴れ初めシネマ\競合チャンネル分析\企画リサーチ_20260605\script_csv_assets\QTPIWEKbcj0.csv,79902,gs://senior-share-staging-570862915709/naresome_script_csv/QTPIWEKbcj0.csv
PMfa_XEXBWs,E:\Data\ObsidianVault\02_Channels\馴れ初めシネマ\競合チャンネル分析\企画リサーチ_20260605\script_csv_assets\PMfa_XEXBWs.csv,96556,gs://senior-share-staging-570862915709/naresome_script_csv/PMfa_XEXBWs.csv
3Zbcdo3NkZM,E:\Data\ObsidianVault\02_Channels\馴れ初めシネマ\競合チャンネル分析\企画リサーチ_20260605\script_csv_assets\3Zbcdo3NkZM.csv,121954,gs://senior-share-staging-570862915709/naresome_script_csv/3Zbcdo3NkZM.csv
lmN5PBMmZdM,E:\Data\ObsidianVault\02_Channels\馴れ初めシネマ\競合チャンネル分析\企画リサーチ_20260605\script_csv_assets\lmN5PBMmZdM.csv,115858,gs://senior-share-staging-570862915709/naresome_script_csv/lmN5PBMmZdM.csv
mm8s4FLBf50,E:\Data\ObsidianVault\02_Channels\馴れ初めシネマ\競合チャンネル分析\企画リサーチ_20260605\script_csv_assets\mm8s4FLBf50.csv,83477,gs://senior-share-staging-570862915709/naresome_script_csv/mm8s4FLBf50.csv
3azMvqqVS-A,E:\Data\ObsidianVault\02_Channels\馴れ初めシネマ\競合チャンネル分析\企画リサーチ_20260605\script_csv_assets\3azMvqqVS-A.csv,138285,gs://senior-share-staging-570862915709/naresome_script_csv/3azMvqqVS-A.csv
uSy0V5n-8c4,E:\Data\ObsidianVault\02_Channels\馴れ初めシネマ\競合チャンネル分析\企画リサーチ_20260605\script_csv_assets\uSy0V5n-8c4.csv,143615,gs://senior-share-staging-570862915709/naresome_script_csv/uSy0V5n-8c4.csv
zfZ8DP-e2Jw,E:\Data\ObsidianVault\02_Channels\馴れ初めシネマ\競合チャンネル分析\企画リサーチ_20260605\script_csv_assets\zfZ8DP-e2Jw.csv,58153,gs://senior-share-staging-570862915709/naresome_script_csv/zfZ8DP-e2Jw.csv
WkWI3uoOQs4,E:\Data\ObsidianVault\02_Channels\馴れ初めシネマ\競合チャンネル分析\企画リサーチ_20260605\script_csv_assets\WkWI3uoOQs4.csv,48423,gs://senior-share-staging-570862915709/naresome_script_csv/WkWI3uoOQs4.csv
j1DE8gPSO38,E:\Data\ObsidianVault\02_Channels\馴れ初めシネマ\競合チャンネル分析\企画リサーチ_20260605\script_csv_assets\j1DE8gPSO38.csv,107008,gs://senior-share-staging-570862915709/naresome_script_csv/j1DE8gPSO38.csv
BCXLo6GUyLg,E:\Data\ObsidianVault\02_Channels\馴れ初めシネマ\競合チャンネル分析\企画リサーチ_20260605\script_csv_assets\BCXLo6GUyLg.csv,438496,gs://senior-share-staging-570862915709/naresome_script_csv/BCXLo6GUyLg.csv
UlTqVHNKeM0,E:\Data\ObsidianVault\02_Channels\馴れ初めシネマ\競合チャンネル分析\企画リサーチ_20260605\script_csv_assets\UlTqVHNKeM0.csv,92286,gs://senior-share-staging-570862915709/naresome_script_csv/UlTqVHNKeM0.csv
M6JVU6WC3lU,E:\Data\ObsidianVault\02_Channels\馴れ初めシネマ\競合チャンネル分析\企画リサーチ_20260605\script_csv_assets\M6JVU6WC3lU.csv,107454,gs://senior-share-staging-570862915709/naresome_script_csv/M6JVU6WC3lU.csv
tbCpHX1vao0,E:\Data\ObsidianVault\02_Channels\馴れ初めシネマ\競合チャンネル分析\企画リサーチ_20260605\script_csv_assets\tbCpHX1vao0.csv,50030,gs://senior-share-staging-570862915709/naresome_script_csv/tbCpHX1vao0.csv
wHXepcRHCtg,E:\Data\ObsidianVault\02_Channels\馴れ初めシネマ\競合チャンネル分析\企画リサーチ_20260605\script_csv_assets\wHXepcRHCtg.csv,107628,gs://senior-share-staging-570862915709/naresome_script_csv/wHXepcRHCtg.csv
Ew8K2WrQJio,E:\Data\ObsidianVault\02_Channels\馴れ初めシネマ\競合チャンネル分析\企画リサーチ_20260605\script_csv_assets\Ew8K2WrQJio.csv,55218,gs://senior-share-staging-570862915709/naresome_script_csv/Ew8K2WrQJio.csv
wC5N7QIBx-U,E:\Data\ObsidianVault\02_Channels\馴れ初めシネマ\競合チャンネル分析\企画リサーチ_20260605\script_csv_assets\wC5N7QIBx-U.csv,74891,gs://senior-share-staging-570862915709/naresome_script_csv/wC5N7QIBx-U.csv
tn0hOmNnT9I,E:\Data\ObsidianVault\02_Channels\馴れ初めシネマ\競合チャンネル分析\企画リサーチ_20260605\script_csv_assets\tn0hOmNnT9I.csv,100936,gs://senior-share-staging-570862915709/naresome_script_csv/tn0hOmNnT9I.csv
S_HccZMBGeQ,E:\Data\ObsidianVault\02_Channels\馴れ初めシネマ\競合チャンネル分析\企画リサーチ_20260605\script_csv_assets\S_HccZMBGeQ.csv,82489,gs://senior-share-staging-570862915709/naresome_script_csv/S_HccZMBGeQ.csv
NCFq5UvZ0lE,E:\Data\ObsidianVault\02_Channels\馴れ初めシネマ\競合チャンネル分析\企画リサーチ_20260605\script_csv_assets\NCFq5UvZ0lE.csv,99086,gs://senior-share-staging-570862915709/naresome_script_csv/NCFq5UvZ0lE.csv
lrrPxCqUTVw,E:\Data\ObsidianVault\02_Channels\馴れ初めシネマ\競合チャンネル分析\企画リサーチ_20260605\script_csv_assets\lrrPxCqUTVw.csv,116862,gs://senior-share-staging-570862915709/naresome_script_csv/lrrPxCqUTVw.csv
r8K4XJVQmCU,E:\Data\ObsidianVault\02_Channels\馴れ初めシネマ\競合チャンネル分析\企画リサーチ_20260605\script_csv_assets\r8K4XJVQmCU.csv,83785,gs://senior-share-staging-570862915709/naresome_script_csv/r8K4XJVQmCU.csv
WmoSEqwBdoE,E:\Data\ObsidianVault\02_Channels\馴れ初めシネマ\競合チャンネル分析\企画リサーチ_20260605\script_csv_assets\WmoSEqwBdoE.csv,76943,gs://senior-share-staging-570862915709/naresome_script_csv/WmoSEqwBdoE.csv
nA9x-6hjK4U,E:\Data\ObsidianVault\02_Channels\馴れ初めシネマ\競合チャンネル分析\企画リサーチ_20260605\script_csv_assets\nA9x-6hjK4U.csv,72376,gs://senior-share-staging-570862915709/naresome_script_csv/nA9x-6hjK4U.csv
e4YtXTchXlU,E:\Data\ObsidianVault\02_Channels\馴れ初めシネマ\競合チャンネル分析\企画リサーチ_20260605\script_csv_assets\e4YtXTchXlU.csv,93479,gs://senior-share-staging-570862915709/naresome_script_csv/e4YtXTchXlU.csv
NzIXy5YX2P0,E:\Data\ObsidianVault\02_Channels\馴れ初めシネマ\競合チャンネル分析\企画リサーチ_20260605\script_csv_assets\NzIXy5YX2P0.csv,132945,gs://senior-share-staging-570862915709/naresome_script_csv/NzIXy5YX2P0.csv
av_TVy5hqvI,E:\Data\ObsidianVault\02_Channels\馴れ初めシネマ\競合チャンネル分析\企画リサーチ_20260605\script_csv_assets\av_TVy5hqvI.csv,110896,gs://senior-share-staging-570862915709/naresome_script_csv/av_TVy5hqvI.csv
35kkgKktNUw,E:\Data\ObsidianVault\02_Channels\馴れ初めシネマ\競合チャンネル分析\企画リサーチ_20260605\script_csv_assets\35kkgKktNUw.csv,110474,gs://senior-share-staging-570862915709/naresome_script_csv/35kkgKktNUw.csv
iE_dGowGB3I,E:\Data\ObsidianVault\02_Channels\馴れ初めシネマ\競合チャンネル分析\企画リサーチ_20260605\script_csv_assets\iE_dGowGB3I.csv,629889,gs://senior-share-staging-570862915709/naresome_script_csv/iE_dGowGB3I.csv
aLzXRncQAug,E:\Data\ObsidianVault\02_Channels\馴れ初めシネマ\競合チャンネル分析\企画リサーチ_20260605\script_csv_assets\aLzXRncQAug.csv,100400,gs://senior-share-staging-570862915709/naresome_script_csv/aLzXRncQAug.csv
-4_yEI2UUjQ,E:\Data\ObsidianVault\02_Channels\馴れ初めシネマ\競合チャンネル分析\企画リサーチ_20260605\script_csv_assets\-4_yEI2UUjQ.csv,614919,gs://senior-share-staging-570862915709/naresome_script_csv/-4_yEI2UUjQ.csv
uPOKuMRG_zs,E:\Data\ObsidianVault\02_Channels\馴れ初めシネマ\競合チャンネル分析\企画リサーチ_20260605\script_csv_assets\uPOKuMRG_zs.csv,108807,gs://senior-share-staging-570862915709/naresome_script_csv/uPOKuMRG_zs.csv
vw91x8ADXso,E:\Data\ObsidianVault\02_Channels\馴れ初めシネマ\競合チャンネル分析\企画リサーチ_20260605\script_csv_assets\vw91x8ADXso.csv,67403,gs://senior-share-staging-570862915709/naresome_script_csv/vw91x8ADXso.csv
mPAZn-f27XY,E:\Data\ObsidianVault\02_Channels\馴れ初めシネマ\競合チャンネル分析\企画リサーチ_20260605\script_csv_assets\mPAZn-f27XY.csv,128663,gs://senior-share-staging-570862915709/naresome_script_csv/mPAZn-f27XY.csv
ZVtGPAKU9qY,E:\Data\ObsidianVault\02_Channels\馴れ初めシネマ\競合チャンネル分析\企画リサーチ_20260605\script_csv_assets\ZVtGPAKU9qY.csv,192186,gs://senior-share-staging-570862915709/naresome_script_csv/ZVtGPAKU9qY.csv
vdprfqpfCYs,E:\Data\ObsidianVault\02_Channels\馴れ初めシネマ\競合チャンネル分析\企画リサーチ_20260605\script_csv_assets\vdprfqpfCYs.csv,101405,gs://senior-share-staging-570862915709/naresome_script_csv/vdprfqpfCYs.csv
O3mFDKssOA4,E:\Data\ObsidianVault\02_Channels\馴れ初めシネマ\競合チャンネル分析\企画リサーチ_20260605\script_csv_assets\O3mFDKssOA4.csv,131007,gs://senior-share-staging-570862915709/naresome_script_csv/O3mFDKssOA4.csv
Xg9kWCMy2Y4,E:\Data\ObsidianVault\02_Channels\馴れ初めシネマ\競合チャンネル分析\企画リサーチ_20260605\script_csv_assets\Xg9kWCMy2Y4.csv,109658,gs://senior-share-staging-570862915709/naresome_script_csv/Xg9kWCMy2Y4.csv
B9-_ElGgrkk,E:\Data\ObsidianVault\02_Channels\馴れ初めシネマ\競合チャンネル分析\企画リサーチ_20260605\script_csv_assets\B9-_ElGgrkk.csv,60840,gs://senior-share-staging-570862915709/naresome_script_csv/B9-_ElGgrkk.csv
vQyKY9HmBRw,E:\Data\ObsidianVault\02_Channels\馴れ初めシネマ\競合チャンネル分析\企画リサーチ_20260605\script_csv_assets\vQyKY9HmBRw.csv,99332,gs://senior-share-staging-570862915709/naresome_script_csv/vQyKY9HmBRw.csv
1F8nmLgqkWc,E:\Data\ObsidianVault\02_Channels\馴れ初めシネマ\競合チャンネル分析\企画リサーチ_20260605\script_csv_assets\1F8nmLgqkWc.csv,147484,gs://senior-share-staging-570862915709/naresome_script_csv/1F8nmLgqkWc.csv
nJYhK51QFrE,E:\Data\ObsidianVault\02_Channels\馴れ初めシネマ\競合チャンネル分析\企画リサーチ_20260605\script_csv_assets\nJYhK51QFrE.csv,75173,gs://senior-share-staging-570862915709/naresome_script_csv/nJYhK51QFrE.csv
RLzyQMTwwr4,E:\Data\ObsidianVault\02_Channels\馴れ初めシネマ\競合チャンネル分析\企画リサーチ_20260605\script_csv_assets\RLzyQMTwwr4.csv,169235,gs://senior-share-staging-570862915709/naresome_script_csv/RLzyQMTwwr4.csv
xfsaTtbWL0E,E:\Data\ObsidianVault\02_Channels\馴れ初めシネマ\競合チャンネル分析\企画リサーチ_20260605\script_csv_assets\xfsaTtbWL0E.csv,90833,gs://senior-share-staging-570862915709/naresome_script_csv/xfsaTtbWL0E.csv
HeCUmWtGW8M,E:\Data\ObsidianVault\02_Channels\馴れ初めシネマ\競合チャンネル分析\企画リサーチ_20260605\script_csv_assets\HeCUmWtGW8M.csv,65227,gs://senior-share-staging-570862915709/naresome_script_csv/HeCUmWtGW8M.csv
jiCuDFVFUKU,E:\Data\ObsidianVault\02_Channels\馴れ初めシネマ\競合チャンネル分析\企画リサーチ_20260605\script_csv_assets\jiCuDFVFUKU.csv,124953,gs://senior-share-staging-570862915709/naresome_script_csv/jiCuDFVFUKU.csv
9ojuk1nb_l0,E:\Data\ObsidianVault\02_Channels\馴れ初めシネマ\競合チャンネル分析\企画リサーチ_20260605\script_csv_assets\9ojuk1nb_l0.csv,70943,gs://senior-share-staging-570862915709/naresome_script_csv/9ojuk1nb_l0.csv
jnzjtC8KH7o,E:\Data\ObsidianVault\02_Channels\馴れ初めシネマ\競合チャンネル分析\企画リサーチ_20260605\script_csv_assets\jnzjtC8KH7o.csv,162271,gs://senior-share-staging-570862915709/naresome_script_csv/jnzjtC8KH7o.csv
TdZSQTmri60,E:\Data\ObsidianVault\02_Channels\馴れ初めシネマ\競合チャンネル分析\企画リサーチ_20260605\script_csv_assets\TdZSQTmri60.csv,149258,gs://senior-share-staging-570862915709/naresome_script_csv/TdZSQTmri60.csv
gRJiST1CgeI,E:\Data\ObsidianVault\02_Channels\馴れ初めシネマ\競合チャンネル分析\企画リサーチ_20260605\script_csv_assets\gRJiST1CgeI.csv,596255,gs://senior-share-staging-570862915709/naresome_script_csv/gRJiST1CgeI.csv
3qZ5E0GVvwQ,E:\Data\ObsidianVault\02_Channels\馴れ初めシネマ\競合チャンネル分析\企画リサーチ_20260605\script_csv_assets\3qZ5E0GVvwQ.csv,71616,gs://senior-share-staging-570862915709/naresome_script_csv/3qZ5E0GVvwQ.csv
FqOcIGvZKWc,E:\Data\ObsidianVault\02_Channels\馴れ初めシネマ\競合チャンネル分析\企画リサーチ_20260605\script_csv_assets\FqOcIGvZKWc.csv,153783,gs://senior-share-staging-570862915709/naresome_script_csv/FqOcIGvZKWc.csv
0JNT3QSHkJQ,E:\Data\ObsidianVault\02_Channels\馴れ初めシネマ\競合チャンネル分析\企画リサーチ_20260605\script_csv_assets\0JNT3QSHkJQ.csv,71381,gs://senior-share-staging-570862915709/naresome_script_csv/0JNT3QSHkJQ.csv
t2I_wnXAi7o,E:\Data\ObsidianVault\02_Channels\馴れ初めシネマ\競合チャンネル分析\企画リサーチ_20260605\script_csv_assets\t2I_wnXAi7o.csv,75566,gs://senior-share-staging-570862915709/naresome_script_csv/t2I_wnXAi7o.csv
5q_Qwc0EvsE,E:\Data\ObsidianVault\02_Channels\馴れ初めシネマ\競合チャンネル分析\企画リサーチ_20260605\script_csv_assets\5q_Qwc0EvsE.csv,80546,gs://senior-share-staging-570862915709/naresome_script_csv/5q_Qwc0EvsE.csv
9xp4GHdQTc0,E:\Data\ObsidianVault\02_Channels\馴れ初めシネマ\競合チャンネル分析\企画リサーチ_20260605\script_csv_assets\9xp4GHdQTc0.csv,86963,gs://senior-share-staging-570862915709/naresome_script_csv/9xp4GHdQTc0.csv
p6b8zNp1vTU,E:\Data\ObsidianVault\02_Channels\馴れ初めシネマ\競合チャンネル分析\企画リサーチ_20260605\script_csv_assets\p6b8zNp1vTU.csv,80010,gs://senior-share-staging-570862915709/naresome_script_csv/p6b8zNp1vTU.csv
FfSQAhYk-U0,E:\Data\ObsidianVault\02_Channels\馴れ初めシネマ\競合チャンネル分析\企画リサーチ_20260605\script_csv_assets\FfSQAhYk-U0.csv,139864,gs://senior-share-staging-570862915709/naresome_script_csv/FfSQAhYk-U0.csv
jJ1Dx5YpJf4,E:\Data\ObsidianVault\02_Channels\馴れ初めシネマ\競合チャンネル分析\企画リサーチ_20260605\script_csv_assets\jJ1Dx5YpJf4.csv,46549,gs://senior-share-staging-570862915709/naresome_script_csv/jJ1Dx5YpJf4.csv
ByQKtW5EFTE,E:\Data\ObsidianVault\02_Channels\馴れ初めシネマ\競合チャンネル分析\企画リサーチ_20260605\script_csv_assets\ByQKtW5EFTE.csv,73197,gs://senior-share-staging-570862915709/naresome_script_csv/ByQKtW5EFTE.csv
uJYJ-xWsa2Y,E:\Data\ObsidianVault\02_Channels\馴れ初めシネマ\競合チャンネル分析\企画リサーチ_20260605\script_csv_assets\uJYJ-xWsa2Y.csv,163255,gs://senior-share-staging-570862915709/naresome_script_csv/uJYJ-xWsa2Y.csv
ynbr2aXNL1g,E:\Data\ObsidianVault\02_Channels\馴れ初めシネマ\競合チャンネル分析\企画リサーチ_20260605\script_csv_assets\ynbr2aXNL1g.csv,188786,gs://senior-share-staging-570862915709/naresome_script_csv/ynbr2aXNL1g.csv
4L2aGDG48tY,E:\Data\ObsidianVault\02_Channels\馴れ初めシネマ\競合チャンネル分析\企画リサーチ_20260605\script_csv_assets\4L2aGDG48tY.csv,726376,gs://senior-share-staging-570862915709/naresome_script_csv/4L2aGDG48tY.csv
sysli4Kit2w,E:\Data\ObsidianVault\02_Channels\馴れ初めシネマ\競合チャンネル分析\企画リサーチ_20260605\script_csv_assets\sysli4Kit2w.csv,122539,gs://senior-share-staging-570862915709/naresome_script_csv/sysli4Kit2w.csv
ILKhA0RzGVU,E:\Data\ObsidianVault\02_Channels\馴れ初めシネマ\競合チャンネル分析\企画リサーチ_20260605\script_csv_assets\ILKhA0RzGVU.csv,41525,gs://senior-share-staging-570862915709/naresome_script_csv/ILKhA0RzGVU.csv
Yb2EPuxUevs,E:\Data\ObsidianVault\02_Channels\馴れ初めシネマ\競合チャンネル分析\企画リサーチ_20260605\script_csv_assets\Yb2EPuxUevs.csv,68667,gs://senior-share-staging-570862915709/naresome_script_csv/Yb2EPuxUevs.csv
uXse1kLFoCE,E:\Data\ObsidianVault\02_Channels\馴れ初めシネマ\競合チャンネル分析\企画リサーチ_20260605\script_csv_assets\uXse1kLFoCE.csv,127262,gs://senior-share-staging-570862915709/naresome_script_csv/uXse1kLFoCE.csv
QeomNLUxT04,E:\Data\ObsidianVault\02_Channels\馴れ初めシネマ\競合チャンネル分析\企画リサーチ_20260605\script_csv_assets\QeomNLUxT04.csv,71365,gs://senior-share-staging-570862915709/naresome_script_csv/QeomNLUxT04.csv
DaFE7w27wrU,E:\Data\ObsidianVault\02_Channels\馴れ初めシネマ\競合チャンネル分析\企画リサーチ_20260605\script_csv_assets\DaFE7w27wrU.csv,144026,gs://senior-share-staging-570862915709/naresome_script_csv/DaFE7w27wrU.csv
je_qDYiCgmY,E:\Data\ObsidianVault\02_Channels\馴れ初めシネマ\競合チャンネル分析\企画リサーチ_20260605\script_csv_assets\je_qDYiCgmY.csv,134298,gs://senior-share-staging-570862915709/naresome_script_csv/je_qDYiCgmY.csv
coiWHChVydE,E:\Data\ObsidianVault\02_Channels\馴れ初めシネマ\競合チャンネル分析\企画リサーチ_20260605\script_csv_assets\coiWHChVydE.csv,102312,gs://senior-share-staging-570862915709/naresome_script_csv/coiWHChVydE.csv
0Xrk2pe-d3w,E:\Data\ObsidianVault\02_Channels\馴れ初めシネマ\競合チャンネル分析\企画リサーチ_20260605\script_csv_assets\0Xrk2pe-d3w.csv,77890,gs://senior-share-staging-570862915709/naresome_script_csv/0Xrk2pe-d3w.csv
tMZ0QM6jzMo,E:\Data\ObsidianVault\02_Channels\馴れ初めシネマ\競合チャンネル分析\企画リサーチ_20260605\script_csv_assets\tMZ0QM6jzMo.csv,618558,gs://senior-share-staging-570862915709/naresome_script_csv/tMZ0QM6jzMo.csv
OOXZnDXcgFM,E:\Data\ObsidianVault\02_Channels\馴れ初めシネマ\競合チャンネル分析\企画リサーチ_20260605\script_csv_assets\OOXZnDXcgFM.csv,630601,gs://senior-share-staging-570862915709/naresome_script_csv/OOXZnDXcgFM.csv
rquzepTPoBA,E:\Data\ObsidianVault\02_Channels\馴れ初めシネマ\競合チャンネル分析\企画リサーチ_20260605\script_csv_assets\rquzepTPoBA.csv,201649,gs://senior-share-staging-570862915709/naresome_script_csv/rquzepTPoBA.csv
QqiiJaQ7ba4,E:\Data\ObsidianVault\02_Channels\馴れ初めシネマ\競合チャンネル分析\企画リサーチ_20260605\script_csv_assets\QqiiJaQ7ba4.csv,87118,gs://senior-share-staging-570862915709/naresome_script_csv/QqiiJaQ7ba4.csv
wga7ZcDKcXc,E:\Data\ObsidianVault\02_Channels\馴れ初めシネマ\競合チャンネル分析\企画リサーチ_20260605\script_csv_assets\wga7ZcDKcXc.csv,202279,gs://senior-share-staging-570862915709/naresome_script_csv/wga7ZcDKcXc.csv
cK5FXXuHDYo,E:\Data\ObsidianVault\02_Channels\馴れ初めシネマ\競合チャンネル分析\企画リサーチ_20260605\script_csv_assets\cK5FXXuHDYo.csv,148680,gs://senior-share-staging-570862915709/naresome_script_csv/cK5FXXuHDYo.csv
r8QOLogkrvo,E:\Data\ObsidianVault\02_Channels\馴れ初めシネマ\競合チャンネル分析\企画リサーチ_20260605\script_csv_assets\r8QOLogkrvo.csv,58244,gs://senior-share-staging-570862915709/naresome_script_csv/r8QOLogkrvo.csv
oBgClgiL9_0,E:\Data\ObsidianVault\02_Channels\馴れ初めシネマ\競合チャンネル分析\企画リサーチ_20260605\script_csv_assets\oBgClgiL9_0.csv,139444,gs://senior-share-staging-570862915709/naresome_script_csv/oBgClgiL9_0.csv
uFC63_YTzLg,E:\Data\ObsidianVault\02_Channels\馴れ初めシネマ\競合チャンネル分析\企画リサーチ_20260605\script_csv_assets\uFC63_YTzLg.csv,143989,gs://senior-share-staging-570862915709/naresome_script_csv/uFC63_YTzLg.csv
DmSRWF0_mwE,E:\Data\ObsidianVault\02_Channels\馴れ初めシネマ\競合チャンネル分析\企画リサーチ_20260605\script_csv_assets\DmSRWF0_mwE.csv,159641,gs://senior-share-staging-570862915709/naresome_script_csv/DmSRWF0_mwE.csv
Zl3hVJ2DJMk,E:\Data\ObsidianVault\02_Channels\馴れ初めシネマ\競合チャンネル分析\企画リサーチ_20260605\script_csv_assets\Zl3hVJ2DJMk.csv,155330,gs://senior-share-staging-570862915709/naresome_script_csv/Zl3hVJ2DJMk.csv
GmB42TBxc1Y,E:\Data\ObsidianVault\02_Channels\馴れ初めシネマ\競合チャンネル分析\企画リサーチ_20260605\script_csv_assets\GmB42TBxc1Y.csv,168359,gs://senior-share-staging-570862915709/naresome_script_csv/GmB42TBxc1Y.csv
m99oBdU1SvU,E:\Data\ObsidianVault\02_Channels\馴れ初めシネマ\競合チャンネル分析\企画リサーチ_20260605\script_csv_assets\m99oBdU1SvU.csv,85697,gs://senior-share-staging-570862915709/naresome_script_csv/m99oBdU1SvU.csv
e57d5nE2hBM,E:\Data\ObsidianVault\02_Channels\馴れ初めシネマ\競合チャンネル分析\企画リサーチ_20260605\script_csv_assets\e57d5nE2hBM.csv,78066,gs://senior-share-staging-570862915709/naresome_script_csv/e57d5nE2hBM.csv
QUSH6Jj0l70,E:\Data\ObsidianVault\02_Channels\馴れ初めシネマ\競合チャンネル分析\企画リサーチ_20260605\script_csv_assets\QUSH6Jj0l70.csv,124956,gs://senior-share-staging-570862915709/naresome_script_csv/QUSH6Jj0l70.csv
DPWAFdi0aLc,E:\Data\ObsidianVault\02_Channels\馴れ初めシネマ\競合チャンネル分析\企画リサーチ_20260605\script_csv_assets\DPWAFdi0aLc.csv,155094,gs://senior-share-staging-570862915709/naresome_script_csv/DPWAFdi0aLc.csv
Cu-KaspWZg4,E:\Data\ObsidianVault\02_Channels\馴れ初めシネマ\競合チャンネル分析\企画リサーチ_20260605\script_csv_assets\Cu-KaspWZg4.csv,92017,gs://senior-share-staging-570862915709/naresome_script_csv/Cu-KaspWZg4.csv
GXLwKJoTrTo,E:\Data\ObsidianVault\02_Channels\馴れ初めシネマ\競合チャンネル分析\企画リサーチ_20260605\script_csv_assets\GXLwKJoTrTo.csv,136083,gs://senior-share-staging-570862915709/naresome_script_csv/GXLwKJoTrTo.csv
s4pYjHIoWLg,E:\Data\ObsidianVault\02_Channels\馴れ初めシネマ\競合チャンネル分析\企画リサーチ_20260605\script_csv_assets\s4pYjHIoWLg.csv,60506,gs://senior-share-staging-570862915709/naresome_script_csv/s4pYjHIoWLg.csv
YeG2RzBpAi8,E:\Data\ObsidianVault\02_Channels\馴れ初めシネマ\競合チャンネル分析\企画リサーチ_20260605\script_csv_assets\YeG2RzBpAi8.csv,82822,gs://senior-share-staging-570862915709/naresome_script_csv/YeG2RzBpAi8.csv
Or5Fp6S8mZ4,E:\Data\ObsidianVault\02_Channels\馴れ初めシネマ\競合チャンネル分析\企画リサーチ_20260605\script_csv_assets\Or5Fp6S8mZ4.csv,60122,gs://senior-share-staging-570862915709/naresome_script_csv/Or5Fp6S8mZ4.csv
vPueiR_uEKk,E:\Data\ObsidianVault\02_Channels\馴れ初めシネマ\競合チャンネル分析\企画リサーチ_20260605\script_csv_assets\vPueiR_uEKk.csv,634796,gs://senior-share-staging-570862915709/naresome_script_csv/vPueiR_uEKk.csv
yVtL63_eQn4,E:\Data\ObsidianVault\02_Channels\馴れ初めシネマ\競合チャンネル分析\企画リサーチ_20260605\script_csv_assets\yVtL63_eQn4.csv,195483,gs://senior-share-staging-570862915709/naresome_script_csv/yVtL63_eQn4.csv
oq3WzJb7IiA,E:\Data\ObsidianVault\02_Channels\馴れ初めシネマ\競合チャンネル分析\企画リサーチ_20260605\script_csv_assets\oq3WzJb7IiA.csv,117879,gs://senior-share-staging-570862915709/naresome_script_csv/oq3WzJb7IiA.csv
qDcB35o6F-Q,E:\Data\ObsidianVault\02_Channels\馴れ初めシネマ\競合チャンネル分析\企画リサーチ_20260605\script_csv_assets\qDcB35o6F-Q.csv,123335,gs://senior-share-staging-570862915709/naresome_script_csv/qDcB35o6F-Q.csv
C41tstX1lZs,E:\Data\ObsidianVault\02_Channels\馴れ初めシネマ\競合チャンネル分析\企画リサーチ_20260605\script_csv_assets\C41tstX1lZs.csv,49103,gs://senior-share-staging-570862915709/naresome_script_csv/C41tstX1lZs.csv
MP-DRxDd5VU,E:\Data\ObsidianVault\02_Channels\馴れ初めシネマ\競合チャンネル分析\企画リサーチ_20260605\script_csv_assets\MP-DRxDd5VU.csv,104660,gs://senior-share-staging-570862915709/naresome_script_csv/MP-DRxDd5VU.csv
i1d9hAdlPMQ,E:\Data\ObsidianVault\02_Channels\馴れ初めシネマ\競合チャンネル分析\企画リサーチ_20260605\script_csv_assets\i1d9hAdlPMQ.csv,85094,gs://senior-share-staging-570862915709/naresome_script_csv/i1d9hAdlPMQ.csv
hoPTl3E6fVg,E:\Data\ObsidianVault\02_Channels\馴れ初めシネマ\競合チャンネル分析\企画リサーチ_20260605\script_csv_assets\hoPTl3E6fVg.csv,72837,gs://senior-share-staging-570862915709/naresome_script_csv/hoPTl3E6fVg.csv
88QeJt-7oEA,E:\Data\ObsidianVault\02_Channels\馴れ初めシネマ\競合チャンネル分析\企画リサーチ_20260605\script_csv_assets\88QeJt-7oEA.csv,627055,gs://senior-share-staging-570862915709/naresome_script_csv/88QeJt-7oEA.csv
sfCnF6Y3buU,E:\Data\ObsidianVault\02_Channels\馴れ初めシネマ\競合チャンネル分析\企画リサーチ_20260605\script_csv_assets\sfCnF6Y3buU.csv,45347,gs://senior-share-staging-570862915709/naresome_script_csv/sfCnF6Y3buU.csv
ETFimAjUJx0,E:\Data\ObsidianVault\02_Channels\馴れ初めシネマ\競合チャンネル分析\企画リサーチ_20260605\script_csv_assets\ETFimAjUJx0.csv,145394,gs://senior-share-staging-570862915709/naresome_script_csv/ETFimAjUJx0.csv
q0vt-8mlO50,E:\Data\ObsidianVault\02_Channels\馴れ初めシネマ\競合チャンネル分析\企画リサーチ_20260605\script_csv_assets\q0vt-8mlO50.csv,89800,gs://senior-share-staging-570862915709/naresome_script_csv/q0vt-8mlO50.csv
xg2MiUt2qf0,E:\Data\ObsidianVault\02_Channels\馴れ初めシネマ\競合チャンネル分析\企画リサーチ_20260605\script_csv_assets\xg2MiUt2qf0.csv,133026,gs://senior-share-staging-570862915709/naresome_script_csv/xg2MiUt2qf0.csv
3PCS5XeSl8M,E:\Data\ObsidianVault\02_Channels\馴れ初めシネマ\競合チャンネル分析\企画リサーチ_20260605\script_csv_assets\3PCS5XeSl8M.csv,110661,gs://senior-share-staging-570862915709/naresome_script_csv/3PCS5XeSl8M.csv
-FOaE_q4124,E:\Data\ObsidianVault\02_Channels\馴れ初めシネマ\競合チャンネル分析\企画リサーチ_20260605\script_csv_assets\-FOaE_q4124.csv,553388,gs://senior-share-staging-570862915709/naresome_script_csv/-FOaE_q4124.csv
MdwdMUGNNSY,E:\Data\ObsidianVault\02_Channels\馴れ初めシネマ\競合チャンネル分析\企画リサーチ_20260605\script_csv_assets\MdwdMUGNNSY.csv,155801,gs://senior-share-staging-570862915709/naresome_script_csv/MdwdMUGNNSY.csv
0m79MipPJOY,E:\Data\ObsidianVault\02_Channels\馴れ初めシネマ\競合チャンネル分析\企画リサーチ_20260605\script_csv_assets\0m79MipPJOY.csv,73735,gs://senior-share-staging-570862915709/naresome_script_csv/0m79MipPJOY.csv
YaXtvgZwJZM,E:\Data\ObsidianVault\02_Channels\馴れ初めシネマ\競合チャンネル分析\企画リサーチ_20260605\script_csv_assets\YaXtvgZwJZM.csv,125443,gs://senior-share-staging-570862915709/naresome_script_csv/YaXtvgZwJZM.csv
4GtuX-Sw2j8,E:\Data\ObsidianVault\02_Channels\馴れ初めシネマ\競合チャンネル分析\企画リサーチ_20260605\script_csv_assets\4GtuX-Sw2j8.csv,151147,gs://senior-share-staging-570862915709/naresome_script_csv/4GtuX-Sw2j8.csv
SL99RfIFi20,E:\Data\ObsidianVault\02_Channels\馴れ初めシネマ\競合チャンネル分析\企画リサーチ_20260605\script_csv_assets\SL99RfIFi20.csv,615677,gs://senior-share-staging-570862915709/naresome_script_csv/SL99RfIFi20.csv
pNp7dzWMly0,E:\Data\ObsidianVault\02_Channels\馴れ初めシネマ\競合チャンネル分析\企画リサーチ_20260605\script_csv_assets\pNp7dzWMly0.csv,61466,gs://senior-share-staging-570862915709/naresome_script_csv/pNp7dzWMly0.csv
AV6lWAB_U64,E:\Data\ObsidianVault\02_Channels\馴れ初めシネマ\競合チャンネル分析\企画リサーチ_20260605\script_csv_assets\AV6lWAB_U64.csv,108290,gs://senior-share-staging-570862915709/naresome_script_csv/AV6lWAB_U64.csv
OpHjRRbBh64,E:\Data\ObsidianVault\02_Channels\馴れ初めシネマ\競合チャンネル分析\企画リサーチ_20260605\script_csv_assets\OpHjRRbBh64.csv,644032,gs://senior-share-staging-570862915709/naresome_script_csv/OpHjRRbBh64.csv
p0_IYe11ZbY,E:\Data\ObsidianVault\02_Channels\馴れ初めシネマ\競合チャンネル分析\企画リサーチ_20260605\script_csv_assets\p0_IYe11ZbY.csv,75990,gs://senior-share-staging-570862915709/naresome_script_csv/p0_IYe11ZbY.csv
jNqt3w227Rs,E:\Data\ObsidianVault\02_Channels\馴れ初めシネマ\競合チャンネル分析\企画リサーチ_20260605\script_csv_assets\jNqt3w227Rs.csv,600736,gs://senior-share-staging-570862915709/naresome_script_csv/jNqt3w227Rs.csv
Yp1Z2Of5q7U,E:\Data\ObsidianVault\02_Channels\馴れ初めシネマ\競合チャンネル分析\企画リサーチ_20260605\script_csv_assets\Yp1Z2Of5q7U.csv,162276,gs://senior-share-staging-570862915709/naresome_script_csv/Yp1Z2Of5q7U.csv
HhUGERFzyoc,E:\Data\ObsidianVault\02_Channels\馴れ初めシネマ\競合チャンネル分析\企画リサーチ_20260605\script_csv_assets\HhUGERFzyoc.csv,147525,gs://senior-share-staging-570862915709/naresome_script_csv/HhUGERFzyoc.csv
BVVG0oPZckE,E:\Data\ObsidianVault\02_Channels\馴れ初めシネマ\競合チャンネル分析\企画リサーチ_20260605\script_csv_assets\BVVG0oPZckE.csv,191510,gs://senior-share-staging-570862915709/naresome_script_csv/BVVG0oPZckE.csv
VRlZaJX_gzY,E:\Data\ObsidianVault\02_Channels\馴れ初めシネマ\競合チャンネル分析\企画リサーチ_20260605\script_csv_assets\VRlZaJX_gzY.csv,200554,gs://senior-share-staging-570862915709/naresome_script_csv/VRlZaJX_gzY.csv
xRRADGiEFhE,E:\Data\ObsidianVault\02_Channels\馴れ初めシネマ\競合チャンネル分析\企画リサーチ_20260605\script_csv_assets\xRRADGiEFhE.csv,153211,gs://senior-share-staging-570862915709/naresome_script_csv/xRRADGiEFhE.csv
upRKXeLA0qs,E:\Data\ObsidianVault\02_Channels\馴れ初めシネマ\競合チャンネル分析\企画リサーチ_20260605\script_csv_assets\upRKXeLA0qs.csv,212223,gs://senior-share-staging-570862915709/naresome_script_csv/upRKXeLA0qs.csv
A78WEzR18po,E:\Data\ObsidianVault\02_Channels\馴れ初めシネマ\競合チャンネル分析\企画リサーチ_20260605\script_csv_assets\A78WEzR18po.csv,154975,gs://senior-share-staging-570862915709/naresome_script_csv/A78WEzR18po.csv
YKlvb3DnjEo,E:\Data\ObsidianVault\02_Channels\馴れ初めシネマ\競合チャンネル分析\企画リサーチ_20260605\script_csv_assets\YKlvb3DnjEo.csv,231300,gs://senior-share-staging-570862915709/naresome_script_csv/YKlvb3DnjEo.csv
J2uvucRFfc8,E:\Data\ObsidianVault\02_Channels\馴れ初めシネマ\競合チャンネル分析\企画リサーチ_20260605\script_csv_assets\J2uvucRFfc8.csv,86909,gs://senior-share-staging-570862915709/naresome_script_csv/J2uvucRFfc8.csv
jPv5diZkfnU,E:\Data\ObsidianVault\02_Channels\馴れ初めシネマ\競合チャンネル分析\企画リサーチ_20260605\script_csv_assets\jPv5diZkfnU.csv,67178,gs://senior-share-staging-570862915709/naresome_script_csv/jPv5diZkfnU.csv
xjwn-7Ct7Rc,E:\Data\ObsidianVault\02_Channels\馴れ初めシネマ\競合チャンネル分析\企画リサーチ_20260605\script_csv_assets\xjwn-7Ct7Rc.csv,138561,gs://senior-share-staging-570862915709/naresome_script_csv/xjwn-7Ct7Rc.csv
MNaHZTJq8tQ,E:\Data\ObsidianVault\02_Channels\馴れ初めシネマ\競合チャンネル分析\企画リサーチ_20260605\script_csv_assets\MNaHZTJq8tQ.csv,92807,gs://senior-share-staging-570862915709/naresome_script_csv/MNaHZTJq8tQ.csv
jGLY08Ec0Z4,E:\Data\ObsidianVault\02_Channels\馴れ初めシネマ\競合チャンネル分析\企画リサーチ_20260605\script_csv_assets\jGLY08Ec0Z4.csv,182585,gs://senior-share-staging-570862915709/naresome_script_csv/jGLY08Ec0Z4.csv
C47wJ6k0cVw,E:\Data\ObsidianVault\02_Channels\馴れ初めシネマ\競合チャンネル分析\企画リサーチ_20260605\script_csv_assets\C47wJ6k0cVw.csv,612158,gs://senior-share-staging-570862915709/naresome_script_csv/C47wJ6k0cVw.csv
gB4HE0dif9U,E:\Data\ObsidianVault\02_Channels\馴れ初めシネマ\競合チャンネル分析\企画リサーチ_20260605\script_csv_assets\gB4HE0dif9U.csv,80477,gs://senior-share-staging-570862915709/naresome_script_csv/gB4HE0dif9U.csv
K4yFB4PemL8,E:\Data\ObsidianVault\02_Channels\馴れ初めシネマ\競合チャンネル分析\企画リサーチ_20260605\script_csv_assets\K4yFB4PemL8.csv,146239,gs://senior-share-staging-570862915709/naresome_script_csv/K4yFB4PemL8.csv
cl1iidlfT24,E:\Data\ObsidianVault\02_Channels\馴れ初めシネマ\競合チャンネル分析\企画リサーチ_20260605\script_csv_assets\cl1iidlfT24.csv,116214,gs://senior-share-staging-570862915709/naresome_script_csv/cl1iidlfT24.csv
f0Ag59OEtk8,E:\Data\ObsidianVault\02_Channels\馴れ初めシネマ\競合チャンネル分析\企画リサーチ_20260605\script_csv_assets\f0Ag59OEtk8.csv,137894,gs://senior-share-staging-570862915709/naresome_script_csv/f0Ag59OEtk8.csv
GGeTXTNmg5s,E:\Data\ObsidianVault\02_Channels\馴れ初めシネマ\競合チャンネル分析\企画リサーチ_20260605\script_csv_assets\GGeTXTNmg5s.csv,646243,gs://senior-share-staging-570862915709/naresome_script_csv/GGeTXTNmg5s.csv
Cw-dyRLt9Fg,E:\Data\ObsidianVault\02_Channels\馴れ初めシネマ\競合チャンネル分析\企画リサーチ_20260605\script_csv_assets\Cw-dyRLt9Fg.csv,75998,gs://senior-share-staging-570862915709/naresome_script_csv/Cw-dyRLt9Fg.csv
hlq9_sFxRH4,E:\Data\ObsidianVault\02_Channels\馴れ初めシネマ\競合チャンネル分析\企画リサーチ_20260605\script_csv_assets\hlq9_sFxRH4.csv,149831,gs://senior-share-staging-570862915709/naresome_script_csv/hlq9_sFxRH4.csv
DEtkEkKj4OM,E:\Data\ObsidianVault\02_Channels\馴れ初めシネマ\競合チャンネル分析\企画リサーチ_20260605\script_csv_assets\DEtkEkKj4OM.csv,142499,gs://senior-share-staging-570862915709/naresome_script_csv/DEtkEkKj4OM.csv
A6jDM_YiRo0,E:\Data\ObsidianVault\02_Channels\馴れ初めシネマ\競合チャンネル分析\企画リサーチ_20260605\script_csv_assets\A6jDM_YiRo0.csv,249394,gs://senior-share-staging-570862915709/naresome_script_csv/A6jDM_YiRo0.csv
N-QZF7F1nJk,E:\Data\ObsidianVault\02_Channels\馴れ初めシネマ\競合チャンネル分析\企画リサーチ_20260605\script_csv_assets\N-QZF7F1nJk.csv,147057,gs://senior-share-staging-570862915709/naresome_script_csv/N-QZF7F1nJk.csv
bxNmIECt0Ek,E:\Data\ObsidianVault\02_Channels\馴れ初めシネマ\競合チャンネル分析\企画リサーチ_20260605\script_csv_assets\bxNmIECt0Ek.csv,649109,gs://senior-share-staging-570862915709/naresome_script_csv/bxNmIECt0Ek.csv
eXHI1xVEIr0,E:\Data\ObsidianVault\02_Channels\馴れ初めシネマ\競合チャンネル分析\企画リサーチ_20260605\script_csv_assets\eXHI1xVEIr0.csv,185755,gs://senior-share-staging-570862915709/naresome_script_csv/eXHI1xVEIr0.csv
qKyV1-TXRqc,E:\Data\ObsidianVault\02_Channels\馴れ初めシネマ\競合チャンネル分析\企画リサーチ_20260605\script_csv_assets\qKyV1-TXRqc.csv,114863,gs://senior-share-staging-570862915709/naresome_script_csv/qKyV1-TXRqc.csv
gwo6MObphJw,E:\Data\ObsidianVault\02_Channels\馴れ初めシネマ\競合チャンネル分析\企画リサーチ_20260605\script_csv_assets\gwo6MObphJw.csv,595723,gs://senior-share-staging-570862915709/naresome_script_csv/gwo6MObphJw.csv
vtl76lJOPkE,E:\Data\ObsidianVault\02_Channels\馴れ初めシネマ\競合チャンネル分析\企画リサーチ_20260605\script_csv_assets\vtl76lJOPkE.csv,66903,gs://senior-share-staging-570862915709/naresome_script_csv/vtl76lJOPkE.csv
_YMWRej2Mdo,E:\Data\ObsidianVault\02_Channels\馴れ初めシネマ\競合チャンネル分析\企画リサーチ_20260605\script_csv_assets\_YMWRej2Mdo.csv,94880,gs://senior-share-staging-570862915709/naresome_script_csv/_YMWRej2Mdo.csv
duaCUZivfMc,E:\Data\ObsidianVault\02_Channels\馴れ初めシネマ\競合チャンネル分析\企画リサーチ_20260605\script_csv_assets\duaCUZivfMc.csv,91658,gs://senior-share-staging-570862915709/naresome_script_csv/duaCUZivfMc.csv
epEStLJhels,E:\Data\ObsidianVault\02_Channels\馴れ初めシネマ\競合チャンネル分析\企画リサーチ_20260605\script_csv_assets\epEStLJhels.csv,86058,gs://senior-share-staging-570862915709/naresome_script_csv/epEStLJhels.csv
A6WfoIgnyNk,E:\Data\ObsidianVault\02_Channels\馴れ初めシネマ\競合チャンネル分析\企画リサーチ_20260605\script_csv_assets\A6WfoIgnyNk.csv,120853,gs://senior-share-staging-570862915709/naresome_script_csv/A6WfoIgnyNk.csv
AjbNJGHoXkU,E:\Data\ObsidianVault\02_Channels\馴れ初めシネマ\競合チャンネル分析\企画リサーチ_20260605\script_csv_assets\AjbNJGHoXkU.csv,603898,gs://senior-share-staging-570862915709/naresome_script_csv/AjbNJGHoXkU.csv
F4YcicjFqgM,E:\Data\ObsidianVault\02_Channels\馴れ初めシネマ\競合チャンネル分析\企画リサーチ_20260605\script_csv_assets\F4YcicjFqgM.csv,131485,gs://senior-share-staging-570862915709/naresome_script_csv/F4YcicjFqgM.csv
cHyjAO3pfmU,E:\Data\ObsidianVault\02_Channels\馴れ初めシネマ\競合チャンネル分析\企画リサーチ_20260605\script_csv_assets\cHyjAO3pfmU.csv,129853,gs://senior-share-staging-570862915709/naresome_script_csv/cHyjAO3pfmU.csv
TBc9tpbXmE4,E:\Data\ObsidianVault\02_Channels\馴れ初めシネマ\競合チャンネル分析\企画リサーチ_20260605\script_csv_assets\TBc9tpbXmE4.csv,620403,gs://senior-share-staging-570862915709/naresome_script_csv/TBc9tpbXmE4.csv
nGhFLbMkZqc,E:\Data\ObsidianVault\02_Channels\馴れ初めシネマ\競合チャンネル分析\企画リサーチ_20260605\script_csv_assets\nGhFLbMkZqc.csv,224212,gs://senior-share-staging-570862915709/naresome_script_csv/nGhFLbMkZqc.csv
DOOHgUJ44Wo,E:\Data\ObsidianVault\02_Channels\馴れ初めシネマ\競合チャンネル分析\企画リサーチ_20260605\script_csv_assets\DOOHgUJ44Wo.csv,641699,gs://senior-share-staging-570862915709/naresome_script_csv/DOOHgUJ44Wo.csv
Nc2q8nLGEJw,E:\Data\ObsidianVault\02_Channels\馴れ初めシネマ\競合チャンネル分析\企画リサーチ_20260605\script_csv_assets\Nc2q8nLGEJw.csv,78131,gs://senior-share-staging-570862915709/naresome_script_csv/Nc2q8nLGEJw.csv
6smteqjvg4E,E:\Data\ObsidianVault\02_Channels\馴れ初めシネマ\競合チャンネル分析\企画リサーチ_20260605\script_csv_assets\6smteqjvg4E.csv,630202,gs://senior-share-staging-570862915709/naresome_script_csv/6smteqjvg4E.csv
tdTvkqZgUx4,E:\Data\ObsidianVault\02_Channels\馴れ初めシネマ\競合チャンネル分析\企画リサーチ_20260605\script_csv_assets\tdTvkqZgUx4.csv,651398,gs://senior-share-staging-570862915709/naresome_script_csv/tdTvkqZgUx4.csv
DHSTfsoNmgU,E:\Data\ObsidianVault\02_Channels\馴れ初めシネマ\競合チャンネル分析\企画リサーチ_20260605\script_csv_assets\DHSTfsoNmgU.csv,622273,gs://senior-share-staging-570862915709/naresome_script_csv/DHSTfsoNmgU.csv
XPKVk3YftH4,E:\Data\ObsidianVault\02_Channels\馴れ初めシネマ\競合チャンネル分析\企画リサーチ_20260605\script_csv_assets\XPKVk3YftH4.csv,618703,gs://senior-share-staging-570862915709/naresome_script_csv/XPKVk3YftH4.csv
sjsKgXVAxPE,E:\Data\ObsidianVault\02_Channels\馴れ初めシネマ\競合チャンネル分析\企画リサーチ_20260605\script_csv_assets\sjsKgXVAxPE.csv,79383,gs://senior-share-staging-570862915709/naresome_script_csv/sjsKgXVAxPE.csv
omHHuN0YxJw,E:\Data\ObsidianVault\02_Channels\馴れ初めシネマ\競合チャンネル分析\企画リサーチ_20260605\script_csv_assets\omHHuN0YxJw.csv,157099,gs://senior-share-staging-570862915709/naresome_script_csv/omHHuN0YxJw.csv
-8VsiQVVaf4,E:\Data\ObsidianVault\02_Channels\馴れ初めシネマ\競合チャンネル分析\企画リサーチ_20260605\script_csv_assets\-8VsiQVVaf4.csv,573192,gs://senior-share-staging-570862915709/naresome_script_csv/-8VsiQVVaf4.csv
k3Sa-I8ZJCY,E:\Data\ObsidianVault\02_Channels\馴れ初めシネマ\競合チャンネル分析\企画リサーチ_20260605\script_csv_assets\k3Sa-I8ZJCY.csv,77085,gs://senior-share-staging-570862915709/naresome_script_csv/k3Sa-I8ZJCY.csv
bnOaLSdYxVE,E:\Data\ObsidianVault\02_Channels\馴れ初めシネマ\競合チャンネル分析\企画リサーチ_20260605\script_csv_assets\bnOaLSdYxVE.csv,75762,gs://senior-share-staging-570862915709/naresome_script_csv/bnOaLSdYxVE.csv
3v9RZ0iuPHU,E:\Data\ObsidianVault\02_Channels\馴れ初めシネマ\競合チャンネル分析\企画リサーチ_20260605\script_csv_assets\3v9RZ0iuPHU.csv,635860,gs://senior-share-staging-570862915709/naresome_script_csv/3v9RZ0iuPHU.csv
_dlvr0qOQqY,E:\Data\ObsidianVault\02_Channels\馴れ初めシネマ\競合チャンネル分析\企画リサーチ_20260605\script_csv_assets\_dlvr0qOQqY.csv,660249,gs://senior-share-staging-570862915709/naresome_script_csv/_dlvr0qOQqY.csv
oDJVpd67eHE,E:\Data\ObsidianVault\02_Channels\馴れ初めシネマ\競合チャンネル分析\企画リサーチ_20260605\script_csv_assets\oDJVpd67eHE.csv,614167,gs://senior-share-staging-570862915709/naresome_script_csv/oDJVpd67eHE.csv
8RHA6loTSpk,E:\Data\ObsidianVault\02_Channels\馴れ初めシネマ\競合チャンネル分析\企画リサーチ_20260605\script_csv_assets\8RHA6loTSpk.csv,571612,gs://senior-share-staging-570862915709/naresome_script_csv/8RHA6loTSpk.csv
alXs_kNGCZA,E:\Data\ObsidianVault\02_Channels\馴れ初めシネマ\競合チャンネル分析\企画リサーチ_20260605\script_csv_assets\alXs_kNGCZA.csv,184763,gs://senior-share-staging-570862915709/naresome_script_csv/alXs_kNGCZA.csv
