video_id,local_path,bytes,gcs_uri,error
--gkJtnALMQ,E:\Data\ObsidianVault\02_Channels\馴れ初めシネマ\競合チャンネル分析\企画リサーチ_20260605\gcs_upload_staging\naresome_thumbnails\--gkJtnALMQ.jpg,247314,gs://senior-share-staging-570862915709/naresome_thumbnails/--gkJtnALMQ.jpg,
--i8b9lOpvs,E:\Data\ObsidianVault\02_Channels\馴れ初めシネマ\競合チャンネル分析\企画リサーチ_20260605\gcs_upload_staging\naresome_thumbnails\--i8b9lOpvs.jpg,278565,gs://senior-share-staging-570862915709/naresome_thumbnails/--i8b9lOpvs.jpg,
--rVAmDrMSE,E:\Data\ObsidianVault\02_Channels\馴れ初めシネマ\競合チャンネル分析\企画リサーチ_20260605\gcs_upload_staging\naresome_thumbnails\--rVAmDrMSE.jpg,236811,gs://senior-share-staging-570862915709/naresome_thumbnails/--rVAmDrMSE.jpg,
-3o6S98tw9U,E:\Data\ObsidianVault\02_Channels\馴れ初めシネマ\競合チャンネル分析\企画リサーチ_20260605\gcs_upload_staging\naresome_thumbnails\-3o6S98tw9U.jpg,259612,gs://senior-share-staging-570862915709/naresome_thumbnails/-3o6S98tw9U.jpg,
-4_yEI2UUjQ,E:\Data\ObsidianVault\02_Channels\馴れ初めシネマ\競合チャンネル分析\企画リサーチ_20260605\gcs_upload_staging\naresome_thumbnails\-4_yEI2UUjQ.jpg,260692,gs://senior-share-staging-570862915709/naresome_thumbnails/-4_yEI2UUjQ.jpg,
-4dJQb-_Mng,E:\Data\ObsidianVault\02_Channels\馴れ初めシネマ\競合チャンネル分析\企画リサーチ_20260605\gcs_upload_staging\naresome_thumbnails\-4dJQb-_Mng.jpg,251599,gs://senior-share-staging-570862915709/naresome_thumbnails/-4dJQb-_Mng.jpg,
-6-PeXwk7Rs,E:\Data\ObsidianVault\02_Channels\馴れ初めシネマ\競合チャンネル分析\企画リサーチ_20260605\gcs_upload_staging\naresome_thumbnails\-6-PeXwk7Rs.jpg,264651,gs://senior-share-staging-570862915709/naresome_thumbnails/-6-PeXwk7Rs.jpg,
-6eAzUft8kc,E:\Data\ObsidianVault\02_Channels\馴れ初めシネマ\競合チャンネル分析\企画リサーチ_20260605\gcs_upload_staging\naresome_thumbnails\-6eAzUft8kc.jpg,283578,gs://senior-share-staging-570862915709/naresome_thumbnails/-6eAzUft8kc.jpg,
-7OtRqeRrsM,E:\Data\ObsidianVault\02_Channels\馴れ初めシネマ\競合チャンネル分析\企画リサーチ_20260605\gcs_upload_staging\naresome_thumbnails\-7OtRqeRrsM.jpg,266331,gs://senior-share-staging-570862915709/naresome_thumbnails/-7OtRqeRrsM.jpg,
-8VsiQVVaf4,E:\Data\ObsidianVault\02_Channels\馴れ初めシネマ\競合チャンネル分析\企画リサーチ_20260605\gcs_upload_staging\naresome_thumbnails\-8VsiQVVaf4.jpg,251015,gs://senior-share-staging-570862915709/naresome_thumbnails/-8VsiQVVaf4.jpg,
-9Mc_XgF5nc,E:\Data\ObsidianVault\02_Channels\馴れ初めシネマ\競合チャンネル分析\企画リサーチ_20260605\gcs_upload_staging\naresome_thumbnails\-9Mc_XgF5nc.jpg,254235,gs://senior-share-staging-570862915709/naresome_thumbnails/-9Mc_XgF5nc.jpg,
-AI__f4LoRc,E:\Data\ObsidianVault\02_Channels\馴れ初めシネマ\競合チャンネル分析\企画リサーチ_20260605\gcs_upload_staging\naresome_thumbnails\-AI__f4LoRc.jpg,258585,gs://senior-share-staging-570862915709/naresome_thumbnails/-AI__f4LoRc.jpg,
-CzKr3w1-KY,E:\Data\ObsidianVault\02_Channels\馴れ初めシネマ\競合チャンネル分析\企画リサーチ_20260605\gcs_upload_staging\naresome_thumbnails\-CzKr3w1-KY.jpg,247412,gs://senior-share-staging-570862915709/naresome_thumbnails/-CzKr3w1-KY.jpg,
-G9atbu3k04,E:\Data\ObsidianVault\02_Channels\馴れ初めシネマ\競合チャンネル分析\企画リサーチ_20260605\gcs_upload_staging\naresome_thumbnails\-G9atbu3k04.jpg,250630,gs://senior-share-staging-570862915709/naresome_thumbnails/-G9atbu3k04.jpg,
-GNAM-QyYtQ,E:\Data\ObsidianVault\02_Channels\馴れ初めシネマ\競合チャンネル分析\企画リサーチ_20260605\gcs_upload_staging\naresome_thumbnails\-GNAM-QyYtQ.jpg,220828,gs://senior-share-staging-570862915709/naresome_thumbnails/-GNAM-QyYtQ.jpg,
-GYHIreY36Y,E:\Data\ObsidianVault\02_Channels\馴れ初めシネマ\競合チャンネル分析\企画リサーチ_20260605\gcs_upload_staging\naresome_thumbnails\-GYHIreY36Y.jpg,248490,gs://senior-share-staging-570862915709/naresome_thumbnails/-GYHIreY36Y.jpg,
-K7WWpmJGGQ,E:\Data\ObsidianVault\02_Channels\馴れ初めシネマ\競合チャンネル分析\企画リサーチ_20260605\gcs_upload_staging\naresome_thumbnails\-K7WWpmJGGQ.jpg,281965,gs://senior-share-staging-570862915709/naresome_thumbnails/-K7WWpmJGGQ.jpg,
-Lf-UQzQKps,E:\Data\ObsidianVault\02_Channels\馴れ初めシネマ\競合チャンネル分析\企画リサーチ_20260605\gcs_upload_staging\naresome_thumbnails\-Lf-UQzQKps.jpg,247912,gs://senior-share-staging-570862915709/naresome_thumbnails/-Lf-UQzQKps.jpg,
-NjTTAH3eSA,E:\Data\ObsidianVault\02_Channels\馴れ初めシネマ\競合チャンネル分析\企画リサーチ_20260605\gcs_upload_staging\naresome_thumbnails\-NjTTAH3eSA.jpg,243040,gs://senior-share-staging-570862915709/naresome_thumbnails/-NjTTAH3eSA.jpg,
-Pw1nFOqpXo,E:\Data\ObsidianVault\02_Channels\馴れ初めシネマ\競合チャンネル分析\企画リサーチ_20260605\gcs_upload_staging\naresome_thumbnails\-Pw1nFOqpXo.jpg,254257,gs://senior-share-staging-570862915709/naresome_thumbnails/-Pw1nFOqpXo.jpg,
-SKwwtVfy5U,E:\Data\ObsidianVault\02_Channels\馴れ初めシネマ\競合チャンネル分析\企画リサーチ_20260605\gcs_upload_staging\naresome_thumbnails\-SKwwtVfy5U.jpg,258421,gs://senior-share-staging-570862915709/naresome_thumbnails/-SKwwtVfy5U.jpg,
-T7kPAmMw38,E:\Data\ObsidianVault\02_Channels\馴れ初めシネマ\競合チャンネル分析\企画リサーチ_20260605\gcs_upload_staging\naresome_thumbnails\-T7kPAmMw38.jpg,258036,gs://senior-share-staging-570862915709/naresome_thumbnails/-T7kPAmMw38.jpg,
-UNM9Hro0ic,E:\Data\ObsidianVault\02_Channels\馴れ初めシネマ\競合チャンネル分析\企画リサーチ_20260605\gcs_upload_staging\naresome_thumbnails\-UNM9Hro0ic.jpg,337807,gs://senior-share-staging-570862915709/naresome_thumbnails/-UNM9Hro0ic.jpg,
-W22xTLn6w4,E:\Data\ObsidianVault\02_Channels\馴れ初めシネマ\競合チャンネル分析\企画リサーチ_20260605\gcs_upload_staging\naresome_thumbnails\-W22xTLn6w4.jpg,257290,gs://senior-share-staging-570862915709/naresome_thumbnails/-W22xTLn6w4.jpg,
-aLEv8lOIfY,E:\Data\ObsidianVault\02_Channels\馴れ初めシネマ\競合チャンネル分析\企画リサーチ_20260605\gcs_upload_staging\naresome_thumbnails\-aLEv8lOIfY.jpg,280112,gs://senior-share-staging-570862915709/naresome_thumbnails/-aLEv8lOIfY.jpg,
-c0q6TZIUrk,E:\Data\ObsidianVault\02_Channels\馴れ初めシネマ\競合チャンネル分析\企画リサーチ_20260605\gcs_upload_staging\naresome_thumbnails\-c0q6TZIUrk.jpg,279987,gs://senior-share-staging-570862915709/naresome_thumbnails/-c0q6TZIUrk.jpg,
-fRSI5e6Sdo,E:\Data\ObsidianVault\02_Channels\馴れ初めシネマ\競合チャンネル分析\企画リサーチ_20260605\gcs_upload_staging\naresome_thumbnails\-fRSI5e6Sdo.jpg,263818,gs://senior-share-staging-570862915709/naresome_thumbnails/-fRSI5e6Sdo.jpg,
-gPPxbqpSXU,E:\Data\ObsidianVault\02_Channels\馴れ初めシネマ\競合チャンネル分析\企画リサーチ_20260605\gcs_upload_staging\naresome_thumbnails\-gPPxbqpSXU.jpg,249945,gs://senior-share-staging-570862915709/naresome_thumbnails/-gPPxbqpSXU.jpg,
-hg19wJ7eoY,E:\Data\ObsidianVault\02_Channels\馴れ初めシネマ\競合チャンネル分析\企画リサーチ_20260605\gcs_upload_staging\naresome_thumbnails\-hg19wJ7eoY.jpg,235457,gs://senior-share-staging-570862915709/naresome_thumbnails/-hg19wJ7eoY.jpg,
-hy58VIFcy8,E:\Data\ObsidianVault\02_Channels\馴れ初めシネマ\競合チャンネル分析\企画リサーチ_20260605\gcs_upload_staging\naresome_thumbnails\-hy58VIFcy8.jpg,261837,gs://senior-share-staging-570862915709/naresome_thumbnails/-hy58VIFcy8.jpg,
-i5Y3uC_qKA,E:\Data\ObsidianVault\02_Channels\馴れ初めシネマ\競合チャンネル分析\企画リサーチ_20260605\gcs_upload_staging\naresome_thumbnails\-i5Y3uC_qKA.jpg,266342,gs://senior-share-staging-570862915709/naresome_thumbnails/-i5Y3uC_qKA.jpg,
-ivq4kS93bM,E:\Data\ObsidianVault\02_Channels\馴れ初めシネマ\競合チャンネル分析\企画リサーチ_20260605\gcs_upload_staging\naresome_thumbnails\-ivq4kS93bM.jpg,251252,gs://senior-share-staging-570862915709/naresome_thumbnails/-ivq4kS93bM.jpg,
-jI-R25mlpg,E:\Data\ObsidianVault\02_Channels\馴れ初めシネマ\競合チャンネル分析\企画リサーチ_20260605\gcs_upload_staging\naresome_thumbnails\-jI-R25mlpg.jpg,264034,gs://senior-share-staging-570862915709/naresome_thumbnails/-jI-R25mlpg.jpg,
-je8LZaoroE,E:\Data\ObsidianVault\02_Channels\馴れ初めシネマ\競合チャンネル分析\企画リサーチ_20260605\gcs_upload_staging\naresome_thumbnails\-je8LZaoroE.jpg,234736,gs://senior-share-staging-570862915709/naresome_thumbnails/-je8LZaoroE.jpg,
-kEiQpYXgZU,E:\Data\ObsidianVault\02_Channels\馴れ初めシネマ\競合チャンネル分析\企画リサーチ_20260605\gcs_upload_staging\naresome_thumbnails\-kEiQpYXgZU.jpg,261953,gs://senior-share-staging-570862915709/naresome_thumbnails/-kEiQpYXgZU.jpg,
-kwmQA1-xZ4,E:\Data\ObsidianVault\02_Channels\馴れ初めシネマ\競合チャンネル分析\企画リサーチ_20260605\gcs_upload_staging\naresome_thumbnails\-kwmQA1-xZ4.jpg,240362,gs://senior-share-staging-570862915709/naresome_thumbnails/-kwmQA1-xZ4.jpg,
-leqbr6fm_0,E:\Data\ObsidianVault\02_Channels\馴れ初めシネマ\競合チャンネル分析\企画リサーチ_20260605\gcs_upload_staging\naresome_thumbnails\-leqbr6fm_0.jpg,267868,gs://senior-share-staging-570862915709/naresome_thumbnails/-leqbr6fm_0.jpg,
-pcpBf5c3J0,E:\Data\ObsidianVault\02_Channels\馴れ初めシネマ\競合チャンネル分析\企画リサーチ_20260605\gcs_upload_staging\naresome_thumbnails\-pcpBf5c3J0.jpg,254412,gs://senior-share-staging-570862915709/naresome_thumbnails/-pcpBf5c3J0.jpg,
-rmqdcHNqfI,E:\Data\ObsidianVault\02_Channels\馴れ初めシネマ\競合チャンネル分析\企画リサーチ_20260605\gcs_upload_staging\naresome_thumbnails\-rmqdcHNqfI.jpg,263595,gs://senior-share-staging-570862915709/naresome_thumbnails/-rmqdcHNqfI.jpg,
-s4mB8-Knug,E:\Data\ObsidianVault\02_Channels\馴れ初めシネマ\競合チャンネル分析\企画リサーチ_20260605\gcs_upload_staging\naresome_thumbnails\-s4mB8-Knug.jpg,260617,gs://senior-share-staging-570862915709/naresome_thumbnails/-s4mB8-Knug.jpg,
-sfy_xHMeis,E:\Data\ObsidianVault\02_Channels\馴れ初めシネマ\競合チャンネル分析\企画リサーチ_20260605\gcs_upload_staging\naresome_thumbnails\-sfy_xHMeis.jpg,273499,gs://senior-share-staging-570862915709/naresome_thumbnails/-sfy_xHMeis.jpg,
-uHUoLb523I,E:\Data\ObsidianVault\02_Channels\馴れ初めシネマ\競合チャンネル分析\企画リサーチ_20260605\gcs_upload_staging\naresome_thumbnails\-uHUoLb523I.jpg,296845,gs://senior-share-staging-570862915709/naresome_thumbnails/-uHUoLb523I.jpg,
-w7HKIESe9A,E:\Data\ObsidianVault\02_Channels\馴れ初めシネマ\競合チャンネル分析\企画リサーチ_20260605\gcs_upload_staging\naresome_thumbnails\-w7HKIESe9A.jpg,253092,gs://senior-share-staging-570862915709/naresome_thumbnails/-w7HKIESe9A.jpg,
-wgokGoxUFw,E:\Data\ObsidianVault\02_Channels\馴れ初めシネマ\競合チャンネル分析\企画リサーチ_20260605\gcs_upload_staging\naresome_thumbnails\-wgokGoxUFw.jpg,265604,gs://senior-share-staging-570862915709/naresome_thumbnails/-wgokGoxUFw.jpg,
-zF7bXbFNeQ,E:\Data\ObsidianVault\02_Channels\馴れ初めシネマ\競合チャンネル分析\企画リサーチ_20260605\gcs_upload_staging\naresome_thumbnails\-zF7bXbFNeQ.jpg,263204,gs://senior-share-staging-570862915709/naresome_thumbnails/-zF7bXbFNeQ.jpg,
00f-HnMyFXE,E:\Data\ObsidianVault\02_Channels\馴れ初めシネマ\競合チャンネル分析\企画リサーチ_20260605\gcs_upload_staging\naresome_thumbnails\00f-HnMyFXE.jpg,277628,gs://senior-share-staging-570862915709/naresome_thumbnails/00f-HnMyFXE.jpg,
0171VpXdYe8,E:\Data\ObsidianVault\02_Channels\馴れ初めシネマ\競合チャンネル分析\企画リサーチ_20260605\gcs_upload_staging\naresome_thumbnails\0171VpXdYe8.jpg,260234,gs://senior-share-staging-570862915709/naresome_thumbnails/0171VpXdYe8.jpg,
03G8v7QhTCc,E:\Data\ObsidianVault\02_Channels\馴れ初めシネマ\競合チャンネル分析\企画リサーチ_20260605\gcs_upload_staging\naresome_thumbnails\03G8v7QhTCc.jpg,262250,gs://senior-share-staging-570862915709/naresome_thumbnails/03G8v7QhTCc.jpg,
03NvYIi3vic,E:\Data\ObsidianVault\02_Channels\馴れ初めシネマ\競合チャンネル分析\企画リサーチ_20260605\gcs_upload_staging\naresome_thumbnails\03NvYIi3vic.jpg,270428,gs://senior-share-staging-570862915709/naresome_thumbnails/03NvYIi3vic.jpg,
03qQq-0fEZ4,E:\Data\ObsidianVault\02_Channels\馴れ初めシネマ\競合チャンネル分析\企画リサーチ_20260605\gcs_upload_staging\naresome_thumbnails\03qQq-0fEZ4.jpg,251115,gs://senior-share-staging-570862915709/naresome_thumbnails/03qQq-0fEZ4.jpg,
05-WiNhw2j8,E:\Data\ObsidianVault\02_Channels\馴れ初めシネマ\競合チャンネル分析\企画リサーチ_20260605\gcs_upload_staging\naresome_thumbnails\05-WiNhw2j8.jpg,261184,gs://senior-share-staging-570862915709/naresome_thumbnails/05-WiNhw2j8.jpg,
055X583qaYg,E:\Data\ObsidianVault\02_Channels\馴れ初めシネマ\競合チャンネル分析\企画リサーチ_20260605\gcs_upload_staging\naresome_thumbnails\055X583qaYg.jpg,254272,gs://senior-share-staging-570862915709/naresome_thumbnails/055X583qaYg.jpg,
06RVNnn2piE,E:\Data\ObsidianVault\02_Channels\馴れ初めシネマ\競合チャンネル分析\企画リサーチ_20260605\gcs_upload_staging\naresome_thumbnails\06RVNnn2piE.jpg,277765,gs://senior-share-staging-570862915709/naresome_thumbnails/06RVNnn2piE.jpg,
07bCOd23qbs,E:\Data\ObsidianVault\02_Channels\馴れ初めシネマ\競合チャンネル分析\企画リサーチ_20260605\gcs_upload_staging\naresome_thumbnails\07bCOd23qbs.jpg,257629,gs://senior-share-staging-570862915709/naresome_thumbnails/07bCOd23qbs.jpg,
09GLfSzwd0k,E:\Data\ObsidianVault\02_Channels\馴れ初めシネマ\競合チャンネル分析\企画リサーチ_20260605\gcs_upload_staging\naresome_thumbnails\09GLfSzwd0k.jpg,252876,gs://senior-share-staging-570862915709/naresome_thumbnails/09GLfSzwd0k.jpg,
0ACo1GMUZSg,E:\Data\ObsidianVault\02_Channels\馴れ初めシネマ\競合チャンネル分析\企画リサーチ_20260605\gcs_upload_staging\naresome_thumbnails\0ACo1GMUZSg.jpg,251822,gs://senior-share-staging-570862915709/naresome_thumbnails/0ACo1GMUZSg.jpg,
0DRwWHNdze0,E:\Data\ObsidianVault\02_Channels\馴れ初めシネマ\競合チャンネル分析\企画リサーチ_20260605\gcs_upload_staging\naresome_thumbnails\0DRwWHNdze0.jpg,236796,gs://senior-share-staging-570862915709/naresome_thumbnails/0DRwWHNdze0.jpg,
0F5IcbARgmk,E:\Data\ObsidianVault\02_Channels\馴れ初めシネマ\競合チャンネル分析\企画リサーチ_20260605\gcs_upload_staging\naresome_thumbnails\0F5IcbARgmk.jpg,251401,gs://senior-share-staging-570862915709/naresome_thumbnails/0F5IcbARgmk.jpg,
0GC7GiH3MJI,E:\Data\ObsidianVault\02_Channels\馴れ初めシネマ\競合チャンネル分析\企画リサーチ_20260605\gcs_upload_staging\naresome_thumbnails\0GC7GiH3MJI.jpg,248245,gs://senior-share-staging-570862915709/naresome_thumbnails/0GC7GiH3MJI.jpg,
0MVHyRcE5K4,E:\Data\ObsidianVault\02_Channels\馴れ初めシネマ\競合チャンネル分析\企画リサーチ_20260605\gcs_upload_staging\naresome_thumbnails\0MVHyRcE5K4.jpg,267314,gs://senior-share-staging-570862915709/naresome_thumbnails/0MVHyRcE5K4.jpg,
0NcPsKB-jl0,E:\Data\ObsidianVault\02_Channels\馴れ初めシネマ\競合チャンネル分析\企画リサーチ_20260605\gcs_upload_staging\naresome_thumbnails\0NcPsKB-jl0.jpg,243820,gs://senior-share-staging-570862915709/naresome_thumbnails/0NcPsKB-jl0.jpg,
0RJkB2yHKT4,E:\Data\ObsidianVault\02_Channels\馴れ初めシネマ\競合チャンネル分析\企画リサーチ_20260605\gcs_upload_staging\naresome_thumbnails\0RJkB2yHKT4.jpg,259394,gs://senior-share-staging-570862915709/naresome_thumbnails/0RJkB2yHKT4.jpg,
0Rt4TxAMQ7Q,E:\Data\ObsidianVault\02_Channels\馴れ初めシネマ\競合チャンネル分析\企画リサーチ_20260605\gcs_upload_staging\naresome_thumbnails\0Rt4TxAMQ7Q.jpg,269004,gs://senior-share-staging-570862915709/naresome_thumbnails/0Rt4TxAMQ7Q.jpg,
0TEKn9CHx1c,E:\Data\ObsidianVault\02_Channels\馴れ初めシネマ\競合チャンネル分析\企画リサーチ_20260605\gcs_upload_staging\naresome_thumbnails\0TEKn9CHx1c.jpg,265278,gs://senior-share-staging-570862915709/naresome_thumbnails/0TEKn9CHx1c.jpg,
0W8R-xp2bNI,E:\Data\ObsidianVault\02_Channels\馴れ初めシネマ\競合チャンネル分析\企画リサーチ_20260605\gcs_upload_staging\naresome_thumbnails\0W8R-xp2bNI.jpg,259981,gs://senior-share-staging-570862915709/naresome_thumbnails/0W8R-xp2bNI.jpg,
0WNbMuKUsCA,E:\Data\ObsidianVault\02_Channels\馴れ初めシネマ\競合チャンネル分析\企画リサーチ_20260605\gcs_upload_staging\naresome_thumbnails\0WNbMuKUsCA.jpg,240897,gs://senior-share-staging-570862915709/naresome_thumbnails/0WNbMuKUsCA.jpg,
0ZR2CZNYQqo,E:\Data\ObsidianVault\02_Channels\馴れ初めシネマ\競合チャンネル分析\企画リサーチ_20260605\gcs_upload_staging\naresome_thumbnails\0ZR2CZNYQqo.jpg,257354,gs://senior-share-staging-570862915709/naresome_thumbnails/0ZR2CZNYQqo.jpg,
0a1rXomNC7w,E:\Data\ObsidianVault\02_Channels\馴れ初めシネマ\競合チャンネル分析\企画リサーチ_20260605\gcs_upload_staging\naresome_thumbnails\0a1rXomNC7w.jpg,274981,gs://senior-share-staging-570862915709/naresome_thumbnails/0a1rXomNC7w.jpg,
0cXS-nMajD4,E:\Data\ObsidianVault\02_Channels\馴れ初めシネマ\競合チャンネル分析\企画リサーチ_20260605\gcs_upload_staging\naresome_thumbnails\0cXS-nMajD4.jpg,260640,gs://senior-share-staging-570862915709/naresome_thumbnails/0cXS-nMajD4.jpg,
0dH25yK56ig,E:\Data\ObsidianVault\02_Channels\馴れ初めシネマ\競合チャンネル分析\企画リサーチ_20260605\gcs_upload_staging\naresome_thumbnails\0dH25yK56ig.jpg,244600,gs://senior-share-staging-570862915709/naresome_thumbnails/0dH25yK56ig.jpg,
0ehDmtwatCU,E:\Data\ObsidianVault\02_Channels\馴れ初めシネマ\競合チャンネル分析\企画リサーチ_20260605\gcs_upload_staging\naresome_thumbnails\0ehDmtwatCU.jpg,253898,gs://senior-share-staging-570862915709/naresome_thumbnails/0ehDmtwatCU.jpg,
0figPpEV9sc,E:\Data\ObsidianVault\02_Channels\馴れ初めシネマ\競合チャンネル分析\企画リサーチ_20260605\gcs_upload_staging\naresome_thumbnails\0figPpEV9sc.jpg,330860,gs://senior-share-staging-570862915709/naresome_thumbnails/0figPpEV9sc.jpg,
0fvs3_mgOjo,E:\Data\ObsidianVault\02_Channels\馴れ初めシネマ\競合チャンネル分析\企画リサーチ_20260605\gcs_upload_staging\naresome_thumbnails\0fvs3_mgOjo.jpg,322130,gs://senior-share-staging-570862915709/naresome_thumbnails/0fvs3_mgOjo.jpg,
0jNcn09W5Z4,E:\Data\ObsidianVault\02_Channels\馴れ初めシネマ\競合チャンネル分析\企画リサーチ_20260605\gcs_upload_staging\naresome_thumbnails\0jNcn09W5Z4.jpg,234680,gs://senior-share-staging-570862915709/naresome_thumbnails/0jNcn09W5Z4.jpg,
0mSYi8yrWms,E:\Data\ObsidianVault\02_Channels\馴れ初めシネマ\競合チャンネル分析\企画リサーチ_20260605\gcs_upload_staging\naresome_thumbnails\0mSYi8yrWms.jpg,246393,gs://senior-share-staging-570862915709/naresome_thumbnails/0mSYi8yrWms.jpg,
0pWa7GP_lCo,E:\Data\ObsidianVault\02_Channels\馴れ初めシネマ\競合チャンネル分析\企画リサーチ_20260605\gcs_upload_staging\naresome_thumbnails\0pWa7GP_lCo.jpg,256209,gs://senior-share-staging-570862915709/naresome_thumbnails/0pWa7GP_lCo.jpg,
0pfV3HfqVzI,E:\Data\ObsidianVault\02_Channels\馴れ初めシネマ\競合チャンネル分析\企画リサーチ_20260605\gcs_upload_staging\naresome_thumbnails\0pfV3HfqVzI.jpg,262571,gs://senior-share-staging-570862915709/naresome_thumbnails/0pfV3HfqVzI.jpg,
0pzL0wkYhPY,E:\Data\ObsidianVault\02_Channels\馴れ初めシネマ\競合チャンネル分析\企画リサーチ_20260605\gcs_upload_staging\naresome_thumbnails\0pzL0wkYhPY.jpg,267634,gs://senior-share-staging-570862915709/naresome_thumbnails/0pzL0wkYhPY.jpg,
0q8SWW8Bhmg,E:\Data\ObsidianVault\02_Channels\馴れ初めシネマ\競合チャンネル分析\企画リサーチ_20260605\gcs_upload_staging\naresome_thumbnails\0q8SWW8Bhmg.jpg,256657,gs://senior-share-staging-570862915709/naresome_thumbnails/0q8SWW8Bhmg.jpg,
0seShKlXHlY,E:\Data\ObsidianVault\02_Channels\馴れ初めシネマ\競合チャンネル分析\企画リサーチ_20260605\gcs_upload_staging\naresome_thumbnails\0seShKlXHlY.jpg,280653,gs://senior-share-staging-570862915709/naresome_thumbnails/0seShKlXHlY.jpg,
0wXH048t-3c,E:\Data\ObsidianVault\02_Channels\馴れ初めシネマ\競合チャンネル分析\企画リサーチ_20260605\gcs_upload_staging\naresome_thumbnails\0wXH048t-3c.jpg,270473,gs://senior-share-staging-570862915709/naresome_thumbnails/0wXH048t-3c.jpg,
0zLEKO9q9JQ,E:\Data\ObsidianVault\02_Channels\馴れ初めシネマ\競合チャンネル分析\企画リサーチ_20260605\gcs_upload_staging\naresome_thumbnails\0zLEKO9q9JQ.jpg,230369,gs://senior-share-staging-570862915709/naresome_thumbnails/0zLEKO9q9JQ.jpg,
106qtA00TLY,E:\Data\ObsidianVault\02_Channels\馴れ初めシネマ\競合チャンネル分析\企画リサーチ_20260605\gcs_upload_staging\naresome_thumbnails\106qtA00TLY.jpg,263561,gs://senior-share-staging-570862915709/naresome_thumbnails/106qtA00TLY.jpg,
11L2LLrwJjU,E:\Data\ObsidianVault\02_Channels\馴れ初めシネマ\競合チャンネル分析\企画リサーチ_20260605\gcs_upload_staging\naresome_thumbnails\11L2LLrwJjU.jpg,265606,gs://senior-share-staging-570862915709/naresome_thumbnails/11L2LLrwJjU.jpg,
15LFAEB-IA0,E:\Data\ObsidianVault\02_Channels\馴れ初めシネマ\競合チャンネル分析\企画リサーチ_20260605\gcs_upload_staging\naresome_thumbnails\15LFAEB-IA0.jpg,266024,gs://senior-share-staging-570862915709/naresome_thumbnails/15LFAEB-IA0.jpg,
186EpmB5yuI,E:\Data\ObsidianVault\02_Channels\馴れ初めシネマ\競合チャンネル分析\企画リサーチ_20260605\gcs_upload_staging\naresome_thumbnails\186EpmB5yuI.jpg,252879,gs://senior-share-staging-570862915709/naresome_thumbnails/186EpmB5yuI.jpg,
19s0zhOfZFM,E:\Data\ObsidianVault\02_Channels\馴れ初めシネマ\競合チャンネル分析\企画リサーチ_20260605\gcs_upload_staging\naresome_thumbnails\19s0zhOfZFM.jpg,263000,gs://senior-share-staging-570862915709/naresome_thumbnails/19s0zhOfZFM.jpg,
1BFPhLegncU,E:\Data\ObsidianVault\02_Channels\馴れ初めシネマ\競合チャンネル分析\企画リサーチ_20260605\gcs_upload_staging\naresome_thumbnails\1BFPhLegncU.jpg,274457,gs://senior-share-staging-570862915709/naresome_thumbnails/1BFPhLegncU.jpg,
1DmhGlU0KLo,E:\Data\ObsidianVault\02_Channels\馴れ初めシネマ\競合チャンネル分析\企画リサーチ_20260605\gcs_upload_staging\naresome_thumbnails\1DmhGlU0KLo.jpg,271930,gs://senior-share-staging-570862915709/naresome_thumbnails/1DmhGlU0KLo.jpg,
1EV_mfgqy5Y,E:\Data\ObsidianVault\02_Channels\馴れ初めシネマ\競合チャンネル分析\企画リサーチ_20260605\gcs_upload_staging\naresome_thumbnails\1EV_mfgqy5Y.jpg,262083,gs://senior-share-staging-570862915709/naresome_thumbnails/1EV_mfgqy5Y.jpg,
1F4IGzRCGVM,E:\Data\ObsidianVault\02_Channels\馴れ初めシネマ\競合チャンネル分析\企画リサーチ_20260605\gcs_upload_staging\naresome_thumbnails\1F4IGzRCGVM.jpg,234700,gs://senior-share-staging-570862915709/naresome_thumbnails/1F4IGzRCGVM.jpg,
1F8nmLgqkWc,E:\Data\ObsidianVault\02_Channels\馴れ初めシネマ\競合チャンネル分析\企画リサーチ_20260605\gcs_upload_staging\naresome_thumbnails\1F8nmLgqkWc.jpg,275541,gs://senior-share-staging-570862915709/naresome_thumbnails/1F8nmLgqkWc.jpg,
1GYDRiDMjz4,E:\Data\ObsidianVault\02_Channels\馴れ初めシネマ\競合チャンネル分析\企画リサーチ_20260605\gcs_upload_staging\naresome_thumbnails\1GYDRiDMjz4.jpg,261782,gs://senior-share-staging-570862915709/naresome_thumbnails/1GYDRiDMjz4.jpg,
1HbsFvplY_M,E:\Data\ObsidianVault\02_Channels\馴れ初めシネマ\競合チャンネル分析\企画リサーチ_20260605\gcs_upload_staging\naresome_thumbnails\1HbsFvplY_M.jpg,242736,gs://senior-share-staging-570862915709/naresome_thumbnails/1HbsFvplY_M.jpg,
1Ikz-fXAb7U,E:\Data\ObsidianVault\02_Channels\馴れ初めシネマ\競合チャンネル分析\企画リサーチ_20260605\gcs_upload_staging\naresome_thumbnails\1Ikz-fXAb7U.jpg,242068,gs://senior-share-staging-570862915709/naresome_thumbnails/1Ikz-fXAb7U.jpg,
1J4WmXmbHXA,E:\Data\ObsidianVault\02_Channels\馴れ初めシネマ\競合チャンネル分析\企画リサーチ_20260605\gcs_upload_staging\naresome_thumbnails\1J4WmXmbHXA.jpg,274551,gs://senior-share-staging-570862915709/naresome_thumbnails/1J4WmXmbHXA.jpg,
1MYecf2cUxk,E:\Data\ObsidianVault\02_Channels\馴れ初めシネマ\競合チャンネル分析\企画リサーチ_20260605\gcs_upload_staging\naresome_thumbnails\1MYecf2cUxk.jpg,259059,gs://senior-share-staging-570862915709/naresome_thumbnails/1MYecf2cUxk.jpg,
1ONWApzog58,E:\Data\ObsidianVault\02_Channels\馴れ初めシネマ\競合チャンネル分析\企画リサーチ_20260605\gcs_upload_staging\naresome_thumbnails\1ONWApzog58.jpg,254051,gs://senior-share-staging-570862915709/naresome_thumbnails/1ONWApzog58.jpg,
1Q4UN_qR-4s,E:\Data\ObsidianVault\02_Channels\馴れ初めシネマ\競合チャンネル分析\企画リサーチ_20260605\gcs_upload_staging\naresome_thumbnails\1Q4UN_qR-4s.jpg,332846,gs://senior-share-staging-570862915709/naresome_thumbnails/1Q4UN_qR-4s.jpg,
1QLYKOnHt_w,E:\Data\ObsidianVault\02_Channels\馴れ初めシネマ\競合チャンネル分析\企画リサーチ_20260605\gcs_upload_staging\naresome_thumbnails\1QLYKOnHt_w.jpg,259738,gs://senior-share-staging-570862915709/naresome_thumbnails/1QLYKOnHt_w.jpg,
1S24qlospHo,E:\Data\ObsidianVault\02_Channels\馴れ初めシネマ\競合チャンネル分析\企画リサーチ_20260605\gcs_upload_staging\naresome_thumbnails\1S24qlospHo.jpg,238458,gs://senior-share-staging-570862915709/naresome_thumbnails/1S24qlospHo.jpg,
1S8md4FOTTE,E:\Data\ObsidianVault\02_Channels\馴れ初めシネマ\競合チャンネル分析\企画リサーチ_20260605\gcs_upload_staging\naresome_thumbnails\1S8md4FOTTE.jpg,270136,gs://senior-share-staging-570862915709/naresome_thumbnails/1S8md4FOTTE.jpg,
1VEx0xf-Oz0,E:\Data\ObsidianVault\02_Channels\馴れ初めシネマ\競合チャンネル分析\企画リサーチ_20260605\gcs_upload_staging\naresome_thumbnails\1VEx0xf-Oz0.jpg,262036,gs://senior-share-staging-570862915709/naresome_thumbnails/1VEx0xf-Oz0.jpg,
1VX7WquNquo,E:\Data\ObsidianVault\02_Channels\馴れ初めシネマ\競合チャンネル分析\企画リサーチ_20260605\gcs_upload_staging\naresome_thumbnails\1VX7WquNquo.jpg,248382,gs://senior-share-staging-570862915709/naresome_thumbnails/1VX7WquNquo.jpg,
1VkqWoP-QLI,E:\Data\ObsidianVault\02_Channels\馴れ初めシネマ\競合チャンネル分析\企画リサーチ_20260605\gcs_upload_staging\naresome_thumbnails\1VkqWoP-QLI.jpg,253653,gs://senior-share-staging-570862915709/naresome_thumbnails/1VkqWoP-QLI.jpg,
1WXmc64jCPw,E:\Data\ObsidianVault\02_Channels\馴れ初めシネマ\競合チャンネル分析\企画リサーチ_20260605\gcs_upload_staging\naresome_thumbnails\1WXmc64jCPw.jpg,261840,gs://senior-share-staging-570862915709/naresome_thumbnails/1WXmc64jCPw.jpg,
1XIRTPYjkiw,E:\Data\ObsidianVault\02_Channels\馴れ初めシネマ\競合チャンネル分析\企画リサーチ_20260605\gcs_upload_staging\naresome_thumbnails\1XIRTPYjkiw.jpg,264695,gs://senior-share-staging-570862915709/naresome_thumbnails/1XIRTPYjkiw.jpg,
1YfjKJWkbtM,E:\Data\ObsidianVault\02_Channels\馴れ初めシネマ\競合チャンネル分析\企画リサーチ_20260605\gcs_upload_staging\naresome_thumbnails\1YfjKJWkbtM.jpg,243216,gs://senior-share-staging-570862915709/naresome_thumbnails/1YfjKJWkbtM.jpg,
1ZbYKajJqDs,E:\Data\ObsidianVault\02_Channels\馴れ初めシネマ\競合チャンネル分析\企画リサーチ_20260605\gcs_upload_staging\naresome_thumbnails\1ZbYKajJqDs.jpg,235308,gs://senior-share-staging-570862915709/naresome_thumbnails/1ZbYKajJqDs.jpg,
1Zqp8NvCYx0,E:\Data\ObsidianVault\02_Channels\馴れ初めシネマ\競合チャンネル分析\企画リサーチ_20260605\gcs_upload_staging\naresome_thumbnails\1Zqp8NvCYx0.jpg,234011,gs://senior-share-staging-570862915709/naresome_thumbnails/1Zqp8NvCYx0.jpg,
1_EJHT5k8ho,E:\Data\ObsidianVault\02_Channels\馴れ初めシネマ\競合チャンネル分析\企画リサーチ_20260605\gcs_upload_staging\naresome_thumbnails\1_EJHT5k8ho.jpg,247466,gs://senior-share-staging-570862915709/naresome_thumbnails/1_EJHT5k8ho.jpg,
1_NnmjJwxq4,E:\Data\ObsidianVault\02_Channels\馴れ初めシネマ\競合チャンネル分析\企画リサーチ_20260605\gcs_upload_staging\naresome_thumbnails\1_NnmjJwxq4.jpg,244465,gs://senior-share-staging-570862915709/naresome_thumbnails/1_NnmjJwxq4.jpg,
1_guXl06e3o,E:\Data\ObsidianVault\02_Channels\馴れ初めシネマ\競合チャンネル分析\企画リサーチ_20260605\gcs_upload_staging\naresome_thumbnails\1_guXl06e3o.jpg,240948,gs://senior-share-staging-570862915709/naresome_thumbnails/1_guXl06e3o.jpg,
1bgwqAT8RRE,E:\Data\ObsidianVault\02_Channels\馴れ初めシネマ\競合チャンネル分析\企画リサーチ_20260605\gcs_upload_staging\naresome_thumbnails\1bgwqAT8RRE.jpg,246565,gs://senior-share-staging-570862915709/naresome_thumbnails/1bgwqAT8RRE.jpg,
1csNmB9Zopo,E:\Data\ObsidianVault\02_Channels\馴れ初めシネマ\競合チャンネル分析\企画リサーチ_20260605\gcs_upload_staging\naresome_thumbnails\1csNmB9Zopo.jpg,249788,gs://senior-share-staging-570862915709/naresome_thumbnails/1csNmB9Zopo.jpg,
1e6JrbaUFCE,E:\Data\ObsidianVault\02_Channels\馴れ初めシネマ\競合チャンネル分析\企画リサーチ_20260605\gcs_upload_staging\naresome_thumbnails\1e6JrbaUFCE.jpg,245565,gs://senior-share-staging-570862915709/naresome_thumbnails/1e6JrbaUFCE.jpg,
1ej5ruSSAB4,E:\Data\ObsidianVault\02_Channels\馴れ初めシネマ\競合チャンネル分析\企画リサーチ_20260605\gcs_upload_staging\naresome_thumbnails\1ej5ruSSAB4.jpg,251396,gs://senior-share-staging-570862915709/naresome_thumbnails/1ej5ruSSAB4.jpg,
1ejkbiOZKak,E:\Data\ObsidianVault\02_Channels\馴れ初めシネマ\競合チャンネル分析\企画リサーチ_20260605\gcs_upload_staging\naresome_thumbnails\1ejkbiOZKak.jpg,236843,gs://senior-share-staging-570862915709/naresome_thumbnails/1ejkbiOZKak.jpg,
1g0LGKCLHzw,E:\Data\ObsidianVault\02_Channels\馴れ初めシネマ\競合チャンネル分析\企画リサーチ_20260605\gcs_upload_staging\naresome_thumbnails\1g0LGKCLHzw.jpg,268338,gs://senior-share-staging-570862915709/naresome_thumbnails/1g0LGKCLHzw.jpg,
1g772-NAGkI,E:\Data\ObsidianVault\02_Channels\馴れ初めシネマ\競合チャンネル分析\企画リサーチ_20260605\gcs_upload_staging\naresome_thumbnails\1g772-NAGkI.jpg,271263,gs://senior-share-staging-570862915709/naresome_thumbnails/1g772-NAGkI.jpg,
1g87jZEdeWg,E:\Data\ObsidianVault\02_Channels\馴れ初めシネマ\競合チャンネル分析\企画リサーチ_20260605\gcs_upload_staging\naresome_thumbnails\1g87jZEdeWg.jpg,234459,gs://senior-share-staging-570862915709/naresome_thumbnails/1g87jZEdeWg.jpg,
1i-LrdMfLN8,E:\Data\ObsidianVault\02_Channels\馴れ初めシネマ\競合チャンネル分析\企画リサーチ_20260605\gcs_upload_staging\naresome_thumbnails\1i-LrdMfLN8.jpg,251996,gs://senior-share-staging-570862915709/naresome_thumbnails/1i-LrdMfLN8.jpg,
1juu9wzxolU,E:\Data\ObsidianVault\02_Channels\馴れ初めシネマ\競合チャンネル分析\企画リサーチ_20260605\gcs_upload_staging\naresome_thumbnails\1juu9wzxolU.jpg,325486,gs://senior-share-staging-570862915709/naresome_thumbnails/1juu9wzxolU.jpg,
1kCrOuCGSw4,E:\Data\ObsidianVault\02_Channels\馴れ初めシネマ\競合チャンネル分析\企画リサーチ_20260605\gcs_upload_staging\naresome_thumbnails\1kCrOuCGSw4.jpg,261146,gs://senior-share-staging-570862915709/naresome_thumbnails/1kCrOuCGSw4.jpg,
1mM6E71m948,E:\Data\ObsidianVault\02_Channels\馴れ初めシネマ\競合チャンネル分析\企画リサーチ_20260605\gcs_upload_staging\naresome_thumbnails\1mM6E71m948.jpg,255890,gs://senior-share-staging-570862915709/naresome_thumbnails/1mM6E71m948.jpg,
1mqAVvLMtgQ,E:\Data\ObsidianVault\02_Channels\馴れ初めシネマ\競合チャンネル分析\企画リサーチ_20260605\gcs_upload_staging\naresome_thumbnails\1mqAVvLMtgQ.jpg,239108,gs://senior-share-staging-570862915709/naresome_thumbnails/1mqAVvLMtgQ.jpg,
1nvAcLzLOM4,E:\Data\ObsidianVault\02_Channels\馴れ初めシネマ\競合チャンネル分析\企画リサーチ_20260605\gcs_upload_staging\naresome_thumbnails\1nvAcLzLOM4.jpg,234300,gs://senior-share-staging-570862915709/naresome_thumbnails/1nvAcLzLOM4.jpg,
1o2Pfo0w-dE,E:\Data\ObsidianVault\02_Channels\馴れ初めシネマ\競合チャンネル分析\企画リサーチ_20260605\gcs_upload_staging\naresome_thumbnails\1o2Pfo0w-dE.jpg,243834,gs://senior-share-staging-570862915709/naresome_thumbnails/1o2Pfo0w-dE.jpg,
1oMfnQJNFX8,E:\Data\ObsidianVault\02_Channels\馴れ初めシネマ\競合チャンネル分析\企画リサーチ_20260605\gcs_upload_staging\naresome_thumbnails\1oMfnQJNFX8.jpg,275794,gs://senior-share-staging-570862915709/naresome_thumbnails/1oMfnQJNFX8.jpg,
1ri77agQJsc,E:\Data\ObsidianVault\02_Channels\馴れ初めシネマ\競合チャンネル分析\企画リサーチ_20260605\gcs_upload_staging\naresome_thumbnails\1ri77agQJsc.jpg,262966,gs://senior-share-staging-570862915709/naresome_thumbnails/1ri77agQJsc.jpg,
1rxx8GTawXQ,E:\Data\ObsidianVault\02_Channels\馴れ初めシネマ\競合チャンネル分析\企画リサーチ_20260605\gcs_upload_staging\naresome_thumbnails\1rxx8GTawXQ.jpg,252371,gs://senior-share-staging-570862915709/naresome_thumbnails/1rxx8GTawXQ.jpg,
1u-h_FJH6Cg,E:\Data\ObsidianVault\02_Channels\馴れ初めシネマ\競合チャンネル分析\企画リサーチ_20260605\gcs_upload_staging\naresome_thumbnails\1u-h_FJH6Cg.jpg,271567,gs://senior-share-staging-570862915709/naresome_thumbnails/1u-h_FJH6Cg.jpg,
1uN2RTzU4S4,E:\Data\ObsidianVault\02_Channels\馴れ初めシネマ\競合チャンネル分析\企画リサーチ_20260605\gcs_upload_staging\naresome_thumbnails\1uN2RTzU4S4.jpg,292086,gs://senior-share-staging-570862915709/naresome_thumbnails/1uN2RTzU4S4.jpg,
1ualE62jUhg,E:\Data\ObsidianVault\02_Channels\馴れ初めシネマ\競合チャンネル分析\企画リサーチ_20260605\gcs_upload_staging\naresome_thumbnails\1ualE62jUhg.jpg,264363,gs://senior-share-staging-570862915709/naresome_thumbnails/1ualE62jUhg.jpg,
1v71YOeo5Nc,E:\Data\ObsidianVault\02_Channels\馴れ初めシネマ\競合チャンネル分析\企画リサーチ_20260605\gcs_upload_staging\naresome_thumbnails\1v71YOeo5Nc.jpg,276415,gs://senior-share-staging-570862915709/naresome_thumbnails/1v71YOeo5Nc.jpg,
1wYeskRBuac,E:\Data\ObsidianVault\02_Channels\馴れ初めシネマ\競合チャンネル分析\企画リサーチ_20260605\gcs_upload_staging\naresome_thumbnails\1wYeskRBuac.jpg,275702,gs://senior-share-staging-570862915709/naresome_thumbnails/1wYeskRBuac.jpg,
1wf6acJfbIs,E:\Data\ObsidianVault\02_Channels\馴れ初めシネマ\競合チャンネル分析\企画リサーチ_20260605\gcs_upload_staging\naresome_thumbnails\1wf6acJfbIs.jpg,261649,gs://senior-share-staging-570862915709/naresome_thumbnails/1wf6acJfbIs.jpg,
1ynLMPatXak,E:\Data\ObsidianVault\02_Channels\馴れ初めシネマ\競合チャンネル分析\企画リサーチ_20260605\gcs_upload_staging\naresome_thumbnails\1ynLMPatXak.jpg,262441,gs://senior-share-staging-570862915709/naresome_thumbnails/1ynLMPatXak.jpg,
1zIo6ZnUoFI,E:\Data\ObsidianVault\02_Channels\馴れ初めシネマ\競合チャンネル分析\企画リサーチ_20260605\gcs_upload_staging\naresome_thumbnails\1zIo6ZnUoFI.jpg,256255,gs://senior-share-staging-570862915709/naresome_thumbnails/1zIo6ZnUoFI.jpg,
1zRGtsk_Q-0,E:\Data\ObsidianVault\02_Channels\馴れ初めシネマ\競合チャンネル分析\企画リサーチ_20260605\gcs_upload_staging\naresome_thumbnails\1zRGtsk_Q-0.jpg,248071,gs://senior-share-staging-570862915709/naresome_thumbnails/1zRGtsk_Q-0.jpg,
20Xo8Cce80E,E:\Data\ObsidianVault\02_Channels\馴れ初めシネマ\競合チャンネル分析\企画リサーチ_20260605\gcs_upload_staging\naresome_thumbnails\20Xo8Cce80E.jpg,262863,gs://senior-share-staging-570862915709/naresome_thumbnails/20Xo8Cce80E.jpg,
213mcEKZFEM,E:\Data\ObsidianVault\02_Channels\馴れ初めシネマ\競合チャンネル分析\企画リサーチ_20260605\gcs_upload_staging\naresome_thumbnails\213mcEKZFEM.jpg,272856,gs://senior-share-staging-570862915709/naresome_thumbnails/213mcEKZFEM.jpg,
21njmff3AQ4,E:\Data\ObsidianVault\02_Channels\馴れ初めシネマ\競合チャンネル分析\企画リサーチ_20260605\gcs_upload_staging\naresome_thumbnails\21njmff3AQ4.jpg,243061,gs://senior-share-staging-570862915709/naresome_thumbnails/21njmff3AQ4.jpg,
22B_OQ5IsEE,E:\Data\ObsidianVault\02_Channels\馴れ初めシネマ\競合チャンネル分析\企画リサーチ_20260605\gcs_upload_staging\naresome_thumbnails\22B_OQ5IsEE.jpg,262400,gs://senior-share-staging-570862915709/naresome_thumbnails/22B_OQ5IsEE.jpg,
23FussXhqUM,E:\Data\ObsidianVault\02_Channels\馴れ初めシネマ\競合チャンネル分析\企画リサーチ_20260605\gcs_upload_staging\naresome_thumbnails\23FussXhqUM.jpg,240844,gs://senior-share-staging-570862915709/naresome_thumbnails/23FussXhqUM.jpg,
24ZuLFcIGvw,E:\Data\ObsidianVault\02_Channels\馴れ初めシネマ\競合チャンネル分析\企画リサーチ_20260605\gcs_upload_staging\naresome_thumbnails\24ZuLFcIGvw.jpg,257957,gs://senior-share-staging-570862915709/naresome_thumbnails/24ZuLFcIGvw.jpg,
25UnRTbt2C8,E:\Data\ObsidianVault\02_Channels\馴れ初めシネマ\競合チャンネル分析\企画リサーチ_20260605\gcs_upload_staging\naresome_thumbnails\25UnRTbt2C8.jpg,335043,gs://senior-share-staging-570862915709/naresome_thumbnails/25UnRTbt2C8.jpg,
28VOsLi-WvQ,E:\Data\ObsidianVault\02_Channels\馴れ初めシネマ\競合チャンネル分析\企画リサーチ_20260605\gcs_upload_staging\naresome_thumbnails\28VOsLi-WvQ.jpg,215715,gs://senior-share-staging-570862915709/naresome_thumbnails/28VOsLi-WvQ.jpg,
2BdJcjXmm10,E:\Data\ObsidianVault\02_Channels\馴れ初めシネマ\競合チャンネル分析\企画リサーチ_20260605\gcs_upload_staging\naresome_thumbnails\2BdJcjXmm10.jpg,275058,gs://senior-share-staging-570862915709/naresome_thumbnails/2BdJcjXmm10.jpg,
2D1UYC7KWD8,E:\Data\ObsidianVault\02_Channels\馴れ初めシネマ\競合チャンネル分析\企画リサーチ_20260605\gcs_upload_staging\naresome_thumbnails\2D1UYC7KWD8.jpg,252442,gs://senior-share-staging-570862915709/naresome_thumbnails/2D1UYC7KWD8.jpg,
2DO9IqT9RzE,E:\Data\ObsidianVault\02_Channels\馴れ初めシネマ\競合チャンネル分析\企画リサーチ_20260605\gcs_upload_staging\naresome_thumbnails\2DO9IqT9RzE.jpg,247749,gs://senior-share-staging-570862915709/naresome_thumbnails/2DO9IqT9RzE.jpg,
2EoG5LjDyVA,E:\Data\ObsidianVault\02_Channels\馴れ初めシネマ\競合チャンネル分析\企画リサーチ_20260605\gcs_upload_staging\naresome_thumbnails\2EoG5LjDyVA.jpg,239592,gs://senior-share-staging-570862915709/naresome_thumbnails/2EoG5LjDyVA.jpg,
2Fc4fVeNWr8,E:\Data\ObsidianVault\02_Channels\馴れ初めシネマ\競合チャンネル分析\企画リサーチ_20260605\gcs_upload_staging\naresome_thumbnails\2Fc4fVeNWr8.jpg,269255,gs://senior-share-staging-570862915709/naresome_thumbnails/2Fc4fVeNWr8.jpg,
2GNbpu39jW0,E:\Data\ObsidianVault\02_Channels\馴れ初めシネマ\競合チャンネル分析\企画リサーチ_20260605\gcs_upload_staging\naresome_thumbnails\2GNbpu39jW0.jpg,57000,gs://senior-share-staging-570862915709/naresome_thumbnails/2GNbpu39jW0.jpg,
2GeZHxFLgN4,E:\Data\ObsidianVault\02_Channels\馴れ初めシネマ\競合チャンネル分析\企画リサーチ_20260605\gcs_upload_staging\naresome_thumbnails\2GeZHxFLgN4.jpg,273062,gs://senior-share-staging-570862915709/naresome_thumbnails/2GeZHxFLgN4.jpg,
2JL6OV-21uo,E:\Data\ObsidianVault\02_Channels\馴れ初めシネマ\競合チャンネル分析\企画リサーチ_20260605\gcs_upload_staging\naresome_thumbnails\2JL6OV-21uo.jpg,268382,gs://senior-share-staging-570862915709/naresome_thumbnails/2JL6OV-21uo.jpg,
2JWzcU5__Gc,E:\Data\ObsidianVault\02_Channels\馴れ初めシネマ\競合チャンネル分析\企画リサーチ_20260605\gcs_upload_staging\naresome_thumbnails\2JWzcU5__Gc.jpg,261326,gs://senior-share-staging-570862915709/naresome_thumbnails/2JWzcU5__Gc.jpg,
2L_TzhUcpo4,E:\Data\ObsidianVault\02_Channels\馴れ初めシネマ\競合チャンネル分析\企画リサーチ_20260605\gcs_upload_staging\naresome_thumbnails\2L_TzhUcpo4.jpg,270441,gs://senior-share-staging-570862915709/naresome_thumbnails/2L_TzhUcpo4.jpg,
2O5BEC3r-Ec,E:\Data\ObsidianVault\02_Channels\馴れ初めシネマ\競合チャンネル分析\企画リサーチ_20260605\gcs_upload_staging\naresome_thumbnails\2O5BEC3r-Ec.jpg,241946,gs://senior-share-staging-570862915709/naresome_thumbnails/2O5BEC3r-Ec.jpg,
2QHQwr2VdAQ,E:\Data\ObsidianVault\02_Channels\馴れ初めシネマ\競合チャンネル分析\企画リサーチ_20260605\gcs_upload_staging\naresome_thumbnails\2QHQwr2VdAQ.jpg,270360,gs://senior-share-staging-570862915709/naresome_thumbnails/2QHQwr2VdAQ.jpg,
2QWOC0an4C8,E:\Data\ObsidianVault\02_Channels\馴れ初めシネマ\競合チャンネル分析\企画リサーチ_20260605\gcs_upload_staging\naresome_thumbnails\2QWOC0an4C8.jpg,278230,gs://senior-share-staging-570862915709/naresome_thumbnails/2QWOC0an4C8.jpg,
2S-equHHqiM,E:\Data\ObsidianVault\02_Channels\馴れ初めシネマ\競合チャンネル分析\企画リサーチ_20260605\gcs_upload_staging\naresome_thumbnails\2S-equHHqiM.jpg,244856,gs://senior-share-staging-570862915709/naresome_thumbnails/2S-equHHqiM.jpg,
2S05SXbdlLQ,E:\Data\ObsidianVault\02_Channels\馴れ初めシネマ\競合チャンネル分析\企画リサーチ_20260605\gcs_upload_staging\naresome_thumbnails\2S05SXbdlLQ.jpg,260357,gs://senior-share-staging-570862915709/naresome_thumbnails/2S05SXbdlLQ.jpg,
2SdcJuPRBIg,E:\Data\ObsidianVault\02_Channels\馴れ初めシネマ\競合チャンネル分析\企画リサーチ_20260605\gcs_upload_staging\naresome_thumbnails\2SdcJuPRBIg.jpg,257584,gs://senior-share-staging-570862915709/naresome_thumbnails/2SdcJuPRBIg.jpg,
2TdAk5Lrjec,E:\Data\ObsidianVault\02_Channels\馴れ初めシネマ\競合チャンネル分析\企画リサーチ_20260605\gcs_upload_staging\naresome_thumbnails\2TdAk5Lrjec.jpg,240209,gs://senior-share-staging-570862915709/naresome_thumbnails/2TdAk5Lrjec.jpg,
2UuzRx3qY4M,E:\Data\ObsidianVault\02_Channels\馴れ初めシネマ\競合チャンネル分析\企画リサーチ_20260605\gcs_upload_staging\naresome_thumbnails\2UuzRx3qY4M.jpg,237824,gs://senior-share-staging-570862915709/naresome_thumbnails/2UuzRx3qY4M.jpg,
2WhNPVyc-m8,E:\Data\ObsidianVault\02_Channels\馴れ初めシネマ\競合チャンネル分析\企画リサーチ_20260605\gcs_upload_staging\naresome_thumbnails\2WhNPVyc-m8.jpg,266611,gs://senior-share-staging-570862915709/naresome_thumbnails/2WhNPVyc-m8.jpg,
2XgB8kDnXUQ,E:\Data\ObsidianVault\02_Channels\馴れ初めシネマ\競合チャンネル分析\企画リサーチ_20260605\gcs_upload_staging\naresome_thumbnails\2XgB8kDnXUQ.jpg,242042,gs://senior-share-staging-570862915709/naresome_thumbnails/2XgB8kDnXUQ.jpg,
2Z-MtN2GsN4,E:\Data\ObsidianVault\02_Channels\馴れ初めシネマ\競合チャンネル分析\企画リサーチ_20260605\gcs_upload_staging\naresome_thumbnails\2Z-MtN2GsN4.jpg,337257,gs://senior-share-staging-570862915709/naresome_thumbnails/2Z-MtN2GsN4.jpg,
2cxGk09nM48,E:\Data\ObsidianVault\02_Channels\馴れ初めシネマ\競合チャンネル分析\企画リサーチ_20260605\gcs_upload_staging\naresome_thumbnails\2cxGk09nM48.jpg,268937,gs://senior-share-staging-570862915709/naresome_thumbnails/2cxGk09nM48.jpg,
2hWQvPgVTOw,E:\Data\ObsidianVault\02_Channels\馴れ初めシネマ\競合チャンネル分析\企画リサーチ_20260605\gcs_upload_staging\naresome_thumbnails\2hWQvPgVTOw.jpg,261507,gs://senior-share-staging-570862915709/naresome_thumbnails/2hWQvPgVTOw.jpg,
2p1WNuKMRvc,E:\Data\ObsidianVault\02_Channels\馴れ初めシネマ\競合チャンネル分析\企画リサーチ_20260605\gcs_upload_staging\naresome_thumbnails\2p1WNuKMRvc.jpg,254486,gs://senior-share-staging-570862915709/naresome_thumbnails/2p1WNuKMRvc.jpg,
2qL0olaF6ys,E:\Data\ObsidianVault\02_Channels\馴れ初めシネマ\競合チャンネル分析\企画リサーチ_20260605\gcs_upload_staging\naresome_thumbnails\2qL0olaF6ys.jpg,246740,gs://senior-share-staging-570862915709/naresome_thumbnails/2qL0olaF6ys.jpg,
2qzm9QR4W1Y,E:\Data\ObsidianVault\02_Channels\馴れ初めシネマ\競合チャンネル分析\企画リサーチ_20260605\gcs_upload_staging\naresome_thumbnails\2qzm9QR4W1Y.jpg,272892,gs://senior-share-staging-570862915709/naresome_thumbnails/2qzm9QR4W1Y.jpg,
2s-5yV7bfgI,E:\Data\ObsidianVault\02_Channels\馴れ初めシネマ\競合チャンネル分析\企画リサーチ_20260605\gcs_upload_staging\naresome_thumbnails\2s-5yV7bfgI.jpg,274838,gs://senior-share-staging-570862915709/naresome_thumbnails/2s-5yV7bfgI.jpg,
2t09dZbWwI4,E:\Data\ObsidianVault\02_Channels\馴れ初めシネマ\競合チャンネル分析\企画リサーチ_20260605\gcs_upload_staging\naresome_thumbnails\2t09dZbWwI4.jpg,242812,gs://senior-share-staging-570862915709/naresome_thumbnails/2t09dZbWwI4.jpg,
2uOyA98vzcU,E:\Data\ObsidianVault\02_Channels\馴れ初めシネマ\競合チャンネル分析\企画リサーチ_20260605\gcs_upload_staging\naresome_thumbnails\2uOyA98vzcU.jpg,262802,gs://senior-share-staging-570862915709/naresome_thumbnails/2uOyA98vzcU.jpg,
2uk8znSmTiE,E:\Data\ObsidianVault\02_Channels\馴れ初めシネマ\競合チャンネル分析\企画リサーチ_20260605\gcs_upload_staging\naresome_thumbnails\2uk8znSmTiE.jpg,253510,gs://senior-share-staging-570862915709/naresome_thumbnails/2uk8znSmTiE.jpg,
2wwa-U7J6js,E:\Data\ObsidianVault\02_Channels\馴れ初めシネマ\競合チャンネル分析\企画リサーチ_20260605\gcs_upload_staging\naresome_thumbnails\2wwa-U7J6js.jpg,269869,gs://senior-share-staging-570862915709/naresome_thumbnails/2wwa-U7J6js.jpg,
2xb9NeTRTmA,E:\Data\ObsidianVault\02_Channels\馴れ初めシネマ\競合チャンネル分析\企画リサーチ_20260605\gcs_upload_staging\naresome_thumbnails\2xb9NeTRTmA.jpg,243506,gs://senior-share-staging-570862915709/naresome_thumbnails/2xb9NeTRTmA.jpg,
2yJ7nqr7oI4,E:\Data\ObsidianVault\02_Channels\馴れ初めシネマ\競合チャンネル分析\企画リサーチ_20260605\gcs_upload_staging\naresome_thumbnails\2yJ7nqr7oI4.jpg,259974,gs://senior-share-staging-570862915709/naresome_thumbnails/2yJ7nqr7oI4.jpg,
2yRHEw9AAuQ,E:\Data\ObsidianVault\02_Channels\馴れ初めシネマ\競合チャンネル分析\企画リサーチ_20260605\gcs_upload_staging\naresome_thumbnails\2yRHEw9AAuQ.jpg,268349,gs://senior-share-staging-570862915709/naresome_thumbnails/2yRHEw9AAuQ.jpg,
2yeWAyFsqzI,E:\Data\ObsidianVault\02_Channels\馴れ初めシネマ\競合チャンネル分析\企画リサーチ_20260605\gcs_upload_staging\naresome_thumbnails\2yeWAyFsqzI.jpg,252918,gs://senior-share-staging-570862915709/naresome_thumbnails/2yeWAyFsqzI.jpg,
2ze_Phpmhis,E:\Data\ObsidianVault\02_Channels\馴れ初めシネマ\競合チャンネル分析\企画リサーチ_20260605\gcs_upload_staging\naresome_thumbnails\2ze_Phpmhis.jpg,247209,gs://senior-share-staging-570862915709/naresome_thumbnails/2ze_Phpmhis.jpg,
3--0kTxRugQ,E:\Data\ObsidianVault\02_Channels\馴れ初めシネマ\競合チャンネル分析\企画リサーチ_20260605\gcs_upload_staging\naresome_thumbnails\3--0kTxRugQ.jpg,265326,gs://senior-share-staging-570862915709/naresome_thumbnails/3--0kTxRugQ.jpg,
31vZ7x5GePI,E:\Data\ObsidianVault\02_Channels\馴れ初めシネマ\競合チャンネル分析\企画リサーチ_20260605\gcs_upload_staging\naresome_thumbnails\31vZ7x5GePI.jpg,224147,gs://senior-share-staging-570862915709/naresome_thumbnails/31vZ7x5GePI.jpg,
336tcb27oJA,E:\Data\ObsidianVault\02_Channels\馴れ初めシネマ\競合チャンネル分析\企画リサーチ_20260605\gcs_upload_staging\naresome_thumbnails\336tcb27oJA.jpg,246743,gs://senior-share-staging-570862915709/naresome_thumbnails/336tcb27oJA.jpg,
348231KwtUQ,E:\Data\ObsidianVault\02_Channels\馴れ初めシネマ\競合チャンネル分析\企画リサーチ_20260605\gcs_upload_staging\naresome_thumbnails\348231KwtUQ.jpg,276804,gs://senior-share-staging-570862915709/naresome_thumbnails/348231KwtUQ.jpg,
34rh5ll5-eg,E:\Data\ObsidianVault\02_Channels\馴れ初めシネマ\競合チャンネル分析\企画リサーチ_20260605\gcs_upload_staging\naresome_thumbnails\34rh5ll5-eg.jpg,249063,gs://senior-share-staging-570862915709/naresome_thumbnails/34rh5ll5-eg.jpg,
35f3geYMON8,E:\Data\ObsidianVault\02_Channels\馴れ初めシネマ\競合チャンネル分析\企画リサーチ_20260605\gcs_upload_staging\naresome_thumbnails\35f3geYMON8.jpg,254698,gs://senior-share-staging-570862915709/naresome_thumbnails/35f3geYMON8.jpg,
396jaav-niI,E:\Data\ObsidianVault\02_Channels\馴れ初めシネマ\競合チャンネル分析\企画リサーチ_20260605\gcs_upload_staging\naresome_thumbnails\396jaav-niI.jpg,268903,gs://senior-share-staging-570862915709/naresome_thumbnails/396jaav-niI.jpg,
3ATyhA-snq4,E:\Data\ObsidianVault\02_Channels\馴れ初めシネマ\競合チャンネル分析\企画リサーチ_20260605\gcs_upload_staging\naresome_thumbnails\3ATyhA-snq4.jpg,221627,gs://senior-share-staging-570862915709/naresome_thumbnails/3ATyhA-snq4.jpg,
3BPKMpjh1Pw,E:\Data\ObsidianVault\02_Channels\馴れ初めシネマ\競合チャンネル分析\企画リサーチ_20260605\gcs_upload_staging\naresome_thumbnails\3BPKMpjh1Pw.jpg,291944,gs://senior-share-staging-570862915709/naresome_thumbnails/3BPKMpjh1Pw.jpg,
3BvcCOd0V5s,E:\Data\ObsidianVault\02_Channels\馴れ初めシネマ\競合チャンネル分析\企画リサーチ_20260605\gcs_upload_staging\naresome_thumbnails\3BvcCOd0V5s.jpg,245908,gs://senior-share-staging-570862915709/naresome_thumbnails/3BvcCOd0V5s.jpg,
3EYyP1ChKRM,E:\Data\ObsidianVault\02_Channels\馴れ初めシネマ\競合チャンネル分析\企画リサーチ_20260605\gcs_upload_staging\naresome_thumbnails\3EYyP1ChKRM.jpg,249814,gs://senior-share-staging-570862915709/naresome_thumbnails/3EYyP1ChKRM.jpg,
3FfDxTkUQIQ,E:\Data\ObsidianVault\02_Channels\馴れ初めシネマ\競合チャンネル分析\企画リサーチ_20260605\gcs_upload_staging\naresome_thumbnails\3FfDxTkUQIQ.jpg,253305,gs://senior-share-staging-570862915709/naresome_thumbnails/3FfDxTkUQIQ.jpg,
3H4IMJtmyQs,E:\Data\ObsidianVault\02_Channels\馴れ初めシネマ\競合チャンネル分析\企画リサーチ_20260605\gcs_upload_staging\naresome_thumbnails\3H4IMJtmyQs.jpg,252500,gs://senior-share-staging-570862915709/naresome_thumbnails/3H4IMJtmyQs.jpg,
3Hht9vsmHFI,E:\Data\ObsidianVault\02_Channels\馴れ初めシネマ\競合チャンネル分析\企画リサーチ_20260605\gcs_upload_staging\naresome_thumbnails\3Hht9vsmHFI.jpg,238383,gs://senior-share-staging-570862915709/naresome_thumbnails/3Hht9vsmHFI.jpg,
3HsLEsD9ZEA,E:\Data\ObsidianVault\02_Channels\馴れ初めシネマ\競合チャンネル分析\企画リサーチ_20260605\gcs_upload_staging\naresome_thumbnails\3HsLEsD9ZEA.jpg,222280,gs://senior-share-staging-570862915709/naresome_thumbnails/3HsLEsD9ZEA.jpg,
3I1Ns0YXNEM,E:\Data\ObsidianVault\02_Channels\馴れ初めシネマ\競合チャンネル分析\企画リサーチ_20260605\gcs_upload_staging\naresome_thumbnails\3I1Ns0YXNEM.jpg,236918,gs://senior-share-staging-570862915709/naresome_thumbnails/3I1Ns0YXNEM.jpg,
3INKvOu3iAs,E:\Data\ObsidianVault\02_Channels\馴れ初めシネマ\競合チャンネル分析\企画リサーチ_20260605\gcs_upload_staging\naresome_thumbnails\3INKvOu3iAs.jpg,261384,gs://senior-share-staging-570862915709/naresome_thumbnails/3INKvOu3iAs.jpg,
3IZMfUwzm0M,E:\Data\ObsidianVault\02_Channels\馴れ初めシネマ\競合チャンネル分析\企画リサーチ_20260605\gcs_upload_staging\naresome_thumbnails\3IZMfUwzm0M.jpg,245488,gs://senior-share-staging-570862915709/naresome_thumbnails/3IZMfUwzm0M.jpg,
3Ki_LSqDZhM,E:\Data\ObsidianVault\02_Channels\馴れ初めシネマ\競合チャンネル分析\企画リサーチ_20260605\gcs_upload_staging\naresome_thumbnails\3Ki_LSqDZhM.jpg,255359,gs://senior-share-staging-570862915709/naresome_thumbnails/3Ki_LSqDZhM.jpg,
3MtIrDYJ0Pw,E:\Data\ObsidianVault\02_Channels\馴れ初めシネマ\競合チャンネル分析\企画リサーチ_20260605\gcs_upload_staging\naresome_thumbnails\3MtIrDYJ0Pw.jpg,265282,gs://senior-share-staging-570862915709/naresome_thumbnails/3MtIrDYJ0Pw.jpg,
3OcdwQe5IZc,E:\Data\ObsidianVault\02_Channels\馴れ初めシネマ\競合チャンネル分析\企画リサーチ_20260605\gcs_upload_staging\naresome_thumbnails\3OcdwQe5IZc.jpg,265047,gs://senior-share-staging-570862915709/naresome_thumbnails/3OcdwQe5IZc.jpg,
3PCS5XeSl8M,E:\Data\ObsidianVault\02_Channels\馴れ初めシネマ\競合チャンネル分析\企画リサーチ_20260605\gcs_upload_staging\naresome_thumbnails\3PCS5XeSl8M.jpg,241659,gs://senior-share-staging-570862915709/naresome_thumbnails/3PCS5XeSl8M.jpg,
3QKtaMlG8Oo,E:\Data\ObsidianVault\02_Channels\馴れ初めシネマ\競合チャンネル分析\企画リサーチ_20260605\gcs_upload_staging\naresome_thumbnails\3QKtaMlG8Oo.jpg,307006,gs://senior-share-staging-570862915709/naresome_thumbnails/3QKtaMlG8Oo.jpg,
3RD6hPD7tc4,E:\Data\ObsidianVault\02_Channels\馴れ初めシネマ\競合チャンネル分析\企画リサーチ_20260605\gcs_upload_staging\naresome_thumbnails\3RD6hPD7tc4.jpg,248830,gs://senior-share-staging-570862915709/naresome_thumbnails/3RD6hPD7tc4.jpg,
3STtqtCXsjA,E:\Data\ObsidianVault\02_Channels\馴れ初めシネマ\競合チャンネル分析\企画リサーチ_20260605\gcs_upload_staging\naresome_thumbnails\3STtqtCXsjA.jpg,261527,gs://senior-share-staging-570862915709/naresome_thumbnails/3STtqtCXsjA.jpg,
3UJ2u1UO_4A,E:\Data\ObsidianVault\02_Channels\馴れ初めシネマ\競合チャンネル分析\企画リサーチ_20260605\gcs_upload_staging\naresome_thumbnails\3UJ2u1UO_4A.jpg,59273,gs://senior-share-staging-570862915709/naresome_thumbnails/3UJ2u1UO_4A.jpg,
3UXNt_G2_XY,E:\Data\ObsidianVault\02_Channels\馴れ初めシネマ\競合チャンネル分析\企画リサーチ_20260605\gcs_upload_staging\naresome_thumbnails\3UXNt_G2_XY.jpg,275526,gs://senior-share-staging-570862915709/naresome_thumbnails/3UXNt_G2_XY.jpg,
3X9nmiBZy0U,E:\Data\ObsidianVault\02_Channels\馴れ初めシネマ\競合チャンネル分析\企画リサーチ_20260605\gcs_upload_staging\naresome_thumbnails\3X9nmiBZy0U.jpg,257751,gs://senior-share-staging-570862915709/naresome_thumbnails/3X9nmiBZy0U.jpg,
3Xdil-JMh94,E:\Data\ObsidianVault\02_Channels\馴れ初めシネマ\競合チャンネル分析\企画リサーチ_20260605\gcs_upload_staging\naresome_thumbnails\3Xdil-JMh94.jpg,241347,gs://senior-share-staging-570862915709/naresome_thumbnails/3Xdil-JMh94.jpg,
3ZDI3-4_hPw,E:\Data\ObsidianVault\02_Channels\馴れ初めシネマ\競合チャンネル分析\企画リサーチ_20260605\gcs_upload_staging\naresome_thumbnails\3ZDI3-4_hPw.jpg,241462,gs://senior-share-staging-570862915709/naresome_thumbnails/3ZDI3-4_hPw.jpg,
3ZRWjIHGstI,E:\Data\ObsidianVault\02_Channels\馴れ初めシネマ\競合チャンネル分析\企画リサーチ_20260605\gcs_upload_staging\naresome_thumbnails\3ZRWjIHGstI.jpg,232880,gs://senior-share-staging-570862915709/naresome_thumbnails/3ZRWjIHGstI.jpg,
3Zbcdo3NkZM,E:\Data\ObsidianVault\02_Channels\馴れ初めシネマ\競合チャンネル分析\企画リサーチ_20260605\gcs_upload_staging\naresome_thumbnails\3Zbcdo3NkZM.jpg,251658,gs://senior-share-staging-570862915709/naresome_thumbnails/3Zbcdo3NkZM.jpg,
3_DLynWfrOY,E:\Data\ObsidianVault\02_Channels\馴れ初めシネマ\競合チャンネル分析\企画リサーチ_20260605\gcs_upload_staging\naresome_thumbnails\3_DLynWfrOY.jpg,252877,gs://senior-share-staging-570862915709/naresome_thumbnails/3_DLynWfrOY.jpg,
3azMvqqVS-A,E:\Data\ObsidianVault\02_Channels\馴れ初めシネマ\競合チャンネル分析\企画リサーチ_20260605\gcs_upload_staging\naresome_thumbnails\3azMvqqVS-A.jpg,245677,gs://senior-share-staging-570862915709/naresome_thumbnails/3azMvqqVS-A.jpg,
3cPMBUyoWVA,E:\Data\ObsidianVault\02_Channels\馴れ初めシネマ\競合チャンネル分析\企画リサーチ_20260605\gcs_upload_staging\naresome_thumbnails\3cPMBUyoWVA.jpg,250524,gs://senior-share-staging-570862915709/naresome_thumbnails/3cPMBUyoWVA.jpg,
3ddfTU5Y9sQ,E:\Data\ObsidianVault\02_Channels\馴れ初めシネマ\競合チャンネル分析\企画リサーチ_20260605\gcs_upload_staging\naresome_thumbnails\3ddfTU5Y9sQ.jpg,238727,gs://senior-share-staging-570862915709/naresome_thumbnails/3ddfTU5Y9sQ.jpg,
3f6XLFto8MM,E:\Data\ObsidianVault\02_Channels\馴れ初めシネマ\競合チャンネル分析\企画リサーチ_20260605\gcs_upload_staging\naresome_thumbnails\3f6XLFto8MM.jpg,255374,gs://senior-share-staging-570862915709/naresome_thumbnails/3f6XLFto8MM.jpg,
3gOgt1pBx0c,E:\Data\ObsidianVault\02_Channels\馴れ初めシネマ\競合チャンネル分析\企画リサーチ_20260605\gcs_upload_staging\naresome_thumbnails\3gOgt1pBx0c.jpg,248288,gs://senior-share-staging-570862915709/naresome_thumbnails/3gOgt1pBx0c.jpg,
3jqfbCvW--4,E:\Data\ObsidianVault\02_Channels\馴れ初めシネマ\競合チャンネル分析\企画リサーチ_20260605\gcs_upload_staging\naresome_thumbnails\3jqfbCvW--4.jpg,275470,gs://senior-share-staging-570862915709/naresome_thumbnails/3jqfbCvW--4.jpg,
3l2bx3B68TA,E:\Data\ObsidianVault\02_Channels\馴れ初めシネマ\競合チャンネル分析\企画リサーチ_20260605\gcs_upload_staging\naresome_thumbnails\3l2bx3B68TA.jpg,276837,gs://senior-share-staging-570862915709/naresome_thumbnails/3l2bx3B68TA.jpg,
3lWnX3ppXj4,E:\Data\ObsidianVault\02_Channels\馴れ初めシネマ\競合チャンネル分析\企画リサーチ_20260605\gcs_upload_staging\naresome_thumbnails\3lWnX3ppXj4.jpg,260087,gs://senior-share-staging-570862915709/naresome_thumbnails/3lWnX3ppXj4.jpg,
3mFa00koJb4,E:\Data\ObsidianVault\02_Channels\馴れ初めシネマ\競合チャンネル分析\企画リサーチ_20260605\gcs_upload_staging\naresome_thumbnails\3mFa00koJb4.jpg,342905,gs://senior-share-staging-570862915709/naresome_thumbnails/3mFa00koJb4.jpg,
3odP5_OlzHg,E:\Data\ObsidianVault\02_Channels\馴れ初めシネマ\競合チャンネル分析\企画リサーチ_20260605\gcs_upload_staging\naresome_thumbnails\3odP5_OlzHg.jpg,248798,gs://senior-share-staging-570862915709/naresome_thumbnails/3odP5_OlzHg.jpg,
3oh8PMa2nWY,E:\Data\ObsidianVault\02_Channels\馴れ初めシネマ\競合チャンネル分析\企画リサーチ_20260605\gcs_upload_staging\naresome_thumbnails\3oh8PMa2nWY.jpg,31781,gs://senior-share-staging-570862915709/naresome_thumbnails/3oh8PMa2nWY.jpg,
3pXBLKqjV_g,E:\Data\ObsidianVault\02_Channels\馴れ初めシネマ\競合チャンネル分析\企画リサーチ_20260605\gcs_upload_staging\naresome_thumbnails\3pXBLKqjV_g.jpg,244059,gs://senior-share-staging-570862915709/naresome_thumbnails/3pXBLKqjV_g.jpg,
3qORsNT0KdM,E:\Data\ObsidianVault\02_Channels\馴れ初めシネマ\競合チャンネル分析\企画リサーチ_20260605\gcs_upload_staging\naresome_thumbnails\3qORsNT0KdM.jpg,256627,gs://senior-share-staging-570862915709/naresome_thumbnails/3qORsNT0KdM.jpg,
3rJ-ZMMRYw8,E:\Data\ObsidianVault\02_Channels\馴れ初めシネマ\競合チャンネル分析\企画リサーチ_20260605\gcs_upload_staging\naresome_thumbnails\3rJ-ZMMRYw8.jpg,250571,gs://senior-share-staging-570862915709/naresome_thumbnails/3rJ-ZMMRYw8.jpg,
3toPQkw69Qw,E:\Data\ObsidianVault\02_Channels\馴れ初めシネマ\競合チャンネル分析\企画リサーチ_20260605\gcs_upload_staging\naresome_thumbnails\3toPQkw69Qw.jpg,304724,gs://senior-share-staging-570862915709/naresome_thumbnails/3toPQkw69Qw.jpg,
3v9RZ0iuPHU,E:\Data\ObsidianVault\02_Channels\馴れ初めシネマ\競合チャンネル分析\企画リサーチ_20260605\gcs_upload_staging\naresome_thumbnails\3v9RZ0iuPHU.jpg,270485,gs://senior-share-staging-570862915709/naresome_thumbnails/3v9RZ0iuPHU.jpg,
3vbIIzQmRyw,E:\Data\ObsidianVault\02_Channels\馴れ初めシネマ\競合チャンネル分析\企画リサーチ_20260605\gcs_upload_staging\naresome_thumbnails\3vbIIzQmRyw.jpg,243743,gs://senior-share-staging-570862915709/naresome_thumbnails/3vbIIzQmRyw.jpg,
40hK021bS_Y,E:\Data\ObsidianVault\02_Channels\馴れ初めシネマ\競合チャンネル分析\企画リサーチ_20260605\gcs_upload_staging\naresome_thumbnails\40hK021bS_Y.jpg,329832,gs://senior-share-staging-570862915709/naresome_thumbnails/40hK021bS_Y.jpg,
41O-IRKUoLw,E:\Data\ObsidianVault\02_Channels\馴れ初めシネマ\競合チャンネル分析\企画リサーチ_20260605\gcs_upload_staging\naresome_thumbnails\41O-IRKUoLw.jpg,253827,gs://senior-share-staging-570862915709/naresome_thumbnails/41O-IRKUoLw.jpg,
42L3KasVYsU,E:\Data\ObsidianVault\02_Channels\馴れ初めシネマ\競合チャンネル分析\企画リサーチ_20260605\gcs_upload_staging\naresome_thumbnails\42L3KasVYsU.jpg,232992,gs://senior-share-staging-570862915709/naresome_thumbnails/42L3KasVYsU.jpg,
43lAlk6-oDw,E:\Data\ObsidianVault\02_Channels\馴れ初めシネマ\競合チャンネル分析\企画リサーチ_20260605\gcs_upload_staging\naresome_thumbnails\43lAlk6-oDw.jpg,237371,gs://senior-share-staging-570862915709/naresome_thumbnails/43lAlk6-oDw.jpg,
44dwQ3wYv-s,E:\Data\ObsidianVault\02_Channels\馴れ初めシネマ\競合チャンネル分析\企画リサーチ_20260605\gcs_upload_staging\naresome_thumbnails\44dwQ3wYv-s.jpg,254326,gs://senior-share-staging-570862915709/naresome_thumbnails/44dwQ3wYv-s.jpg,
452YlxiqqTc,E:\Data\ObsidianVault\02_Channels\馴れ初めシネマ\競合チャンネル分析\企画リサーチ_20260605\gcs_upload_staging\naresome_thumbnails\452YlxiqqTc.jpg,247538,gs://senior-share-staging-570862915709/naresome_thumbnails/452YlxiqqTc.jpg,
46eZlhasZ6M,E:\Data\ObsidianVault\02_Channels\馴れ初めシネマ\競合チャンネル分析\企画リサーチ_20260605\gcs_upload_staging\naresome_thumbnails\46eZlhasZ6M.jpg,250209,gs://senior-share-staging-570862915709/naresome_thumbnails/46eZlhasZ6M.jpg,
46jF8Nns8ko,E:\Data\ObsidianVault\02_Channels\馴れ初めシネマ\競合チャンネル分析\企画リサーチ_20260605\gcs_upload_staging\naresome_thumbnails\46jF8Nns8ko.jpg,295865,gs://senior-share-staging-570862915709/naresome_thumbnails/46jF8Nns8ko.jpg,
46zEjQpLbt0,E:\Data\ObsidianVault\02_Channels\馴れ初めシネマ\競合チャンネル分析\企画リサーチ_20260605\gcs_upload_staging\naresome_thumbnails\46zEjQpLbt0.jpg,254032,gs://senior-share-staging-570862915709/naresome_thumbnails/46zEjQpLbt0.jpg,
473ToxjdJjY,E:\Data\ObsidianVault\02_Channels\馴れ初めシネマ\競合チャンネル分析\企画リサーチ_20260605\gcs_upload_staging\naresome_thumbnails\473ToxjdJjY.jpg,266169,gs://senior-share-staging-570862915709/naresome_thumbnails/473ToxjdJjY.jpg,
482lKdszLLg,E:\Data\ObsidianVault\02_Channels\馴れ初めシネマ\競合チャンネル分析\企画リサーチ_20260605\gcs_upload_staging\naresome_thumbnails\482lKdszLLg.jpg,271923,gs://senior-share-staging-570862915709/naresome_thumbnails/482lKdszLLg.jpg,
49ocyfJm7NU,E:\Data\ObsidianVault\02_Channels\馴れ初めシネマ\競合チャンネル分析\企画リサーチ_20260605\gcs_upload_staging\naresome_thumbnails\49ocyfJm7NU.jpg,258089,gs://senior-share-staging-570862915709/naresome_thumbnails/49ocyfJm7NU.jpg,
4BAXcJBTr1M,E:\Data\ObsidianVault\02_Channels\馴れ初めシネマ\競合チャンネル分析\企画リサーチ_20260605\gcs_upload_staging\naresome_thumbnails\4BAXcJBTr1M.jpg,240858,gs://senior-share-staging-570862915709/naresome_thumbnails/4BAXcJBTr1M.jpg,
4EknF2EQRpw,E:\Data\ObsidianVault\02_Channels\馴れ初めシネマ\競合チャンネル分析\企画リサーチ_20260605\gcs_upload_staging\naresome_thumbnails\4EknF2EQRpw.jpg,244199,gs://senior-share-staging-570862915709/naresome_thumbnails/4EknF2EQRpw.jpg,
4FBZRz2l62E,E:\Data\ObsidianVault\02_Channels\馴れ初めシネマ\競合チャンネル分析\企画リサーチ_20260605\gcs_upload_staging\naresome_thumbnails\4FBZRz2l62E.jpg,280872,gs://senior-share-staging-570862915709/naresome_thumbnails/4FBZRz2l62E.jpg,
4GO866W_WiA,E:\Data\ObsidianVault\02_Channels\馴れ初めシネマ\競合チャンネル分析\企画リサーチ_20260605\gcs_upload_staging\naresome_thumbnails\4GO866W_WiA.jpg,248619,gs://senior-share-staging-570862915709/naresome_thumbnails/4GO866W_WiA.jpg,
4GS-d0QpFNo,E:\Data\ObsidianVault\02_Channels\馴れ初めシネマ\競合チャンネル分析\企画リサーチ_20260605\gcs_upload_staging\naresome_thumbnails\4GS-d0QpFNo.jpg,274800,gs://senior-share-staging-570862915709/naresome_thumbnails/4GS-d0QpFNo.jpg,
4GjA3f-1vAc,E:\Data\ObsidianVault\02_Channels\馴れ初めシネマ\競合チャンネル分析\企画リサーチ_20260605\gcs_upload_staging\naresome_thumbnails\4GjA3f-1vAc.jpg,259858,gs://senior-share-staging-570862915709/naresome_thumbnails/4GjA3f-1vAc.jpg,
4GtuX-Sw2j8,E:\Data\ObsidianVault\02_Channels\馴れ初めシネマ\競合チャンネル分析\企画リサーチ_20260605\gcs_upload_staging\naresome_thumbnails\4GtuX-Sw2j8.jpg,254078,gs://senior-share-staging-570862915709/naresome_thumbnails/4GtuX-Sw2j8.jpg,
4HZ1-tqm3FQ,E:\Data\ObsidianVault\02_Channels\馴れ初めシネマ\競合チャンネル分析\企画リサーチ_20260605\gcs_upload_staging\naresome_thumbnails\4HZ1-tqm3FQ.jpg,262996,gs://senior-share-staging-570862915709/naresome_thumbnails/4HZ1-tqm3FQ.jpg,
4IBClwriDR0,E:\Data\ObsidianVault\02_Channels\馴れ初めシネマ\競合チャンネル分析\企画リサーチ_20260605\gcs_upload_staging\naresome_thumbnails\4IBClwriDR0.jpg,245020,gs://senior-share-staging-570862915709/naresome_thumbnails/4IBClwriDR0.jpg,
4IIgkONePyY,E:\Data\ObsidianVault\02_Channels\馴れ初めシネマ\競合チャンネル分析\企画リサーチ_20260605\gcs_upload_staging\naresome_thumbnails\4IIgkONePyY.jpg,273308,gs://senior-share-staging-570862915709/naresome_thumbnails/4IIgkONePyY.jpg,
4JMRncIwmIo,E:\Data\ObsidianVault\02_Channels\馴れ初めシネマ\競合チャンネル分析\企画リサーチ_20260605\gcs_upload_staging\naresome_thumbnails\4JMRncIwmIo.jpg,274402,gs://senior-share-staging-570862915709/naresome_thumbnails/4JMRncIwmIo.jpg,
4LQuD5kmFeA,E:\Data\ObsidianVault\02_Channels\馴れ初めシネマ\競合チャンネル分析\企画リサーチ_20260605\gcs_upload_staging\naresome_thumbnails\4LQuD5kmFeA.jpg,254983,gs://senior-share-staging-570862915709/naresome_thumbnails/4LQuD5kmFeA.jpg,
4LnEP7009kE,E:\Data\ObsidianVault\02_Channels\馴れ初めシネマ\競合チャンネル分析\企画リサーチ_20260605\gcs_upload_staging\naresome_thumbnails\4LnEP7009kE.jpg,247102,gs://senior-share-staging-570862915709/naresome_thumbnails/4LnEP7009kE.jpg,
4OCYMUR1vLo,E:\Data\ObsidianVault\02_Channels\馴れ初めシネマ\競合チャンネル分析\企画リサーチ_20260605\gcs_upload_staging\naresome_thumbnails\4OCYMUR1vLo.jpg,240127,gs://senior-share-staging-570862915709/naresome_thumbnails/4OCYMUR1vLo.jpg,
4PwhG_lxKAE,E:\Data\ObsidianVault\02_Channels\馴れ初めシネマ\競合チャンネル分析\企画リサーチ_20260605\gcs_upload_staging\naresome_thumbnails\4PwhG_lxKAE.jpg,242213,gs://senior-share-staging-570862915709/naresome_thumbnails/4PwhG_lxKAE.jpg,
4RCyeRtgyO8,E:\Data\ObsidianVault\02_Channels\馴れ初めシネマ\競合チャンネル分析\企画リサーチ_20260605\gcs_upload_staging\naresome_thumbnails\4RCyeRtgyO8.jpg,259313,gs://senior-share-staging-570862915709/naresome_thumbnails/4RCyeRtgyO8.jpg,
4RI4UXhVFUk,E:\Data\ObsidianVault\02_Channels\馴れ初めシネマ\競合チャンネル分析\企画リサーチ_20260605\gcs_upload_staging\naresome_thumbnails\4RI4UXhVFUk.jpg,331094,gs://senior-share-staging-570862915709/naresome_thumbnails/4RI4UXhVFUk.jpg,
4RXVcr6lWZk,E:\Data\ObsidianVault\02_Channels\馴れ初めシネマ\競合チャンネル分析\企画リサーチ_20260605\gcs_upload_staging\naresome_thumbnails\4RXVcr6lWZk.jpg,239143,gs://senior-share-staging-570862915709/naresome_thumbnails/4RXVcr6lWZk.jpg,
4TXzk4hxTo8,E:\Data\ObsidianVault\02_Channels\馴れ初めシネマ\競合チャンネル分析\企画リサーチ_20260605\gcs_upload_staging\naresome_thumbnails\4TXzk4hxTo8.jpg,276619,gs://senior-share-staging-570862915709/naresome_thumbnails/4TXzk4hxTo8.jpg,
4V1_Oz4pimI,E:\Data\ObsidianVault\02_Channels\馴れ初めシネマ\競合チャンネル分析\企画リサーチ_20260605\gcs_upload_staging\naresome_thumbnails\4V1_Oz4pimI.jpg,248782,gs://senior-share-staging-570862915709/naresome_thumbnails/4V1_Oz4pimI.jpg,
4Vnnd02ZNUs,E:\Data\ObsidianVault\02_Channels\馴れ初めシネマ\競合チャンネル分析\企画リサーチ_20260605\gcs_upload_staging\naresome_thumbnails\4Vnnd02ZNUs.jpg,265162,gs://senior-share-staging-570862915709/naresome_thumbnails/4Vnnd02ZNUs.jpg,
4VyiQ9l6YOk,E:\Data\ObsidianVault\02_Channels\馴れ初めシネマ\競合チャンネル分析\企画リサーチ_20260605\gcs_upload_staging\naresome_thumbnails\4VyiQ9l6YOk.jpg,255032,gs://senior-share-staging-570862915709/naresome_thumbnails/4VyiQ9l6YOk.jpg,
4XdmDpNNG0M,E:\Data\ObsidianVault\02_Channels\馴れ初めシネマ\競合チャンネル分析\企画リサーチ_20260605\gcs_upload_staging\naresome_thumbnails\4XdmDpNNG0M.jpg,258463,gs://senior-share-staging-570862915709/naresome_thumbnails/4XdmDpNNG0M.jpg,
4Zn0AaQ23EU,E:\Data\ObsidianVault\02_Channels\馴れ初めシネマ\競合チャンネル分析\企画リサーチ_20260605\gcs_upload_staging\naresome_thumbnails\4Zn0AaQ23EU.jpg,249351,gs://senior-share-staging-570862915709/naresome_thumbnails/4Zn0AaQ23EU.jpg,
4aAGI5TT9DY,E:\Data\ObsidianVault\02_Channels\馴れ初めシネマ\競合チャンネル分析\企画リサーチ_20260605\gcs_upload_staging\naresome_thumbnails\4aAGI5TT9DY.jpg,228972,gs://senior-share-staging-570862915709/naresome_thumbnails/4aAGI5TT9DY.jpg,
4ai7W7oUfZI,E:\Data\ObsidianVault\02_Channels\馴れ初めシネマ\競合チャンネル分析\企画リサーチ_20260605\gcs_upload_staging\naresome_thumbnails\4ai7W7oUfZI.jpg,247390,gs://senior-share-staging-570862915709/naresome_thumbnails/4ai7W7oUfZI.jpg,
4dWl7HRyH-I,E:\Data\ObsidianVault\02_Channels\馴れ初めシネマ\競合チャンネル分析\企画リサーチ_20260605\gcs_upload_staging\naresome_thumbnails\4dWl7HRyH-I.jpg,260241,gs://senior-share-staging-570862915709/naresome_thumbnails/4dWl7HRyH-I.jpg,
4dcyw4KGbR8,E:\Data\ObsidianVault\02_Channels\馴れ初めシネマ\競合チャンネル分析\企画リサーチ_20260605\gcs_upload_staging\naresome_thumbnails\4dcyw4KGbR8.jpg,244408,gs://senior-share-staging-570862915709/naresome_thumbnails/4dcyw4KGbR8.jpg,
4fk07sru0wY,E:\Data\ObsidianVault\02_Channels\馴れ初めシネマ\競合チャンネル分析\企画リサーチ_20260605\gcs_upload_staging\naresome_thumbnails\4fk07sru0wY.jpg,264247,gs://senior-share-staging-570862915709/naresome_thumbnails/4fk07sru0wY.jpg,
4h86cmAxY9M,E:\Data\ObsidianVault\02_Channels\馴れ初めシネマ\競合チャンネル分析\企画リサーチ_20260605\gcs_upload_staging\naresome_thumbnails\4h86cmAxY9M.jpg,325182,gs://senior-share-staging-570862915709/naresome_thumbnails/4h86cmAxY9M.jpg,
4hYrHlAeTaM,E:\Data\ObsidianVault\02_Channels\馴れ初めシネマ\競合チャンネル分析\企画リサーチ_20260605\gcs_upload_staging\naresome_thumbnails\4hYrHlAeTaM.jpg,239012,gs://senior-share-staging-570862915709/naresome_thumbnails/4hYrHlAeTaM.jpg,
4hgpi5ZiuaU,E:\Data\ObsidianVault\02_Channels\馴れ初めシネマ\競合チャンネル分析\企画リサーチ_20260605\gcs_upload_staging\naresome_thumbnails\4hgpi5ZiuaU.jpg,264587,gs://senior-share-staging-570862915709/naresome_thumbnails/4hgpi5ZiuaU.jpg,
4iFNLnLQBfA,E:\Data\ObsidianVault\02_Channels\馴れ初めシネマ\競合チャンネル分析\企画リサーチ_20260605\gcs_upload_staging\naresome_thumbnails\4iFNLnLQBfA.jpg,252126,gs://senior-share-staging-570862915709/naresome_thumbnails/4iFNLnLQBfA.jpg,
4iJVqj2YrWM,E:\Data\ObsidianVault\02_Channels\馴れ初めシネマ\競合チャンネル分析\企画リサーチ_20260605\gcs_upload_staging\naresome_thumbnails\4iJVqj2YrWM.jpg,272097,gs://senior-share-staging-570862915709/naresome_thumbnails/4iJVqj2YrWM.jpg,
4j-_xCig2no,E:\Data\ObsidianVault\02_Channels\馴れ初めシネマ\競合チャンネル分析\企画リサーチ_20260605\gcs_upload_staging\naresome_thumbnails\4j-_xCig2no.jpg,238430,gs://senior-share-staging-570862915709/naresome_thumbnails/4j-_xCig2no.jpg,
4jeWuOrdaKI,E:\Data\ObsidianVault\02_Channels\馴れ初めシネマ\競合チャンネル分析\企画リサーチ_20260605\gcs_upload_staging\naresome_thumbnails\4jeWuOrdaKI.jpg,245217,gs://senior-share-staging-570862915709/naresome_thumbnails/4jeWuOrdaKI.jpg,
4kL8gTgZa-s,E:\Data\ObsidianVault\02_Channels\馴れ初めシネマ\競合チャンネル分析\企画リサーチ_20260605\gcs_upload_staging\naresome_thumbnails\4kL8gTgZa-s.jpg,253594,gs://senior-share-staging-570862915709/naresome_thumbnails/4kL8gTgZa-s.jpg,
4kTXSoSuNdY,E:\Data\ObsidianVault\02_Channels\馴れ初めシネマ\競合チャンネル分析\企画リサーチ_20260605\gcs_upload_staging\naresome_thumbnails\4kTXSoSuNdY.jpg,353195,gs://senior-share-staging-570862915709/naresome_thumbnails/4kTXSoSuNdY.jpg,
4lU2VMiCIMU,E:\Data\ObsidianVault\02_Channels\馴れ初めシネマ\競合チャンネル分析\企画リサーチ_20260605\gcs_upload_staging\naresome_thumbnails\4lU2VMiCIMU.jpg,264290,gs://senior-share-staging-570862915709/naresome_thumbnails/4lU2VMiCIMU.jpg,
4lxcCCaKM1U,E:\Data\ObsidianVault\02_Channels\馴れ初めシネマ\競合チャンネル分析\企画リサーチ_20260605\gcs_upload_staging\naresome_thumbnails\4lxcCCaKM1U.jpg,213974,gs://senior-share-staging-570862915709/naresome_thumbnails/4lxcCCaKM1U.jpg,
4mO-dYJ3zJI,E:\Data\ObsidianVault\02_Channels\馴れ初めシネマ\競合チャンネル分析\企画リサーチ_20260605\gcs_upload_staging\naresome_thumbnails\4mO-dYJ3zJI.jpg,257160,gs://senior-share-staging-570862915709/naresome_thumbnails/4mO-dYJ3zJI.jpg,
4mrby0AJTLY,E:\Data\ObsidianVault\02_Channels\馴れ初めシネマ\競合チャンネル分析\企画リサーチ_20260605\gcs_upload_staging\naresome_thumbnails\4mrby0AJTLY.jpg,254087,gs://senior-share-staging-570862915709/naresome_thumbnails/4mrby0AJTLY.jpg,
4n4gN4xnWmo,E:\Data\ObsidianVault\02_Channels\馴れ初めシネマ\競合チャンネル分析\企画リサーチ_20260605\gcs_upload_staging\naresome_thumbnails\4n4gN4xnWmo.jpg,248026,gs://senior-share-staging-570862915709/naresome_thumbnails/4n4gN4xnWmo.jpg,
4nLWAh1beOc,E:\Data\ObsidianVault\02_Channels\馴れ初めシネマ\競合チャンネル分析\企画リサーチ_20260605\gcs_upload_staging\naresome_thumbnails\4nLWAh1beOc.jpg,280809,gs://senior-share-staging-570862915709/naresome_thumbnails/4nLWAh1beOc.jpg,
4nXFaSFvy-E,E:\Data\ObsidianVault\02_Channels\馴れ初めシネマ\競合チャンネル分析\企画リサーチ_20260605\gcs_upload_staging\naresome_thumbnails\4nXFaSFvy-E.jpg,259696,gs://senior-share-staging-570862915709/naresome_thumbnails/4nXFaSFvy-E.jpg,
4pWPAp2kEt0,E:\Data\ObsidianVault\02_Channels\馴れ初めシネマ\競合チャンネル分析\企画リサーチ_20260605\gcs_upload_staging\naresome_thumbnails\4pWPAp2kEt0.jpg,248309,gs://senior-share-staging-570862915709/naresome_thumbnails/4pWPAp2kEt0.jpg,
4qVLYy3Rg0s,E:\Data\ObsidianVault\02_Channels\馴れ初めシネマ\競合チャンネル分析\企画リサーチ_20260605\gcs_upload_staging\naresome_thumbnails\4qVLYy3Rg0s.jpg,277205,gs://senior-share-staging-570862915709/naresome_thumbnails/4qVLYy3Rg0s.jpg,
4s1tY-bX5cQ,E:\Data\ObsidianVault\02_Channels\馴れ初めシネマ\競合チャンネル分析\企画リサーチ_20260605\gcs_upload_staging\naresome_thumbnails\4s1tY-bX5cQ.jpg,329883,gs://senior-share-staging-570862915709/naresome_thumbnails/4s1tY-bX5cQ.jpg,
4s7Y2stuxkw,E:\Data\ObsidianVault\02_Channels\馴れ初めシネマ\競合チャンネル分析\企画リサーチ_20260605\gcs_upload_staging\naresome_thumbnails\4s7Y2stuxkw.jpg,262715,gs://senior-share-staging-570862915709/naresome_thumbnails/4s7Y2stuxkw.jpg,
4spMzz659sE,E:\Data\ObsidianVault\02_Channels\馴れ初めシネマ\競合チャンネル分析\企画リサーチ_20260605\gcs_upload_staging\naresome_thumbnails\4spMzz659sE.jpg,235873,gs://senior-share-staging-570862915709/naresome_thumbnails/4spMzz659sE.jpg,
4v4GiPjHDzU,E:\Data\ObsidianVault\02_Channels\馴れ初めシネマ\競合チャンネル分析\企画リサーチ_20260605\gcs_upload_staging\naresome_thumbnails\4v4GiPjHDzU.jpg,258385,gs://senior-share-staging-570862915709/naresome_thumbnails/4v4GiPjHDzU.jpg,
4vp9xIMdmoQ,E:\Data\ObsidianVault\02_Channels\馴れ初めシネマ\競合チャンネル分析\企画リサーチ_20260605\gcs_upload_staging\naresome_thumbnails\4vp9xIMdmoQ.jpg,258215,gs://senior-share-staging-570862915709/naresome_thumbnails/4vp9xIMdmoQ.jpg,
4xODKF_I3xM,E:\Data\ObsidianVault\02_Channels\馴れ初めシネマ\競合チャンネル分析\企画リサーチ_20260605\gcs_upload_staging\naresome_thumbnails\4xODKF_I3xM.jpg,250425,gs://senior-share-staging-570862915709/naresome_thumbnails/4xODKF_I3xM.jpg,
4ymgUrJKB4s,E:\Data\ObsidianVault\02_Channels\馴れ初めシネマ\競合チャンネル分析\企画リサーチ_20260605\gcs_upload_staging\naresome_thumbnails\4ymgUrJKB4s.jpg,259457,gs://senior-share-staging-570862915709/naresome_thumbnails/4ymgUrJKB4s.jpg,
4zL_CTJTLGA,E:\Data\ObsidianVault\02_Channels\馴れ初めシネマ\競合チャンネル分析\企画リサーチ_20260605\gcs_upload_staging\naresome_thumbnails\4zL_CTJTLGA.jpg,58459,gs://senior-share-staging-570862915709/naresome_thumbnails/4zL_CTJTLGA.jpg,
50CUfuVDuf0,E:\Data\ObsidianVault\02_Channels\馴れ初めシネマ\競合チャンネル分析\企画リサーチ_20260605\gcs_upload_staging\naresome_thumbnails\50CUfuVDuf0.jpg,343573,gs://senior-share-staging-570862915709/naresome_thumbnails/50CUfuVDuf0.jpg,
50gS_LtDeTQ,E:\Data\ObsidianVault\02_Channels\馴れ初めシネマ\競合チャンネル分析\企画リサーチ_20260605\gcs_upload_staging\naresome_thumbnails\50gS_LtDeTQ.jpg,247579,gs://senior-share-staging-570862915709/naresome_thumbnails/50gS_LtDeTQ.jpg,
51zF72ZuoAo,E:\Data\ObsidianVault\02_Channels\馴れ初めシネマ\競合チャンネル分析\企画リサーチ_20260605\gcs_upload_staging\naresome_thumbnails\51zF72ZuoAo.jpg,235394,gs://senior-share-staging-570862915709/naresome_thumbnails/51zF72ZuoAo.jpg,
52_DirVdvWM,E:\Data\ObsidianVault\02_Channels\馴れ初めシネマ\競合チャンネル分析\企画リサーチ_20260605\gcs_upload_staging\naresome_thumbnails\52_DirVdvWM.jpg,340440,gs://senior-share-staging-570862915709/naresome_thumbnails/52_DirVdvWM.jpg,
53iJaK_6_RQ,E:\Data\ObsidianVault\02_Channels\馴れ初めシネマ\競合チャンネル分析\企画リサーチ_20260605\gcs_upload_staging\naresome_thumbnails\53iJaK_6_RQ.jpg,251861,gs://senior-share-staging-570862915709/naresome_thumbnails/53iJaK_6_RQ.jpg,
57EBnwtdqss,E:\Data\ObsidianVault\02_Channels\馴れ初めシネマ\競合チャンネル分析\企画リサーチ_20260605\gcs_upload_staging\naresome_thumbnails\57EBnwtdqss.jpg,243397,gs://senior-share-staging-570862915709/naresome_thumbnails/57EBnwtdqss.jpg,
58Hzc4Zd7LM,E:\Data\ObsidianVault\02_Channels\馴れ初めシネマ\競合チャンネル分析\企画リサーチ_20260605\gcs_upload_staging\naresome_thumbnails\58Hzc4Zd7LM.jpg,265007,gs://senior-share-staging-570862915709/naresome_thumbnails/58Hzc4Zd7LM.jpg,
5A-2yoMulKE,E:\Data\ObsidianVault\02_Channels\馴れ初めシネマ\競合チャンネル分析\企画リサーチ_20260605\gcs_upload_staging\naresome_thumbnails\5A-2yoMulKE.jpg,61101,gs://senior-share-staging-570862915709/naresome_thumbnails/5A-2yoMulKE.jpg,
5A1Zbs4yxho,E:\Data\ObsidianVault\02_Channels\馴れ初めシネマ\競合チャンネル分析\企画リサーチ_20260605\gcs_upload_staging\naresome_thumbnails\5A1Zbs4yxho.jpg,266479,gs://senior-share-staging-570862915709/naresome_thumbnails/5A1Zbs4yxho.jpg,
5AVg-VQ4pgk,E:\Data\ObsidianVault\02_Channels\馴れ初めシネマ\競合チャンネル分析\企画リサーチ_20260605\gcs_upload_staging\naresome_thumbnails\5AVg-VQ4pgk.jpg,262693,gs://senior-share-staging-570862915709/naresome_thumbnails/5AVg-VQ4pgk.jpg,
5AflSsq4Hx0,E:\Data\ObsidianVault\02_Channels\馴れ初めシネマ\競合チャンネル分析\企画リサーチ_20260605\gcs_upload_staging\naresome_thumbnails\5AflSsq4Hx0.jpg,282269,gs://senior-share-staging-570862915709/naresome_thumbnails/5AflSsq4Hx0.jpg,
5CCk3CgKG80,E:\Data\ObsidianVault\02_Channels\馴れ初めシネマ\競合チャンネル分析\企画リサーチ_20260605\gcs_upload_staging\naresome_thumbnails\5CCk3CgKG80.jpg,239706,gs://senior-share-staging-570862915709/naresome_thumbnails/5CCk3CgKG80.jpg,
5DhBa4S2Rs4,E:\Data\ObsidianVault\02_Channels\馴れ初めシネマ\競合チャンネル分析\企画リサーチ_20260605\gcs_upload_staging\naresome_thumbnails\5DhBa4S2Rs4.jpg,236520,gs://senior-share-staging-570862915709/naresome_thumbnails/5DhBa4S2Rs4.jpg,
5EUNAG4BjN4,E:\Data\ObsidianVault\02_Channels\馴れ初めシネマ\競合チャンネル分析\企画リサーチ_20260605\gcs_upload_staging\naresome_thumbnails\5EUNAG4BjN4.jpg,249833,gs://senior-share-staging-570862915709/naresome_thumbnails/5EUNAG4BjN4.jpg,
5F6jbFYFp4k,E:\Data\ObsidianVault\02_Channels\馴れ初めシネマ\競合チャンネル分析\企画リサーチ_20260605\gcs_upload_staging\naresome_thumbnails\5F6jbFYFp4k.jpg,248046,gs://senior-share-staging-570862915709/naresome_thumbnails/5F6jbFYFp4k.jpg,
5FCnSUY_ytU,E:\Data\ObsidianVault\02_Channels\馴れ初めシネマ\競合チャンネル分析\企画リサーチ_20260605\gcs_upload_staging\naresome_thumbnails\5FCnSUY_ytU.jpg,270494,gs://senior-share-staging-570862915709/naresome_thumbnails/5FCnSUY_ytU.jpg,
5FSz1h8gt1U,E:\Data\ObsidianVault\02_Channels\馴れ初めシネマ\競合チャンネル分析\企画リサーチ_20260605\gcs_upload_staging\naresome_thumbnails\5FSz1h8gt1U.jpg,250398,gs://senior-share-staging-570862915709/naresome_thumbnails/5FSz1h8gt1U.jpg,
5FVush6wIPQ,E:\Data\ObsidianVault\02_Channels\馴れ初めシネマ\競合チャンネル分析\企画リサーチ_20260605\gcs_upload_staging\naresome_thumbnails\5FVush6wIPQ.jpg,261484,gs://senior-share-staging-570862915709/naresome_thumbnails/5FVush6wIPQ.jpg,
5G44n9uH6GQ,E:\Data\ObsidianVault\02_Channels\馴れ初めシネマ\競合チャンネル分析\企画リサーチ_20260605\gcs_upload_staging\naresome_thumbnails\5G44n9uH6GQ.jpg,274980,gs://senior-share-staging-570862915709/naresome_thumbnails/5G44n9uH6GQ.jpg,
5GXSrJfOn2w,E:\Data\ObsidianVault\02_Channels\馴れ初めシネマ\競合チャンネル分析\企画リサーチ_20260605\gcs_upload_staging\naresome_thumbnails\5GXSrJfOn2w.jpg,265402,gs://senior-share-staging-570862915709/naresome_thumbnails/5GXSrJfOn2w.jpg,
5Hr5YGVap2M,E:\Data\ObsidianVault\02_Channels\馴れ初めシネマ\競合チャンネル分析\企画リサーチ_20260605\gcs_upload_staging\naresome_thumbnails\5Hr5YGVap2M.jpg,263608,gs://senior-share-staging-570862915709/naresome_thumbnails/5Hr5YGVap2M.jpg,
5KWJ9t08NAc,E:\Data\ObsidianVault\02_Channels\馴れ初めシネマ\競合チャンネル分析\企画リサーチ_20260605\gcs_upload_staging\naresome_thumbnails\5KWJ9t08NAc.jpg,271076,gs://senior-share-staging-570862915709/naresome_thumbnails/5KWJ9t08NAc.jpg,
5KiqbVOJ0jM,E:\Data\ObsidianVault\02_Channels\馴れ初めシネマ\競合チャンネル分析\企画リサーチ_20260605\gcs_upload_staging\naresome_thumbnails\5KiqbVOJ0jM.jpg,251229,gs://senior-share-staging-570862915709/naresome_thumbnails/5KiqbVOJ0jM.jpg,
5LyRG4mxZKM,E:\Data\ObsidianVault\02_Channels\馴れ初めシネマ\競合チャンネル分析\企画リサーチ_20260605\gcs_upload_staging\naresome_thumbnails\5LyRG4mxZKM.jpg,276419,gs://senior-share-staging-570862915709/naresome_thumbnails/5LyRG4mxZKM.jpg,
5MraYwvrFY4,E:\Data\ObsidianVault\02_Channels\馴れ初めシネマ\競合チャンネル分析\企画リサーチ_20260605\gcs_upload_staging\naresome_thumbnails\5MraYwvrFY4.jpg,250682,gs://senior-share-staging-570862915709/naresome_thumbnails/5MraYwvrFY4.jpg,
5MyX51BhmB8,E:\Data\ObsidianVault\02_Channels\馴れ初めシネマ\競合チャンネル分析\企画リサーチ_20260605\gcs_upload_staging\naresome_thumbnails\5MyX51BhmB8.jpg,282662,gs://senior-share-staging-570862915709/naresome_thumbnails/5MyX51BhmB8.jpg,
5NthZhpvAlk,E:\Data\ObsidianVault\02_Channels\馴れ初めシネマ\競合チャンネル分析\企画リサーチ_20260605\gcs_upload_staging\naresome_thumbnails\5NthZhpvAlk.jpg,277854,gs://senior-share-staging-570862915709/naresome_thumbnails/5NthZhpvAlk.jpg,
5Pp9NUFarJs,E:\Data\ObsidianVault\02_Channels\馴れ初めシネマ\競合チャンネル分析\企画リサーチ_20260605\gcs_upload_staging\naresome_thumbnails\5Pp9NUFarJs.jpg,322209,gs://senior-share-staging-570862915709/naresome_thumbnails/5Pp9NUFarJs.jpg,
5QEci6qrVLw,E:\Data\ObsidianVault\02_Channels\馴れ初めシネマ\競合チャンネル分析\企画リサーチ_20260605\gcs_upload_staging\naresome_thumbnails\5QEci6qrVLw.jpg,276283,gs://senior-share-staging-570862915709/naresome_thumbnails/5QEci6qrVLw.jpg,
5QFIuxzLe28,E:\Data\ObsidianVault\02_Channels\馴れ初めシネマ\競合チャンネル分析\企画リサーチ_20260605\gcs_upload_staging\naresome_thumbnails\5QFIuxzLe28.jpg,228581,gs://senior-share-staging-570862915709/naresome_thumbnails/5QFIuxzLe28.jpg,
5QJxIS261fw,E:\Data\ObsidianVault\02_Channels\馴れ初めシネマ\競合チャンネル分析\企画リサーチ_20260605\gcs_upload_staging\naresome_thumbnails\5QJxIS261fw.jpg,263605,gs://senior-share-staging-570862915709/naresome_thumbnails/5QJxIS261fw.jpg,
5QKyLPkOpUk,E:\Data\ObsidianVault\02_Channels\馴れ初めシネマ\競合チャンネル分析\企画リサーチ_20260605\gcs_upload_staging\naresome_thumbnails\5QKyLPkOpUk.jpg,54215,gs://senior-share-staging-570862915709/naresome_thumbnails/5QKyLPkOpUk.jpg,
5QVScp-_7MM,E:\Data\ObsidianVault\02_Channels\馴れ初めシネマ\競合チャンネル分析\企画リサーチ_20260605\gcs_upload_staging\naresome_thumbnails\5QVScp-_7MM.jpg,234127,gs://senior-share-staging-570862915709/naresome_thumbnails/5QVScp-_7MM.jpg,
5R0T2ot6R0o,E:\Data\ObsidianVault\02_Channels\馴れ初めシネマ\競合チャンネル分析\企画リサーチ_20260605\gcs_upload_staging\naresome_thumbnails\5R0T2ot6R0o.jpg,274705,gs://senior-share-staging-570862915709/naresome_thumbnails/5R0T2ot6R0o.jpg,
5RUmQbmCojE,E:\Data\ObsidianVault\02_Channels\馴れ初めシネマ\競合チャンネル分析\企画リサーチ_20260605\gcs_upload_staging\naresome_thumbnails\5RUmQbmCojE.jpg,243061,gs://senior-share-staging-570862915709/naresome_thumbnails/5RUmQbmCojE.jpg,
5SGO_-pS_NM,E:\Data\ObsidianVault\02_Channels\馴れ初めシネマ\競合チャンネル分析\企画リサーチ_20260605\gcs_upload_staging\naresome_thumbnails\5SGO_-pS_NM.jpg,253795,gs://senior-share-staging-570862915709/naresome_thumbnails/5SGO_-pS_NM.jpg,
5SIDx7ino44,E:\Data\ObsidianVault\02_Channels\馴れ初めシネマ\競合チャンネル分析\企画リサーチ_20260605\gcs_upload_staging\naresome_thumbnails\5SIDx7ino44.jpg,269568,gs://senior-share-staging-570862915709/naresome_thumbnails/5SIDx7ino44.jpg,
5SaYKRtkeJ0,E:\Data\ObsidianVault\02_Channels\馴れ初めシネマ\競合チャンネル分析\企画リサーチ_20260605\gcs_upload_staging\naresome_thumbnails\5SaYKRtkeJ0.jpg,260052,gs://senior-share-staging-570862915709/naresome_thumbnails/5SaYKRtkeJ0.jpg,
5SmRxampFVU,E:\Data\ObsidianVault\02_Channels\馴れ初めシネマ\競合チャンネル分析\企画リサーチ_20260605\gcs_upload_staging\naresome_thumbnails\5SmRxampFVU.jpg,273739,gs://senior-share-staging-570862915709/naresome_thumbnails/5SmRxampFVU.jpg,
5TYZ7FDTLFU,E:\Data\ObsidianVault\02_Channels\馴れ初めシネマ\競合チャンネル分析\企画リサーチ_20260605\gcs_upload_staging\naresome_thumbnails\5TYZ7FDTLFU.jpg,254483,gs://senior-share-staging-570862915709/naresome_thumbnails/5TYZ7FDTLFU.jpg,
5XMvqYrXMG8,E:\Data\ObsidianVault\02_Channels\馴れ初めシネマ\競合チャンネル分析\企画リサーチ_20260605\gcs_upload_staging\naresome_thumbnails\5XMvqYrXMG8.jpg,260854,gs://senior-share-staging-570862915709/naresome_thumbnails/5XMvqYrXMG8.jpg,
5YL8E5BJWL8,E:\Data\ObsidianVault\02_Channels\馴れ初めシネマ\競合チャンネル分析\企画リサーチ_20260605\gcs_upload_staging\naresome_thumbnails\5YL8E5BJWL8.jpg,271711,gs://senior-share-staging-570862915709/naresome_thumbnails/5YL8E5BJWL8.jpg,
5ZP69JY6OYo,E:\Data\ObsidianVault\02_Channels\馴れ初めシネマ\競合チャンネル分析\企画リサーチ_20260605\gcs_upload_staging\naresome_thumbnails\5ZP69JY6OYo.jpg,239464,gs://senior-share-staging-570862915709/naresome_thumbnails/5ZP69JY6OYo.jpg,
5ZszHr_U17A,E:\Data\ObsidianVault\02_Channels\馴れ初めシネマ\競合チャンネル分析\企画リサーチ_20260605\gcs_upload_staging\naresome_thumbnails\5ZszHr_U17A.jpg,253385,gs://senior-share-staging-570862915709/naresome_thumbnails/5ZszHr_U17A.jpg,
5_M_hbNQ6Eg,E:\Data\ObsidianVault\02_Channels\馴れ初めシネマ\競合チャンネル分析\企画リサーチ_20260605\gcs_upload_staging\naresome_thumbnails\5_M_hbNQ6Eg.jpg,242440,gs://senior-share-staging-570862915709/naresome_thumbnails/5_M_hbNQ6Eg.jpg,
5_uYvCV3aUA,E:\Data\ObsidianVault\02_Channels\馴れ初めシネマ\競合チャンネル分析\企画リサーチ_20260605\gcs_upload_staging\naresome_thumbnails\5_uYvCV3aUA.jpg,241460,gs://senior-share-staging-570862915709/naresome_thumbnails/5_uYvCV3aUA.jpg,
5dN0Qw_fAog,E:\Data\ObsidianVault\02_Channels\馴れ初めシネマ\競合チャンネル分析\企画リサーチ_20260605\gcs_upload_staging\naresome_thumbnails\5dN0Qw_fAog.jpg,262255,gs://senior-share-staging-570862915709/naresome_thumbnails/5dN0Qw_fAog.jpg,
5hZoSoTGoRc,E:\Data\ObsidianVault\02_Channels\馴れ初めシネマ\競合チャンネル分析\企画リサーチ_20260605\gcs_upload_staging\naresome_thumbnails\5hZoSoTGoRc.jpg,251606,gs://senior-share-staging-570862915709/naresome_thumbnails/5hZoSoTGoRc.jpg,
5jDD6dCJ8JU,E:\Data\ObsidianVault\02_Channels\馴れ初めシネマ\競合チャンネル分析\企画リサーチ_20260605\gcs_upload_staging\naresome_thumbnails\5jDD6dCJ8JU.jpg,257712,gs://senior-share-staging-570862915709/naresome_thumbnails/5jDD6dCJ8JU.jpg,
5jSasUp5gc0,E:\Data\ObsidianVault\02_Channels\馴れ初めシネマ\競合チャンネル分析\企画リサーチ_20260605\gcs_upload_staging\naresome_thumbnails\5jSasUp5gc0.jpg,257031,gs://senior-share-staging-570862915709/naresome_thumbnails/5jSasUp5gc0.jpg,
5jXm_ANBmeI,E:\Data\ObsidianVault\02_Channels\馴れ初めシネマ\競合チャンネル分析\企画リサーチ_20260605\gcs_upload_staging\naresome_thumbnails\5jXm_ANBmeI.jpg,244459,gs://senior-share-staging-570862915709/naresome_thumbnails/5jXm_ANBmeI.jpg,
5kwzMyiDxaM,E:\Data\ObsidianVault\02_Channels\馴れ初めシネマ\競合チャンネル分析\企画リサーチ_20260605\gcs_upload_staging\naresome_thumbnails\5kwzMyiDxaM.jpg,238342,gs://senior-share-staging-570862915709/naresome_thumbnails/5kwzMyiDxaM.jpg,
5oZlycMKAsc,E:\Data\ObsidianVault\02_Channels\馴れ初めシネマ\競合チャンネル分析\企画リサーチ_20260605\gcs_upload_staging\naresome_thumbnails\5oZlycMKAsc.jpg,270673,gs://senior-share-staging-570862915709/naresome_thumbnails/5oZlycMKAsc.jpg,
5pIXGNjnwg0,E:\Data\ObsidianVault\02_Channels\馴れ初めシネマ\競合チャンネル分析\企画リサーチ_20260605\gcs_upload_staging\naresome_thumbnails\5pIXGNjnwg0.jpg,257345,gs://senior-share-staging-570862915709/naresome_thumbnails/5pIXGNjnwg0.jpg,
5qlds7wzA8s,E:\Data\ObsidianVault\02_Channels\馴れ初めシネマ\競合チャンネル分析\企画リサーチ_20260605\gcs_upload_staging\naresome_thumbnails\5qlds7wzA8s.jpg,230509,gs://senior-share-staging-570862915709/naresome_thumbnails/5qlds7wzA8s.jpg,
5rI63Xlpews,E:\Data\ObsidianVault\02_Channels\馴れ初めシネマ\競合チャンネル分析\企画リサーチ_20260605\gcs_upload_staging\naresome_thumbnails\5rI63Xlpews.jpg,238272,gs://senior-share-staging-570862915709/naresome_thumbnails/5rI63Xlpews.jpg,
5upJq9VoXuo,E:\Data\ObsidianVault\02_Channels\馴れ初めシネマ\競合チャンネル分析\企画リサーチ_20260605\gcs_upload_staging\naresome_thumbnails\5upJq9VoXuo.jpg,236982,gs://senior-share-staging-570862915709/naresome_thumbnails/5upJq9VoXuo.jpg,
5wDCWocke7c,E:\Data\ObsidianVault\02_Channels\馴れ初めシネマ\競合チャンネル分析\企画リサーチ_20260605\gcs_upload_staging\naresome_thumbnails\5wDCWocke7c.jpg,234760,gs://senior-share-staging-570862915709/naresome_thumbnails/5wDCWocke7c.jpg,
5wIK7py82Ig,E:\Data\ObsidianVault\02_Channels\馴れ初めシネマ\競合チャンネル分析\企画リサーチ_20260605\gcs_upload_staging\naresome_thumbnails\5wIK7py82Ig.jpg,250199,gs://senior-share-staging-570862915709/naresome_thumbnails/5wIK7py82Ig.jpg,
5xkGC8anm4c,E:\Data\ObsidianVault\02_Channels\馴れ初めシネマ\競合チャンネル分析\企画リサーチ_20260605\gcs_upload_staging\naresome_thumbnails\5xkGC8anm4c.jpg,243880,gs://senior-share-staging-570862915709/naresome_thumbnails/5xkGC8anm4c.jpg,
5zD6rCa6-jI,E:\Data\ObsidianVault\02_Channels\馴れ初めシネマ\競合チャンネル分析\企画リサーチ_20260605\gcs_upload_staging\naresome_thumbnails\5zD6rCa6-jI.jpg,242599,gs://senior-share-staging-570862915709/naresome_thumbnails/5zD6rCa6-jI.jpg,
5zt-a_gdkew,E:\Data\ObsidianVault\02_Channels\馴れ初めシネマ\競合チャンネル分析\企画リサーチ_20260605\gcs_upload_staging\naresome_thumbnails\5zt-a_gdkew.jpg,308111,gs://senior-share-staging-570862915709/naresome_thumbnails/5zt-a_gdkew.jpg,
6-SMjmPQCnQ,E:\Data\ObsidianVault\02_Channels\馴れ初めシネマ\競合チャンネル分析\企画リサーチ_20260605\gcs_upload_staging\naresome_thumbnails\6-SMjmPQCnQ.jpg,319613,gs://senior-share-staging-570862915709/naresome_thumbnails/6-SMjmPQCnQ.jpg,
608mtakx1Bg,E:\Data\ObsidianVault\02_Channels\馴れ初めシネマ\競合チャンネル分析\企画リサーチ_20260605\gcs_upload_staging\naresome_thumbnails\608mtakx1Bg.jpg,305700,gs://senior-share-staging-570862915709/naresome_thumbnails/608mtakx1Bg.jpg,
626kpqu2590,E:\Data\ObsidianVault\02_Channels\馴れ初めシネマ\競合チャンネル分析\企画リサーチ_20260605\gcs_upload_staging\naresome_thumbnails\626kpqu2590.jpg,276954,gs://senior-share-staging-570862915709/naresome_thumbnails/626kpqu2590.jpg,
631u1xH5zzg,E:\Data\ObsidianVault\02_Channels\馴れ初めシネマ\競合チャンネル分析\企画リサーチ_20260605\gcs_upload_staging\naresome_thumbnails\631u1xH5zzg.jpg,236194,gs://senior-share-staging-570862915709/naresome_thumbnails/631u1xH5zzg.jpg,
6340f_bv-Vg,E:\Data\ObsidianVault\02_Channels\馴れ初めシネマ\競合チャンネル分析\企画リサーチ_20260605\gcs_upload_staging\naresome_thumbnails\6340f_bv-Vg.jpg,267118,gs://senior-share-staging-570862915709/naresome_thumbnails/6340f_bv-Vg.jpg,
67CyxUtJJuU,E:\Data\ObsidianVault\02_Channels\馴れ初めシネマ\競合チャンネル分析\企画リサーチ_20260605\gcs_upload_staging\naresome_thumbnails\67CyxUtJJuU.jpg,216394,gs://senior-share-staging-570862915709/naresome_thumbnails/67CyxUtJJuU.jpg,
67UD5LnrADc,E:\Data\ObsidianVault\02_Channels\馴れ初めシネマ\競合チャンネル分析\企画リサーチ_20260605\gcs_upload_staging\naresome_thumbnails\67UD5LnrADc.jpg,265701,gs://senior-share-staging-570862915709/naresome_thumbnails/67UD5LnrADc.jpg,
67vv-cz0RwY,E:\Data\ObsidianVault\02_Channels\馴れ初めシネマ\競合チャンネル分析\企画リサーチ_20260605\gcs_upload_staging\naresome_thumbnails\67vv-cz0RwY.jpg,304965,gs://senior-share-staging-570862915709/naresome_thumbnails/67vv-cz0RwY.jpg,
68VOkkdwnAE,E:\Data\ObsidianVault\02_Channels\馴れ初めシネマ\競合チャンネル分析\企画リサーチ_20260605\gcs_upload_staging\naresome_thumbnails\68VOkkdwnAE.jpg,261985,gs://senior-share-staging-570862915709/naresome_thumbnails/68VOkkdwnAE.jpg,
69MtyzTd4z8,E:\Data\ObsidianVault\02_Channels\馴れ初めシネマ\競合チャンネル分析\企画リサーチ_20260605\gcs_upload_staging\naresome_thumbnails\69MtyzTd4z8.jpg,276696,gs://senior-share-staging-570862915709/naresome_thumbnails/69MtyzTd4z8.jpg,
6A8xOUY3Dss,E:\Data\ObsidianVault\02_Channels\馴れ初めシネマ\競合チャンネル分析\企画リサーチ_20260605\gcs_upload_staging\naresome_thumbnails\6A8xOUY3Dss.jpg,252827,gs://senior-share-staging-570862915709/naresome_thumbnails/6A8xOUY3Dss.jpg,
6AEMWgk7Upg,E:\Data\ObsidianVault\02_Channels\馴れ初めシネマ\競合チャンネル分析\企画リサーチ_20260605\gcs_upload_staging\naresome_thumbnails\6AEMWgk7Upg.jpg,262623,gs://senior-share-staging-570862915709/naresome_thumbnails/6AEMWgk7Upg.jpg,
6CJOfBQHMP0,E:\Data\ObsidianVault\02_Channels\馴れ初めシネマ\競合チャンネル分析\企画リサーチ_20260605\gcs_upload_staging\naresome_thumbnails\6CJOfBQHMP0.jpg,225100,gs://senior-share-staging-570862915709/naresome_thumbnails/6CJOfBQHMP0.jpg,
6DPNiC8MgNY,E:\Data\ObsidianVault\02_Channels\馴れ初めシネマ\競合チャンネル分析\企画リサーチ_20260605\gcs_upload_staging\naresome_thumbnails\6DPNiC8MgNY.jpg,286724,gs://senior-share-staging-570862915709/naresome_thumbnails/6DPNiC8MgNY.jpg,
6DT5xzyTjko,E:\Data\ObsidianVault\02_Channels\馴れ初めシネマ\競合チャンネル分析\企画リサーチ_20260605\gcs_upload_staging\naresome_thumbnails\6DT5xzyTjko.jpg,264471,gs://senior-share-staging-570862915709/naresome_thumbnails/6DT5xzyTjko.jpg,
6Gxcoei-WzQ,E:\Data\ObsidianVault\02_Channels\馴れ初めシネマ\競合チャンネル分析\企画リサーチ_20260605\gcs_upload_staging\naresome_thumbnails\6Gxcoei-WzQ.jpg,251595,gs://senior-share-staging-570862915709/naresome_thumbnails/6Gxcoei-WzQ.jpg,
6Hu8T3_qTlM,E:\Data\ObsidianVault\02_Channels\馴れ初めシネマ\競合チャンネル分析\企画リサーチ_20260605\gcs_upload_staging\naresome_thumbnails\6Hu8T3_qTlM.jpg,266524,gs://senior-share-staging-570862915709/naresome_thumbnails/6Hu8T3_qTlM.jpg,
6JZv6oKYBZQ,E:\Data\ObsidianVault\02_Channels\馴れ初めシネマ\競合チャンネル分析\企画リサーチ_20260605\gcs_upload_staging\naresome_thumbnails\6JZv6oKYBZQ.jpg,234537,gs://senior-share-staging-570862915709/naresome_thumbnails/6JZv6oKYBZQ.jpg,
6Rlg33aHJNA,E:\Data\ObsidianVault\02_Channels\馴れ初めシネマ\競合チャンネル分析\企画リサーチ_20260605\gcs_upload_staging\naresome_thumbnails\6Rlg33aHJNA.jpg,249506,gs://senior-share-staging-570862915709/naresome_thumbnails/6Rlg33aHJNA.jpg,
6VFeerE5tiE,E:\Data\ObsidianVault\02_Channels\馴れ初めシネマ\競合チャンネル分析\企画リサーチ_20260605\gcs_upload_staging\naresome_thumbnails\6VFeerE5tiE.jpg,271867,gs://senior-share-staging-570862915709/naresome_thumbnails/6VFeerE5tiE.jpg,
6Xk_xsWWho4,E:\Data\ObsidianVault\02_Channels\馴れ初めシネマ\競合チャンネル分析\企画リサーチ_20260605\gcs_upload_staging\naresome_thumbnails\6Xk_xsWWho4.jpg,266370,gs://senior-share-staging-570862915709/naresome_thumbnails/6Xk_xsWWho4.jpg,
6Yc6JxyfdMM,E:\Data\ObsidianVault\02_Channels\馴れ初めシネマ\競合チャンネル分析\企画リサーチ_20260605\gcs_upload_staging\naresome_thumbnails\6Yc6JxyfdMM.jpg,229508,gs://senior-share-staging-570862915709/naresome_thumbnails/6Yc6JxyfdMM.jpg,
6YeDlfzVvG4,E:\Data\ObsidianVault\02_Channels\馴れ初めシネマ\競合チャンネル分析\企画リサーチ_20260605\gcs_upload_staging\naresome_thumbnails\6YeDlfzVvG4.jpg,263552,gs://senior-share-staging-570862915709/naresome_thumbnails/6YeDlfzVvG4.jpg,
6Zo72wONL68,E:\Data\ObsidianVault\02_Channels\馴れ初めシネマ\競合チャンネル分析\企画リサーチ_20260605\gcs_upload_staging\naresome_thumbnails\6Zo72wONL68.jpg,269782,gs://senior-share-staging-570862915709/naresome_thumbnails/6Zo72wONL68.jpg,
6ZtGehTTcMM,E:\Data\ObsidianVault\02_Channels\馴れ初めシネマ\競合チャンネル分析\企画リサーチ_20260605\gcs_upload_staging\naresome_thumbnails\6ZtGehTTcMM.jpg,239963,gs://senior-share-staging-570862915709/naresome_thumbnails/6ZtGehTTcMM.jpg,
6aFLuY9izL8,E:\Data\ObsidianVault\02_Channels\馴れ初めシネマ\競合チャンネル分析\企画リサーチ_20260605\gcs_upload_staging\naresome_thumbnails\6aFLuY9izL8.jpg,248789,gs://senior-share-staging-570862915709/naresome_thumbnails/6aFLuY9izL8.jpg,
6dnlVuqwN0A,E:\Data\ObsidianVault\02_Channels\馴れ初めシネマ\競合チャンネル分析\企画リサーチ_20260605\gcs_upload_staging\naresome_thumbnails\6dnlVuqwN0A.jpg,257173,gs://senior-share-staging-570862915709/naresome_thumbnails/6dnlVuqwN0A.jpg,
6eS6ZCo_EkI,E:\Data\ObsidianVault\02_Channels\馴れ初めシネマ\競合チャンネル分析\企画リサーチ_20260605\gcs_upload_staging\naresome_thumbnails\6eS6ZCo_EkI.jpg,254324,gs://senior-share-staging-570862915709/naresome_thumbnails/6eS6ZCo_EkI.jpg,
6g1hipM-ehc,E:\Data\ObsidianVault\02_Channels\馴れ初めシネマ\競合チャンネル分析\企画リサーチ_20260605\gcs_upload_staging\naresome_thumbnails\6g1hipM-ehc.jpg,281138,gs://senior-share-staging-570862915709/naresome_thumbnails/6g1hipM-ehc.jpg,
6g8ReejFV4k,E:\Data\ObsidianVault\02_Channels\馴れ初めシネマ\競合チャンネル分析\企画リサーチ_20260605\gcs_upload_staging\naresome_thumbnails\6g8ReejFV4k.jpg,304378,gs://senior-share-staging-570862915709/naresome_thumbnails/6g8ReejFV4k.jpg,
6i757pZhK8k,E:\Data\ObsidianVault\02_Channels\馴れ初めシネマ\競合チャンネル分析\企画リサーチ_20260605\gcs_upload_staging\naresome_thumbnails\6i757pZhK8k.jpg,257793,gs://senior-share-staging-570862915709/naresome_thumbnails/6i757pZhK8k.jpg,
6ipSS5_5u3M,E:\Data\ObsidianVault\02_Channels\馴れ初めシネマ\競合チャンネル分析\企画リサーチ_20260605\gcs_upload_staging\naresome_thumbnails\6ipSS5_5u3M.jpg,271495,gs://senior-share-staging-570862915709/naresome_thumbnails/6ipSS5_5u3M.jpg,
6l8n40-XRR4,E:\Data\ObsidianVault\02_Channels\馴れ初めシネマ\競合チャンネル分析\企画リサーチ_20260605\gcs_upload_staging\naresome_thumbnails\6l8n40-XRR4.jpg,245811,gs://senior-share-staging-570862915709/naresome_thumbnails/6l8n40-XRR4.jpg,
6lv6Df7X9Q0,E:\Data\ObsidianVault\02_Channels\馴れ初めシネマ\競合チャンネル分析\企画リサーチ_20260605\gcs_upload_staging\naresome_thumbnails\6lv6Df7X9Q0.jpg,236765,gs://senior-share-staging-570862915709/naresome_thumbnails/6lv6Df7X9Q0.jpg,
6m1OSwBsnrs,E:\Data\ObsidianVault\02_Channels\馴れ初めシネマ\競合チャンネル分析\企画リサーチ_20260605\gcs_upload_staging\naresome_thumbnails\6m1OSwBsnrs.jpg,242004,gs://senior-share-staging-570862915709/naresome_thumbnails/6m1OSwBsnrs.jpg,
6m_m1JiXwjg,E:\Data\ObsidianVault\02_Channels\馴れ初めシネマ\競合チャンネル分析\企画リサーチ_20260605\gcs_upload_staging\naresome_thumbnails\6m_m1JiXwjg.jpg,250211,gs://senior-share-staging-570862915709/naresome_thumbnails/6m_m1JiXwjg.jpg,
6mvUuffwtls,E:\Data\ObsidianVault\02_Channels\馴れ初めシネマ\競合チャンネル分析\企画リサーチ_20260605\gcs_upload_staging\naresome_thumbnails\6mvUuffwtls.jpg,281786,gs://senior-share-staging-570862915709/naresome_thumbnails/6mvUuffwtls.jpg,
6pXzQ3t9SHU,E:\Data\ObsidianVault\02_Channels\馴れ初めシネマ\競合チャンネル分析\企画リサーチ_20260605\gcs_upload_staging\naresome_thumbnails\6pXzQ3t9SHU.jpg,229133,gs://senior-share-staging-570862915709/naresome_thumbnails/6pXzQ3t9SHU.jpg,
6pb4g1tRAmc,E:\Data\ObsidianVault\02_Channels\馴れ初めシネマ\競合チャンネル分析\企画リサーチ_20260605\gcs_upload_staging\naresome_thumbnails\6pb4g1tRAmc.jpg,259513,gs://senior-share-staging-570862915709/naresome_thumbnails/6pb4g1tRAmc.jpg,
6sO8vU4cBuQ,E:\Data\ObsidianVault\02_Channels\馴れ初めシネマ\競合チャンネル分析\企画リサーチ_20260605\gcs_upload_staging\naresome_thumbnails\6sO8vU4cBuQ.jpg,295488,gs://senior-share-staging-570862915709/naresome_thumbnails/6sO8vU4cBuQ.jpg,
6sXJjtpXHac,E:\Data\ObsidianVault\02_Channels\馴れ初めシネマ\競合チャンネル分析\企画リサーチ_20260605\gcs_upload_staging\naresome_thumbnails\6sXJjtpXHac.jpg,279072,gs://senior-share-staging-570862915709/naresome_thumbnails/6sXJjtpXHac.jpg,
6smteqjvg4E,E:\Data\ObsidianVault\02_Channels\馴れ初めシネマ\競合チャンネル分析\企画リサーチ_20260605\gcs_upload_staging\naresome_thumbnails\6smteqjvg4E.jpg,257634,gs://senior-share-staging-570862915709/naresome_thumbnails/6smteqjvg4E.jpg,
6uuHy1jJMoQ,E:\Data\ObsidianVault\02_Channels\馴れ初めシネマ\競合チャンネル分析\企画リサーチ_20260605\gcs_upload_staging\naresome_thumbnails\6uuHy1jJMoQ.jpg,238415,gs://senior-share-staging-570862915709/naresome_thumbnails/6uuHy1jJMoQ.jpg,
6vXzVgWaoDU,E:\Data\ObsidianVault\02_Channels\馴れ初めシネマ\競合チャンネル分析\企画リサーチ_20260605\gcs_upload_staging\naresome_thumbnails\6vXzVgWaoDU.jpg,257712,gs://senior-share-staging-570862915709/naresome_thumbnails/6vXzVgWaoDU.jpg,
6xBKcHdsKr0,E:\Data\ObsidianVault\02_Channels\馴れ初めシネマ\競合チャンネル分析\企画リサーチ_20260605\gcs_upload_staging\naresome_thumbnails\6xBKcHdsKr0.jpg,265303,gs://senior-share-staging-570862915709/naresome_thumbnails/6xBKcHdsKr0.jpg,
6xYePIeRhwQ,E:\Data\ObsidianVault\02_Channels\馴れ初めシネマ\競合チャンネル分析\企画リサーチ_20260605\gcs_upload_staging\naresome_thumbnails\6xYePIeRhwQ.jpg,337882,gs://senior-share-staging-570862915709/naresome_thumbnails/6xYePIeRhwQ.jpg,
71HLC0P4rUg,E:\Data\ObsidianVault\02_Channels\馴れ初めシネマ\競合チャンネル分析\企画リサーチ_20260605\gcs_upload_staging\naresome_thumbnails\71HLC0P4rUg.jpg,248150,gs://senior-share-staging-570862915709/naresome_thumbnails/71HLC0P4rUg.jpg,
72-CTrfCyFQ,E:\Data\ObsidianVault\02_Channels\馴れ初めシネマ\競合チャンネル分析\企画リサーチ_20260605\gcs_upload_staging\naresome_thumbnails\72-CTrfCyFQ.jpg,231048,gs://senior-share-staging-570862915709/naresome_thumbnails/72-CTrfCyFQ.jpg,
72gIYxLnSZA,E:\Data\ObsidianVault\02_Channels\馴れ初めシネマ\競合チャンネル分析\企画リサーチ_20260605\gcs_upload_staging\naresome_thumbnails\72gIYxLnSZA.jpg,272224,gs://senior-share-staging-570862915709/naresome_thumbnails/72gIYxLnSZA.jpg,
73dqqJd7bVU,E:\Data\ObsidianVault\02_Channels\馴れ初めシネマ\競合チャンネル分析\企画リサーチ_20260605\gcs_upload_staging\naresome_thumbnails\73dqqJd7bVU.jpg,257065,gs://senior-share-staging-570862915709/naresome_thumbnails/73dqqJd7bVU.jpg,
79QiHDr0zJo,E:\Data\ObsidianVault\02_Channels\馴れ初めシネマ\競合チャンネル分析\企画リサーチ_20260605\gcs_upload_staging\naresome_thumbnails\79QiHDr0zJo.jpg,263628,gs://senior-share-staging-570862915709/naresome_thumbnails/79QiHDr0zJo.jpg,
7A6-UYcq5AY,E:\Data\ObsidianVault\02_Channels\馴れ初めシネマ\競合チャンネル分析\企画リサーチ_20260605\gcs_upload_staging\naresome_thumbnails\7A6-UYcq5AY.jpg,247259,gs://senior-share-staging-570862915709/naresome_thumbnails/7A6-UYcq5AY.jpg,
7DoWiYqcdXk,E:\Data\ObsidianVault\02_Channels\馴れ初めシネマ\競合チャンネル分析\企画リサーチ_20260605\gcs_upload_staging\naresome_thumbnails\7DoWiYqcdXk.jpg,256166,gs://senior-share-staging-570862915709/naresome_thumbnails/7DoWiYqcdXk.jpg,
7EN26MXbaVU,E:\Data\ObsidianVault\02_Channels\馴れ初めシネマ\競合チャンネル分析\企画リサーチ_20260605\gcs_upload_staging\naresome_thumbnails\7EN26MXbaVU.jpg,263148,gs://senior-share-staging-570862915709/naresome_thumbnails/7EN26MXbaVU.jpg,
7EeGoihjcMQ,E:\Data\ObsidianVault\02_Channels\馴れ初めシネマ\競合チャンネル分析\企画リサーチ_20260605\gcs_upload_staging\naresome_thumbnails\7EeGoihjcMQ.jpg,55389,gs://senior-share-staging-570862915709/naresome_thumbnails/7EeGoihjcMQ.jpg,
7FNnM9nB4PI,E:\Data\ObsidianVault\02_Channels\馴れ初めシネマ\競合チャンネル分析\企画リサーチ_20260605\gcs_upload_staging\naresome_thumbnails\7FNnM9nB4PI.jpg,227412,gs://senior-share-staging-570862915709/naresome_thumbnails/7FNnM9nB4PI.jpg,
7Idu1lUFvmk,E:\Data\ObsidianVault\02_Channels\馴れ初めシネマ\競合チャンネル分析\企画リサーチ_20260605\gcs_upload_staging\naresome_thumbnails\7Idu1lUFvmk.jpg,277483,gs://senior-share-staging-570862915709/naresome_thumbnails/7Idu1lUFvmk.jpg,
7JoIL9PPFKs,E:\Data\ObsidianVault\02_Channels\馴れ初めシネマ\競合チャンネル分析\企画リサーチ_20260605\gcs_upload_staging\naresome_thumbnails\7JoIL9PPFKs.jpg,258986,gs://senior-share-staging-570862915709/naresome_thumbnails/7JoIL9PPFKs.jpg,
7KSCjFV4VbA,E:\Data\ObsidianVault\02_Channels\馴れ初めシネマ\競合チャンネル分析\企画リサーチ_20260605\gcs_upload_staging\naresome_thumbnails\7KSCjFV4VbA.jpg,270430,gs://senior-share-staging-570862915709/naresome_thumbnails/7KSCjFV4VbA.jpg,
7Nub4ZakZyQ,E:\Data\ObsidianVault\02_Channels\馴れ初めシネマ\競合チャンネル分析\企画リサーチ_20260605\gcs_upload_staging\naresome_thumbnails\7Nub4ZakZyQ.jpg,258501,gs://senior-share-staging-570862915709/naresome_thumbnails/7Nub4ZakZyQ.jpg,
7O53F8HkEa4,E:\Data\ObsidianVault\02_Channels\馴れ初めシネマ\競合チャンネル分析\企画リサーチ_20260605\gcs_upload_staging\naresome_thumbnails\7O53F8HkEa4.jpg,277944,gs://senior-share-staging-570862915709/naresome_thumbnails/7O53F8HkEa4.jpg,
7OOzuqNzjF4,E:\Data\ObsidianVault\02_Channels\馴れ初めシネマ\競合チャンネル分析\企画リサーチ_20260605\gcs_upload_staging\naresome_thumbnails\7OOzuqNzjF4.jpg,258133,gs://senior-share-staging-570862915709/naresome_thumbnails/7OOzuqNzjF4.jpg,
7Q2TZWIB8-0,E:\Data\ObsidianVault\02_Channels\馴れ初めシネマ\競合チャンネル分析\企画リサーチ_20260605\gcs_upload_staging\naresome_thumbnails\7Q2TZWIB8-0.jpg,228202,gs://senior-share-staging-570862915709/naresome_thumbnails/7Q2TZWIB8-0.jpg,
7QMlW6iIQ8c,E:\Data\ObsidianVault\02_Channels\馴れ初めシネマ\競合チャンネル分析\企画リサーチ_20260605\gcs_upload_staging\naresome_thumbnails\7QMlW6iIQ8c.jpg,248390,gs://senior-share-staging-570862915709/naresome_thumbnails/7QMlW6iIQ8c.jpg,
7QlbOH-Ggrs,E:\Data\ObsidianVault\02_Channels\馴れ初めシネマ\競合チャンネル分析\企画リサーチ_20260605\gcs_upload_staging\naresome_thumbnails\7QlbOH-Ggrs.jpg,285180,gs://senior-share-staging-570862915709/naresome_thumbnails/7QlbOH-Ggrs.jpg,
7SkILtaevNQ,E:\Data\ObsidianVault\02_Channels\馴れ初めシネマ\競合チャンネル分析\企画リサーチ_20260605\gcs_upload_staging\naresome_thumbnails\7SkILtaevNQ.jpg,251741,gs://senior-share-staging-570862915709/naresome_thumbnails/7SkILtaevNQ.jpg,
7UPhTUm6i4I,E:\Data\ObsidianVault\02_Channels\馴れ初めシネマ\競合チャンネル分析\企画リサーチ_20260605\gcs_upload_staging\naresome_thumbnails\7UPhTUm6i4I.jpg,220981,gs://senior-share-staging-570862915709/naresome_thumbnails/7UPhTUm6i4I.jpg,
7UxnNn0VtqE,E:\Data\ObsidianVault\02_Channels\馴れ初めシネマ\競合チャンネル分析\企画リサーチ_20260605\gcs_upload_staging\naresome_thumbnails\7UxnNn0VtqE.jpg,269810,gs://senior-share-staging-570862915709/naresome_thumbnails/7UxnNn0VtqE.jpg,
7WDCpAtAjiM,E:\Data\ObsidianVault\02_Channels\馴れ初めシネマ\競合チャンネル分析\企画リサーチ_20260605\gcs_upload_staging\naresome_thumbnails\7WDCpAtAjiM.jpg,257150,gs://senior-share-staging-570862915709/naresome_thumbnails/7WDCpAtAjiM.jpg,
7Xt_x8R8EKk,E:\Data\ObsidianVault\02_Channels\馴れ初めシネマ\競合チャンネル分析\企画リサーチ_20260605\gcs_upload_staging\naresome_thumbnails\7Xt_x8R8EKk.jpg,260646,gs://senior-share-staging-570862915709/naresome_thumbnails/7Xt_x8R8EKk.jpg,
7a3BQGunLqA,E:\Data\ObsidianVault\02_Channels\馴れ初めシネマ\競合チャンネル分析\企画リサーチ_20260605\gcs_upload_staging\naresome_thumbnails\7a3BQGunLqA.jpg,313914,gs://senior-share-staging-570862915709/naresome_thumbnails/7a3BQGunLqA.jpg,
7bOyrcTuz5U,E:\Data\ObsidianVault\02_Channels\馴れ初めシネマ\競合チャンネル分析\企画リサーチ_20260605\gcs_upload_staging\naresome_thumbnails\7bOyrcTuz5U.jpg,259088,gs://senior-share-staging-570862915709/naresome_thumbnails/7bOyrcTuz5U.jpg,
7fl_hl-gC1E,E:\Data\ObsidianVault\02_Channels\馴れ初めシネマ\競合チャンネル分析\企画リサーチ_20260605\gcs_upload_staging\naresome_thumbnails\7fl_hl-gC1E.jpg,226204,gs://senior-share-staging-570862915709/naresome_thumbnails/7fl_hl-gC1E.jpg,
7hbCYi47VVg,E:\Data\ObsidianVault\02_Channels\馴れ初めシネマ\競合チャンネル分析\企画リサーチ_20260605\gcs_upload_staging\naresome_thumbnails\7hbCYi47VVg.jpg,253123,gs://senior-share-staging-570862915709/naresome_thumbnails/7hbCYi47VVg.jpg,
7itJmYVuxTg,E:\Data\ObsidianVault\02_Channels\馴れ初めシネマ\競合チャンネル分析\企画リサーチ_20260605\gcs_upload_staging\naresome_thumbnails\7itJmYVuxTg.jpg,321511,gs://senior-share-staging-570862915709/naresome_thumbnails/7itJmYVuxTg.jpg,
7j-JbmBuOHI,E:\Data\ObsidianVault\02_Channels\馴れ初めシネマ\競合チャンネル分析\企画リサーチ_20260605\gcs_upload_staging\naresome_thumbnails\7j-JbmBuOHI.jpg,272595,gs://senior-share-staging-570862915709/naresome_thumbnails/7j-JbmBuOHI.jpg,
7kq2_SyqMK4,E:\Data\ObsidianVault\02_Channels\馴れ初めシネマ\競合チャンネル分析\企画リサーチ_20260605\gcs_upload_staging\naresome_thumbnails\7kq2_SyqMK4.jpg,270446,gs://senior-share-staging-570862915709/naresome_thumbnails/7kq2_SyqMK4.jpg,
7lISuTBTAH8,E:\Data\ObsidianVault\02_Channels\馴れ初めシネマ\競合チャンネル分析\企画リサーチ_20260605\gcs_upload_staging\naresome_thumbnails\7lISuTBTAH8.jpg,264030,gs://senior-share-staging-570862915709/naresome_thumbnails/7lISuTBTAH8.jpg,
7mRGC_iLHpg,E:\Data\ObsidianVault\02_Channels\馴れ初めシネマ\競合チャンネル分析\企画リサーチ_20260605\gcs_upload_staging\naresome_thumbnails\7mRGC_iLHpg.jpg,250264,gs://senior-share-staging-570862915709/naresome_thumbnails/7mRGC_iLHpg.jpg,
7p1APS9WE8Q,E:\Data\ObsidianVault\02_Channels\馴れ初めシネマ\競合チャンネル分析\企画リサーチ_20260605\gcs_upload_staging\naresome_thumbnails\7p1APS9WE8Q.jpg,252244,gs://senior-share-staging-570862915709/naresome_thumbnails/7p1APS9WE8Q.jpg,
7qPZ6m6PtqY,E:\Data\ObsidianVault\02_Channels\馴れ初めシネマ\競合チャンネル分析\企画リサーチ_20260605\gcs_upload_staging\naresome_thumbnails\7qPZ6m6PtqY.jpg,254369,gs://senior-share-staging-570862915709/naresome_thumbnails/7qPZ6m6PtqY.jpg,
7rsmSlCaJ-Q,E:\Data\ObsidianVault\02_Channels\馴れ初めシネマ\競合チャンネル分析\企画リサーチ_20260605\gcs_upload_staging\naresome_thumbnails\7rsmSlCaJ-Q.jpg,224408,gs://senior-share-staging-570862915709/naresome_thumbnails/7rsmSlCaJ-Q.jpg,
7rvMY_wni10,E:\Data\ObsidianVault\02_Channels\馴れ初めシネマ\競合チャンネル分析\企画リサーチ_20260605\gcs_upload_staging\naresome_thumbnails\7rvMY_wni10.jpg,334432,gs://senior-share-staging-570862915709/naresome_thumbnails/7rvMY_wni10.jpg,
7uDApPqk77I,E:\Data\ObsidianVault\02_Channels\馴れ初めシネマ\競合チャンネル分析\企画リサーチ_20260605\gcs_upload_staging\naresome_thumbnails\7uDApPqk77I.jpg,277516,gs://senior-share-staging-570862915709/naresome_thumbnails/7uDApPqk77I.jpg,
7vflXsyh_aM,E:\Data\ObsidianVault\02_Channels\馴れ初めシネマ\競合チャンネル分析\企画リサーチ_20260605\gcs_upload_staging\naresome_thumbnails\7vflXsyh_aM.jpg,289218,gs://senior-share-staging-570862915709/naresome_thumbnails/7vflXsyh_aM.jpg,
7yBLVi4ph84,E:\Data\ObsidianVault\02_Channels\馴れ初めシネマ\競合チャンネル分析\企画リサーチ_20260605\gcs_upload_staging\naresome_thumbnails\7yBLVi4ph84.jpg,262058,gs://senior-share-staging-570862915709/naresome_thumbnails/7yBLVi4ph84.jpg,
7zbmd95lI68,E:\Data\ObsidianVault\02_Channels\馴れ初めシネマ\競合チャンネル分析\企画リサーチ_20260605\gcs_upload_staging\naresome_thumbnails\7zbmd95lI68.jpg,246241,gs://senior-share-staging-570862915709/naresome_thumbnails/7zbmd95lI68.jpg,
8-A7k_6Ncx4,E:\Data\ObsidianVault\02_Channels\馴れ初めシネマ\競合チャンネル分析\企画リサーチ_20260605\gcs_upload_staging\naresome_thumbnails\8-A7k_6Ncx4.jpg,261860,gs://senior-share-staging-570862915709/naresome_thumbnails/8-A7k_6Ncx4.jpg,
80ICwifN3r4,E:\Data\ObsidianVault\02_Channels\馴れ初めシネマ\競合チャンネル分析\企画リサーチ_20260605\gcs_upload_staging\naresome_thumbnails\80ICwifN3r4.jpg,248356,gs://senior-share-staging-570862915709/naresome_thumbnails/80ICwifN3r4.jpg,
82mjoQYHd_M,E:\Data\ObsidianVault\02_Channels\馴れ初めシネマ\競合チャンネル分析\企画リサーチ_20260605\gcs_upload_staging\naresome_thumbnails\82mjoQYHd_M.jpg,337637,gs://senior-share-staging-570862915709/naresome_thumbnails/82mjoQYHd_M.jpg,
8300o6CKoQQ,E:\Data\ObsidianVault\02_Channels\馴れ初めシネマ\競合チャンネル分析\企画リサーチ_20260605\gcs_upload_staging\naresome_thumbnails\8300o6CKoQQ.jpg,254065,gs://senior-share-staging-570862915709/naresome_thumbnails/8300o6CKoQQ.jpg,
85xnR5CRvvM,E:\Data\ObsidianVault\02_Channels\馴れ初めシネマ\競合チャンネル分析\企画リサーチ_20260605\gcs_upload_staging\naresome_thumbnails\85xnR5CRvvM.jpg,313232,gs://senior-share-staging-570862915709/naresome_thumbnails/85xnR5CRvvM.jpg,
86K8K9R6QuA,E:\Data\ObsidianVault\02_Channels\馴れ初めシネマ\競合チャンネル分析\企画リサーチ_20260605\gcs_upload_staging\naresome_thumbnails\86K8K9R6QuA.jpg,245935,gs://senior-share-staging-570862915709/naresome_thumbnails/86K8K9R6QuA.jpg,
86Rw8rgEhEg,E:\Data\ObsidianVault\02_Channels\馴れ初めシネマ\競合チャンネル分析\企画リサーチ_20260605\gcs_upload_staging\naresome_thumbnails\86Rw8rgEhEg.jpg,257770,gs://senior-share-staging-570862915709/naresome_thumbnails/86Rw8rgEhEg.jpg,
88QeJt-7oEA,E:\Data\ObsidianVault\02_Channels\馴れ初めシネマ\競合チャンネル分析\企画リサーチ_20260605\gcs_upload_staging\naresome_thumbnails\88QeJt-7oEA.jpg,259679,gs://senior-share-staging-570862915709/naresome_thumbnails/88QeJt-7oEA.jpg,
88XPA760bMA,E:\Data\ObsidianVault\02_Channels\馴れ初めシネマ\競合チャンネル分析\企画リサーチ_20260605\gcs_upload_staging\naresome_thumbnails\88XPA760bMA.jpg,270818,gs://senior-share-staging-570862915709/naresome_thumbnails/88XPA760bMA.jpg,
88qrdcJPjGI,E:\Data\ObsidianVault\02_Channels\馴れ初めシネマ\競合チャンネル分析\企画リサーチ_20260605\gcs_upload_staging\naresome_thumbnails\88qrdcJPjGI.jpg,256800,gs://senior-share-staging-570862915709/naresome_thumbnails/88qrdcJPjGI.jpg,
88uyN4Niax8,E:\Data\ObsidianVault\02_Channels\馴れ初めシネマ\競合チャンネル分析\企画リサーチ_20260605\gcs_upload_staging\naresome_thumbnails\88uyN4Niax8.jpg,247216,gs://senior-share-staging-570862915709/naresome_thumbnails/88uyN4Niax8.jpg,
89iFZpyzQKw,E:\Data\ObsidianVault\02_Channels\馴れ初めシネマ\競合チャンネル分析\企画リサーチ_20260605\gcs_upload_staging\naresome_thumbnails\89iFZpyzQKw.jpg,235687,gs://senior-share-staging-570862915709/naresome_thumbnails/89iFZpyzQKw.jpg,
89r2p1RdF9s,E:\Data\ObsidianVault\02_Channels\馴れ初めシネマ\競合チャンネル分析\企画リサーチ_20260605\gcs_upload_staging\naresome_thumbnails\89r2p1RdF9s.jpg,256630,gs://senior-share-staging-570862915709/naresome_thumbnails/89r2p1RdF9s.jpg,
8CBOaTjkMpw,E:\Data\ObsidianVault\02_Channels\馴れ初めシネマ\競合チャンネル分析\企画リサーチ_20260605\gcs_upload_staging\naresome_thumbnails\8CBOaTjkMpw.jpg,260466,gs://senior-share-staging-570862915709/naresome_thumbnails/8CBOaTjkMpw.jpg,
8DynFwclrCU,E:\Data\ObsidianVault\02_Channels\馴れ初めシネマ\競合チャンネル分析\企画リサーチ_20260605\gcs_upload_staging\naresome_thumbnails\8DynFwclrCU.jpg,236590,gs://senior-share-staging-570862915709/naresome_thumbnails/8DynFwclrCU.jpg,
8I2QqR_Hg74,E:\Data\ObsidianVault\02_Channels\馴れ初めシネマ\競合チャンネル分析\企画リサーチ_20260605\gcs_upload_staging\naresome_thumbnails\8I2QqR_Hg74.jpg,240745,gs://senior-share-staging-570862915709/naresome_thumbnails/8I2QqR_Hg74.jpg,
8ITQd2L5THE,E:\Data\ObsidianVault\02_Channels\馴れ初めシネマ\競合チャンネル分析\企画リサーチ_20260605\gcs_upload_staging\naresome_thumbnails\8ITQd2L5THE.jpg,272024,gs://senior-share-staging-570862915709/naresome_thumbnails/8ITQd2L5THE.jpg,
8IW_tmg3CrM,E:\Data\ObsidianVault\02_Channels\馴れ初めシネマ\競合チャンネル分析\企画リサーチ_20260605\gcs_upload_staging\naresome_thumbnails\8IW_tmg3CrM.jpg,254003,gs://senior-share-staging-570862915709/naresome_thumbnails/8IW_tmg3CrM.jpg,
8IzysfoVS2w,E:\Data\ObsidianVault\02_Channels\馴れ初めシネマ\競合チャンネル分析\企画リサーチ_20260605\gcs_upload_staging\naresome_thumbnails\8IzysfoVS2w.jpg,266488,gs://senior-share-staging-570862915709/naresome_thumbnails/8IzysfoVS2w.jpg,
8KUZym302FQ,E:\Data\ObsidianVault\02_Channels\馴れ初めシネマ\競合チャンネル分析\企画リサーチ_20260605\gcs_upload_staging\naresome_thumbnails\8KUZym302FQ.jpg,264752,gs://senior-share-staging-570862915709/naresome_thumbnails/8KUZym302FQ.jpg,
8N1_-dBgkyI,E:\Data\ObsidianVault\02_Channels\馴れ初めシネマ\競合チャンネル分析\企画リサーチ_20260605\gcs_upload_staging\naresome_thumbnails\8N1_-dBgkyI.jpg,264374,gs://senior-share-staging-570862915709/naresome_thumbnails/8N1_-dBgkyI.jpg,
8P-e7eSMH4o,E:\Data\ObsidianVault\02_Channels\馴れ初めシネマ\競合チャンネル分析\企画リサーチ_20260605\gcs_upload_staging\naresome_thumbnails\8P-e7eSMH4o.jpg,239662,gs://senior-share-staging-570862915709/naresome_thumbnails/8P-e7eSMH4o.jpg,
8RHA6loTSpk,E:\Data\ObsidianVault\02_Channels\馴れ初めシネマ\競合チャンネル分析\企画リサーチ_20260605\gcs_upload_staging\naresome_thumbnails\8RHA6loTSpk.jpg,297621,gs://senior-share-staging-570862915709/naresome_thumbnails/8RHA6loTSpk.jpg,
8T0OnpiL4Zo,E:\Data\ObsidianVault\02_Channels\馴れ初めシネマ\競合チャンネル分析\企画リサーチ_20260605\gcs_upload_staging\naresome_thumbnails\8T0OnpiL4Zo.jpg,255143,gs://senior-share-staging-570862915709/naresome_thumbnails/8T0OnpiL4Zo.jpg,
8T3cvDyQhO8,E:\Data\ObsidianVault\02_Channels\馴れ初めシネマ\競合チャンネル分析\企画リサーチ_20260605\gcs_upload_staging\naresome_thumbnails\8T3cvDyQhO8.jpg,274636,gs://senior-share-staging-570862915709/naresome_thumbnails/8T3cvDyQhO8.jpg,
8TEBzOisIbk,E:\Data\ObsidianVault\02_Channels\馴れ初めシネマ\競合チャンネル分析\企画リサーチ_20260605\gcs_upload_staging\naresome_thumbnails\8TEBzOisIbk.jpg,239360,gs://senior-share-staging-570862915709/naresome_thumbnails/8TEBzOisIbk.jpg,
8XNUvaGJq40,E:\Data\ObsidianVault\02_Channels\馴れ初めシネマ\競合チャンネル分析\企画リサーチ_20260605\gcs_upload_staging\naresome_thumbnails\8XNUvaGJq40.jpg,256574,gs://senior-share-staging-570862915709/naresome_thumbnails/8XNUvaGJq40.jpg,
8YLVrz-8hoc,E:\Data\ObsidianVault\02_Channels\馴れ初めシネマ\競合チャンネル分析\企画リサーチ_20260605\gcs_upload_staging\naresome_thumbnails\8YLVrz-8hoc.jpg,265407,gs://senior-share-staging-570862915709/naresome_thumbnails/8YLVrz-8hoc.jpg,
8YfdKWyHkmM,E:\Data\ObsidianVault\02_Channels\馴れ初めシネマ\競合チャンネル分析\企画リサーチ_20260605\gcs_upload_staging\naresome_thumbnails\8YfdKWyHkmM.jpg,261397,gs://senior-share-staging-570862915709/naresome_thumbnails/8YfdKWyHkmM.jpg,
8ZyIK1XdNbI,E:\Data\ObsidianVault\02_Channels\馴れ初めシネマ\競合チャンネル分析\企画リサーチ_20260605\gcs_upload_staging\naresome_thumbnails\8ZyIK1XdNbI.jpg,272060,gs://senior-share-staging-570862915709/naresome_thumbnails/8ZyIK1XdNbI.jpg,
8aDqlw8lTAo,E:\Data\ObsidianVault\02_Channels\馴れ初めシネマ\競合チャンネル分析\企画リサーチ_20260605\gcs_upload_staging\naresome_thumbnails\8aDqlw8lTAo.jpg,266577,gs://senior-share-staging-570862915709/naresome_thumbnails/8aDqlw8lTAo.jpg,
8aohDLODNUk,E:\Data\ObsidianVault\02_Channels\馴れ初めシネマ\競合チャンネル分析\企画リサーチ_20260605\gcs_upload_staging\naresome_thumbnails\8aohDLODNUk.jpg,244231,gs://senior-share-staging-570862915709/naresome_thumbnails/8aohDLODNUk.jpg,
8bNlztQYV4c,E:\Data\ObsidianVault\02_Channels\馴れ初めシネマ\競合チャンネル分析\企画リサーチ_20260605\gcs_upload_staging\naresome_thumbnails\8bNlztQYV4c.jpg,265739,gs://senior-share-staging-570862915709/naresome_thumbnails/8bNlztQYV4c.jpg,
8ba-5R49KLI,E:\Data\ObsidianVault\02_Channels\馴れ初めシネマ\競合チャンネル分析\企画リサーチ_20260605\gcs_upload_staging\naresome_thumbnails\8ba-5R49KLI.jpg,287071,gs://senior-share-staging-570862915709/naresome_thumbnails/8ba-5R49KLI.jpg,
8dTPRLqXzbY,E:\Data\ObsidianVault\02_Channels\馴れ初めシネマ\競合チャンネル分析\企画リサーチ_20260605\gcs_upload_staging\naresome_thumbnails\8dTPRLqXzbY.jpg,292067,gs://senior-share-staging-570862915709/naresome_thumbnails/8dTPRLqXzbY.jpg,
8eUy1koUkXQ,E:\Data\ObsidianVault\02_Channels\馴れ初めシネマ\競合チャンネル分析\企画リサーチ_20260605\gcs_upload_staging\naresome_thumbnails\8eUy1koUkXQ.jpg,261200,gs://senior-share-staging-570862915709/naresome_thumbnails/8eUy1koUkXQ.jpg,
8hMwXjf94SE,E:\Data\ObsidianVault\02_Channels\馴れ初めシネマ\競合チャンネル分析\企画リサーチ_20260605\gcs_upload_staging\naresome_thumbnails\8hMwXjf94SE.jpg,322539,gs://senior-share-staging-570862915709/naresome_thumbnails/8hMwXjf94SE.jpg,
8lob8PN9hNY,E:\Data\ObsidianVault\02_Channels\馴れ初めシネマ\競合チャンネル分析\企画リサーチ_20260605\gcs_upload_staging\naresome_thumbnails\8lob8PN9hNY.jpg,267392,gs://senior-share-staging-570862915709/naresome_thumbnails/8lob8PN9hNY.jpg,
8mxJHadevy8,E:\Data\ObsidianVault\02_Channels\馴れ初めシネマ\競合チャンネル分析\企画リサーチ_20260605\gcs_upload_staging\naresome_thumbnails\8mxJHadevy8.jpg,267531,gs://senior-share-staging-570862915709/naresome_thumbnails/8mxJHadevy8.jpg,
8nVEc4zdq5c,E:\Data\ObsidianVault\02_Channels\馴れ初めシネマ\競合チャンネル分析\企画リサーチ_20260605\gcs_upload_staging\naresome_thumbnails\8nVEc4zdq5c.jpg,248068,gs://senior-share-staging-570862915709/naresome_thumbnails/8nVEc4zdq5c.jpg,
8p3K8mAnVl0,E:\Data\ObsidianVault\02_Channels\馴れ初めシネマ\競合チャンネル分析\企画リサーチ_20260605\gcs_upload_staging\naresome_thumbnails\8p3K8mAnVl0.jpg,251438,gs://senior-share-staging-570862915709/naresome_thumbnails/8p3K8mAnVl0.jpg,
8p7I_c2pRJQ,E:\Data\ObsidianVault\02_Channels\馴れ初めシネマ\競合チャンネル分析\企画リサーチ_20260605\gcs_upload_staging\naresome_thumbnails\8p7I_c2pRJQ.jpg,233571,gs://senior-share-staging-570862915709/naresome_thumbnails/8p7I_c2pRJQ.jpg,
8pa4u7Q-BE8,E:\Data\ObsidianVault\02_Channels\馴れ初めシネマ\競合チャンネル分析\企画リサーチ_20260605\gcs_upload_staging\naresome_thumbnails\8pa4u7Q-BE8.jpg,246992,gs://senior-share-staging-570862915709/naresome_thumbnails/8pa4u7Q-BE8.jpg,
8qHpmJ4vJwc,E:\Data\ObsidianVault\02_Channels\馴れ初めシネマ\競合チャンネル分析\企画リサーチ_20260605\gcs_upload_staging\naresome_thumbnails\8qHpmJ4vJwc.jpg,262412,gs://senior-share-staging-570862915709/naresome_thumbnails/8qHpmJ4vJwc.jpg,
8rkNk_OleTI,E:\Data\ObsidianVault\02_Channels\馴れ初めシネマ\競合チャンネル分析\企画リサーチ_20260605\gcs_upload_staging\naresome_thumbnails\8rkNk_OleTI.jpg,251769,gs://senior-share-staging-570862915709/naresome_thumbnails/8rkNk_OleTI.jpg,
8sNCrt-kT2k,E:\Data\ObsidianVault\02_Channels\馴れ初めシネマ\競合チャンネル分析\企画リサーチ_20260605\gcs_upload_staging\naresome_thumbnails\8sNCrt-kT2k.jpg,245925,gs://senior-share-staging-570862915709/naresome_thumbnails/8sNCrt-kT2k.jpg,
8tlsYMTqcSo,E:\Data\ObsidianVault\02_Channels\馴れ初めシネマ\競合チャンネル分析\企画リサーチ_20260605\gcs_upload_staging\naresome_thumbnails\8tlsYMTqcSo.jpg,258176,gs://senior-share-staging-570862915709/naresome_thumbnails/8tlsYMTqcSo.jpg,
8vbrjL-sPeA,E:\Data\ObsidianVault\02_Channels\馴れ初めシネマ\競合チャンネル分析\企画リサーチ_20260605\gcs_upload_staging\naresome_thumbnails\8vbrjL-sPeA.jpg,251421,gs://senior-share-staging-570862915709/naresome_thumbnails/8vbrjL-sPeA.jpg,
8zHpyAanSuI,E:\Data\ObsidianVault\02_Channels\馴れ初めシネマ\競合チャンネル分析\企画リサーチ_20260605\gcs_upload_staging\naresome_thumbnails\8zHpyAanSuI.jpg,237871,gs://senior-share-staging-570862915709/naresome_thumbnails/8zHpyAanSuI.jpg,
8zvOHAWFef0,E:\Data\ObsidianVault\02_Channels\馴れ初めシネマ\競合チャンネル分析\企画リサーチ_20260605\gcs_upload_staging\naresome_thumbnails\8zvOHAWFef0.jpg,270389,gs://senior-share-staging-570862915709/naresome_thumbnails/8zvOHAWFef0.jpg,
91-nvdCxagQ,E:\Data\ObsidianVault\02_Channels\馴れ初めシネマ\競合チャンネル分析\企画リサーチ_20260605\gcs_upload_staging\naresome_thumbnails\91-nvdCxagQ.jpg,260785,gs://senior-share-staging-570862915709/naresome_thumbnails/91-nvdCxagQ.jpg,
917EF2u12ro,E:\Data\ObsidianVault\02_Channels\馴れ初めシネマ\競合チャンネル分析\企画リサーチ_20260605\gcs_upload_staging\naresome_thumbnails\917EF2u12ro.jpg,254784,gs://senior-share-staging-570862915709/naresome_thumbnails/917EF2u12ro.jpg,
9183tqR8cBc,E:\Data\ObsidianVault\02_Channels\馴れ初めシネマ\競合チャンネル分析\企画リサーチ_20260605\gcs_upload_staging\naresome_thumbnails\9183tqR8cBc.jpg,247277,gs://senior-share-staging-570862915709/naresome_thumbnails/9183tqR8cBc.jpg,
92A-TsP53YM,E:\Data\ObsidianVault\02_Channels\馴れ初めシネマ\競合チャンネル分析\企画リサーチ_20260605\gcs_upload_staging\naresome_thumbnails\92A-TsP53YM.jpg,273553,gs://senior-share-staging-570862915709/naresome_thumbnails/92A-TsP53YM.jpg,
92KsLFPrnFU,E:\Data\ObsidianVault\02_Channels\馴れ初めシネマ\競合チャンネル分析\企画リサーチ_20260605\gcs_upload_staging\naresome_thumbnails\92KsLFPrnFU.jpg,242220,gs://senior-share-staging-570862915709/naresome_thumbnails/92KsLFPrnFU.jpg,
92_YzJygUwg,E:\Data\ObsidianVault\02_Channels\馴れ初めシネマ\競合チャンネル分析\企画リサーチ_20260605\gcs_upload_staging\naresome_thumbnails\92_YzJygUwg.jpg,255388,gs://senior-share-staging-570862915709/naresome_thumbnails/92_YzJygUwg.jpg,
94gZguacmTQ,E:\Data\ObsidianVault\02_Channels\馴れ初めシネマ\競合チャンネル分析\企画リサーチ_20260605\gcs_upload_staging\naresome_thumbnails\94gZguacmTQ.jpg,235436,gs://senior-share-staging-570862915709/naresome_thumbnails/94gZguacmTQ.jpg,
94mQ7z0ll1s,E:\Data\ObsidianVault\02_Channels\馴れ初めシネマ\競合チャンネル分析\企画リサーチ_20260605\gcs_upload_staging\naresome_thumbnails\94mQ7z0ll1s.jpg,249346,gs://senior-share-staging-570862915709/naresome_thumbnails/94mQ7z0ll1s.jpg,
94p8ggDn3sY,E:\Data\ObsidianVault\02_Channels\馴れ初めシネマ\競合チャンネル分析\企画リサーチ_20260605\gcs_upload_staging\naresome_thumbnails\94p8ggDn3sY.jpg,219054,gs://senior-share-staging-570862915709/naresome_thumbnails/94p8ggDn3sY.jpg,
954h83Uusmo,E:\Data\ObsidianVault\02_Channels\馴れ初めシネマ\競合チャンネル分析\企画リサーチ_20260605\gcs_upload_staging\naresome_thumbnails\954h83Uusmo.jpg,59543,gs://senior-share-staging-570862915709/naresome_thumbnails/954h83Uusmo.jpg,
98mI68phfWI,E:\Data\ObsidianVault\02_Channels\馴れ初めシネマ\競合チャンネル分析\企画リサーチ_20260605\gcs_upload_staging\naresome_thumbnails\98mI68phfWI.jpg,260575,gs://senior-share-staging-570862915709/naresome_thumbnails/98mI68phfWI.jpg,
98sHiM1aFTo,E:\Data\ObsidianVault\02_Channels\馴れ初めシネマ\競合チャンネル分析\企画リサーチ_20260605\gcs_upload_staging\naresome_thumbnails\98sHiM1aFTo.jpg,271023,gs://senior-share-staging-570862915709/naresome_thumbnails/98sHiM1aFTo.jpg,
9ABdSady8oI,E:\Data\ObsidianVault\02_Channels\馴れ初めシネマ\競合チャンネル分析\企画リサーチ_20260605\gcs_upload_staging\naresome_thumbnails\9ABdSady8oI.jpg,240749,gs://senior-share-staging-570862915709/naresome_thumbnails/9ABdSady8oI.jpg,
9AJ7IAfTjx4,E:\Data\ObsidianVault\02_Channels\馴れ初めシネマ\競合チャンネル分析\企画リサーチ_20260605\gcs_upload_staging\naresome_thumbnails\9AJ7IAfTjx4.jpg,255462,gs://senior-share-staging-570862915709/naresome_thumbnails/9AJ7IAfTjx4.jpg,
9Bfo9s9qR_w,E:\Data\ObsidianVault\02_Channels\馴れ初めシネマ\競合チャンネル分析\企画リサーチ_20260605\gcs_upload_staging\naresome_thumbnails\9Bfo9s9qR_w.jpg,255710,gs://senior-share-staging-570862915709/naresome_thumbnails/9Bfo9s9qR_w.jpg,
9CLAf6s36tI,E:\Data\ObsidianVault\02_Channels\馴れ初めシネマ\競合チャンネル分析\企画リサーチ_20260605\gcs_upload_staging\naresome_thumbnails\9CLAf6s36tI.jpg,223761,gs://senior-share-staging-570862915709/naresome_thumbnails/9CLAf6s36tI.jpg,
9D-dMtAOmDQ,E:\Data\ObsidianVault\02_Channels\馴れ初めシネマ\競合チャンネル分析\企画リサーチ_20260605\gcs_upload_staging\naresome_thumbnails\9D-dMtAOmDQ.jpg,245137,gs://senior-share-staging-570862915709/naresome_thumbnails/9D-dMtAOmDQ.jpg,
9EE9WsIjFbM,E:\Data\ObsidianVault\02_Channels\馴れ初めシネマ\競合チャンネル分析\企画リサーチ_20260605\gcs_upload_staging\naresome_thumbnails\9EE9WsIjFbM.jpg,354066,gs://senior-share-staging-570862915709/naresome_thumbnails/9EE9WsIjFbM.jpg,
9EhBYGuMXtQ,E:\Data\ObsidianVault\02_Channels\馴れ初めシネマ\競合チャンネル分析\企画リサーチ_20260605\gcs_upload_staging\naresome_thumbnails\9EhBYGuMXtQ.jpg,262779,gs://senior-share-staging-570862915709/naresome_thumbnails/9EhBYGuMXtQ.jpg,
9Ggzp9HM3iM,E:\Data\ObsidianVault\02_Channels\馴れ初めシネマ\競合チャンネル分析\企画リサーチ_20260605\gcs_upload_staging\naresome_thumbnails\9Ggzp9HM3iM.jpg,246904,gs://senior-share-staging-570862915709/naresome_thumbnails/9Ggzp9HM3iM.jpg,
9HSkJ0U2rBA,E:\Data\ObsidianVault\02_Channels\馴れ初めシネマ\競合チャンネル分析\企画リサーチ_20260605\gcs_upload_staging\naresome_thumbnails\9HSkJ0U2rBA.jpg,260934,gs://senior-share-staging-570862915709/naresome_thumbnails/9HSkJ0U2rBA.jpg,
9Ifxk_2_mc8,E:\Data\ObsidianVault\02_Channels\馴れ初めシネマ\競合チャンネル分析\企画リサーチ_20260605\gcs_upload_staging\naresome_thumbnails\9Ifxk_2_mc8.jpg,245751,gs://senior-share-staging-570862915709/naresome_thumbnails/9Ifxk_2_mc8.jpg,
9JisBxvfqRI,E:\Data\ObsidianVault\02_Channels\馴れ初めシネマ\競合チャンネル分析\企画リサーチ_20260605\gcs_upload_staging\naresome_thumbnails\9JisBxvfqRI.jpg,325717,gs://senior-share-staging-570862915709/naresome_thumbnails/9JisBxvfqRI.jpg,
9KoAzLJkt90,E:\Data\ObsidianVault\02_Channels\馴れ初めシネマ\競合チャンネル分析\企画リサーチ_20260605\gcs_upload_staging\naresome_thumbnails\9KoAzLJkt90.jpg,252080,gs://senior-share-staging-570862915709/naresome_thumbnails/9KoAzLJkt90.jpg,
9M9fNUTHLog,E:\Data\ObsidianVault\02_Channels\馴れ初めシネマ\競合チャンネル分析\企画リサーチ_20260605\gcs_upload_staging\naresome_thumbnails\9M9fNUTHLog.jpg,249040,gs://senior-share-staging-570862915709/naresome_thumbnails/9M9fNUTHLog.jpg,
9NR-6phkNkw,E:\Data\ObsidianVault\02_Channels\馴れ初めシネマ\競合チャンネル分析\企画リサーチ_20260605\gcs_upload_staging\naresome_thumbnails\9NR-6phkNkw.jpg,205825,gs://senior-share-staging-570862915709/naresome_thumbnails/9NR-6phkNkw.jpg,
9O6YvwSnwJ8,E:\Data\ObsidianVault\02_Channels\馴れ初めシネマ\競合チャンネル分析\企画リサーチ_20260605\gcs_upload_staging\naresome_thumbnails\9O6YvwSnwJ8.jpg,264846,gs://senior-share-staging-570862915709/naresome_thumbnails/9O6YvwSnwJ8.jpg,
9TGeQmlEG4U,E:\Data\ObsidianVault\02_Channels\馴れ初めシネマ\競合チャンネル分析\企画リサーチ_20260605\gcs_upload_staging\naresome_thumbnails\9TGeQmlEG4U.jpg,262026,gs://senior-share-staging-570862915709/naresome_thumbnails/9TGeQmlEG4U.jpg,
9TVwOqy83mw,E:\Data\ObsidianVault\02_Channels\馴れ初めシネマ\競合チャンネル分析\企画リサーチ_20260605\gcs_upload_staging\naresome_thumbnails\9TVwOqy83mw.jpg,267466,gs://senior-share-staging-570862915709/naresome_thumbnails/9TVwOqy83mw.jpg,
9WM5Pcoi6c8,E:\Data\ObsidianVault\02_Channels\馴れ初めシネマ\競合チャンネル分析\企画リサーチ_20260605\gcs_upload_staging\naresome_thumbnails\9WM5Pcoi6c8.jpg,227948,gs://senior-share-staging-570862915709/naresome_thumbnails/9WM5Pcoi6c8.jpg,
9Xhj6ETq7gM,E:\Data\ObsidianVault\02_Channels\馴れ初めシネマ\競合チャンネル分析\企画リサーチ_20260605\gcs_upload_staging\naresome_thumbnails\9Xhj6ETq7gM.jpg,235681,gs://senior-share-staging-570862915709/naresome_thumbnails/9Xhj6ETq7gM.jpg,
9Xig5KeEkqU,E:\Data\ObsidianVault\02_Channels\馴れ初めシネマ\競合チャンネル分析\企画リサーチ_20260605\gcs_upload_staging\naresome_thumbnails\9Xig5KeEkqU.jpg,234068,gs://senior-share-staging-570862915709/naresome_thumbnails/9Xig5KeEkqU.jpg,
9Y2kx87GUOI,E:\Data\ObsidianVault\02_Channels\馴れ初めシネマ\競合チャンネル分析\企画リサーチ_20260605\gcs_upload_staging\naresome_thumbnails\9Y2kx87GUOI.jpg,254812,gs://senior-share-staging-570862915709/naresome_thumbnails/9Y2kx87GUOI.jpg,
9YcaUamOqI4,E:\Data\ObsidianVault\02_Channels\馴れ初めシネマ\競合チャンネル分析\企画リサーチ_20260605\gcs_upload_staging\naresome_thumbnails\9YcaUamOqI4.jpg,253746,gs://senior-share-staging-570862915709/naresome_thumbnails/9YcaUamOqI4.jpg,
9ZR5iW0M2fo,E:\Data\ObsidianVault\02_Channels\馴れ初めシネマ\競合チャンネル分析\企画リサーチ_20260605\gcs_upload_staging\naresome_thumbnails\9ZR5iW0M2fo.jpg,263539,gs://senior-share-staging-570862915709/naresome_thumbnails/9ZR5iW0M2fo.jpg,
9aG4GuzLAfg,E:\Data\ObsidianVault\02_Channels\馴れ初めシネマ\競合チャンネル分析\企画リサーチ_20260605\gcs_upload_staging\naresome_thumbnails\9aG4GuzLAfg.jpg,261736,gs://senior-share-staging-570862915709/naresome_thumbnails/9aG4GuzLAfg.jpg,
9aHL0j8GYfY,E:\Data\ObsidianVault\02_Channels\馴れ初めシネマ\競合チャンネル分析\企画リサーチ_20260605\gcs_upload_staging\naresome_thumbnails\9aHL0j8GYfY.jpg,318498,gs://senior-share-staging-570862915709/naresome_thumbnails/9aHL0j8GYfY.jpg,
9cloMHWEIEs,E:\Data\ObsidianVault\02_Channels\馴れ初めシネマ\競合チャンネル分析\企画リサーチ_20260605\gcs_upload_staging\naresome_thumbnails\9cloMHWEIEs.jpg,278502,gs://senior-share-staging-570862915709/naresome_thumbnails/9cloMHWEIEs.jpg,
9d7OD6n997A,E:\Data\ObsidianVault\02_Channels\馴れ初めシネマ\競合チャンネル分析\企画リサーチ_20260605\gcs_upload_staging\naresome_thumbnails\9d7OD6n997A.jpg,253294,gs://senior-share-staging-570862915709/naresome_thumbnails/9d7OD6n997A.jpg,
9dOQNd-iasQ,E:\Data\ObsidianVault\02_Channels\馴れ初めシネマ\競合チャンネル分析\企画リサーチ_20260605\gcs_upload_staging\naresome_thumbnails\9dOQNd-iasQ.jpg,252523,gs://senior-share-staging-570862915709/naresome_thumbnails/9dOQNd-iasQ.jpg,
9huGgF1uPaM,E:\Data\ObsidianVault\02_Channels\馴れ初めシネマ\競合チャンネル分析\企画リサーチ_20260605\gcs_upload_staging\naresome_thumbnails\9huGgF1uPaM.jpg,274048,gs://senior-share-staging-570862915709/naresome_thumbnails/9huGgF1uPaM.jpg,
9k7TabuffZM,E:\Data\ObsidianVault\02_Channels\馴れ初めシネマ\競合チャンネル分析\企画リサーチ_20260605\gcs_upload_staging\naresome_thumbnails\9k7TabuffZM.jpg,262534,gs://senior-share-staging-570862915709/naresome_thumbnails/9k7TabuffZM.jpg,
9kaK8PfzA4E,E:\Data\ObsidianVault\02_Channels\馴れ初めシネマ\競合チャンネル分析\企画リサーチ_20260605\gcs_upload_staging\naresome_thumbnails\9kaK8PfzA4E.jpg,249125,gs://senior-share-staging-570862915709/naresome_thumbnails/9kaK8PfzA4E.jpg,
9mUPOn-0ZxU,E:\Data\ObsidianVault\02_Channels\馴れ初めシネマ\競合チャンネル分析\企画リサーチ_20260605\gcs_upload_staging\naresome_thumbnails\9mUPOn-0ZxU.jpg,247659,gs://senior-share-staging-570862915709/naresome_thumbnails/9mUPOn-0ZxU.jpg,
9n8O8EDyZys,E:\Data\ObsidianVault\02_Channels\馴れ初めシネマ\競合チャンネル分析\企画リサーチ_20260605\gcs_upload_staging\naresome_thumbnails\9n8O8EDyZys.jpg,248872,gs://senior-share-staging-570862915709/naresome_thumbnails/9n8O8EDyZys.jpg,
9ojuk1nb_l0,E:\Data\ObsidianVault\02_Channels\馴れ初めシネマ\競合チャンネル分析\企画リサーチ_20260605\gcs_upload_staging\naresome_thumbnails\9ojuk1nb_l0.jpg,249175,gs://senior-share-staging-570862915709/naresome_thumbnails/9ojuk1nb_l0.jpg,
9s3fXuygpP0,E:\Data\ObsidianVault\02_Channels\馴れ初めシネマ\競合チャンネル分析\企画リサーチ_20260605\gcs_upload_staging\naresome_thumbnails\9s3fXuygpP0.jpg,276488,gs://senior-share-staging-570862915709/naresome_thumbnails/9s3fXuygpP0.jpg,
9vgZj5mXMa8,E:\Data\ObsidianVault\02_Channels\馴れ初めシネマ\競合チャンネル分析\企画リサーチ_20260605\gcs_upload_staging\naresome_thumbnails\9vgZj5mXMa8.jpg,275132,gs://senior-share-staging-570862915709/naresome_thumbnails/9vgZj5mXMa8.jpg,
9zZ_XtRTP10,E:\Data\ObsidianVault\02_Channels\馴れ初めシネマ\競合チャンネル分析\企画リサーチ_20260605\gcs_upload_staging\naresome_thumbnails\9zZ_XtRTP10.jpg,246208,gs://senior-share-staging-570862915709/naresome_thumbnails/9zZ_XtRTP10.jpg,
A-4k7ODzWPI,E:\Data\ObsidianVault\02_Channels\馴れ初めシネマ\競合チャンネル分析\企画リサーチ_20260605\gcs_upload_staging\naresome_thumbnails\A-4k7ODzWPI.jpg,270883,gs://senior-share-staging-570862915709/naresome_thumbnails/A-4k7ODzWPI.jpg,
A-7e6AEolSM,E:\Data\ObsidianVault\02_Channels\馴れ初めシネマ\競合チャンネル分析\企画リサーチ_20260605\gcs_upload_staging\naresome_thumbnails\A-7e6AEolSM.jpg,252995,gs://senior-share-staging-570862915709/naresome_thumbnails/A-7e6AEolSM.jpg,
A0OFW1pf1cM,E:\Data\ObsidianVault\02_Channels\馴れ初めシネマ\競合チャンネル分析\企画リサーチ_20260605\gcs_upload_staging\naresome_thumbnails\A0OFW1pf1cM.jpg,262741,gs://senior-share-staging-570862915709/naresome_thumbnails/A0OFW1pf1cM.jpg,
A17eK7Ervc8,E:\Data\ObsidianVault\02_Channels\馴れ初めシネマ\競合チャンネル分析\企画リサーチ_20260605\gcs_upload_staging\naresome_thumbnails\A17eK7Ervc8.jpg,262230,gs://senior-share-staging-570862915709/naresome_thumbnails/A17eK7Ervc8.jpg,
A1X2otZsTMA,E:\Data\ObsidianVault\02_Channels\馴れ初めシネマ\競合チャンネル分析\企画リサーチ_20260605\gcs_upload_staging\naresome_thumbnails\A1X2otZsTMA.jpg,312616,gs://senior-share-staging-570862915709/naresome_thumbnails/A1X2otZsTMA.jpg,
A1YMUxOuFr8,E:\Data\ObsidianVault\02_Channels\馴れ初めシネマ\競合チャンネル分析\企画リサーチ_20260605\gcs_upload_staging\naresome_thumbnails\A1YMUxOuFr8.jpg,246413,gs://senior-share-staging-570862915709/naresome_thumbnails/A1YMUxOuFr8.jpg,
A1yJQGm5S2c,E:\Data\ObsidianVault\02_Channels\馴れ初めシネマ\競合チャンネル分析\企画リサーチ_20260605\gcs_upload_staging\naresome_thumbnails\A1yJQGm5S2c.jpg,265033,gs://senior-share-staging-570862915709/naresome_thumbnails/A1yJQGm5S2c.jpg,
A6WfoIgnyNk,E:\Data\ObsidianVault\02_Channels\馴れ初めシネマ\競合チャンネル分析\企画リサーチ_20260605\gcs_upload_staging\naresome_thumbnails\A6WfoIgnyNk.jpg,264262,gs://senior-share-staging-570862915709/naresome_thumbnails/A6WfoIgnyNk.jpg,
A78WEzR18po,E:\Data\ObsidianVault\02_Channels\馴れ初めシネマ\競合チャンネル分析\企画リサーチ_20260605\gcs_upload_staging\naresome_thumbnails\A78WEzR18po.jpg,267238,gs://senior-share-staging-570862915709/naresome_thumbnails/A78WEzR18po.jpg,
A8ZBXA5A_1k,E:\Data\ObsidianVault\02_Channels\馴れ初めシネマ\競合チャンネル分析\企画リサーチ_20260605\gcs_upload_staging\naresome_thumbnails\A8ZBXA5A_1k.jpg,255600,gs://senior-share-staging-570862915709/naresome_thumbnails/A8ZBXA5A_1k.jpg,
ABSnd_J4xT0,E:\Data\ObsidianVault\02_Channels\馴れ初めシネマ\競合チャンネル分析\企画リサーチ_20260605\gcs_upload_staging\naresome_thumbnails\ABSnd_J4xT0.jpg,266747,gs://senior-share-staging-570862915709/naresome_thumbnails/ABSnd_J4xT0.jpg,
ACKbIhPYx_k,E:\Data\ObsidianVault\02_Channels\馴れ初めシネマ\競合チャンネル分析\企画リサーチ_20260605\gcs_upload_staging\naresome_thumbnails\ACKbIhPYx_k.jpg,254251,gs://senior-share-staging-570862915709/naresome_thumbnails/ACKbIhPYx_k.jpg,
ADKp7MD_u6c,E:\Data\ObsidianVault\02_Channels\馴れ初めシネマ\競合チャンネル分析\企画リサーチ_20260605\gcs_upload_staging\naresome_thumbnails\ADKp7MD_u6c.jpg,257084,gs://senior-share-staging-570862915709/naresome_thumbnails/ADKp7MD_u6c.jpg,
ADRjOsyVeao,E:\Data\ObsidianVault\02_Channels\馴れ初めシネマ\競合チャンネル分析\企画リサーチ_20260605\gcs_upload_staging\naresome_thumbnails\ADRjOsyVeao.jpg,257127,gs://senior-share-staging-570862915709/naresome_thumbnails/ADRjOsyVeao.jpg,
AFO76GlSH2E,E:\Data\ObsidianVault\02_Channels\馴れ初めシネマ\競合チャンネル分析\企画リサーチ_20260605\gcs_upload_staging\naresome_thumbnails\AFO76GlSH2E.jpg,259719,gs://senior-share-staging-570862915709/naresome_thumbnails/AFO76GlSH2E.jpg,
AFRZ6QT1MVI,E:\Data\ObsidianVault\02_Channels\馴れ初めシネマ\競合チャンネル分析\企画リサーチ_20260605\gcs_upload_staging\naresome_thumbnails\AFRZ6QT1MVI.jpg,245257,gs://senior-share-staging-570862915709/naresome_thumbnails/AFRZ6QT1MVI.jpg,
AITjRTdWQEY,E:\Data\ObsidianVault\02_Channels\馴れ初めシネマ\競合チャンネル分析\企画リサーチ_20260605\gcs_upload_staging\naresome_thumbnails\AITjRTdWQEY.jpg,257803,gs://senior-share-staging-570862915709/naresome_thumbnails/AITjRTdWQEY.jpg,
AJ3Eanzq2B8,E:\Data\ObsidianVault\02_Channels\馴れ初めシネマ\競合チャンネル分析\企画リサーチ_20260605\gcs_upload_staging\naresome_thumbnails\AJ3Eanzq2B8.jpg,259050,gs://senior-share-staging-570862915709/naresome_thumbnails/AJ3Eanzq2B8.jpg,
AKWCYtkFF2U,E:\Data\ObsidianVault\02_Channels\馴れ初めシネマ\競合チャンネル分析\企画リサーチ_20260605\gcs_upload_staging\naresome_thumbnails\AKWCYtkFF2U.jpg,239707,gs://senior-share-staging-570862915709/naresome_thumbnails/AKWCYtkFF2U.jpg,
AMMlMtJ7MAI,E:\Data\ObsidianVault\02_Channels\馴れ初めシネマ\競合チャンネル分析\企画リサーチ_20260605\gcs_upload_staging\naresome_thumbnails\AMMlMtJ7MAI.jpg,247481,gs://senior-share-staging-570862915709/naresome_thumbnails/AMMlMtJ7MAI.jpg,
AMi3_qXtJTY,E:\Data\ObsidianVault\02_Channels\馴れ初めシネマ\競合チャンネル分析\企画リサーチ_20260605\gcs_upload_staging\naresome_thumbnails\AMi3_qXtJTY.jpg,234447,gs://senior-share-staging-570862915709/naresome_thumbnails/AMi3_qXtJTY.jpg,
AMuOqK71K38,E:\Data\ObsidianVault\02_Channels\馴れ初めシネマ\競合チャンネル分析\企画リサーチ_20260605\gcs_upload_staging\naresome_thumbnails\AMuOqK71K38.jpg,246453,gs://senior-share-staging-570862915709/naresome_thumbnails/AMuOqK71K38.jpg,
ANx6br_wNWI,E:\Data\ObsidianVault\02_Channels\馴れ初めシネマ\競合チャンネル分析\企画リサーチ_20260605\gcs_upload_staging\naresome_thumbnails\ANx6br_wNWI.jpg,283045,gs://senior-share-staging-570862915709/naresome_thumbnails/ANx6br_wNWI.jpg,
ATTbXbF_Vfc,E:\Data\ObsidianVault\02_Channels\馴れ初めシネマ\競合チャンネル分析\企画リサーチ_20260605\gcs_upload_staging\naresome_thumbnails\ATTbXbF_Vfc.jpg,258783,gs://senior-share-staging-570862915709/naresome_thumbnails/ATTbXbF_Vfc.jpg,
AUH1OcpLQs0,E:\Data\ObsidianVault\02_Channels\馴れ初めシネマ\競合チャンネル分析\企画リサーチ_20260605\gcs_upload_staging\naresome_thumbnails\AUH1OcpLQs0.jpg,255529,gs://senior-share-staging-570862915709/naresome_thumbnails/AUH1OcpLQs0.jpg,
AV6lWAB_U64,E:\Data\ObsidianVault\02_Channels\馴れ初めシネマ\競合チャンネル分析\企画リサーチ_20260605\gcs_upload_staging\naresome_thumbnails\AV6lWAB_U64.jpg,256101,gs://senior-share-staging-570862915709/naresome_thumbnails/AV6lWAB_U64.jpg,
AWJUw8X23xY,E:\Data\ObsidianVault\02_Channels\馴れ初めシネマ\競合チャンネル分析\企画リサーチ_20260605\gcs_upload_staging\naresome_thumbnails\AWJUw8X23xY.jpg,269468,gs://senior-share-staging-570862915709/naresome_thumbnails/AWJUw8X23xY.jpg,
AWR1D1by7nQ,E:\Data\ObsidianVault\02_Channels\馴れ初めシネマ\競合チャンネル分析\企画リサーチ_20260605\gcs_upload_staging\naresome_thumbnails\AWR1D1by7nQ.jpg,241409,gs://senior-share-staging-570862915709/naresome_thumbnails/AWR1D1by7nQ.jpg,
AXK9rz9abJs,E:\Data\ObsidianVault\02_Channels\馴れ初めシネマ\競合チャンネル分析\企画リサーチ_20260605\gcs_upload_staging\naresome_thumbnails\AXK9rz9abJs.jpg,254269,gs://senior-share-staging-570862915709/naresome_thumbnails/AXK9rz9abJs.jpg,
AY9VXdQfvKw,E:\Data\ObsidianVault\02_Channels\馴れ初めシネマ\競合チャンネル分析\企画リサーチ_20260605\gcs_upload_staging\naresome_thumbnails\AY9VXdQfvKw.jpg,263364,gs://senior-share-staging-570862915709/naresome_thumbnails/AY9VXdQfvKw.jpg,
AZ0WWSB6sA0,E:\Data\ObsidianVault\02_Channels\馴れ初めシネマ\競合チャンネル分析\企画リサーチ_20260605\gcs_upload_staging\naresome_thumbnails\AZ0WWSB6sA0.jpg,267378,gs://senior-share-staging-570862915709/naresome_thumbnails/AZ0WWSB6sA0.jpg,
AayTKIaNFWk,E:\Data\ObsidianVault\02_Channels\馴れ初めシネマ\競合チャンネル分析\企画リサーチ_20260605\gcs_upload_staging\naresome_thumbnails\AayTKIaNFWk.jpg,276232,gs://senior-share-staging-570862915709/naresome_thumbnails/AayTKIaNFWk.jpg,
AciVrQgwD2k,E:\Data\ObsidianVault\02_Channels\馴れ初めシネマ\競合チャンネル分析\企画リサーチ_20260605\gcs_upload_staging\naresome_thumbnails\AciVrQgwD2k.jpg,372975,gs://senior-share-staging-570862915709/naresome_thumbnails/AciVrQgwD2k.jpg,
AfkLtzUfC_E,E:\Data\ObsidianVault\02_Channels\馴れ初めシネマ\競合チャンネル分析\企画リサーチ_20260605\gcs_upload_staging\naresome_thumbnails\AfkLtzUfC_E.jpg,243715,gs://senior-share-staging-570862915709/naresome_thumbnails/AfkLtzUfC_E.jpg,
AfnqbJxJ4PU,E:\Data\ObsidianVault\02_Channels\馴れ初めシネマ\競合チャンネル分析\企画リサーチ_20260605\gcs_upload_staging\naresome_thumbnails\AfnqbJxJ4PU.jpg,252653,gs://senior-share-staging-570862915709/naresome_thumbnails/AfnqbJxJ4PU.jpg,
AgoytUWM-vw,E:\Data\ObsidianVault\02_Channels\馴れ初めシネマ\競合チャンネル分析\企画リサーチ_20260605\gcs_upload_staging\naresome_thumbnails\AgoytUWM-vw.jpg,263906,gs://senior-share-staging-570862915709/naresome_thumbnails/AgoytUWM-vw.jpg,
AhGlgzGG7us,E:\Data\ObsidianVault\02_Channels\馴れ初めシネマ\競合チャンネル分析\企画リサーチ_20260605\gcs_upload_staging\naresome_thumbnails\AhGlgzGG7us.jpg,245513,gs://senior-share-staging-570862915709/naresome_thumbnails/AhGlgzGG7us.jpg,
AiLJPiePOik,E:\Data\ObsidianVault\02_Channels\馴れ初めシネマ\競合チャンネル分析\企画リサーチ_20260605\gcs_upload_staging\naresome_thumbnails\AiLJPiePOik.jpg,225558,gs://senior-share-staging-570862915709/naresome_thumbnails/AiLJPiePOik.jpg,
AjbNJGHoXkU,E:\Data\ObsidianVault\02_Channels\馴れ初めシネマ\競合チャンネル分析\企画リサーチ_20260605\gcs_upload_staging\naresome_thumbnails\AjbNJGHoXkU.jpg,242335,gs://senior-share-staging-570862915709/naresome_thumbnails/AjbNJGHoXkU.jpg,
AkAYih_CGVY,E:\Data\ObsidianVault\02_Channels\馴れ初めシネマ\競合チャンネル分析\企画リサーチ_20260605\gcs_upload_staging\naresome_thumbnails\AkAYih_CGVY.jpg,247676,gs://senior-share-staging-570862915709/naresome_thumbnails/AkAYih_CGVY.jpg,
AmYJshXDWWk,E:\Data\ObsidianVault\02_Channels\馴れ初めシネマ\競合チャンネル分析\企画リサーチ_20260605\gcs_upload_staging\naresome_thumbnails\AmYJshXDWWk.jpg,258903,gs://senior-share-staging-570862915709/naresome_thumbnails/AmYJshXDWWk.jpg,
Am_XbwGz9q0,E:\Data\ObsidianVault\02_Channels\馴れ初めシネマ\競合チャンネル分析\企画リサーチ_20260605\gcs_upload_staging\naresome_thumbnails\Am_XbwGz9q0.jpg,259117,gs://senior-share-staging-570862915709/naresome_thumbnails/Am_XbwGz9q0.jpg,
An-euqvug_g,E:\Data\ObsidianVault\02_Channels\馴れ初めシネマ\競合チャンネル分析\企画リサーチ_20260605\gcs_upload_staging\naresome_thumbnails\An-euqvug_g.jpg,263343,gs://senior-share-staging-570862915709/naresome_thumbnails/An-euqvug_g.jpg,
AnUNb8zzCaI,E:\Data\ObsidianVault\02_Channels\馴れ初めシネマ\競合チャンネル分析\企画リサーチ_20260605\gcs_upload_staging\naresome_thumbnails\AnUNb8zzCaI.jpg,271930,gs://senior-share-staging-570862915709/naresome_thumbnails/AnUNb8zzCaI.jpg,
Apb-ckt59ug,E:\Data\ObsidianVault\02_Channels\馴れ初めシネマ\競合チャンネル分析\企画リサーチ_20260605\gcs_upload_staging\naresome_thumbnails\Apb-ckt59ug.jpg,265323,gs://senior-share-staging-570862915709/naresome_thumbnails/Apb-ckt59ug.jpg,
AufIHnCzcgE,E:\Data\ObsidianVault\02_Channels\馴れ初めシネマ\競合チャンネル分析\企画リサーチ_20260605\gcs_upload_staging\naresome_thumbnails\AufIHnCzcgE.jpg,245562,gs://senior-share-staging-570862915709/naresome_thumbnails/AufIHnCzcgE.jpg,
Av_P-pkVE6Y,E:\Data\ObsidianVault\02_Channels\馴れ初めシネマ\競合チャンネル分析\企画リサーチ_20260605\gcs_upload_staging\naresome_thumbnails\Av_P-pkVE6Y.jpg,274232,gs://senior-share-staging-570862915709/naresome_thumbnails/Av_P-pkVE6Y.jpg,
AzStt48UKbY,E:\Data\ObsidianVault\02_Channels\馴れ初めシネマ\競合チャンネル分析\企画リサーチ_20260605\gcs_upload_staging\naresome_thumbnails\AzStt48UKbY.jpg,57444,gs://senior-share-staging-570862915709/naresome_thumbnails/AzStt48UKbY.jpg,
AzjAh0RYKyk,E:\Data\ObsidianVault\02_Channels\馴れ初めシネマ\競合チャンネル分析\企画リサーチ_20260605\gcs_upload_staging\naresome_thumbnails\AzjAh0RYKyk.jpg,257887,gs://senior-share-staging-570862915709/naresome_thumbnails/AzjAh0RYKyk.jpg,
B0fWoQWXWLQ,E:\Data\ObsidianVault\02_Channels\馴れ初めシネマ\競合チャンネル分析\企画リサーチ_20260605\gcs_upload_staging\naresome_thumbnails\B0fWoQWXWLQ.jpg,268084,gs://senior-share-staging-570862915709/naresome_thumbnails/B0fWoQWXWLQ.jpg,
B1-jhXy8wQA,E:\Data\ObsidianVault\02_Channels\馴れ初めシネマ\競合チャンネル分析\企画リサーチ_20260605\gcs_upload_staging\naresome_thumbnails\B1-jhXy8wQA.jpg,255612,gs://senior-share-staging-570862915709/naresome_thumbnails/B1-jhXy8wQA.jpg,
B2eK2ZHX9f8,E:\Data\ObsidianVault\02_Channels\馴れ初めシネマ\競合チャンネル分析\企画リサーチ_20260605\gcs_upload_staging\naresome_thumbnails\B2eK2ZHX9f8.jpg,239063,gs://senior-share-staging-570862915709/naresome_thumbnails/B2eK2ZHX9f8.jpg,
B4HuqgiSzPY,E:\Data\ObsidianVault\02_Channels\馴れ初めシネマ\競合チャンネル分析\企画リサーチ_20260605\gcs_upload_staging\naresome_thumbnails\B4HuqgiSzPY.jpg,270979,gs://senior-share-staging-570862915709/naresome_thumbnails/B4HuqgiSzPY.jpg,
B6AmsW3-jU0,E:\Data\ObsidianVault\02_Channels\馴れ初めシネマ\競合チャンネル分析\企画リサーチ_20260605\gcs_upload_staging\naresome_thumbnails\B6AmsW3-jU0.jpg,254805,gs://senior-share-staging-570862915709/naresome_thumbnails/B6AmsW3-jU0.jpg,
B6SeU0olroc,E:\Data\ObsidianVault\02_Channels\馴れ初めシネマ\競合チャンネル分析\企画リサーチ_20260605\gcs_upload_staging\naresome_thumbnails\B6SeU0olroc.jpg,252419,gs://senior-share-staging-570862915709/naresome_thumbnails/B6SeU0olroc.jpg,
B6UMSZAHsT8,E:\Data\ObsidianVault\02_Channels\馴れ初めシネマ\競合チャンネル分析\企画リサーチ_20260605\gcs_upload_staging\naresome_thumbnails\B6UMSZAHsT8.jpg,256303,gs://senior-share-staging-570862915709/naresome_thumbnails/B6UMSZAHsT8.jpg,
B6uQrshkmLU,E:\Data\ObsidianVault\02_Channels\馴れ初めシネマ\競合チャンネル分析\企画リサーチ_20260605\gcs_upload_staging\naresome_thumbnails\B6uQrshkmLU.jpg,255423,gs://senior-share-staging-570862915709/naresome_thumbnails/B6uQrshkmLU.jpg,
B7seXW6pmZ8,E:\Data\ObsidianVault\02_Channels\馴れ初めシネマ\競合チャンネル分析\企画リサーチ_20260605\gcs_upload_staging\naresome_thumbnails\B7seXW6pmZ8.jpg,250783,gs://senior-share-staging-570862915709/naresome_thumbnails/B7seXW6pmZ8.jpg,
B8OMRZTgI2Q,E:\Data\ObsidianVault\02_Channels\馴れ初めシネマ\競合チャンネル分析\企画リサーチ_20260605\gcs_upload_staging\naresome_thumbnails\B8OMRZTgI2Q.jpg,275679,gs://senior-share-staging-570862915709/naresome_thumbnails/B8OMRZTgI2Q.jpg,
BAseZmTXirE,E:\Data\ObsidianVault\02_Channels\馴れ初めシネマ\競合チャンネル分析\企画リサーチ_20260605\gcs_upload_staging\naresome_thumbnails\BAseZmTXirE.jpg,233467,gs://senior-share-staging-570862915709/naresome_thumbnails/BAseZmTXirE.jpg,
BBjoPGz6wV4,E:\Data\ObsidianVault\02_Channels\馴れ初めシネマ\競合チャンネル分析\企画リサーチ_20260605\gcs_upload_staging\naresome_thumbnails\BBjoPGz6wV4.jpg,249226,gs://senior-share-staging-570862915709/naresome_thumbnails/BBjoPGz6wV4.jpg,
BCSPYQfSXlA,E:\Data\ObsidianVault\02_Channels\馴れ初めシネマ\競合チャンネル分析\企画リサーチ_20260605\gcs_upload_staging\naresome_thumbnails\BCSPYQfSXlA.jpg,254366,gs://senior-share-staging-570862915709/naresome_thumbnails/BCSPYQfSXlA.jpg,
BCmZqzI7aI0,E:\Data\ObsidianVault\02_Channels\馴れ初めシネマ\競合チャンネル分析\企画リサーチ_20260605\gcs_upload_staging\naresome_thumbnails\BCmZqzI7aI0.jpg,267163,gs://senior-share-staging-570862915709/naresome_thumbnails/BCmZqzI7aI0.jpg,
BG7ES3SbGH8,E:\Data\ObsidianVault\02_Channels\馴れ初めシネマ\競合チャンネル分析\企画リサーチ_20260605\gcs_upload_staging\naresome_thumbnails\BG7ES3SbGH8.jpg,248415,gs://senior-share-staging-570862915709/naresome_thumbnails/BG7ES3SbGH8.jpg,
BGMOJok6yIY,E:\Data\ObsidianVault\02_Channels\馴れ初めシネマ\競合チャンネル分析\企画リサーチ_20260605\gcs_upload_staging\naresome_thumbnails\BGMOJok6yIY.jpg,264208,gs://senior-share-staging-570862915709/naresome_thumbnails/BGMOJok6yIY.jpg,
BHLR25p5DpA,E:\Data\ObsidianVault\02_Channels\馴れ初めシネマ\競合チャンネル分析\企画リサーチ_20260605\gcs_upload_staging\naresome_thumbnails\BHLR25p5DpA.jpg,277233,gs://senior-share-staging-570862915709/naresome_thumbnails/BHLR25p5DpA.jpg,
BHWGAUglUEw,E:\Data\ObsidianVault\02_Channels\馴れ初めシネマ\競合チャンネル分析\企画リサーチ_20260605\gcs_upload_staging\naresome_thumbnails\BHWGAUglUEw.jpg,313837,gs://senior-share-staging-570862915709/naresome_thumbnails/BHWGAUglUEw.jpg,
BJfwZqV6J8w,E:\Data\ObsidianVault\02_Channels\馴れ初めシネマ\競合チャンネル分析\企画リサーチ_20260605\gcs_upload_staging\naresome_thumbnails\BJfwZqV6J8w.jpg,267603,gs://senior-share-staging-570862915709/naresome_thumbnails/BJfwZqV6J8w.jpg,
BJwn9KMYY-E,E:\Data\ObsidianVault\02_Channels\馴れ初めシネマ\競合チャンネル分析\企画リサーチ_20260605\gcs_upload_staging\naresome_thumbnails\BJwn9KMYY-E.jpg,266571,gs://senior-share-staging-570862915709/naresome_thumbnails/BJwn9KMYY-E.jpg,
BKr_p0R4oR8,E:\Data\ObsidianVault\02_Channels\馴れ初めシネマ\競合チャンネル分析\企画リサーチ_20260605\gcs_upload_staging\naresome_thumbnails\BKr_p0R4oR8.jpg,253056,gs://senior-share-staging-570862915709/naresome_thumbnails/BKr_p0R4oR8.jpg,
BMccnfLoiSE,E:\Data\ObsidianVault\02_Channels\馴れ初めシネマ\競合チャンネル分析\企画リサーチ_20260605\gcs_upload_staging\naresome_thumbnails\BMccnfLoiSE.jpg,259929,gs://senior-share-staging-570862915709/naresome_thumbnails/BMccnfLoiSE.jpg,
BQeP0huldyI,E:\Data\ObsidianVault\02_Channels\馴れ初めシネマ\競合チャンネル分析\企画リサーチ_20260605\gcs_upload_staging\naresome_thumbnails\BQeP0huldyI.jpg,260713,gs://senior-share-staging-570862915709/naresome_thumbnails/BQeP0huldyI.jpg,
BQfvQHqCyAg,E:\Data\ObsidianVault\02_Channels\馴れ初めシネマ\競合チャンネル分析\企画リサーチ_20260605\gcs_upload_staging\naresome_thumbnails\BQfvQHqCyAg.jpg,272443,gs://senior-share-staging-570862915709/naresome_thumbnails/BQfvQHqCyAg.jpg,
BRGoT1CAWRs,E:\Data\ObsidianVault\02_Channels\馴れ初めシネマ\競合チャンネル分析\企画リサーチ_20260605\gcs_upload_staging\naresome_thumbnails\BRGoT1CAWRs.jpg,253324,gs://senior-share-staging-570862915709/naresome_thumbnails/BRGoT1CAWRs.jpg,
BRjctgLh1ik,E:\Data\ObsidianVault\02_Channels\馴れ初めシネマ\競合チャンネル分析\企画リサーチ_20260605\gcs_upload_staging\naresome_thumbnails\BRjctgLh1ik.jpg,227118,gs://senior-share-staging-570862915709/naresome_thumbnails/BRjctgLh1ik.jpg,
BVHhk1xPIpg,E:\Data\ObsidianVault\02_Channels\馴れ初めシネマ\競合チャンネル分析\企画リサーチ_20260605\gcs_upload_staging\naresome_thumbnails\BVHhk1xPIpg.jpg,257794,gs://senior-share-staging-570862915709/naresome_thumbnails/BVHhk1xPIpg.jpg,
BWcTCjrMfuM,E:\Data\ObsidianVault\02_Channels\馴れ初めシネマ\競合チャンネル分析\企画リサーチ_20260605\gcs_upload_staging\naresome_thumbnails\BWcTCjrMfuM.jpg,248060,gs://senior-share-staging-570862915709/naresome_thumbnails/BWcTCjrMfuM.jpg,
BXAEge4EbPA,E:\Data\ObsidianVault\02_Channels\馴れ初めシネマ\競合チャンネル分析\企画リサーチ_20260605\gcs_upload_staging\naresome_thumbnails\BXAEge4EbPA.jpg,238205,gs://senior-share-staging-570862915709/naresome_thumbnails/BXAEge4EbPA.jpg,
BY_bmz8iXto,E:\Data\ObsidianVault\02_Channels\馴れ初めシネマ\競合チャンネル分析\企画リサーチ_20260605\gcs_upload_staging\naresome_thumbnails\BY_bmz8iXto.jpg,241318,gs://senior-share-staging-570862915709/naresome_thumbnails/BY_bmz8iXto.jpg,
BY_n6D4dpOA,E:\Data\ObsidianVault\02_Channels\馴れ初めシネマ\競合チャンネル分析\企画リサーチ_20260605\gcs_upload_staging\naresome_thumbnails\BY_n6D4dpOA.jpg,257890,gs://senior-share-staging-570862915709/naresome_thumbnails/BY_n6D4dpOA.jpg,
BZ6uvdQhUOQ,E:\Data\ObsidianVault\02_Channels\馴れ初めシネマ\競合チャンネル分析\企画リサーチ_20260605\gcs_upload_staging\naresome_thumbnails\BZ6uvdQhUOQ.jpg,260092,gs://senior-share-staging-570862915709/naresome_thumbnails/BZ6uvdQhUOQ.jpg,
BZICbvnHSow,E:\Data\ObsidianVault\02_Channels\馴れ初めシネマ\競合チャンネル分析\企画リサーチ_20260605\gcs_upload_staging\naresome_thumbnails\BZICbvnHSow.jpg,259299,gs://senior-share-staging-570862915709/naresome_thumbnails/BZICbvnHSow.jpg,
BZV5_W0DJXI,E:\Data\ObsidianVault\02_Channels\馴れ初めシネマ\競合チャンネル分析\企画リサーチ_20260605\gcs_upload_staging\naresome_thumbnails\BZV5_W0DJXI.jpg,245479,gs://senior-share-staging-570862915709/naresome_thumbnails/BZV5_W0DJXI.jpg,
BZzkH7k0LJ0,E:\Data\ObsidianVault\02_Channels\馴れ初めシネマ\競合チャンネル分析\企画リサーチ_20260605\gcs_upload_staging\naresome_thumbnails\BZzkH7k0LJ0.jpg,264398,gs://senior-share-staging-570862915709/naresome_thumbnails/BZzkH7k0LJ0.jpg,
B_JHcs6SxvY,E:\Data\ObsidianVault\02_Channels\馴れ初めシネマ\競合チャンネル分析\企画リサーチ_20260605\gcs_upload_staging\naresome_thumbnails\B_JHcs6SxvY.jpg,246458,gs://senior-share-staging-570862915709/naresome_thumbnails/B_JHcs6SxvY.jpg,
BaZg0AQE92Y,E:\Data\ObsidianVault\02_Channels\馴れ初めシネマ\競合チャンネル分析\企画リサーチ_20260605\gcs_upload_staging\naresome_thumbnails\BaZg0AQE92Y.jpg,265634,gs://senior-share-staging-570862915709/naresome_thumbnails/BaZg0AQE92Y.jpg,
BabY6q1d7G4,E:\Data\ObsidianVault\02_Channels\馴れ初めシネマ\競合チャンネル分析\企画リサーチ_20260605\gcs_upload_staging\naresome_thumbnails\BabY6q1d7G4.jpg,272776,gs://senior-share-staging-570862915709/naresome_thumbnails/BabY6q1d7G4.jpg,
Bb5DCRP6SAw,E:\Data\ObsidianVault\02_Channels\馴れ初めシネマ\競合チャンネル分析\企画リサーチ_20260605\gcs_upload_staging\naresome_thumbnails\Bb5DCRP6SAw.jpg,265314,gs://senior-share-staging-570862915709/naresome_thumbnails/Bb5DCRP6SAw.jpg,
Bd46hrYooxM,E:\Data\ObsidianVault\02_Channels\馴れ初めシネマ\競合チャンネル分析\企画リサーチ_20260605\gcs_upload_staging\naresome_thumbnails\Bd46hrYooxM.jpg,263900,gs://senior-share-staging-570862915709/naresome_thumbnails/Bd46hrYooxM.jpg,
BdZGBx6AtE4,E:\Data\ObsidianVault\02_Channels\馴れ初めシネマ\競合チャンネル分析\企画リサーチ_20260605\gcs_upload_staging\naresome_thumbnails\BdZGBx6AtE4.jpg,267819,gs://senior-share-staging-570862915709/naresome_thumbnails/BdZGBx6AtE4.jpg,
BfFaDHh9Vx0,E:\Data\ObsidianVault\02_Channels\馴れ初めシネマ\競合チャンネル分析\企画リサーチ_20260605\gcs_upload_staging\naresome_thumbnails\BfFaDHh9Vx0.jpg,354612,gs://senior-share-staging-570862915709/naresome_thumbnails/BfFaDHh9Vx0.jpg,
BhLjuV3GDjU,E:\Data\ObsidianVault\02_Channels\馴れ初めシネマ\競合チャンネル分析\企画リサーチ_20260605\gcs_upload_staging\naresome_thumbnails\BhLjuV3GDjU.jpg,235854,gs://senior-share-staging-570862915709/naresome_thumbnails/BhLjuV3GDjU.jpg,
Bl-4BgrMPTs,E:\Data\ObsidianVault\02_Channels\馴れ初めシネマ\競合チャンネル分析\企画リサーチ_20260605\gcs_upload_staging\naresome_thumbnails\Bl-4BgrMPTs.jpg,240430,gs://senior-share-staging-570862915709/naresome_thumbnails/Bl-4BgrMPTs.jpg,
Bm90xNzypVA,E:\Data\ObsidianVault\02_Channels\馴れ初めシネマ\競合チャンネル分析\企画リサーチ_20260605\gcs_upload_staging\naresome_thumbnails\Bm90xNzypVA.jpg,219230,gs://senior-share-staging-570862915709/naresome_thumbnails/Bm90xNzypVA.jpg,
Bmbn9xY9q0k,E:\Data\ObsidianVault\02_Channels\馴れ初めシネマ\競合チャンネル分析\企画リサーチ_20260605\gcs_upload_staging\naresome_thumbnails\Bmbn9xY9q0k.jpg,251836,gs://senior-share-staging-570862915709/naresome_thumbnails/Bmbn9xY9q0k.jpg,
Bn7F-kzErDM,E:\Data\ObsidianVault\02_Channels\馴れ初めシネマ\競合チャンネル分析\企画リサーチ_20260605\gcs_upload_staging\naresome_thumbnails\Bn7F-kzErDM.jpg,249476,gs://senior-share-staging-570862915709/naresome_thumbnails/Bn7F-kzErDM.jpg,
BnJ7YGr6faw,E:\Data\ObsidianVault\02_Channels\馴れ初めシネマ\競合チャンネル分析\企画リサーチ_20260605\gcs_upload_staging\naresome_thumbnails\BnJ7YGr6faw.jpg,241585,gs://senior-share-staging-570862915709/naresome_thumbnails/BnJ7YGr6faw.jpg,
BnReIkeyWic,E:\Data\ObsidianVault\02_Channels\馴れ初めシネマ\競合チャンネル分析\企画リサーチ_20260605\gcs_upload_staging\naresome_thumbnails\BnReIkeyWic.jpg,261853,gs://senior-share-staging-570862915709/naresome_thumbnails/BnReIkeyWic.jpg,
BnYJMkemqbU,E:\Data\ObsidianVault\02_Channels\馴れ初めシネマ\競合チャンネル分析\企画リサーチ_20260605\gcs_upload_staging\naresome_thumbnails\BnYJMkemqbU.jpg,255293,gs://senior-share-staging-570862915709/naresome_thumbnails/BnYJMkemqbU.jpg,
Bp6rCZM2pyc,E:\Data\ObsidianVault\02_Channels\馴れ初めシネマ\競合チャンネル分析\企画リサーチ_20260605\gcs_upload_staging\naresome_thumbnails\Bp6rCZM2pyc.jpg,259249,gs://senior-share-staging-570862915709/naresome_thumbnails/Bp6rCZM2pyc.jpg,
Bq9YcqD17Gk,E:\Data\ObsidianVault\02_Channels\馴れ初めシネマ\競合チャンネル分析\企画リサーチ_20260605\gcs_upload_staging\naresome_thumbnails\Bq9YcqD17Gk.jpg,246317,gs://senior-share-staging-570862915709/naresome_thumbnails/Bq9YcqD17Gk.jpg,
Bqv-8M5rclQ,E:\Data\ObsidianVault\02_Channels\馴れ初めシネマ\競合チャンネル分析\企画リサーチ_20260605\gcs_upload_staging\naresome_thumbnails\Bqv-8M5rclQ.jpg,235513,gs://senior-share-staging-570862915709/naresome_thumbnails/Bqv-8M5rclQ.jpg,
BrWPG4MX3A8,E:\Data\ObsidianVault\02_Channels\馴れ初めシネマ\競合チャンネル分析\企画リサーチ_20260605\gcs_upload_staging\naresome_thumbnails\BrWPG4MX3A8.jpg,277371,gs://senior-share-staging-570862915709/naresome_thumbnails/BrWPG4MX3A8.jpg,
Brx7-yzSkQU,E:\Data\ObsidianVault\02_Channels\馴れ初めシネマ\競合チャンネル分析\企画リサーチ_20260605\gcs_upload_staging\naresome_thumbnails\Brx7-yzSkQU.jpg,267633,gs://senior-share-staging-570862915709/naresome_thumbnails/Brx7-yzSkQU.jpg,
Bs8_tyH36d8,E:\Data\ObsidianVault\02_Channels\馴れ初めシネマ\競合チャンネル分析\企画リサーチ_20260605\gcs_upload_staging\naresome_thumbnails\Bs8_tyH36d8.jpg,242420,gs://senior-share-staging-570862915709/naresome_thumbnails/Bs8_tyH36d8.jpg,
BsJ-4WSLP-8,E:\Data\ObsidianVault\02_Channels\馴れ初めシネマ\競合チャンネル分析\企画リサーチ_20260605\gcs_upload_staging\naresome_thumbnails\BsJ-4WSLP-8.jpg,259322,gs://senior-share-staging-570862915709/naresome_thumbnails/BsJ-4WSLP-8.jpg,
BvvW8RuFLkg,E:\Data\ObsidianVault\02_Channels\馴れ初めシネマ\競合チャンネル分析\企画リサーチ_20260605\gcs_upload_staging\naresome_thumbnails\BvvW8RuFLkg.jpg,269365,gs://senior-share-staging-570862915709/naresome_thumbnails/BvvW8RuFLkg.jpg,
BwwwybEyfcA,E:\Data\ObsidianVault\02_Channels\馴れ初めシネマ\競合チャンネル分析\企画リサーチ_20260605\gcs_upload_staging\naresome_thumbnails\BwwwybEyfcA.jpg,259772,gs://senior-share-staging-570862915709/naresome_thumbnails/BwwwybEyfcA.jpg,
Bx5msLr5neM,E:\Data\ObsidianVault\02_Channels\馴れ初めシネマ\競合チャンネル分析\企画リサーチ_20260605\gcs_upload_staging\naresome_thumbnails\Bx5msLr5neM.jpg,262552,gs://senior-share-staging-570862915709/naresome_thumbnails/Bx5msLr5neM.jpg,
BxmTjWTw4Go,E:\Data\ObsidianVault\02_Channels\馴れ初めシネマ\競合チャンネル分析\企画リサーチ_20260605\gcs_upload_staging\naresome_thumbnails\BxmTjWTw4Go.jpg,250746,gs://senior-share-staging-570862915709/naresome_thumbnails/BxmTjWTw4Go.jpg,
Bxq47MM6sm4,E:\Data\ObsidianVault\02_Channels\馴れ初めシネマ\競合チャンネル分析\企画リサーチ_20260605\gcs_upload_staging\naresome_thumbnails\Bxq47MM6sm4.jpg,250755,gs://senior-share-staging-570862915709/naresome_thumbnails/Bxq47MM6sm4.jpg,
BxwXxvAQIuM,E:\Data\ObsidianVault\02_Channels\馴れ初めシネマ\競合チャンネル分析\企画リサーチ_20260605\gcs_upload_staging\naresome_thumbnails\BxwXxvAQIuM.jpg,237975,gs://senior-share-staging-570862915709/naresome_thumbnails/BxwXxvAQIuM.jpg,
Bzujn62b0sY,E:\Data\ObsidianVault\02_Channels\馴れ初めシネマ\競合チャンネル分析\企画リサーチ_20260605\gcs_upload_staging\naresome_thumbnails\Bzujn62b0sY.jpg,246348,gs://senior-share-staging-570862915709/naresome_thumbnails/Bzujn62b0sY.jpg,
C-PTsIakrJo,E:\Data\ObsidianVault\02_Channels\馴れ初めシネマ\競合チャンネル分析\企画リサーチ_20260605\gcs_upload_staging\naresome_thumbnails\C-PTsIakrJo.jpg,273611,gs://senior-share-staging-570862915709/naresome_thumbnails/C-PTsIakrJo.jpg,
C2-zZE8FYKM,E:\Data\ObsidianVault\02_Channels\馴れ初めシネマ\競合チャンネル分析\企画リサーチ_20260605\gcs_upload_staging\naresome_thumbnails\C2-zZE8FYKM.jpg,265003,gs://senior-share-staging-570862915709/naresome_thumbnails/C2-zZE8FYKM.jpg,
C2LRcMjC8Ts,E:\Data\ObsidianVault\02_Channels\馴れ初めシネマ\競合チャンネル分析\企画リサーチ_20260605\gcs_upload_staging\naresome_thumbnails\C2LRcMjC8Ts.jpg,291535,gs://senior-share-staging-570862915709/naresome_thumbnails/C2LRcMjC8Ts.jpg,
C3ssR9Bneys,E:\Data\ObsidianVault\02_Channels\馴れ初めシネマ\競合チャンネル分析\企画リサーチ_20260605\gcs_upload_staging\naresome_thumbnails\C3ssR9Bneys.jpg,56544,gs://senior-share-staging-570862915709/naresome_thumbnails/C3ssR9Bneys.jpg,
C47wJ6k0cVw,E:\Data\ObsidianVault\02_Channels\馴れ初めシネマ\競合チャンネル分析\企画リサーチ_20260605\gcs_upload_staging\naresome_thumbnails\C47wJ6k0cVw.jpg,252869,gs://senior-share-staging-570862915709/naresome_thumbnails/C47wJ6k0cVw.jpg,
C8QUYR5xsvY,E:\Data\ObsidianVault\02_Channels\馴れ初めシネマ\競合チャンネル分析\企画リサーチ_20260605\gcs_upload_staging\naresome_thumbnails\C8QUYR5xsvY.jpg,356807,gs://senior-share-staging-570862915709/naresome_thumbnails/C8QUYR5xsvY.jpg,
C8nmIImQDB4,E:\Data\ObsidianVault\02_Channels\馴れ初めシネマ\競合チャンネル分析\企画リサーチ_20260605\gcs_upload_staging\naresome_thumbnails\C8nmIImQDB4.jpg,274994,gs://senior-share-staging-570862915709/naresome_thumbnails/C8nmIImQDB4.jpg,
CAlkGbfb0dg,E:\Data\ObsidianVault\02_Channels\馴れ初めシネマ\競合チャンネル分析\企画リサーチ_20260605\gcs_upload_staging\naresome_thumbnails\CAlkGbfb0dg.jpg,258974,gs://senior-share-staging-570862915709/naresome_thumbnails/CAlkGbfb0dg.jpg,
CBML9S8fJvg,E:\Data\ObsidianVault\02_Channels\馴れ初めシネマ\競合チャンネル分析\企画リサーチ_20260605\gcs_upload_staging\naresome_thumbnails\CBML9S8fJvg.jpg,255353,gs://senior-share-staging-570862915709/naresome_thumbnails/CBML9S8fJvg.jpg,
CBWAszSI_Is,E:\Data\ObsidianVault\02_Channels\馴れ初めシネマ\競合チャンネル分析\企画リサーチ_20260605\gcs_upload_staging\naresome_thumbnails\CBWAszSI_Is.jpg,235643,gs://senior-share-staging-570862915709/naresome_thumbnails/CBWAszSI_Is.jpg,
CCl_iUJIMfc,E:\Data\ObsidianVault\02_Channels\馴れ初めシネマ\競合チャンネル分析\企画リサーチ_20260605\gcs_upload_staging\naresome_thumbnails\CCl_iUJIMfc.jpg,248682,gs://senior-share-staging-570862915709/naresome_thumbnails/CCl_iUJIMfc.jpg,
CEMo7FQeLyQ,E:\Data\ObsidianVault\02_Channels\馴れ初めシネマ\競合チャンネル分析\企画リサーチ_20260605\gcs_upload_staging\naresome_thumbnails\CEMo7FQeLyQ.jpg,273704,gs://senior-share-staging-570862915709/naresome_thumbnails/CEMo7FQeLyQ.jpg,
CESMGfXsDdc,E:\Data\ObsidianVault\02_Channels\馴れ初めシネマ\競合チャンネル分析\企画リサーチ_20260605\gcs_upload_staging\naresome_thumbnails\CESMGfXsDdc.jpg,257587,gs://senior-share-staging-570862915709/naresome_thumbnails/CESMGfXsDdc.jpg,
CFVhkzaaSPE,E:\Data\ObsidianVault\02_Channels\馴れ初めシネマ\競合チャンネル分析\企画リサーチ_20260605\gcs_upload_staging\naresome_thumbnails\CFVhkzaaSPE.jpg,260226,gs://senior-share-staging-570862915709/naresome_thumbnails/CFVhkzaaSPE.jpg,
CGCeVNTqynk,E:\Data\ObsidianVault\02_Channels\馴れ初めシネマ\競合チャンネル分析\企画リサーチ_20260605\gcs_upload_staging\naresome_thumbnails\CGCeVNTqynk.jpg,292510,gs://senior-share-staging-570862915709/naresome_thumbnails/CGCeVNTqynk.jpg,
CIO7E6ZDdOk,E:\Data\ObsidianVault\02_Channels\馴れ初めシネマ\競合チャンネル分析\企画リサーチ_20260605\gcs_upload_staging\naresome_thumbnails\CIO7E6ZDdOk.jpg,270448,gs://senior-share-staging-570862915709/naresome_thumbnails/CIO7E6ZDdOk.jpg,
CKDT3gAmRDM,E:\Data\ObsidianVault\02_Channels\馴れ初めシネマ\競合チャンネル分析\企画リサーチ_20260605\gcs_upload_staging\naresome_thumbnails\CKDT3gAmRDM.jpg,246635,gs://senior-share-staging-570862915709/naresome_thumbnails/CKDT3gAmRDM.jpg,
CMr0NHGA03g,E:\Data\ObsidianVault\02_Channels\馴れ初めシネマ\競合チャンネル分析\企画リサーチ_20260605\gcs_upload_staging\naresome_thumbnails\CMr0NHGA03g.jpg,262553,gs://senior-share-staging-570862915709/naresome_thumbnails/CMr0NHGA03g.jpg,
CNwIZEUhpmg,E:\Data\ObsidianVault\02_Channels\馴れ初めシネマ\競合チャンネル分析\企画リサーチ_20260605\gcs_upload_staging\naresome_thumbnails\CNwIZEUhpmg.jpg,253807,gs://senior-share-staging-570862915709/naresome_thumbnails/CNwIZEUhpmg.jpg,
CR7guDSNDms,E:\Data\ObsidianVault\02_Channels\馴れ初めシネマ\競合チャンネル分析\企画リサーチ_20260605\gcs_upload_staging\naresome_thumbnails\CR7guDSNDms.jpg,229296,gs://senior-share-staging-570862915709/naresome_thumbnails/CR7guDSNDms.jpg,
CS3GiFrNcwE,E:\Data\ObsidianVault\02_Channels\馴れ初めシネマ\競合チャンネル分析\企画リサーチ_20260605\gcs_upload_staging\naresome_thumbnails\CS3GiFrNcwE.jpg,255092,gs://senior-share-staging-570862915709/naresome_thumbnails/CS3GiFrNcwE.jpg,
CSrHdmJ9ZiI,E:\Data\ObsidianVault\02_Channels\馴れ初めシネマ\競合チャンネル分析\企画リサーチ_20260605\gcs_upload_staging\naresome_thumbnails\CSrHdmJ9ZiI.jpg,264013,gs://senior-share-staging-570862915709/naresome_thumbnails/CSrHdmJ9ZiI.jpg,
CTcpeT0EgJk,E:\Data\ObsidianVault\02_Channels\馴れ初めシネマ\競合チャンネル分析\企画リサーチ_20260605\gcs_upload_staging\naresome_thumbnails\CTcpeT0EgJk.jpg,271988,gs://senior-share-staging-570862915709/naresome_thumbnails/CTcpeT0EgJk.jpg,
CTuuXDesygo,E:\Data\ObsidianVault\02_Channels\馴れ初めシネマ\競合チャンネル分析\企画リサーチ_20260605\gcs_upload_staging\naresome_thumbnails\CTuuXDesygo.jpg,269244,gs://senior-share-staging-570862915709/naresome_thumbnails/CTuuXDesygo.jpg,
CUFO1Yp0gHk,E:\Data\ObsidianVault\02_Channels\馴れ初めシネマ\競合チャンネル分析\企画リサーチ_20260605\gcs_upload_staging\naresome_thumbnails\CUFO1Yp0gHk.jpg,254200,gs://senior-share-staging-570862915709/naresome_thumbnails/CUFO1Yp0gHk.jpg,
CVRvuQg3ER4,E:\Data\ObsidianVault\02_Channels\馴れ初めシネマ\競合チャンネル分析\企画リサーチ_20260605\gcs_upload_staging\naresome_thumbnails\CVRvuQg3ER4.jpg,258572,gs://senior-share-staging-570862915709/naresome_thumbnails/CVRvuQg3ER4.jpg,
CVw_8JjFlYU,E:\Data\ObsidianVault\02_Channels\馴れ初めシネマ\競合チャンネル分析\企画リサーチ_20260605\gcs_upload_staging\naresome_thumbnails\CVw_8JjFlYU.jpg,265057,gs://senior-share-staging-570862915709/naresome_thumbnails/CVw_8JjFlYU.jpg,
CXTvRAlMSRU,E:\Data\ObsidianVault\02_Channels\馴れ初めシネマ\競合チャンネル分析\企画リサーチ_20260605\gcs_upload_staging\naresome_thumbnails\CXTvRAlMSRU.jpg,257669,gs://senior-share-staging-570862915709/naresome_thumbnails/CXTvRAlMSRU.jpg,
CXfkE71-R0s,E:\Data\ObsidianVault\02_Channels\馴れ初めシネマ\競合チャンネル分析\企画リサーチ_20260605\gcs_upload_staging\naresome_thumbnails\CXfkE71-R0s.jpg,259793,gs://senior-share-staging-570862915709/naresome_thumbnails/CXfkE71-R0s.jpg,
CYw7LBO8x8M,E:\Data\ObsidianVault\02_Channels\馴れ初めシネマ\競合チャンネル分析\企画リサーチ_20260605\gcs_upload_staging\naresome_thumbnails\CYw7LBO8x8M.jpg,242784,gs://senior-share-staging-570862915709/naresome_thumbnails/CYw7LBO8x8M.jpg,
CaM5hFEOoIw,E:\Data\ObsidianVault\02_Channels\馴れ初めシネマ\競合チャンネル分析\企画リサーチ_20260605\gcs_upload_staging\naresome_thumbnails\CaM5hFEOoIw.jpg,260535,gs://senior-share-staging-570862915709/naresome_thumbnails/CaM5hFEOoIw.jpg,
CbnlTUzjD7c,E:\Data\ObsidianVault\02_Channels\馴れ初めシネマ\競合チャンネル分析\企画リサーチ_20260605\gcs_upload_staging\naresome_thumbnails\CbnlTUzjD7c.jpg,270866,gs://senior-share-staging-570862915709/naresome_thumbnails/CbnlTUzjD7c.jpg,
CdrfXicrSWo,E:\Data\ObsidianVault\02_Channels\馴れ初めシネマ\競合チャンネル分析\企画リサーチ_20260605\gcs_upload_staging\naresome_thumbnails\CdrfXicrSWo.jpg,246360,gs://senior-share-staging-570862915709/naresome_thumbnails/CdrfXicrSWo.jpg,
CgC7qq0Ut6A,E:\Data\ObsidianVault\02_Channels\馴れ初めシネマ\競合チャンネル分析\企画リサーチ_20260605\gcs_upload_staging\naresome_thumbnails\CgC7qq0Ut6A.jpg,252807,gs://senior-share-staging-570862915709/naresome_thumbnails/CgC7qq0Ut6A.jpg,
ChnwmZ3BxuA,E:\Data\ObsidianVault\02_Channels\馴れ初めシネマ\競合チャンネル分析\企画リサーチ_20260605\gcs_upload_staging\naresome_thumbnails\ChnwmZ3BxuA.jpg,245548,gs://senior-share-staging-570862915709/naresome_thumbnails/ChnwmZ3BxuA.jpg,
Ci1tUmrPrKk,E:\Data\ObsidianVault\02_Channels\馴れ初めシネマ\競合チャンネル分析\企画リサーチ_20260605\gcs_upload_staging\naresome_thumbnails\Ci1tUmrPrKk.jpg,225860,gs://senior-share-staging-570862915709/naresome_thumbnails/Ci1tUmrPrKk.jpg,
CiSwh6PcB1U,E:\Data\ObsidianVault\02_Channels\馴れ初めシネマ\競合チャンネル分析\企画リサーチ_20260605\gcs_upload_staging\naresome_thumbnails\CiSwh6PcB1U.jpg,268427,gs://senior-share-staging-570862915709/naresome_thumbnails/CiSwh6PcB1U.jpg,
CiubGZfZ3UA,E:\Data\ObsidianVault\02_Channels\馴れ初めシネマ\競合チャンネル分析\企画リサーチ_20260605\gcs_upload_staging\naresome_thumbnails\CiubGZfZ3UA.jpg,256372,gs://senior-share-staging-570862915709/naresome_thumbnails/CiubGZfZ3UA.jpg,
ClBeF3soPe4,E:\Data\ObsidianVault\02_Channels\馴れ初めシネマ\競合チャンネル分析\企画リサーチ_20260605\gcs_upload_staging\naresome_thumbnails\ClBeF3soPe4.jpg,261269,gs://senior-share-staging-570862915709/naresome_thumbnails/ClBeF3soPe4.jpg,
Cm5qBr6H4Gs,E:\Data\ObsidianVault\02_Channels\馴れ初めシネマ\競合チャンネル分析\企画リサーチ_20260605\gcs_upload_staging\naresome_thumbnails\Cm5qBr6H4Gs.jpg,246879,gs://senior-share-staging-570862915709/naresome_thumbnails/Cm5qBr6H4Gs.jpg,
Cm6PPULDsoQ,E:\Data\ObsidianVault\02_Channels\馴れ初めシネマ\競合チャンネル分析\企画リサーチ_20260605\gcs_upload_staging\naresome_thumbnails\Cm6PPULDsoQ.jpg,276852,gs://senior-share-staging-570862915709/naresome_thumbnails/Cm6PPULDsoQ.jpg,
CmF9Rxfsycc,E:\Data\ObsidianVault\02_Channels\馴れ初めシネマ\競合チャンネル分析\企画リサーチ_20260605\gcs_upload_staging\naresome_thumbnails\CmF9Rxfsycc.jpg,261219,gs://senior-share-staging-570862915709/naresome_thumbnails/CmF9Rxfsycc.jpg,
CmnRYVP70dQ,E:\Data\ObsidianVault\02_Channels\馴れ初めシネマ\競合チャンネル分析\企画リサーチ_20260605\gcs_upload_staging\naresome_thumbnails\CmnRYVP70dQ.jpg,274266,gs://senior-share-staging-570862915709/naresome_thumbnails/CmnRYVP70dQ.jpg,
CnDqU4wuiOw,E:\Data\ObsidianVault\02_Channels\馴れ初めシネマ\競合チャンネル分析\企画リサーチ_20260605\gcs_upload_staging\naresome_thumbnails\CnDqU4wuiOw.jpg,232247,gs://senior-share-staging-570862915709/naresome_thumbnails/CnDqU4wuiOw.jpg,
CoARO0Mc0qA,E:\Data\ObsidianVault\02_Channels\馴れ初めシネマ\競合チャンネル分析\企画リサーチ_20260605\gcs_upload_staging\naresome_thumbnails\CoARO0Mc0qA.jpg,237537,gs://senior-share-staging-570862915709/naresome_thumbnails/CoARO0Mc0qA.jpg,
CoqoGOy-Ado,E:\Data\ObsidianVault\02_Channels\馴れ初めシネマ\競合チャンネル分析\企画リサーチ_20260605\gcs_upload_staging\naresome_thumbnails\CoqoGOy-Ado.jpg,273735,gs://senior-share-staging-570862915709/naresome_thumbnails/CoqoGOy-Ado.jpg,
CpiRQmpES58,E:\Data\ObsidianVault\02_Channels\馴れ初めシネマ\競合チャンネル分析\企画リサーチ_20260605\gcs_upload_staging\naresome_thumbnails\CpiRQmpES58.jpg,245086,gs://senior-share-staging-570862915709/naresome_thumbnails/CpiRQmpES58.jpg,
Cqn0g8GQ8cY,E:\Data\ObsidianVault\02_Channels\馴れ初めシネマ\競合チャンネル分析\企画リサーチ_20260605\gcs_upload_staging\naresome_thumbnails\Cqn0g8GQ8cY.jpg,241960,gs://senior-share-staging-570862915709/naresome_thumbnails/Cqn0g8GQ8cY.jpg,
CsT-JIiNPmQ,E:\Data\ObsidianVault\02_Channels\馴れ初めシネマ\競合チャンネル分析\企画リサーチ_20260605\gcs_upload_staging\naresome_thumbnails\CsT-JIiNPmQ.jpg,236500,gs://senior-share-staging-570862915709/naresome_thumbnails/CsT-JIiNPmQ.jpg,
CtXEQ40EiHc,E:\Data\ObsidianVault\02_Channels\馴れ初めシネマ\競合チャンネル分析\企画リサーチ_20260605\gcs_upload_staging\naresome_thumbnails\CtXEQ40EiHc.jpg,236968,gs://senior-share-staging-570862915709/naresome_thumbnails/CtXEQ40EiHc.jpg,
CulZn-ap-zA,E:\Data\ObsidianVault\02_Channels\馴れ初めシネマ\競合チャンネル分析\企画リサーチ_20260605\gcs_upload_staging\naresome_thumbnails\CulZn-ap-zA.jpg,264963,gs://senior-share-staging-570862915709/naresome_thumbnails/CulZn-ap-zA.jpg,
Cxc9-44muBQ,E:\Data\ObsidianVault\02_Channels\馴れ初めシネマ\競合チャンネル分析\企画リサーチ_20260605\gcs_upload_staging\naresome_thumbnails\Cxc9-44muBQ.jpg,260225,gs://senior-share-staging-570862915709/naresome_thumbnails/Cxc9-44muBQ.jpg,
CyDa8AMuwTU,E:\Data\ObsidianVault\02_Channels\馴れ初めシネマ\競合チャンネル分析\企画リサーチ_20260605\gcs_upload_staging\naresome_thumbnails\CyDa8AMuwTU.jpg,234531,gs://senior-share-staging-570862915709/naresome_thumbnails/CyDa8AMuwTU.jpg,
Cy_ZKdZqLZI,E:\Data\ObsidianVault\02_Channels\馴れ初めシネマ\競合チャンネル分析\企画リサーチ_20260605\gcs_upload_staging\naresome_thumbnails\Cy_ZKdZqLZI.jpg,265479,gs://senior-share-staging-570862915709/naresome_thumbnails/Cy_ZKdZqLZI.jpg,
Cyl2OvrA334,E:\Data\ObsidianVault\02_Channels\馴れ初めシネマ\競合チャンネル分析\企画リサーチ_20260605\gcs_upload_staging\naresome_thumbnails\Cyl2OvrA334.jpg,269833,gs://senior-share-staging-570862915709/naresome_thumbnails/Cyl2OvrA334.jpg,
D-F531gKGlw,E:\Data\ObsidianVault\02_Channels\馴れ初めシネマ\競合チャンネル分析\企画リサーチ_20260605\gcs_upload_staging\naresome_thumbnails\D-F531gKGlw.jpg,266313,gs://senior-share-staging-570862915709/naresome_thumbnails/D-F531gKGlw.jpg,
D-YJ6VGiMhY,E:\Data\ObsidianVault\02_Channels\馴れ初めシネマ\競合チャンネル分析\企画リサーチ_20260605\gcs_upload_staging\naresome_thumbnails\D-YJ6VGiMhY.jpg,262273,gs://senior-share-staging-570862915709/naresome_thumbnails/D-YJ6VGiMhY.jpg,
D0jDQ0b5oGc,E:\Data\ObsidianVault\02_Channels\馴れ初めシネマ\競合チャンネル分析\企画リサーチ_20260605\gcs_upload_staging\naresome_thumbnails\D0jDQ0b5oGc.jpg,249769,gs://senior-share-staging-570862915709/naresome_thumbnails/D0jDQ0b5oGc.jpg,
D1I1NWUsdMM,E:\Data\ObsidianVault\02_Channels\馴れ初めシネマ\競合チャンネル分析\企画リサーチ_20260605\gcs_upload_staging\naresome_thumbnails\D1I1NWUsdMM.jpg,253902,gs://senior-share-staging-570862915709/naresome_thumbnails/D1I1NWUsdMM.jpg,
D2PfKyyqEnw,E:\Data\ObsidianVault\02_Channels\馴れ初めシネマ\競合チャンネル分析\企画リサーチ_20260605\gcs_upload_staging\naresome_thumbnails\D2PfKyyqEnw.jpg,240565,gs://senior-share-staging-570862915709/naresome_thumbnails/D2PfKyyqEnw.jpg,
D5XwA8zRyaU,E:\Data\ObsidianVault\02_Channels\馴れ初めシネマ\競合チャンネル分析\企画リサーチ_20260605\gcs_upload_staging\naresome_thumbnails\D5XwA8zRyaU.jpg,273045,gs://senior-share-staging-570862915709/naresome_thumbnails/D5XwA8zRyaU.jpg,
D5zHbH7ZM9k,E:\Data\ObsidianVault\02_Channels\馴れ初めシネマ\競合チャンネル分析\企画リサーチ_20260605\gcs_upload_staging\naresome_thumbnails\D5zHbH7ZM9k.jpg,253489,gs://senior-share-staging-570862915709/naresome_thumbnails/D5zHbH7ZM9k.jpg,
D6-jm6S6Oz8,E:\Data\ObsidianVault\02_Channels\馴れ初めシネマ\競合チャンネル分析\企画リサーチ_20260605\gcs_upload_staging\naresome_thumbnails\D6-jm6S6Oz8.jpg,258454,gs://senior-share-staging-570862915709/naresome_thumbnails/D6-jm6S6Oz8.jpg,
D601vpmF3XY,E:\Data\ObsidianVault\02_Channels\馴れ初めシネマ\競合チャンネル分析\企画リサーチ_20260605\gcs_upload_staging\naresome_thumbnails\D601vpmF3XY.jpg,276236,gs://senior-share-staging-570862915709/naresome_thumbnails/D601vpmF3XY.jpg,
D6XV4ssXSMo,E:\Data\ObsidianVault\02_Channels\馴れ初めシネマ\競合チャンネル分析\企画リサーチ_20260605\gcs_upload_staging\naresome_thumbnails\D6XV4ssXSMo.jpg,263805,gs://senior-share-staging-570862915709/naresome_thumbnails/D6XV4ssXSMo.jpg,
DBs8gf4NbWI,E:\Data\ObsidianVault\02_Channels\馴れ初めシネマ\競合チャンネル分析\企画リサーチ_20260605\gcs_upload_staging\naresome_thumbnails\DBs8gf4NbWI.jpg,305134,gs://senior-share-staging-570862915709/naresome_thumbnails/DBs8gf4NbWI.jpg,
DCPKbw_i3D0,E:\Data\ObsidianVault\02_Channels\馴れ初めシネマ\競合チャンネル分析\企画リサーチ_20260605\gcs_upload_staging\naresome_thumbnails\DCPKbw_i3D0.jpg,262672,gs://senior-share-staging-570862915709/naresome_thumbnails/DCPKbw_i3D0.jpg,
DCYRSO3UW3o,E:\Data\ObsidianVault\02_Channels\馴れ初めシネマ\競合チャンネル分析\企画リサーチ_20260605\gcs_upload_staging\naresome_thumbnails\DCYRSO3UW3o.jpg,262804,gs://senior-share-staging-570862915709/naresome_thumbnails/DCYRSO3UW3o.jpg,
DCfX1B-X8UQ,E:\Data\ObsidianVault\02_Channels\馴れ初めシネマ\競合チャンネル分析\企画リサーチ_20260605\gcs_upload_staging\naresome_thumbnails\DCfX1B-X8UQ.jpg,273278,gs://senior-share-staging-570862915709/naresome_thumbnails/DCfX1B-X8UQ.jpg,
DCya8Coq6Hc,E:\Data\ObsidianVault\02_Channels\馴れ初めシネマ\競合チャンネル分析\企画リサーチ_20260605\gcs_upload_staging\naresome_thumbnails\DCya8Coq6Hc.jpg,298398,gs://senior-share-staging-570862915709/naresome_thumbnails/DCya8Coq6Hc.jpg,
DDeKe6DAAoM,E:\Data\ObsidianVault\02_Channels\馴れ初めシネマ\競合チャンネル分析\企画リサーチ_20260605\gcs_upload_staging\naresome_thumbnails\DDeKe6DAAoM.jpg,259767,gs://senior-share-staging-570862915709/naresome_thumbnails/DDeKe6DAAoM.jpg,
DE1M4-qVdYc,E:\Data\ObsidianVault\02_Channels\馴れ初めシネマ\競合チャンネル分析\企画リサーチ_20260605\gcs_upload_staging\naresome_thumbnails\DE1M4-qVdYc.jpg,280898,gs://senior-share-staging-570862915709/naresome_thumbnails/DE1M4-qVdYc.jpg,
DEtkEkKj4OM,E:\Data\ObsidianVault\02_Channels\馴れ初めシネマ\競合チャンネル分析\企画リサーチ_20260605\gcs_upload_staging\naresome_thumbnails\DEtkEkKj4OM.jpg,232483,gs://senior-share-staging-570862915709/naresome_thumbnails/DEtkEkKj4OM.jpg,
DF4rpVKQbqE,E:\Data\ObsidianVault\02_Channels\馴れ初めシネマ\競合チャンネル分析\企画リサーチ_20260605\gcs_upload_staging\naresome_thumbnails\DF4rpVKQbqE.jpg,250457,gs://senior-share-staging-570862915709/naresome_thumbnails/DF4rpVKQbqE.jpg,
DHSTfsoNmgU,E:\Data\ObsidianVault\02_Channels\馴れ初めシネマ\競合チャンネル分析\企画リサーチ_20260605\gcs_upload_staging\naresome_thumbnails\DHSTfsoNmgU.jpg,245869,gs://senior-share-staging-570862915709/naresome_thumbnails/DHSTfsoNmgU.jpg,
DIOwWul1hA4,E:\Data\ObsidianVault\02_Channels\馴れ初めシネマ\競合チャンネル分析\企画リサーチ_20260605\gcs_upload_staging\naresome_thumbnails\DIOwWul1hA4.jpg,271208,gs://senior-share-staging-570862915709/naresome_thumbnails/DIOwWul1hA4.jpg,
DLyGu1sa1Uk,E:\Data\ObsidianVault\02_Channels\馴れ初めシネマ\競合チャンネル分析\企画リサーチ_20260605\gcs_upload_staging\naresome_thumbnails\DLyGu1sa1Uk.jpg,250386,gs://senior-share-staging-570862915709/naresome_thumbnails/DLyGu1sa1Uk.jpg,
DM9lb9peGIk,E:\Data\ObsidianVault\02_Channels\馴れ初めシネマ\競合チャンネル分析\企画リサーチ_20260605\gcs_upload_staging\naresome_thumbnails\DM9lb9peGIk.jpg,261026,gs://senior-share-staging-570862915709/naresome_thumbnails/DM9lb9peGIk.jpg,
DNV8RcAioyg,E:\Data\ObsidianVault\02_Channels\馴れ初めシネマ\競合チャンネル分析\企画リサーチ_20260605\gcs_upload_staging\naresome_thumbnails\DNV8RcAioyg.jpg,258217,gs://senior-share-staging-570862915709/naresome_thumbnails/DNV8RcAioyg.jpg,
DNpHQ03tiLg,E:\Data\ObsidianVault\02_Channels\馴れ初めシネマ\競合チャンネル分析\企画リサーチ_20260605\gcs_upload_staging\naresome_thumbnails\DNpHQ03tiLg.jpg,263778,gs://senior-share-staging-570862915709/naresome_thumbnails/DNpHQ03tiLg.jpg,
DOOHgUJ44Wo,E:\Data\ObsidianVault\02_Channels\馴れ初めシネマ\競合チャンネル分析\企画リサーチ_20260605\gcs_upload_staging\naresome_thumbnails\DOOHgUJ44Wo.jpg,236736,gs://senior-share-staging-570862915709/naresome_thumbnails/DOOHgUJ44Wo.jpg,
DPOOTUOgK8s,E:\Data\ObsidianVault\02_Channels\馴れ初めシネマ\競合チャンネル分析\企画リサーチ_20260605\gcs_upload_staging\naresome_thumbnails\DPOOTUOgK8s.jpg,268745,gs://senior-share-staging-570862915709/naresome_thumbnails/DPOOTUOgK8s.jpg,
DPWAFdi0aLc,E:\Data\ObsidianVault\02_Channels\馴れ初めシネマ\競合チャンネル分析\企画リサーチ_20260605\gcs_upload_staging\naresome_thumbnails\DPWAFdi0aLc.jpg,257715,gs://senior-share-staging-570862915709/naresome_thumbnails/DPWAFdi0aLc.jpg,
DQO5dmh-PWI,E:\Data\ObsidianVault\02_Channels\馴れ初めシネマ\競合チャンネル分析\企画リサーチ_20260605\gcs_upload_staging\naresome_thumbnails\DQO5dmh-PWI.jpg,256140,gs://senior-share-staging-570862915709/naresome_thumbnails/DQO5dmh-PWI.jpg,
DQUFAOqt-Rw,E:\Data\ObsidianVault\02_Channels\馴れ初めシネマ\競合チャンネル分析\企画リサーチ_20260605\gcs_upload_staging\naresome_thumbnails\DQUFAOqt-Rw.jpg,264425,gs://senior-share-staging-570862915709/naresome_thumbnails/DQUFAOqt-Rw.jpg,
DQtP_TGvUQk,E:\Data\ObsidianVault\02_Channels\馴れ初めシネマ\競合チャンネル分析\企画リサーチ_20260605\gcs_upload_staging\naresome_thumbnails\DQtP_TGvUQk.jpg,265861,gs://senior-share-staging-570862915709/naresome_thumbnails/DQtP_TGvUQk.jpg,
DRYdsT0sXls,E:\Data\ObsidianVault\02_Channels\馴れ初めシネマ\競合チャンネル分析\企画リサーチ_20260605\gcs_upload_staging\naresome_thumbnails\DRYdsT0sXls.jpg,272339,gs://senior-share-staging-570862915709/naresome_thumbnails/DRYdsT0sXls.jpg,
DU6J_2WwoNE,E:\Data\ObsidianVault\02_Channels\馴れ初めシネマ\競合チャンネル分析\企画リサーチ_20260605\gcs_upload_staging\naresome_thumbnails\DU6J_2WwoNE.jpg,285859,gs://senior-share-staging-570862915709/naresome_thumbnails/DU6J_2WwoNE.jpg,
DUN98cYihKY,E:\Data\ObsidianVault\02_Channels\馴れ初めシネマ\競合チャンネル分析\企画リサーチ_20260605\gcs_upload_staging\naresome_thumbnails\DUN98cYihKY.jpg,253449,gs://senior-share-staging-570862915709/naresome_thumbnails/DUN98cYihKY.jpg,
DVQiUZzkK1E,E:\Data\ObsidianVault\02_Channels\馴れ初めシネマ\競合チャンネル分析\企画リサーチ_20260605\gcs_upload_staging\naresome_thumbnails\DVQiUZzkK1E.jpg,269486,gs://senior-share-staging-570862915709/naresome_thumbnails/DVQiUZzkK1E.jpg,
DX1oIWmnrFs,E:\Data\ObsidianVault\02_Channels\馴れ初めシネマ\競合チャンネル分析\企画リサーチ_20260605\gcs_upload_staging\naresome_thumbnails\DX1oIWmnrFs.jpg,255439,gs://senior-share-staging-570862915709/naresome_thumbnails/DX1oIWmnrFs.jpg,
DXKLa_7Esg0,E:\Data\ObsidianVault\02_Channels\馴れ初めシネマ\競合チャンネル分析\企画リサーチ_20260605\gcs_upload_staging\naresome_thumbnails\DXKLa_7Esg0.jpg,262355,gs://senior-share-staging-570862915709/naresome_thumbnails/DXKLa_7Esg0.jpg,
DY8MbxR4yZk,E:\Data\ObsidianVault\02_Channels\馴れ初めシネマ\競合チャンネル分析\企画リサーチ_20260605\gcs_upload_staging\naresome_thumbnails\DY8MbxR4yZk.jpg,258179,gs://senior-share-staging-570862915709/naresome_thumbnails/DY8MbxR4yZk.jpg,
DZ-F8gaA4eg,E:\Data\ObsidianVault\02_Channels\馴れ初めシネマ\競合チャンネル分析\企画リサーチ_20260605\gcs_upload_staging\naresome_thumbnails\DZ-F8gaA4eg.jpg,260268,gs://senior-share-staging-570862915709/naresome_thumbnails/DZ-F8gaA4eg.jpg,
DZc8od_LSFk,E:\Data\ObsidianVault\02_Channels\馴れ初めシネマ\競合チャンネル分析\企画リサーチ_20260605\gcs_upload_staging\naresome_thumbnails\DZc8od_LSFk.jpg,255989,gs://senior-share-staging-570862915709/naresome_thumbnails/DZc8od_LSFk.jpg,
DaFE7w27wrU,E:\Data\ObsidianVault\02_Channels\馴れ初めシネマ\競合チャンネル分析\企画リサーチ_20260605\gcs_upload_staging\naresome_thumbnails\DaFE7w27wrU.jpg,256458,gs://senior-share-staging-570862915709/naresome_thumbnails/DaFE7w27wrU.jpg,
DceFHoyUZx8,E:\Data\ObsidianVault\02_Channels\馴れ初めシネマ\競合チャンネル分析\企画リサーチ_20260605\gcs_upload_staging\naresome_thumbnails\DceFHoyUZx8.jpg,249253,gs://senior-share-staging-570862915709/naresome_thumbnails/DceFHoyUZx8.jpg,
DfSnfQ51Ots,E:\Data\ObsidianVault\02_Channels\馴れ初めシネマ\競合チャンネル分析\企画リサーチ_20260605\gcs_upload_staging\naresome_thumbnails\DfSnfQ51Ots.jpg,277179,gs://senior-share-staging-570862915709/naresome_thumbnails/DfSnfQ51Ots.jpg,
Dfj9unOWE0Q,E:\Data\ObsidianVault\02_Channels\馴れ初めシネマ\競合チャンネル分析\企画リサーチ_20260605\gcs_upload_staging\naresome_thumbnails\Dfj9unOWE0Q.jpg,274250,gs://senior-share-staging-570862915709/naresome_thumbnails/Dfj9unOWE0Q.jpg,
DfpG-GeCGQQ,E:\Data\ObsidianVault\02_Channels\馴れ初めシネマ\競合チャンネル分析\企画リサーチ_20260605\gcs_upload_staging\naresome_thumbnails\DfpG-GeCGQQ.jpg,264955,gs://senior-share-staging-570862915709/naresome_thumbnails/DfpG-GeCGQQ.jpg,
DgYKxbduIiw,E:\Data\ObsidianVault\02_Channels\馴れ初めシネマ\競合チャンネル分析\企画リサーチ_20260605\gcs_upload_staging\naresome_thumbnails\DgYKxbduIiw.jpg,249760,gs://senior-share-staging-570862915709/naresome_thumbnails/DgYKxbduIiw.jpg,
DgmcowNVv0o,E:\Data\ObsidianVault\02_Channels\馴れ初めシネマ\競合チャンネル分析\企画リサーチ_20260605\gcs_upload_staging\naresome_thumbnails\DgmcowNVv0o.jpg,270205,gs://senior-share-staging-570862915709/naresome_thumbnails/DgmcowNVv0o.jpg,
Dlk2aTK5NO4,E:\Data\ObsidianVault\02_Channels\馴れ初めシネマ\競合チャンネル分析\企画リサーチ_20260605\gcs_upload_staging\naresome_thumbnails\Dlk2aTK5NO4.jpg,273468,gs://senior-share-staging-570862915709/naresome_thumbnails/Dlk2aTK5NO4.jpg,
DmSRWF0_mwE,E:\Data\ObsidianVault\02_Channels\馴れ初めシネマ\競合チャンネル分析\企画リサーチ_20260605\gcs_upload_staging\naresome_thumbnails\DmSRWF0_mwE.jpg,261152,gs://senior-share-staging-570862915709/naresome_thumbnails/DmSRWF0_mwE.jpg,
Dn2wrIund5Y,E:\Data\ObsidianVault\02_Channels\馴れ初めシネマ\競合チャンネル分析\企画リサーチ_20260605\gcs_upload_staging\naresome_thumbnails\Dn2wrIund5Y.jpg,245061,gs://senior-share-staging-570862915709/naresome_thumbnails/Dn2wrIund5Y.jpg,
Dn68ZyrI8M4,E:\Data\ObsidianVault\02_Channels\馴れ初めシネマ\競合チャンネル分析\企画リサーチ_20260605\gcs_upload_staging\naresome_thumbnails\Dn68ZyrI8M4.jpg,243192,gs://senior-share-staging-570862915709/naresome_thumbnails/Dn68ZyrI8M4.jpg,
DoKV48gW3MA,E:\Data\ObsidianVault\02_Channels\馴れ初めシネマ\競合チャンネル分析\企画リサーチ_20260605\gcs_upload_staging\naresome_thumbnails\DoKV48gW3MA.jpg,243070,gs://senior-share-staging-570862915709/naresome_thumbnails/DoKV48gW3MA.jpg,
DorBcUkRmF8,E:\Data\ObsidianVault\02_Channels\馴れ初めシネマ\競合チャンネル分析\企画リサーチ_20260605\gcs_upload_staging\naresome_thumbnails\DorBcUkRmF8.jpg,256978,gs://senior-share-staging-570862915709/naresome_thumbnails/DorBcUkRmF8.jpg,
Dp2Pmn_wbXU,E:\Data\ObsidianVault\02_Channels\馴れ初めシネマ\競合チャンネル分析\企画リサーチ_20260605\gcs_upload_staging\naresome_thumbnails\Dp2Pmn_wbXU.jpg,252805,gs://senior-share-staging-570862915709/naresome_thumbnails/Dp2Pmn_wbXU.jpg,
Dp3d3qkTvtg,E:\Data\ObsidianVault\02_Channels\馴れ初めシネマ\競合チャンネル分析\企画リサーチ_20260605\gcs_upload_staging\naresome_thumbnails\Dp3d3qkTvtg.jpg,245356,gs://senior-share-staging-570862915709/naresome_thumbnails/Dp3d3qkTvtg.jpg,
Dtk7clmvXd4,E:\Data\ObsidianVault\02_Channels\馴れ初めシネマ\競合チャンネル分析\企画リサーチ_20260605\gcs_upload_staging\naresome_thumbnails\Dtk7clmvXd4.jpg,257684,gs://senior-share-staging-570862915709/naresome_thumbnails/Dtk7clmvXd4.jpg,
Duk0zXT-pEg,E:\Data\ObsidianVault\02_Channels\馴れ初めシネマ\競合チャンネル分析\企画リサーチ_20260605\gcs_upload_staging\naresome_thumbnails\Duk0zXT-pEg.jpg,243449,gs://senior-share-staging-570862915709/naresome_thumbnails/Duk0zXT-pEg.jpg,
DvQPYMpI5Rk,E:\Data\ObsidianVault\02_Channels\馴れ初めシネマ\競合チャンネル分析\企画リサーチ_20260605\gcs_upload_staging\naresome_thumbnails\DvQPYMpI5Rk.jpg,230335,gs://senior-share-staging-570862915709/naresome_thumbnails/DvQPYMpI5Rk.jpg,
Dy8q5HefiLA,E:\Data\ObsidianVault\02_Channels\馴れ初めシネマ\競合チャンネル分析\企画リサーチ_20260605\gcs_upload_staging\naresome_thumbnails\Dy8q5HefiLA.jpg,251631,gs://senior-share-staging-570862915709/naresome_thumbnails/Dy8q5HefiLA.jpg,
E0Lj9zS7hng,E:\Data\ObsidianVault\02_Channels\馴れ初めシネマ\競合チャンネル分析\企画リサーチ_20260605\gcs_upload_staging\naresome_thumbnails\E0Lj9zS7hng.jpg,258032,gs://senior-share-staging-570862915709/naresome_thumbnails/E0Lj9zS7hng.jpg,
E2MznKk9LtI,E:\Data\ObsidianVault\02_Channels\馴れ初めシネマ\競合チャンネル分析\企画リサーチ_20260605\gcs_upload_staging\naresome_thumbnails\E2MznKk9LtI.jpg,262698,gs://senior-share-staging-570862915709/naresome_thumbnails/E2MznKk9LtI.jpg,
E3qIUO944pY,E:\Data\ObsidianVault\02_Channels\馴れ初めシネマ\競合チャンネル分析\企画リサーチ_20260605\gcs_upload_staging\naresome_thumbnails\E3qIUO944pY.jpg,246995,gs://senior-share-staging-570862915709/naresome_thumbnails/E3qIUO944pY.jpg,
E4xRDaXZ6Oo,E:\Data\ObsidianVault\02_Channels\馴れ初めシネマ\競合チャンネル分析\企画リサーチ_20260605\gcs_upload_staging\naresome_thumbnails\E4xRDaXZ6Oo.jpg,268051,gs://senior-share-staging-570862915709/naresome_thumbnails/E4xRDaXZ6Oo.jpg,
E7UcGfIfYls,E:\Data\ObsidianVault\02_Channels\馴れ初めシネマ\競合チャンネル分析\企画リサーチ_20260605\gcs_upload_staging\naresome_thumbnails\E7UcGfIfYls.jpg,251651,gs://senior-share-staging-570862915709/naresome_thumbnails/E7UcGfIfYls.jpg,
E89nxyZOR3Q,E:\Data\ObsidianVault\02_Channels\馴れ初めシネマ\競合チャンネル分析\企画リサーチ_20260605\gcs_upload_staging\naresome_thumbnails\E89nxyZOR3Q.jpg,239889,gs://senior-share-staging-570862915709/naresome_thumbnails/E89nxyZOR3Q.jpg,
E8PdDhA8-Cs,E:\Data\ObsidianVault\02_Channels\馴れ初めシネマ\競合チャンネル分析\企画リサーチ_20260605\gcs_upload_staging\naresome_thumbnails\E8PdDhA8-Cs.jpg,256945,gs://senior-share-staging-570862915709/naresome_thumbnails/E8PdDhA8-Cs.jpg,
E8tTdZX23Gc,E:\Data\ObsidianVault\02_Channels\馴れ初めシネマ\競合チャンネル分析\企画リサーチ_20260605\gcs_upload_staging\naresome_thumbnails\E8tTdZX23Gc.jpg,273461,gs://senior-share-staging-570862915709/naresome_thumbnails/E8tTdZX23Gc.jpg,
E9CqoV6NYjE,E:\Data\ObsidianVault\02_Channels\馴れ初めシネマ\競合チャンネル分析\企画リサーチ_20260605\gcs_upload_staging\naresome_thumbnails\E9CqoV6NYjE.jpg,267269,gs://senior-share-staging-570862915709/naresome_thumbnails/E9CqoV6NYjE.jpg,
E9JlgmWAVTM,E:\Data\ObsidianVault\02_Channels\馴れ初めシネマ\競合チャンネル分析\企画リサーチ_20260605\gcs_upload_staging\naresome_thumbnails\E9JlgmWAVTM.jpg,236489,gs://senior-share-staging-570862915709/naresome_thumbnails/E9JlgmWAVTM.jpg,
EAUFIMKg2Ko,E:\Data\ObsidianVault\02_Channels\馴れ初めシネマ\競合チャンネル分析\企画リサーチ_20260605\gcs_upload_staging\naresome_thumbnails\EAUFIMKg2Ko.jpg,233889,gs://senior-share-staging-570862915709/naresome_thumbnails/EAUFIMKg2Ko.jpg,
EAdeAjprPYs,E:\Data\ObsidianVault\02_Channels\馴れ初めシネマ\競合チャンネル分析\企画リサーチ_20260605\gcs_upload_staging\naresome_thumbnails\EAdeAjprPYs.jpg,249856,gs://senior-share-staging-570862915709/naresome_thumbnails/EAdeAjprPYs.jpg,
EB8T9myXUos,E:\Data\ObsidianVault\02_Channels\馴れ初めシネマ\競合チャンネル分析\企画リサーチ_20260605\gcs_upload_staging\naresome_thumbnails\EB8T9myXUos.jpg,250058,gs://senior-share-staging-570862915709/naresome_thumbnails/EB8T9myXUos.jpg,
EBQzqqjEuKE,E:\Data\ObsidianVault\02_Channels\馴れ初めシネマ\競合チャンネル分析\企画リサーチ_20260605\gcs_upload_staging\naresome_thumbnails\EBQzqqjEuKE.jpg,249053,gs://senior-share-staging-570862915709/naresome_thumbnails/EBQzqqjEuKE.jpg,
ECptMGs-o_s,E:\Data\ObsidianVault\02_Channels\馴れ初めシネマ\競合チャンネル分析\企画リサーチ_20260605\gcs_upload_staging\naresome_thumbnails\ECptMGs-o_s.jpg,274306,gs://senior-share-staging-570862915709/naresome_thumbnails/ECptMGs-o_s.jpg,
EFk8uLPgWB0,E:\Data\ObsidianVault\02_Channels\馴れ初めシネマ\競合チャンネル分析\企画リサーチ_20260605\gcs_upload_staging\naresome_thumbnails\EFk8uLPgWB0.jpg,249942,gs://senior-share-staging-570862915709/naresome_thumbnails/EFk8uLPgWB0.jpg,
EGOWzDHbEZk,E:\Data\ObsidianVault\02_Channels\馴れ初めシネマ\競合チャンネル分析\企画リサーチ_20260605\gcs_upload_staging\naresome_thumbnails\EGOWzDHbEZk.jpg,242954,gs://senior-share-staging-570862915709/naresome_thumbnails/EGOWzDHbEZk.jpg,
EHDlzZB8P3U,E:\Data\ObsidianVault\02_Channels\馴れ初めシネマ\競合チャンネル分析\企画リサーチ_20260605\gcs_upload_staging\naresome_thumbnails\EHDlzZB8P3U.jpg,253089,gs://senior-share-staging-570862915709/naresome_thumbnails/EHDlzZB8P3U.jpg,
EK38UwG9NCg,E:\Data\ObsidianVault\02_Channels\馴れ初めシネマ\競合チャンネル分析\企画リサーチ_20260605\gcs_upload_staging\naresome_thumbnails\EK38UwG9NCg.jpg,332343,gs://senior-share-staging-570862915709/naresome_thumbnails/EK38UwG9NCg.jpg,
EK5mCD7uoCE,E:\Data\ObsidianVault\02_Channels\馴れ初めシネマ\競合チャンネル分析\企画リサーチ_20260605\gcs_upload_staging\naresome_thumbnails\EK5mCD7uoCE.jpg,266980,gs://senior-share-staging-570862915709/naresome_thumbnails/EK5mCD7uoCE.jpg,
EL03JmZCyhw,E:\Data\ObsidianVault\02_Channels\馴れ初めシネマ\競合チャンネル分析\企画リサーチ_20260605\gcs_upload_staging\naresome_thumbnails\EL03JmZCyhw.jpg,269107,gs://senior-share-staging-570862915709/naresome_thumbnails/EL03JmZCyhw.jpg,
ELoXsxQG7Xc,E:\Data\ObsidianVault\02_Channels\馴れ初めシネマ\競合チャンネル分析\企画リサーチ_20260605\gcs_upload_staging\naresome_thumbnails\ELoXsxQG7Xc.jpg,267834,gs://senior-share-staging-570862915709/naresome_thumbnails/ELoXsxQG7Xc.jpg,
ENkPsSOb0qI,E:\Data\ObsidianVault\02_Channels\馴れ初めシネマ\競合チャンネル分析\企画リサーチ_20260605\gcs_upload_staging\naresome_thumbnails\ENkPsSOb0qI.jpg,242792,gs://senior-share-staging-570862915709/naresome_thumbnails/ENkPsSOb0qI.jpg,
EOKs4tmUTCY,E:\Data\ObsidianVault\02_Channels\馴れ初めシネマ\競合チャンネル分析\企画リサーチ_20260605\gcs_upload_staging\naresome_thumbnails\EOKs4tmUTCY.jpg,273921,gs://senior-share-staging-570862915709/naresome_thumbnails/EOKs4tmUTCY.jpg,
EPJmIiz0Q1Y,E:\Data\ObsidianVault\02_Channels\馴れ初めシネマ\競合チャンネル分析\企画リサーチ_20260605\gcs_upload_staging\naresome_thumbnails\EPJmIiz0Q1Y.jpg,260673,gs://senior-share-staging-570862915709/naresome_thumbnails/EPJmIiz0Q1Y.jpg,
EQXQVcZD1bo,E:\Data\ObsidianVault\02_Channels\馴れ初めシネマ\競合チャンネル分析\企画リサーチ_20260605\gcs_upload_staging\naresome_thumbnails\EQXQVcZD1bo.jpg,275518,gs://senior-share-staging-570862915709/naresome_thumbnails/EQXQVcZD1bo.jpg,
EQuVFBKr6ew,E:\Data\ObsidianVault\02_Channels\馴れ初めシネマ\競合チャンネル分析\企画リサーチ_20260605\gcs_upload_staging\naresome_thumbnails\EQuVFBKr6ew.jpg,252551,gs://senior-share-staging-570862915709/naresome_thumbnails/EQuVFBKr6ew.jpg,
ERyLATybqr4,E:\Data\ObsidianVault\02_Channels\馴れ初めシネマ\競合チャンネル分析\企画リサーチ_20260605\gcs_upload_staging\naresome_thumbnails\ERyLATybqr4.jpg,248014,gs://senior-share-staging-570862915709/naresome_thumbnails/ERyLATybqr4.jpg,
ESYHlqZOMCE,E:\Data\ObsidianVault\02_Channels\馴れ初めシネマ\競合チャンネル分析\企画リサーチ_20260605\gcs_upload_staging\naresome_thumbnails\ESYHlqZOMCE.jpg,254014,gs://senior-share-staging-570862915709/naresome_thumbnails/ESYHlqZOMCE.jpg,
ESjH9vNlfWI,E:\Data\ObsidianVault\02_Channels\馴れ初めシネマ\競合チャンネル分析\企画リサーチ_20260605\gcs_upload_staging\naresome_thumbnails\ESjH9vNlfWI.jpg,277644,gs://senior-share-staging-570862915709/naresome_thumbnails/ESjH9vNlfWI.jpg,
ETFimAjUJx0,E:\Data\ObsidianVault\02_Channels\馴れ初めシネマ\競合チャンネル分析\企画リサーチ_20260605\gcs_upload_staging\naresome_thumbnails\ETFimAjUJx0.jpg,259635,gs://senior-share-staging-570862915709/naresome_thumbnails/ETFimAjUJx0.jpg,
E_vN2EwfCAE,E:\Data\ObsidianVault\02_Channels\馴れ初めシネマ\競合チャンネル分析\企画リサーチ_20260605\gcs_upload_staging\naresome_thumbnails\E_vN2EwfCAE.jpg,259765,gs://senior-share-staging-570862915709/naresome_thumbnails/E_vN2EwfCAE.jpg,
Ec0MwyQEU3U,E:\Data\ObsidianVault\02_Channels\馴れ初めシネマ\競合チャンネル分析\企画リサーチ_20260605\gcs_upload_staging\naresome_thumbnails\Ec0MwyQEU3U.jpg,260411,gs://senior-share-staging-570862915709/naresome_thumbnails/Ec0MwyQEU3U.jpg,
EdHAxMB5ZCY,E:\Data\ObsidianVault\02_Channels\馴れ初めシネマ\競合チャンネル分析\企画リサーチ_20260605\gcs_upload_staging\naresome_thumbnails\EdHAxMB5ZCY.jpg,252577,gs://senior-share-staging-570862915709/naresome_thumbnails/EdHAxMB5ZCY.jpg,
EdO0UoHXlZg,E:\Data\ObsidianVault\02_Channels\馴れ初めシネマ\競合チャンネル分析\企画リサーチ_20260605\gcs_upload_staging\naresome_thumbnails\EdO0UoHXlZg.jpg,254831,gs://senior-share-staging-570862915709/naresome_thumbnails/EdO0UoHXlZg.jpg,
EdS-QGjDtLM,E:\Data\ObsidianVault\02_Channels\馴れ初めシネマ\競合チャンネル分析\企画リサーチ_20260605\gcs_upload_staging\naresome_thumbnails\EdS-QGjDtLM.jpg,279981,gs://senior-share-staging-570862915709/naresome_thumbnails/EdS-QGjDtLM.jpg,
EfDFWCWaIoo,E:\Data\ObsidianVault\02_Channels\馴れ初めシネマ\競合チャンネル分析\企画リサーチ_20260605\gcs_upload_staging\naresome_thumbnails\EfDFWCWaIoo.jpg,249183,gs://senior-share-staging-570862915709/naresome_thumbnails/EfDFWCWaIoo.jpg,
EjRv0nSMAkU,E:\Data\ObsidianVault\02_Channels\馴れ初めシネマ\競合チャンネル分析\企画リサーチ_20260605\gcs_upload_staging\naresome_thumbnails\EjRv0nSMAkU.jpg,241180,gs://senior-share-staging-570862915709/naresome_thumbnails/EjRv0nSMAkU.jpg,
EkiJ-s3buYA,E:\Data\ObsidianVault\02_Channels\馴れ初めシネマ\競合チャンネル分析\企画リサーチ_20260605\gcs_upload_staging\naresome_thumbnails\EkiJ-s3buYA.jpg,256340,gs://senior-share-staging-570862915709/naresome_thumbnails/EkiJ-s3buYA.jpg,
El6-BIwn99c,E:\Data\ObsidianVault\02_Channels\馴れ初めシネマ\競合チャンネル分析\企画リサーチ_20260605\gcs_upload_staging\naresome_thumbnails\El6-BIwn99c.jpg,329839,gs://senior-share-staging-570862915709/naresome_thumbnails/El6-BIwn99c.jpg,
EnflagzvfHw,E:\Data\ObsidianVault\02_Channels\馴れ初めシネマ\競合チャンネル分析\企画リサーチ_20260605\gcs_upload_staging\naresome_thumbnails\EnflagzvfHw.jpg,254447,gs://senior-share-staging-570862915709/naresome_thumbnails/EnflagzvfHw.jpg,
Ep0gezPV8jA,E:\Data\ObsidianVault\02_Channels\馴れ初めシネマ\競合チャンネル分析\企画リサーチ_20260605\gcs_upload_staging\naresome_thumbnails\Ep0gezPV8jA.jpg,279890,gs://senior-share-staging-570862915709/naresome_thumbnails/Ep0gezPV8jA.jpg,
EpSigA4KTZA,E:\Data\ObsidianVault\02_Channels\馴れ初めシネマ\競合チャンネル分析\企画リサーチ_20260605\gcs_upload_staging\naresome_thumbnails\EpSigA4KTZA.jpg,250722,gs://senior-share-staging-570862915709/naresome_thumbnails/EpSigA4KTZA.jpg,
EpgWjTWBUSU,E:\Data\ObsidianVault\02_Channels\馴れ初めシネマ\競合チャンネル分析\企画リサーチ_20260605\gcs_upload_staging\naresome_thumbnails\EpgWjTWBUSU.jpg,249028,gs://senior-share-staging-570862915709/naresome_thumbnails/EpgWjTWBUSU.jpg,
EqDD-7Pykvk,E:\Data\ObsidianVault\02_Channels\馴れ初めシネマ\競合チャンネル分析\企画リサーチ_20260605\gcs_upload_staging\naresome_thumbnails\EqDD-7Pykvk.jpg,243413,gs://senior-share-staging-570862915709/naresome_thumbnails/EqDD-7Pykvk.jpg,
EqLSXN3AMno,E:\Data\ObsidianVault\02_Channels\馴れ初めシネマ\競合チャンネル分析\企画リサーチ_20260605\gcs_upload_staging\naresome_thumbnails\EqLSXN3AMno.jpg,272880,gs://senior-share-staging-570862915709/naresome_thumbnails/EqLSXN3AMno.jpg,
Es4wQUMG-PA,E:\Data\ObsidianVault\02_Channels\馴れ初めシネマ\競合チャンネル分析\企画リサーチ_20260605\gcs_upload_staging\naresome_thumbnails\Es4wQUMG-PA.jpg,241390,gs://senior-share-staging-570862915709/naresome_thumbnails/Es4wQUMG-PA.jpg,
Et5dnCars_I,E:\Data\ObsidianVault\02_Channels\馴れ初めシネマ\競合チャンネル分析\企画リサーチ_20260605\gcs_upload_staging\naresome_thumbnails\Et5dnCars_I.jpg,238214,gs://senior-share-staging-570862915709/naresome_thumbnails/Et5dnCars_I.jpg,
EuGWeEsPaYs,E:\Data\ObsidianVault\02_Channels\馴れ初めシネマ\競合チャンネル分析\企画リサーチ_20260605\gcs_upload_staging\naresome_thumbnails\EuGWeEsPaYs.jpg,254546,gs://senior-share-staging-570862915709/naresome_thumbnails/EuGWeEsPaYs.jpg,
EuYG1RHRJR0,E:\Data\ObsidianVault\02_Channels\馴れ初めシネマ\競合チャンネル分析\企画リサーチ_20260605\gcs_upload_staging\naresome_thumbnails\EuYG1RHRJR0.jpg,254638,gs://senior-share-staging-570862915709/naresome_thumbnails/EuYG1RHRJR0.jpg,
EvASK_FO8f0,E:\Data\ObsidianVault\02_Channels\馴れ初めシネマ\競合チャンネル分析\企画リサーチ_20260605\gcs_upload_staging\naresome_thumbnails\EvASK_FO8f0.jpg,245418,gs://senior-share-staging-570862915709/naresome_thumbnails/EvASK_FO8f0.jpg,
EvsxW0XG2qA,E:\Data\ObsidianVault\02_Channels\馴れ初めシネマ\競合チャンネル分析\企画リサーチ_20260605\gcs_upload_staging\naresome_thumbnails\EvsxW0XG2qA.jpg,258592,gs://senior-share-staging-570862915709/naresome_thumbnails/EvsxW0XG2qA.jpg,
Ew8fIq4kjQk,E:\Data\ObsidianVault\02_Channels\馴れ初めシネマ\競合チャンネル分析\企画リサーチ_20260605\gcs_upload_staging\naresome_thumbnails\Ew8fIq4kjQk.jpg,243230,gs://senior-share-staging-570862915709/naresome_thumbnails/Ew8fIq4kjQk.jpg,
EwEkXSwdKXg,E:\Data\ObsidianVault\02_Channels\馴れ初めシネマ\競合チャンネル分析\企画リサーチ_20260605\gcs_upload_staging\naresome_thumbnails\EwEkXSwdKXg.jpg,250445,gs://senior-share-staging-570862915709/naresome_thumbnails/EwEkXSwdKXg.jpg,
ExsIrKzUstM,E:\Data\ObsidianVault\02_Channels\馴れ初めシネマ\競合チャンネル分析\企画リサーチ_20260605\gcs_upload_staging\naresome_thumbnails\ExsIrKzUstM.jpg,241328,gs://senior-share-staging-570862915709/naresome_thumbnails/ExsIrKzUstM.jpg,
F25E_7jcs-w,E:\Data\ObsidianVault\02_Channels\馴れ初めシネマ\競合チャンネル分析\企画リサーチ_20260605\gcs_upload_staging\naresome_thumbnails\F25E_7jcs-w.jpg,258475,gs://senior-share-staging-570862915709/naresome_thumbnails/F25E_7jcs-w.jpg,
F2bto2CRFnU,E:\Data\ObsidianVault\02_Channels\馴れ初めシネマ\競合チャンネル分析\企画リサーチ_20260605\gcs_upload_staging\naresome_thumbnails\F2bto2CRFnU.jpg,254312,gs://senior-share-staging-570862915709/naresome_thumbnails/F2bto2CRFnU.jpg,
F2f2xpWyNYQ,E:\Data\ObsidianVault\02_Channels\馴れ初めシネマ\競合チャンネル分析\企画リサーチ_20260605\gcs_upload_staging\naresome_thumbnails\F2f2xpWyNYQ.jpg,267564,gs://senior-share-staging-570862915709/naresome_thumbnails/F2f2xpWyNYQ.jpg,
F3lN4dkHbdA,E:\Data\ObsidianVault\02_Channels\馴れ初めシネマ\競合チャンネル分析\企画リサーチ_20260605\gcs_upload_staging\naresome_thumbnails\F3lN4dkHbdA.jpg,281339,gs://senior-share-staging-570862915709/naresome_thumbnails/F3lN4dkHbdA.jpg,
F4YcicjFqgM,E:\Data\ObsidianVault\02_Channels\馴れ初めシネマ\競合チャンネル分析\企画リサーチ_20260605\gcs_upload_staging\naresome_thumbnails\F4YcicjFqgM.jpg,250035,gs://senior-share-staging-570862915709/naresome_thumbnails/F4YcicjFqgM.jpg,
F6XZ0hgXWgU,E:\Data\ObsidianVault\02_Channels\馴れ初めシネマ\競合チャンネル分析\企画リサーチ_20260605\gcs_upload_staging\naresome_thumbnails\F6XZ0hgXWgU.jpg,267703,gs://senior-share-staging-570862915709/naresome_thumbnails/F6XZ0hgXWgU.jpg,
F83y-yyiDlk,E:\Data\ObsidianVault\02_Channels\馴れ初めシネマ\競合チャンネル分析\企画リサーチ_20260605\gcs_upload_staging\naresome_thumbnails\F83y-yyiDlk.jpg,239012,gs://senior-share-staging-570862915709/naresome_thumbnails/F83y-yyiDlk.jpg,
F93rSwqwuFI,E:\Data\ObsidianVault\02_Channels\馴れ初めシネマ\競合チャンネル分析\企画リサーチ_20260605\gcs_upload_staging\naresome_thumbnails\F93rSwqwuFI.jpg,271390,gs://senior-share-staging-570862915709/naresome_thumbnails/F93rSwqwuFI.jpg,
FA7SmTmkZzY,E:\Data\ObsidianVault\02_Channels\馴れ初めシネマ\競合チャンネル分析\企画リサーチ_20260605\gcs_upload_staging\naresome_thumbnails\FA7SmTmkZzY.jpg,282390,gs://senior-share-staging-570862915709/naresome_thumbnails/FA7SmTmkZzY.jpg,
FAtH-trVNqI,E:\Data\ObsidianVault\02_Channels\馴れ初めシネマ\競合チャンネル分析\企画リサーチ_20260605\gcs_upload_staging\naresome_thumbnails\FAtH-trVNqI.jpg,239320,gs://senior-share-staging-570862915709/naresome_thumbnails/FAtH-trVNqI.jpg,
FB2LSpWzNHI,E:\Data\ObsidianVault\02_Channels\馴れ初めシネマ\競合チャンネル分析\企画リサーチ_20260605\gcs_upload_staging\naresome_thumbnails\FB2LSpWzNHI.jpg,240571,gs://senior-share-staging-570862915709/naresome_thumbnails/FB2LSpWzNHI.jpg,
FBaw3w6S7J8,E:\Data\ObsidianVault\02_Channels\馴れ初めシネマ\競合チャンネル分析\企画リサーチ_20260605\gcs_upload_staging\naresome_thumbnails\FBaw3w6S7J8.jpg,245437,gs://senior-share-staging-570862915709/naresome_thumbnails/FBaw3w6S7J8.jpg,
FEgeiDRpiNU,E:\Data\ObsidianVault\02_Channels\馴れ初めシネマ\競合チャンネル分析\企画リサーチ_20260605\gcs_upload_staging\naresome_thumbnails\FEgeiDRpiNU.jpg,269110,gs://senior-share-staging-570862915709/naresome_thumbnails/FEgeiDRpiNU.jpg,
FFiJ3ASJEHc,E:\Data\ObsidianVault\02_Channels\馴れ初めシネマ\競合チャンネル分析\企画リサーチ_20260605\gcs_upload_staging\naresome_thumbnails\FFiJ3ASJEHc.jpg,227752,gs://senior-share-staging-570862915709/naresome_thumbnails/FFiJ3ASJEHc.jpg,
FFn89D_hEj8,E:\Data\ObsidianVault\02_Channels\馴れ初めシネマ\競合チャンネル分析\企画リサーチ_20260605\gcs_upload_staging\naresome_thumbnails\FFn89D_hEj8.jpg,258181,gs://senior-share-staging-570862915709/naresome_thumbnails/FFn89D_hEj8.jpg,
FHfCfXFryD4,E:\Data\ObsidianVault\02_Channels\馴れ初めシネマ\競合チャンネル分析\企画リサーチ_20260605\gcs_upload_staging\naresome_thumbnails\FHfCfXFryD4.jpg,239385,gs://senior-share-staging-570862915709/naresome_thumbnails/FHfCfXFryD4.jpg,
FIEaf1_KK4M,E:\Data\ObsidianVault\02_Channels\馴れ初めシネマ\競合チャンネル分析\企画リサーチ_20260605\gcs_upload_staging\naresome_thumbnails\FIEaf1_KK4M.jpg,245481,gs://senior-share-staging-570862915709/naresome_thumbnails/FIEaf1_KK4M.jpg,
FJD2UpOlwOE,E:\Data\ObsidianVault\02_Channels\馴れ初めシネマ\競合チャンネル分析\企画リサーチ_20260605\gcs_upload_staging\naresome_thumbnails\FJD2UpOlwOE.jpg,230514,gs://senior-share-staging-570862915709/naresome_thumbnails/FJD2UpOlwOE.jpg,
FLMnl4d6E0A,E:\Data\ObsidianVault\02_Channels\馴れ初めシネマ\競合チャンネル分析\企画リサーチ_20260605\gcs_upload_staging\naresome_thumbnails\FLMnl4d6E0A.jpg,277275,gs://senior-share-staging-570862915709/naresome_thumbnails/FLMnl4d6E0A.jpg,
FMmvoW00AcE,E:\Data\ObsidianVault\02_Channels\馴れ初めシネマ\競合チャンネル分析\企画リサーチ_20260605\gcs_upload_staging\naresome_thumbnails\FMmvoW00AcE.jpg,251238,gs://senior-share-staging-570862915709/naresome_thumbnails/FMmvoW00AcE.jpg,
FNu9v4TQU0Q,E:\Data\ObsidianVault\02_Channels\馴れ初めシネマ\競合チャンネル分析\企画リサーチ_20260605\gcs_upload_staging\naresome_thumbnails\FNu9v4TQU0Q.jpg,248007,gs://senior-share-staging-570862915709/naresome_thumbnails/FNu9v4TQU0Q.jpg,
FPCPe8vyzEU,E:\Data\ObsidianVault\02_Channels\馴れ初めシネマ\競合チャンネル分析\企画リサーチ_20260605\gcs_upload_staging\naresome_thumbnails\FPCPe8vyzEU.jpg,306148,gs://senior-share-staging-570862915709/naresome_thumbnails/FPCPe8vyzEU.jpg,
FRZwVcA8uNc,E:\Data\ObsidianVault\02_Channels\馴れ初めシネマ\競合チャンネル分析\企画リサーチ_20260605\gcs_upload_staging\naresome_thumbnails\FRZwVcA8uNc.jpg,251788,gs://senior-share-staging-570862915709/naresome_thumbnails/FRZwVcA8uNc.jpg,
FWCGsoEdp8Y,E:\Data\ObsidianVault\02_Channels\馴れ初めシネマ\競合チャンネル分析\企画リサーチ_20260605\gcs_upload_staging\naresome_thumbnails\FWCGsoEdp8Y.jpg,259515,gs://senior-share-staging-570862915709/naresome_thumbnails/FWCGsoEdp8Y.jpg,
FX1gpKPZmDg,E:\Data\ObsidianVault\02_Channels\馴れ初めシネマ\競合チャンネル分析\企画リサーチ_20260605\gcs_upload_staging\naresome_thumbnails\FX1gpKPZmDg.jpg,246370,gs://senior-share-staging-570862915709/naresome_thumbnails/FX1gpKPZmDg.jpg,
FXIMW7S5tdg,E:\Data\ObsidianVault\02_Channels\馴れ初めシネマ\競合チャンネル分析\企画リサーチ_20260605\gcs_upload_staging\naresome_thumbnails\FXIMW7S5tdg.jpg,264436,gs://senior-share-staging-570862915709/naresome_thumbnails/FXIMW7S5tdg.jpg,
FYEXV0GdtpE,E:\Data\ObsidianVault\02_Channels\馴れ初めシネマ\競合チャンネル分析\企画リサーチ_20260605\gcs_upload_staging\naresome_thumbnails\FYEXV0GdtpE.jpg,243727,gs://senior-share-staging-570862915709/naresome_thumbnails/FYEXV0GdtpE.jpg,
FYO-601-KHk,E:\Data\ObsidianVault\02_Channels\馴れ初めシネマ\競合チャンネル分析\企画リサーチ_20260605\gcs_upload_staging\naresome_thumbnails\FYO-601-KHk.jpg,269658,gs://senior-share-staging-570862915709/naresome_thumbnails/FYO-601-KHk.jpg,
Fa4aol2n6bA,E:\Data\ObsidianVault\02_Channels\馴れ初めシネマ\競合チャンネル分析\企画リサーチ_20260605\gcs_upload_staging\naresome_thumbnails\Fa4aol2n6bA.jpg,266944,gs://senior-share-staging-570862915709/naresome_thumbnails/Fa4aol2n6bA.jpg,
FbdX1qk9nz4,E:\Data\ObsidianVault\02_Channels\馴れ初めシネマ\競合チャンネル分析\企画リサーチ_20260605\gcs_upload_staging\naresome_thumbnails\FbdX1qk9nz4.jpg,247045,gs://senior-share-staging-570862915709/naresome_thumbnails/FbdX1qk9nz4.jpg,
Fbtfc_PH-HY,E:\Data\ObsidianVault\02_Channels\馴れ初めシネマ\競合チャンネル分析\企画リサーチ_20260605\gcs_upload_staging\naresome_thumbnails\Fbtfc_PH-HY.jpg,238106,gs://senior-share-staging-570862915709/naresome_thumbnails/Fbtfc_PH-HY.jpg,
FdF_b7d9kjo,E:\Data\ObsidianVault\02_Channels\馴れ初めシネマ\競合チャンネル分析\企画リサーチ_20260605\gcs_upload_staging\naresome_thumbnails\FdF_b7d9kjo.jpg,246615,gs://senior-share-staging-570862915709/naresome_thumbnails/FdF_b7d9kjo.jpg,
FeOKu-8SVv0,E:\Data\ObsidianVault\02_Channels\馴れ初めシネマ\競合チャンネル分析\企画リサーチ_20260605\gcs_upload_staging\naresome_thumbnails\FeOKu-8SVv0.jpg,254890,gs://senior-share-staging-570862915709/naresome_thumbnails/FeOKu-8SVv0.jpg,
FfSQAhYk-U0,E:\Data\ObsidianVault\02_Channels\馴れ初めシネマ\競合チャンネル分析\企画リサーチ_20260605\gcs_upload_staging\naresome_thumbnails\FfSQAhYk-U0.jpg,270687,gs://senior-share-staging-570862915709/naresome_thumbnails/FfSQAhYk-U0.jpg,
FgKJ3G4Dkws,E:\Data\ObsidianVault\02_Channels\馴れ初めシネマ\競合チャンネル分析\企画リサーチ_20260605\gcs_upload_staging\naresome_thumbnails\FgKJ3G4Dkws.jpg,310030,gs://senior-share-staging-570862915709/naresome_thumbnails/FgKJ3G4Dkws.jpg,
Fh3uZhcf2zs,E:\Data\ObsidianVault\02_Channels\馴れ初めシネマ\競合チャンネル分析\企画リサーチ_20260605\gcs_upload_staging\naresome_thumbnails\Fh3uZhcf2zs.jpg,258209,gs://senior-share-staging-570862915709/naresome_thumbnails/Fh3uZhcf2zs.jpg,
Fjrj7sul7hA,E:\Data\ObsidianVault\02_Channels\馴れ初めシネマ\競合チャンネル分析\企画リサーチ_20260605\gcs_upload_staging\naresome_thumbnails\Fjrj7sul7hA.jpg,280066,gs://senior-share-staging-570862915709/naresome_thumbnails/Fjrj7sul7hA.jpg,
FkfE9asu6_g,E:\Data\ObsidianVault\02_Channels\馴れ初めシネマ\競合チャンネル分析\企画リサーチ_20260605\gcs_upload_staging\naresome_thumbnails\FkfE9asu6_g.jpg,274081,gs://senior-share-staging-570862915709/naresome_thumbnails/FkfE9asu6_g.jpg,
FkrkbkbcDj4,E:\Data\ObsidianVault\02_Channels\馴れ初めシネマ\競合チャンネル分析\企画リサーチ_20260605\gcs_upload_staging\naresome_thumbnails\FkrkbkbcDj4.jpg,256183,gs://senior-share-staging-570862915709/naresome_thumbnails/FkrkbkbcDj4.jpg,
FlAt8PlR_I0,E:\Data\ObsidianVault\02_Channels\馴れ初めシネマ\競合チャンネル分析\企画リサーチ_20260605\gcs_upload_staging\naresome_thumbnails\FlAt8PlR_I0.jpg,259788,gs://senior-share-staging-570862915709/naresome_thumbnails/FlAt8PlR_I0.jpg,
FmcPVlzvx7A,E:\Data\ObsidianVault\02_Channels\馴れ初めシネマ\競合チャンネル分析\企画リサーチ_20260605\gcs_upload_staging\naresome_thumbnails\FmcPVlzvx7A.jpg,276973,gs://senior-share-staging-570862915709/naresome_thumbnails/FmcPVlzvx7A.jpg,
FnEtXEQWfXQ,E:\Data\ObsidianVault\02_Channels\馴れ初めシネマ\競合チャンネル分析\企画リサーチ_20260605\gcs_upload_staging\naresome_thumbnails\FnEtXEQWfXQ.jpg,253854,gs://senior-share-staging-570862915709/naresome_thumbnails/FnEtXEQWfXQ.jpg,
Fn_lOjGKNWg,E:\Data\ObsidianVault\02_Channels\馴れ初めシネマ\競合チャンネル分析\企画リサーチ_20260605\gcs_upload_staging\naresome_thumbnails\Fn_lOjGKNWg.jpg,253347,gs://senior-share-staging-570862915709/naresome_thumbnails/Fn_lOjGKNWg.jpg,
FrmfkxOqri8,E:\Data\ObsidianVault\02_Channels\馴れ初めシネマ\競合チャンネル分析\企画リサーチ_20260605\gcs_upload_staging\naresome_thumbnails\FrmfkxOqri8.jpg,269008,gs://senior-share-staging-570862915709/naresome_thumbnails/FrmfkxOqri8.jpg,
Ftvgh0EA1JI,E:\Data\ObsidianVault\02_Channels\馴れ初めシネマ\競合チャンネル分析\企画リサーチ_20260605\gcs_upload_staging\naresome_thumbnails\Ftvgh0EA1JI.jpg,323318,gs://senior-share-staging-570862915709/naresome_thumbnails/Ftvgh0EA1JI.jpg,
FvWnOj9EIe4,E:\Data\ObsidianVault\02_Channels\馴れ初めシネマ\競合チャンネル分析\企画リサーチ_20260605\gcs_upload_staging\naresome_thumbnails\FvWnOj9EIe4.jpg,251809,gs://senior-share-staging-570862915709/naresome_thumbnails/FvWnOj9EIe4.jpg,
Fw1DOsQaNTc,E:\Data\ObsidianVault\02_Channels\馴れ初めシネマ\競合チャンネル分析\企画リサーチ_20260605\gcs_upload_staging\naresome_thumbnails\Fw1DOsQaNTc.jpg,258025,gs://senior-share-staging-570862915709/naresome_thumbnails/Fw1DOsQaNTc.jpg,
G06oL45_Ij8,E:\Data\ObsidianVault\02_Channels\馴れ初めシネマ\競合チャンネル分析\企画リサーチ_20260605\gcs_upload_staging\naresome_thumbnails\G06oL45_Ij8.jpg,57244,gs://senior-share-staging-570862915709/naresome_thumbnails/G06oL45_Ij8.jpg,
G1cJptMbYjY,E:\Data\ObsidianVault\02_Channels\馴れ初めシネマ\競合チャンネル分析\企画リサーチ_20260605\gcs_upload_staging\naresome_thumbnails\G1cJptMbYjY.jpg,266539,gs://senior-share-staging-570862915709/naresome_thumbnails/G1cJptMbYjY.jpg,
G2Sw35wsA6M,E:\Data\ObsidianVault\02_Channels\馴れ初めシネマ\競合チャンネル分析\企画リサーチ_20260605\gcs_upload_staging\naresome_thumbnails\G2Sw35wsA6M.jpg,204216,gs://senior-share-staging-570862915709/naresome_thumbnails/G2Sw35wsA6M.jpg,
G2wWbnFtz04,E:\Data\ObsidianVault\02_Channels\馴れ初めシネマ\競合チャンネル分析\企画リサーチ_20260605\gcs_upload_staging\naresome_thumbnails\G2wWbnFtz04.jpg,314133,gs://senior-share-staging-570862915709/naresome_thumbnails/G2wWbnFtz04.jpg,
G3BvhS_L_Fk,E:\Data\ObsidianVault\02_Channels\馴れ初めシネマ\競合チャンネル分析\企画リサーチ_20260605\gcs_upload_staging\naresome_thumbnails\G3BvhS_L_Fk.jpg,260177,gs://senior-share-staging-570862915709/naresome_thumbnails/G3BvhS_L_Fk.jpg,
G3VTO89bD3w,E:\Data\ObsidianVault\02_Channels\馴れ初めシネマ\競合チャンネル分析\企画リサーチ_20260605\gcs_upload_staging\naresome_thumbnails\G3VTO89bD3w.jpg,263761,gs://senior-share-staging-570862915709/naresome_thumbnails/G3VTO89bD3w.jpg,
G3hWk_mfuSA,E:\Data\ObsidianVault\02_Channels\馴れ初めシネマ\競合チャンネル分析\企画リサーチ_20260605\gcs_upload_staging\naresome_thumbnails\G3hWk_mfuSA.jpg,243776,gs://senior-share-staging-570862915709/naresome_thumbnails/G3hWk_mfuSA.jpg,
G5eQhlN8Uv8,E:\Data\ObsidianVault\02_Channels\馴れ初めシネマ\競合チャンネル分析\企画リサーチ_20260605\gcs_upload_staging\naresome_thumbnails\G5eQhlN8Uv8.jpg,266745,gs://senior-share-staging-570862915709/naresome_thumbnails/G5eQhlN8Uv8.jpg,
G6FXe3TULVg,E:\Data\ObsidianVault\02_Channels\馴れ初めシネマ\競合チャンネル分析\企画リサーチ_20260605\gcs_upload_staging\naresome_thumbnails\G6FXe3TULVg.jpg,264248,gs://senior-share-staging-570862915709/naresome_thumbnails/G6FXe3TULVg.jpg,
G82xHk_gM4Q,E:\Data\ObsidianVault\02_Channels\馴れ初めシネマ\競合チャンネル分析\企画リサーチ_20260605\gcs_upload_staging\naresome_thumbnails\G82xHk_gM4Q.jpg,240700,gs://senior-share-staging-570862915709/naresome_thumbnails/G82xHk_gM4Q.jpg,
G8AUaTUYIaI,E:\Data\ObsidianVault\02_Channels\馴れ初めシネマ\競合チャンネル分析\企画リサーチ_20260605\gcs_upload_staging\naresome_thumbnails\G8AUaTUYIaI.jpg,256461,gs://senior-share-staging-570862915709/naresome_thumbnails/G8AUaTUYIaI.jpg,
G97VNfA9jgs,E:\Data\ObsidianVault\02_Channels\馴れ初めシネマ\競合チャンネル分析\企画リサーチ_20260605\gcs_upload_staging\naresome_thumbnails\G97VNfA9jgs.jpg,250433,gs://senior-share-staging-570862915709/naresome_thumbnails/G97VNfA9jgs.jpg,
G9o1aXxcDmE,E:\Data\ObsidianVault\02_Channels\馴れ初めシネマ\競合チャンネル分析\企画リサーチ_20260605\gcs_upload_staging\naresome_thumbnails\G9o1aXxcDmE.jpg,228553,gs://senior-share-staging-570862915709/naresome_thumbnails/G9o1aXxcDmE.jpg,
GAQmoin9Ges,E:\Data\ObsidianVault\02_Channels\馴れ初めシネマ\競合チャンネル分析\企画リサーチ_20260605\gcs_upload_staging\naresome_thumbnails\GAQmoin9Ges.jpg,270061,gs://senior-share-staging-570862915709/naresome_thumbnails/GAQmoin9Ges.jpg,
GC7jazRjXFQ,E:\Data\ObsidianVault\02_Channels\馴れ初めシネマ\競合チャンネル分析\企画リサーチ_20260605\gcs_upload_staging\naresome_thumbnails\GC7jazRjXFQ.jpg,280361,gs://senior-share-staging-570862915709/naresome_thumbnails/GC7jazRjXFQ.jpg,
GEyAbMAJWp8,E:\Data\ObsidianVault\02_Channels\馴れ初めシネマ\競合チャンネル分析\企画リサーチ_20260605\gcs_upload_staging\naresome_thumbnails\GEyAbMAJWp8.jpg,240771,gs://senior-share-staging-570862915709/naresome_thumbnails/GEyAbMAJWp8.jpg,
GGeTXTNmg5s,E:\Data\ObsidianVault\02_Channels\馴れ初めシネマ\競合チャンネル分析\企画リサーチ_20260605\gcs_upload_staging\naresome_thumbnails\GGeTXTNmg5s.jpg,248242,gs://senior-share-staging-570862915709/naresome_thumbnails/GGeTXTNmg5s.jpg,
GIudJPTtZnw,E:\Data\ObsidianVault\02_Channels\馴れ初めシネマ\競合チャンネル分析\企画リサーチ_20260605\gcs_upload_staging\naresome_thumbnails\GIudJPTtZnw.jpg,243312,gs://senior-share-staging-570862915709/naresome_thumbnails/GIudJPTtZnw.jpg,
GJNA8F9rrLw,E:\Data\ObsidianVault\02_Channels\馴れ初めシネマ\競合チャンネル分析\企画リサーチ_20260605\gcs_upload_staging\naresome_thumbnails\GJNA8F9rrLw.jpg,270457,gs://senior-share-staging-570862915709/naresome_thumbnails/GJNA8F9rrLw.jpg,
GJeGSLlNQAQ,E:\Data\ObsidianVault\02_Channels\馴れ初めシネマ\競合チャンネル分析\企画リサーチ_20260605\gcs_upload_staging\naresome_thumbnails\GJeGSLlNQAQ.jpg,56650,gs://senior-share-staging-570862915709/naresome_thumbnails/GJeGSLlNQAQ.jpg,
GK5DG1f_gvc,E:\Data\ObsidianVault\02_Channels\馴れ初めシネマ\競合チャンネル分析\企画リサーチ_20260605\gcs_upload_staging\naresome_thumbnails\GK5DG1f_gvc.jpg,255160,gs://senior-share-staging-570862915709/naresome_thumbnails/GK5DG1f_gvc.jpg,
GLQayGQwf90,E:\Data\ObsidianVault\02_Channels\馴れ初めシネマ\競合チャンネル分析\企画リサーチ_20260605\gcs_upload_staging\naresome_thumbnails\GLQayGQwf90.jpg,251614,gs://senior-share-staging-570862915709/naresome_thumbnails/GLQayGQwf90.jpg,
GLeKKtfAdt4,E:\Data\ObsidianVault\02_Channels\馴れ初めシネマ\競合チャンネル分析\企画リサーチ_20260605\gcs_upload_staging\naresome_thumbnails\GLeKKtfAdt4.jpg,233106,gs://senior-share-staging-570862915709/naresome_thumbnails/GLeKKtfAdt4.jpg,
GMBX-cZdAl0,E:\Data\ObsidianVault\02_Channels\馴れ初めシネマ\競合チャンネル分析\企画リサーチ_20260605\gcs_upload_staging\naresome_thumbnails\GMBX-cZdAl0.jpg,254978,gs://senior-share-staging-570862915709/naresome_thumbnails/GMBX-cZdAl0.jpg,
GNpnRQE6raI,E:\Data\ObsidianVault\02_Channels\馴れ初めシネマ\競合チャンネル分析\企画リサーチ_20260605\gcs_upload_staging\naresome_thumbnails\GNpnRQE6raI.jpg,267865,gs://senior-share-staging-570862915709/naresome_thumbnails/GNpnRQE6raI.jpg,
GPTG8NE3twI,E:\Data\ObsidianVault\02_Channels\馴れ初めシネマ\競合チャンネル分析\企画リサーチ_20260605\gcs_upload_staging\naresome_thumbnails\GPTG8NE3twI.jpg,266690,gs://senior-share-staging-570862915709/naresome_thumbnails/GPTG8NE3twI.jpg,
GRS--3zNfas,E:\Data\ObsidianVault\02_Channels\馴れ初めシネマ\競合チャンネル分析\企画リサーチ_20260605\gcs_upload_staging\naresome_thumbnails\GRS--3zNfas.jpg,249469,gs://senior-share-staging-570862915709/naresome_thumbnails/GRS--3zNfas.jpg,
GVE_S5LJNTc,E:\Data\ObsidianVault\02_Channels\馴れ初めシネマ\競合チャンネル分析\企画リサーチ_20260605\gcs_upload_staging\naresome_thumbnails\GVE_S5LJNTc.jpg,287506,gs://senior-share-staging-570862915709/naresome_thumbnails/GVE_S5LJNTc.jpg,
GXLwKJoTrTo,E:\Data\ObsidianVault\02_Channels\馴れ初めシネマ\競合チャンネル分析\企画リサーチ_20260605\gcs_upload_staging\naresome_thumbnails\GXLwKJoTrTo.jpg,267052,gs://senior-share-staging-570862915709/naresome_thumbnails/GXLwKJoTrTo.jpg,
GYKJ1s5aMFc,E:\Data\ObsidianVault\02_Channels\馴れ初めシネマ\競合チャンネル分析\企画リサーチ_20260605\gcs_upload_staging\naresome_thumbnails\GYKJ1s5aMFc.jpg,266770,gs://senior-share-staging-570862915709/naresome_thumbnails/GYKJ1s5aMFc.jpg,
GYYjdW49gDY,E:\Data\ObsidianVault\02_Channels\馴れ初めシネマ\競合チャンネル分析\企画リサーチ_20260605\gcs_upload_staging\naresome_thumbnails\GYYjdW49gDY.jpg,265126,gs://senior-share-staging-570862915709/naresome_thumbnails/GYYjdW49gDY.jpg,
GZ1A-VNWhfg,E:\Data\ObsidianVault\02_Channels\馴れ初めシネマ\競合チャンネル分析\企画リサーチ_20260605\gcs_upload_staging\naresome_thumbnails\GZ1A-VNWhfg.jpg,288267,gs://senior-share-staging-570862915709/naresome_thumbnails/GZ1A-VNWhfg.jpg,
GZ2f-HyREpI,E:\Data\ObsidianVault\02_Channels\馴れ初めシネマ\競合チャンネル分析\企画リサーチ_20260605\gcs_upload_staging\naresome_thumbnails\GZ2f-HyREpI.jpg,262743,gs://senior-share-staging-570862915709/naresome_thumbnails/GZ2f-HyREpI.jpg,
GZN_-Dj4afc,E:\Data\ObsidianVault\02_Channels\馴れ初めシネマ\競合チャンネル分析\企画リサーチ_20260605\gcs_upload_staging\naresome_thumbnails\GZN_-Dj4afc.jpg,258109,gs://senior-share-staging-570862915709/naresome_thumbnails/GZN_-Dj4afc.jpg,
Ga9eEXj3W04,E:\Data\ObsidianVault\02_Channels\馴れ初めシネマ\競合チャンネル分析\企画リサーチ_20260605\gcs_upload_staging\naresome_thumbnails\Ga9eEXj3W04.jpg,217064,gs://senior-share-staging-570862915709/naresome_thumbnails/Ga9eEXj3W04.jpg,
Gfw1WBKbJPU,E:\Data\ObsidianVault\02_Channels\馴れ初めシネマ\競合チャンネル分析\企画リサーチ_20260605\gcs_upload_staging\naresome_thumbnails\Gfw1WBKbJPU.jpg,265966,gs://senior-share-staging-570862915709/naresome_thumbnails/Gfw1WBKbJPU.jpg,
GgaFe0vaAQY,E:\Data\ObsidianVault\02_Channels\馴れ初めシネマ\競合チャンネル分析\企画リサーチ_20260605\gcs_upload_staging\naresome_thumbnails\GgaFe0vaAQY.jpg,245309,gs://senior-share-staging-570862915709/naresome_thumbnails/GgaFe0vaAQY.jpg,
GhX8Nl7lSis,E:\Data\ObsidianVault\02_Channels\馴れ初めシネマ\競合チャンネル分析\企画リサーチ_20260605\gcs_upload_staging\naresome_thumbnails\GhX8Nl7lSis.jpg,242682,gs://senior-share-staging-570862915709/naresome_thumbnails/GhX8Nl7lSis.jpg,
GiWNZMdw73E,E:\Data\ObsidianVault\02_Channels\馴れ初めシネマ\競合チャンネル分析\企画リサーチ_20260605\gcs_upload_staging\naresome_thumbnails\GiWNZMdw73E.jpg,264994,gs://senior-share-staging-570862915709/naresome_thumbnails/GiWNZMdw73E.jpg,
Gj1RmtC4o3g,E:\Data\ObsidianVault\02_Channels\馴れ初めシネマ\競合チャンネル分析\企画リサーチ_20260605\gcs_upload_staging\naresome_thumbnails\Gj1RmtC4o3g.jpg,263626,gs://senior-share-staging-570862915709/naresome_thumbnails/Gj1RmtC4o3g.jpg,
Gj3Xovn6ThU,E:\Data\ObsidianVault\02_Channels\馴れ初めシネマ\競合チャンネル分析\企画リサーチ_20260605\gcs_upload_staging\naresome_thumbnails\Gj3Xovn6ThU.jpg,257374,gs://senior-share-staging-570862915709/naresome_thumbnails/Gj3Xovn6ThU.jpg,
GjFNYYZ-BLc,E:\Data\ObsidianVault\02_Channels\馴れ初めシネマ\競合チャンネル分析\企画リサーチ_20260605\gcs_upload_staging\naresome_thumbnails\GjFNYYZ-BLc.jpg,258745,gs://senior-share-staging-570862915709/naresome_thumbnails/GjFNYYZ-BLc.jpg,
Glf7Zq-c6Kc,E:\Data\ObsidianVault\02_Channels\馴れ初めシネマ\競合チャンネル分析\企画リサーチ_20260605\gcs_upload_staging\naresome_thumbnails\Glf7Zq-c6Kc.jpg,261984,gs://senior-share-staging-570862915709/naresome_thumbnails/Glf7Zq-c6Kc.jpg,
GmB42TBxc1Y,E:\Data\ObsidianVault\02_Channels\馴れ初めシネマ\競合チャンネル分析\企画リサーチ_20260605\gcs_upload_staging\naresome_thumbnails\GmB42TBxc1Y.jpg,285138,gs://senior-share-staging-570862915709/naresome_thumbnails/GmB42TBxc1Y.jpg,
GmHunj4ItRo,E:\Data\ObsidianVault\02_Channels\馴れ初めシネマ\競合チャンネル分析\企画リサーチ_20260605\gcs_upload_staging\naresome_thumbnails\GmHunj4ItRo.jpg,272917,gs://senior-share-staging-570862915709/naresome_thumbnails/GmHunj4ItRo.jpg,
GmyPTzO0cnY,E:\Data\ObsidianVault\02_Channels\馴れ初めシネマ\競合チャンネル分析\企画リサーチ_20260605\gcs_upload_staging\naresome_thumbnails\GmyPTzO0cnY.jpg,255650,gs://senior-share-staging-570862915709/naresome_thumbnails/GmyPTzO0cnY.jpg,
GnYUjrH0mpw,E:\Data\ObsidianVault\02_Channels\馴れ初めシネマ\競合チャンネル分析\企画リサーチ_20260605\gcs_upload_staging\naresome_thumbnails\GnYUjrH0mpw.jpg,259219,gs://senior-share-staging-570862915709/naresome_thumbnails/GnYUjrH0mpw.jpg,
GoHukJYKoFQ,E:\Data\ObsidianVault\02_Channels\馴れ初めシネマ\競合チャンネル分析\企画リサーチ_20260605\gcs_upload_staging\naresome_thumbnails\GoHukJYKoFQ.jpg,261702,gs://senior-share-staging-570862915709/naresome_thumbnails/GoHukJYKoFQ.jpg,
Gq9M8dPrlBQ,E:\Data\ObsidianVault\02_Channels\馴れ初めシネマ\競合チャンネル分析\企画リサーチ_20260605\gcs_upload_staging\naresome_thumbnails\Gq9M8dPrlBQ.jpg,246876,gs://senior-share-staging-570862915709/naresome_thumbnails/Gq9M8dPrlBQ.jpg,
Gr_ma3smWC4,E:\Data\ObsidianVault\02_Channels\馴れ初めシネマ\競合チャンネル分析\企画リサーチ_20260605\gcs_upload_staging\naresome_thumbnails\Gr_ma3smWC4.jpg,321739,gs://senior-share-staging-570862915709/naresome_thumbnails/Gr_ma3smWC4.jpg,
Gs9qP0znlx8,E:\Data\ObsidianVault\02_Channels\馴れ初めシネマ\競合チャンネル分析\企画リサーチ_20260605\gcs_upload_staging\naresome_thumbnails\Gs9qP0znlx8.jpg,240034,gs://senior-share-staging-570862915709/naresome_thumbnails/Gs9qP0znlx8.jpg,
GtQIwDGdW20,E:\Data\ObsidianVault\02_Channels\馴れ初めシネマ\競合チャンネル分析\企画リサーチ_20260605\gcs_upload_staging\naresome_thumbnails\GtQIwDGdW20.jpg,288810,gs://senior-share-staging-570862915709/naresome_thumbnails/GtQIwDGdW20.jpg,
GuC6ot85pKc,E:\Data\ObsidianVault\02_Channels\馴れ初めシネマ\競合チャンネル分析\企画リサーチ_20260605\gcs_upload_staging\naresome_thumbnails\GuC6ot85pKc.jpg,249043,gs://senior-share-staging-570862915709/naresome_thumbnails/GuC6ot85pKc.jpg,
GuHey-KB08I,E:\Data\ObsidianVault\02_Channels\馴れ初めシネマ\競合チャンネル分析\企画リサーチ_20260605\gcs_upload_staging\naresome_thumbnails\GuHey-KB08I.jpg,265271,gs://senior-share-staging-570862915709/naresome_thumbnails/GuHey-KB08I.jpg,
GwUr0cfjhJg,E:\Data\ObsidianVault\02_Channels\馴れ初めシネマ\競合チャンネル分析\企画リサーチ_20260605\gcs_upload_staging\naresome_thumbnails\GwUr0cfjhJg.jpg,255264,gs://senior-share-staging-570862915709/naresome_thumbnails/GwUr0cfjhJg.jpg,
GyDXE0TX108,E:\Data\ObsidianVault\02_Channels\馴れ初めシネマ\競合チャンネル分析\企画リサーチ_20260605\gcs_upload_staging\naresome_thumbnails\GyDXE0TX108.jpg,245203,gs://senior-share-staging-570862915709/naresome_thumbnails/GyDXE0TX108.jpg,
Gzb72hYNqFM,E:\Data\ObsidianVault\02_Channels\馴れ初めシネマ\競合チャンネル分析\企画リサーチ_20260605\gcs_upload_staging\naresome_thumbnails\Gzb72hYNqFM.jpg,263664,gs://senior-share-staging-570862915709/naresome_thumbnails/Gzb72hYNqFM.jpg,
H-PbIjVmnZs,E:\Data\ObsidianVault\02_Channels\馴れ初めシネマ\競合チャンネル分析\企画リサーチ_20260605\gcs_upload_staging\naresome_thumbnails\H-PbIjVmnZs.jpg,251060,gs://senior-share-staging-570862915709/naresome_thumbnails/H-PbIjVmnZs.jpg,
H-e4D-TU6uU,E:\Data\ObsidianVault\02_Channels\馴れ初めシネマ\競合チャンネル分析\企画リサーチ_20260605\gcs_upload_staging\naresome_thumbnails\H-e4D-TU6uU.jpg,250527,gs://senior-share-staging-570862915709/naresome_thumbnails/H-e4D-TU6uU.jpg,
H-sTFKoOsx4,E:\Data\ObsidianVault\02_Channels\馴れ初めシネマ\競合チャンネル分析\企画リサーチ_20260605\gcs_upload_staging\naresome_thumbnails\H-sTFKoOsx4.jpg,259074,gs://senior-share-staging-570862915709/naresome_thumbnails/H-sTFKoOsx4.jpg,
H0VapnmwXnk,E:\Data\ObsidianVault\02_Channels\馴れ初めシネマ\競合チャンネル分析\企画リサーチ_20260605\gcs_upload_staging\naresome_thumbnails\H0VapnmwXnk.jpg,271854,gs://senior-share-staging-570862915709/naresome_thumbnails/H0VapnmwXnk.jpg,
H2v4Coy3PcU,E:\Data\ObsidianVault\02_Channels\馴れ初めシネマ\競合チャンネル分析\企画リサーチ_20260605\gcs_upload_staging\naresome_thumbnails\H2v4Coy3PcU.jpg,260407,gs://senior-share-staging-570862915709/naresome_thumbnails/H2v4Coy3PcU.jpg,
H3GK8h4_gaY,E:\Data\ObsidianVault\02_Channels\馴れ初めシネマ\競合チャンネル分析\企画リサーチ_20260605\gcs_upload_staging\naresome_thumbnails\H3GK8h4_gaY.jpg,267031,gs://senior-share-staging-570862915709/naresome_thumbnails/H3GK8h4_gaY.jpg,
H7EEBQpj2Ts,E:\Data\ObsidianVault\02_Channels\馴れ初めシネマ\競合チャンネル分析\企画リサーチ_20260605\gcs_upload_staging\naresome_thumbnails\H7EEBQpj2Ts.jpg,259426,gs://senior-share-staging-570862915709/naresome_thumbnails/H7EEBQpj2Ts.jpg,
H9V20tnNSoQ,E:\Data\ObsidianVault\02_Channels\馴れ初めシネマ\競合チャンネル分析\企画リサーチ_20260605\gcs_upload_staging\naresome_thumbnails\H9V20tnNSoQ.jpg,260915,gs://senior-share-staging-570862915709/naresome_thumbnails/H9V20tnNSoQ.jpg,
HAylrbyItME,E:\Data\ObsidianVault\02_Channels\馴れ初めシネマ\競合チャンネル分析\企画リサーチ_20260605\gcs_upload_staging\naresome_thumbnails\HAylrbyItME.jpg,240582,gs://senior-share-staging-570862915709/naresome_thumbnails/HAylrbyItME.jpg,
HBC8ALomSPU,E:\Data\ObsidianVault\02_Channels\馴れ初めシネマ\競合チャンネル分析\企画リサーチ_20260605\gcs_upload_staging\naresome_thumbnails\HBC8ALomSPU.jpg,249813,gs://senior-share-staging-570862915709/naresome_thumbnails/HBC8ALomSPU.jpg,
HCpy9IFJNPs,E:\Data\ObsidianVault\02_Channels\馴れ初めシネマ\競合チャンネル分析\企画リサーチ_20260605\gcs_upload_staging\naresome_thumbnails\HCpy9IFJNPs.jpg,266648,gs://senior-share-staging-570862915709/naresome_thumbnails/HCpy9IFJNPs.jpg,
HGUb9bvjisI,E:\Data\ObsidianVault\02_Channels\馴れ初めシネマ\競合チャンネル分析\企画リサーチ_20260605\gcs_upload_staging\naresome_thumbnails\HGUb9bvjisI.jpg,262419,gs://senior-share-staging-570862915709/naresome_thumbnails/HGUb9bvjisI.jpg,
HGwqIJLlZ8c,E:\Data\ObsidianVault\02_Channels\馴れ初めシネマ\競合チャンネル分析\企画リサーチ_20260605\gcs_upload_staging\naresome_thumbnails\HGwqIJLlZ8c.jpg,239876,gs://senior-share-staging-570862915709/naresome_thumbnails/HGwqIJLlZ8c.jpg,
HH8fnCar3KE,E:\Data\ObsidianVault\02_Channels\馴れ初めシネマ\競合チャンネル分析\企画リサーチ_20260605\gcs_upload_staging\naresome_thumbnails\HH8fnCar3KE.jpg,251920,gs://senior-share-staging-570862915709/naresome_thumbnails/HH8fnCar3KE.jpg,
HJ0nJYJdXvI,E:\Data\ObsidianVault\02_Channels\馴れ初めシネマ\競合チャンネル分析\企画リサーチ_20260605\gcs_upload_staging\naresome_thumbnails\HJ0nJYJdXvI.jpg,276014,gs://senior-share-staging-570862915709/naresome_thumbnails/HJ0nJYJdXvI.jpg,
HJFYkIJTy0I,E:\Data\ObsidianVault\02_Channels\馴れ初めシネマ\競合チャンネル分析\企画リサーチ_20260605\gcs_upload_staging\naresome_thumbnails\HJFYkIJTy0I.jpg,302669,gs://senior-share-staging-570862915709/naresome_thumbnails/HJFYkIJTy0I.jpg,
HKBGUNZEGQU,E:\Data\ObsidianVault\02_Channels\馴れ初めシネマ\競合チャンネル分析\企画リサーチ_20260605\gcs_upload_staging\naresome_thumbnails\HKBGUNZEGQU.jpg,248163,gs://senior-share-staging-570862915709/naresome_thumbnails/HKBGUNZEGQU.jpg,
HKTKkyNz_eM,E:\Data\ObsidianVault\02_Channels\馴れ初めシネマ\競合チャンネル分析\企画リサーチ_20260605\gcs_upload_staging\naresome_thumbnails\HKTKkyNz_eM.jpg,319668,gs://senior-share-staging-570862915709/naresome_thumbnails/HKTKkyNz_eM.jpg,
HLPpCNBSfuE,E:\Data\ObsidianVault\02_Channels\馴れ初めシネマ\競合チャンネル分析\企画リサーチ_20260605\gcs_upload_staging\naresome_thumbnails\HLPpCNBSfuE.jpg,241383,gs://senior-share-staging-570862915709/naresome_thumbnails/HLPpCNBSfuE.jpg,
HMwTSDUhtdI,E:\Data\ObsidianVault\02_Channels\馴れ初めシネマ\競合チャンネル分析\企画リサーチ_20260605\gcs_upload_staging\naresome_thumbnails\HMwTSDUhtdI.jpg,262201,gs://senior-share-staging-570862915709/naresome_thumbnails/HMwTSDUhtdI.jpg,
HQzbxFZvHIo,E:\Data\ObsidianVault\02_Channels\馴れ初めシネマ\競合チャンネル分析\企画リサーチ_20260605\gcs_upload_staging\naresome_thumbnails\HQzbxFZvHIo.jpg,329824,gs://senior-share-staging-570862915709/naresome_thumbnails/HQzbxFZvHIo.jpg,
HRAZDgR9XNU,E:\Data\ObsidianVault\02_Channels\馴れ初めシネマ\競合チャンネル分析\企画リサーチ_20260605\gcs_upload_staging\naresome_thumbnails\HRAZDgR9XNU.jpg,276062,gs://senior-share-staging-570862915709/naresome_thumbnails/HRAZDgR9XNU.jpg,
HSU13gMic-Q,E:\Data\ObsidianVault\02_Channels\馴れ初めシネマ\競合チャンネル分析\企画リサーチ_20260605\gcs_upload_staging\naresome_thumbnails\HSU13gMic-Q.jpg,253719,gs://senior-share-staging-570862915709/naresome_thumbnails/HSU13gMic-Q.jpg,
HT5X_HaHrjM,E:\Data\ObsidianVault\02_Channels\馴れ初めシネマ\競合チャンネル分析\企画リサーチ_20260605\gcs_upload_staging\naresome_thumbnails\HT5X_HaHrjM.jpg,255336,gs://senior-share-staging-570862915709/naresome_thumbnails/HT5X_HaHrjM.jpg,
HTP-HJV1Fso,E:\Data\ObsidianVault\02_Channels\馴れ初めシネマ\競合チャンネル分析\企画リサーチ_20260605\gcs_upload_staging\naresome_thumbnails\HTP-HJV1Fso.jpg,261017,gs://senior-share-staging-570862915709/naresome_thumbnails/HTP-HJV1Fso.jpg,
HUJQWKgEOfY,E:\Data\ObsidianVault\02_Channels\馴れ初めシネマ\競合チャンネル分析\企画リサーチ_20260605\gcs_upload_staging\naresome_thumbnails\HUJQWKgEOfY.jpg,254527,gs://senior-share-staging-570862915709/naresome_thumbnails/HUJQWKgEOfY.jpg,
HUWg1xgrWG0,E:\Data\ObsidianVault\02_Channels\馴れ初めシネマ\競合チャンネル分析\企画リサーチ_20260605\gcs_upload_staging\naresome_thumbnails\HUWg1xgrWG0.jpg,257483,gs://senior-share-staging-570862915709/naresome_thumbnails/HUWg1xgrWG0.jpg,
HXCy8OhkF9k,E:\Data\ObsidianVault\02_Channels\馴れ初めシネマ\競合チャンネル分析\企画リサーチ_20260605\gcs_upload_staging\naresome_thumbnails\HXCy8OhkF9k.jpg,237844,gs://senior-share-staging-570862915709/naresome_thumbnails/HXCy8OhkF9k.jpg,
HY83ql1k4Bk,E:\Data\ObsidianVault\02_Channels\馴れ初めシネマ\競合チャンネル分析\企画リサーチ_20260605\gcs_upload_staging\naresome_thumbnails\HY83ql1k4Bk.jpg,264572,gs://senior-share-staging-570862915709/naresome_thumbnails/HY83ql1k4Bk.jpg,
HYQU53DynfU,E:\Data\ObsidianVault\02_Channels\馴れ初めシネマ\競合チャンネル分析\企画リサーチ_20260605\gcs_upload_staging\naresome_thumbnails\HYQU53DynfU.jpg,264592,gs://senior-share-staging-570862915709/naresome_thumbnails/HYQU53DynfU.jpg,
H_FMvUIzf0U,E:\Data\ObsidianVault\02_Channels\馴れ初めシネマ\競合チャンネル分析\企画リサーチ_20260605\gcs_upload_staging\naresome_thumbnails\H_FMvUIzf0U.jpg,237480,gs://senior-share-staging-570862915709/naresome_thumbnails/H_FMvUIzf0U.jpg,
HaIXP_cFNZI,E:\Data\ObsidianVault\02_Channels\馴れ初めシネマ\競合チャンネル分析\企画リサーチ_20260605\gcs_upload_staging\naresome_thumbnails\HaIXP_cFNZI.jpg,271797,gs://senior-share-staging-570862915709/naresome_thumbnails/HaIXP_cFNZI.jpg,
HbI1AiFufSY,E:\Data\ObsidianVault\02_Channels\馴れ初めシネマ\競合チャンネル分析\企画リサーチ_20260605\gcs_upload_staging\naresome_thumbnails\HbI1AiFufSY.jpg,250984,gs://senior-share-staging-570862915709/naresome_thumbnails/HbI1AiFufSY.jpg,
HckATDcWSF8,E:\Data\ObsidianVault\02_Channels\馴れ初めシネマ\競合チャンネル分析\企画リサーチ_20260605\gcs_upload_staging\naresome_thumbnails\HckATDcWSF8.jpg,282054,gs://senior-share-staging-570862915709/naresome_thumbnails/HckATDcWSF8.jpg,
HeyVPcmwIHA,E:\Data\ObsidianVault\02_Channels\馴れ初めシネマ\競合チャンネル分析\企画リサーチ_20260605\gcs_upload_staging\naresome_thumbnails\HeyVPcmwIHA.jpg,256420,gs://senior-share-staging-570862915709/naresome_thumbnails/HeyVPcmwIHA.jpg,
HflzoPQ-oMM,E:\Data\ObsidianVault\02_Channels\馴れ初めシネマ\競合チャンネル分析\企画リサーチ_20260605\gcs_upload_staging\naresome_thumbnails\HflzoPQ-oMM.jpg,264985,gs://senior-share-staging-570862915709/naresome_thumbnails/HflzoPQ-oMM.jpg,
Hg4wueeS59Y,E:\Data\ObsidianVault\02_Channels\馴れ初めシネマ\競合チャンネル分析\企画リサーチ_20260605\gcs_upload_staging\naresome_thumbnails\Hg4wueeS59Y.jpg,249699,gs://senior-share-staging-570862915709/naresome_thumbnails/Hg4wueeS59Y.jpg,
HhQPKPirtqk,E:\Data\ObsidianVault\02_Channels\馴れ初めシネマ\競合チャンネル分析\企画リサーチ_20260605\gcs_upload_staging\naresome_thumbnails\HhQPKPirtqk.jpg,255171,gs://senior-share-staging-570862915709/naresome_thumbnails/HhQPKPirtqk.jpg,
HhUGERFzyoc,E:\Data\ObsidianVault\02_Channels\馴れ初めシネマ\競合チャンネル分析\企画リサーチ_20260605\gcs_upload_staging\naresome_thumbnails\HhUGERFzyoc.jpg,237908,gs://senior-share-staging-570862915709/naresome_thumbnails/HhUGERFzyoc.jpg,
Hic7WmROUf0,E:\Data\ObsidianVault\02_Channels\馴れ初めシネマ\競合チャンネル分析\企画リサーチ_20260605\gcs_upload_staging\naresome_thumbnails\Hic7WmROUf0.jpg,323728,gs://senior-share-staging-570862915709/naresome_thumbnails/Hic7WmROUf0.jpg,
HjF9U0GMXQQ,E:\Data\ObsidianVault\02_Channels\馴れ初めシネマ\競合チャンネル分析\企画リサーチ_20260605\gcs_upload_staging\naresome_thumbnails\HjF9U0GMXQQ.jpg,249579,gs://senior-share-staging-570862915709/naresome_thumbnails/HjF9U0GMXQQ.jpg,
HlIFtB3tjp0,E:\Data\ObsidianVault\02_Channels\馴れ初めシネマ\競合チャンネル分析\企画リサーチ_20260605\gcs_upload_staging\naresome_thumbnails\HlIFtB3tjp0.jpg,263145,gs://senior-share-staging-570862915709/naresome_thumbnails/HlIFtB3tjp0.jpg,
HmuWZ1lEbSc,E:\Data\ObsidianVault\02_Channels\馴れ初めシネマ\競合チャンネル分析\企画リサーチ_20260605\gcs_upload_staging\naresome_thumbnails\HmuWZ1lEbSc.jpg,267378,gs://senior-share-staging-570862915709/naresome_thumbnails/HmuWZ1lEbSc.jpg,
Hn6SmTcAvcI,E:\Data\ObsidianVault\02_Channels\馴れ初めシネマ\競合チャンネル分析\企画リサーチ_20260605\gcs_upload_staging\naresome_thumbnails\Hn6SmTcAvcI.jpg,267444,gs://senior-share-staging-570862915709/naresome_thumbnails/Hn6SmTcAvcI.jpg,
HoqbkGlpZhg,E:\Data\ObsidianVault\02_Channels\馴れ初めシネマ\競合チャンネル分析\企画リサーチ_20260605\gcs_upload_staging\naresome_thumbnails\HoqbkGlpZhg.jpg,240441,gs://senior-share-staging-570862915709/naresome_thumbnails/HoqbkGlpZhg.jpg,
Hqz5mZcSUMk,E:\Data\ObsidianVault\02_Channels\馴れ初めシネマ\競合チャンネル分析\企画リサーチ_20260605\gcs_upload_staging\naresome_thumbnails\Hqz5mZcSUMk.jpg,254262,gs://senior-share-staging-570862915709/naresome_thumbnails/Hqz5mZcSUMk.jpg,
Hr6rReZin4w,E:\Data\ObsidianVault\02_Channels\馴れ初めシネマ\競合チャンネル分析\企画リサーチ_20260605\gcs_upload_staging\naresome_thumbnails\Hr6rReZin4w.jpg,243904,gs://senior-share-staging-570862915709/naresome_thumbnails/Hr6rReZin4w.jpg,
HunmA_E9lkM,E:\Data\ObsidianVault\02_Channels\馴れ初めシネマ\競合チャンネル分析\企画リサーチ_20260605\gcs_upload_staging\naresome_thumbnails\HunmA_E9lkM.jpg,257562,gs://senior-share-staging-570862915709/naresome_thumbnails/HunmA_E9lkM.jpg,
HvDVWuUiQw0,E:\Data\ObsidianVault\02_Channels\馴れ初めシネマ\競合チャンネル分析\企画リサーチ_20260605\gcs_upload_staging\naresome_thumbnails\HvDVWuUiQw0.jpg,255508,gs://senior-share-staging-570862915709/naresome_thumbnails/HvDVWuUiQw0.jpg,
HvtO0GDZu0w,E:\Data\ObsidianVault\02_Channels\馴れ初めシネマ\競合チャンネル分析\企画リサーチ_20260605\gcs_upload_staging\naresome_thumbnails\HvtO0GDZu0w.jpg,268178,gs://senior-share-staging-570862915709/naresome_thumbnails/HvtO0GDZu0w.jpg,
I-EXs0sFAp4,E:\Data\ObsidianVault\02_Channels\馴れ初めシネマ\競合チャンネル分析\企画リサーチ_20260605\gcs_upload_staging\naresome_thumbnails\I-EXs0sFAp4.jpg,305203,gs://senior-share-staging-570862915709/naresome_thumbnails/I-EXs0sFAp4.jpg,
I-pI2mhShw0,E:\Data\ObsidianVault\02_Channels\馴れ初めシネマ\競合チャンネル分析\企画リサーチ_20260605\gcs_upload_staging\naresome_thumbnails\I-pI2mhShw0.jpg,252631,gs://senior-share-staging-570862915709/naresome_thumbnails/I-pI2mhShw0.jpg,
I04vTG68pOQ,E:\Data\ObsidianVault\02_Channels\馴れ初めシネマ\競合チャンネル分析\企画リサーチ_20260605\gcs_upload_staging\naresome_thumbnails\I04vTG68pOQ.jpg,271306,gs://senior-share-staging-570862915709/naresome_thumbnails/I04vTG68pOQ.jpg,
I1Ys46ErM2M,E:\Data\ObsidianVault\02_Channels\馴れ初めシネマ\競合チャンネル分析\企画リサーチ_20260605\gcs_upload_staging\naresome_thumbnails\I1Ys46ErM2M.jpg,334737,gs://senior-share-staging-570862915709/naresome_thumbnails/I1Ys46ErM2M.jpg,
I1q_ZTqZsGY,E:\Data\ObsidianVault\02_Channels\馴れ初めシネマ\競合チャンネル分析\企画リサーチ_20260605\gcs_upload_staging\naresome_thumbnails\I1q_ZTqZsGY.jpg,267525,gs://senior-share-staging-570862915709/naresome_thumbnails/I1q_ZTqZsGY.jpg,
I3uM20U1Cyk,E:\Data\ObsidianVault\02_Channels\馴れ初めシネマ\競合チャンネル分析\企画リサーチ_20260605\gcs_upload_staging\naresome_thumbnails\I3uM20U1Cyk.jpg,251653,gs://senior-share-staging-570862915709/naresome_thumbnails/I3uM20U1Cyk.jpg,
I46be8a8kPM,E:\Data\ObsidianVault\02_Channels\馴れ初めシネマ\競合チャンネル分析\企画リサーチ_20260605\gcs_upload_staging\naresome_thumbnails\I46be8a8kPM.jpg,282892,gs://senior-share-staging-570862915709/naresome_thumbnails/I46be8a8kPM.jpg,
I7DheIGJUNQ,E:\Data\ObsidianVault\02_Channels\馴れ初めシネマ\競合チャンネル分析\企画リサーチ_20260605\gcs_upload_staging\naresome_thumbnails\I7DheIGJUNQ.jpg,255588,gs://senior-share-staging-570862915709/naresome_thumbnails/I7DheIGJUNQ.jpg,
I7H20dP-X0w,E:\Data\ObsidianVault\02_Channels\馴れ初めシネマ\競合チャンネル分析\企画リサーチ_20260605\gcs_upload_staging\naresome_thumbnails\I7H20dP-X0w.jpg,243369,gs://senior-share-staging-570862915709/naresome_thumbnails/I7H20dP-X0w.jpg,
I9XgIaf26tE,E:\Data\ObsidianVault\02_Channels\馴れ初めシネマ\競合チャンネル分析\企画リサーチ_20260605\gcs_upload_staging\naresome_thumbnails\I9XgIaf26tE.jpg,261645,gs://senior-share-staging-570862915709/naresome_thumbnails/I9XgIaf26tE.jpg,
I9mcIawcFw8,E:\Data\ObsidianVault\02_Channels\馴れ初めシネマ\競合チャンネル分析\企画リサーチ_20260605\gcs_upload_staging\naresome_thumbnails\I9mcIawcFw8.jpg,264947,gs://senior-share-staging-570862915709/naresome_thumbnails/I9mcIawcFw8.jpg,
IBIPyDANtXc,E:\Data\ObsidianVault\02_Channels\馴れ初めシネマ\競合チャンネル分析\企画リサーチ_20260605\gcs_upload_staging\naresome_thumbnails\IBIPyDANtXc.jpg,57324,gs://senior-share-staging-570862915709/naresome_thumbnails/IBIPyDANtXc.jpg,
IDts-myS55k,E:\Data\ObsidianVault\02_Channels\馴れ初めシネマ\競合チャンネル分析\企画リサーチ_20260605\gcs_upload_staging\naresome_thumbnails\IDts-myS55k.jpg,269190,gs://senior-share-staging-570862915709/naresome_thumbnails/IDts-myS55k.jpg,
IE14Ucph8HY,E:\Data\ObsidianVault\02_Channels\馴れ初めシネマ\競合チャンネル分析\企画リサーチ_20260605\gcs_upload_staging\naresome_thumbnails\IE14Ucph8HY.jpg,246656,gs://senior-share-staging-570862915709/naresome_thumbnails/IE14Ucph8HY.jpg,
IF9YyRhHm6Q,E:\Data\ObsidianVault\02_Channels\馴れ初めシネマ\競合チャンネル分析\企画リサーチ_20260605\gcs_upload_staging\naresome_thumbnails\IF9YyRhHm6Q.jpg,234048,gs://senior-share-staging-570862915709/naresome_thumbnails/IF9YyRhHm6Q.jpg,
IFQgi7kFP10,E:\Data\ObsidianVault\02_Channels\馴れ初めシネマ\競合チャンネル分析\企画リサーチ_20260605\gcs_upload_staging\naresome_thumbnails\IFQgi7kFP10.jpg,245333,gs://senior-share-staging-570862915709/naresome_thumbnails/IFQgi7kFP10.jpg,
IHMkuycbopc,E:\Data\ObsidianVault\02_Channels\馴れ初めシネマ\競合チャンネル分析\企画リサーチ_20260605\gcs_upload_staging\naresome_thumbnails\IHMkuycbopc.jpg,251278,gs://senior-share-staging-570862915709/naresome_thumbnails/IHMkuycbopc.jpg,
IHSY9CnRKVk,E:\Data\ObsidianVault\02_Channels\馴れ初めシネマ\競合チャンネル分析\企画リサーチ_20260605\gcs_upload_staging\naresome_thumbnails\IHSY9CnRKVk.jpg,323397,gs://senior-share-staging-570862915709/naresome_thumbnails/IHSY9CnRKVk.jpg,
IIdk_yTl1w8,E:\Data\ObsidianVault\02_Channels\馴れ初めシネマ\競合チャンネル分析\企画リサーチ_20260605\gcs_upload_staging\naresome_thumbnails\IIdk_yTl1w8.jpg,267280,gs://senior-share-staging-570862915709/naresome_thumbnails/IIdk_yTl1w8.jpg,
IJU31oC99qE,E:\Data\ObsidianVault\02_Channels\馴れ初めシネマ\競合チャンネル分析\企画リサーチ_20260605\gcs_upload_staging\naresome_thumbnails\IJU31oC99qE.jpg,254184,gs://senior-share-staging-570862915709/naresome_thumbnails/IJU31oC99qE.jpg,
INATOcOs2MA,E:\Data\ObsidianVault\02_Channels\馴れ初めシネマ\競合チャンネル分析\企画リサーチ_20260605\gcs_upload_staging\naresome_thumbnails\INATOcOs2MA.jpg,254539,gs://senior-share-staging-570862915709/naresome_thumbnails/INATOcOs2MA.jpg,
INJG9C-UNGY,E:\Data\ObsidianVault\02_Channels\馴れ初めシネマ\競合チャンネル分析\企画リサーチ_20260605\gcs_upload_staging\naresome_thumbnails\INJG9C-UNGY.jpg,246543,gs://senior-share-staging-570862915709/naresome_thumbnails/INJG9C-UNGY.jpg,
INXHCNitPNg,E:\Data\ObsidianVault\02_Channels\馴れ初めシネマ\競合チャンネル分析\企画リサーチ_20260605\gcs_upload_staging\naresome_thumbnails\INXHCNitPNg.jpg,269206,gs://senior-share-staging-570862915709/naresome_thumbnails/INXHCNitPNg.jpg,
IOagIxjUhRw,E:\Data\ObsidianVault\02_Channels\馴れ初めシネマ\競合チャンネル分析\企画リサーチ_20260605\gcs_upload_staging\naresome_thumbnails\IOagIxjUhRw.jpg,248181,gs://senior-share-staging-570862915709/naresome_thumbnails/IOagIxjUhRw.jpg,
IOy_PQOzSYA,E:\Data\ObsidianVault\02_Channels\馴れ初めシネマ\競合チャンネル分析\企画リサーチ_20260605\gcs_upload_staging\naresome_thumbnails\IOy_PQOzSYA.jpg,332095,gs://senior-share-staging-570862915709/naresome_thumbnails/IOy_PQOzSYA.jpg,
IQGqH5J8zGc,E:\Data\ObsidianVault\02_Channels\馴れ初めシネマ\競合チャンネル分析\企画リサーチ_20260605\gcs_upload_staging\naresome_thumbnails\IQGqH5J8zGc.jpg,240065,gs://senior-share-staging-570862915709/naresome_thumbnails/IQGqH5J8zGc.jpg,
IRjFeFUgeS0,E:\Data\ObsidianVault\02_Channels\馴れ初めシネマ\競合チャンネル分析\企画リサーチ_20260605\gcs_upload_staging\naresome_thumbnails\IRjFeFUgeS0.jpg,261480,gs://senior-share-staging-570862915709/naresome_thumbnails/IRjFeFUgeS0.jpg,
ISWUNtUbDi8,E:\Data\ObsidianVault\02_Channels\馴れ初めシネマ\競合チャンネル分析\企画リサーチ_20260605\gcs_upload_staging\naresome_thumbnails\ISWUNtUbDi8.jpg,230708,gs://senior-share-staging-570862915709/naresome_thumbnails/ISWUNtUbDi8.jpg,
IUrmFz0-J-s,E:\Data\ObsidianVault\02_Channels\馴れ初めシネマ\競合チャンネル分析\企画リサーチ_20260605\gcs_upload_staging\naresome_thumbnails\IUrmFz0-J-s.jpg,265193,gs://senior-share-staging-570862915709/naresome_thumbnails/IUrmFz0-J-s.jpg,
IW4HzuOeEjw,E:\Data\ObsidianVault\02_Channels\馴れ初めシネマ\競合チャンネル分析\企画リサーチ_20260605\gcs_upload_staging\naresome_thumbnails\IW4HzuOeEjw.jpg,329710,gs://senior-share-staging-570862915709/naresome_thumbnails/IW4HzuOeEjw.jpg,
IXRnE1vBb-E,E:\Data\ObsidianVault\02_Channels\馴れ初めシネマ\競合チャンネル分析\企画リサーチ_20260605\gcs_upload_staging\naresome_thumbnails\IXRnE1vBb-E.jpg,271730,gs://senior-share-staging-570862915709/naresome_thumbnails/IXRnE1vBb-E.jpg,
I_BU4HAX6kk,E:\Data\ObsidianVault\02_Channels\馴れ初めシネマ\競合チャンネル分析\企画リサーチ_20260605\gcs_upload_staging\naresome_thumbnails\I_BU4HAX6kk.jpg,250299,gs://senior-share-staging-570862915709/naresome_thumbnails/I_BU4HAX6kk.jpg,
I_GZUHhoPg8,E:\Data\ObsidianVault\02_Channels\馴れ初めシネマ\競合チャンネル分析\企画リサーチ_20260605\gcs_upload_staging\naresome_thumbnails\I_GZUHhoPg8.jpg,275900,gs://senior-share-staging-570862915709/naresome_thumbnails/I_GZUHhoPg8.jpg,
Ib3vsfV7oVE,E:\Data\ObsidianVault\02_Channels\馴れ初めシネマ\競合チャンネル分析\企画リサーチ_20260605\gcs_upload_staging\naresome_thumbnails\Ib3vsfV7oVE.jpg,267386,gs://senior-share-staging-570862915709/naresome_thumbnails/Ib3vsfV7oVE.jpg,
Ib43bV4VtOA,E:\Data\ObsidianVault\02_Channels\馴れ初めシネマ\競合チャンネル分析\企画リサーチ_20260605\gcs_upload_staging\naresome_thumbnails\Ib43bV4VtOA.jpg,270567,gs://senior-share-staging-570862915709/naresome_thumbnails/Ib43bV4VtOA.jpg,
Ib8oJMNmh_w,E:\Data\ObsidianVault\02_Channels\馴れ初めシネマ\競合チャンネル分析\企画リサーチ_20260605\gcs_upload_staging\naresome_thumbnails\Ib8oJMNmh_w.jpg,213132,gs://senior-share-staging-570862915709/naresome_thumbnails/Ib8oJMNmh_w.jpg,
IbLMjXZ83sw,E:\Data\ObsidianVault\02_Channels\馴れ初めシネマ\競合チャンネル分析\企画リサーチ_20260605\gcs_upload_staging\naresome_thumbnails\IbLMjXZ83sw.jpg,234776,gs://senior-share-staging-570862915709/naresome_thumbnails/IbLMjXZ83sw.jpg,
IdUTe66mmX8,E:\Data\ObsidianVault\02_Channels\馴れ初めシネマ\競合チャンネル分析\企画リサーチ_20260605\gcs_upload_staging\naresome_thumbnails\IdUTe66mmX8.jpg,240932,gs://senior-share-staging-570862915709/naresome_thumbnails/IdUTe66mmX8.jpg,
IfGjCrsESao,E:\Data\ObsidianVault\02_Channels\馴れ初めシネマ\競合チャンネル分析\企画リサーチ_20260605\gcs_upload_staging\naresome_thumbnails\IfGjCrsESao.jpg,263861,gs://senior-share-staging-570862915709/naresome_thumbnails/IfGjCrsESao.jpg,
IfdEafrfyko,E:\Data\ObsidianVault\02_Channels\馴れ初めシネマ\競合チャンネル分析\企画リサーチ_20260605\gcs_upload_staging\naresome_thumbnails\IfdEafrfyko.jpg,256628,gs://senior-share-staging-570862915709/naresome_thumbnails/IfdEafrfyko.jpg,
IhzpntQTwcs,E:\Data\ObsidianVault\02_Channels\馴れ初めシネマ\競合チャンネル分析\企画リサーチ_20260605\gcs_upload_staging\naresome_thumbnails\IhzpntQTwcs.jpg,265794,gs://senior-share-staging-570862915709/naresome_thumbnails/IhzpntQTwcs.jpg,
Iki4fWyPfto,E:\Data\ObsidianVault\02_Channels\馴れ初めシネマ\競合チャンネル分析\企画リサーチ_20260605\gcs_upload_staging\naresome_thumbnails\Iki4fWyPfto.jpg,259606,gs://senior-share-staging-570862915709/naresome_thumbnails/Iki4fWyPfto.jpg,
Ikyce3_GAdw,E:\Data\ObsidianVault\02_Channels\馴れ初めシネマ\競合チャンネル分析\企画リサーチ_20260605\gcs_upload_staging\naresome_thumbnails\Ikyce3_GAdw.jpg,237470,gs://senior-share-staging-570862915709/naresome_thumbnails/Ikyce3_GAdw.jpg,
IlBoLp3ZLyE,E:\Data\ObsidianVault\02_Channels\馴れ初めシネマ\競合チャンネル分析\企画リサーチ_20260605\gcs_upload_staging\naresome_thumbnails\IlBoLp3ZLyE.jpg,234862,gs://senior-share-staging-570862915709/naresome_thumbnails/IlBoLp3ZLyE.jpg,
IlIg7gA7h9k,E:\Data\ObsidianVault\02_Channels\馴れ初めシネマ\競合チャンネル分析\企画リサーチ_20260605\gcs_upload_staging\naresome_thumbnails\IlIg7gA7h9k.jpg,257036,gs://senior-share-staging-570862915709/naresome_thumbnails/IlIg7gA7h9k.jpg,
IncXaBrgpJw,E:\Data\ObsidianVault\02_Channels\馴れ初めシネマ\競合チャンネル分析\企画リサーチ_20260605\gcs_upload_staging\naresome_thumbnails\IncXaBrgpJw.jpg,245258,gs://senior-share-staging-570862915709/naresome_thumbnails/IncXaBrgpJw.jpg,
Io2ikxWNMug,E:\Data\ObsidianVault\02_Channels\馴れ初めシネマ\競合チャンネル分析\企画リサーチ_20260605\gcs_upload_staging\naresome_thumbnails\Io2ikxWNMug.jpg,267226,gs://senior-share-staging-570862915709/naresome_thumbnails/Io2ikxWNMug.jpg,
IoPopVjcu_k,E:\Data\ObsidianVault\02_Channels\馴れ初めシネマ\競合チャンネル分析\企画リサーチ_20260605\gcs_upload_staging\naresome_thumbnails\IoPopVjcu_k.jpg,246791,gs://senior-share-staging-570862915709/naresome_thumbnails/IoPopVjcu_k.jpg,
IonY4BfFDGY,E:\Data\ObsidianVault\02_Channels\馴れ初めシネマ\競合チャンネル分析\企画リサーチ_20260605\gcs_upload_staging\naresome_thumbnails\IonY4BfFDGY.jpg,241350,gs://senior-share-staging-570862915709/naresome_thumbnails/IonY4BfFDGY.jpg,
Irr7g2jwSDg,E:\Data\ObsidianVault\02_Channels\馴れ初めシネマ\競合チャンネル分析\企画リサーチ_20260605\gcs_upload_staging\naresome_thumbnails\Irr7g2jwSDg.jpg,276209,gs://senior-share-staging-570862915709/naresome_thumbnails/Irr7g2jwSDg.jpg,
IsEbPLodHWM,E:\Data\ObsidianVault\02_Channels\馴れ初めシネマ\競合チャンネル分析\企画リサーチ_20260605\gcs_upload_staging\naresome_thumbnails\IsEbPLodHWM.jpg,244934,gs://senior-share-staging-570862915709/naresome_thumbnails/IsEbPLodHWM.jpg,
IuY_ggo4p7E,E:\Data\ObsidianVault\02_Channels\馴れ初めシネマ\競合チャンネル分析\企画リサーチ_20260605\gcs_upload_staging\naresome_thumbnails\IuY_ggo4p7E.jpg,256557,gs://senior-share-staging-570862915709/naresome_thumbnails/IuY_ggo4p7E.jpg,
IvFZv--gRs8,E:\Data\ObsidianVault\02_Channels\馴れ初めシネマ\競合チャンネル分析\企画リサーチ_20260605\gcs_upload_staging\naresome_thumbnails\IvFZv--gRs8.jpg,256413,gs://senior-share-staging-570862915709/naresome_thumbnails/IvFZv--gRs8.jpg,
J1xwiC5FY_8,E:\Data\ObsidianVault\02_Channels\馴れ初めシネマ\競合チャンネル分析\企画リサーチ_20260605\gcs_upload_staging\naresome_thumbnails\J1xwiC5FY_8.jpg,239347,gs://senior-share-staging-570862915709/naresome_thumbnails/J1xwiC5FY_8.jpg,
J2ueMP_Gsbw,E:\Data\ObsidianVault\02_Channels\馴れ初めシネマ\競合チャンネル分析\企画リサーチ_20260605\gcs_upload_staging\naresome_thumbnails\J2ueMP_Gsbw.jpg,340437,gs://senior-share-staging-570862915709/naresome_thumbnails/J2ueMP_Gsbw.jpg,
J3ZcKKxLxzc,E:\Data\ObsidianVault\02_Channels\馴れ初めシネマ\競合チャンネル分析\企画リサーチ_20260605\gcs_upload_staging\naresome_thumbnails\J3ZcKKxLxzc.jpg,257614,gs://senior-share-staging-570862915709/naresome_thumbnails/J3ZcKKxLxzc.jpg,
J3kiwIeaZyQ,E:\Data\ObsidianVault\02_Channels\馴れ初めシネマ\競合チャンネル分析\企画リサーチ_20260605\gcs_upload_staging\naresome_thumbnails\J3kiwIeaZyQ.jpg,343816,gs://senior-share-staging-570862915709/naresome_thumbnails/J3kiwIeaZyQ.jpg,
J4gYOViVC2g,E:\Data\ObsidianVault\02_Channels\馴れ初めシネマ\競合チャンネル分析\企画リサーチ_20260605\gcs_upload_staging\naresome_thumbnails\J4gYOViVC2g.jpg,265403,gs://senior-share-staging-570862915709/naresome_thumbnails/J4gYOViVC2g.jpg,
J6Ri2LUNi-A,E:\Data\ObsidianVault\02_Channels\馴れ初めシネマ\競合チャンネル分析\企画リサーチ_20260605\gcs_upload_staging\naresome_thumbnails\J6Ri2LUNi-A.jpg,286177,gs://senior-share-staging-570862915709/naresome_thumbnails/J6Ri2LUNi-A.jpg,
J83U11cEXmk,E:\Data\ObsidianVault\02_Channels\馴れ初めシネマ\競合チャンネル分析\企画リサーチ_20260605\gcs_upload_staging\naresome_thumbnails\J83U11cEXmk.jpg,257777,gs://senior-share-staging-570862915709/naresome_thumbnails/J83U11cEXmk.jpg,
JAFZ2AC7gaI,E:\Data\ObsidianVault\02_Channels\馴れ初めシネマ\競合チャンネル分析\企画リサーチ_20260605\gcs_upload_staging\naresome_thumbnails\JAFZ2AC7gaI.jpg,260598,gs://senior-share-staging-570862915709/naresome_thumbnails/JAFZ2AC7gaI.jpg,
JAI9Gw0vkyI,E:\Data\ObsidianVault\02_Channels\馴れ初めシネマ\競合チャンネル分析\企画リサーチ_20260605\gcs_upload_staging\naresome_thumbnails\JAI9Gw0vkyI.jpg,326687,gs://senior-share-staging-570862915709/naresome_thumbnails/JAI9Gw0vkyI.jpg,
JD4oAduYulw,E:\Data\ObsidianVault\02_Channels\馴れ初めシネマ\競合チャンネル分析\企画リサーチ_20260605\gcs_upload_staging\naresome_thumbnails\JD4oAduYulw.jpg,263279,gs://senior-share-staging-570862915709/naresome_thumbnails/JD4oAduYulw.jpg,
JI0WcQe4XKY,E:\Data\ObsidianVault\02_Channels\馴れ初めシネマ\競合チャンネル分析\企画リサーチ_20260605\gcs_upload_staging\naresome_thumbnails\JI0WcQe4XKY.jpg,274041,gs://senior-share-staging-570862915709/naresome_thumbnails/JI0WcQe4XKY.jpg,
JIJ-9w3WWzg,E:\Data\ObsidianVault\02_Channels\馴れ初めシネマ\競合チャンネル分析\企画リサーチ_20260605\gcs_upload_staging\naresome_thumbnails\JIJ-9w3WWzg.jpg,245373,gs://senior-share-staging-570862915709/naresome_thumbnails/JIJ-9w3WWzg.jpg,
JIuTyeRhsWs,E:\Data\ObsidianVault\02_Channels\馴れ初めシネマ\競合チャンネル分析\企画リサーチ_20260605\gcs_upload_staging\naresome_thumbnails\JIuTyeRhsWs.jpg,258244,gs://senior-share-staging-570862915709/naresome_thumbnails/JIuTyeRhsWs.jpg,
JJsKg6vloZ8,E:\Data\ObsidianVault\02_Channels\馴れ初めシネマ\競合チャンネル分析\企画リサーチ_20260605\gcs_upload_staging\naresome_thumbnails\JJsKg6vloZ8.jpg,260976,gs://senior-share-staging-570862915709/naresome_thumbnails/JJsKg6vloZ8.jpg,
JNBxXx-9Bwg,E:\Data\ObsidianVault\02_Channels\馴れ初めシネマ\競合チャンネル分析\企画リサーチ_20260605\gcs_upload_staging\naresome_thumbnails\JNBxXx-9Bwg.jpg,258139,gs://senior-share-staging-570862915709/naresome_thumbnails/JNBxXx-9Bwg.jpg,
JNKSadupmik,E:\Data\ObsidianVault\02_Channels\馴れ初めシネマ\競合チャンネル分析\企画リサーチ_20260605\gcs_upload_staging\naresome_thumbnails\JNKSadupmik.jpg,216131,gs://senior-share-staging-570862915709/naresome_thumbnails/JNKSadupmik.jpg,
JOJLh_ay8I4,E:\Data\ObsidianVault\02_Channels\馴れ初めシネマ\競合チャンネル分析\企画リサーチ_20260605\gcs_upload_staging\naresome_thumbnails\JOJLh_ay8I4.jpg,233758,gs://senior-share-staging-570862915709/naresome_thumbnails/JOJLh_ay8I4.jpg,
JOgnVeJAXmQ,E:\Data\ObsidianVault\02_Channels\馴れ初めシネマ\競合チャンネル分析\企画リサーチ_20260605\gcs_upload_staging\naresome_thumbnails\JOgnVeJAXmQ.jpg,276651,gs://senior-share-staging-570862915709/naresome_thumbnails/JOgnVeJAXmQ.jpg,
JPkc9AsRZHY,E:\Data\ObsidianVault\02_Channels\馴れ初めシネマ\競合チャンネル分析\企画リサーチ_20260605\gcs_upload_staging\naresome_thumbnails\JPkc9AsRZHY.jpg,249732,gs://senior-share-staging-570862915709/naresome_thumbnails/JPkc9AsRZHY.jpg,
JReCL1PjM2g,E:\Data\ObsidianVault\02_Channels\馴れ初めシネマ\競合チャンネル分析\企画リサーチ_20260605\gcs_upload_staging\naresome_thumbnails\JReCL1PjM2g.jpg,333197,gs://senior-share-staging-570862915709/naresome_thumbnails/JReCL1PjM2g.jpg,
JThifQBMCK4,E:\Data\ObsidianVault\02_Channels\馴れ初めシネマ\競合チャンネル分析\企画リサーチ_20260605\gcs_upload_staging\naresome_thumbnails\JThifQBMCK4.jpg,251779,gs://senior-share-staging-570862915709/naresome_thumbnails/JThifQBMCK4.jpg,
JTsOZUN0Tvw,E:\Data\ObsidianVault\02_Channels\馴れ初めシネマ\競合チャンネル分析\企画リサーチ_20260605\gcs_upload_staging\naresome_thumbnails\JTsOZUN0Tvw.jpg,243653,gs://senior-share-staging-570862915709/naresome_thumbnails/JTsOZUN0Tvw.jpg,
JU3UGE0027o,E:\Data\ObsidianVault\02_Channels\馴れ初めシネマ\競合チャンネル分析\企画リサーチ_20260605\gcs_upload_staging\naresome_thumbnails\JU3UGE0027o.jpg,256317,gs://senior-share-staging-570862915709/naresome_thumbnails/JU3UGE0027o.jpg,
JUxGz0MZlS0,E:\Data\ObsidianVault\02_Channels\馴れ初めシネマ\競合チャンネル分析\企画リサーチ_20260605\gcs_upload_staging\naresome_thumbnails\JUxGz0MZlS0.jpg,258676,gs://senior-share-staging-570862915709/naresome_thumbnails/JUxGz0MZlS0.jpg,
JWsSxFQMO00,E:\Data\ObsidianVault\02_Channels\馴れ初めシネマ\競合チャンネル分析\企画リサーチ_20260605\gcs_upload_staging\naresome_thumbnails\JWsSxFQMO00.jpg,367669,gs://senior-share-staging-570862915709/naresome_thumbnails/JWsSxFQMO00.jpg,
JXH4Qj11sqY,E:\Data\ObsidianVault\02_Channels\馴れ初めシネマ\競合チャンネル分析\企画リサーチ_20260605\gcs_upload_staging\naresome_thumbnails\JXH4Qj11sqY.jpg,249557,gs://senior-share-staging-570862915709/naresome_thumbnails/JXH4Qj11sqY.jpg,
J_V5VXu715g,E:\Data\ObsidianVault\02_Channels\馴れ初めシネマ\競合チャンネル分析\企画リサーチ_20260605\gcs_upload_staging\naresome_thumbnails\J_V5VXu715g.jpg,240816,gs://senior-share-staging-570862915709/naresome_thumbnails/J_V5VXu715g.jpg,
JaThC3NAHOQ,E:\Data\ObsidianVault\02_Channels\馴れ初めシネマ\競合チャンネル分析\企画リサーチ_20260605\gcs_upload_staging\naresome_thumbnails\JaThC3NAHOQ.jpg,266621,gs://senior-share-staging-570862915709/naresome_thumbnails/JaThC3NAHOQ.jpg,
Jbsmb1DHyyQ,E:\Data\ObsidianVault\02_Channels\馴れ初めシネマ\競合チャンネル分析\企画リサーチ_20260605\gcs_upload_staging\naresome_thumbnails\Jbsmb1DHyyQ.jpg,275195,gs://senior-share-staging-570862915709/naresome_thumbnails/Jbsmb1DHyyQ.jpg,
JezXkLVWDko,E:\Data\ObsidianVault\02_Channels\馴れ初めシネマ\競合チャンネル分析\企画リサーチ_20260605\gcs_upload_staging\naresome_thumbnails\JezXkLVWDko.jpg,257344,gs://senior-share-staging-570862915709/naresome_thumbnails/JezXkLVWDko.jpg,
JfSXaCzcYt8,E:\Data\ObsidianVault\02_Channels\馴れ初めシネマ\競合チャンネル分析\企画リサーチ_20260605\gcs_upload_staging\naresome_thumbnails\JfSXaCzcYt8.jpg,242020,gs://senior-share-staging-570862915709/naresome_thumbnails/JfSXaCzcYt8.jpg,
Jh9OnIRnAr4,E:\Data\ObsidianVault\02_Channels\馴れ初めシネマ\競合チャンネル分析\企画リサーチ_20260605\gcs_upload_staging\naresome_thumbnails\Jh9OnIRnAr4.jpg,255069,gs://senior-share-staging-570862915709/naresome_thumbnails/Jh9OnIRnAr4.jpg,
JhiMF8Kw2Jk,E:\Data\ObsidianVault\02_Channels\馴れ初めシネマ\競合チャンネル分析\企画リサーチ_20260605\gcs_upload_staging\naresome_thumbnails\JhiMF8Kw2Jk.jpg,275822,gs://senior-share-staging-570862915709/naresome_thumbnails/JhiMF8Kw2Jk.jpg,
JiCLtMYOfR0,E:\Data\ObsidianVault\02_Channels\馴れ初めシネマ\競合チャンネル分析\企画リサーチ_20260605\gcs_upload_staging\naresome_thumbnails\JiCLtMYOfR0.jpg,260245,gs://senior-share-staging-570862915709/naresome_thumbnails/JiCLtMYOfR0.jpg,
JieApiNclS8,E:\Data\ObsidianVault\02_Channels\馴れ初めシネマ\競合チャンネル分析\企画リサーチ_20260605\gcs_upload_staging\naresome_thumbnails\JieApiNclS8.jpg,260089,gs://senior-share-staging-570862915709/naresome_thumbnails/JieApiNclS8.jpg,
JjLNCrxFbb4,E:\Data\ObsidianVault\02_Channels\馴れ初めシネマ\競合チャンネル分析\企画リサーチ_20260605\gcs_upload_staging\naresome_thumbnails\JjLNCrxFbb4.jpg,238550,gs://senior-share-staging-570862915709/naresome_thumbnails/JjLNCrxFbb4.jpg,
JmM3i9A4L-M,E:\Data\ObsidianVault\02_Channels\馴れ初めシネマ\競合チャンネル分析\企画リサーチ_20260605\gcs_upload_staging\naresome_thumbnails\JmM3i9A4L-M.jpg,266580,gs://senior-share-staging-570862915709/naresome_thumbnails/JmM3i9A4L-M.jpg,
Jmbs12y-gv4,E:\Data\ObsidianVault\02_Channels\馴れ初めシネマ\競合チャンネル分析\企画リサーチ_20260605\gcs_upload_staging\naresome_thumbnails\Jmbs12y-gv4.jpg,260142,gs://senior-share-staging-570862915709/naresome_thumbnails/Jmbs12y-gv4.jpg,
Jmk5ooC-TDM,E:\Data\ObsidianVault\02_Channels\馴れ初めシネマ\競合チャンネル分析\企画リサーチ_20260605\gcs_upload_staging\naresome_thumbnails\Jmk5ooC-TDM.jpg,268880,gs://senior-share-staging-570862915709/naresome_thumbnails/Jmk5ooC-TDM.jpg,
JmoBHX0T_w4,E:\Data\ObsidianVault\02_Channels\馴れ初めシネマ\競合チャンネル分析\企画リサーチ_20260605\gcs_upload_staging\naresome_thumbnails\JmoBHX0T_w4.jpg,270120,gs://senior-share-staging-570862915709/naresome_thumbnails/JmoBHX0T_w4.jpg,
JpYcx9fH250,E:\Data\ObsidianVault\02_Channels\馴れ初めシネマ\競合チャンネル分析\企画リサーチ_20260605\gcs_upload_staging\naresome_thumbnails\JpYcx9fH250.jpg,261912,gs://senior-share-staging-570862915709/naresome_thumbnails/JpYcx9fH250.jpg,
JsYOkc5cNkY,E:\Data\ObsidianVault\02_Channels\馴れ初めシネマ\競合チャンネル分析\企画リサーチ_20260605\gcs_upload_staging\naresome_thumbnails\JsYOkc5cNkY.jpg,340153,gs://senior-share-staging-570862915709/naresome_thumbnails/JsYOkc5cNkY.jpg,
JsYeUh7GR-w,E:\Data\ObsidianVault\02_Channels\馴れ初めシネマ\競合チャンネル分析\企画リサーチ_20260605\gcs_upload_staging\naresome_thumbnails\JsYeUh7GR-w.jpg,247952,gs://senior-share-staging-570862915709/naresome_thumbnails/JsYeUh7GR-w.jpg,
JtHr2IboSPE,E:\Data\ObsidianVault\02_Channels\馴れ初めシネマ\競合チャンネル分析\企画リサーチ_20260605\gcs_upload_staging\naresome_thumbnails\JtHr2IboSPE.jpg,254903,gs://senior-share-staging-570862915709/naresome_thumbnails/JtHr2IboSPE.jpg,
JtKpwWaxpQ4,E:\Data\ObsidianVault\02_Channels\馴れ初めシネマ\競合チャンネル分析\企画リサーチ_20260605\gcs_upload_staging\naresome_thumbnails\JtKpwWaxpQ4.jpg,252260,gs://senior-share-staging-570862915709/naresome_thumbnails/JtKpwWaxpQ4.jpg,
JtOJ6GWeMoA,E:\Data\ObsidianVault\02_Channels\馴れ初めシネマ\競合チャンネル分析\企画リサーチ_20260605\gcs_upload_staging\naresome_thumbnails\JtOJ6GWeMoA.jpg,285244,gs://senior-share-staging-570862915709/naresome_thumbnails/JtOJ6GWeMoA.jpg,
JuCNAzxsl6Q,E:\Data\ObsidianVault\02_Channels\馴れ初めシネマ\競合チャンネル分析\企画リサーチ_20260605\gcs_upload_staging\naresome_thumbnails\JuCNAzxsl6Q.jpg,243715,gs://senior-share-staging-570862915709/naresome_thumbnails/JuCNAzxsl6Q.jpg,
JurX6_RUouc,E:\Data\ObsidianVault\02_Channels\馴れ初めシネマ\競合チャンネル分析\企画リサーチ_20260605\gcs_upload_staging\naresome_thumbnails\JurX6_RUouc.jpg,294225,gs://senior-share-staging-570862915709/naresome_thumbnails/JurX6_RUouc.jpg,
JwarZ2kY7vY,E:\Data\ObsidianVault\02_Channels\馴れ初めシネマ\競合チャンネル分析\企画リサーチ_20260605\gcs_upload_staging\naresome_thumbnails\JwarZ2kY7vY.jpg,328012,gs://senior-share-staging-570862915709/naresome_thumbnails/JwarZ2kY7vY.jpg,
JwvxKoA2lBE,E:\Data\ObsidianVault\02_Channels\馴れ初めシネマ\競合チャンネル分析\企画リサーチ_20260605\gcs_upload_staging\naresome_thumbnails\JwvxKoA2lBE.jpg,249271,gs://senior-share-staging-570862915709/naresome_thumbnails/JwvxKoA2lBE.jpg,
Jx5GNo4nlTU,E:\Data\ObsidianVault\02_Channels\馴れ初めシネマ\競合チャンネル分析\企画リサーチ_20260605\gcs_upload_staging\naresome_thumbnails\Jx5GNo4nlTU.jpg,256287,gs://senior-share-staging-570862915709/naresome_thumbnails/Jx5GNo4nlTU.jpg,
JypBl4QaZHA,E:\Data\ObsidianVault\02_Channels\馴れ初めシネマ\競合チャンネル分析\企画リサーチ_20260605\gcs_upload_staging\naresome_thumbnails\JypBl4QaZHA.jpg,279532,gs://senior-share-staging-570862915709/naresome_thumbnails/JypBl4QaZHA.jpg,
JyyzPf3eEdI,E:\Data\ObsidianVault\02_Channels\馴れ初めシネマ\競合チャンネル分析\企画リサーチ_20260605\gcs_upload_staging\naresome_thumbnails\JyyzPf3eEdI.jpg,268061,gs://senior-share-staging-570862915709/naresome_thumbnails/JyyzPf3eEdI.jpg,
Jz83G1aFqdg,E:\Data\ObsidianVault\02_Channels\馴れ初めシネマ\競合チャンネル分析\企画リサーチ_20260605\gcs_upload_staging\naresome_thumbnails\Jz83G1aFqdg.jpg,237149,gs://senior-share-staging-570862915709/naresome_thumbnails/Jz83G1aFqdg.jpg,
JzKFizmM6x0,E:\Data\ObsidianVault\02_Channels\馴れ初めシネマ\競合チャンネル分析\企画リサーチ_20260605\gcs_upload_staging\naresome_thumbnails\JzKFizmM6x0.jpg,251590,gs://senior-share-staging-570862915709/naresome_thumbnails/JzKFizmM6x0.jpg,
JzOujrt9nEA,E:\Data\ObsidianVault\02_Channels\馴れ初めシネマ\競合チャンネル分析\企画リサーチ_20260605\gcs_upload_staging\naresome_thumbnails\JzOujrt9nEA.jpg,324344,gs://senior-share-staging-570862915709/naresome_thumbnails/JzOujrt9nEA.jpg,
Jz_4_DF8sm0,E:\Data\ObsidianVault\02_Channels\馴れ初めシネマ\競合チャンネル分析\企画リサーチ_20260605\gcs_upload_staging\naresome_thumbnails\Jz_4_DF8sm0.jpg,268668,gs://senior-share-staging-570862915709/naresome_thumbnails/Jz_4_DF8sm0.jpg,
K-tKkZR78ZE,E:\Data\ObsidianVault\02_Channels\馴れ初めシネマ\競合チャンネル分析\企画リサーチ_20260605\gcs_upload_staging\naresome_thumbnails\K-tKkZR78ZE.jpg,257186,gs://senior-share-staging-570862915709/naresome_thumbnails/K-tKkZR78ZE.jpg,
K1EV8Gl-W7Y,E:\Data\ObsidianVault\02_Channels\馴れ初めシネマ\競合チャンネル分析\企画リサーチ_20260605\gcs_upload_staging\naresome_thumbnails\K1EV8Gl-W7Y.jpg,266474,gs://senior-share-staging-570862915709/naresome_thumbnails/K1EV8Gl-W7Y.jpg,
K1f3ZKsLmN4,E:\Data\ObsidianVault\02_Channels\馴れ初めシネマ\競合チャンネル分析\企画リサーチ_20260605\gcs_upload_staging\naresome_thumbnails\K1f3ZKsLmN4.jpg,240252,gs://senior-share-staging-570862915709/naresome_thumbnails/K1f3ZKsLmN4.jpg,
K2EtyUUKwTA,E:\Data\ObsidianVault\02_Channels\馴れ初めシネマ\競合チャンネル分析\企画リサーチ_20260605\gcs_upload_staging\naresome_thumbnails\K2EtyUUKwTA.jpg,269949,gs://senior-share-staging-570862915709/naresome_thumbnails/K2EtyUUKwTA.jpg,
K4yFB4PemL8,E:\Data\ObsidianVault\02_Channels\馴れ初めシネマ\競合チャンネル分析\企画リサーチ_20260605\gcs_upload_staging\naresome_thumbnails\K4yFB4PemL8.jpg,271257,gs://senior-share-staging-570862915709/naresome_thumbnails/K4yFB4PemL8.jpg,
K50Hr_kcGM8,E:\Data\ObsidianVault\02_Channels\馴れ初めシネマ\競合チャンネル分析\企画リサーチ_20260605\gcs_upload_staging\naresome_thumbnails\K50Hr_kcGM8.jpg,252011,gs://senior-share-staging-570862915709/naresome_thumbnails/K50Hr_kcGM8.jpg,
K6mLB-nvm8s,E:\Data\ObsidianVault\02_Channels\馴れ初めシネマ\競合チャンネル分析\企画リサーチ_20260605\gcs_upload_staging\naresome_thumbnails\K6mLB-nvm8s.jpg,260600,gs://senior-share-staging-570862915709/naresome_thumbnails/K6mLB-nvm8s.jpg,
K7osDLOnlko,E:\Data\ObsidianVault\02_Channels\馴れ初めシネマ\競合チャンネル分析\企画リサーチ_20260605\gcs_upload_staging\naresome_thumbnails\K7osDLOnlko.jpg,240390,gs://senior-share-staging-570862915709/naresome_thumbnails/K7osDLOnlko.jpg,
K839g8qhYxs,E:\Data\ObsidianVault\02_Channels\馴れ初めシネマ\競合チャンネル分析\企画リサーチ_20260605\gcs_upload_staging\naresome_thumbnails\K839g8qhYxs.jpg,256690,gs://senior-share-staging-570862915709/naresome_thumbnails/K839g8qhYxs.jpg,
K8toI-oxyvw,E:\Data\ObsidianVault\02_Channels\馴れ初めシネマ\競合チャンネル分析\企画リサーチ_20260605\gcs_upload_staging\naresome_thumbnails\K8toI-oxyvw.jpg,249873,gs://senior-share-staging-570862915709/naresome_thumbnails/K8toI-oxyvw.jpg,
K9nmYTZl13c,E:\Data\ObsidianVault\02_Channels\馴れ初めシネマ\競合チャンネル分析\企画リサーチ_20260605\gcs_upload_staging\naresome_thumbnails\K9nmYTZl13c.jpg,327234,gs://senior-share-staging-570862915709/naresome_thumbnails/K9nmYTZl13c.jpg,
KA79H6AKzzw,E:\Data\ObsidianVault\02_Channels\馴れ初めシネマ\競合チャンネル分析\企画リサーチ_20260605\gcs_upload_staging\naresome_thumbnails\KA79H6AKzzw.jpg,240543,gs://senior-share-staging-570862915709/naresome_thumbnails/KA79H6AKzzw.jpg,
KAWmNbI1Aew,E:\Data\ObsidianVault\02_Channels\馴れ初めシネマ\競合チャンネル分析\企画リサーチ_20260605\gcs_upload_staging\naresome_thumbnails\KAWmNbI1Aew.jpg,263881,gs://senior-share-staging-570862915709/naresome_thumbnails/KAWmNbI1Aew.jpg,
KBOg9pM_aco,E:\Data\ObsidianVault\02_Channels\馴れ初めシネマ\競合チャンネル分析\企画リサーチ_20260605\gcs_upload_staging\naresome_thumbnails\KBOg9pM_aco.jpg,361626,gs://senior-share-staging-570862915709/naresome_thumbnails/KBOg9pM_aco.jpg,
KDbhi30uOjQ,E:\Data\ObsidianVault\02_Channels\馴れ初めシネマ\競合チャンネル分析\企画リサーチ_20260605\gcs_upload_staging\naresome_thumbnails\KDbhi30uOjQ.jpg,219030,gs://senior-share-staging-570862915709/naresome_thumbnails/KDbhi30uOjQ.jpg,
KDuRw9jWa9o,E:\Data\ObsidianVault\02_Channels\馴れ初めシネマ\競合チャンネル分析\企画リサーチ_20260605\gcs_upload_staging\naresome_thumbnails\KDuRw9jWa9o.jpg,265872,gs://senior-share-staging-570862915709/naresome_thumbnails/KDuRw9jWa9o.jpg,
KEPn2jEVFsQ,E:\Data\ObsidianVault\02_Channels\馴れ初めシネマ\競合チャンネル分析\企画リサーチ_20260605\gcs_upload_staging\naresome_thumbnails\KEPn2jEVFsQ.jpg,258259,gs://senior-share-staging-570862915709/naresome_thumbnails/KEPn2jEVFsQ.jpg,
KF8wEFpqSPw,E:\Data\ObsidianVault\02_Channels\馴れ初めシネマ\競合チャンネル分析\企画リサーチ_20260605\gcs_upload_staging\naresome_thumbnails\KF8wEFpqSPw.jpg,244107,gs://senior-share-staging-570862915709/naresome_thumbnails/KF8wEFpqSPw.jpg,
KFGE3ubfOIw,E:\Data\ObsidianVault\02_Channels\馴れ初めシネマ\競合チャンネル分析\企画リサーチ_20260605\gcs_upload_staging\naresome_thumbnails\KFGE3ubfOIw.jpg,250985,gs://senior-share-staging-570862915709/naresome_thumbnails/KFGE3ubfOIw.jpg,
KG0icm9cIrM,E:\Data\ObsidianVault\02_Channels\馴れ初めシネマ\競合チャンネル分析\企画リサーチ_20260605\gcs_upload_staging\naresome_thumbnails\KG0icm9cIrM.jpg,235355,gs://senior-share-staging-570862915709/naresome_thumbnails/KG0icm9cIrM.jpg,
KImKuodF1A8,E:\Data\ObsidianVault\02_Channels\馴れ初めシネマ\競合チャンネル分析\企画リサーチ_20260605\gcs_upload_staging\naresome_thumbnails\KImKuodF1A8.jpg,278047,gs://senior-share-staging-570862915709/naresome_thumbnails/KImKuodF1A8.jpg,
KLQAhn2ZZWA,E:\Data\ObsidianVault\02_Channels\馴れ初めシネマ\競合チャンネル分析\企画リサーチ_20260605\gcs_upload_staging\naresome_thumbnails\KLQAhn2ZZWA.jpg,224903,gs://senior-share-staging-570862915709/naresome_thumbnails/KLQAhn2ZZWA.jpg,
KO5Z2czQdL8,E:\Data\ObsidianVault\02_Channels\馴れ初めシネマ\競合チャンネル分析\企画リサーチ_20260605\gcs_upload_staging\naresome_thumbnails\KO5Z2czQdL8.jpg,261015,gs://senior-share-staging-570862915709/naresome_thumbnails/KO5Z2czQdL8.jpg,
KO9xbwbYNZo,E:\Data\ObsidianVault\02_Channels\馴れ初めシネマ\競合チャンネル分析\企画リサーチ_20260605\gcs_upload_staging\naresome_thumbnails\KO9xbwbYNZo.jpg,246689,gs://senior-share-staging-570862915709/naresome_thumbnails/KO9xbwbYNZo.jpg,
KOcjthBm2Sg,E:\Data\ObsidianVault\02_Channels\馴れ初めシネマ\競合チャンネル分析\企画リサーチ_20260605\gcs_upload_staging\naresome_thumbnails\KOcjthBm2Sg.jpg,237185,gs://senior-share-staging-570862915709/naresome_thumbnails/KOcjthBm2Sg.jpg,
KPFy3eqgXOw,E:\Data\ObsidianVault\02_Channels\馴れ初めシネマ\競合チャンネル分析\企画リサーチ_20260605\gcs_upload_staging\naresome_thumbnails\KPFy3eqgXOw.jpg,229266,gs://senior-share-staging-570862915709/naresome_thumbnails/KPFy3eqgXOw.jpg,
KPUD-HLLeTc,E:\Data\ObsidianVault\02_Channels\馴れ初めシネマ\競合チャンネル分析\企画リサーチ_20260605\gcs_upload_staging\naresome_thumbnails\KPUD-HLLeTc.jpg,257855,gs://senior-share-staging-570862915709/naresome_thumbnails/KPUD-HLLeTc.jpg,
KRG4ockJsdY,E:\Data\ObsidianVault\02_Channels\馴れ初めシネマ\競合チャンネル分析\企画リサーチ_20260605\gcs_upload_staging\naresome_thumbnails\KRG4ockJsdY.jpg,242011,gs://senior-share-staging-570862915709/naresome_thumbnails/KRG4ockJsdY.jpg,
KT1FL2QWXq8,E:\Data\ObsidianVault\02_Channels\馴れ初めシネマ\競合チャンネル分析\企画リサーチ_20260605\gcs_upload_staging\naresome_thumbnails\KT1FL2QWXq8.jpg,243427,gs://senior-share-staging-570862915709/naresome_thumbnails/KT1FL2QWXq8.jpg,
KVEoe07y948,E:\Data\ObsidianVault\02_Channels\馴れ初めシネマ\競合チャンネル分析\企画リサーチ_20260605\gcs_upload_staging\naresome_thumbnails\KVEoe07y948.jpg,267067,gs://senior-share-staging-570862915709/naresome_thumbnails/KVEoe07y948.jpg,
KVHR9qv1WbE,E:\Data\ObsidianVault\02_Channels\馴れ初めシネマ\競合チャンネル分析\企画リサーチ_20260605\gcs_upload_staging\naresome_thumbnails\KVHR9qv1WbE.jpg,256097,gs://senior-share-staging-570862915709/naresome_thumbnails/KVHR9qv1WbE.jpg,
KXAkyAtL_nI,E:\Data\ObsidianVault\02_Channels\馴れ初めシネマ\競合チャンネル分析\企画リサーチ_20260605\gcs_upload_staging\naresome_thumbnails\KXAkyAtL_nI.jpg,269000,gs://senior-share-staging-570862915709/naresome_thumbnails/KXAkyAtL_nI.jpg,
KXpzGSeDPnQ,E:\Data\ObsidianVault\02_Channels\馴れ初めシネマ\競合チャンネル分析\企画リサーチ_20260605\gcs_upload_staging\naresome_thumbnails\KXpzGSeDPnQ.jpg,244324,gs://senior-share-staging-570862915709/naresome_thumbnails/KXpzGSeDPnQ.jpg,
KZKYW9m2tXE,E:\Data\ObsidianVault\02_Channels\馴れ初めシネマ\競合チャンネル分析\企画リサーチ_20260605\gcs_upload_staging\naresome_thumbnails\KZKYW9m2tXE.jpg,256739,gs://senior-share-staging-570862915709/naresome_thumbnails/KZKYW9m2tXE.jpg,
KZZaO_dT_rU,E:\Data\ObsidianVault\02_Channels\馴れ初めシネマ\競合チャンネル分析\企画リサーチ_20260605\gcs_upload_staging\naresome_thumbnails\KZZaO_dT_rU.jpg,228371,gs://senior-share-staging-570862915709/naresome_thumbnails/KZZaO_dT_rU.jpg,
KaMd69E60Rk,E:\Data\ObsidianVault\02_Channels\馴れ初めシネマ\競合チャンネル分析\企画リサーチ_20260605\gcs_upload_staging\naresome_thumbnails\KaMd69E60Rk.jpg,255063,gs://senior-share-staging-570862915709/naresome_thumbnails/KaMd69E60Rk.jpg,
KaanyF0pwz8,E:\Data\ObsidianVault\02_Channels\馴れ初めシネマ\競合チャンネル分析\企画リサーチ_20260605\gcs_upload_staging\naresome_thumbnails\KaanyF0pwz8.jpg,243310,gs://senior-share-staging-570862915709/naresome_thumbnails/KaanyF0pwz8.jpg,
KamoxdUE77Q,E:\Data\ObsidianVault\02_Channels\馴れ初めシネマ\競合チャンネル分析\企画リサーチ_20260605\gcs_upload_staging\naresome_thumbnails\KamoxdUE77Q.jpg,261624,gs://senior-share-staging-570862915709/naresome_thumbnails/KamoxdUE77Q.jpg,
Ke7ywYFjyaU,E:\Data\ObsidianVault\02_Channels\馴れ初めシネマ\競合チャンネル分析\企画リサーチ_20260605\gcs_upload_staging\naresome_thumbnails\Ke7ywYFjyaU.jpg,351435,gs://senior-share-staging-570862915709/naresome_thumbnails/Ke7ywYFjyaU.jpg,
KeH9iXh-0dc,E:\Data\ObsidianVault\02_Channels\馴れ初めシネマ\競合チャンネル分析\企画リサーチ_20260605\gcs_upload_staging\naresome_thumbnails\KeH9iXh-0dc.jpg,247266,gs://senior-share-staging-570862915709/naresome_thumbnails/KeH9iXh-0dc.jpg,
Kehpb4YlPAM,E:\Data\ObsidianVault\02_Channels\馴れ初めシネマ\競合チャンネル分析\企画リサーチ_20260605\gcs_upload_staging\naresome_thumbnails\Kehpb4YlPAM.jpg,263337,gs://senior-share-staging-570862915709/naresome_thumbnails/Kehpb4YlPAM.jpg,
Kfqa_NJnb5o,E:\Data\ObsidianVault\02_Channels\馴れ初めシネマ\競合チャンネル分析\企画リサーチ_20260605\gcs_upload_staging\naresome_thumbnails\Kfqa_NJnb5o.jpg,248770,gs://senior-share-staging-570862915709/naresome_thumbnails/Kfqa_NJnb5o.jpg,
Kgo_XL6qRYE,E:\Data\ObsidianVault\02_Channels\馴れ初めシネマ\競合チャンネル分析\企画リサーチ_20260605\gcs_upload_staging\naresome_thumbnails\Kgo_XL6qRYE.jpg,262831,gs://senior-share-staging-570862915709/naresome_thumbnails/Kgo_XL6qRYE.jpg,
KhsSJimkfbg,E:\Data\ObsidianVault\02_Channels\馴れ初めシネマ\競合チャンネル分析\企画リサーチ_20260605\gcs_upload_staging\naresome_thumbnails\KhsSJimkfbg.jpg,274653,gs://senior-share-staging-570862915709/naresome_thumbnails/KhsSJimkfbg.jpg,
KlVO83URCMI,E:\Data\ObsidianVault\02_Channels\馴れ初めシネマ\競合チャンネル分析\企画リサーチ_20260605\gcs_upload_staging\naresome_thumbnails\KlVO83URCMI.jpg,236229,gs://senior-share-staging-570862915709/naresome_thumbnails/KlVO83URCMI.jpg,
Kod5-tRbQwU,E:\Data\ObsidianVault\02_Channels\馴れ初めシネマ\競合チャンネル分析\企画リサーチ_20260605\gcs_upload_staging\naresome_thumbnails\Kod5-tRbQwU.jpg,266232,gs://senior-share-staging-570862915709/naresome_thumbnails/Kod5-tRbQwU.jpg,
KoyBQryoPCs,E:\Data\ObsidianVault\02_Channels\馴れ初めシネマ\競合チャンネル分析\企画リサーチ_20260605\gcs_upload_staging\naresome_thumbnails\KoyBQryoPCs.jpg,319617,gs://senior-share-staging-570862915709/naresome_thumbnails/KoyBQryoPCs.jpg,
Ks7hvs9sG7Y,E:\Data\ObsidianVault\02_Channels\馴れ初めシネマ\競合チャンネル分析\企画リサーチ_20260605\gcs_upload_staging\naresome_thumbnails\Ks7hvs9sG7Y.jpg,264337,gs://senior-share-staging-570862915709/naresome_thumbnails/Ks7hvs9sG7Y.jpg,
KsNJwr1O02c,E:\Data\ObsidianVault\02_Channels\馴れ初めシネマ\競合チャンネル分析\企画リサーチ_20260605\gcs_upload_staging\naresome_thumbnails\KsNJwr1O02c.jpg,226627,gs://senior-share-staging-570862915709/naresome_thumbnails/KsNJwr1O02c.jpg,
Ksyl266quCk,E:\Data\ObsidianVault\02_Channels\馴れ初めシネマ\競合チャンネル分析\企画リサーチ_20260605\gcs_upload_staging\naresome_thumbnails\Ksyl266quCk.jpg,338079,gs://senior-share-staging-570862915709/naresome_thumbnails/Ksyl266quCk.jpg,
KteqNe63XOY,E:\Data\ObsidianVault\02_Channels\馴れ初めシネマ\競合チャンネル分析\企画リサーチ_20260605\gcs_upload_staging\naresome_thumbnails\KteqNe63XOY.jpg,261927,gs://senior-share-staging-570862915709/naresome_thumbnails/KteqNe63XOY.jpg,
Ku9QaBJYKVQ,E:\Data\ObsidianVault\02_Channels\馴れ初めシネマ\競合チャンネル分析\企画リサーチ_20260605\gcs_upload_staging\naresome_thumbnails\Ku9QaBJYKVQ.jpg,251424,gs://senior-share-staging-570862915709/naresome_thumbnails/Ku9QaBJYKVQ.jpg,
Kug3MzHZ0HU,E:\Data\ObsidianVault\02_Channels\馴れ初めシネマ\競合チャンネル分析\企画リサーチ_20260605\gcs_upload_staging\naresome_thumbnails\Kug3MzHZ0HU.jpg,258704,gs://senior-share-staging-570862915709/naresome_thumbnails/Kug3MzHZ0HU.jpg,
KwUPzhFzNX0,E:\Data\ObsidianVault\02_Channels\馴れ初めシネマ\競合チャンネル分析\企画リサーチ_20260605\gcs_upload_staging\naresome_thumbnails\KwUPzhFzNX0.jpg,254952,gs://senior-share-staging-570862915709/naresome_thumbnails/KwUPzhFzNX0.jpg,
KxAOraPqnGk,E:\Data\ObsidianVault\02_Channels\馴れ初めシネマ\競合チャンネル分析\企画リサーチ_20260605\gcs_upload_staging\naresome_thumbnails\KxAOraPqnGk.jpg,274840,gs://senior-share-staging-570862915709/naresome_thumbnails/KxAOraPqnGk.jpg,
KxKbFXnDTbA,E:\Data\ObsidianVault\02_Channels\馴れ初めシネマ\競合チャンネル分析\企画リサーチ_20260605\gcs_upload_staging\naresome_thumbnails\KxKbFXnDTbA.jpg,243507,gs://senior-share-staging-570862915709/naresome_thumbnails/KxKbFXnDTbA.jpg,
KxPGsa87bYM,E:\Data\ObsidianVault\02_Channels\馴れ初めシネマ\競合チャンネル分析\企画リサーチ_20260605\gcs_upload_staging\naresome_thumbnails\KxPGsa87bYM.jpg,257704,gs://senior-share-staging-570862915709/naresome_thumbnails/KxPGsa87bYM.jpg,
KyCkdiEkn-4,E:\Data\ObsidianVault\02_Channels\馴れ初めシネマ\競合チャンネル分析\企画リサーチ_20260605\gcs_upload_staging\naresome_thumbnails\KyCkdiEkn-4.jpg,276043,gs://senior-share-staging-570862915709/naresome_thumbnails/KyCkdiEkn-4.jpg,
KyKIJCyDcj8,E:\Data\ObsidianVault\02_Channels\馴れ初めシネマ\競合チャンネル分析\企画リサーチ_20260605\gcs_upload_staging\naresome_thumbnails\KyKIJCyDcj8.jpg,246570,gs://senior-share-staging-570862915709/naresome_thumbnails/KyKIJCyDcj8.jpg,
KywitLYzc8w,E:\Data\ObsidianVault\02_Channels\馴れ初めシネマ\競合チャンネル分析\企画リサーチ_20260605\gcs_upload_staging\naresome_thumbnails\KywitLYzc8w.jpg,271804,gs://senior-share-staging-570862915709/naresome_thumbnails/KywitLYzc8w.jpg,
L3VJ1Z2Y1xQ,E:\Data\ObsidianVault\02_Channels\馴れ初めシネマ\競合チャンネル分析\企画リサーチ_20260605\gcs_upload_staging\naresome_thumbnails\L3VJ1Z2Y1xQ.jpg,249118,gs://senior-share-staging-570862915709/naresome_thumbnails/L3VJ1Z2Y1xQ.jpg,
L4XXYAlXoYo,E:\Data\ObsidianVault\02_Channels\馴れ初めシネマ\競合チャンネル分析\企画リサーチ_20260605\gcs_upload_staging\naresome_thumbnails\L4XXYAlXoYo.jpg,279684,gs://senior-share-staging-570862915709/naresome_thumbnails/L4XXYAlXoYo.jpg,
L5ATk_6vqBA,E:\Data\ObsidianVault\02_Channels\馴れ初めシネマ\競合チャンネル分析\企画リサーチ_20260605\gcs_upload_staging\naresome_thumbnails\L5ATk_6vqBA.jpg,265847,gs://senior-share-staging-570862915709/naresome_thumbnails/L5ATk_6vqBA.jpg,
L5Hbk1F_h3I,E:\Data\ObsidianVault\02_Channels\馴れ初めシネマ\競合チャンネル分析\企画リサーチ_20260605\gcs_upload_staging\naresome_thumbnails\L5Hbk1F_h3I.jpg,288009,gs://senior-share-staging-570862915709/naresome_thumbnails/L5Hbk1F_h3I.jpg,
L6cXHwEeR2A,E:\Data\ObsidianVault\02_Channels\馴れ初めシネマ\競合チャンネル分析\企画リサーチ_20260605\gcs_upload_staging\naresome_thumbnails\L6cXHwEeR2A.jpg,240885,gs://senior-share-staging-570862915709/naresome_thumbnails/L6cXHwEeR2A.jpg,
LBZXWW17v5c,E:\Data\ObsidianVault\02_Channels\馴れ初めシネマ\競合チャンネル分析\企画リサーチ_20260605\gcs_upload_staging\naresome_thumbnails\LBZXWW17v5c.jpg,243381,gs://senior-share-staging-570862915709/naresome_thumbnails/LBZXWW17v5c.jpg,
LBhLsBh9OpM,E:\Data\ObsidianVault\02_Channels\馴れ初めシネマ\競合チャンネル分析\企画リサーチ_20260605\gcs_upload_staging\naresome_thumbnails\LBhLsBh9OpM.jpg,262667,gs://senior-share-staging-570862915709/naresome_thumbnails/LBhLsBh9OpM.jpg,
LDBC8w4XIck,E:\Data\ObsidianVault\02_Channels\馴れ初めシネマ\競合チャンネル分析\企画リサーチ_20260605\gcs_upload_staging\naresome_thumbnails\LDBC8w4XIck.jpg,261911,gs://senior-share-staging-570862915709/naresome_thumbnails/LDBC8w4XIck.jpg,
LEcDtBF9dIA,E:\Data\ObsidianVault\02_Channels\馴れ初めシネマ\競合チャンネル分析\企画リサーチ_20260605\gcs_upload_staging\naresome_thumbnails\LEcDtBF9dIA.jpg,258519,gs://senior-share-staging-570862915709/naresome_thumbnails/LEcDtBF9dIA.jpg,
LG7jbwHZcNs,E:\Data\ObsidianVault\02_Channels\馴れ初めシネマ\競合チャンネル分析\企画リサーチ_20260605\gcs_upload_staging\naresome_thumbnails\LG7jbwHZcNs.jpg,264977,gs://senior-share-staging-570862915709/naresome_thumbnails/LG7jbwHZcNs.jpg,
LH0J0xUGT9E,E:\Data\ObsidianVault\02_Channels\馴れ初めシネマ\競合チャンネル分析\企画リサーチ_20260605\gcs_upload_staging\naresome_thumbnails\LH0J0xUGT9E.jpg,251955,gs://senior-share-staging-570862915709/naresome_thumbnails/LH0J0xUGT9E.jpg,
LImRaYHGPok,E:\Data\ObsidianVault\02_Channels\馴れ初めシネマ\競合チャンネル分析\企画リサーチ_20260605\gcs_upload_staging\naresome_thumbnails\LImRaYHGPok.jpg,248849,gs://senior-share-staging-570862915709/naresome_thumbnails/LImRaYHGPok.jpg,
LIoO9PT8fxk,E:\Data\ObsidianVault\02_Channels\馴れ初めシネマ\競合チャンネル分析\企画リサーチ_20260605\gcs_upload_staging\naresome_thumbnails\LIoO9PT8fxk.jpg,265053,gs://senior-share-staging-570862915709/naresome_thumbnails/LIoO9PT8fxk.jpg,
LJtqcxevdsY,E:\Data\ObsidianVault\02_Channels\馴れ初めシネマ\競合チャンネル分析\企画リサーチ_20260605\gcs_upload_staging\naresome_thumbnails\LJtqcxevdsY.jpg,252444,gs://senior-share-staging-570862915709/naresome_thumbnails/LJtqcxevdsY.jpg,
LL3wTmElddI,E:\Data\ObsidianVault\02_Channels\馴れ初めシネマ\競合チャンネル分析\企画リサーチ_20260605\gcs_upload_staging\naresome_thumbnails\LL3wTmElddI.jpg,262104,gs://senior-share-staging-570862915709/naresome_thumbnails/LL3wTmElddI.jpg,
LOUyqmenzC4,E:\Data\ObsidianVault\02_Channels\馴れ初めシネマ\競合チャンネル分析\企画リサーチ_20260605\gcs_upload_staging\naresome_thumbnails\LOUyqmenzC4.jpg,349409,gs://senior-share-staging-570862915709/naresome_thumbnails/LOUyqmenzC4.jpg,
LPTfI1yfy8Q,E:\Data\ObsidianVault\02_Channels\馴れ初めシネマ\競合チャンネル分析\企画リサーチ_20260605\gcs_upload_staging\naresome_thumbnails\LPTfI1yfy8Q.jpg,255505,gs://senior-share-staging-570862915709/naresome_thumbnails/LPTfI1yfy8Q.jpg,
LQ5cujQcYqE,E:\Data\ObsidianVault\02_Channels\馴れ初めシネマ\競合チャンネル分析\企画リサーチ_20260605\gcs_upload_staging\naresome_thumbnails\LQ5cujQcYqE.jpg,259814,gs://senior-share-staging-570862915709/naresome_thumbnails/LQ5cujQcYqE.jpg,
LRXDe9LpctM,E:\Data\ObsidianVault\02_Channels\馴れ初めシネマ\競合チャンネル分析\企画リサーチ_20260605\gcs_upload_staging\naresome_thumbnails\LRXDe9LpctM.jpg,251404,gs://senior-share-staging-570862915709/naresome_thumbnails/LRXDe9LpctM.jpg,
LRnajj-F-Q0,E:\Data\ObsidianVault\02_Channels\馴れ初めシネマ\競合チャンネル分析\企画リサーチ_20260605\gcs_upload_staging\naresome_thumbnails\LRnajj-F-Q0.jpg,242991,gs://senior-share-staging-570862915709/naresome_thumbnails/LRnajj-F-Q0.jpg,
LVxj_HL7YuY,E:\Data\ObsidianVault\02_Channels\馴れ初めシネマ\競合チャンネル分析\企画リサーチ_20260605\gcs_upload_staging\naresome_thumbnails\LVxj_HL7YuY.jpg,259516,gs://senior-share-staging-570862915709/naresome_thumbnails/LVxj_HL7YuY.jpg,
LW0yG4s6r5Q,E:\Data\ObsidianVault\02_Channels\馴れ初めシネマ\競合チャンネル分析\企画リサーチ_20260605\gcs_upload_staging\naresome_thumbnails\LW0yG4s6r5Q.jpg,270394,gs://senior-share-staging-570862915709/naresome_thumbnails/LW0yG4s6r5Q.jpg,
L_02SwPgwf0,E:\Data\ObsidianVault\02_Channels\馴れ初めシネマ\競合チャンネル分析\企画リサーチ_20260605\gcs_upload_staging\naresome_thumbnails\L_02SwPgwf0.jpg,282122,gs://senior-share-staging-570862915709/naresome_thumbnails/L_02SwPgwf0.jpg,
LaeVd4cV_AE,E:\Data\ObsidianVault\02_Channels\馴れ初めシネマ\競合チャンネル分析\企画リサーチ_20260605\gcs_upload_staging\naresome_thumbnails\LaeVd4cV_AE.jpg,253025,gs://senior-share-staging-570862915709/naresome_thumbnails/LaeVd4cV_AE.jpg,
LcHPxXHukM4,E:\Data\ObsidianVault\02_Channels\馴れ初めシネマ\競合チャンネル分析\企画リサーチ_20260605\gcs_upload_staging\naresome_thumbnails\LcHPxXHukM4.jpg,239555,gs://senior-share-staging-570862915709/naresome_thumbnails/LcHPxXHukM4.jpg,
LcqBULBQ-Ho,E:\Data\ObsidianVault\02_Channels\馴れ初めシネマ\競合チャンネル分析\企画リサーチ_20260605\gcs_upload_staging\naresome_thumbnails\LcqBULBQ-Ho.jpg,240404,gs://senior-share-staging-570862915709/naresome_thumbnails/LcqBULBQ-Ho.jpg,
Lcz_JZpo5LA,E:\Data\ObsidianVault\02_Channels\馴れ初めシネマ\競合チャンネル分析\企画リサーチ_20260605\gcs_upload_staging\naresome_thumbnails\Lcz_JZpo5LA.jpg,276322,gs://senior-share-staging-570862915709/naresome_thumbnails/Lcz_JZpo5LA.jpg,
LduIpZp-6Pg,E:\Data\ObsidianVault\02_Channels\馴れ初めシネマ\競合チャンネル分析\企画リサーチ_20260605\gcs_upload_staging\naresome_thumbnails\LduIpZp-6Pg.jpg,252682,gs://senior-share-staging-570862915709/naresome_thumbnails/LduIpZp-6Pg.jpg,
LfXoubSkYMw,E:\Data\ObsidianVault\02_Channels\馴れ初めシネマ\競合チャンネル分析\企画リサーチ_20260605\gcs_upload_staging\naresome_thumbnails\LfXoubSkYMw.jpg,279896,gs://senior-share-staging-570862915709/naresome_thumbnails/LfXoubSkYMw.jpg,
LgO8kjkXlvY,E:\Data\ObsidianVault\02_Channels\馴れ初めシネマ\競合チャンネル分析\企画リサーチ_20260605\gcs_upload_staging\naresome_thumbnails\LgO8kjkXlvY.jpg,245993,gs://senior-share-staging-570862915709/naresome_thumbnails/LgO8kjkXlvY.jpg,
Li2NMmjpiYU,E:\Data\ObsidianVault\02_Channels\馴れ初めシネマ\競合チャンネル分析\企画リサーチ_20260605\gcs_upload_staging\naresome_thumbnails\Li2NMmjpiYU.jpg,267756,gs://senior-share-staging-570862915709/naresome_thumbnails/Li2NMmjpiYU.jpg,
LihzQXhRQtY,E:\Data\ObsidianVault\02_Channels\馴れ初めシネマ\競合チャンネル分析\企画リサーチ_20260605\gcs_upload_staging\naresome_thumbnails\LihzQXhRQtY.jpg,274882,gs://senior-share-staging-570862915709/naresome_thumbnails/LihzQXhRQtY.jpg,
LjHRZhVbDwE,E:\Data\ObsidianVault\02_Channels\馴れ初めシネマ\競合チャンネル分析\企画リサーチ_20260605\gcs_upload_staging\naresome_thumbnails\LjHRZhVbDwE.jpg,257340,gs://senior-share-staging-570862915709/naresome_thumbnails/LjHRZhVbDwE.jpg,
LoQpth2YDpg,E:\Data\ObsidianVault\02_Channels\馴れ初めシネマ\競合チャンネル分析\企画リサーチ_20260605\gcs_upload_staging\naresome_thumbnails\LoQpth2YDpg.jpg,267162,gs://senior-share-staging-570862915709/naresome_thumbnails/LoQpth2YDpg.jpg,
LouIuw1mdLw,E:\Data\ObsidianVault\02_Channels\馴れ初めシネマ\競合チャンネル分析\企画リサーチ_20260605\gcs_upload_staging\naresome_thumbnails\LouIuw1mdLw.jpg,264624,gs://senior-share-staging-570862915709/naresome_thumbnails/LouIuw1mdLw.jpg,
LxHUkN-kqcc,E:\Data\ObsidianVault\02_Channels\馴れ初めシネマ\競合チャンネル分析\企画リサーチ_20260605\gcs_upload_staging\naresome_thumbnails\LxHUkN-kqcc.jpg,247093,gs://senior-share-staging-570862915709/naresome_thumbnails/LxHUkN-kqcc.jpg,
LzRgJ9Qj99g,E:\Data\ObsidianVault\02_Channels\馴れ初めシネマ\競合チャンネル分析\企画リサーチ_20260605\gcs_upload_staging\naresome_thumbnails\LzRgJ9Qj99g.jpg,260752,gs://senior-share-staging-570862915709/naresome_thumbnails/LzRgJ9Qj99g.jpg,
M-EdUue8gMk,E:\Data\ObsidianVault\02_Channels\馴れ初めシネマ\競合チャンネル分析\企画リサーチ_20260605\gcs_upload_staging\naresome_thumbnails\M-EdUue8gMk.jpg,259326,gs://senior-share-staging-570862915709/naresome_thumbnails/M-EdUue8gMk.jpg,
M02hQF6ud-I,E:\Data\ObsidianVault\02_Channels\馴れ初めシネマ\競合チャンネル分析\企画リサーチ_20260605\gcs_upload_staging\naresome_thumbnails\M02hQF6ud-I.jpg,252699,gs://senior-share-staging-570862915709/naresome_thumbnails/M02hQF6ud-I.jpg,
M0EJnQQcAns,E:\Data\ObsidianVault\02_Channels\馴れ初めシネマ\競合チャンネル分析\企画リサーチ_20260605\gcs_upload_staging\naresome_thumbnails\M0EJnQQcAns.jpg,238369,gs://senior-share-staging-570862915709/naresome_thumbnails/M0EJnQQcAns.jpg,
M4fi83YlDa4,E:\Data\ObsidianVault\02_Channels\馴れ初めシネマ\競合チャンネル分析\企画リサーチ_20260605\gcs_upload_staging\naresome_thumbnails\M4fi83YlDa4.jpg,264881,gs://senior-share-staging-570862915709/naresome_thumbnails/M4fi83YlDa4.jpg,
M7voEq3RGMA,E:\Data\ObsidianVault\02_Channels\馴れ初めシネマ\競合チャンネル分析\企画リサーチ_20260605\gcs_upload_staging\naresome_thumbnails\M7voEq3RGMA.jpg,281152,gs://senior-share-staging-570862915709/naresome_thumbnails/M7voEq3RGMA.jpg,
M8er68whDpc,E:\Data\ObsidianVault\02_Channels\馴れ初めシネマ\競合チャンネル分析\企画リサーチ_20260605\gcs_upload_staging\naresome_thumbnails\M8er68whDpc.jpg,246973,gs://senior-share-staging-570862915709/naresome_thumbnails/M8er68whDpc.jpg,
M9Q0yJXfyzs,E:\Data\ObsidianVault\02_Channels\馴れ初めシネマ\競合チャンネル分析\企画リサーチ_20260605\gcs_upload_staging\naresome_thumbnails\M9Q0yJXfyzs.jpg,245596,gs://senior-share-staging-570862915709/naresome_thumbnails/M9Q0yJXfyzs.jpg,
MAKOBE5suMk,E:\Data\ObsidianVault\02_Channels\馴れ初めシネマ\競合チャンネル分析\企画リサーチ_20260605\gcs_upload_staging\naresome_thumbnails\MAKOBE5suMk.jpg,263810,gs://senior-share-staging-570862915709/naresome_thumbnails/MAKOBE5suMk.jpg,
MAZKyB8dp40,E:\Data\ObsidianVault\02_Channels\馴れ初めシネマ\競合チャンネル分析\企画リサーチ_20260605\gcs_upload_staging\naresome_thumbnails\MAZKyB8dp40.jpg,272897,gs://senior-share-staging-570862915709/naresome_thumbnails/MAZKyB8dp40.jpg,
MAwEBWPEMoc,E:\Data\ObsidianVault\02_Channels\馴れ初めシネマ\競合チャンネル分析\企画リサーチ_20260605\gcs_upload_staging\naresome_thumbnails\MAwEBWPEMoc.jpg,253567,gs://senior-share-staging-570862915709/naresome_thumbnails/MAwEBWPEMoc.jpg,
MC9dsyJvvgA,E:\Data\ObsidianVault\02_Channels\馴れ初めシネマ\競合チャンネル分析\企画リサーチ_20260605\gcs_upload_staging\naresome_thumbnails\MC9dsyJvvgA.jpg,265649,gs://senior-share-staging-570862915709/naresome_thumbnails/MC9dsyJvvgA.jpg,
MDHk3STSUSE,E:\Data\ObsidianVault\02_Channels\馴れ初めシネマ\競合チャンネル分析\企画リサーチ_20260605\gcs_upload_staging\naresome_thumbnails\MDHk3STSUSE.jpg,295339,gs://senior-share-staging-570862915709/naresome_thumbnails/MDHk3STSUSE.jpg,
MEPeflv9uNk,E:\Data\ObsidianVault\02_Channels\馴れ初めシネマ\競合チャンネル分析\企画リサーチ_20260605\gcs_upload_staging\naresome_thumbnails\MEPeflv9uNk.jpg,259949,gs://senior-share-staging-570862915709/naresome_thumbnails/MEPeflv9uNk.jpg,
MFGDQDZRagI,E:\Data\ObsidianVault\02_Channels\馴れ初めシネマ\競合チャンネル分析\企画リサーチ_20260605\gcs_upload_staging\naresome_thumbnails\MFGDQDZRagI.jpg,258541,gs://senior-share-staging-570862915709/naresome_thumbnails/MFGDQDZRagI.jpg,
MGQYnnxNkNg,E:\Data\ObsidianVault\02_Channels\馴れ初めシネマ\競合チャンネル分析\企画リサーチ_20260605\gcs_upload_staging\naresome_thumbnails\MGQYnnxNkNg.jpg,241229,gs://senior-share-staging-570862915709/naresome_thumbnails/MGQYnnxNkNg.jpg,
MGa7QCB89T4,E:\Data\ObsidianVault\02_Channels\馴れ初めシネマ\競合チャンネル分析\企画リサーチ_20260605\gcs_upload_staging\naresome_thumbnails\MGa7QCB89T4.jpg,230580,gs://senior-share-staging-570862915709/naresome_thumbnails/MGa7QCB89T4.jpg,
MHP3g9tiQ9k,E:\Data\ObsidianVault\02_Channels\馴れ初めシネマ\競合チャンネル分析\企画リサーチ_20260605\gcs_upload_staging\naresome_thumbnails\MHP3g9tiQ9k.jpg,285255,gs://senior-share-staging-570862915709/naresome_thumbnails/MHP3g9tiQ9k.jpg,
MHbGcWZHvLg,E:\Data\ObsidianVault\02_Channels\馴れ初めシネマ\競合チャンネル分析\企画リサーチ_20260605\gcs_upload_staging\naresome_thumbnails\MHbGcWZHvLg.jpg,247927,gs://senior-share-staging-570862915709/naresome_thumbnails/MHbGcWZHvLg.jpg,
MHmEOT54WcI,E:\Data\ObsidianVault\02_Channels\馴れ初めシネマ\競合チャンネル分析\企画リサーチ_20260605\gcs_upload_staging\naresome_thumbnails\MHmEOT54WcI.jpg,271875,gs://senior-share-staging-570862915709/naresome_thumbnails/MHmEOT54WcI.jpg,
MINXls4L3u4,E:\Data\ObsidianVault\02_Channels\馴れ初めシネマ\競合チャンネル分析\企画リサーチ_20260605\gcs_upload_staging\naresome_thumbnails\MINXls4L3u4.jpg,272487,gs://senior-share-staging-570862915709/naresome_thumbnails/MINXls4L3u4.jpg,
MMJepw0Eeoo,E:\Data\ObsidianVault\02_Channels\馴れ初めシネマ\競合チャンネル分析\企画リサーチ_20260605\gcs_upload_staging\naresome_thumbnails\MMJepw0Eeoo.jpg,236554,gs://senior-share-staging-570862915709/naresome_thumbnails/MMJepw0Eeoo.jpg,
MMX8WjTM1j4,E:\Data\ObsidianVault\02_Channels\馴れ初めシネマ\競合チャンネル分析\企画リサーチ_20260605\gcs_upload_staging\naresome_thumbnails\MMX8WjTM1j4.jpg,259068,gs://senior-share-staging-570862915709/naresome_thumbnails/MMX8WjTM1j4.jpg,
MNIw0D62Oak,E:\Data\ObsidianVault\02_Channels\馴れ初めシネマ\競合チャンネル分析\企画リサーチ_20260605\gcs_upload_staging\naresome_thumbnails\MNIw0D62Oak.jpg,256032,gs://senior-share-staging-570862915709/naresome_thumbnails/MNIw0D62Oak.jpg,
MOBPOVIevZo,E:\Data\ObsidianVault\02_Channels\馴れ初めシネマ\競合チャンネル分析\企画リサーチ_20260605\gcs_upload_staging\naresome_thumbnails\MOBPOVIevZo.jpg,270355,gs://senior-share-staging-570862915709/naresome_thumbnails/MOBPOVIevZo.jpg,
MPzwEbaKogw,E:\Data\ObsidianVault\02_Channels\馴れ初めシネマ\競合チャンネル分析\企画リサーチ_20260605\gcs_upload_staging\naresome_thumbnails\MPzwEbaKogw.jpg,265476,gs://senior-share-staging-570862915709/naresome_thumbnails/MPzwEbaKogw.jpg,
MRM9PPBhQAw,E:\Data\ObsidianVault\02_Channels\馴れ初めシネマ\競合チャンネル分析\企画リサーチ_20260605\gcs_upload_staging\naresome_thumbnails\MRM9PPBhQAw.jpg,236677,gs://senior-share-staging-570862915709/naresome_thumbnails/MRM9PPBhQAw.jpg,
MShg27EyEBg,E:\Data\ObsidianVault\02_Channels\馴れ初めシネマ\競合チャンネル分析\企画リサーチ_20260605\gcs_upload_staging\naresome_thumbnails\MShg27EyEBg.jpg,255880,gs://senior-share-staging-570862915709/naresome_thumbnails/MShg27EyEBg.jpg,
MTCLfUu2mVA,E:\Data\ObsidianVault\02_Channels\馴れ初めシネマ\競合チャンネル分析\企画リサーチ_20260605\gcs_upload_staging\naresome_thumbnails\MTCLfUu2mVA.jpg,252951,gs://senior-share-staging-570862915709/naresome_thumbnails/MTCLfUu2mVA.jpg,
MU1J1XTuqc4,E:\Data\ObsidianVault\02_Channels\馴れ初めシネマ\競合チャンネル分析\企画リサーチ_20260605\gcs_upload_staging\naresome_thumbnails\MU1J1XTuqc4.jpg,276249,gs://senior-share-staging-570862915709/naresome_thumbnails/MU1J1XTuqc4.jpg,
MVeyowCCAgk,E:\Data\ObsidianVault\02_Channels\馴れ初めシネマ\競合チャンネル分析\企画リサーチ_20260605\gcs_upload_staging\naresome_thumbnails\MVeyowCCAgk.jpg,255634,gs://senior-share-staging-570862915709/naresome_thumbnails/MVeyowCCAgk.jpg,
MXZXPXPr7pA,E:\Data\ObsidianVault\02_Channels\馴れ初めシネマ\競合チャンネル分析\企画リサーチ_20260605\gcs_upload_staging\naresome_thumbnails\MXZXPXPr7pA.jpg,282139,gs://senior-share-staging-570862915709/naresome_thumbnails/MXZXPXPr7pA.jpg,
MZv9AJy6jn4,E:\Data\ObsidianVault\02_Channels\馴れ初めシネマ\競合チャンネル分析\企画リサーチ_20260605\gcs_upload_staging\naresome_thumbnails\MZv9AJy6jn4.jpg,261124,gs://senior-share-staging-570862915709/naresome_thumbnails/MZv9AJy6jn4.jpg,
Mb08cPp0068,E:\Data\ObsidianVault\02_Channels\馴れ初めシネマ\競合チャンネル分析\企画リサーチ_20260605\gcs_upload_staging\naresome_thumbnails\Mb08cPp0068.jpg,245635,gs://senior-share-staging-570862915709/naresome_thumbnails/Mb08cPp0068.jpg,
MbpZjiBDNOE,E:\Data\ObsidianVault\02_Channels\馴れ初めシネマ\競合チャンネル分析\企画リサーチ_20260605\gcs_upload_staging\naresome_thumbnails\MbpZjiBDNOE.jpg,229687,gs://senior-share-staging-570862915709/naresome_thumbnails/MbpZjiBDNOE.jpg,
McnVJ1dsMS4,E:\Data\ObsidianVault\02_Channels\馴れ初めシネマ\競合チャンネル分析\企画リサーチ_20260605\gcs_upload_staging\naresome_thumbnails\McnVJ1dsMS4.jpg,236156,gs://senior-share-staging-570862915709/naresome_thumbnails/McnVJ1dsMS4.jpg,
Mdh11hoiYwI,E:\Data\ObsidianVault\02_Channels\馴れ初めシネマ\競合チャンネル分析\企画リサーチ_20260605\gcs_upload_staging\naresome_thumbnails\Mdh11hoiYwI.jpg,258484,gs://senior-share-staging-570862915709/naresome_thumbnails/Mdh11hoiYwI.jpg,
MdwdMUGNNSY,E:\Data\ObsidianVault\02_Channels\馴れ初めシネマ\競合チャンネル分析\企画リサーチ_20260605\gcs_upload_staging\naresome_thumbnails\MdwdMUGNNSY.jpg,257102,gs://senior-share-staging-570862915709/naresome_thumbnails/MdwdMUGNNSY.jpg,
Mf3sAELOLY0,E:\Data\ObsidianVault\02_Channels\馴れ初めシネマ\競合チャンネル分析\企画リサーチ_20260605\gcs_upload_staging\naresome_thumbnails\Mf3sAELOLY0.jpg,251813,gs://senior-share-staging-570862915709/naresome_thumbnails/Mf3sAELOLY0.jpg,
Mi7f7Kx5TqQ,E:\Data\ObsidianVault\02_Channels\馴れ初めシネマ\競合チャンネル分析\企画リサーチ_20260605\gcs_upload_staging\naresome_thumbnails\Mi7f7Kx5TqQ.jpg,281666,gs://senior-share-staging-570862915709/naresome_thumbnails/Mi7f7Kx5TqQ.jpg,
MjH9eek3nu0,E:\Data\ObsidianVault\02_Channels\馴れ初めシネマ\競合チャンネル分析\企画リサーチ_20260605\gcs_upload_staging\naresome_thumbnails\MjH9eek3nu0.jpg,256382,gs://senior-share-staging-570862915709/naresome_thumbnails/MjH9eek3nu0.jpg,
Mjw-z8PZfhM,E:\Data\ObsidianVault\02_Channels\馴れ初めシネマ\競合チャンネル分析\企画リサーチ_20260605\gcs_upload_staging\naresome_thumbnails\Mjw-z8PZfhM.jpg,244508,gs://senior-share-staging-570862915709/naresome_thumbnails/Mjw-z8PZfhM.jpg,
MjwhbgWQOJU,E:\Data\ObsidianVault\02_Channels\馴れ初めシネマ\競合チャンネル分析\企画リサーチ_20260605\gcs_upload_staging\naresome_thumbnails\MjwhbgWQOJU.jpg,329330,gs://senior-share-staging-570862915709/naresome_thumbnails/MjwhbgWQOJU.jpg,
Ml62vUkcaDg,E:\Data\ObsidianVault\02_Channels\馴れ初めシネマ\競合チャンネル分析\企画リサーチ_20260605\gcs_upload_staging\naresome_thumbnails\Ml62vUkcaDg.jpg,240039,gs://senior-share-staging-570862915709/naresome_thumbnails/Ml62vUkcaDg.jpg,
MliVY6Us8WE,E:\Data\ObsidianVault\02_Channels\馴れ初めシネマ\競合チャンネル分析\企画リサーチ_20260605\gcs_upload_staging\naresome_thumbnails\MliVY6Us8WE.jpg,272169,gs://senior-share-staging-570862915709/naresome_thumbnails/MliVY6Us8WE.jpg,
MmEZpBgJY5w,E:\Data\ObsidianVault\02_Channels\馴れ初めシネマ\競合チャンネル分析\企画リサーチ_20260605\gcs_upload_staging\naresome_thumbnails\MmEZpBgJY5w.jpg,236089,gs://senior-share-staging-570862915709/naresome_thumbnails/MmEZpBgJY5w.jpg,
MmY1TZaAq8I,E:\Data\ObsidianVault\02_Channels\馴れ初めシネマ\競合チャンネル分析\企画リサーチ_20260605\gcs_upload_staging\naresome_thumbnails\MmY1TZaAq8I.jpg,269847,gs://senior-share-staging-570862915709/naresome_thumbnails/MmY1TZaAq8I.jpg,
MpwaHnov1r4,E:\Data\ObsidianVault\02_Channels\馴れ初めシネマ\競合チャンネル分析\企画リサーチ_20260605\gcs_upload_staging\naresome_thumbnails\MpwaHnov1r4.jpg,245119,gs://senior-share-staging-570862915709/naresome_thumbnails/MpwaHnov1r4.jpg,
Mq3C5zxIbOA,E:\Data\ObsidianVault\02_Channels\馴れ初めシネマ\競合チャンネル分析\企画リサーチ_20260605\gcs_upload_staging\naresome_thumbnails\Mq3C5zxIbOA.jpg,260725,gs://senior-share-staging-570862915709/naresome_thumbnails/Mq3C5zxIbOA.jpg,
Mq_R5d18x_w,E:\Data\ObsidianVault\02_Channels\馴れ初めシネマ\競合チャンネル分析\企画リサーチ_20260605\gcs_upload_staging\naresome_thumbnails\Mq_R5d18x_w.jpg,254603,gs://senior-share-staging-570862915709/naresome_thumbnails/Mq_R5d18x_w.jpg,
MqxpllY19M0,E:\Data\ObsidianVault\02_Channels\馴れ初めシネマ\競合チャンネル分析\企画リサーチ_20260605\gcs_upload_staging\naresome_thumbnails\MqxpllY19M0.jpg,265101,gs://senior-share-staging-570862915709/naresome_thumbnails/MqxpllY19M0.jpg,
MrJyiZYqncc,E:\Data\ObsidianVault\02_Channels\馴れ初めシネマ\競合チャンネル分析\企画リサーチ_20260605\gcs_upload_staging\naresome_thumbnails\MrJyiZYqncc.jpg,270997,gs://senior-share-staging-570862915709/naresome_thumbnails/MrJyiZYqncc.jpg,
MsBm8dFH0oQ,E:\Data\ObsidianVault\02_Channels\馴れ初めシネマ\競合チャンネル分析\企画リサーチ_20260605\gcs_upload_staging\naresome_thumbnails\MsBm8dFH0oQ.jpg,250552,gs://senior-share-staging-570862915709/naresome_thumbnails/MsBm8dFH0oQ.jpg,
Mu5TNckJwwI,E:\Data\ObsidianVault\02_Channels\馴れ初めシネマ\競合チャンネル分析\企画リサーチ_20260605\gcs_upload_staging\naresome_thumbnails\Mu5TNckJwwI.jpg,253660,gs://senior-share-staging-570862915709/naresome_thumbnails/Mu5TNckJwwI.jpg,
MuPaw5X8BW4,E:\Data\ObsidianVault\02_Channels\馴れ初めシネマ\競合チャンネル分析\企画リサーチ_20260605\gcs_upload_staging\naresome_thumbnails\MuPaw5X8BW4.jpg,256292,gs://senior-share-staging-570862915709/naresome_thumbnails/MuPaw5X8BW4.jpg,
MxANAxbF0Bo,E:\Data\ObsidianVault\02_Channels\馴れ初めシネマ\競合チャンネル分析\企画リサーチ_20260605\gcs_upload_staging\naresome_thumbnails\MxANAxbF0Bo.jpg,245920,gs://senior-share-staging-570862915709/naresome_thumbnails/MxANAxbF0Bo.jpg,
MySuN9hs05U,E:\Data\ObsidianVault\02_Channels\馴れ初めシネマ\競合チャンネル分析\企画リサーチ_20260605\gcs_upload_staging\naresome_thumbnails\MySuN9hs05U.jpg,58850,gs://senior-share-staging-570862915709/naresome_thumbnails/MySuN9hs05U.jpg,
N-QZF7F1nJk,E:\Data\ObsidianVault\02_Channels\馴れ初めシネマ\競合チャンネル分析\企画リサーチ_20260605\gcs_upload_staging\naresome_thumbnails\N-QZF7F1nJk.jpg,276791,gs://senior-share-staging-570862915709/naresome_thumbnails/N-QZF7F1nJk.jpg,
N3tWeWwPxIo,E:\Data\ObsidianVault\02_Channels\馴れ初めシネマ\競合チャンネル分析\企画リサーチ_20260605\gcs_upload_staging\naresome_thumbnails\N3tWeWwPxIo.jpg,228103,gs://senior-share-staging-570862915709/naresome_thumbnails/N3tWeWwPxIo.jpg,
N5LonrbTgx8,E:\Data\ObsidianVault\02_Channels\馴れ初めシネマ\競合チャンネル分析\企画リサーチ_20260605\gcs_upload_staging\naresome_thumbnails\N5LonrbTgx8.jpg,243247,gs://senior-share-staging-570862915709/naresome_thumbnails/N5LonrbTgx8.jpg,
N7d08ZfLY4k,E:\Data\ObsidianVault\02_Channels\馴れ初めシネマ\競合チャンネル分析\企画リサーチ_20260605\gcs_upload_staging\naresome_thumbnails\N7d08ZfLY4k.jpg,255499,gs://senior-share-staging-570862915709/naresome_thumbnails/N7d08ZfLY4k.jpg,
NAG7h6RRYvw,E:\Data\ObsidianVault\02_Channels\馴れ初めシネマ\競合チャンネル分析\企画リサーチ_20260605\gcs_upload_staging\naresome_thumbnails\NAG7h6RRYvw.jpg,254989,gs://senior-share-staging-570862915709/naresome_thumbnails/NAG7h6RRYvw.jpg,
NBEdlGiTlU4,E:\Data\ObsidianVault\02_Channels\馴れ初めシネマ\競合チャンネル分析\企画リサーチ_20260605\gcs_upload_staging\naresome_thumbnails\NBEdlGiTlU4.jpg,252756,gs://senior-share-staging-570862915709/naresome_thumbnails/NBEdlGiTlU4.jpg,
NBIIOmDbRxA,E:\Data\ObsidianVault\02_Channels\馴れ初めシネマ\競合チャンネル分析\企画リサーチ_20260605\gcs_upload_staging\naresome_thumbnails\NBIIOmDbRxA.jpg,283591,gs://senior-share-staging-570862915709/naresome_thumbnails/NBIIOmDbRxA.jpg,
NBfdwlIela8,E:\Data\ObsidianVault\02_Channels\馴れ初めシネマ\競合チャンネル分析\企画リサーチ_20260605\gcs_upload_staging\naresome_thumbnails\NBfdwlIela8.jpg,278378,gs://senior-share-staging-570862915709/naresome_thumbnails/NBfdwlIela8.jpg,
NBrnGH7jZ3s,E:\Data\ObsidianVault\02_Channels\馴れ初めシネマ\競合チャンネル分析\企画リサーチ_20260605\gcs_upload_staging\naresome_thumbnails\NBrnGH7jZ3s.jpg,276837,gs://senior-share-staging-570862915709/naresome_thumbnails/NBrnGH7jZ3s.jpg,
NFMAmTMaE0Y,E:\Data\ObsidianVault\02_Channels\馴れ初めシネマ\競合チャンネル分析\企画リサーチ_20260605\gcs_upload_staging\naresome_thumbnails\NFMAmTMaE0Y.jpg,269151,gs://senior-share-staging-570862915709/naresome_thumbnails/NFMAmTMaE0Y.jpg,
NGmfo-P6ISc,E:\Data\ObsidianVault\02_Channels\馴れ初めシネマ\競合チャンネル分析\企画リサーチ_20260605\gcs_upload_staging\naresome_thumbnails\NGmfo-P6ISc.jpg,254554,gs://senior-share-staging-570862915709/naresome_thumbnails/NGmfo-P6ISc.jpg,
NHw8wno5uFs,E:\Data\ObsidianVault\02_Channels\馴れ初めシネマ\競合チャンネル分析\企画リサーチ_20260605\gcs_upload_staging\naresome_thumbnails\NHw8wno5uFs.jpg,271250,gs://senior-share-staging-570862915709/naresome_thumbnails/NHw8wno5uFs.jpg,
NHwLUEKQFlE,E:\Data\ObsidianVault\02_Channels\馴れ初めシネマ\競合チャンネル分析\企画リサーチ_20260605\gcs_upload_staging\naresome_thumbnails\NHwLUEKQFlE.jpg,246925,gs://senior-share-staging-570862915709/naresome_thumbnails/NHwLUEKQFlE.jpg,
NIE2Gq33FP0,E:\Data\ObsidianVault\02_Channels\馴れ初めシネマ\競合チャンネル分析\企画リサーチ_20260605\gcs_upload_staging\naresome_thumbnails\NIE2Gq33FP0.jpg,201621,gs://senior-share-staging-570862915709/naresome_thumbnails/NIE2Gq33FP0.jpg,
NIJO4O0oKAc,E:\Data\ObsidianVault\02_Channels\馴れ初めシネマ\競合チャンネル分析\企画リサーチ_20260605\gcs_upload_staging\naresome_thumbnails\NIJO4O0oKAc.jpg,246734,gs://senior-share-staging-570862915709/naresome_thumbnails/NIJO4O0oKAc.jpg,
NIaXDtTduXU,E:\Data\ObsidianVault\02_Channels\馴れ初めシネマ\競合チャンネル分析\企画リサーチ_20260605\gcs_upload_staging\naresome_thumbnails\NIaXDtTduXU.jpg,244082,gs://senior-share-staging-570862915709/naresome_thumbnails/NIaXDtTduXU.jpg,
NIzJrfryvCo,E:\Data\ObsidianVault\02_Channels\馴れ初めシネマ\競合チャンネル分析\企画リサーチ_20260605\gcs_upload_staging\naresome_thumbnails\NIzJrfryvCo.jpg,308046,gs://senior-share-staging-570862915709/naresome_thumbnails/NIzJrfryvCo.jpg,
NK4YKg91O9M,E:\Data\ObsidianVault\02_Channels\馴れ初めシネマ\競合チャンネル分析\企画リサーチ_20260605\gcs_upload_staging\naresome_thumbnails\NK4YKg91O9M.jpg,276034,gs://senior-share-staging-570862915709/naresome_thumbnails/NK4YKg91O9M.jpg,
NKQFErzPROU,E:\Data\ObsidianVault\02_Channels\馴れ初めシネマ\競合チャンネル分析\企画リサーチ_20260605\gcs_upload_staging\naresome_thumbnails\NKQFErzPROU.jpg,247759,gs://senior-share-staging-570862915709/naresome_thumbnails/NKQFErzPROU.jpg,
NNHJy9_UTC8,E:\Data\ObsidianVault\02_Channels\馴れ初めシネマ\競合チャンネル分析\企画リサーチ_20260605\gcs_upload_staging\naresome_thumbnails\NNHJy9_UTC8.jpg,238393,gs://senior-share-staging-570862915709/naresome_thumbnails/NNHJy9_UTC8.jpg,
NPbdAAfvDuM,E:\Data\ObsidianVault\02_Channels\馴れ初めシネマ\競合チャンネル分析\企画リサーチ_20260605\gcs_upload_staging\naresome_thumbnails\NPbdAAfvDuM.jpg,260172,gs://senior-share-staging-570862915709/naresome_thumbnails/NPbdAAfvDuM.jpg,
NRm1VovlWAA,E:\Data\ObsidianVault\02_Channels\馴れ初めシネマ\競合チャンネル分析\企画リサーチ_20260605\gcs_upload_staging\naresome_thumbnails\NRm1VovlWAA.jpg,241221,gs://senior-share-staging-570862915709/naresome_thumbnails/NRm1VovlWAA.jpg,
NTf-GGD_q7U,E:\Data\ObsidianVault\02_Channels\馴れ初めシネマ\競合チャンネル分析\企画リサーチ_20260605\gcs_upload_staging\naresome_thumbnails\NTf-GGD_q7U.jpg,257607,gs://senior-share-staging-570862915709/naresome_thumbnails/NTf-GGD_q7U.jpg,
NUFkze6_AFI,E:\Data\ObsidianVault\02_Channels\馴れ初めシネマ\競合チャンネル分析\企画リサーチ_20260605\gcs_upload_staging\naresome_thumbnails\NUFkze6_AFI.jpg,241568,gs://senior-share-staging-570862915709/naresome_thumbnails/NUFkze6_AFI.jpg,
NUiDaZzsWyA,E:\Data\ObsidianVault\02_Channels\馴れ初めシネマ\競合チャンネル分析\企画リサーチ_20260605\gcs_upload_staging\naresome_thumbnails\NUiDaZzsWyA.jpg,218608,gs://senior-share-staging-570862915709/naresome_thumbnails/NUiDaZzsWyA.jpg,
NVllxyExmO0,E:\Data\ObsidianVault\02_Channels\馴れ初めシネマ\競合チャンネル分析\企画リサーチ_20260605\gcs_upload_staging\naresome_thumbnails\NVllxyExmO0.jpg,259766,gs://senior-share-staging-570862915709/naresome_thumbnails/NVllxyExmO0.jpg,
NVpn54aeylI,E:\Data\ObsidianVault\02_Channels\馴れ初めシネマ\競合チャンネル分析\企画リサーチ_20260605\gcs_upload_staging\naresome_thumbnails\NVpn54aeylI.jpg,240354,gs://senior-share-staging-570862915709/naresome_thumbnails/NVpn54aeylI.jpg,
NWI6hPhg6S0,E:\Data\ObsidianVault\02_Channels\馴れ初めシネマ\競合チャンネル分析\企画リサーチ_20260605\gcs_upload_staging\naresome_thumbnails\NWI6hPhg6S0.jpg,242858,gs://senior-share-staging-570862915709/naresome_thumbnails/NWI6hPhg6S0.jpg,
NXmneaKfOxw,E:\Data\ObsidianVault\02_Channels\馴れ初めシネマ\競合チャンネル分析\企画リサーチ_20260605\gcs_upload_staging\naresome_thumbnails\NXmneaKfOxw.jpg,286228,gs://senior-share-staging-570862915709/naresome_thumbnails/NXmneaKfOxw.jpg,
NXsLJncAzcs,E:\Data\ObsidianVault\02_Channels\馴れ初めシネマ\競合チャンネル分析\企画リサーチ_20260605\gcs_upload_staging\naresome_thumbnails\NXsLJncAzcs.jpg,252941,gs://senior-share-staging-570862915709/naresome_thumbnails/NXsLJncAzcs.jpg,
NYxJ1gMhIbM,E:\Data\ObsidianVault\02_Channels\馴れ初めシネマ\競合チャンネル分析\企画リサーチ_20260605\gcs_upload_staging\naresome_thumbnails\NYxJ1gMhIbM.jpg,273192,gs://senior-share-staging-570862915709/naresome_thumbnails/NYxJ1gMhIbM.jpg,
NZrCApgOABE,E:\Data\ObsidianVault\02_Channels\馴れ初めシネマ\競合チャンネル分析\企画リサーチ_20260605\gcs_upload_staging\naresome_thumbnails\NZrCApgOABE.jpg,235666,gs://senior-share-staging-570862915709/naresome_thumbnails/NZrCApgOABE.jpg,
Na0c4R3-ZXo,E:\Data\ObsidianVault\02_Channels\馴れ初めシネマ\競合チャンネル分析\企画リサーチ_20260605\gcs_upload_staging\naresome_thumbnails\Na0c4R3-ZXo.jpg,284641,gs://senior-share-staging-570862915709/naresome_thumbnails/Na0c4R3-ZXo.jpg,
Nc2q8nLGEJw,E:\Data\ObsidianVault\02_Channels\馴れ初めシネマ\競合チャンネル分析\企画リサーチ_20260605\gcs_upload_staging\naresome_thumbnails\Nc2q8nLGEJw.jpg,237042,gs://senior-share-staging-570862915709/naresome_thumbnails/Nc2q8nLGEJw.jpg,
NdZuyRyV_pw,E:\Data\ObsidianVault\02_Channels\馴れ初めシネマ\競合チャンネル分析\企画リサーチ_20260605\gcs_upload_staging\naresome_thumbnails\NdZuyRyV_pw.jpg,248553,gs://senior-share-staging-570862915709/naresome_thumbnails/NdZuyRyV_pw.jpg,
NeX82glXgJI,E:\Data\ObsidianVault\02_Channels\馴れ初めシネマ\競合チャンネル分析\企画リサーチ_20260605\gcs_upload_staging\naresome_thumbnails\NeX82glXgJI.jpg,238764,gs://senior-share-staging-570862915709/naresome_thumbnails/NeX82glXgJI.jpg,
Nha0QK1tdKY,E:\Data\ObsidianVault\02_Channels\馴れ初めシネマ\競合チャンネル分析\企画リサーチ_20260605\gcs_upload_staging\naresome_thumbnails\Nha0QK1tdKY.jpg,262012,gs://senior-share-staging-570862915709/naresome_thumbnails/Nha0QK1tdKY.jpg,
NhsW95yy8B8,E:\Data\ObsidianVault\02_Channels\馴れ初めシネマ\競合チャンネル分析\企画リサーチ_20260605\gcs_upload_staging\naresome_thumbnails\NhsW95yy8B8.jpg,232871,gs://senior-share-staging-570862915709/naresome_thumbnails/NhsW95yy8B8.jpg,
NjnIV96W1Rw,E:\Data\ObsidianVault\02_Channels\馴れ初めシネマ\競合チャンネル分析\企画リサーチ_20260605\gcs_upload_staging\naresome_thumbnails\NjnIV96W1Rw.jpg,249215,gs://senior-share-staging-570862915709/naresome_thumbnails/NjnIV96W1Rw.jpg,
NktxN2a359w,E:\Data\ObsidianVault\02_Channels\馴れ初めシネマ\競合チャンネル分析\企画リサーチ_20260605\gcs_upload_staging\naresome_thumbnails\NktxN2a359w.jpg,262161,gs://senior-share-staging-570862915709/naresome_thumbnails/NktxN2a359w.jpg,
Nm1BYBG4ka0,E:\Data\ObsidianVault\02_Channels\馴れ初めシネマ\競合チャンネル分析\企画リサーチ_20260605\gcs_upload_staging\naresome_thumbnails\Nm1BYBG4ka0.jpg,257604,gs://senior-share-staging-570862915709/naresome_thumbnails/Nm1BYBG4ka0.jpg,
NmyafTZmbNM,E:\Data\ObsidianVault\02_Channels\馴れ初めシネマ\競合チャンネル分析\企画リサーチ_20260605\gcs_upload_staging\naresome_thumbnails\NmyafTZmbNM.jpg,251912,gs://senior-share-staging-570862915709/naresome_thumbnails/NmyafTZmbNM.jpg,
NpN-U03-TaU,E:\Data\ObsidianVault\02_Channels\馴れ初めシネマ\競合チャンネル分析\企画リサーチ_20260605\gcs_upload_staging\naresome_thumbnails\NpN-U03-TaU.jpg,249690,gs://senior-share-staging-570862915709/naresome_thumbnails/NpN-U03-TaU.jpg,
NtH5EuJazJQ,E:\Data\ObsidianVault\02_Channels\馴れ初めシネマ\競合チャンネル分析\企画リサーチ_20260605\gcs_upload_staging\naresome_thumbnails\NtH5EuJazJQ.jpg,260970,gs://senior-share-staging-570862915709/naresome_thumbnails/NtH5EuJazJQ.jpg,
NtYOV98pBOs,E:\Data\ObsidianVault\02_Channels\馴れ初めシネマ\競合チャンネル分析\企画リサーチ_20260605\gcs_upload_staging\naresome_thumbnails\NtYOV98pBOs.jpg,270434,gs://senior-share-staging-570862915709/naresome_thumbnails/NtYOV98pBOs.jpg,
NuiNNP5AARA,E:\Data\ObsidianVault\02_Channels\馴れ初めシネマ\競合チャンネル分析\企画リサーチ_20260605\gcs_upload_staging\naresome_thumbnails\NuiNNP5AARA.jpg,252226,gs://senior-share-staging-570862915709/naresome_thumbnails/NuiNNP5AARA.jpg,
NvVHz7g9aic,E:\Data\ObsidianVault\02_Channels\馴れ初めシネマ\競合チャンネル分析\企画リサーチ_20260605\gcs_upload_staging\naresome_thumbnails\NvVHz7g9aic.jpg,257777,gs://senior-share-staging-570862915709/naresome_thumbnails/NvVHz7g9aic.jpg,
NwV4JZ87P5M,E:\Data\ObsidianVault\02_Channels\馴れ初めシネマ\競合チャンネル分析\企画リサーチ_20260605\gcs_upload_staging\naresome_thumbnails\NwV4JZ87P5M.jpg,249997,gs://senior-share-staging-570862915709/naresome_thumbnails/NwV4JZ87P5M.jpg,
NxZTnUvvLU8,E:\Data\ObsidianVault\02_Channels\馴れ初めシネマ\競合チャンネル分析\企画リサーチ_20260605\gcs_upload_staging\naresome_thumbnails\NxZTnUvvLU8.jpg,266147,gs://senior-share-staging-570862915709/naresome_thumbnails/NxZTnUvvLU8.jpg,
O-Szyvoa6Dg,E:\Data\ObsidianVault\02_Channels\馴れ初めシネマ\競合チャンネル分析\企画リサーチ_20260605\gcs_upload_staging\naresome_thumbnails\O-Szyvoa6Dg.jpg,263988,gs://senior-share-staging-570862915709/naresome_thumbnails/O-Szyvoa6Dg.jpg,
O0NvFtCQpRE,E:\Data\ObsidianVault\02_Channels\馴れ初めシネマ\競合チャンネル分析\企画リサーチ_20260605\gcs_upload_staging\naresome_thumbnails\O0NvFtCQpRE.jpg,258580,gs://senior-share-staging-570862915709/naresome_thumbnails/O0NvFtCQpRE.jpg,
O0ZFMCVTzAw,E:\Data\ObsidianVault\02_Channels\馴れ初めシネマ\競合チャンネル分析\企画リサーチ_20260605\gcs_upload_staging\naresome_thumbnails\O0ZFMCVTzAw.jpg,247809,gs://senior-share-staging-570862915709/naresome_thumbnails/O0ZFMCVTzAw.jpg,
O0bmj9Qw4QA,E:\Data\ObsidianVault\02_Channels\馴れ初めシネマ\競合チャンネル分析\企画リサーチ_20260605\gcs_upload_staging\naresome_thumbnails\O0bmj9Qw4QA.jpg,242737,gs://senior-share-staging-570862915709/naresome_thumbnails/O0bmj9Qw4QA.jpg,
O0hQvAFQrbA,E:\Data\ObsidianVault\02_Channels\馴れ初めシネマ\競合チャンネル分析\企画リサーチ_20260605\gcs_upload_staging\naresome_thumbnails\O0hQvAFQrbA.jpg,257239,gs://senior-share-staging-570862915709/naresome_thumbnails/O0hQvAFQrbA.jpg,
O1QGRK6uUDw,E:\Data\ObsidianVault\02_Channels\馴れ初めシネマ\競合チャンネル分析\企画リサーチ_20260605\gcs_upload_staging\naresome_thumbnails\O1QGRK6uUDw.jpg,264400,gs://senior-share-staging-570862915709/naresome_thumbnails/O1QGRK6uUDw.jpg,
O1RcjA72EnI,E:\Data\ObsidianVault\02_Channels\馴れ初めシネマ\競合チャンネル分析\企画リサーチ_20260605\gcs_upload_staging\naresome_thumbnails\O1RcjA72EnI.jpg,267266,gs://senior-share-staging-570862915709/naresome_thumbnails/O1RcjA72EnI.jpg,
O1p7yxcuLM8,E:\Data\ObsidianVault\02_Channels\馴れ初めシネマ\競合チャンネル分析\企画リサーチ_20260605\gcs_upload_staging\naresome_thumbnails\O1p7yxcuLM8.jpg,243092,gs://senior-share-staging-570862915709/naresome_thumbnails/O1p7yxcuLM8.jpg,
O1yFxUQ7rMs,E:\Data\ObsidianVault\02_Channels\馴れ初めシネマ\競合チャンネル分析\企画リサーチ_20260605\gcs_upload_staging\naresome_thumbnails\O1yFxUQ7rMs.jpg,250516,gs://senior-share-staging-570862915709/naresome_thumbnails/O1yFxUQ7rMs.jpg,
O2BE7l37JN0,E:\Data\ObsidianVault\02_Channels\馴れ初めシネマ\競合チャンネル分析\企画リサーチ_20260605\gcs_upload_staging\naresome_thumbnails\O2BE7l37JN0.jpg,264648,gs://senior-share-staging-570862915709/naresome_thumbnails/O2BE7l37JN0.jpg,
O3zq7iL7Vgc,E:\Data\ObsidianVault\02_Channels\馴れ初めシネマ\競合チャンネル分析\企画リサーチ_20260605\gcs_upload_staging\naresome_thumbnails\O3zq7iL7Vgc.jpg,255423,gs://senior-share-staging-570862915709/naresome_thumbnails/O3zq7iL7Vgc.jpg,
O5jHSTg1WkE,E:\Data\ObsidianVault\02_Channels\馴れ初めシネマ\競合チャンネル分析\企画リサーチ_20260605\gcs_upload_staging\naresome_thumbnails\O5jHSTg1WkE.jpg,268454,gs://senior-share-staging-570862915709/naresome_thumbnails/O5jHSTg1WkE.jpg,
O5qeMNi8FBU,E:\Data\ObsidianVault\02_Channels\馴れ初めシネマ\競合チャンネル分析\企画リサーチ_20260605\gcs_upload_staging\naresome_thumbnails\O5qeMNi8FBU.jpg,254956,gs://senior-share-staging-570862915709/naresome_thumbnails/O5qeMNi8FBU.jpg,
O6dJ2NUYedk,E:\Data\ObsidianVault\02_Channels\馴れ初めシネマ\競合チャンネル分析\企画リサーチ_20260605\gcs_upload_staging\naresome_thumbnails\O6dJ2NUYedk.jpg,240866,gs://senior-share-staging-570862915709/naresome_thumbnails/O6dJ2NUYedk.jpg,
O72FidfhDnA,E:\Data\ObsidianVault\02_Channels\馴れ初めシネマ\競合チャンネル分析\企画リサーチ_20260605\gcs_upload_staging\naresome_thumbnails\O72FidfhDnA.jpg,269240,gs://senior-share-staging-570862915709/naresome_thumbnails/O72FidfhDnA.jpg,
O7Zjvzif-Sg,E:\Data\ObsidianVault\02_Channels\馴れ初めシネマ\競合チャンネル分析\企画リサーチ_20260605\gcs_upload_staging\naresome_thumbnails\O7Zjvzif-Sg.jpg,255477,gs://senior-share-staging-570862915709/naresome_thumbnails/O7Zjvzif-Sg.jpg,
OAvMbMAUPno,E:\Data\ObsidianVault\02_Channels\馴れ初めシネマ\競合チャンネル分析\企画リサーチ_20260605\gcs_upload_staging\naresome_thumbnails\OAvMbMAUPno.jpg,225081,gs://senior-share-staging-570862915709/naresome_thumbnails/OAvMbMAUPno.jpg,
OBVnK4M2veY,E:\Data\ObsidianVault\02_Channels\馴れ初めシネマ\競合チャンネル分析\企画リサーチ_20260605\gcs_upload_staging\naresome_thumbnails\OBVnK4M2veY.jpg,247932,gs://senior-share-staging-570862915709/naresome_thumbnails/OBVnK4M2veY.jpg,
OCdgRTNDb3s,E:\Data\ObsidianVault\02_Channels\馴れ初めシネマ\競合チャンネル分析\企画リサーチ_20260605\gcs_upload_staging\naresome_thumbnails\OCdgRTNDb3s.jpg,266641,gs://senior-share-staging-570862915709/naresome_thumbnails/OCdgRTNDb3s.jpg,
OCyEOx0lNc4,E:\Data\ObsidianVault\02_Channels\馴れ初めシネマ\競合チャンネル分析\企画リサーチ_20260605\gcs_upload_staging\naresome_thumbnails\OCyEOx0lNc4.jpg,258157,gs://senior-share-staging-570862915709/naresome_thumbnails/OCyEOx0lNc4.jpg,
OERgPwjzF3w,E:\Data\ObsidianVault\02_Channels\馴れ初めシネマ\競合チャンネル分析\企画リサーチ_20260605\gcs_upload_staging\naresome_thumbnails\OERgPwjzF3w.jpg,272851,gs://senior-share-staging-570862915709/naresome_thumbnails/OERgPwjzF3w.jpg,
OG6mYgc-RAM,E:\Data\ObsidianVault\02_Channels\馴れ初めシネマ\競合チャンネル分析\企画リサーチ_20260605\gcs_upload_staging\naresome_thumbnails\OG6mYgc-RAM.jpg,249012,gs://senior-share-staging-570862915709/naresome_thumbnails/OG6mYgc-RAM.jpg,
OJIJ27TlujA,E:\Data\ObsidianVault\02_Channels\馴れ初めシネマ\競合チャンネル分析\企画リサーチ_20260605\gcs_upload_staging\naresome_thumbnails\OJIJ27TlujA.jpg,266300,gs://senior-share-staging-570862915709/naresome_thumbnails/OJIJ27TlujA.jpg,
OJfVIp9AOY0,E:\Data\ObsidianVault\02_Channels\馴れ初めシネマ\競合チャンネル分析\企画リサーチ_20260605\gcs_upload_staging\naresome_thumbnails\OJfVIp9AOY0.jpg,234548,gs://senior-share-staging-570862915709/naresome_thumbnails/OJfVIp9AOY0.jpg,
OKow4fSTn5k,E:\Data\ObsidianVault\02_Channels\馴れ初めシネマ\競合チャンネル分析\企画リサーチ_20260605\gcs_upload_staging\naresome_thumbnails\OKow4fSTn5k.jpg,253565,gs://senior-share-staging-570862915709/naresome_thumbnails/OKow4fSTn5k.jpg,
OLRq1zE_kaM,E:\Data\ObsidianVault\02_Channels\馴れ初めシネマ\競合チャンネル分析\企画リサーチ_20260605\gcs_upload_staging\naresome_thumbnails\OLRq1zE_kaM.jpg,251835,gs://senior-share-staging-570862915709/naresome_thumbnails/OLRq1zE_kaM.jpg,
OLoZCNIlV6g,E:\Data\ObsidianVault\02_Channels\馴れ初めシネマ\競合チャンネル分析\企画リサーチ_20260605\gcs_upload_staging\naresome_thumbnails\OLoZCNIlV6g.jpg,228871,gs://senior-share-staging-570862915709/naresome_thumbnails/OLoZCNIlV6g.jpg,
OMO4ZGWLvp8,E:\Data\ObsidianVault\02_Channels\馴れ初めシネマ\競合チャンネル分析\企画リサーチ_20260605\gcs_upload_staging\naresome_thumbnails\OMO4ZGWLvp8.jpg,262867,gs://senior-share-staging-570862915709/naresome_thumbnails/OMO4ZGWLvp8.jpg,
OMRDl-7u1Ok,E:\Data\ObsidianVault\02_Channels\馴れ初めシネマ\競合チャンネル分析\企画リサーチ_20260605\gcs_upload_staging\naresome_thumbnails\OMRDl-7u1Ok.jpg,272987,gs://senior-share-staging-570862915709/naresome_thumbnails/OMRDl-7u1Ok.jpg,
OO0GUqqLUes,E:\Data\ObsidianVault\02_Channels\馴れ初めシネマ\競合チャンネル分析\企画リサーチ_20260605\gcs_upload_staging\naresome_thumbnails\OO0GUqqLUes.jpg,259170,gs://senior-share-staging-570862915709/naresome_thumbnails/OO0GUqqLUes.jpg,
OOXZnDXcgFM,E:\Data\ObsidianVault\02_Channels\馴れ初めシネマ\競合チャンネル分析\企画リサーチ_20260605\gcs_upload_staging\naresome_thumbnails\OOXZnDXcgFM.jpg,262042,gs://senior-share-staging-570862915709/naresome_thumbnails/OOXZnDXcgFM.jpg,
OTZVBZMBinU,E:\Data\ObsidianVault\02_Channels\馴れ初めシネマ\競合チャンネル分析\企画リサーチ_20260605\gcs_upload_staging\naresome_thumbnails\OTZVBZMBinU.jpg,261573,gs://senior-share-staging-570862915709/naresome_thumbnails/OTZVBZMBinU.jpg,
OUfQBrGQj8Q,E:\Data\ObsidianVault\02_Channels\馴れ初めシネマ\競合チャンネル分析\企画リサーチ_20260605\gcs_upload_staging\naresome_thumbnails\OUfQBrGQj8Q.jpg,242043,gs://senior-share-staging-570862915709/naresome_thumbnails/OUfQBrGQj8Q.jpg,
OUyHZg7GGoI,E:\Data\ObsidianVault\02_Channels\馴れ初めシネマ\競合チャンネル分析\企画リサーチ_20260605\gcs_upload_staging\naresome_thumbnails\OUyHZg7GGoI.jpg,285613,gs://senior-share-staging-570862915709/naresome_thumbnails/OUyHZg7GGoI.jpg,
OW-rhtbm8Ac,E:\Data\ObsidianVault\02_Channels\馴れ初めシネマ\競合チャンネル分析\企画リサーチ_20260605\gcs_upload_staging\naresome_thumbnails\OW-rhtbm8Ac.jpg,247918,gs://senior-share-staging-570862915709/naresome_thumbnails/OW-rhtbm8Ac.jpg,
OYhUfqEdRbw,E:\Data\ObsidianVault\02_Channels\馴れ初めシネマ\競合チャンネル分析\企画リサーチ_20260605\gcs_upload_staging\naresome_thumbnails\OYhUfqEdRbw.jpg,270625,gs://senior-share-staging-570862915709/naresome_thumbnails/OYhUfqEdRbw.jpg,
O_9FnQ1MJyE,E:\Data\ObsidianVault\02_Channels\馴れ初めシネマ\競合チャンネル分析\企画リサーチ_20260605\gcs_upload_staging\naresome_thumbnails\O_9FnQ1MJyE.jpg,257853,gs://senior-share-staging-570862915709/naresome_thumbnails/O_9FnQ1MJyE.jpg,
O_ygYyqLMVs,E:\Data\ObsidianVault\02_Channels\馴れ初めシネマ\競合チャンネル分析\企画リサーチ_20260605\gcs_upload_staging\naresome_thumbnails\O_ygYyqLMVs.jpg,268303,gs://senior-share-staging-570862915709/naresome_thumbnails/O_ygYyqLMVs.jpg,
Oafph06OXKQ,E:\Data\ObsidianVault\02_Channels\馴れ初めシネマ\競合チャンネル分析\企画リサーチ_20260605\gcs_upload_staging\naresome_thumbnails\Oafph06OXKQ.jpg,325605,gs://senior-share-staging-570862915709/naresome_thumbnails/Oafph06OXKQ.jpg,
OcR2_pE2PVk,E:\Data\ObsidianVault\02_Channels\馴れ初めシネマ\競合チャンネル分析\企画リサーチ_20260605\gcs_upload_staging\naresome_thumbnails\OcR2_pE2PVk.jpg,266699,gs://senior-share-staging-570862915709/naresome_thumbnails/OcR2_pE2PVk.jpg,
Odp516I67Cg,E:\Data\ObsidianVault\02_Channels\馴れ初めシネマ\競合チャンネル分析\企画リサーチ_20260605\gcs_upload_staging\naresome_thumbnails\Odp516I67Cg.jpg,269731,gs://senior-share-staging-570862915709/naresome_thumbnails/Odp516I67Cg.jpg,
OfhV-5gBctQ,E:\Data\ObsidianVault\02_Channels\馴れ初めシネマ\競合チャンネル分析\企画リサーチ_20260605\gcs_upload_staging\naresome_thumbnails\OfhV-5gBctQ.jpg,233013,gs://senior-share-staging-570862915709/naresome_thumbnails/OfhV-5gBctQ.jpg,
OgBn_3ztViY,E:\Data\ObsidianVault\02_Channels\馴れ初めシネマ\競合チャンネル分析\企画リサーチ_20260605\gcs_upload_staging\naresome_thumbnails\OgBn_3ztViY.jpg,220659,gs://senior-share-staging-570862915709/naresome_thumbnails/OgBn_3ztViY.jpg,
OhGVrvDBulM,E:\Data\ObsidianVault\02_Channels\馴れ初めシネマ\競合チャンネル分析\企画リサーチ_20260605\gcs_upload_staging\naresome_thumbnails\OhGVrvDBulM.jpg,223804,gs://senior-share-staging-570862915709/naresome_thumbnails/OhGVrvDBulM.jpg,
Oj0-AWyvv0w,E:\Data\ObsidianVault\02_Channels\馴れ初めシネマ\競合チャンネル分析\企画リサーチ_20260605\gcs_upload_staging\naresome_thumbnails\Oj0-AWyvv0w.jpg,263975,gs://senior-share-staging-570862915709/naresome_thumbnails/Oj0-AWyvv0w.jpg,
OjZSrYZz2m8,E:\Data\ObsidianVault\02_Channels\馴れ初めシネマ\競合チャンネル分析\企画リサーチ_20260605\gcs_upload_staging\naresome_thumbnails\OjZSrYZz2m8.jpg,308876,gs://senior-share-staging-570862915709/naresome_thumbnails/OjZSrYZz2m8.jpg,
OnU0W3LAz2A,E:\Data\ObsidianVault\02_Channels\馴れ初めシネマ\競合チャンネル分析\企画リサーチ_20260605\gcs_upload_staging\naresome_thumbnails\OnU0W3LAz2A.jpg,284216,gs://senior-share-staging-570862915709/naresome_thumbnails/OnU0W3LAz2A.jpg,
OnYaGoF5UKE,E:\Data\ObsidianVault\02_Channels\馴れ初めシネマ\競合チャンネル分析\企画リサーチ_20260605\gcs_upload_staging\naresome_thumbnails\OnYaGoF5UKE.jpg,262739,gs://senior-share-staging-570862915709/naresome_thumbnails/OnYaGoF5UKE.jpg,
Onf6Cl5tb0Y,E:\Data\ObsidianVault\02_Channels\馴れ初めシネマ\競合チャンネル分析\企画リサーチ_20260605\gcs_upload_staging\naresome_thumbnails\Onf6Cl5tb0Y.jpg,241979,gs://senior-share-staging-570862915709/naresome_thumbnails/Onf6Cl5tb0Y.jpg,
Op60UeZ7L_c,E:\Data\ObsidianVault\02_Channels\馴れ初めシネマ\競合チャンネル分析\企画リサーチ_20260605\gcs_upload_staging\naresome_thumbnails\Op60UeZ7L_c.jpg,228011,gs://senior-share-staging-570862915709/naresome_thumbnails/Op60UeZ7L_c.jpg,
OpHjRRbBh64,E:\Data\ObsidianVault\02_Channels\馴れ初めシネマ\競合チャンネル分析\企画リサーチ_20260605\gcs_upload_staging\naresome_thumbnails\OpHjRRbBh64.jpg,247305,gs://senior-share-staging-570862915709/naresome_thumbnails/OpHjRRbBh64.jpg,
OpIXQ-UaVXE,E:\Data\ObsidianVault\02_Channels\馴れ初めシネマ\競合チャンネル分析\企画リサーチ_20260605\gcs_upload_staging\naresome_thumbnails\OpIXQ-UaVXE.jpg,260094,gs://senior-share-staging-570862915709/naresome_thumbnails/OpIXQ-UaVXE.jpg,
Op_UMUbnsIg,E:\Data\ObsidianVault\02_Channels\馴れ初めシネマ\競合チャンネル分析\企画リサーチ_20260605\gcs_upload_staging\naresome_thumbnails\Op_UMUbnsIg.jpg,227283,gs://senior-share-staging-570862915709/naresome_thumbnails/Op_UMUbnsIg.jpg,
OsP2dCteMnM,E:\Data\ObsidianVault\02_Channels\馴れ初めシネマ\競合チャンネル分析\企画リサーチ_20260605\gcs_upload_staging\naresome_thumbnails\OsP2dCteMnM.jpg,284764,gs://senior-share-staging-570862915709/naresome_thumbnails/OsP2dCteMnM.jpg,
Ou7s1P02aNU,E:\Data\ObsidianVault\02_Channels\馴れ初めシネマ\競合チャンネル分析\企画リサーチ_20260605\gcs_upload_staging\naresome_thumbnails\Ou7s1P02aNU.jpg,259608,gs://senior-share-staging-570862915709/naresome_thumbnails/Ou7s1P02aNU.jpg,
OugtYBOY6js,E:\Data\ObsidianVault\02_Channels\馴れ初めシネマ\競合チャンネル分析\企画リサーチ_20260605\gcs_upload_staging\naresome_thumbnails\OugtYBOY6js.jpg,267820,gs://senior-share-staging-570862915709/naresome_thumbnails/OugtYBOY6js.jpg,
OulO__s95sA,E:\Data\ObsidianVault\02_Channels\馴れ初めシネマ\競合チャンネル分析\企画リサーチ_20260605\gcs_upload_staging\naresome_thumbnails\OulO__s95sA.jpg,254823,gs://senior-share-staging-570862915709/naresome_thumbnails/OulO__s95sA.jpg,
Ov-SZD0befk,E:\Data\ObsidianVault\02_Channels\馴れ初めシネマ\競合チャンネル分析\企画リサーチ_20260605\gcs_upload_staging\naresome_thumbnails\Ov-SZD0befk.jpg,255087,gs://senior-share-staging-570862915709/naresome_thumbnails/Ov-SZD0befk.jpg,
OvF60F4jMyg,E:\Data\ObsidianVault\02_Channels\馴れ初めシネマ\競合チャンネル分析\企画リサーチ_20260605\gcs_upload_staging\naresome_thumbnails\OvF60F4jMyg.jpg,254605,gs://senior-share-staging-570862915709/naresome_thumbnails/OvF60F4jMyg.jpg,
OwDBkRPjGIM,E:\Data\ObsidianVault\02_Channels\馴れ初めシネマ\競合チャンネル分析\企画リサーチ_20260605\gcs_upload_staging\naresome_thumbnails\OwDBkRPjGIM.jpg,250528,gs://senior-share-staging-570862915709/naresome_thumbnails/OwDBkRPjGIM.jpg,
OxagqCRyW1g,E:\Data\ObsidianVault\02_Channels\馴れ初めシネマ\競合チャンネル分析\企画リサーチ_20260605\gcs_upload_staging\naresome_thumbnails\OxagqCRyW1g.jpg,279449,gs://senior-share-staging-570862915709/naresome_thumbnails/OxagqCRyW1g.jpg,
Oxc4PmrtlXk,E:\Data\ObsidianVault\02_Channels\馴れ初めシネマ\競合チャンネル分析\企画リサーチ_20260605\gcs_upload_staging\naresome_thumbnails\Oxc4PmrtlXk.jpg,223357,gs://senior-share-staging-570862915709/naresome_thumbnails/Oxc4PmrtlXk.jpg,
OxvfU08ijrA,E:\Data\ObsidianVault\02_Channels\馴れ初めシネマ\競合チャンネル分析\企画リサーチ_20260605\gcs_upload_staging\naresome_thumbnails\OxvfU08ijrA.jpg,245360,gs://senior-share-staging-570862915709/naresome_thumbnails/OxvfU08ijrA.jpg,
OyJ2dd0_jew,E:\Data\ObsidianVault\02_Channels\馴れ初めシネマ\競合チャンネル分析\企画リサーチ_20260605\gcs_upload_staging\naresome_thumbnails\OyJ2dd0_jew.jpg,252614,gs://senior-share-staging-570862915709/naresome_thumbnails/OyJ2dd0_jew.jpg,
Ozam2Id_QIk,E:\Data\ObsidianVault\02_Channels\馴れ初めシネマ\競合チャンネル分析\企画リサーチ_20260605\gcs_upload_staging\naresome_thumbnails\Ozam2Id_QIk.jpg,260543,gs://senior-share-staging-570862915709/naresome_thumbnails/Ozam2Id_QIk.jpg,
P-sz2PKZp8w,E:\Data\ObsidianVault\02_Channels\馴れ初めシネマ\競合チャンネル分析\企画リサーチ_20260605\gcs_upload_staging\naresome_thumbnails\P-sz2PKZp8w.jpg,259170,gs://senior-share-staging-570862915709/naresome_thumbnails/P-sz2PKZp8w.jpg,
P07h9oa6vAI,E:\Data\ObsidianVault\02_Channels\馴れ初めシネマ\競合チャンネル分析\企画リサーチ_20260605\gcs_upload_staging\naresome_thumbnails\P07h9oa6vAI.jpg,253672,gs://senior-share-staging-570862915709/naresome_thumbnails/P07h9oa6vAI.jpg,
P2Tc8VEWPbE,E:\Data\ObsidianVault\02_Channels\馴れ初めシネマ\競合チャンネル分析\企画リサーチ_20260605\gcs_upload_staging\naresome_thumbnails\P2Tc8VEWPbE.jpg,262518,gs://senior-share-staging-570862915709/naresome_thumbnails/P2Tc8VEWPbE.jpg,
P3WpDPNXHOU,E:\Data\ObsidianVault\02_Channels\馴れ初めシネマ\競合チャンネル分析\企画リサーチ_20260605\gcs_upload_staging\naresome_thumbnails\P3WpDPNXHOU.jpg,254928,gs://senior-share-staging-570862915709/naresome_thumbnails/P3WpDPNXHOU.jpg,
P3rBckVq-Bk,E:\Data\ObsidianVault\02_Channels\馴れ初めシネマ\競合チャンネル分析\企画リサーチ_20260605\gcs_upload_staging\naresome_thumbnails\P3rBckVq-Bk.jpg,248645,gs://senior-share-staging-570862915709/naresome_thumbnails/P3rBckVq-Bk.jpg,
P48vVHzk0VE,E:\Data\ObsidianVault\02_Channels\馴れ初めシネマ\競合チャンネル分析\企画リサーチ_20260605\gcs_upload_staging\naresome_thumbnails\P48vVHzk0VE.jpg,243376,gs://senior-share-staging-570862915709/naresome_thumbnails/P48vVHzk0VE.jpg,
P4GfNKA6QAQ,E:\Data\ObsidianVault\02_Channels\馴れ初めシネマ\競合チャンネル分析\企画リサーチ_20260605\gcs_upload_staging\naresome_thumbnails\P4GfNKA6QAQ.jpg,265890,gs://senior-share-staging-570862915709/naresome_thumbnails/P4GfNKA6QAQ.jpg,
P4pnC-6bNE8,E:\Data\ObsidianVault\02_Channels\馴れ初めシネマ\競合チャンネル分析\企画リサーチ_20260605\gcs_upload_staging\naresome_thumbnails\P4pnC-6bNE8.jpg,248308,gs://senior-share-staging-570862915709/naresome_thumbnails/P4pnC-6bNE8.jpg,
P5A6UDN2JFg,E:\Data\ObsidianVault\02_Channels\馴れ初めシネマ\競合チャンネル分析\企画リサーチ_20260605\gcs_upload_staging\naresome_thumbnails\P5A6UDN2JFg.jpg,261417,gs://senior-share-staging-570862915709/naresome_thumbnails/P5A6UDN2JFg.jpg,
P6QSt-sOmSU,E:\Data\ObsidianVault\02_Channels\馴れ初めシネマ\競合チャンネル分析\企画リサーチ_20260605\gcs_upload_staging\naresome_thumbnails\P6QSt-sOmSU.jpg,269789,gs://senior-share-staging-570862915709/naresome_thumbnails/P6QSt-sOmSU.jpg,
P97fSbbcyNY,E:\Data\ObsidianVault\02_Channels\馴れ初めシネマ\競合チャンネル分析\企画リサーチ_20260605\gcs_upload_staging\naresome_thumbnails\P97fSbbcyNY.jpg,297329,gs://senior-share-staging-570862915709/naresome_thumbnails/P97fSbbcyNY.jpg,
PAdSLIKt2yQ,E:\Data\ObsidianVault\02_Channels\馴れ初めシネマ\競合チャンネル分析\企画リサーチ_20260605\gcs_upload_staging\naresome_thumbnails\PAdSLIKt2yQ.jpg,244246,gs://senior-share-staging-570862915709/naresome_thumbnails/PAdSLIKt2yQ.jpg,
PB6oCjG1sbc,E:\Data\ObsidianVault\02_Channels\馴れ初めシネマ\競合チャンネル分析\企画リサーチ_20260605\gcs_upload_staging\naresome_thumbnails\PB6oCjG1sbc.jpg,235877,gs://senior-share-staging-570862915709/naresome_thumbnails/PB6oCjG1sbc.jpg,
PCwldLSNiyk,E:\Data\ObsidianVault\02_Channels\馴れ初めシネマ\競合チャンネル分析\企画リサーチ_20260605\gcs_upload_staging\naresome_thumbnails\PCwldLSNiyk.jpg,236097,gs://senior-share-staging-570862915709/naresome_thumbnails/PCwldLSNiyk.jpg,
PDFNTa-eTls,E:\Data\ObsidianVault\02_Channels\馴れ初めシネマ\競合チャンネル分析\企画リサーチ_20260605\gcs_upload_staging\naresome_thumbnails\PDFNTa-eTls.jpg,246485,gs://senior-share-staging-570862915709/naresome_thumbnails/PDFNTa-eTls.jpg,
PERuezo2-o8,E:\Data\ObsidianVault\02_Channels\馴れ初めシネマ\競合チャンネル分析\企画リサーチ_20260605\gcs_upload_staging\naresome_thumbnails\PERuezo2-o8.jpg,257679,gs://senior-share-staging-570862915709/naresome_thumbnails/PERuezo2-o8.jpg,
PEemnFU5YEA,E:\Data\ObsidianVault\02_Channels\馴れ初めシネマ\競合チャンネル分析\企画リサーチ_20260605\gcs_upload_staging\naresome_thumbnails\PEemnFU5YEA.jpg,242620,gs://senior-share-staging-570862915709/naresome_thumbnails/PEemnFU5YEA.jpg,
PJSxNWmsvUQ,E:\Data\ObsidianVault\02_Channels\馴れ初めシネマ\競合チャンネル分析\企画リサーチ_20260605\gcs_upload_staging\naresome_thumbnails\PJSxNWmsvUQ.jpg,246900,gs://senior-share-staging-570862915709/naresome_thumbnails/PJSxNWmsvUQ.jpg,
PJVDs8mMRm0,E:\Data\ObsidianVault\02_Channels\馴れ初めシネマ\競合チャンネル分析\企画リサーチ_20260605\gcs_upload_staging\naresome_thumbnails\PJVDs8mMRm0.jpg,252254,gs://senior-share-staging-570862915709/naresome_thumbnails/PJVDs8mMRm0.jpg,
PLB3Bmsc5G8,E:\Data\ObsidianVault\02_Channels\馴れ初めシネマ\競合チャンネル分析\企画リサーチ_20260605\gcs_upload_staging\naresome_thumbnails\PLB3Bmsc5G8.jpg,249519,gs://senior-share-staging-570862915709/naresome_thumbnails/PLB3Bmsc5G8.jpg,
PO4u77mYa3s,E:\Data\ObsidianVault\02_Channels\馴れ初めシネマ\競合チャンネル分析\企画リサーチ_20260605\gcs_upload_staging\naresome_thumbnails\PO4u77mYa3s.jpg,286845,gs://senior-share-staging-570862915709/naresome_thumbnails/PO4u77mYa3s.jpg,
POmLdnayV0I,E:\Data\ObsidianVault\02_Channels\馴れ初めシネマ\競合チャンネル分析\企画リサーチ_20260605\gcs_upload_staging\naresome_thumbnails\POmLdnayV0I.jpg,278114,gs://senior-share-staging-570862915709/naresome_thumbnails/POmLdnayV0I.jpg,
PP12n4im6HA,E:\Data\ObsidianVault\02_Channels\馴れ初めシネマ\競合チャンネル分析\企画リサーチ_20260605\gcs_upload_staging\naresome_thumbnails\PP12n4im6HA.jpg,330851,gs://senior-share-staging-570862915709/naresome_thumbnails/PP12n4im6HA.jpg,
PP91yD77uV4,E:\Data\ObsidianVault\02_Channels\馴れ初めシネマ\競合チャンネル分析\企画リサーチ_20260605\gcs_upload_staging\naresome_thumbnails\PP91yD77uV4.jpg,245009,gs://senior-share-staging-570862915709/naresome_thumbnails/PP91yD77uV4.jpg,
PRcp5Z1cIvI,E:\Data\ObsidianVault\02_Channels\馴れ初めシネマ\競合チャンネル分析\企画リサーチ_20260605\gcs_upload_staging\naresome_thumbnails\PRcp5Z1cIvI.jpg,264100,gs://senior-share-staging-570862915709/naresome_thumbnails/PRcp5Z1cIvI.jpg,
PUNhI4lAHZI,E:\Data\ObsidianVault\02_Channels\馴れ初めシネマ\競合チャンネル分析\企画リサーチ_20260605\gcs_upload_staging\naresome_thumbnails\PUNhI4lAHZI.jpg,252862,gs://senior-share-staging-570862915709/naresome_thumbnails/PUNhI4lAHZI.jpg,
PYZRSv_pDfc,E:\Data\ObsidianVault\02_Channels\馴れ初めシネマ\競合チャンネル分析\企画リサーチ_20260605\gcs_upload_staging\naresome_thumbnails\PYZRSv_pDfc.jpg,259101,gs://senior-share-staging-570862915709/naresome_thumbnails/PYZRSv_pDfc.jpg,
PZxJlnsjVdI,E:\Data\ObsidianVault\02_Channels\馴れ初めシネマ\競合チャンネル分析\企画リサーチ_20260605\gcs_upload_staging\naresome_thumbnails\PZxJlnsjVdI.jpg,230674,gs://senior-share-staging-570862915709/naresome_thumbnails/PZxJlnsjVdI.jpg,
P_tzUPajUAc,E:\Data\ObsidianVault\02_Channels\馴れ初めシネマ\競合チャンネル分析\企画リサーチ_20260605\gcs_upload_staging\naresome_thumbnails\P_tzUPajUAc.jpg,318797,gs://senior-share-staging-570862915709/naresome_thumbnails/P_tzUPajUAc.jpg,
PcuZEM6Rmgk,E:\Data\ObsidianVault\02_Channels\馴れ初めシネマ\競合チャンネル分析\企画リサーチ_20260605\gcs_upload_staging\naresome_thumbnails\PcuZEM6Rmgk.jpg,319947,gs://senior-share-staging-570862915709/naresome_thumbnails/PcuZEM6Rmgk.jpg,
PdlScGQ6TnY,E:\Data\ObsidianVault\02_Channels\馴れ初めシネマ\競合チャンネル分析\企画リサーチ_20260605\gcs_upload_staging\naresome_thumbnails\PdlScGQ6TnY.jpg,246612,gs://senior-share-staging-570862915709/naresome_thumbnails/PdlScGQ6TnY.jpg,
Pe3p0V5FXE0,E:\Data\ObsidianVault\02_Channels\馴れ初めシネマ\競合チャンネル分析\企画リサーチ_20260605\gcs_upload_staging\naresome_thumbnails\Pe3p0V5FXE0.jpg,236823,gs://senior-share-staging-570862915709/naresome_thumbnails/Pe3p0V5FXE0.jpg,
PgyK79UAmdo,E:\Data\ObsidianVault\02_Channels\馴れ初めシネマ\競合チャンネル分析\企画リサーチ_20260605\gcs_upload_staging\naresome_thumbnails\PgyK79UAmdo.jpg,247494,gs://senior-share-staging-570862915709/naresome_thumbnails/PgyK79UAmdo.jpg,
PhAXUThcyvc,E:\Data\ObsidianVault\02_Channels\馴れ初めシネマ\競合チャンネル分析\企画リサーチ_20260605\gcs_upload_staging\naresome_thumbnails\PhAXUThcyvc.jpg,253566,gs://senior-share-staging-570862915709/naresome_thumbnails/PhAXUThcyvc.jpg,
PhTLtrvpTjU,E:\Data\ObsidianVault\02_Channels\馴れ初めシネマ\競合チャンネル分析\企画リサーチ_20260605\gcs_upload_staging\naresome_thumbnails\PhTLtrvpTjU.jpg,268865,gs://senior-share-staging-570862915709/naresome_thumbnails/PhTLtrvpTjU.jpg,
PiXYxIfE6cc,E:\Data\ObsidianVault\02_Channels\馴れ初めシネマ\競合チャンネル分析\企画リサーチ_20260605\gcs_upload_staging\naresome_thumbnails\PiXYxIfE6cc.jpg,284271,gs://senior-share-staging-570862915709/naresome_thumbnails/PiXYxIfE6cc.jpg,
PmeFCAwitVY,E:\Data\ObsidianVault\02_Channels\馴れ初めシネマ\競合チャンネル分析\企画リサーチ_20260605\gcs_upload_staging\naresome_thumbnails\PmeFCAwitVY.jpg,264870,gs://senior-share-staging-570862915709/naresome_thumbnails/PmeFCAwitVY.jpg,
PnMBVSbZ5XU,E:\Data\ObsidianVault\02_Channels\馴れ初めシネマ\競合チャンネル分析\企画リサーチ_20260605\gcs_upload_staging\naresome_thumbnails\PnMBVSbZ5XU.jpg,241039,gs://senior-share-staging-570862915709/naresome_thumbnails/PnMBVSbZ5XU.jpg,
PnpKQUJ00k0,E:\Data\ObsidianVault\02_Channels\馴れ初めシネマ\競合チャンネル分析\企画リサーチ_20260605\gcs_upload_staging\naresome_thumbnails\PnpKQUJ00k0.jpg,239774,gs://senior-share-staging-570862915709/naresome_thumbnails/PnpKQUJ00k0.jpg,
PqUjmP9n15A,E:\Data\ObsidianVault\02_Channels\馴れ初めシネマ\競合チャンネル分析\企画リサーチ_20260605\gcs_upload_staging\naresome_thumbnails\PqUjmP9n15A.jpg,261943,gs://senior-share-staging-570862915709/naresome_thumbnails/PqUjmP9n15A.jpg,
PqVfHMdetow,E:\Data\ObsidianVault\02_Channels\馴れ初めシネマ\競合チャンネル分析\企画リサーチ_20260605\gcs_upload_staging\naresome_thumbnails\PqVfHMdetow.jpg,275464,gs://senior-share-staging-570862915709/naresome_thumbnails/PqVfHMdetow.jpg,
Pr3ksCM9x2E,E:\Data\ObsidianVault\02_Channels\馴れ初めシネマ\競合チャンネル分析\企画リサーチ_20260605\gcs_upload_staging\naresome_thumbnails\Pr3ksCM9x2E.jpg,249341,gs://senior-share-staging-570862915709/naresome_thumbnails/Pr3ksCM9x2E.jpg,
PsCR705rjws,E:\Data\ObsidianVault\02_Channels\馴れ初めシネマ\競合チャンネル分析\企画リサーチ_20260605\gcs_upload_staging\naresome_thumbnails\PsCR705rjws.jpg,244350,gs://senior-share-staging-570862915709/naresome_thumbnails/PsCR705rjws.jpg,
PtHGpmwxyNo,E:\Data\ObsidianVault\02_Channels\馴れ初めシネマ\競合チャンネル分析\企画リサーチ_20260605\gcs_upload_staging\naresome_thumbnails\PtHGpmwxyNo.jpg,254941,gs://senior-share-staging-570862915709/naresome_thumbnails/PtHGpmwxyNo.jpg,
Pu3LYXvp5yE,E:\Data\ObsidianVault\02_Channels\馴れ初めシネマ\競合チャンネル分析\企画リサーチ_20260605\gcs_upload_staging\naresome_thumbnails\Pu3LYXvp5yE.jpg,255052,gs://senior-share-staging-570862915709/naresome_thumbnails/Pu3LYXvp5yE.jpg,
Pu8UrUjIS_A,E:\Data\ObsidianVault\02_Channels\馴れ初めシネマ\競合チャンネル分析\企画リサーチ_20260605\gcs_upload_staging\naresome_thumbnails\Pu8UrUjIS_A.jpg,257535,gs://senior-share-staging-570862915709/naresome_thumbnails/Pu8UrUjIS_A.jpg,
PuqKTGqxTp8,E:\Data\ObsidianVault\02_Channels\馴れ初めシネマ\競合チャンネル分析\企画リサーチ_20260605\gcs_upload_staging\naresome_thumbnails\PuqKTGqxTp8.jpg,279661,gs://senior-share-staging-570862915709/naresome_thumbnails/PuqKTGqxTp8.jpg,
PvUbtnwjpwI,E:\Data\ObsidianVault\02_Channels\馴れ初めシネマ\競合チャンネル分析\企画リサーチ_20260605\gcs_upload_staging\naresome_thumbnails\PvUbtnwjpwI.jpg,273709,gs://senior-share-staging-570862915709/naresome_thumbnails/PvUbtnwjpwI.jpg,
Pvxn3vBHmIE,E:\Data\ObsidianVault\02_Channels\馴れ初めシネマ\競合チャンネル分析\企画リサーチ_20260605\gcs_upload_staging\naresome_thumbnails\Pvxn3vBHmIE.jpg,265411,gs://senior-share-staging-570862915709/naresome_thumbnails/Pvxn3vBHmIE.jpg,
PwGgbqTZwrA,E:\Data\ObsidianVault\02_Channels\馴れ初めシネマ\競合チャンネル分析\企画リサーチ_20260605\gcs_upload_staging\naresome_thumbnails\PwGgbqTZwrA.jpg,261974,gs://senior-share-staging-570862915709/naresome_thumbnails/PwGgbqTZwrA.jpg,
Pxtie-rTxVI,E:\Data\ObsidianVault\02_Channels\馴れ初めシネマ\競合チャンネル分析\企画リサーチ_20260605\gcs_upload_staging\naresome_thumbnails\Pxtie-rTxVI.jpg,263776,gs://senior-share-staging-570862915709/naresome_thumbnails/Pxtie-rTxVI.jpg,
PyD0-NUhIHo,E:\Data\ObsidianVault\02_Channels\馴れ初めシネマ\競合チャンネル分析\企画リサーチ_20260605\gcs_upload_staging\naresome_thumbnails\PyD0-NUhIHo.jpg,337866,gs://senior-share-staging-570862915709/naresome_thumbnails/PyD0-NUhIHo.jpg,
PzBnhbHpcdg,E:\Data\ObsidianVault\02_Channels\馴れ初めシネマ\競合チャンネル分析\企画リサーチ_20260605\gcs_upload_staging\naresome_thumbnails\PzBnhbHpcdg.jpg,240665,gs://senior-share-staging-570862915709/naresome_thumbnails/PzBnhbHpcdg.jpg,
Q17JE_Qj6eY,E:\Data\ObsidianVault\02_Channels\馴れ初めシネマ\競合チャンネル分析\企画リサーチ_20260605\gcs_upload_staging\naresome_thumbnails\Q17JE_Qj6eY.jpg,252056,gs://senior-share-staging-570862915709/naresome_thumbnails/Q17JE_Qj6eY.jpg,
Q2IRBGh5Aq4,E:\Data\ObsidianVault\02_Channels\馴れ初めシネマ\競合チャンネル分析\企画リサーチ_20260605\gcs_upload_staging\naresome_thumbnails\Q2IRBGh5Aq4.jpg,269669,gs://senior-share-staging-570862915709/naresome_thumbnails/Q2IRBGh5Aq4.jpg,
Q5cjzRViRh8,E:\Data\ObsidianVault\02_Channels\馴れ初めシネマ\競合チャンネル分析\企画リサーチ_20260605\gcs_upload_staging\naresome_thumbnails\Q5cjzRViRh8.jpg,282376,gs://senior-share-staging-570862915709/naresome_thumbnails/Q5cjzRViRh8.jpg,
Q6_o4mjGaXw,E:\Data\ObsidianVault\02_Channels\馴れ初めシネマ\競合チャンネル分析\企画リサーチ_20260605\gcs_upload_staging\naresome_thumbnails\Q6_o4mjGaXw.jpg,274581,gs://senior-share-staging-570862915709/naresome_thumbnails/Q6_o4mjGaXw.jpg,
Q76ZDb2OC_k,E:\Data\ObsidianVault\02_Channels\馴れ初めシネマ\競合チャンネル分析\企画リサーチ_20260605\gcs_upload_staging\naresome_thumbnails\Q76ZDb2OC_k.jpg,246572,gs://senior-share-staging-570862915709/naresome_thumbnails/Q76ZDb2OC_k.jpg,
Q9u3oI9pwB0,E:\Data\ObsidianVault\02_Channels\馴れ初めシネマ\競合チャンネル分析\企画リサーチ_20260605\gcs_upload_staging\naresome_thumbnails\Q9u3oI9pwB0.jpg,266696,gs://senior-share-staging-570862915709/naresome_thumbnails/Q9u3oI9pwB0.jpg,
QASMb_GSc-U,E:\Data\ObsidianVault\02_Channels\馴れ初めシネマ\競合チャンネル分析\企画リサーチ_20260605\gcs_upload_staging\naresome_thumbnails\QASMb_GSc-U.jpg,265330,gs://senior-share-staging-570862915709/naresome_thumbnails/QASMb_GSc-U.jpg,
QBfIR6Av-BI,E:\Data\ObsidianVault\02_Channels\馴れ初めシネマ\競合チャンネル分析\企画リサーチ_20260605\gcs_upload_staging\naresome_thumbnails\QBfIR6Av-BI.jpg,260314,gs://senior-share-staging-570862915709/naresome_thumbnails/QBfIR6Av-BI.jpg,
QBtEUeN4bIU,E:\Data\ObsidianVault\02_Channels\馴れ初めシネマ\競合チャンネル分析\企画リサーチ_20260605\gcs_upload_staging\naresome_thumbnails\QBtEUeN4bIU.jpg,338622,gs://senior-share-staging-570862915709/naresome_thumbnails/QBtEUeN4bIU.jpg,
QCDWDr8m_gY,E:\Data\ObsidianVault\02_Channels\馴れ初めシネマ\競合チャンネル分析\企画リサーチ_20260605\gcs_upload_staging\naresome_thumbnails\QCDWDr8m_gY.jpg,268410,gs://senior-share-staging-570862915709/naresome_thumbnails/QCDWDr8m_gY.jpg,
QCgJWYp1W5A,E:\Data\ObsidianVault\02_Channels\馴れ初めシネマ\競合チャンネル分析\企画リサーチ_20260605\gcs_upload_staging\naresome_thumbnails\QCgJWYp1W5A.jpg,267610,gs://senior-share-staging-570862915709/naresome_thumbnails/QCgJWYp1W5A.jpg,
QDBDMr0AqfI,E:\Data\ObsidianVault\02_Channels\馴れ初めシネマ\競合チャンネル分析\企画リサーチ_20260605\gcs_upload_staging\naresome_thumbnails\QDBDMr0AqfI.jpg,267969,gs://senior-share-staging-570862915709/naresome_thumbnails/QDBDMr0AqfI.jpg,
QDTK4Bo2mD8,E:\Data\ObsidianVault\02_Channels\馴れ初めシネマ\競合チャンネル分析\企画リサーチ_20260605\gcs_upload_staging\naresome_thumbnails\QDTK4Bo2mD8.jpg,279690,gs://senior-share-staging-570862915709/naresome_thumbnails/QDTK4Bo2mD8.jpg,
QHUNnvM6FLg,E:\Data\ObsidianVault\02_Channels\馴れ初めシネマ\競合チャンネル分析\企画リサーチ_20260605\gcs_upload_staging\naresome_thumbnails\QHUNnvM6FLg.jpg,268438,gs://senior-share-staging-570862915709/naresome_thumbnails/QHUNnvM6FLg.jpg,
QM3dQ0su_5g,E:\Data\ObsidianVault\02_Channels\馴れ初めシネマ\競合チャンネル分析\企画リサーチ_20260605\gcs_upload_staging\naresome_thumbnails\QM3dQ0su_5g.jpg,332492,gs://senior-share-staging-570862915709/naresome_thumbnails/QM3dQ0su_5g.jpg,
QNphhTfuV7k,E:\Data\ObsidianVault\02_Channels\馴れ初めシネマ\競合チャンネル分析\企画リサーチ_20260605\gcs_upload_staging\naresome_thumbnails\QNphhTfuV7k.jpg,239837,gs://senior-share-staging-570862915709/naresome_thumbnails/QNphhTfuV7k.jpg,
QOOP7uNa0EU,E:\Data\ObsidianVault\02_Channels\馴れ初めシネマ\競合チャンネル分析\企画リサーチ_20260605\gcs_upload_staging\naresome_thumbnails\QOOP7uNa0EU.jpg,239753,gs://senior-share-staging-570862915709/naresome_thumbnails/QOOP7uNa0EU.jpg,
QPv9PhrB8UE,E:\Data\ObsidianVault\02_Channels\馴れ初めシネマ\競合チャンネル分析\企画リサーチ_20260605\gcs_upload_staging\naresome_thumbnails\QPv9PhrB8UE.jpg,235982,gs://senior-share-staging-570862915709/naresome_thumbnails/QPv9PhrB8UE.jpg,
QRknaDPshCk,E:\Data\ObsidianVault\02_Channels\馴れ初めシネマ\競合チャンネル分析\企画リサーチ_20260605\gcs_upload_staging\naresome_thumbnails\QRknaDPshCk.jpg,250562,gs://senior-share-staging-570862915709/naresome_thumbnails/QRknaDPshCk.jpg,
QSl0GKTzEYg,E:\Data\ObsidianVault\02_Channels\馴れ初めシネマ\競合チャンネル分析\企画リサーチ_20260605\gcs_upload_staging\naresome_thumbnails\QSl0GKTzEYg.jpg,235717,gs://senior-share-staging-570862915709/naresome_thumbnails/QSl0GKTzEYg.jpg,
QTUYm2NeIjo,E:\Data\ObsidianVault\02_Channels\馴れ初めシネマ\競合チャンネル分析\企画リサーチ_20260605\gcs_upload_staging\naresome_thumbnails\QTUYm2NeIjo.jpg,241504,gs://senior-share-staging-570862915709/naresome_thumbnails/QTUYm2NeIjo.jpg,
QUESOsxnWGI,E:\Data\ObsidianVault\02_Channels\馴れ初めシネマ\競合チャンネル分析\企画リサーチ_20260605\gcs_upload_staging\naresome_thumbnails\QUESOsxnWGI.jpg,304852,gs://senior-share-staging-570862915709/naresome_thumbnails/QUESOsxnWGI.jpg,
QUSH6Jj0l70,E:\Data\ObsidianVault\02_Channels\馴れ初めシネマ\競合チャンネル分析\企画リサーチ_20260605\gcs_upload_staging\naresome_thumbnails\QUSH6Jj0l70.jpg,244073,gs://senior-share-staging-570862915709/naresome_thumbnails/QUSH6Jj0l70.jpg,
QWNzh49Mf6A,E:\Data\ObsidianVault\02_Channels\馴れ初めシネマ\競合チャンネル分析\企画リサーチ_20260605\gcs_upload_staging\naresome_thumbnails\QWNzh49Mf6A.jpg,267741,gs://senior-share-staging-570862915709/naresome_thumbnails/QWNzh49Mf6A.jpg,
QWYd85momI4,E:\Data\ObsidianVault\02_Channels\馴れ初めシネマ\競合チャンネル分析\企画リサーチ_20260605\gcs_upload_staging\naresome_thumbnails\QWYd85momI4.jpg,262693,gs://senior-share-staging-570862915709/naresome_thumbnails/QWYd85momI4.jpg,
QX7vYQS6qKo,E:\Data\ObsidianVault\02_Channels\馴れ初めシネマ\競合チャンネル分析\企画リサーチ_20260605\gcs_upload_staging\naresome_thumbnails\QX7vYQS6qKo.jpg,254692,gs://senior-share-staging-570862915709/naresome_thumbnails/QX7vYQS6qKo.jpg,
QXWtAsbuV38,E:\Data\ObsidianVault\02_Channels\馴れ初めシネマ\競合チャンネル分析\企画リサーチ_20260605\gcs_upload_staging\naresome_thumbnails\QXWtAsbuV38.jpg,260358,gs://senior-share-staging-570862915709/naresome_thumbnails/QXWtAsbuV38.jpg,
QXY8L6zYqQc,E:\Data\ObsidianVault\02_Channels\馴れ初めシネマ\競合チャンネル分析\企画リサーチ_20260605\gcs_upload_staging\naresome_thumbnails\QXY8L6zYqQc.jpg,260464,gs://senior-share-staging-570862915709/naresome_thumbnails/QXY8L6zYqQc.jpg,
QZYerNfyTA4,E:\Data\ObsidianVault\02_Channels\馴れ初めシネマ\競合チャンネル分析\企画リサーチ_20260605\gcs_upload_staging\naresome_thumbnails\QZYerNfyTA4.jpg,248744,gs://senior-share-staging-570862915709/naresome_thumbnails/QZYerNfyTA4.jpg,
Q_ZLCuhMZQU,E:\Data\ObsidianVault\02_Channels\馴れ初めシネマ\競合チャンネル分析\企画リサーチ_20260605\gcs_upload_staging\naresome_thumbnails\Q_ZLCuhMZQU.jpg,237424,gs://senior-share-staging-570862915709/naresome_thumbnails/Q_ZLCuhMZQU.jpg,
Q_ekT7o71pU,E:\Data\ObsidianVault\02_Channels\馴れ初めシネマ\競合チャンネル分析\企画リサーチ_20260605\gcs_upload_staging\naresome_thumbnails\Q_ekT7o71pU.jpg,54200,gs://senior-share-staging-570862915709/naresome_thumbnails/Q_ekT7o71pU.jpg,
QaRCHdDXL6c,E:\Data\ObsidianVault\02_Channels\馴れ初めシネマ\競合チャンネル分析\企画リサーチ_20260605\gcs_upload_staging\naresome_thumbnails\QaRCHdDXL6c.jpg,242166,gs://senior-share-staging-570862915709/naresome_thumbnails/QaRCHdDXL6c.jpg,
QaWMqhKNtvc,E:\Data\ObsidianVault\02_Channels\馴れ初めシネマ\競合チャンネル分析\企画リサーチ_20260605\gcs_upload_staging\naresome_thumbnails\QaWMqhKNtvc.jpg,233443,gs://senior-share-staging-570862915709/naresome_thumbnails/QaWMqhKNtvc.jpg,
Qao1cOGspsE,E:\Data\ObsidianVault\02_Channels\馴れ初めシネマ\競合チャンネル分析\企画リサーチ_20260605\gcs_upload_staging\naresome_thumbnails\Qao1cOGspsE.jpg,241378,gs://senior-share-staging-570862915709/naresome_thumbnails/Qao1cOGspsE.jpg,
QbewhUN7b1A,E:\Data\ObsidianVault\02_Channels\馴れ初めシネマ\競合チャンネル分析\企画リサーチ_20260605\gcs_upload_staging\naresome_thumbnails\QbewhUN7b1A.jpg,249698,gs://senior-share-staging-570862915709/naresome_thumbnails/QbewhUN7b1A.jpg,
QcJJNCNreoA,E:\Data\ObsidianVault\02_Channels\馴れ初めシネマ\競合チャンネル分析\企画リサーチ_20260605\gcs_upload_staging\naresome_thumbnails\QcJJNCNreoA.jpg,281450,gs://senior-share-staging-570862915709/naresome_thumbnails/QcJJNCNreoA.jpg,
QcYkur48YxI,E:\Data\ObsidianVault\02_Channels\馴れ初めシネマ\競合チャンネル分析\企画リサーチ_20260605\gcs_upload_staging\naresome_thumbnails\QcYkur48YxI.jpg,250230,gs://senior-share-staging-570862915709/naresome_thumbnails/QcYkur48YxI.jpg,
QeomNLUxT04,E:\Data\ObsidianVault\02_Channels\馴れ初めシネマ\競合チャンネル分析\企画リサーチ_20260605\gcs_upload_staging\naresome_thumbnails\QeomNLUxT04.jpg,271917,gs://senior-share-staging-570862915709/naresome_thumbnails/QeomNLUxT04.jpg,
QezWwJyD9Og,E:\Data\ObsidianVault\02_Channels\馴れ初めシネマ\競合チャンネル分析\企画リサーチ_20260605\gcs_upload_staging\naresome_thumbnails\QezWwJyD9Og.jpg,271408,gs://senior-share-staging-570862915709/naresome_thumbnails/QezWwJyD9Og.jpg,
QggrR68RSVE,E:\Data\ObsidianVault\02_Channels\馴れ初めシネマ\競合チャンネル分析\企画リサーチ_20260605\gcs_upload_staging\naresome_thumbnails\QggrR68RSVE.jpg,228873,gs://senior-share-staging-570862915709/naresome_thumbnails/QggrR68RSVE.jpg,
Qi0cavUIc-I,E:\Data\ObsidianVault\02_Channels\馴れ初めシネマ\競合チャンネル分析\企画リサーチ_20260605\gcs_upload_staging\naresome_thumbnails\Qi0cavUIc-I.jpg,348762,gs://senior-share-staging-570862915709/naresome_thumbnails/Qi0cavUIc-I.jpg,
Qimip23Ut1w,E:\Data\ObsidianVault\02_Channels\馴れ初めシネマ\競合チャンネル分析\企画リサーチ_20260605\gcs_upload_staging\naresome_thumbnails\Qimip23Ut1w.jpg,258610,gs://senior-share-staging-570862915709/naresome_thumbnails/Qimip23Ut1w.jpg,
QjnoxtlD62o,E:\Data\ObsidianVault\02_Channels\馴れ初めシネマ\競合チャンネル分析\企画リサーチ_20260605\gcs_upload_staging\naresome_thumbnails\QjnoxtlD62o.jpg,256958,gs://senior-share-staging-570862915709/naresome_thumbnails/QjnoxtlD62o.jpg,
QkhfKNPJDFk,E:\Data\ObsidianVault\02_Channels\馴れ初めシネマ\競合チャンネル分析\企画リサーチ_20260605\gcs_upload_staging\naresome_thumbnails\QkhfKNPJDFk.jpg,264373,gs://senior-share-staging-570862915709/naresome_thumbnails/QkhfKNPJDFk.jpg,
QkvVqaemwMg,E:\Data\ObsidianVault\02_Channels\馴れ初めシネマ\競合チャンネル分析\企画リサーチ_20260605\gcs_upload_staging\naresome_thumbnails\QkvVqaemwMg.jpg,262500,gs://senior-share-staging-570862915709/naresome_thumbnails/QkvVqaemwMg.jpg,
QluGMMd10OI,E:\Data\ObsidianVault\02_Channels\馴れ初めシネマ\競合チャンネル分析\企画リサーチ_20260605\gcs_upload_staging\naresome_thumbnails\QluGMMd10OI.jpg,237995,gs://senior-share-staging-570862915709/naresome_thumbnails/QluGMMd10OI.jpg,
QmC-FNYsjig,E:\Data\ObsidianVault\02_Channels\馴れ初めシネマ\競合チャンネル分析\企画リサーチ_20260605\gcs_upload_staging\naresome_thumbnails\QmC-FNYsjig.jpg,272065,gs://senior-share-staging-570862915709/naresome_thumbnails/QmC-FNYsjig.jpg,
QmTkwf2Cbqk,E:\Data\ObsidianVault\02_Channels\馴れ初めシネマ\競合チャンネル分析\企画リサーチ_20260605\gcs_upload_staging\naresome_thumbnails\QmTkwf2Cbqk.jpg,306327,gs://senior-share-staging-570862915709/naresome_thumbnails/QmTkwf2Cbqk.jpg,
Qn6T4ijS14E,E:\Data\ObsidianVault\02_Channels\馴れ初めシネマ\競合チャンネル分析\企画リサーチ_20260605\gcs_upload_staging\naresome_thumbnails\Qn6T4ijS14E.jpg,241139,gs://senior-share-staging-570862915709/naresome_thumbnails/Qn6T4ijS14E.jpg,
Qo3HU0HASmM,E:\Data\ObsidianVault\02_Channels\馴れ初めシネマ\競合チャンネル分析\企画リサーチ_20260605\gcs_upload_staging\naresome_thumbnails\Qo3HU0HASmM.jpg,278417,gs://senior-share-staging-570862915709/naresome_thumbnails/Qo3HU0HASmM.jpg,
Qp5_LLO-XnA,E:\Data\ObsidianVault\02_Channels\馴れ初めシネマ\競合チャンネル分析\企画リサーチ_20260605\gcs_upload_staging\naresome_thumbnails\Qp5_LLO-XnA.jpg,237927,gs://senior-share-staging-570862915709/naresome_thumbnails/Qp5_LLO-XnA.jpg,
QpQDcSLkKtM,E:\Data\ObsidianVault\02_Channels\馴れ初めシネマ\競合チャンネル分析\企画リサーチ_20260605\gcs_upload_staging\naresome_thumbnails\QpQDcSLkKtM.jpg,253027,gs://senior-share-staging-570862915709/naresome_thumbnails/QpQDcSLkKtM.jpg,
QpmGR7FnxKY,E:\Data\ObsidianVault\02_Channels\馴れ初めシネマ\競合チャンネル分析\企画リサーチ_20260605\gcs_upload_staging\naresome_thumbnails\QpmGR7FnxKY.jpg,270286,gs://senior-share-staging-570862915709/naresome_thumbnails/QpmGR7FnxKY.jpg,
QqhzJQJvbtU,E:\Data\ObsidianVault\02_Channels\馴れ初めシネマ\競合チャンネル分析\企画リサーチ_20260605\gcs_upload_staging\naresome_thumbnails\QqhzJQJvbtU.jpg,284167,gs://senior-share-staging-570862915709/naresome_thumbnails/QqhzJQJvbtU.jpg,
Qqt5hfBi2HA,E:\Data\ObsidianVault\02_Channels\馴れ初めシネマ\競合チャンネル分析\企画リサーチ_20260605\gcs_upload_staging\naresome_thumbnails\Qqt5hfBi2HA.jpg,246761,gs://senior-share-staging-570862915709/naresome_thumbnails/Qqt5hfBi2HA.jpg,
Qrq_yt4RwF4,E:\Data\ObsidianVault\02_Channels\馴れ初めシネマ\競合チャンネル分析\企画リサーチ_20260605\gcs_upload_staging\naresome_thumbnails\Qrq_yt4RwF4.jpg,243159,gs://senior-share-staging-570862915709/naresome_thumbnails/Qrq_yt4RwF4.jpg,
QstMSr7CtDc,E:\Data\ObsidianVault\02_Channels\馴れ初めシネマ\競合チャンネル分析\企画リサーチ_20260605\gcs_upload_staging\naresome_thumbnails\QstMSr7CtDc.jpg,258049,gs://senior-share-staging-570862915709/naresome_thumbnails/QstMSr7CtDc.jpg,
QuMvq0x0oNA,E:\Data\ObsidianVault\02_Channels\馴れ初めシネマ\競合チャンネル分析\企画リサーチ_20260605\gcs_upload_staging\naresome_thumbnails\QuMvq0x0oNA.jpg,244538,gs://senior-share-staging-570862915709/naresome_thumbnails/QuMvq0x0oNA.jpg,
QuxCqHQaNdo,E:\Data\ObsidianVault\02_Channels\馴れ初めシネマ\競合チャンネル分析\企画リサーチ_20260605\gcs_upload_staging\naresome_thumbnails\QuxCqHQaNdo.jpg,229762,gs://senior-share-staging-570862915709/naresome_thumbnails/QuxCqHQaNdo.jpg,
Qv0dA6xXf1Y,E:\Data\ObsidianVault\02_Channels\馴れ初めシネマ\競合チャンネル分析\企画リサーチ_20260605\gcs_upload_staging\naresome_thumbnails\Qv0dA6xXf1Y.jpg,244608,gs://senior-share-staging-570862915709/naresome_thumbnails/Qv0dA6xXf1Y.jpg,
QvpzOcNWO8A,E:\Data\ObsidianVault\02_Channels\馴れ初めシネマ\競合チャンネル分析\企画リサーチ_20260605\gcs_upload_staging\naresome_thumbnails\QvpzOcNWO8A.jpg,250009,gs://senior-share-staging-570862915709/naresome_thumbnails/QvpzOcNWO8A.jpg,
QwqVxQMZahI,E:\Data\ObsidianVault\02_Channels\馴れ初めシネマ\競合チャンネル分析\企画リサーチ_20260605\gcs_upload_staging\naresome_thumbnails\QwqVxQMZahI.jpg,231635,gs://senior-share-staging-570862915709/naresome_thumbnails/QwqVxQMZahI.jpg,
QynpplOV-lQ,E:\Data\ObsidianVault\02_Channels\馴れ初めシネマ\競合チャンネル分析\企画リサーチ_20260605\gcs_upload_staging\naresome_thumbnails\QynpplOV-lQ.jpg,228539,gs://senior-share-staging-570862915709/naresome_thumbnails/QynpplOV-lQ.jpg,
Qzwj34ifNik,E:\Data\ObsidianVault\02_Channels\馴れ初めシネマ\競合チャンネル分析\企画リサーチ_20260605\gcs_upload_staging\naresome_thumbnails\Qzwj34ifNik.jpg,252856,gs://senior-share-staging-570862915709/naresome_thumbnails/Qzwj34ifNik.jpg,
QzygJxIGDAs,E:\Data\ObsidianVault\02_Channels\馴れ初めシネマ\競合チャンネル分析\企画リサーチ_20260605\gcs_upload_staging\naresome_thumbnails\QzygJxIGDAs.jpg,239770,gs://senior-share-staging-570862915709/naresome_thumbnails/QzygJxIGDAs.jpg,
R-mSaKJufhc,E:\Data\ObsidianVault\02_Channels\馴れ初めシネマ\競合チャンネル分析\企画リサーチ_20260605\gcs_upload_staging\naresome_thumbnails\R-mSaKJufhc.jpg,340405,gs://senior-share-staging-570862915709/naresome_thumbnails/R-mSaKJufhc.jpg,
R0VsfH8w04o,E:\Data\ObsidianVault\02_Channels\馴れ初めシネマ\競合チャンネル分析\企画リサーチ_20260605\gcs_upload_staging\naresome_thumbnails\R0VsfH8w04o.jpg,257119,gs://senior-share-staging-570862915709/naresome_thumbnails/R0VsfH8w04o.jpg,
R3PFtPLl97s,E:\Data\ObsidianVault\02_Channels\馴れ初めシネマ\競合チャンネル分析\企画リサーチ_20260605\gcs_upload_staging\naresome_thumbnails\R3PFtPLl97s.jpg,239066,gs://senior-share-staging-570862915709/naresome_thumbnails/R3PFtPLl97s.jpg,
R3ZRfpvbkow,E:\Data\ObsidianVault\02_Channels\馴れ初めシネマ\競合チャンネル分析\企画リサーチ_20260605\gcs_upload_staging\naresome_thumbnails\R3ZRfpvbkow.jpg,323664,gs://senior-share-staging-570862915709/naresome_thumbnails/R3ZRfpvbkow.jpg,
R47D1vuR_K0,E:\Data\ObsidianVault\02_Channels\馴れ初めシネマ\競合チャンネル分析\企画リサーチ_20260605\gcs_upload_staging\naresome_thumbnails\R47D1vuR_K0.jpg,242881,gs://senior-share-staging-570862915709/naresome_thumbnails/R47D1vuR_K0.jpg,
R6bDGp4MNXE,E:\Data\ObsidianVault\02_Channels\馴れ初めシネマ\競合チャンネル分析\企画リサーチ_20260605\gcs_upload_staging\naresome_thumbnails\R6bDGp4MNXE.jpg,268430,gs://senior-share-staging-570862915709/naresome_thumbnails/R6bDGp4MNXE.jpg,
R8ARTcA4B2s,E:\Data\ObsidianVault\02_Channels\馴れ初めシネマ\競合チャンネル分析\企画リサーチ_20260605\gcs_upload_staging\naresome_thumbnails\R8ARTcA4B2s.jpg,280790,gs://senior-share-staging-570862915709/naresome_thumbnails/R8ARTcA4B2s.jpg,
R9vdSjEfRpQ,E:\Data\ObsidianVault\02_Channels\馴れ初めシネマ\競合チャンネル分析\企画リサーチ_20260605\gcs_upload_staging\naresome_thumbnails\R9vdSjEfRpQ.jpg,283184,gs://senior-share-staging-570862915709/naresome_thumbnails/R9vdSjEfRpQ.jpg,
RDOkZ6JXhCY,E:\Data\ObsidianVault\02_Channels\馴れ初めシネマ\競合チャンネル分析\企画リサーチ_20260605\gcs_upload_staging\naresome_thumbnails\RDOkZ6JXhCY.jpg,323188,gs://senior-share-staging-570862915709/naresome_thumbnails/RDOkZ6JXhCY.jpg,
RDnSoRkuAs0,E:\Data\ObsidianVault\02_Channels\馴れ初めシネマ\競合チャンネル分析\企画リサーチ_20260605\gcs_upload_staging\naresome_thumbnails\RDnSoRkuAs0.jpg,250252,gs://senior-share-staging-570862915709/naresome_thumbnails/RDnSoRkuAs0.jpg,
RG9F9uuqGac,E:\Data\ObsidianVault\02_Channels\馴れ初めシネマ\競合チャンネル分析\企画リサーチ_20260605\gcs_upload_staging\naresome_thumbnails\RG9F9uuqGac.jpg,252575,gs://senior-share-staging-570862915709/naresome_thumbnails/RG9F9uuqGac.jpg,
RIlovXGP4sU,E:\Data\ObsidianVault\02_Channels\馴れ初めシネマ\競合チャンネル分析\企画リサーチ_20260605\gcs_upload_staging\naresome_thumbnails\RIlovXGP4sU.jpg,275355,gs://senior-share-staging-570862915709/naresome_thumbnails/RIlovXGP4sU.jpg,
RIqz1W0TrM0,E:\Data\ObsidianVault\02_Channels\馴れ初めシネマ\競合チャンネル分析\企画リサーチ_20260605\gcs_upload_staging\naresome_thumbnails\RIqz1W0TrM0.jpg,325208,gs://senior-share-staging-570862915709/naresome_thumbnails/RIqz1W0TrM0.jpg,
RJiwV9O6oAI,E:\Data\ObsidianVault\02_Channels\馴れ初めシネマ\競合チャンネル分析\企画リサーチ_20260605\gcs_upload_staging\naresome_thumbnails\RJiwV9O6oAI.jpg,283272,gs://senior-share-staging-570862915709/naresome_thumbnails/RJiwV9O6oAI.jpg,
RJpN1TshWrg,E:\Data\ObsidianVault\02_Channels\馴れ初めシネマ\競合チャンネル分析\企画リサーチ_20260605\gcs_upload_staging\naresome_thumbnails\RJpN1TshWrg.jpg,273682,gs://senior-share-staging-570862915709/naresome_thumbnails/RJpN1TshWrg.jpg,
RKC4Buj8whU,E:\Data\ObsidianVault\02_Channels\馴れ初めシネマ\競合チャンネル分析\企画リサーチ_20260605\gcs_upload_staging\naresome_thumbnails\RKC4Buj8whU.jpg,253191,gs://senior-share-staging-570862915709/naresome_thumbnails/RKC4Buj8whU.jpg,
RLzyQMTwwr4,E:\Data\ObsidianVault\02_Channels\馴れ初めシネマ\競合チャンネル分析\企画リサーチ_20260605\gcs_upload_staging\naresome_thumbnails\RLzyQMTwwr4.jpg,265633,gs://senior-share-staging-570862915709/naresome_thumbnails/RLzyQMTwwr4.jpg,
RM8jPc8hq_Q,E:\Data\ObsidianVault\02_Channels\馴れ初めシネマ\競合チャンネル分析\企画リサーチ_20260605\gcs_upload_staging\naresome_thumbnails\RM8jPc8hq_Q.jpg,261125,gs://senior-share-staging-570862915709/naresome_thumbnails/RM8jPc8hq_Q.jpg,
ROTLCxWd5LY,E:\Data\ObsidianVault\02_Channels\馴れ初めシネマ\競合チャンネル分析\企画リサーチ_20260605\gcs_upload_staging\naresome_thumbnails\ROTLCxWd5LY.jpg,243908,gs://senior-share-staging-570862915709/naresome_thumbnails/ROTLCxWd5LY.jpg,
RRQ4Zvf_guw,E:\Data\ObsidianVault\02_Channels\馴れ初めシネマ\競合チャンネル分析\企画リサーチ_20260605\gcs_upload_staging\naresome_thumbnails\RRQ4Zvf_guw.jpg,209845,gs://senior-share-staging-570862915709/naresome_thumbnails/RRQ4Zvf_guw.jpg,
RSQ_zOJSp78,E:\Data\ObsidianVault\02_Channels\馴れ初めシネマ\競合チャンネル分析\企画リサーチ_20260605\gcs_upload_staging\naresome_thumbnails\RSQ_zOJSp78.jpg,359543,gs://senior-share-staging-570862915709/naresome_thumbnails/RSQ_zOJSp78.jpg,
RSUAYnFN2Uw,E:\Data\ObsidianVault\02_Channels\馴れ初めシネマ\競合チャンネル分析\企画リサーチ_20260605\gcs_upload_staging\naresome_thumbnails\RSUAYnFN2Uw.jpg,66062,gs://senior-share-staging-570862915709/naresome_thumbnails/RSUAYnFN2Uw.jpg,
RUwRgA6J-3o,E:\Data\ObsidianVault\02_Channels\馴れ初めシネマ\競合チャンネル分析\企画リサーチ_20260605\gcs_upload_staging\naresome_thumbnails\RUwRgA6J-3o.jpg,262476,gs://senior-share-staging-570862915709/naresome_thumbnails/RUwRgA6J-3o.jpg,
RUydd5Zl09Q,E:\Data\ObsidianVault\02_Channels\馴れ初めシネマ\競合チャンネル分析\企画リサーチ_20260605\gcs_upload_staging\naresome_thumbnails\RUydd5Zl09Q.jpg,255001,gs://senior-share-staging-570862915709/naresome_thumbnails/RUydd5Zl09Q.jpg,
RVHAKWdiaWg,E:\Data\ObsidianVault\02_Channels\馴れ初めシネマ\競合チャンネル分析\企画リサーチ_20260605\gcs_upload_staging\naresome_thumbnails\RVHAKWdiaWg.jpg,220107,gs://senior-share-staging-570862915709/naresome_thumbnails/RVHAKWdiaWg.jpg,
RVXiuT0FWyM,E:\Data\ObsidianVault\02_Channels\馴れ初めシネマ\競合チャンネル分析\企画リサーチ_20260605\gcs_upload_staging\naresome_thumbnails\RVXiuT0FWyM.jpg,244147,gs://senior-share-staging-570862915709/naresome_thumbnails/RVXiuT0FWyM.jpg,
RXSijp07D-4,E:\Data\ObsidianVault\02_Channels\馴れ初めシネマ\競合チャンネル分析\企画リサーチ_20260605\gcs_upload_staging\naresome_thumbnails\RXSijp07D-4.jpg,253313,gs://senior-share-staging-570862915709/naresome_thumbnails/RXSijp07D-4.jpg,
RYJRJZkRkH4,E:\Data\ObsidianVault\02_Channels\馴れ初めシネマ\競合チャンネル分析\企画リサーチ_20260605\gcs_upload_staging\naresome_thumbnails\RYJRJZkRkH4.jpg,254765,gs://senior-share-staging-570862915709/naresome_thumbnails/RYJRJZkRkH4.jpg,
RYo3srbCyZU,E:\Data\ObsidianVault\02_Channels\馴れ初めシネマ\競合チャンネル分析\企画リサーチ_20260605\gcs_upload_staging\naresome_thumbnails\RYo3srbCyZU.jpg,242890,gs://senior-share-staging-570862915709/naresome_thumbnails/RYo3srbCyZU.jpg,
RapRgK_kzx0,E:\Data\ObsidianVault\02_Channels\馴れ初めシネマ\競合チャンネル分析\企画リサーチ_20260605\gcs_upload_staging\naresome_thumbnails\RapRgK_kzx0.jpg,254819,gs://senior-share-staging-570862915709/naresome_thumbnails/RapRgK_kzx0.jpg,
RavRxT-UytA,E:\Data\ObsidianVault\02_Channels\馴れ初めシネマ\競合チャンネル分析\企画リサーチ_20260605\gcs_upload_staging\naresome_thumbnails\RavRxT-UytA.jpg,278814,gs://senior-share-staging-570862915709/naresome_thumbnails/RavRxT-UytA.jpg,
Rf5adDCbZnc,E:\Data\ObsidianVault\02_Channels\馴れ初めシネマ\競合チャンネル分析\企画リサーチ_20260605\gcs_upload_staging\naresome_thumbnails\Rf5adDCbZnc.jpg,326125,gs://senior-share-staging-570862915709/naresome_thumbnails/Rf5adDCbZnc.jpg,
RgW0kdLhcSA,E:\Data\ObsidianVault\02_Channels\馴れ初めシネマ\競合チャンネル分析\企画リサーチ_20260605\gcs_upload_staging\naresome_thumbnails\RgW0kdLhcSA.jpg,249593,gs://senior-share-staging-570862915709/naresome_thumbnails/RgW0kdLhcSA.jpg,
RgofF7SJKnw,E:\Data\ObsidianVault\02_Channels\馴れ初めシネマ\競合チャンネル分析\企画リサーチ_20260605\gcs_upload_staging\naresome_thumbnails\RgofF7SJKnw.jpg,248689,gs://senior-share-staging-570862915709/naresome_thumbnails/RgofF7SJKnw.jpg,
RiEq5ddE3c0,E:\Data\ObsidianVault\02_Channels\馴れ初めシネマ\競合チャンネル分析\企画リサーチ_20260605\gcs_upload_staging\naresome_thumbnails\RiEq5ddE3c0.jpg,247133,gs://senior-share-staging-570862915709/naresome_thumbnails/RiEq5ddE3c0.jpg,
RibnkHIqElE,E:\Data\ObsidianVault\02_Channels\馴れ初めシネマ\競合チャンネル分析\企画リサーチ_20260605\gcs_upload_staging\naresome_thumbnails\RibnkHIqElE.jpg,258274,gs://senior-share-staging-570862915709/naresome_thumbnails/RibnkHIqElE.jpg,
Rj-NWDUhN8k,E:\Data\ObsidianVault\02_Channels\馴れ初めシネマ\競合チャンネル分析\企画リサーチ_20260605\gcs_upload_staging\naresome_thumbnails\Rj-NWDUhN8k.jpg,250009,gs://senior-share-staging-570862915709/naresome_thumbnails/Rj-NWDUhN8k.jpg,
RkD3neLcL2Q,E:\Data\ObsidianVault\02_Channels\馴れ初めシネマ\競合チャンネル分析\企画リサーチ_20260605\gcs_upload_staging\naresome_thumbnails\RkD3neLcL2Q.jpg,257067,gs://senior-share-staging-570862915709/naresome_thumbnails/RkD3neLcL2Q.jpg,
RkKT1eAcoVk,E:\Data\ObsidianVault\02_Channels\馴れ初めシネマ\競合チャンネル分析\企画リサーチ_20260605\gcs_upload_staging\naresome_thumbnails\RkKT1eAcoVk.jpg,242365,gs://senior-share-staging-570862915709/naresome_thumbnails/RkKT1eAcoVk.jpg,
Rlhe5Qc0zb0,E:\Data\ObsidianVault\02_Channels\馴れ初めシネマ\競合チャンネル分析\企画リサーチ_20260605\gcs_upload_staging\naresome_thumbnails\Rlhe5Qc0zb0.jpg,259858,gs://senior-share-staging-570862915709/naresome_thumbnails/Rlhe5Qc0zb0.jpg,
Rmlv8tiuA2E,E:\Data\ObsidianVault\02_Channels\馴れ初めシネマ\競合チャンネル分析\企画リサーチ_20260605\gcs_upload_staging\naresome_thumbnails\Rmlv8tiuA2E.jpg,245480,gs://senior-share-staging-570862915709/naresome_thumbnails/Rmlv8tiuA2E.jpg,
Ro1HzzuWCtM,E:\Data\ObsidianVault\02_Channels\馴れ初めシネマ\競合チャンネル分析\企画リサーチ_20260605\gcs_upload_staging\naresome_thumbnails\Ro1HzzuWCtM.jpg,244872,gs://senior-share-staging-570862915709/naresome_thumbnails/Ro1HzzuWCtM.jpg,
Ro9le34G3fY,E:\Data\ObsidianVault\02_Channels\馴れ初めシネマ\競合チャンネル分析\企画リサーチ_20260605\gcs_upload_staging\naresome_thumbnails\Ro9le34G3fY.jpg,242380,gs://senior-share-staging-570862915709/naresome_thumbnails/Ro9le34G3fY.jpg,
Rqc3l9SDCk0,E:\Data\ObsidianVault\02_Channels\馴れ初めシネマ\競合チャンネル分析\企画リサーチ_20260605\gcs_upload_staging\naresome_thumbnails\Rqc3l9SDCk0.jpg,250969,gs://senior-share-staging-570862915709/naresome_thumbnails/Rqc3l9SDCk0.jpg,
RrvR6mg6Dgg,E:\Data\ObsidianVault\02_Channels\馴れ初めシネマ\競合チャンネル分析\企画リサーチ_20260605\gcs_upload_staging\naresome_thumbnails\RrvR6mg6Dgg.jpg,240732,gs://senior-share-staging-570862915709/naresome_thumbnails/RrvR6mg6Dgg.jpg,
RttieVHZGDQ,E:\Data\ObsidianVault\02_Channels\馴れ初めシネマ\競合チャンネル分析\企画リサーチ_20260605\gcs_upload_staging\naresome_thumbnails\RttieVHZGDQ.jpg,256547,gs://senior-share-staging-570862915709/naresome_thumbnails/RttieVHZGDQ.jpg,
RuNYjfz5qcI,E:\Data\ObsidianVault\02_Channels\馴れ初めシネマ\競合チャンネル分析\企画リサーチ_20260605\gcs_upload_staging\naresome_thumbnails\RuNYjfz5qcI.jpg,242072,gs://senior-share-staging-570862915709/naresome_thumbnails/RuNYjfz5qcI.jpg,
RwWPLXfaX_g,E:\Data\ObsidianVault\02_Channels\馴れ初めシネマ\競合チャンネル分析\企画リサーチ_20260605\gcs_upload_staging\naresome_thumbnails\RwWPLXfaX_g.jpg,245365,gs://senior-share-staging-570862915709/naresome_thumbnails/RwWPLXfaX_g.jpg,
RyuHfRpt_vA,E:\Data\ObsidianVault\02_Channels\馴れ初めシネマ\競合チャンネル分析\企画リサーチ_20260605\gcs_upload_staging\naresome_thumbnails\RyuHfRpt_vA.jpg,242494,gs://senior-share-staging-570862915709/naresome_thumbnails/RyuHfRpt_vA.jpg,
RzB6DJuHwEw,E:\Data\ObsidianVault\02_Channels\馴れ初めシネマ\競合チャンネル分析\企画リサーチ_20260605\gcs_upload_staging\naresome_thumbnails\RzB6DJuHwEw.jpg,262383,gs://senior-share-staging-570862915709/naresome_thumbnails/RzB6DJuHwEw.jpg,
RzaxJmbksU8,E:\Data\ObsidianVault\02_Channels\馴れ初めシネマ\競合チャンネル分析\企画リサーチ_20260605\gcs_upload_staging\naresome_thumbnails\RzaxJmbksU8.jpg,248330,gs://senior-share-staging-570862915709/naresome_thumbnails/RzaxJmbksU8.jpg,
S-NEIDBNWZU,E:\Data\ObsidianVault\02_Channels\馴れ初めシネマ\競合チャンネル分析\企画リサーチ_20260605\gcs_upload_staging\naresome_thumbnails\S-NEIDBNWZU.jpg,279690,gs://senior-share-staging-570862915709/naresome_thumbnails/S-NEIDBNWZU.jpg,
S1WCrN8hNJQ,E:\Data\ObsidianVault\02_Channels\馴れ初めシネマ\競合チャンネル分析\企画リサーチ_20260605\gcs_upload_staging\naresome_thumbnails\S1WCrN8hNJQ.jpg,254495,gs://senior-share-staging-570862915709/naresome_thumbnails/S1WCrN8hNJQ.jpg,
S2-uIR9doGc,E:\Data\ObsidianVault\02_Channels\馴れ初めシネマ\競合チャンネル分析\企画リサーチ_20260605\gcs_upload_staging\naresome_thumbnails\S2-uIR9doGc.jpg,259019,gs://senior-share-staging-570862915709/naresome_thumbnails/S2-uIR9doGc.jpg,
S2aYxD9Ca9k,E:\Data\ObsidianVault\02_Channels\馴れ初めシネマ\競合チャンネル分析\企画リサーチ_20260605\gcs_upload_staging\naresome_thumbnails\S2aYxD9Ca9k.jpg,258500,gs://senior-share-staging-570862915709/naresome_thumbnails/S2aYxD9Ca9k.jpg,
S31c6ZgNeFc,E:\Data\ObsidianVault\02_Channels\馴れ初めシネマ\競合チャンネル分析\企画リサーチ_20260605\gcs_upload_staging\naresome_thumbnails\S31c6ZgNeFc.jpg,238667,gs://senior-share-staging-570862915709/naresome_thumbnails/S31c6ZgNeFc.jpg,
S4R40Q8uABo,E:\Data\ObsidianVault\02_Channels\馴れ初めシネマ\競合チャンネル分析\企画リサーチ_20260605\gcs_upload_staging\naresome_thumbnails\S4R40Q8uABo.jpg,232227,gs://senior-share-staging-570862915709/naresome_thumbnails/S4R40Q8uABo.jpg,
S4j2VujEU3w,E:\Data\ObsidianVault\02_Channels\馴れ初めシネマ\競合チャンネル分析\企画リサーチ_20260605\gcs_upload_staging\naresome_thumbnails\S4j2VujEU3w.jpg,228373,gs://senior-share-staging-570862915709/naresome_thumbnails/S4j2VujEU3w.jpg,
S4qYIuIm6DA,E:\Data\ObsidianVault\02_Channels\馴れ初めシネマ\競合チャンネル分析\企画リサーチ_20260605\gcs_upload_staging\naresome_thumbnails\S4qYIuIm6DA.jpg,247926,gs://senior-share-staging-570862915709/naresome_thumbnails/S4qYIuIm6DA.jpg,
S6UClvUmFYM,E:\Data\ObsidianVault\02_Channels\馴れ初めシネマ\競合チャンネル分析\企画リサーチ_20260605\gcs_upload_staging\naresome_thumbnails\S6UClvUmFYM.jpg,254240,gs://senior-share-staging-570862915709/naresome_thumbnails/S6UClvUmFYM.jpg,
S6zg3SutgSs,E:\Data\ObsidianVault\02_Channels\馴れ初めシネマ\競合チャンネル分析\企画リサーチ_20260605\gcs_upload_staging\naresome_thumbnails\S6zg3SutgSs.jpg,276378,gs://senior-share-staging-570862915709/naresome_thumbnails/S6zg3SutgSs.jpg,
S9Hzgj4zhaE,E:\Data\ObsidianVault\02_Channels\馴れ初めシネマ\競合チャンネル分析\企画リサーチ_20260605\gcs_upload_staging\naresome_thumbnails\S9Hzgj4zhaE.jpg,357139,gs://senior-share-staging-570862915709/naresome_thumbnails/S9Hzgj4zhaE.jpg,
SBPPbhOXx-M,E:\Data\ObsidianVault\02_Channels\馴れ初めシネマ\競合チャンネル分析\企画リサーチ_20260605\gcs_upload_staging\naresome_thumbnails\SBPPbhOXx-M.jpg,264367,gs://senior-share-staging-570862915709/naresome_thumbnails/SBPPbhOXx-M.jpg,
SC-HOh0NZB8,E:\Data\ObsidianVault\02_Channels\馴れ初めシネマ\競合チャンネル分析\企画リサーチ_20260605\gcs_upload_staging\naresome_thumbnails\SC-HOh0NZB8.jpg,274678,gs://senior-share-staging-570862915709/naresome_thumbnails/SC-HOh0NZB8.jpg,
SDe-G6bhAC4,E:\Data\ObsidianVault\02_Channels\馴れ初めシネマ\競合チャンネル分析\企画リサーチ_20260605\gcs_upload_staging\naresome_thumbnails\SDe-G6bhAC4.jpg,284584,gs://senior-share-staging-570862915709/naresome_thumbnails/SDe-G6bhAC4.jpg,
SFGr4wBdHS0,E:\Data\ObsidianVault\02_Channels\馴れ初めシネマ\競合チャンネル分析\企画リサーチ_20260605\gcs_upload_staging\naresome_thumbnails\SFGr4wBdHS0.jpg,246383,gs://senior-share-staging-570862915709/naresome_thumbnails/SFGr4wBdHS0.jpg,
SH7BJq9AWyM,E:\Data\ObsidianVault\02_Channels\馴れ初めシネマ\競合チャンネル分析\企画リサーチ_20260605\gcs_upload_staging\naresome_thumbnails\SH7BJq9AWyM.jpg,254039,gs://senior-share-staging-570862915709/naresome_thumbnails/SH7BJq9AWyM.jpg,
SIc6-BIjdKk,E:\Data\ObsidianVault\02_Channels\馴れ初めシネマ\競合チャンネル分析\企画リサーチ_20260605\gcs_upload_staging\naresome_thumbnails\SIc6-BIjdKk.jpg,266230,gs://senior-share-staging-570862915709/naresome_thumbnails/SIc6-BIjdKk.jpg,
SJKwBb6wRoo,E:\Data\ObsidianVault\02_Channels\馴れ初めシネマ\競合チャンネル分析\企画リサーチ_20260605\gcs_upload_staging\naresome_thumbnails\SJKwBb6wRoo.jpg,255177,gs://senior-share-staging-570862915709/naresome_thumbnails/SJKwBb6wRoo.jpg,
SKOpMWEbSwU,E:\Data\ObsidianVault\02_Channels\馴れ初めシネマ\競合チャンネル分析\企画リサーチ_20260605\gcs_upload_staging\naresome_thumbnails\SKOpMWEbSwU.jpg,233695,gs://senior-share-staging-570862915709/naresome_thumbnails/SKOpMWEbSwU.jpg,
SKVXC2m8xHg,E:\Data\ObsidianVault\02_Channels\馴れ初めシネマ\競合チャンネル分析\企画リサーチ_20260605\gcs_upload_staging\naresome_thumbnails\SKVXC2m8xHg.jpg,58087,gs://senior-share-staging-570862915709/naresome_thumbnails/SKVXC2m8xHg.jpg,
SKhKHq5X7DI,E:\Data\ObsidianVault\02_Channels\馴れ初めシネマ\競合チャンネル分析\企画リサーチ_20260605\gcs_upload_staging\naresome_thumbnails\SKhKHq5X7DI.jpg,255544,gs://senior-share-staging-570862915709/naresome_thumbnails/SKhKHq5X7DI.jpg,
SL99RfIFi20,E:\Data\ObsidianVault\02_Channels\馴れ初めシネマ\競合チャンネル分析\企画リサーチ_20260605\gcs_upload_staging\naresome_thumbnails\SL99RfIFi20.jpg,252660,gs://senior-share-staging-570862915709/naresome_thumbnails/SL99RfIFi20.jpg,
SQGVzzxaj5o,E:\Data\ObsidianVault\02_Channels\馴れ初めシネマ\競合チャンネル分析\企画リサーチ_20260605\gcs_upload_staging\naresome_thumbnails\SQGVzzxaj5o.jpg,278731,gs://senior-share-staging-570862915709/naresome_thumbnails/SQGVzzxaj5o.jpg,
SQWc6Y_XXw0,E:\Data\ObsidianVault\02_Channels\馴れ初めシネマ\競合チャンネル分析\企画リサーチ_20260605\gcs_upload_staging\naresome_thumbnails\SQWc6Y_XXw0.jpg,268950,gs://senior-share-staging-570862915709/naresome_thumbnails/SQWc6Y_XXw0.jpg,
SRHTRkJkRvU,E:\Data\ObsidianVault\02_Channels\馴れ初めシネマ\競合チャンネル分析\企画リサーチ_20260605\gcs_upload_staging\naresome_thumbnails\SRHTRkJkRvU.jpg,281688,gs://senior-share-staging-570862915709/naresome_thumbnails/SRHTRkJkRvU.jpg,
SRP_c67zenA,E:\Data\ObsidianVault\02_Channels\馴れ初めシネマ\競合チャンネル分析\企画リサーチ_20260605\gcs_upload_staging\naresome_thumbnails\SRP_c67zenA.jpg,267743,gs://senior-share-staging-570862915709/naresome_thumbnails/SRP_c67zenA.jpg,
SS0pjx6shkk,E:\Data\ObsidianVault\02_Channels\馴れ初めシネマ\競合チャンネル分析\企画リサーチ_20260605\gcs_upload_staging\naresome_thumbnails\SS0pjx6shkk.jpg,232620,gs://senior-share-staging-570862915709/naresome_thumbnails/SS0pjx6shkk.jpg,
SSyV5hhV-tw,E:\Data\ObsidianVault\02_Channels\馴れ初めシネマ\競合チャンネル分析\企画リサーチ_20260605\gcs_upload_staging\naresome_thumbnails\SSyV5hhV-tw.jpg,246038,gs://senior-share-staging-570862915709/naresome_thumbnails/SSyV5hhV-tw.jpg,
SUlhUimpvK4,E:\Data\ObsidianVault\02_Channels\馴れ初めシネマ\競合チャンネル分析\企画リサーチ_20260605\gcs_upload_staging\naresome_thumbnails\SUlhUimpvK4.jpg,251621,gs://senior-share-staging-570862915709/naresome_thumbnails/SUlhUimpvK4.jpg,
SVIhobuQh0A,E:\Data\ObsidianVault\02_Channels\馴れ初めシネマ\競合チャンネル分析\企画リサーチ_20260605\gcs_upload_staging\naresome_thumbnails\SVIhobuQh0A.jpg,269328,gs://senior-share-staging-570862915709/naresome_thumbnails/SVIhobuQh0A.jpg,
SVl6bSHQcuU,E:\Data\ObsidianVault\02_Channels\馴れ初めシネマ\競合チャンネル分析\企画リサーチ_20260605\gcs_upload_staging\naresome_thumbnails\SVl6bSHQcuU.jpg,281974,gs://senior-share-staging-570862915709/naresome_thumbnails/SVl6bSHQcuU.jpg,
SZkSU9KdkBM,E:\Data\ObsidianVault\02_Channels\馴れ初めシネマ\競合チャンネル分析\企画リサーチ_20260605\gcs_upload_staging\naresome_thumbnails\SZkSU9KdkBM.jpg,325828,gs://senior-share-staging-570862915709/naresome_thumbnails/SZkSU9KdkBM.jpg,
S_CtbrY7GNs,E:\Data\ObsidianVault\02_Channels\馴れ初めシネマ\競合チャンネル分析\企画リサーチ_20260605\gcs_upload_staging\naresome_thumbnails\S_CtbrY7GNs.jpg,253625,gs://senior-share-staging-570862915709/naresome_thumbnails/S_CtbrY7GNs.jpg,
SaNVBjLrlJw,E:\Data\ObsidianVault\02_Channels\馴れ初めシネマ\競合チャンネル分析\企画リサーチ_20260605\gcs_upload_staging\naresome_thumbnails\SaNVBjLrlJw.jpg,249919,gs://senior-share-staging-570862915709/naresome_thumbnails/SaNVBjLrlJw.jpg,
Sb_N7dZpfzk,E:\Data\ObsidianVault\02_Channels\馴れ初めシネマ\競合チャンネル分析\企画リサーチ_20260605\gcs_upload_staging\naresome_thumbnails\Sb_N7dZpfzk.jpg,252688,gs://senior-share-staging-570862915709/naresome_thumbnails/Sb_N7dZpfzk.jpg,
Sds_ZfjJWDc,E:\Data\ObsidianVault\02_Channels\馴れ初めシネマ\競合チャンネル分析\企画リサーチ_20260605\gcs_upload_staging\naresome_thumbnails\Sds_ZfjJWDc.jpg,272328,gs://senior-share-staging-570862915709/naresome_thumbnails/Sds_ZfjJWDc.jpg,
SgH0TTE8GUI,E:\Data\ObsidianVault\02_Channels\馴れ初めシネマ\競合チャンネル分析\企画リサーチ_20260605\gcs_upload_staging\naresome_thumbnails\SgH0TTE8GUI.jpg,253603,gs://senior-share-staging-570862915709/naresome_thumbnails/SgH0TTE8GUI.jpg,
SgwFm7-Gz4o,E:\Data\ObsidianVault\02_Channels\馴れ初めシネマ\競合チャンネル分析\企画リサーチ_20260605\gcs_upload_staging\naresome_thumbnails\SgwFm7-Gz4o.jpg,263424,gs://senior-share-staging-570862915709/naresome_thumbnails/SgwFm7-Gz4o.jpg,
SiaH7M1aeWE,E:\Data\ObsidianVault\02_Channels\馴れ初めシネマ\競合チャンネル分析\企画リサーチ_20260605\gcs_upload_staging\naresome_thumbnails\SiaH7M1aeWE.jpg,277976,gs://senior-share-staging-570862915709/naresome_thumbnails/SiaH7M1aeWE.jpg,
SllmPcYFXnw,E:\Data\ObsidianVault\02_Channels\馴れ初めシネマ\競合チャンネル分析\企画リサーチ_20260605\gcs_upload_staging\naresome_thumbnails\SllmPcYFXnw.jpg,249427,gs://senior-share-staging-570862915709/naresome_thumbnails/SllmPcYFXnw.jpg,
Sm68Ya0Dc1w,E:\Data\ObsidianVault\02_Channels\馴れ初めシネマ\競合チャンネル分析\企画リサーチ_20260605\gcs_upload_staging\naresome_thumbnails\Sm68Ya0Dc1w.jpg,265574,gs://senior-share-staging-570862915709/naresome_thumbnails/Sm68Ya0Dc1w.jpg,
SnclfBRwH4c,E:\Data\ObsidianVault\02_Channels\馴れ初めシネマ\競合チャンネル分析\企画リサーチ_20260605\gcs_upload_staging\naresome_thumbnails\SnclfBRwH4c.jpg,266745,gs://senior-share-staging-570862915709/naresome_thumbnails/SnclfBRwH4c.jpg,
SnpJ6d8oRbg,E:\Data\ObsidianVault\02_Channels\馴れ初めシネマ\競合チャンネル分析\企画リサーチ_20260605\gcs_upload_staging\naresome_thumbnails\SnpJ6d8oRbg.jpg,264733,gs://senior-share-staging-570862915709/naresome_thumbnails/SnpJ6d8oRbg.jpg,
SpaFEgNT_ZY,E:\Data\ObsidianVault\02_Channels\馴れ初めシネマ\競合チャンネル分析\企画リサーチ_20260605\gcs_upload_staging\naresome_thumbnails\SpaFEgNT_ZY.jpg,242475,gs://senior-share-staging-570862915709/naresome_thumbnails/SpaFEgNT_ZY.jpg,
SprapDv9vPo,E:\Data\ObsidianVault\02_Channels\馴れ初めシネマ\競合チャンネル分析\企画リサーチ_20260605\gcs_upload_staging\naresome_thumbnails\SprapDv9vPo.jpg,250549,gs://senior-share-staging-570862915709/naresome_thumbnails/SprapDv9vPo.jpg,
Sq7sYvUh_Cs,E:\Data\ObsidianVault\02_Channels\馴れ初めシネマ\競合チャンネル分析\企画リサーチ_20260605\gcs_upload_staging\naresome_thumbnails\Sq7sYvUh_Cs.jpg,231154,gs://senior-share-staging-570862915709/naresome_thumbnails/Sq7sYvUh_Cs.jpg,
SqHn3G3mBbk,E:\Data\ObsidianVault\02_Channels\馴れ初めシネマ\競合チャンネル分析\企画リサーチ_20260605\gcs_upload_staging\naresome_thumbnails\SqHn3G3mBbk.jpg,249717,gs://senior-share-staging-570862915709/naresome_thumbnails/SqHn3G3mBbk.jpg,
SqI_fWEPW_M,E:\Data\ObsidianVault\02_Channels\馴れ初めシネマ\競合チャンネル分析\企画リサーチ_20260605\gcs_upload_staging\naresome_thumbnails\SqI_fWEPW_M.jpg,257855,gs://senior-share-staging-570862915709/naresome_thumbnails/SqI_fWEPW_M.jpg,
SrsUVq_3RNo,E:\Data\ObsidianVault\02_Channels\馴れ初めシネマ\競合チャンネル分析\企画リサーチ_20260605\gcs_upload_staging\naresome_thumbnails\SrsUVq_3RNo.jpg,253225,gs://senior-share-staging-570862915709/naresome_thumbnails/SrsUVq_3RNo.jpg,
Ss_ftmP6Jog,E:\Data\ObsidianVault\02_Channels\馴れ初めシネマ\競合チャンネル分析\企画リサーチ_20260605\gcs_upload_staging\naresome_thumbnails\Ss_ftmP6Jog.jpg,242284,gs://senior-share-staging-570862915709/naresome_thumbnails/Ss_ftmP6Jog.jpg,
St4cGxXJgJ0,E:\Data\ObsidianVault\02_Channels\馴れ初めシネマ\競合チャンネル分析\企画リサーチ_20260605\gcs_upload_staging\naresome_thumbnails\St4cGxXJgJ0.jpg,281143,gs://senior-share-staging-570862915709/naresome_thumbnails/St4cGxXJgJ0.jpg,
SuBsmSDa3_I,E:\Data\ObsidianVault\02_Channels\馴れ初めシネマ\競合チャンネル分析\企画リサーチ_20260605\gcs_upload_staging\naresome_thumbnails\SuBsmSDa3_I.jpg,242498,gs://senior-share-staging-570862915709/naresome_thumbnails/SuBsmSDa3_I.jpg,
SvEepXpmX5I,E:\Data\ObsidianVault\02_Channels\馴れ初めシネマ\競合チャンネル分析\企画リサーチ_20260605\gcs_upload_staging\naresome_thumbnails\SvEepXpmX5I.jpg,306720,gs://senior-share-staging-570862915709/naresome_thumbnails/SvEepXpmX5I.jpg,
SvPZwX07q-A,E:\Data\ObsidianVault\02_Channels\馴れ初めシネマ\競合チャンネル分析\企画リサーチ_20260605\gcs_upload_staging\naresome_thumbnails\SvPZwX07q-A.jpg,248708,gs://senior-share-staging-570862915709/naresome_thumbnails/SvPZwX07q-A.jpg,
Svbmt_M3Az0,E:\Data\ObsidianVault\02_Channels\馴れ初めシネマ\競合チャンネル分析\企画リサーチ_20260605\gcs_upload_staging\naresome_thumbnails\Svbmt_M3Az0.jpg,245645,gs://senior-share-staging-570862915709/naresome_thumbnails/Svbmt_M3Az0.jpg,
Svhk7cGp0ns,E:\Data\ObsidianVault\02_Channels\馴れ初めシネマ\競合チャンネル分析\企画リサーチ_20260605\gcs_upload_staging\naresome_thumbnails\Svhk7cGp0ns.jpg,258136,gs://senior-share-staging-570862915709/naresome_thumbnails/Svhk7cGp0ns.jpg,
Sx5ETi9InfA,E:\Data\ObsidianVault\02_Channels\馴れ初めシネマ\競合チャンネル分析\企画リサーチ_20260605\gcs_upload_staging\naresome_thumbnails\Sx5ETi9InfA.jpg,252555,gs://senior-share-staging-570862915709/naresome_thumbnails/Sx5ETi9InfA.jpg,
SyH55GTdRbA,E:\Data\ObsidianVault\02_Channels\馴れ初めシネマ\競合チャンネル分析\企画リサーチ_20260605\gcs_upload_staging\naresome_thumbnails\SyH55GTdRbA.jpg,263684,gs://senior-share-staging-570862915709/naresome_thumbnails/SyH55GTdRbA.jpg,
SzFnxz34VaA,E:\Data\ObsidianVault\02_Channels\馴れ初めシネマ\競合チャンネル分析\企画リサーチ_20260605\gcs_upload_staging\naresome_thumbnails\SzFnxz34VaA.jpg,327393,gs://senior-share-staging-570862915709/naresome_thumbnails/SzFnxz34VaA.jpg,
T12VoCoRa4o,E:\Data\ObsidianVault\02_Channels\馴れ初めシネマ\競合チャンネル分析\企画リサーチ_20260605\gcs_upload_staging\naresome_thumbnails\T12VoCoRa4o.jpg,265334,gs://senior-share-staging-570862915709/naresome_thumbnails/T12VoCoRa4o.jpg,
T4T-kLP5mG0,E:\Data\ObsidianVault\02_Channels\馴れ初めシネマ\競合チャンネル分析\企画リサーチ_20260605\gcs_upload_staging\naresome_thumbnails\T4T-kLP5mG0.jpg,242046,gs://senior-share-staging-570862915709/naresome_thumbnails/T4T-kLP5mG0.jpg,
T5S2zLMgjbU,E:\Data\ObsidianVault\02_Channels\馴れ初めシネマ\競合チャンネル分析\企画リサーチ_20260605\gcs_upload_staging\naresome_thumbnails\T5S2zLMgjbU.jpg,271984,gs://senior-share-staging-570862915709/naresome_thumbnails/T5S2zLMgjbU.jpg,
TB4zO1WkkTg,E:\Data\ObsidianVault\02_Channels\馴れ初めシネマ\競合チャンネル分析\企画リサーチ_20260605\gcs_upload_staging\naresome_thumbnails\TB4zO1WkkTg.jpg,261698,gs://senior-share-staging-570862915709/naresome_thumbnails/TB4zO1WkkTg.jpg,
TBc9tpbXmE4,E:\Data\ObsidianVault\02_Channels\馴れ初めシネマ\競合チャンネル分析\企画リサーチ_20260605\gcs_upload_staging\naresome_thumbnails\TBc9tpbXmE4.jpg,257425,gs://senior-share-staging-570862915709/naresome_thumbnails/TBc9tpbXmE4.jpg,
TDt8S6pNxKs,E:\Data\ObsidianVault\02_Channels\馴れ初めシネマ\競合チャンネル分析\企画リサーチ_20260605\gcs_upload_staging\naresome_thumbnails\TDt8S6pNxKs.jpg,257970,gs://senior-share-staging-570862915709/naresome_thumbnails/TDt8S6pNxKs.jpg,
TESSrT49ST4,E:\Data\ObsidianVault\02_Channels\馴れ初めシネマ\競合チャンネル分析\企画リサーチ_20260605\gcs_upload_staging\naresome_thumbnails\TESSrT49ST4.jpg,227657,gs://senior-share-staging-570862915709/naresome_thumbnails/TESSrT49ST4.jpg,
TE_J-5BcLFM,E:\Data\ObsidianVault\02_Channels\馴れ初めシネマ\競合チャンネル分析\企画リサーチ_20260605\gcs_upload_staging\naresome_thumbnails\TE_J-5BcLFM.jpg,257418,gs://senior-share-staging-570862915709/naresome_thumbnails/TE_J-5BcLFM.jpg,
TH3kK4G4j_g,E:\Data\ObsidianVault\02_Channels\馴れ初めシネマ\競合チャンネル分析\企画リサーチ_20260605\gcs_upload_staging\naresome_thumbnails\TH3kK4G4j_g.jpg,321271,gs://senior-share-staging-570862915709/naresome_thumbnails/TH3kK4G4j_g.jpg,
TIt4EIB9EQQ,E:\Data\ObsidianVault\02_Channels\馴れ初めシネマ\競合チャンネル分析\企画リサーチ_20260605\gcs_upload_staging\naresome_thumbnails\TIt4EIB9EQQ.jpg,245151,gs://senior-share-staging-570862915709/naresome_thumbnails/TIt4EIB9EQQ.jpg,
TJOaezbdUTk,E:\Data\ObsidianVault\02_Channels\馴れ初めシネマ\競合チャンネル分析\企画リサーチ_20260605\gcs_upload_staging\naresome_thumbnails\TJOaezbdUTk.jpg,240127,gs://senior-share-staging-570862915709/naresome_thumbnails/TJOaezbdUTk.jpg,
TJPIqw31E-I,E:\Data\ObsidianVault\02_Channels\馴れ初めシネマ\競合チャンネル分析\企画リサーチ_20260605\gcs_upload_staging\naresome_thumbnails\TJPIqw31E-I.jpg,241230,gs://senior-share-staging-570862915709/naresome_thumbnails/TJPIqw31E-I.jpg,
TKzYTFVyyuc,E:\Data\ObsidianVault\02_Channels\馴れ初めシネマ\競合チャンネル分析\企画リサーチ_20260605\gcs_upload_staging\naresome_thumbnails\TKzYTFVyyuc.jpg,270305,gs://senior-share-staging-570862915709/naresome_thumbnails/TKzYTFVyyuc.jpg,
TNXofNYyjtE,E:\Data\ObsidianVault\02_Channels\馴れ初めシネマ\競合チャンネル分析\企画リサーチ_20260605\gcs_upload_staging\naresome_thumbnails\TNXofNYyjtE.jpg,266041,gs://senior-share-staging-570862915709/naresome_thumbnails/TNXofNYyjtE.jpg,
TOpfokoOQgs,E:\Data\ObsidianVault\02_Channels\馴れ初めシネマ\競合チャンネル分析\企画リサーチ_20260605\gcs_upload_staging\naresome_thumbnails\TOpfokoOQgs.jpg,260598,gs://senior-share-staging-570862915709/naresome_thumbnails/TOpfokoOQgs.jpg,
TPCS7m-7Vhw,E:\Data\ObsidianVault\02_Channels\馴れ初めシネマ\競合チャンネル分析\企画リサーチ_20260605\gcs_upload_staging\naresome_thumbnails\TPCS7m-7Vhw.jpg,242776,gs://senior-share-staging-570862915709/naresome_thumbnails/TPCS7m-7Vhw.jpg,
TPTKEErijEg,E:\Data\ObsidianVault\02_Channels\馴れ初めシネマ\競合チャンネル分析\企画リサーチ_20260605\gcs_upload_staging\naresome_thumbnails\TPTKEErijEg.jpg,255399,gs://senior-share-staging-570862915709/naresome_thumbnails/TPTKEErijEg.jpg,
TQqdv42jTq8,E:\Data\ObsidianVault\02_Channels\馴れ初めシネマ\競合チャンネル分析\企画リサーチ_20260605\gcs_upload_staging\naresome_thumbnails\TQqdv42jTq8.jpg,57607,gs://senior-share-staging-570862915709/naresome_thumbnails/TQqdv42jTq8.jpg,
TS9223qVRqI,E:\Data\ObsidianVault\02_Channels\馴れ初めシネマ\競合チャンネル分析\企画リサーチ_20260605\gcs_upload_staging\naresome_thumbnails\TS9223qVRqI.jpg,240749,gs://senior-share-staging-570862915709/naresome_thumbnails/TS9223qVRqI.jpg,
TSgFoUxv9k4,E:\Data\ObsidianVault\02_Channels\馴れ初めシネマ\競合チャンネル分析\企画リサーチ_20260605\gcs_upload_staging\naresome_thumbnails\TSgFoUxv9k4.jpg,253950,gs://senior-share-staging-570862915709/naresome_thumbnails/TSgFoUxv9k4.jpg,
TT2DQwuhMs8,E:\Data\ObsidianVault\02_Channels\馴れ初めシネマ\競合チャンネル分析\企画リサーチ_20260605\gcs_upload_staging\naresome_thumbnails\TT2DQwuhMs8.jpg,275329,gs://senior-share-staging-570862915709/naresome_thumbnails/TT2DQwuhMs8.jpg,
TTbaZYuI_CM,E:\Data\ObsidianVault\02_Channels\馴れ初めシネマ\競合チャンネル分析\企画リサーチ_20260605\gcs_upload_staging\naresome_thumbnails\TTbaZYuI_CM.jpg,255368,gs://senior-share-staging-570862915709/naresome_thumbnails/TTbaZYuI_CM.jpg,
TVSZuMY2AeI,E:\Data\ObsidianVault\02_Channels\馴れ初めシネマ\競合チャンネル分析\企画リサーチ_20260605\gcs_upload_staging\naresome_thumbnails\TVSZuMY2AeI.jpg,254699,gs://senior-share-staging-570862915709/naresome_thumbnails/TVSZuMY2AeI.jpg,
TYxE5J1_UZU,E:\Data\ObsidianVault\02_Channels\馴れ初めシネマ\競合チャンネル分析\企画リサーチ_20260605\gcs_upload_staging\naresome_thumbnails\TYxE5J1_UZU.jpg,312771,gs://senior-share-staging-570862915709/naresome_thumbnails/TYxE5J1_UZU.jpg,
TZWjzRBnnsg,E:\Data\ObsidianVault\02_Channels\馴れ初めシネマ\競合チャンネル分析\企画リサーチ_20260605\gcs_upload_staging\naresome_thumbnails\TZWjzRBnnsg.jpg,271689,gs://senior-share-staging-570862915709/naresome_thumbnails/TZWjzRBnnsg.jpg,
TZxL_-Acn4M,E:\Data\ObsidianVault\02_Channels\馴れ初めシネマ\競合チャンネル分析\企画リサーチ_20260605\gcs_upload_staging\naresome_thumbnails\TZxL_-Acn4M.jpg,261427,gs://senior-share-staging-570862915709/naresome_thumbnails/TZxL_-Acn4M.jpg,
T_OAK1dFIzc,E:\Data\ObsidianVault\02_Channels\馴れ初めシネマ\競合チャンネル分析\企画リサーチ_20260605\gcs_upload_staging\naresome_thumbnails\T_OAK1dFIzc.jpg,251926,gs://senior-share-staging-570862915709/naresome_thumbnails/T_OAK1dFIzc.jpg,
T_OqIx2dCdY,E:\Data\ObsidianVault\02_Channels\馴れ初めシネマ\競合チャンネル分析\企画リサーチ_20260605\gcs_upload_staging\naresome_thumbnails\T_OqIx2dCdY.jpg,266530,gs://senior-share-staging-570862915709/naresome_thumbnails/T_OqIx2dCdY.jpg,
T_R_YKrS-2Q,E:\Data\ObsidianVault\02_Channels\馴れ初めシネマ\競合チャンネル分析\企画リサーチ_20260605\gcs_upload_staging\naresome_thumbnails\T_R_YKrS-2Q.jpg,261029,gs://senior-share-staging-570862915709/naresome_thumbnails/T_R_YKrS-2Q.jpg,
TaCDTr3Y0Hg,E:\Data\ObsidianVault\02_Channels\馴れ初めシネマ\競合チャンネル分析\企画リサーチ_20260605\gcs_upload_staging\naresome_thumbnails\TaCDTr3Y0Hg.jpg,245641,gs://senior-share-staging-570862915709/naresome_thumbnails/TaCDTr3Y0Hg.jpg,
TaD09oKJCjM,E:\Data\ObsidianVault\02_Channels\馴れ初めシネマ\競合チャンネル分析\企画リサーチ_20260605\gcs_upload_staging\naresome_thumbnails\TaD09oKJCjM.jpg,263252,gs://senior-share-staging-570862915709/naresome_thumbnails/TaD09oKJCjM.jpg,
TcFLysZg5Lo,E:\Data\ObsidianVault\02_Channels\馴れ初めシネマ\競合チャンネル分析\企画リサーチ_20260605\gcs_upload_staging\naresome_thumbnails\TcFLysZg5Lo.jpg,231569,gs://senior-share-staging-570862915709/naresome_thumbnails/TcFLysZg5Lo.jpg,
TckB7t6Ubd4,E:\Data\ObsidianVault\02_Channels\馴れ初めシネマ\競合チャンネル分析\企画リサーチ_20260605\gcs_upload_staging\naresome_thumbnails\TckB7t6Ubd4.jpg,263312,gs://senior-share-staging-570862915709/naresome_thumbnails/TckB7t6Ubd4.jpg,
Tcu72fI4fcE,E:\Data\ObsidianVault\02_Channels\馴れ初めシネマ\競合チャンネル分析\企画リサーチ_20260605\gcs_upload_staging\naresome_thumbnails\Tcu72fI4fcE.jpg,245111,gs://senior-share-staging-570862915709/naresome_thumbnails/Tcu72fI4fcE.jpg,
TdZSQTmri60,E:\Data\ObsidianVault\02_Channels\馴れ初めシネマ\競合チャンネル分析\企画リサーチ_20260605\gcs_upload_staging\naresome_thumbnails\TdZSQTmri60.jpg,274030,gs://senior-share-staging-570862915709/naresome_thumbnails/TdZSQTmri60.jpg,
TdhkhmfC4sc,E:\Data\ObsidianVault\02_Channels\馴れ初めシネマ\競合チャンネル分析\企画リサーチ_20260605\gcs_upload_staging\naresome_thumbnails\TdhkhmfC4sc.jpg,265471,gs://senior-share-staging-570862915709/naresome_thumbnails/TdhkhmfC4sc.jpg,
TeSphLEJEzg,E:\Data\ObsidianVault\02_Channels\馴れ初めシネマ\競合チャンネル分析\企画リサーチ_20260605\gcs_upload_staging\naresome_thumbnails\TeSphLEJEzg.jpg,236115,gs://senior-share-staging-570862915709/naresome_thumbnails/TeSphLEJEzg.jpg,
TgPdWIMI0VI,E:\Data\ObsidianVault\02_Channels\馴れ初めシネマ\競合チャンネル分析\企画リサーチ_20260605\gcs_upload_staging\naresome_thumbnails\TgPdWIMI0VI.jpg,272296,gs://senior-share-staging-570862915709/naresome_thumbnails/TgPdWIMI0VI.jpg,
TkrJM81dI_s,E:\Data\ObsidianVault\02_Channels\馴れ初めシネマ\競合チャンネル分析\企画リサーチ_20260605\gcs_upload_staging\naresome_thumbnails\TkrJM81dI_s.jpg,251702,gs://senior-share-staging-570862915709/naresome_thumbnails/TkrJM81dI_s.jpg,
TlQa28xxmvA,E:\Data\ObsidianVault\02_Channels\馴れ初めシネマ\競合チャンネル分析\企画リサーチ_20260605\gcs_upload_staging\naresome_thumbnails\TlQa28xxmvA.jpg,261944,gs://senior-share-staging-570862915709/naresome_thumbnails/TlQa28xxmvA.jpg,
TnM-uMmj-Es,E:\Data\ObsidianVault\02_Channels\馴れ初めシネマ\競合チャンネル分析\企画リサーチ_20260605\gcs_upload_staging\naresome_thumbnails\TnM-uMmj-Es.jpg,251287,gs://senior-share-staging-570862915709/naresome_thumbnails/TnM-uMmj-Es.jpg,
Tq15M_oQdso,E:\Data\ObsidianVault\02_Channels\馴れ初めシネマ\競合チャンネル分析\企画リサーチ_20260605\gcs_upload_staging\naresome_thumbnails\Tq15M_oQdso.jpg,245360,gs://senior-share-staging-570862915709/naresome_thumbnails/Tq15M_oQdso.jpg,
TqVHJ8lkgyQ,E:\Data\ObsidianVault\02_Channels\馴れ初めシネマ\競合チャンネル分析\企画リサーチ_20260605\gcs_upload_staging\naresome_thumbnails\TqVHJ8lkgyQ.jpg,263568,gs://senior-share-staging-570862915709/naresome_thumbnails/TqVHJ8lkgyQ.jpg,
TrwnVIl_-0U,E:\Data\ObsidianVault\02_Channels\馴れ初めシネマ\競合チャンネル分析\企画リサーチ_20260605\gcs_upload_staging\naresome_thumbnails\TrwnVIl_-0U.jpg,257014,gs://senior-share-staging-570862915709/naresome_thumbnails/TrwnVIl_-0U.jpg,
TtGC7S7Zvn8,E:\Data\ObsidianVault\02_Channels\馴れ初めシネマ\競合チャンネル分析\企画リサーチ_20260605\gcs_upload_staging\naresome_thumbnails\TtGC7S7Zvn8.jpg,244493,gs://senior-share-staging-570862915709/naresome_thumbnails/TtGC7S7Zvn8.jpg,
Ttb67o4Pz6A,E:\Data\ObsidianVault\02_Channels\馴れ初めシネマ\競合チャンネル分析\企画リサーチ_20260605\gcs_upload_staging\naresome_thumbnails\Ttb67o4Pz6A.jpg,312037,gs://senior-share-staging-570862915709/naresome_thumbnails/Ttb67o4Pz6A.jpg,
Tui8sjLRUWs,E:\Data\ObsidianVault\02_Channels\馴れ初めシネマ\競合チャンネル分析\企画リサーチ_20260605\gcs_upload_staging\naresome_thumbnails\Tui8sjLRUWs.jpg,271401,gs://senior-share-staging-570862915709/naresome_thumbnails/Tui8sjLRUWs.jpg,
TvCnhXgX6yk,E:\Data\ObsidianVault\02_Channels\馴れ初めシネマ\競合チャンネル分析\企画リサーチ_20260605\gcs_upload_staging\naresome_thumbnails\TvCnhXgX6yk.jpg,321996,gs://senior-share-staging-570862915709/naresome_thumbnails/TvCnhXgX6yk.jpg,
TvkI1JA_94o,E:\Data\ObsidianVault\02_Channels\馴れ初めシネマ\競合チャンネル分析\企画リサーチ_20260605\gcs_upload_staging\naresome_thumbnails\TvkI1JA_94o.jpg,245077,gs://senior-share-staging-570862915709/naresome_thumbnails/TvkI1JA_94o.jpg,
Tw4nFsNiRwA,E:\Data\ObsidianVault\02_Channels\馴れ初めシネマ\競合チャンネル分析\企画リサーチ_20260605\gcs_upload_staging\naresome_thumbnails\Tw4nFsNiRwA.jpg,257637,gs://senior-share-staging-570862915709/naresome_thumbnails/Tw4nFsNiRwA.jpg,
Tyjm10it8FQ,E:\Data\ObsidianVault\02_Channels\馴れ初めシネマ\競合チャンネル分析\企画リサーチ_20260605\gcs_upload_staging\naresome_thumbnails\Tyjm10it8FQ.jpg,293240,gs://senior-share-staging-570862915709/naresome_thumbnails/Tyjm10it8FQ.jpg,
TyrB7lgI5ZA,E:\Data\ObsidianVault\02_Channels\馴れ初めシネマ\競合チャンネル分析\企画リサーチ_20260605\gcs_upload_staging\naresome_thumbnails\TyrB7lgI5ZA.jpg,252412,gs://senior-share-staging-570862915709/naresome_thumbnails/TyrB7lgI5ZA.jpg,
U29Vz990RVM,E:\Data\ObsidianVault\02_Channels\馴れ初めシネマ\競合チャンネル分析\企画リサーチ_20260605\gcs_upload_staging\naresome_thumbnails\U29Vz990RVM.jpg,277028,gs://senior-share-staging-570862915709/naresome_thumbnails/U29Vz990RVM.jpg,
U3l4gEoEf9E,E:\Data\ObsidianVault\02_Channels\馴れ初めシネマ\競合チャンネル分析\企画リサーチ_20260605\gcs_upload_staging\naresome_thumbnails\U3l4gEoEf9E.jpg,321566,gs://senior-share-staging-570862915709/naresome_thumbnails/U3l4gEoEf9E.jpg,
U3yT_xyTDGE,E:\Data\ObsidianVault\02_Channels\馴れ初めシネマ\競合チャンネル分析\企画リサーチ_20260605\gcs_upload_staging\naresome_thumbnails\U3yT_xyTDGE.jpg,272500,gs://senior-share-staging-570862915709/naresome_thumbnails/U3yT_xyTDGE.jpg,
U84LIhRR1Ys,E:\Data\ObsidianVault\02_Channels\馴れ初めシネマ\競合チャンネル分析\企画リサーチ_20260605\gcs_upload_staging\naresome_thumbnails\U84LIhRR1Ys.jpg,327507,gs://senior-share-staging-570862915709/naresome_thumbnails/U84LIhRR1Ys.jpg,
U8Wz3Wvk57U,E:\Data\ObsidianVault\02_Channels\馴れ初めシネマ\競合チャンネル分析\企画リサーチ_20260605\gcs_upload_staging\naresome_thumbnails\U8Wz3Wvk57U.jpg,264461,gs://senior-share-staging-570862915709/naresome_thumbnails/U8Wz3Wvk57U.jpg,
U8imMPfqGTE,E:\Data\ObsidianVault\02_Channels\馴れ初めシネマ\競合チャンネル分析\企画リサーチ_20260605\gcs_upload_staging\naresome_thumbnails\U8imMPfqGTE.jpg,243297,gs://senior-share-staging-570862915709/naresome_thumbnails/U8imMPfqGTE.jpg,
U9-JTgNhD0Q,E:\Data\ObsidianVault\02_Channels\馴れ初めシネマ\競合チャンネル分析\企画リサーチ_20260605\gcs_upload_staging\naresome_thumbnails\U9-JTgNhD0Q.jpg,258741,gs://senior-share-staging-570862915709/naresome_thumbnails/U9-JTgNhD0Q.jpg,
U9fai-U-2k0,E:\Data\ObsidianVault\02_Channels\馴れ初めシネマ\競合チャンネル分析\企画リサーチ_20260605\gcs_upload_staging\naresome_thumbnails\U9fai-U-2k0.jpg,233783,gs://senior-share-staging-570862915709/naresome_thumbnails/U9fai-U-2k0.jpg,
U9yAvFvPAWI,E:\Data\ObsidianVault\02_Channels\馴れ初めシネマ\競合チャンネル分析\企画リサーチ_20260605\gcs_upload_staging\naresome_thumbnails\U9yAvFvPAWI.jpg,273042,gs://senior-share-staging-570862915709/naresome_thumbnails/U9yAvFvPAWI.jpg,
UAsXNHMQHbw,E:\Data\ObsidianVault\02_Channels\馴れ初めシネマ\競合チャンネル分析\企画リサーチ_20260605\gcs_upload_staging\naresome_thumbnails\UAsXNHMQHbw.jpg,245370,gs://senior-share-staging-570862915709/naresome_thumbnails/UAsXNHMQHbw.jpg,
UDdfRRcSFB0,E:\Data\ObsidianVault\02_Channels\馴れ初めシネマ\競合チャンネル分析\企画リサーチ_20260605\gcs_upload_staging\naresome_thumbnails\UDdfRRcSFB0.jpg,275341,gs://senior-share-staging-570862915709/naresome_thumbnails/UDdfRRcSFB0.jpg,
UDe2Al-Pyps,E:\Data\ObsidianVault\02_Channels\馴れ初めシネマ\競合チャンネル分析\企画リサーチ_20260605\gcs_upload_staging\naresome_thumbnails\UDe2Al-Pyps.jpg,254044,gs://senior-share-staging-570862915709/naresome_thumbnails/UDe2Al-Pyps.jpg,
UEqgsk_Of_M,E:\Data\ObsidianVault\02_Channels\馴れ初めシネマ\競合チャンネル分析\企画リサーチ_20260605\gcs_upload_staging\naresome_thumbnails\UEqgsk_Of_M.jpg,225779,gs://senior-share-staging-570862915709/naresome_thumbnails/UEqgsk_Of_M.jpg,
UFaktFfHe2s,E:\Data\ObsidianVault\02_Channels\馴れ初めシネマ\競合チャンネル分析\企画リサーチ_20260605\gcs_upload_staging\naresome_thumbnails\UFaktFfHe2s.jpg,268741,gs://senior-share-staging-570862915709/naresome_thumbnails/UFaktFfHe2s.jpg,
UHue3GPGJLE,E:\Data\ObsidianVault\02_Channels\馴れ初めシネマ\競合チャンネル分析\企画リサーチ_20260605\gcs_upload_staging\naresome_thumbnails\UHue3GPGJLE.jpg,256701,gs://senior-share-staging-570862915709/naresome_thumbnails/UHue3GPGJLE.jpg,
UIej-96prt0,E:\Data\ObsidianVault\02_Channels\馴れ初めシネマ\競合チャンネル分析\企画リサーチ_20260605\gcs_upload_staging\naresome_thumbnails\UIej-96prt0.jpg,293538,gs://senior-share-staging-570862915709/naresome_thumbnails/UIej-96prt0.jpg,
UJxDfQpcR14,E:\Data\ObsidianVault\02_Channels\馴れ初めシネマ\競合チャンネル分析\企画リサーチ_20260605\gcs_upload_staging\naresome_thumbnails\UJxDfQpcR14.jpg,269097,gs://senior-share-staging-570862915709/naresome_thumbnails/UJxDfQpcR14.jpg,
UKVTSX1vwP0,E:\Data\ObsidianVault\02_Channels\馴れ初めシネマ\競合チャンネル分析\企画リサーチ_20260605\gcs_upload_staging\naresome_thumbnails\UKVTSX1vwP0.jpg,229080,gs://senior-share-staging-570862915709/naresome_thumbnails/UKVTSX1vwP0.jpg,
ULBd4-EkO1E,E:\Data\ObsidianVault\02_Channels\馴れ初めシネマ\競合チャンネル分析\企画リサーチ_20260605\gcs_upload_staging\naresome_thumbnails\ULBd4-EkO1E.jpg,245524,gs://senior-share-staging-570862915709/naresome_thumbnails/ULBd4-EkO1E.jpg,
ULfwqjaanGE,E:\Data\ObsidianVault\02_Channels\馴れ初めシネマ\競合チャンネル分析\企画リサーチ_20260605\gcs_upload_staging\naresome_thumbnails\ULfwqjaanGE.jpg,271271,gs://senior-share-staging-570862915709/naresome_thumbnails/ULfwqjaanGE.jpg,
UMFWZmCLIOA,E:\Data\ObsidianVault\02_Channels\馴れ初めシネマ\競合チャンネル分析\企画リサーチ_20260605\gcs_upload_staging\naresome_thumbnails\UMFWZmCLIOA.jpg,238398,gs://senior-share-staging-570862915709/naresome_thumbnails/UMFWZmCLIOA.jpg,
UMQQrIAhmgA,E:\Data\ObsidianVault\02_Channels\馴れ初めシネマ\競合チャンネル分析\企画リサーチ_20260605\gcs_upload_staging\naresome_thumbnails\UMQQrIAhmgA.jpg,260929,gs://senior-share-staging-570862915709/naresome_thumbnails/UMQQrIAhmgA.jpg,
UPBtQ9v4Oqs,E:\Data\ObsidianVault\02_Channels\馴れ初めシネマ\競合チャンネル分析\企画リサーチ_20260605\gcs_upload_staging\naresome_thumbnails\UPBtQ9v4Oqs.jpg,260506,gs://senior-share-staging-570862915709/naresome_thumbnails/UPBtQ9v4Oqs.jpg,
UQX61qYYj_s,E:\Data\ObsidianVault\02_Channels\馴れ初めシネマ\競合チャンネル分析\企画リサーチ_20260605\gcs_upload_staging\naresome_thumbnails\UQX61qYYj_s.jpg,248968,gs://senior-share-staging-570862915709/naresome_thumbnails/UQX61qYYj_s.jpg,
USNLJVai100,E:\Data\ObsidianVault\02_Channels\馴れ初めシネマ\競合チャンネル分析\企画リサーチ_20260605\gcs_upload_staging\naresome_thumbnails\USNLJVai100.jpg,260752,gs://senior-share-staging-570862915709/naresome_thumbnails/USNLJVai100.jpg,
UTCQBkdg0Ig,E:\Data\ObsidianVault\02_Channels\馴れ初めシネマ\競合チャンネル分析\企画リサーチ_20260605\gcs_upload_staging\naresome_thumbnails\UTCQBkdg0Ig.jpg,253619,gs://senior-share-staging-570862915709/naresome_thumbnails/UTCQBkdg0Ig.jpg,
UTzniJ_AOh8,E:\Data\ObsidianVault\02_Channels\馴れ初めシネマ\競合チャンネル分析\企画リサーチ_20260605\gcs_upload_staging\naresome_thumbnails\UTzniJ_AOh8.jpg,296778,gs://senior-share-staging-570862915709/naresome_thumbnails/UTzniJ_AOh8.jpg,
UU1PuMrXiog,E:\Data\ObsidianVault\02_Channels\馴れ初めシネマ\競合チャンネル分析\企画リサーチ_20260605\gcs_upload_staging\naresome_thumbnails\UU1PuMrXiog.jpg,254213,gs://senior-share-staging-570862915709/naresome_thumbnails/UU1PuMrXiog.jpg,
UUAHv8ofRoA,E:\Data\ObsidianVault\02_Channels\馴れ初めシネマ\競合チャンネル分析\企画リサーチ_20260605\gcs_upload_staging\naresome_thumbnails\UUAHv8ofRoA.jpg,237517,gs://senior-share-staging-570862915709/naresome_thumbnails/UUAHv8ofRoA.jpg,
UXQ_NOkHKOk,E:\Data\ObsidianVault\02_Channels\馴れ初めシネマ\競合チャンネル分析\企画リサーチ_20260605\gcs_upload_staging\naresome_thumbnails\UXQ_NOkHKOk.jpg,253466,gs://senior-share-staging-570862915709/naresome_thumbnails/UXQ_NOkHKOk.jpg,
U_xWOye-UOY,E:\Data\ObsidianVault\02_Channels\馴れ初めシネマ\競合チャンネル分析\企画リサーチ_20260605\gcs_upload_staging\naresome_thumbnails\U_xWOye-UOY.jpg,259323,gs://senior-share-staging-570862915709/naresome_thumbnails/U_xWOye-UOY.jpg,
Ua7miuhD2lk,E:\Data\ObsidianVault\02_Channels\馴れ初めシネマ\競合チャンネル分析\企画リサーチ_20260605\gcs_upload_staging\naresome_thumbnails\Ua7miuhD2lk.jpg,315113,gs://senior-share-staging-570862915709/naresome_thumbnails/Ua7miuhD2lk.jpg,
UaBDZx4t4D0,E:\Data\ObsidianVault\02_Channels\馴れ初めシネマ\競合チャンネル分析\企画リサーチ_20260605\gcs_upload_staging\naresome_thumbnails\UaBDZx4t4D0.jpg,260959,gs://senior-share-staging-570862915709/naresome_thumbnails/UaBDZx4t4D0.jpg,
Ub0UzVSxu0Q,E:\Data\ObsidianVault\02_Channels\馴れ初めシネマ\競合チャンネル分析\企画リサーチ_20260605\gcs_upload_staging\naresome_thumbnails\Ub0UzVSxu0Q.jpg,304199,gs://senior-share-staging-570862915709/naresome_thumbnails/Ub0UzVSxu0Q.jpg,
UbSzGiQZH74,E:\Data\ObsidianVault\02_Channels\馴れ初めシネマ\競合チャンネル分析\企画リサーチ_20260605\gcs_upload_staging\naresome_thumbnails\UbSzGiQZH74.jpg,272618,gs://senior-share-staging-570862915709/naresome_thumbnails/UbSzGiQZH74.jpg,
UdCsiHOhMn4,E:\Data\ObsidianVault\02_Channels\馴れ初めシネマ\競合チャンネル分析\企画リサーチ_20260605\gcs_upload_staging\naresome_thumbnails\UdCsiHOhMn4.jpg,258440,gs://senior-share-staging-570862915709/naresome_thumbnails/UdCsiHOhMn4.jpg,
UdzeLEX0r6o,E:\Data\ObsidianVault\02_Channels\馴れ初めシネマ\競合チャンネル分析\企画リサーチ_20260605\gcs_upload_staging\naresome_thumbnails\UdzeLEX0r6o.jpg,311026,gs://senior-share-staging-570862915709/naresome_thumbnails/UdzeLEX0r6o.jpg,
UeYjJCcophM,E:\Data\ObsidianVault\02_Channels\馴れ初めシネマ\競合チャンネル分析\企画リサーチ_20260605\gcs_upload_staging\naresome_thumbnails\UeYjJCcophM.jpg,269395,gs://senior-share-staging-570862915709/naresome_thumbnails/UeYjJCcophM.jpg,
UhgKWQ19ydI,E:\Data\ObsidianVault\02_Channels\馴れ初めシネマ\競合チャンネル分析\企画リサーチ_20260605\gcs_upload_staging\naresome_thumbnails\UhgKWQ19ydI.jpg,257206,gs://senior-share-staging-570862915709/naresome_thumbnails/UhgKWQ19ydI.jpg,
Ui8EN40ARDE,E:\Data\ObsidianVault\02_Channels\馴れ初めシネマ\競合チャンネル分析\企画リサーチ_20260605\gcs_upload_staging\naresome_thumbnails\Ui8EN40ARDE.jpg,282358,gs://senior-share-staging-570862915709/naresome_thumbnails/Ui8EN40ARDE.jpg,
Uih12JBbMNY,E:\Data\ObsidianVault\02_Channels\馴れ初めシネマ\競合チャンネル分析\企画リサーチ_20260605\gcs_upload_staging\naresome_thumbnails\Uih12JBbMNY.jpg,249516,gs://senior-share-staging-570862915709/naresome_thumbnails/Uih12JBbMNY.jpg,
Ujs1HiRBbtI,E:\Data\ObsidianVault\02_Channels\馴れ初めシネマ\競合チャンネル分析\企画リサーチ_20260605\gcs_upload_staging\naresome_thumbnails\Ujs1HiRBbtI.jpg,261051,gs://senior-share-staging-570862915709/naresome_thumbnails/Ujs1HiRBbtI.jpg,
Ul3VdINV1qk,E:\Data\ObsidianVault\02_Channels\馴れ初めシネマ\競合チャンネル分析\企画リサーチ_20260605\gcs_upload_staging\naresome_thumbnails\Ul3VdINV1qk.jpg,246873,gs://senior-share-staging-570862915709/naresome_thumbnails/Ul3VdINV1qk.jpg,
UlMRs2Mo6Aw,E:\Data\ObsidianVault\02_Channels\馴れ初めシネマ\競合チャンネル分析\企画リサーチ_20260605\gcs_upload_staging\naresome_thumbnails\UlMRs2Mo6Aw.jpg,231202,gs://senior-share-staging-570862915709/naresome_thumbnails/UlMRs2Mo6Aw.jpg,
UlTqVHNKeM0,E:\Data\ObsidianVault\02_Channels\馴れ初めシネマ\競合チャンネル分析\企画リサーチ_20260605\gcs_upload_staging\naresome_thumbnails\UlTqVHNKeM0.jpg,266670,gs://senior-share-staging-570862915709/naresome_thumbnails/UlTqVHNKeM0.jpg,
UlrwD5F3ShM,E:\Data\ObsidianVault\02_Channels\馴れ初めシネマ\競合チャンネル分析\企画リサーチ_20260605\gcs_upload_staging\naresome_thumbnails\UlrwD5F3ShM.jpg,273848,gs://senior-share-staging-570862915709/naresome_thumbnails/UlrwD5F3ShM.jpg,
Uoy3Vg9qiQU,E:\Data\ObsidianVault\02_Channels\馴れ初めシネマ\競合チャンネル分析\企画リサーチ_20260605\gcs_upload_staging\naresome_thumbnails\Uoy3Vg9qiQU.jpg,334074,gs://senior-share-staging-570862915709/naresome_thumbnails/Uoy3Vg9qiQU.jpg,
Uvg6B51MwSM,E:\Data\ObsidianVault\02_Channels\馴れ初めシネマ\競合チャンネル分析\企画リサーチ_20260605\gcs_upload_staging\naresome_thumbnails\Uvg6B51MwSM.jpg,264565,gs://senior-share-staging-570862915709/naresome_thumbnails/Uvg6B51MwSM.jpg,
Uxj9d-_12I4,E:\Data\ObsidianVault\02_Channels\馴れ初めシネマ\競合チャンネル分析\企画リサーチ_20260605\gcs_upload_staging\naresome_thumbnails\Uxj9d-_12I4.jpg,250285,gs://senior-share-staging-570862915709/naresome_thumbnails/Uxj9d-_12I4.jpg,
Uz6Ahka8HVo,E:\Data\ObsidianVault\02_Channels\馴れ初めシネマ\競合チャンネル分析\企画リサーチ_20260605\gcs_upload_staging\naresome_thumbnails\Uz6Ahka8HVo.jpg,246348,gs://senior-share-staging-570862915709/naresome_thumbnails/Uz6Ahka8HVo.jpg,
V02h9TeFTc8,E:\Data\ObsidianVault\02_Channels\馴れ初めシネマ\競合チャンネル分析\企画リサーチ_20260605\gcs_upload_staging\naresome_thumbnails\V02h9TeFTc8.jpg,256523,gs://senior-share-staging-570862915709/naresome_thumbnails/V02h9TeFTc8.jpg,
V0oXFrNYl74,E:\Data\ObsidianVault\02_Channels\馴れ初めシネマ\競合チャンネル分析\企画リサーチ_20260605\gcs_upload_staging\naresome_thumbnails\V0oXFrNYl74.jpg,261513,gs://senior-share-staging-570862915709/naresome_thumbnails/V0oXFrNYl74.jpg,
V1-oq7OQCb8,E:\Data\ObsidianVault\02_Channels\馴れ初めシネマ\競合チャンネル分析\企画リサーチ_20260605\gcs_upload_staging\naresome_thumbnails\V1-oq7OQCb8.jpg,58973,gs://senior-share-staging-570862915709/naresome_thumbnails/V1-oq7OQCb8.jpg,
V1Rp-OUtLxQ,E:\Data\ObsidianVault\02_Channels\馴れ初めシネマ\競合チャンネル分析\企画リサーチ_20260605\gcs_upload_staging\naresome_thumbnails\V1Rp-OUtLxQ.jpg,229926,gs://senior-share-staging-570862915709/naresome_thumbnails/V1Rp-OUtLxQ.jpg,
V1mx4VPyjj4,E:\Data\ObsidianVault\02_Channels\馴れ初めシネマ\競合チャンネル分析\企画リサーチ_20260605\gcs_upload_staging\naresome_thumbnails\V1mx4VPyjj4.jpg,263572,gs://senior-share-staging-570862915709/naresome_thumbnails/V1mx4VPyjj4.jpg,
V48Oznocrbs,E:\Data\ObsidianVault\02_Channels\馴れ初めシネマ\競合チャンネル分析\企画リサーチ_20260605\gcs_upload_staging\naresome_thumbnails\V48Oznocrbs.jpg,255414,gs://senior-share-staging-570862915709/naresome_thumbnails/V48Oznocrbs.jpg,
V5_3xXwjy2U,E:\Data\ObsidianVault\02_Channels\馴れ初めシネマ\競合チャンネル分析\企画リサーチ_20260605\gcs_upload_staging\naresome_thumbnails\V5_3xXwjy2U.jpg,259723,gs://senior-share-staging-570862915709/naresome_thumbnails/V5_3xXwjy2U.jpg,
V6Y3LqbPCAU,E:\Data\ObsidianVault\02_Channels\馴れ初めシネマ\競合チャンネル分析\企画リサーチ_20260605\gcs_upload_staging\naresome_thumbnails\V6Y3LqbPCAU.jpg,268960,gs://senior-share-staging-570862915709/naresome_thumbnails/V6Y3LqbPCAU.jpg,
V8Xj0C-HY9Q,E:\Data\ObsidianVault\02_Channels\馴れ初めシネマ\競合チャンネル分析\企画リサーチ_20260605\gcs_upload_staging\naresome_thumbnails\V8Xj0C-HY9Q.jpg,258676,gs://senior-share-staging-570862915709/naresome_thumbnails/V8Xj0C-HY9Q.jpg,
V8uCEpU0T1g,E:\Data\ObsidianVault\02_Channels\馴れ初めシネマ\競合チャンネル分析\企画リサーチ_20260605\gcs_upload_staging\naresome_thumbnails\V8uCEpU0T1g.jpg,265514,gs://senior-share-staging-570862915709/naresome_thumbnails/V8uCEpU0T1g.jpg,
VA6lNChjGrA,E:\Data\ObsidianVault\02_Channels\馴れ初めシネマ\競合チャンネル分析\企画リサーチ_20260605\gcs_upload_staging\naresome_thumbnails\VA6lNChjGrA.jpg,270013,gs://senior-share-staging-570862915709/naresome_thumbnails/VA6lNChjGrA.jpg,
VAR2uIEPu5Q,E:\Data\ObsidianVault\02_Channels\馴れ初めシネマ\競合チャンネル分析\企画リサーチ_20260605\gcs_upload_staging\naresome_thumbnails\VAR2uIEPu5Q.jpg,228657,gs://senior-share-staging-570862915709/naresome_thumbnails/VAR2uIEPu5Q.jpg,
VAebSkG8hC0,E:\Data\ObsidianVault\02_Channels\馴れ初めシネマ\競合チャンネル分析\企画リサーチ_20260605\gcs_upload_staging\naresome_thumbnails\VAebSkG8hC0.jpg,240951,gs://senior-share-staging-570862915709/naresome_thumbnails/VAebSkG8hC0.jpg,
VAjVicQhQ3k,E:\Data\ObsidianVault\02_Channels\馴れ初めシネマ\競合チャンネル分析\企画リサーチ_20260605\gcs_upload_staging\naresome_thumbnails\VAjVicQhQ3k.jpg,230263,gs://senior-share-staging-570862915709/naresome_thumbnails/VAjVicQhQ3k.jpg,
VB3cwYZDfRI,E:\Data\ObsidianVault\02_Channels\馴れ初めシネマ\競合チャンネル分析\企画リサーチ_20260605\gcs_upload_staging\naresome_thumbnails\VB3cwYZDfRI.jpg,258736,gs://senior-share-staging-570862915709/naresome_thumbnails/VB3cwYZDfRI.jpg,
VBTDLrb9Yr0,E:\Data\ObsidianVault\02_Channels\馴れ初めシネマ\競合チャンネル分析\企画リサーチ_20260605\gcs_upload_staging\naresome_thumbnails\VBTDLrb9Yr0.jpg,244313,gs://senior-share-staging-570862915709/naresome_thumbnails/VBTDLrb9Yr0.jpg,
VBbX5UT7aVE,E:\Data\ObsidianVault\02_Channels\馴れ初めシネマ\競合チャンネル分析\企画リサーチ_20260605\gcs_upload_staging\naresome_thumbnails\VBbX5UT7aVE.jpg,237930,gs://senior-share-staging-570862915709/naresome_thumbnails/VBbX5UT7aVE.jpg,
VD4JCKzU9Aw,E:\Data\ObsidianVault\02_Channels\馴れ初めシネマ\競合チャンネル分析\企画リサーチ_20260605\gcs_upload_staging\naresome_thumbnails\VD4JCKzU9Aw.jpg,249592,gs://senior-share-staging-570862915709/naresome_thumbnails/VD4JCKzU9Aw.jpg,
VGCtn9tPor4,E:\Data\ObsidianVault\02_Channels\馴れ初めシネマ\競合チャンネル分析\企画リサーチ_20260605\gcs_upload_staging\naresome_thumbnails\VGCtn9tPor4.jpg,263479,gs://senior-share-staging-570862915709/naresome_thumbnails/VGCtn9tPor4.jpg,
VGDB-8o2icM,E:\Data\ObsidianVault\02_Channels\馴れ初めシネマ\競合チャンネル分析\企画リサーチ_20260605\gcs_upload_staging\naresome_thumbnails\VGDB-8o2icM.jpg,230738,gs://senior-share-staging-570862915709/naresome_thumbnails/VGDB-8o2icM.jpg,
VHvq72ILf1g,E:\Data\ObsidianVault\02_Channels\馴れ初めシネマ\競合チャンネル分析\企画リサーチ_20260605\gcs_upload_staging\naresome_thumbnails\VHvq72ILf1g.jpg,249021,gs://senior-share-staging-570862915709/naresome_thumbnails/VHvq72ILf1g.jpg,
VK6Z7gweKN8,E:\Data\ObsidianVault\02_Channels\馴れ初めシネマ\競合チャンネル分析\企画リサーチ_20260605\gcs_upload_staging\naresome_thumbnails\VK6Z7gweKN8.jpg,269123,gs://senior-share-staging-570862915709/naresome_thumbnails/VK6Z7gweKN8.jpg,
VKFI7ehmyw4,E:\Data\ObsidianVault\02_Channels\馴れ初めシネマ\競合チャンネル分析\企画リサーチ_20260605\gcs_upload_staging\naresome_thumbnails\VKFI7ehmyw4.jpg,281025,gs://senior-share-staging-570862915709/naresome_thumbnails/VKFI7ehmyw4.jpg,
VKiwPtHwgWE,E:\Data\ObsidianVault\02_Channels\馴れ初めシネマ\競合チャンネル分析\企画リサーチ_20260605\gcs_upload_staging\naresome_thumbnails\VKiwPtHwgWE.jpg,259466,gs://senior-share-staging-570862915709/naresome_thumbnails/VKiwPtHwgWE.jpg,
VL3g3fzrOiE,E:\Data\ObsidianVault\02_Channels\馴れ初めシネマ\競合チャンネル分析\企画リサーチ_20260605\gcs_upload_staging\naresome_thumbnails\VL3g3fzrOiE.jpg,343197,gs://senior-share-staging-570862915709/naresome_thumbnails/VL3g3fzrOiE.jpg,
VLVyP-lwNAU,E:\Data\ObsidianVault\02_Channels\馴れ初めシネマ\競合チャンネル分析\企画リサーチ_20260605\gcs_upload_staging\naresome_thumbnails\VLVyP-lwNAU.jpg,240727,gs://senior-share-staging-570862915709/naresome_thumbnails/VLVyP-lwNAU.jpg,
VM2wy-E1C9I,E:\Data\ObsidianVault\02_Channels\馴れ初めシネマ\競合チャンネル分析\企画リサーチ_20260605\gcs_upload_staging\naresome_thumbnails\VM2wy-E1C9I.jpg,251450,gs://senior-share-staging-570862915709/naresome_thumbnails/VM2wy-E1C9I.jpg,
VMcF5BLZnKU,E:\Data\ObsidianVault\02_Channels\馴れ初めシネマ\競合チャンネル分析\企画リサーチ_20260605\gcs_upload_staging\naresome_thumbnails\VMcF5BLZnKU.jpg,237768,gs://senior-share-staging-570862915709/naresome_thumbnails/VMcF5BLZnKU.jpg,
VPc_9EVwDfE,E:\Data\ObsidianVault\02_Channels\馴れ初めシネマ\競合チャンネル分析\企画リサーチ_20260605\gcs_upload_staging\naresome_thumbnails\VPc_9EVwDfE.jpg,276528,gs://senior-share-staging-570862915709/naresome_thumbnails/VPc_9EVwDfE.jpg,
VPrL-28VBOg,E:\Data\ObsidianVault\02_Channels\馴れ初めシネマ\競合チャンネル分析\企画リサーチ_20260605\gcs_upload_staging\naresome_thumbnails\VPrL-28VBOg.jpg,244067,gs://senior-share-staging-570862915709/naresome_thumbnails/VPrL-28VBOg.jpg,
VPzHkX_sA2U,E:\Data\ObsidianVault\02_Channels\馴れ初めシネマ\競合チャンネル分析\企画リサーチ_20260605\gcs_upload_staging\naresome_thumbnails\VPzHkX_sA2U.jpg,250639,gs://senior-share-staging-570862915709/naresome_thumbnails/VPzHkX_sA2U.jpg,
VQDyM87ZacE,E:\Data\ObsidianVault\02_Channels\馴れ初めシネマ\競合チャンネル分析\企画リサーチ_20260605\gcs_upload_staging\naresome_thumbnails\VQDyM87ZacE.jpg,229548,gs://senior-share-staging-570862915709/naresome_thumbnails/VQDyM87ZacE.jpg,
VQU98p9Vgi8,E:\Data\ObsidianVault\02_Channels\馴れ初めシネマ\競合チャンネル分析\企画リサーチ_20260605\gcs_upload_staging\naresome_thumbnails\VQU98p9Vgi8.jpg,249842,gs://senior-share-staging-570862915709/naresome_thumbnails/VQU98p9Vgi8.jpg,
VQfFUWRtBcc,E:\Data\ObsidianVault\02_Channels\馴れ初めシネマ\競合チャンネル分析\企画リサーチ_20260605\gcs_upload_staging\naresome_thumbnails\VQfFUWRtBcc.jpg,250374,gs://senior-share-staging-570862915709/naresome_thumbnails/VQfFUWRtBcc.jpg,
VSL11SMeM_0,E:\Data\ObsidianVault\02_Channels\馴れ初めシネマ\競合チャンネル分析\企画リサーチ_20260605\gcs_upload_staging\naresome_thumbnails\VSL11SMeM_0.jpg,303724,gs://senior-share-staging-570862915709/naresome_thumbnails/VSL11SMeM_0.jpg,
VTWjXNJPHrU,E:\Data\ObsidianVault\02_Channels\馴れ初めシネマ\競合チャンネル分析\企画リサーチ_20260605\gcs_upload_staging\naresome_thumbnails\VTWjXNJPHrU.jpg,260646,gs://senior-share-staging-570862915709/naresome_thumbnails/VTWjXNJPHrU.jpg,
VUGk5gSg2yk,E:\Data\ObsidianVault\02_Channels\馴れ初めシネマ\競合チャンネル分析\企画リサーチ_20260605\gcs_upload_staging\naresome_thumbnails\VUGk5gSg2yk.jpg,251635,gs://senior-share-staging-570862915709/naresome_thumbnails/VUGk5gSg2yk.jpg,
VWb9EC-CLGA,E:\Data\ObsidianVault\02_Channels\馴れ初めシネマ\競合チャンネル分析\企画リサーチ_20260605\gcs_upload_staging\naresome_thumbnails\VWb9EC-CLGA.jpg,239708,gs://senior-share-staging-570862915709/naresome_thumbnails/VWb9EC-CLGA.jpg,
VWsvD-7fRko,E:\Data\ObsidianVault\02_Channels\馴れ初めシネマ\競合チャンネル分析\企画リサーチ_20260605\gcs_upload_staging\naresome_thumbnails\VWsvD-7fRko.jpg,251468,gs://senior-share-staging-570862915709/naresome_thumbnails/VWsvD-7fRko.jpg,
VYKDbVo16Ng,E:\Data\ObsidianVault\02_Channels\馴れ初めシネマ\競合チャンネル分析\企画リサーチ_20260605\gcs_upload_staging\naresome_thumbnails\VYKDbVo16Ng.jpg,268896,gs://senior-share-staging-570862915709/naresome_thumbnails/VYKDbVo16Ng.jpg,
VaQOg-rZRC0,E:\Data\ObsidianVault\02_Channels\馴れ初めシネマ\競合チャンネル分析\企画リサーチ_20260605\gcs_upload_staging\naresome_thumbnails\VaQOg-rZRC0.jpg,234441,gs://senior-share-staging-570862915709/naresome_thumbnails/VaQOg-rZRC0.jpg,
VaZKUqCdrFA,E:\Data\ObsidianVault\02_Channels\馴れ初めシネマ\競合チャンネル分析\企画リサーチ_20260605\gcs_upload_staging\naresome_thumbnails\VaZKUqCdrFA.jpg,333889,gs://senior-share-staging-570862915709/naresome_thumbnails/VaZKUqCdrFA.jpg,
Vb2PSI8jx98,E:\Data\ObsidianVault\02_Channels\馴れ初めシネマ\競合チャンネル分析\企画リサーチ_20260605\gcs_upload_staging\naresome_thumbnails\Vb2PSI8jx98.jpg,264125,gs://senior-share-staging-570862915709/naresome_thumbnails/Vb2PSI8jx98.jpg,
VbS-fNqDTqs,E:\Data\ObsidianVault\02_Channels\馴れ初めシネマ\競合チャンネル分析\企画リサーチ_20260605\gcs_upload_staging\naresome_thumbnails\VbS-fNqDTqs.jpg,258522,gs://senior-share-staging-570862915709/naresome_thumbnails/VbS-fNqDTqs.jpg,
Vff38URdCEo,E:\Data\ObsidianVault\02_Channels\馴れ初めシネマ\競合チャンネル分析\企画リサーチ_20260605\gcs_upload_staging\naresome_thumbnails\Vff38URdCEo.jpg,244004,gs://senior-share-staging-570862915709/naresome_thumbnails/Vff38URdCEo.jpg,
Vh62LEfK8ZM,E:\Data\ObsidianVault\02_Channels\馴れ初めシネマ\競合チャンネル分析\企画リサーチ_20260605\gcs_upload_staging\naresome_thumbnails\Vh62LEfK8ZM.jpg,241574,gs://senior-share-staging-570862915709/naresome_thumbnails/Vh62LEfK8ZM.jpg,
VlCNZWjw4_g,E:\Data\ObsidianVault\02_Channels\馴れ初めシネマ\競合チャンネル分析\企画リサーチ_20260605\gcs_upload_staging\naresome_thumbnails\VlCNZWjw4_g.jpg,266025,gs://senior-share-staging-570862915709/naresome_thumbnails/VlCNZWjw4_g.jpg,
VlQ-SEnnfg4,E:\Data\ObsidianVault\02_Channels\馴れ初めシネマ\競合チャンネル分析\企画リサーチ_20260605\gcs_upload_staging\naresome_thumbnails\VlQ-SEnnfg4.jpg,233901,gs://senior-share-staging-570862915709/naresome_thumbnails/VlQ-SEnnfg4.jpg,
VlRMVr-Fpz8,E:\Data\ObsidianVault\02_Channels\馴れ初めシネマ\競合チャンネル分析\企画リサーチ_20260605\gcs_upload_staging\naresome_thumbnails\VlRMVr-Fpz8.jpg,330477,gs://senior-share-staging-570862915709/naresome_thumbnails/VlRMVr-Fpz8.jpg,
Vlm-vW16T_4,E:\Data\ObsidianVault\02_Channels\馴れ初めシネマ\競合チャンネル分析\企画リサーチ_20260605\gcs_upload_staging\naresome_thumbnails\Vlm-vW16T_4.jpg,231686,gs://senior-share-staging-570862915709/naresome_thumbnails/Vlm-vW16T_4.jpg,
VpBRErP_uFg,E:\Data\ObsidianVault\02_Channels\馴れ初めシネマ\競合チャンネル分析\企画リサーチ_20260605\gcs_upload_staging\naresome_thumbnails\VpBRErP_uFg.jpg,249007,gs://senior-share-staging-570862915709/naresome_thumbnails/VpBRErP_uFg.jpg,
VqUhSHMkRnk,E:\Data\ObsidianVault\02_Channels\馴れ初めシネマ\競合チャンネル分析\企画リサーチ_20260605\gcs_upload_staging\naresome_thumbnails\VqUhSHMkRnk.jpg,277380,gs://senior-share-staging-570862915709/naresome_thumbnails/VqUhSHMkRnk.jpg,
Vr2bBpzZ9yU,E:\Data\ObsidianVault\02_Channels\馴れ初めシネマ\競合チャンネル分析\企画リサーチ_20260605\gcs_upload_staging\naresome_thumbnails\Vr2bBpzZ9yU.jpg,256807,gs://senior-share-staging-570862915709/naresome_thumbnails/Vr2bBpzZ9yU.jpg,
VsQMJYPUjkQ,E:\Data\ObsidianVault\02_Channels\馴れ初めシネマ\競合チャンネル分析\企画リサーチ_20260605\gcs_upload_staging\naresome_thumbnails\VsQMJYPUjkQ.jpg,256070,gs://senior-share-staging-570862915709/naresome_thumbnails/VsQMJYPUjkQ.jpg,
Vt_-ye1-aYc,E:\Data\ObsidianVault\02_Channels\馴れ初めシネマ\競合チャンネル分析\企画リサーチ_20260605\gcs_upload_staging\naresome_thumbnails\Vt_-ye1-aYc.jpg,291906,gs://senior-share-staging-570862915709/naresome_thumbnails/Vt_-ye1-aYc.jpg,
VtxucnSNDdM,E:\Data\ObsidianVault\02_Channels\馴れ初めシネマ\競合チャンネル分析\企画リサーチ_20260605\gcs_upload_staging\naresome_thumbnails\VtxucnSNDdM.jpg,261836,gs://senior-share-staging-570862915709/naresome_thumbnails/VtxucnSNDdM.jpg,
VvvbAgxciqw,E:\Data\ObsidianVault\02_Channels\馴れ初めシネマ\競合チャンネル分析\企画リサーチ_20260605\gcs_upload_staging\naresome_thumbnails\VvvbAgxciqw.jpg,315357,gs://senior-share-staging-570862915709/naresome_thumbnails/VvvbAgxciqw.jpg,
VwatTBelsak,E:\Data\ObsidianVault\02_Channels\馴れ初めシネマ\競合チャンネル分析\企画リサーチ_20260605\gcs_upload_staging\naresome_thumbnails\VwatTBelsak.jpg,328982,gs://senior-share-staging-570862915709/naresome_thumbnails/VwatTBelsak.jpg,
Vwaxz-wtW7E,E:\Data\ObsidianVault\02_Channels\馴れ初めシネマ\競合チャンネル分析\企画リサーチ_20260605\gcs_upload_staging\naresome_thumbnails\Vwaxz-wtW7E.jpg,276314,gs://senior-share-staging-570862915709/naresome_thumbnails/Vwaxz-wtW7E.jpg,
Vxsj12KhvRg,E:\Data\ObsidianVault\02_Channels\馴れ初めシネマ\競合チャンネル分析\企画リサーチ_20260605\gcs_upload_staging\naresome_thumbnails\Vxsj12KhvRg.jpg,261087,gs://senior-share-staging-570862915709/naresome_thumbnails/Vxsj12KhvRg.jpg,
Vy1s7U0uXA8,E:\Data\ObsidianVault\02_Channels\馴れ初めシネマ\競合チャンネル分析\企画リサーチ_20260605\gcs_upload_staging\naresome_thumbnails\Vy1s7U0uXA8.jpg,260366,gs://senior-share-staging-570862915709/naresome_thumbnails/Vy1s7U0uXA8.jpg,
Vyq4bDyMi-Q,E:\Data\ObsidianVault\02_Channels\馴れ初めシネマ\競合チャンネル分析\企画リサーチ_20260605\gcs_upload_staging\naresome_thumbnails\Vyq4bDyMi-Q.jpg,243572,gs://senior-share-staging-570862915709/naresome_thumbnails/Vyq4bDyMi-Q.jpg,
VzyoanJqrIA,E:\Data\ObsidianVault\02_Channels\馴れ初めシネマ\競合チャンネル分析\企画リサーチ_20260605\gcs_upload_staging\naresome_thumbnails\VzyoanJqrIA.jpg,236417,gs://senior-share-staging-570862915709/naresome_thumbnails/VzyoanJqrIA.jpg,
W015UphObZ0,E:\Data\ObsidianVault\02_Channels\馴れ初めシネマ\競合チャンネル分析\企画リサーチ_20260605\gcs_upload_staging\naresome_thumbnails\W015UphObZ0.jpg,254583,gs://senior-share-staging-570862915709/naresome_thumbnails/W015UphObZ0.jpg,
W5MfGiuESOU,E:\Data\ObsidianVault\02_Channels\馴れ初めシネマ\競合チャンネル分析\企画リサーチ_20260605\gcs_upload_staging\naresome_thumbnails\W5MfGiuESOU.jpg,266087,gs://senior-share-staging-570862915709/naresome_thumbnails/W5MfGiuESOU.jpg,
W76124DcW1k,E:\Data\ObsidianVault\02_Channels\馴れ初めシネマ\競合チャンネル分析\企画リサーチ_20260605\gcs_upload_staging\naresome_thumbnails\W76124DcW1k.jpg,255874,gs://senior-share-staging-570862915709/naresome_thumbnails/W76124DcW1k.jpg,
WAvlaeDllqU,E:\Data\ObsidianVault\02_Channels\馴れ初めシネマ\競合チャンネル分析\企画リサーチ_20260605\gcs_upload_staging\naresome_thumbnails\WAvlaeDllqU.jpg,278316,gs://senior-share-staging-570862915709/naresome_thumbnails/WAvlaeDllqU.jpg,
WBPIOEcCLOs,E:\Data\ObsidianVault\02_Channels\馴れ初めシネマ\競合チャンネル分析\企画リサーチ_20260605\gcs_upload_staging\naresome_thumbnails\WBPIOEcCLOs.jpg,261824,gs://senior-share-staging-570862915709/naresome_thumbnails/WBPIOEcCLOs.jpg,
WBW_GevdZv8,E:\Data\ObsidianVault\02_Channels\馴れ初めシネマ\競合チャンネル分析\企画リサーチ_20260605\gcs_upload_staging\naresome_thumbnails\WBW_GevdZv8.jpg,239887,gs://senior-share-staging-570862915709/naresome_thumbnails/WBW_GevdZv8.jpg,
WBk88zTtCsM,E:\Data\ObsidianVault\02_Channels\馴れ初めシネマ\競合チャンネル分析\企画リサーチ_20260605\gcs_upload_staging\naresome_thumbnails\WBk88zTtCsM.jpg,274922,gs://senior-share-staging-570862915709/naresome_thumbnails/WBk88zTtCsM.jpg,
WCL5qyItl_Q,E:\Data\ObsidianVault\02_Channels\馴れ初めシネマ\競合チャンネル分析\企画リサーチ_20260605\gcs_upload_staging\naresome_thumbnails\WCL5qyItl_Q.jpg,242604,gs://senior-share-staging-570862915709/naresome_thumbnails/WCL5qyItl_Q.jpg,
WETdgb_Ig7M,E:\Data\ObsidianVault\02_Channels\馴れ初めシネマ\競合チャンネル分析\企画リサーチ_20260605\gcs_upload_staging\naresome_thumbnails\WETdgb_Ig7M.jpg,281154,gs://senior-share-staging-570862915709/naresome_thumbnails/WETdgb_Ig7M.jpg,
WHBzS_aOd0M,E:\Data\ObsidianVault\02_Channels\馴れ初めシネマ\競合チャンネル分析\企画リサーチ_20260605\gcs_upload_staging\naresome_thumbnails\WHBzS_aOd0M.jpg,241449,gs://senior-share-staging-570862915709/naresome_thumbnails/WHBzS_aOd0M.jpg,
WKBmBfVWi5k,E:\Data\ObsidianVault\02_Channels\馴れ初めシネマ\競合チャンネル分析\企画リサーチ_20260605\gcs_upload_staging\naresome_thumbnails\WKBmBfVWi5k.jpg,307611,gs://senior-share-staging-570862915709/naresome_thumbnails/WKBmBfVWi5k.jpg,
WL-9OLO29nE,E:\Data\ObsidianVault\02_Channels\馴れ初めシネマ\競合チャンネル分析\企画リサーチ_20260605\gcs_upload_staging\naresome_thumbnails\WL-9OLO29nE.jpg,268192,gs://senior-share-staging-570862915709/naresome_thumbnails/WL-9OLO29nE.jpg,
WMFySTE4rJA,E:\Data\ObsidianVault\02_Channels\馴れ初めシネマ\競合チャンネル分析\企画リサーチ_20260605\gcs_upload_staging\naresome_thumbnails\WMFySTE4rJA.jpg,239783,gs://senior-share-staging-570862915709/naresome_thumbnails/WMFySTE4rJA.jpg,
WMyMPrZ514Q,E:\Data\ObsidianVault\02_Channels\馴れ初めシネマ\競合チャンネル分析\企画リサーチ_20260605\gcs_upload_staging\naresome_thumbnails\WMyMPrZ514Q.jpg,276287,gs://senior-share-staging-570862915709/naresome_thumbnails/WMyMPrZ514Q.jpg,
WOea6ZkQT9M,E:\Data\ObsidianVault\02_Channels\馴れ初めシネマ\競合チャンネル分析\企画リサーチ_20260605\gcs_upload_staging\naresome_thumbnails\WOea6ZkQT9M.jpg,261874,gs://senior-share-staging-570862915709/naresome_thumbnails/WOea6ZkQT9M.jpg,
WOm59bcJt9s,E:\Data\ObsidianVault\02_Channels\馴れ初めシネマ\競合チャンネル分析\企画リサーチ_20260605\gcs_upload_staging\naresome_thumbnails\WOm59bcJt9s.jpg,266077,gs://senior-share-staging-570862915709/naresome_thumbnails/WOm59bcJt9s.jpg,
WQhTVrkYcq4,E:\Data\ObsidianVault\02_Channels\馴れ初めシネマ\競合チャンネル分析\企画リサーチ_20260605\gcs_upload_staging\naresome_thumbnails\WQhTVrkYcq4.jpg,264682,gs://senior-share-staging-570862915709/naresome_thumbnails/WQhTVrkYcq4.jpg,
WS489AtiQ0E,E:\Data\ObsidianVault\02_Channels\馴れ初めシネマ\競合チャンネル分析\企画リサーチ_20260605\gcs_upload_staging\naresome_thumbnails\WS489AtiQ0E.jpg,356049,gs://senior-share-staging-570862915709/naresome_thumbnails/WS489AtiQ0E.jpg,
WTjEVUooxGU,E:\Data\ObsidianVault\02_Channels\馴れ初めシネマ\競合チャンネル分析\企画リサーチ_20260605\gcs_upload_staging\naresome_thumbnails\WTjEVUooxGU.jpg,252278,gs://senior-share-staging-570862915709/naresome_thumbnails/WTjEVUooxGU.jpg,
WTpAi0sNFcU,E:\Data\ObsidianVault\02_Channels\馴れ初めシネマ\競合チャンネル分析\企画リサーチ_20260605\gcs_upload_staging\naresome_thumbnails\WTpAi0sNFcU.jpg,228748,gs://senior-share-staging-570862915709/naresome_thumbnails/WTpAi0sNFcU.jpg,
WUH_Qrowub4,E:\Data\ObsidianVault\02_Channels\馴れ初めシネマ\競合チャンネル分析\企画リサーチ_20260605\gcs_upload_staging\naresome_thumbnails\WUH_Qrowub4.jpg,255518,gs://senior-share-staging-570862915709/naresome_thumbnails/WUH_Qrowub4.jpg,
WWBDszULtw8,E:\Data\ObsidianVault\02_Channels\馴れ初めシネマ\競合チャンネル分析\企画リサーチ_20260605\gcs_upload_staging\naresome_thumbnails\WWBDszULtw8.jpg,258663,gs://senior-share-staging-570862915709/naresome_thumbnails/WWBDszULtw8.jpg,
WWPGL4ekpds,E:\Data\ObsidianVault\02_Channels\馴れ初めシネマ\競合チャンネル分析\企画リサーチ_20260605\gcs_upload_staging\naresome_thumbnails\WWPGL4ekpds.jpg,263331,gs://senior-share-staging-570862915709/naresome_thumbnails/WWPGL4ekpds.jpg,
WWXXDSEjmEQ,E:\Data\ObsidianVault\02_Channels\馴れ初めシネマ\競合チャンネル分析\企画リサーチ_20260605\gcs_upload_staging\naresome_thumbnails\WWXXDSEjmEQ.jpg,248809,gs://senior-share-staging-570862915709/naresome_thumbnails/WWXXDSEjmEQ.jpg,
WWn-QG5St0I,E:\Data\ObsidianVault\02_Channels\馴れ初めシネマ\競合チャンネル分析\企画リサーチ_20260605\gcs_upload_staging\naresome_thumbnails\WWn-QG5St0I.jpg,284823,gs://senior-share-staging-570862915709/naresome_thumbnails/WWn-QG5St0I.jpg,
WYITsPwkVVA,E:\Data\ObsidianVault\02_Channels\馴れ初めシネマ\競合チャンネル分析\企画リサーチ_20260605\gcs_upload_staging\naresome_thumbnails\WYITsPwkVVA.jpg,288836,gs://senior-share-staging-570862915709/naresome_thumbnails/WYITsPwkVVA.jpg,
WZtRnp3aWSA,E:\Data\ObsidianVault\02_Channels\馴れ初めシネマ\競合チャンネル分析\企画リサーチ_20260605\gcs_upload_staging\naresome_thumbnails\WZtRnp3aWSA.jpg,248231,gs://senior-share-staging-570862915709/naresome_thumbnails/WZtRnp3aWSA.jpg,
WZvjFxsu7Nw,E:\Data\ObsidianVault\02_Channels\馴れ初めシネマ\競合チャンネル分析\企画リサーチ_20260605\gcs_upload_staging\naresome_thumbnails\WZvjFxsu7Nw.jpg,243326,gs://senior-share-staging-570862915709/naresome_thumbnails/WZvjFxsu7Nw.jpg,
W_pZ1zyqnTE,E:\Data\ObsidianVault\02_Channels\馴れ初めシネマ\競合チャンネル分析\企画リサーチ_20260605\gcs_upload_staging\naresome_thumbnails\W_pZ1zyqnTE.jpg,237989,gs://senior-share-staging-570862915709/naresome_thumbnails/W_pZ1zyqnTE.jpg,
WaDQRifNknI,E:\Data\ObsidianVault\02_Channels\馴れ初めシネマ\競合チャンネル分析\企画リサーチ_20260605\gcs_upload_staging\naresome_thumbnails\WaDQRifNknI.jpg,268647,gs://senior-share-staging-570862915709/naresome_thumbnails/WaDQRifNknI.jpg,
WbLYTHp21kI,E:\Data\ObsidianVault\02_Channels\馴れ初めシネマ\競合チャンネル分析\企画リサーチ_20260605\gcs_upload_staging\naresome_thumbnails\WbLYTHp21kI.jpg,249028,gs://senior-share-staging-570862915709/naresome_thumbnails/WbLYTHp21kI.jpg,
WbOWGgTRpSI,E:\Data\ObsidianVault\02_Channels\馴れ初めシネマ\競合チャンネル分析\企画リサーチ_20260605\gcs_upload_staging\naresome_thumbnails\WbOWGgTRpSI.jpg,254217,gs://senior-share-staging-570862915709/naresome_thumbnails/WbOWGgTRpSI.jpg,
WbTLmzl57Kw,E:\Data\ObsidianVault\02_Channels\馴れ初めシネマ\競合チャンネル分析\企画リサーチ_20260605\gcs_upload_staging\naresome_thumbnails\WbTLmzl57Kw.jpg,250149,gs://senior-share-staging-570862915709/naresome_thumbnails/WbTLmzl57Kw.jpg,
WbxsHCawXPE,E:\Data\ObsidianVault\02_Channels\馴れ初めシネマ\競合チャンネル分析\企画リサーチ_20260605\gcs_upload_staging\naresome_thumbnails\WbxsHCawXPE.jpg,250552,gs://senior-share-staging-570862915709/naresome_thumbnails/WbxsHCawXPE.jpg,
WddlTVrQROA,E:\Data\ObsidianVault\02_Channels\馴れ初めシネマ\競合チャンネル分析\企画リサーチ_20260605\gcs_upload_staging\naresome_thumbnails\WddlTVrQROA.jpg,259041,gs://senior-share-staging-570862915709/naresome_thumbnails/WddlTVrQROA.jpg,
WerZ8rg0qUY,E:\Data\ObsidianVault\02_Channels\馴れ初めシネマ\競合チャンネル分析\企画リサーチ_20260605\gcs_upload_staging\naresome_thumbnails\WerZ8rg0qUY.jpg,325377,gs://senior-share-staging-570862915709/naresome_thumbnails/WerZ8rg0qUY.jpg,
Wf50OTCXrzM,E:\Data\ObsidianVault\02_Channels\馴れ初めシネマ\競合チャンネル分析\企画リサーチ_20260605\gcs_upload_staging\naresome_thumbnails\Wf50OTCXrzM.jpg,242680,gs://senior-share-staging-570862915709/naresome_thumbnails/Wf50OTCXrzM.jpg,
Wf9J_Jtn8-8,E:\Data\ObsidianVault\02_Channels\馴れ初めシネマ\競合チャンネル分析\企画リサーチ_20260605\gcs_upload_staging\naresome_thumbnails\Wf9J_Jtn8-8.jpg,265097,gs://senior-share-staging-570862915709/naresome_thumbnails/Wf9J_Jtn8-8.jpg,
WfmOiOlrNxE,E:\Data\ObsidianVault\02_Channels\馴れ初めシネマ\競合チャンネル分析\企画リサーチ_20260605\gcs_upload_staging\naresome_thumbnails\WfmOiOlrNxE.jpg,237154,gs://senior-share-staging-570862915709/naresome_thumbnails/WfmOiOlrNxE.jpg,
WgKwjqH5pxo,E:\Data\ObsidianVault\02_Channels\馴れ初めシネマ\競合チャンネル分析\企画リサーチ_20260605\gcs_upload_staging\naresome_thumbnails\WgKwjqH5pxo.jpg,237122,gs://senior-share-staging-570862915709/naresome_thumbnails/WgKwjqH5pxo.jpg,
WhCXIWunMx8,E:\Data\ObsidianVault\02_Channels\馴れ初めシネマ\競合チャンネル分析\企画リサーチ_20260605\gcs_upload_staging\naresome_thumbnails\WhCXIWunMx8.jpg,262205,gs://senior-share-staging-570862915709/naresome_thumbnails/WhCXIWunMx8.jpg,
WhV_UxX2N_Q,E:\Data\ObsidianVault\02_Channels\馴れ初めシネマ\競合チャンネル分析\企画リサーチ_20260605\gcs_upload_staging\naresome_thumbnails\WhV_UxX2N_Q.jpg,252282,gs://senior-share-staging-570862915709/naresome_thumbnails/WhV_UxX2N_Q.jpg,
WhiCNasMOB4,E:\Data\ObsidianVault\02_Channels\馴れ初めシネマ\競合チャンネル分析\企画リサーチ_20260605\gcs_upload_staging\naresome_thumbnails\WhiCNasMOB4.jpg,270161,gs://senior-share-staging-570862915709/naresome_thumbnails/WhiCNasMOB4.jpg,
WiSSR5uhNK4,E:\Data\ObsidianVault\02_Channels\馴れ初めシネマ\競合チャンネル分析\企画リサーチ_20260605\gcs_upload_staging\naresome_thumbnails\WiSSR5uhNK4.jpg,239479,gs://senior-share-staging-570862915709/naresome_thumbnails/WiSSR5uhNK4.jpg,
Wj--PkWS88E,E:\Data\ObsidianVault\02_Channels\馴れ初めシネマ\競合チャンネル分析\企画リサーチ_20260605\gcs_upload_staging\naresome_thumbnails\Wj--PkWS88E.jpg,256406,gs://senior-share-staging-570862915709/naresome_thumbnails/Wj--PkWS88E.jpg,
Wmtnu8lDAeM,E:\Data\ObsidianVault\02_Channels\馴れ初めシネマ\競合チャンネル分析\企画リサーチ_20260605\gcs_upload_staging\naresome_thumbnails\Wmtnu8lDAeM.jpg,248045,gs://senior-share-staging-570862915709/naresome_thumbnails/Wmtnu8lDAeM.jpg,
WoCyp1akYLk,E:\Data\ObsidianVault\02_Channels\馴れ初めシネマ\競合チャンネル分析\企画リサーチ_20260605\gcs_upload_staging\naresome_thumbnails\WoCyp1akYLk.jpg,258418,gs://senior-share-staging-570862915709/naresome_thumbnails/WoCyp1akYLk.jpg,
WoH02nV9r4E,E:\Data\ObsidianVault\02_Channels\馴れ初めシネマ\競合チャンネル分析\企画リサーチ_20260605\gcs_upload_staging\naresome_thumbnails\WoH02nV9r4E.jpg,284007,gs://senior-share-staging-570862915709/naresome_thumbnails/WoH02nV9r4E.jpg,
WpUu0XJDwNs,E:\Data\ObsidianVault\02_Channels\馴れ初めシネマ\競合チャンネル分析\企画リサーチ_20260605\gcs_upload_staging\naresome_thumbnails\WpUu0XJDwNs.jpg,247169,gs://senior-share-staging-570862915709/naresome_thumbnails/WpUu0XJDwNs.jpg,
Wqyjs4SoOPc,E:\Data\ObsidianVault\02_Channels\馴れ初めシネマ\競合チャンネル分析\企画リサーチ_20260605\gcs_upload_staging\naresome_thumbnails\Wqyjs4SoOPc.jpg,261458,gs://senior-share-staging-570862915709/naresome_thumbnails/Wqyjs4SoOPc.jpg,
WsI2Im0gEGg,E:\Data\ObsidianVault\02_Channels\馴れ初めシネマ\競合チャンネル分析\企画リサーチ_20260605\gcs_upload_staging\naresome_thumbnails\WsI2Im0gEGg.jpg,272009,gs://senior-share-staging-570862915709/naresome_thumbnails/WsI2Im0gEGg.jpg,
WuaagZM3YZQ,E:\Data\ObsidianVault\02_Channels\馴れ初めシネマ\競合チャンネル分析\企画リサーチ_20260605\gcs_upload_staging\naresome_thumbnails\WuaagZM3YZQ.jpg,254598,gs://senior-share-staging-570862915709/naresome_thumbnails/WuaagZM3YZQ.jpg,
WvxEt1oz4ec,E:\Data\ObsidianVault\02_Channels\馴れ初めシネマ\競合チャンネル分析\企画リサーチ_20260605\gcs_upload_staging\naresome_thumbnails\WvxEt1oz4ec.jpg,264471,gs://senior-share-staging-570862915709/naresome_thumbnails/WvxEt1oz4ec.jpg,
WwdUYkFXmew,E:\Data\ObsidianVault\02_Channels\馴れ初めシネマ\競合チャンネル分析\企画リサーチ_20260605\gcs_upload_staging\naresome_thumbnails\WwdUYkFXmew.jpg,229570,gs://senior-share-staging-570862915709/naresome_thumbnails/WwdUYkFXmew.jpg,
WxX7S3SCczw,E:\Data\ObsidianVault\02_Channels\馴れ初めシネマ\競合チャンネル分析\企画リサーチ_20260605\gcs_upload_staging\naresome_thumbnails\WxX7S3SCczw.jpg,262921,gs://senior-share-staging-570862915709/naresome_thumbnails/WxX7S3SCczw.jpg,
WztFCHD_xSE,E:\Data\ObsidianVault\02_Channels\馴れ初めシネマ\競合チャンネル分析\企画リサーチ_20260605\gcs_upload_staging\naresome_thumbnails\WztFCHD_xSE.jpg,247810,gs://senior-share-staging-570862915709/naresome_thumbnails/WztFCHD_xSE.jpg,
X-3bUMazows,E:\Data\ObsidianVault\02_Channels\馴れ初めシネマ\競合チャンネル分析\企画リサーチ_20260605\gcs_upload_staging\naresome_thumbnails\X-3bUMazows.jpg,240863,gs://senior-share-staging-570862915709/naresome_thumbnails/X-3bUMazows.jpg,
X-eK8v7mU1g,E:\Data\ObsidianVault\02_Channels\馴れ初めシネマ\競合チャンネル分析\企画リサーチ_20260605\gcs_upload_staging\naresome_thumbnails\X-eK8v7mU1g.jpg,60260,gs://senior-share-staging-570862915709/naresome_thumbnails/X-eK8v7mU1g.jpg,
X0yrb7IFCP8,E:\Data\ObsidianVault\02_Channels\馴れ初めシネマ\競合チャンネル分析\企画リサーチ_20260605\gcs_upload_staging\naresome_thumbnails\X0yrb7IFCP8.jpg,267831,gs://senior-share-staging-570862915709/naresome_thumbnails/X0yrb7IFCP8.jpg,
X1EFwnmTyMU,E:\Data\ObsidianVault\02_Channels\馴れ初めシネマ\競合チャンネル分析\企画リサーチ_20260605\gcs_upload_staging\naresome_thumbnails\X1EFwnmTyMU.jpg,251787,gs://senior-share-staging-570862915709/naresome_thumbnails/X1EFwnmTyMU.jpg,
X1IzDEbh5wg,E:\Data\ObsidianVault\02_Channels\馴れ初めシネマ\競合チャンネル分析\企画リサーチ_20260605\gcs_upload_staging\naresome_thumbnails\X1IzDEbh5wg.jpg,254212,gs://senior-share-staging-570862915709/naresome_thumbnails/X1IzDEbh5wg.jpg,
X1c2azHKrw4,E:\Data\ObsidianVault\02_Channels\馴れ初めシネマ\競合チャンネル分析\企画リサーチ_20260605\gcs_upload_staging\naresome_thumbnails\X1c2azHKrw4.jpg,240939,gs://senior-share-staging-570862915709/naresome_thumbnails/X1c2azHKrw4.jpg,
X24O7jRneKc,E:\Data\ObsidianVault\02_Channels\馴れ初めシネマ\競合チャンネル分析\企画リサーチ_20260605\gcs_upload_staging\naresome_thumbnails\X24O7jRneKc.jpg,270851,gs://senior-share-staging-570862915709/naresome_thumbnails/X24O7jRneKc.jpg,
X31qRXEQ9Sg,E:\Data\ObsidianVault\02_Channels\馴れ初めシネマ\競合チャンネル分析\企画リサーチ_20260605\gcs_upload_staging\naresome_thumbnails\X31qRXEQ9Sg.jpg,262060,gs://senior-share-staging-570862915709/naresome_thumbnails/X31qRXEQ9Sg.jpg,
X3KGs8zrhAY,E:\Data\ObsidianVault\02_Channels\馴れ初めシネマ\競合チャンネル分析\企画リサーチ_20260605\gcs_upload_staging\naresome_thumbnails\X3KGs8zrhAY.jpg,256354,gs://senior-share-staging-570862915709/naresome_thumbnails/X3KGs8zrhAY.jpg,
X3euWvfFAgo,E:\Data\ObsidianVault\02_Channels\馴れ初めシネマ\競合チャンネル分析\企画リサーチ_20260605\gcs_upload_staging\naresome_thumbnails\X3euWvfFAgo.jpg,268865,gs://senior-share-staging-570862915709/naresome_thumbnails/X3euWvfFAgo.jpg,
X4cAzQM2oyU,E:\Data\ObsidianVault\02_Channels\馴れ初めシネマ\競合チャンネル分析\企画リサーチ_20260605\gcs_upload_staging\naresome_thumbnails\X4cAzQM2oyU.jpg,250009,gs://senior-share-staging-570862915709/naresome_thumbnails/X4cAzQM2oyU.jpg,
X6vC1Kk24aM,E:\Data\ObsidianVault\02_Channels\馴れ初めシネマ\競合チャンネル分析\企画リサーチ_20260605\gcs_upload_staging\naresome_thumbnails\X6vC1Kk24aM.jpg,275924,gs://senior-share-staging-570862915709/naresome_thumbnails/X6vC1Kk24aM.jpg,
XAEeIkUMzuc,E:\Data\ObsidianVault\02_Channels\馴れ初めシネマ\競合チャンネル分析\企画リサーチ_20260605\gcs_upload_staging\naresome_thumbnails\XAEeIkUMzuc.jpg,256871,gs://senior-share-staging-570862915709/naresome_thumbnails/XAEeIkUMzuc.jpg,
XAV_8_fu9EI,E:\Data\ObsidianVault\02_Channels\馴れ初めシネマ\競合チャンネル分析\企画リサーチ_20260605\gcs_upload_staging\naresome_thumbnails\XAV_8_fu9EI.jpg,256897,gs://senior-share-staging-570862915709/naresome_thumbnails/XAV_8_fu9EI.jpg,
XAaYSweKzbE,E:\Data\ObsidianVault\02_Channels\馴れ初めシネマ\競合チャンネル分析\企画リサーチ_20260605\gcs_upload_staging\naresome_thumbnails\XAaYSweKzbE.jpg,250047,gs://senior-share-staging-570862915709/naresome_thumbnails/XAaYSweKzbE.jpg,
XCLRm7fBwas,E:\Data\ObsidianVault\02_Channels\馴れ初めシネマ\競合チャンネル分析\企画リサーチ_20260605\gcs_upload_staging\naresome_thumbnails\XCLRm7fBwas.jpg,262370,gs://senior-share-staging-570862915709/naresome_thumbnails/XCLRm7fBwas.jpg,
XDPfeOgHOnQ,E:\Data\ObsidianVault\02_Channels\馴れ初めシネマ\競合チャンネル分析\企画リサーチ_20260605\gcs_upload_staging\naresome_thumbnails\XDPfeOgHOnQ.jpg,260909,gs://senior-share-staging-570862915709/naresome_thumbnails/XDPfeOgHOnQ.jpg,
XE0xf3m88YE,E:\Data\ObsidianVault\02_Channels\馴れ初めシネマ\競合チャンネル分析\企画リサーチ_20260605\gcs_upload_staging\naresome_thumbnails\XE0xf3m88YE.jpg,242801,gs://senior-share-staging-570862915709/naresome_thumbnails/XE0xf3m88YE.jpg,
XE6Th2ji6I4,E:\Data\ObsidianVault\02_Channels\馴れ初めシネマ\競合チャンネル分析\企画リサーチ_20260605\gcs_upload_staging\naresome_thumbnails\XE6Th2ji6I4.jpg,271812,gs://senior-share-staging-570862915709/naresome_thumbnails/XE6Th2ji6I4.jpg,
XEJr_-mk31Y,E:\Data\ObsidianVault\02_Channels\馴れ初めシネマ\競合チャンネル分析\企画リサーチ_20260605\gcs_upload_staging\naresome_thumbnails\XEJr_-mk31Y.jpg,264522,gs://senior-share-staging-570862915709/naresome_thumbnails/XEJr_-mk31Y.jpg,
XGWH0Q7DImI,E:\Data\ObsidianVault\02_Channels\馴れ初めシネマ\競合チャンネル分析\企画リサーチ_20260605\gcs_upload_staging\naresome_thumbnails\XGWH0Q7DImI.jpg,245182,gs://senior-share-staging-570862915709/naresome_thumbnails/XGWH0Q7DImI.jpg,
XKN4VWsHtNA,E:\Data\ObsidianVault\02_Channels\馴れ初めシネマ\競合チャンネル分析\企画リサーチ_20260605\gcs_upload_staging\naresome_thumbnails\XKN4VWsHtNA.jpg,247252,gs://senior-share-staging-570862915709/naresome_thumbnails/XKN4VWsHtNA.jpg,
XL9EsYaR3Xc,E:\Data\ObsidianVault\02_Channels\馴れ初めシネマ\競合チャンネル分析\企画リサーチ_20260605\gcs_upload_staging\naresome_thumbnails\XL9EsYaR3Xc.jpg,259954,gs://senior-share-staging-570862915709/naresome_thumbnails/XL9EsYaR3Xc.jpg,
XMBqyU6regU,E:\Data\ObsidianVault\02_Channels\馴れ初めシネマ\競合チャンネル分析\企画リサーチ_20260605\gcs_upload_staging\naresome_thumbnails\XMBqyU6regU.jpg,273915,gs://senior-share-staging-570862915709/naresome_thumbnails/XMBqyU6regU.jpg,
XNmDdge94ME,E:\Data\ObsidianVault\02_Channels\馴れ初めシネマ\競合チャンネル分析\企画リサーチ_20260605\gcs_upload_staging\naresome_thumbnails\XNmDdge94ME.jpg,248581,gs://senior-share-staging-570862915709/naresome_thumbnails/XNmDdge94ME.jpg,
XOkYS4hpPVY,E:\Data\ObsidianVault\02_Channels\馴れ初めシネマ\競合チャンネル分析\企画リサーチ_20260605\gcs_upload_staging\naresome_thumbnails\XOkYS4hpPVY.jpg,253598,gs://senior-share-staging-570862915709/naresome_thumbnails/XOkYS4hpPVY.jpg,
XPKVk3YftH4,E:\Data\ObsidianVault\02_Channels\馴れ初めシネマ\競合チャンネル分析\企画リサーチ_20260605\gcs_upload_staging\naresome_thumbnails\XPKVk3YftH4.jpg,250810,gs://senior-share-staging-570862915709/naresome_thumbnails/XPKVk3YftH4.jpg,
XVGcBdb7t7M,E:\Data\ObsidianVault\02_Channels\馴れ初めシネマ\競合チャンネル分析\企画リサーチ_20260605\gcs_upload_staging\naresome_thumbnails\XVGcBdb7t7M.jpg,249799,gs://senior-share-staging-570862915709/naresome_thumbnails/XVGcBdb7t7M.jpg,
XWfbaida7TQ,E:\Data\ObsidianVault\02_Channels\馴れ初めシネマ\競合チャンネル分析\企画リサーチ_20260605\gcs_upload_staging\naresome_thumbnails\XWfbaida7TQ.jpg,252687,gs://senior-share-staging-570862915709/naresome_thumbnails/XWfbaida7TQ.jpg,
XXYz8S8UptI,E:\Data\ObsidianVault\02_Channels\馴れ初めシネマ\競合チャンネル分析\企画リサーチ_20260605\gcs_upload_staging\naresome_thumbnails\XXYz8S8UptI.jpg,245077,gs://senior-share-staging-570862915709/naresome_thumbnails/XXYz8S8UptI.jpg,
XXcMLMmJo9c,E:\Data\ObsidianVault\02_Channels\馴れ初めシネマ\競合チャンネル分析\企画リサーチ_20260605\gcs_upload_staging\naresome_thumbnails\XXcMLMmJo9c.jpg,248509,gs://senior-share-staging-570862915709/naresome_thumbnails/XXcMLMmJo9c.jpg,
XYc-0IiDrzw,E:\Data\ObsidianVault\02_Channels\馴れ初めシネマ\競合チャンネル分析\企画リサーチ_20260605\gcs_upload_staging\naresome_thumbnails\XYc-0IiDrzw.jpg,259598,gs://senior-share-staging-570862915709/naresome_thumbnails/XYc-0IiDrzw.jpg,
XZVz3x8QpW8,E:\Data\ObsidianVault\02_Channels\馴れ初めシネマ\競合チャンネル分析\企画リサーチ_20260605\gcs_upload_staging\naresome_thumbnails\XZVz3x8QpW8.jpg,256904,gs://senior-share-staging-570862915709/naresome_thumbnails/XZVz3x8QpW8.jpg,
Xc2PMOe8bsA,E:\Data\ObsidianVault\02_Channels\馴れ初めシネマ\競合チャンネル分析\企画リサーチ_20260605\gcs_upload_staging\naresome_thumbnails\Xc2PMOe8bsA.jpg,257537,gs://senior-share-staging-570862915709/naresome_thumbnails/Xc2PMOe8bsA.jpg,
XeAEH1KoKmI,E:\Data\ObsidianVault\02_Channels\馴れ初めシネマ\競合チャンネル分析\企画リサーチ_20260605\gcs_upload_staging\naresome_thumbnails\XeAEH1KoKmI.jpg,274752,gs://senior-share-staging-570862915709/naresome_thumbnails/XeAEH1KoKmI.jpg,
XexM2VBDKZ4,E:\Data\ObsidianVault\02_Channels\馴れ初めシネマ\競合チャンネル分析\企画リサーチ_20260605\gcs_upload_staging\naresome_thumbnails\XexM2VBDKZ4.jpg,264632,gs://senior-share-staging-570862915709/naresome_thumbnails/XexM2VBDKZ4.jpg,
XhEMOz0jxrw,E:\Data\ObsidianVault\02_Channels\馴れ初めシネマ\競合チャンネル分析\企画リサーチ_20260605\gcs_upload_staging\naresome_thumbnails\XhEMOz0jxrw.jpg,273902,gs://senior-share-staging-570862915709/naresome_thumbnails/XhEMOz0jxrw.jpg,
XhdPeJabAJw,E:\Data\ObsidianVault\02_Channels\馴れ初めシネマ\競合チャンネル分析\企画リサーチ_20260605\gcs_upload_staging\naresome_thumbnails\XhdPeJabAJw.jpg,278157,gs://senior-share-staging-570862915709/naresome_thumbnails/XhdPeJabAJw.jpg,
XiAqMhfpaJE,E:\Data\ObsidianVault\02_Channels\馴れ初めシネマ\競合チャンネル分析\企画リサーチ_20260605\gcs_upload_staging\naresome_thumbnails\XiAqMhfpaJE.jpg,271125,gs://senior-share-staging-570862915709/naresome_thumbnails/XiAqMhfpaJE.jpg,
Xjvi6XfQuCo,E:\Data\ObsidianVault\02_Channels\馴れ初めシネマ\競合チャンネル分析\企画リサーチ_20260605\gcs_upload_staging\naresome_thumbnails\Xjvi6XfQuCo.jpg,234737,gs://senior-share-staging-570862915709/naresome_thumbnails/Xjvi6XfQuCo.jpg,
Xl42ve8MSiY,E:\Data\ObsidianVault\02_Channels\馴れ初めシネマ\競合チャンネル分析\企画リサーチ_20260605\gcs_upload_staging\naresome_thumbnails\Xl42ve8MSiY.jpg,282340,gs://senior-share-staging-570862915709/naresome_thumbnails/Xl42ve8MSiY.jpg,
XldOL1W5adY,E:\Data\ObsidianVault\02_Channels\馴れ初めシネマ\競合チャンネル分析\企画リサーチ_20260605\gcs_upload_staging\naresome_thumbnails\XldOL1W5adY.jpg,326482,gs://senior-share-staging-570862915709/naresome_thumbnails/XldOL1W5adY.jpg,
Xly35rJxqKY,E:\Data\ObsidianVault\02_Channels\馴れ初めシネマ\競合チャンネル分析\企画リサーチ_20260605\gcs_upload_staging\naresome_thumbnails\Xly35rJxqKY.jpg,255658,gs://senior-share-staging-570862915709/naresome_thumbnails/Xly35rJxqKY.jpg,
XojNjsOnj6M,E:\Data\ObsidianVault\02_Channels\馴れ初めシネマ\競合チャンネル分析\企画リサーチ_20260605\gcs_upload_staging\naresome_thumbnails\XojNjsOnj6M.jpg,275892,gs://senior-share-staging-570862915709/naresome_thumbnails/XojNjsOnj6M.jpg,
Xq8aakygmkQ,E:\Data\ObsidianVault\02_Channels\馴れ初めシネマ\競合チャンネル分析\企画リサーチ_20260605\gcs_upload_staging\naresome_thumbnails\Xq8aakygmkQ.jpg,279278,gs://senior-share-staging-570862915709/naresome_thumbnails/Xq8aakygmkQ.jpg,
XtcwomW5jYk,E:\Data\ObsidianVault\02_Channels\馴れ初めシネマ\競合チャンネル分析\企画リサーチ_20260605\gcs_upload_staging\naresome_thumbnails\XtcwomW5jYk.jpg,232266,gs://senior-share-staging-570862915709/naresome_thumbnails/XtcwomW5jYk.jpg,
XuAF4ALBqF4,E:\Data\ObsidianVault\02_Channels\馴れ初めシネマ\競合チャンネル分析\企画リサーチ_20260605\gcs_upload_staging\naresome_thumbnails\XuAF4ALBqF4.jpg,263860,gs://senior-share-staging-570862915709/naresome_thumbnails/XuAF4ALBqF4.jpg,
Xvn4oICuxDg,E:\Data\ObsidianVault\02_Channels\馴れ初めシネマ\競合チャンネル分析\企画リサーチ_20260605\gcs_upload_staging\naresome_thumbnails\Xvn4oICuxDg.jpg,251658,gs://senior-share-staging-570862915709/naresome_thumbnails/Xvn4oICuxDg.jpg,
XxEqAHDnXKM,E:\Data\ObsidianVault\02_Channels\馴れ初めシネマ\競合チャンネル分析\企画リサーチ_20260605\gcs_upload_staging\naresome_thumbnails\XxEqAHDnXKM.jpg,246449,gs://senior-share-staging-570862915709/naresome_thumbnails/XxEqAHDnXKM.jpg,
XxmQFexhIJQ,E:\Data\ObsidianVault\02_Channels\馴れ初めシネマ\競合チャンネル分析\企画リサーチ_20260605\gcs_upload_staging\naresome_thumbnails\XxmQFexhIJQ.jpg,263506,gs://senior-share-staging-570862915709/naresome_thumbnails/XxmQFexhIJQ.jpg,
Xzbr6NbkFDQ,E:\Data\ObsidianVault\02_Channels\馴れ初めシネマ\競合チャンネル分析\企画リサーチ_20260605\gcs_upload_staging\naresome_thumbnails\Xzbr6NbkFDQ.jpg,247307,gs://senior-share-staging-570862915709/naresome_thumbnails/Xzbr6NbkFDQ.jpg,
Y-3d6Mhwh3A,E:\Data\ObsidianVault\02_Channels\馴れ初めシネマ\競合チャンネル分析\企画リサーチ_20260605\gcs_upload_staging\naresome_thumbnails\Y-3d6Mhwh3A.jpg,274670,gs://senior-share-staging-570862915709/naresome_thumbnails/Y-3d6Mhwh3A.jpg,
Y-gSENvW7wI,E:\Data\ObsidianVault\02_Channels\馴れ初めシネマ\競合チャンネル分析\企画リサーチ_20260605\gcs_upload_staging\naresome_thumbnails\Y-gSENvW7wI.jpg,260606,gs://senior-share-staging-570862915709/naresome_thumbnails/Y-gSENvW7wI.jpg,
Y1sHi8R30w4,E:\Data\ObsidianVault\02_Channels\馴れ初めシネマ\競合チャンネル分析\企画リサーチ_20260605\gcs_upload_staging\naresome_thumbnails\Y1sHi8R30w4.jpg,247204,gs://senior-share-staging-570862915709/naresome_thumbnails/Y1sHi8R30w4.jpg,
Y1vrUry-Qrk,E:\Data\ObsidianVault\02_Channels\馴れ初めシネマ\競合チャンネル分析\企画リサーチ_20260605\gcs_upload_staging\naresome_thumbnails\Y1vrUry-Qrk.jpg,254814,gs://senior-share-staging-570862915709/naresome_thumbnails/Y1vrUry-Qrk.jpg,
Y3nj1j35uho,E:\Data\ObsidianVault\02_Channels\馴れ初めシネマ\競合チャンネル分析\企画リサーチ_20260605\gcs_upload_staging\naresome_thumbnails\Y3nj1j35uho.jpg,253209,gs://senior-share-staging-570862915709/naresome_thumbnails/Y3nj1j35uho.jpg,
Y3pmO39vymg,E:\Data\ObsidianVault\02_Channels\馴れ初めシネマ\競合チャンネル分析\企画リサーチ_20260605\gcs_upload_staging\naresome_thumbnails\Y3pmO39vymg.jpg,268100,gs://senior-share-staging-570862915709/naresome_thumbnails/Y3pmO39vymg.jpg,
Y40gKOUHCJE,E:\Data\ObsidianVault\02_Channels\馴れ初めシネマ\競合チャンネル分析\企画リサーチ_20260605\gcs_upload_staging\naresome_thumbnails\Y40gKOUHCJE.jpg,230159,gs://senior-share-staging-570862915709/naresome_thumbnails/Y40gKOUHCJE.jpg,
Y40h6EAsZNo,E:\Data\ObsidianVault\02_Channels\馴れ初めシネマ\競合チャンネル分析\企画リサーチ_20260605\gcs_upload_staging\naresome_thumbnails\Y40h6EAsZNo.jpg,250936,gs://senior-share-staging-570862915709/naresome_thumbnails/Y40h6EAsZNo.jpg,
Y4c0-E4990w,E:\Data\ObsidianVault\02_Channels\馴れ初めシネマ\競合チャンネル分析\企画リサーチ_20260605\gcs_upload_staging\naresome_thumbnails\Y4c0-E4990w.jpg,255316,gs://senior-share-staging-570862915709/naresome_thumbnails/Y4c0-E4990w.jpg,
Y5DPvK-HSRc,E:\Data\ObsidianVault\02_Channels\馴れ初めシネマ\競合チャンネル分析\企画リサーチ_20260605\gcs_upload_staging\naresome_thumbnails\Y5DPvK-HSRc.jpg,254303,gs://senior-share-staging-570862915709/naresome_thumbnails/Y5DPvK-HSRc.jpg,
Y709cyn4acE,E:\Data\ObsidianVault\02_Channels\馴れ初めシネマ\競合チャンネル分析\企画リサーチ_20260605\gcs_upload_staging\naresome_thumbnails\Y709cyn4acE.jpg,266328,gs://senior-share-staging-570862915709/naresome_thumbnails/Y709cyn4acE.jpg,
Y7Hd-iLMYz8,E:\Data\ObsidianVault\02_Channels\馴れ初めシネマ\競合チャンネル分析\企画リサーチ_20260605\gcs_upload_staging\naresome_thumbnails\Y7Hd-iLMYz8.jpg,273848,gs://senior-share-staging-570862915709/naresome_thumbnails/Y7Hd-iLMYz8.jpg,
Y7QLVBcON68,E:\Data\ObsidianVault\02_Channels\馴れ初めシネマ\競合チャンネル分析\企画リサーチ_20260605\gcs_upload_staging\naresome_thumbnails\Y7QLVBcON68.jpg,291622,gs://senior-share-staging-570862915709/naresome_thumbnails/Y7QLVBcON68.jpg,
Y7q0X0Sh4r0,E:\Data\ObsidianVault\02_Channels\馴れ初めシネマ\競合チャンネル分析\企画リサーチ_20260605\gcs_upload_staging\naresome_thumbnails\Y7q0X0Sh4r0.jpg,259184,gs://senior-share-staging-570862915709/naresome_thumbnails/Y7q0X0Sh4r0.jpg,
Y9kyR2_zi8s,E:\Data\ObsidianVault\02_Channels\馴れ初めシネマ\競合チャンネル分析\企画リサーチ_20260605\gcs_upload_staging\naresome_thumbnails\Y9kyR2_zi8s.jpg,257905,gs://senior-share-staging-570862915709/naresome_thumbnails/Y9kyR2_zi8s.jpg,
YB3j-b3JBmQ,E:\Data\ObsidianVault\02_Channels\馴れ初めシネマ\競合チャンネル分析\企画リサーチ_20260605\gcs_upload_staging\naresome_thumbnails\YB3j-b3JBmQ.jpg,262119,gs://senior-share-staging-570862915709/naresome_thumbnails/YB3j-b3JBmQ.jpg,
YBKjRjYchXo,E:\Data\ObsidianVault\02_Channels\馴れ初めシネマ\競合チャンネル分析\企画リサーチ_20260605\gcs_upload_staging\naresome_thumbnails\YBKjRjYchXo.jpg,333096,gs://senior-share-staging-570862915709/naresome_thumbnails/YBKjRjYchXo.jpg,
YBctN0NtCjo,E:\Data\ObsidianVault\02_Channels\馴れ初めシネマ\競合チャンネル分析\企画リサーチ_20260605\gcs_upload_staging\naresome_thumbnails\YBctN0NtCjo.jpg,353135,gs://senior-share-staging-570862915709/naresome_thumbnails/YBctN0NtCjo.jpg,
YDlDtMFh1Ds,E:\Data\ObsidianVault\02_Channels\馴れ初めシネマ\競合チャンネル分析\企画リサーチ_20260605\gcs_upload_staging\naresome_thumbnails\YDlDtMFh1Ds.jpg,258684,gs://senior-share-staging-570862915709/naresome_thumbnails/YDlDtMFh1Ds.jpg,
YFPECvPL4rM,E:\Data\ObsidianVault\02_Channels\馴れ初めシネマ\競合チャンネル分析\企画リサーチ_20260605\gcs_upload_staging\naresome_thumbnails\YFPECvPL4rM.jpg,241295,gs://senior-share-staging-570862915709/naresome_thumbnails/YFPECvPL4rM.jpg,
YJBL_zHsLf4,E:\Data\ObsidianVault\02_Channels\馴れ初めシネマ\競合チャンネル分析\企画リサーチ_20260605\gcs_upload_staging\naresome_thumbnails\YJBL_zHsLf4.jpg,247941,gs://senior-share-staging-570862915709/naresome_thumbnails/YJBL_zHsLf4.jpg,
YL8zhCVYwzk,E:\Data\ObsidianVault\02_Channels\馴れ初めシネマ\競合チャンネル分析\企画リサーチ_20260605\gcs_upload_staging\naresome_thumbnails\YL8zhCVYwzk.jpg,242500,gs://senior-share-staging-570862915709/naresome_thumbnails/YL8zhCVYwzk.jpg,
YMXkGj90yUY,E:\Data\ObsidianVault\02_Channels\馴れ初めシネマ\競合チャンネル分析\企画リサーチ_20260605\gcs_upload_staging\naresome_thumbnails\YMXkGj90yUY.jpg,263443,gs://senior-share-staging-570862915709/naresome_thumbnails/YMXkGj90yUY.jpg,
YNSxozjvyn0,E:\Data\ObsidianVault\02_Channels\馴れ初めシネマ\競合チャンネル分析\企画リサーチ_20260605\gcs_upload_staging\naresome_thumbnails\YNSxozjvyn0.jpg,247740,gs://senior-share-staging-570862915709/naresome_thumbnails/YNSxozjvyn0.jpg,
YPkDfBpQdwc,E:\Data\ObsidianVault\02_Channels\馴れ初めシネマ\競合チャンネル分析\企画リサーチ_20260605\gcs_upload_staging\naresome_thumbnails\YPkDfBpQdwc.jpg,58290,gs://senior-share-staging-570862915709/naresome_thumbnails/YPkDfBpQdwc.jpg,
YPreFJY51eQ,E:\Data\ObsidianVault\02_Channels\馴れ初めシネマ\競合チャンネル分析\企画リサーチ_20260605\gcs_upload_staging\naresome_thumbnails\YPreFJY51eQ.jpg,275480,gs://senior-share-staging-570862915709/naresome_thumbnails/YPreFJY51eQ.jpg,
YSgeUSSYdXc,E:\Data\ObsidianVault\02_Channels\馴れ初めシネマ\競合チャンネル分析\企画リサーチ_20260605\gcs_upload_staging\naresome_thumbnails\YSgeUSSYdXc.jpg,249497,gs://senior-share-staging-570862915709/naresome_thumbnails/YSgeUSSYdXc.jpg,
YSxuX7TYybY,E:\Data\ObsidianVault\02_Channels\馴れ初めシネマ\競合チャンネル分析\企画リサーチ_20260605\gcs_upload_staging\naresome_thumbnails\YSxuX7TYybY.jpg,238747,gs://senior-share-staging-570862915709/naresome_thumbnails/YSxuX7TYybY.jpg,
YTLvoP3iMwI,E:\Data\ObsidianVault\02_Channels\馴れ初めシネマ\競合チャンネル分析\企画リサーチ_20260605\gcs_upload_staging\naresome_thumbnails\YTLvoP3iMwI.jpg,258541,gs://senior-share-staging-570862915709/naresome_thumbnails/YTLvoP3iMwI.jpg,
YUgA1ozrdOA,E:\Data\ObsidianVault\02_Channels\馴れ初めシネマ\競合チャンネル分析\企画リサーチ_20260605\gcs_upload_staging\naresome_thumbnails\YUgA1ozrdOA.jpg,246298,gs://senior-share-staging-570862915709/naresome_thumbnails/YUgA1ozrdOA.jpg,
YVnoSvRjyf0,E:\Data\ObsidianVault\02_Channels\馴れ初めシネマ\競合チャンネル分析\企画リサーチ_20260605\gcs_upload_staging\naresome_thumbnails\YVnoSvRjyf0.jpg,254267,gs://senior-share-staging-570862915709/naresome_thumbnails/YVnoSvRjyf0.jpg,
YVrLC4yf5Jo,E:\Data\ObsidianVault\02_Channels\馴れ初めシネマ\競合チャンネル分析\企画リサーチ_20260605\gcs_upload_staging\naresome_thumbnails\YVrLC4yf5Jo.jpg,261191,gs://senior-share-staging-570862915709/naresome_thumbnails/YVrLC4yf5Jo.jpg,
YWe15_ZGrKE,E:\Data\ObsidianVault\02_Channels\馴れ初めシネマ\競合チャンネル分析\企画リサーチ_20260605\gcs_upload_staging\naresome_thumbnails\YWe15_ZGrKE.jpg,291831,gs://senior-share-staging-570862915709/naresome_thumbnails/YWe15_ZGrKE.jpg,
YXT-Wxr0A3c,E:\Data\ObsidianVault\02_Channels\馴れ初めシネマ\競合チャンネル分析\企画リサーチ_20260605\gcs_upload_staging\naresome_thumbnails\YXT-Wxr0A3c.jpg,234850,gs://senior-share-staging-570862915709/naresome_thumbnails/YXT-Wxr0A3c.jpg,
YXvZo01Bp3E,E:\Data\ObsidianVault\02_Channels\馴れ初めシネマ\競合チャンネル分析\企画リサーチ_20260605\gcs_upload_staging\naresome_thumbnails\YXvZo01Bp3E.jpg,258421,gs://senior-share-staging-570862915709/naresome_thumbnails/YXvZo01Bp3E.jpg,
YXxCSvOZ3gg,E:\Data\ObsidianVault\02_Channels\馴れ初めシネマ\競合チャンネル分析\企画リサーチ_20260605\gcs_upload_staging\naresome_thumbnails\YXxCSvOZ3gg.jpg,271344,gs://senior-share-staging-570862915709/naresome_thumbnails/YXxCSvOZ3gg.jpg,
YYbxl-rKi1I,E:\Data\ObsidianVault\02_Channels\馴れ初めシネマ\競合チャンネル分析\企画リサーチ_20260605\gcs_upload_staging\naresome_thumbnails\YYbxl-rKi1I.jpg,265328,gs://senior-share-staging-570862915709/naresome_thumbnails/YYbxl-rKi1I.jpg,
YYdw8Y38wBc,E:\Data\ObsidianVault\02_Channels\馴れ初めシネマ\競合チャンネル分析\企画リサーチ_20260605\gcs_upload_staging\naresome_thumbnails\YYdw8Y38wBc.jpg,265151,gs://senior-share-staging-570862915709/naresome_thumbnails/YYdw8Y38wBc.jpg,
YZKrwPtYwG0,E:\Data\ObsidianVault\02_Channels\馴れ初めシネマ\競合チャンネル分析\企画リサーチ_20260605\gcs_upload_staging\naresome_thumbnails\YZKrwPtYwG0.jpg,271893,gs://senior-share-staging-570862915709/naresome_thumbnails/YZKrwPtYwG0.jpg,
YZdj_3IQpvo,E:\Data\ObsidianVault\02_Channels\馴れ初めシネマ\競合チャンネル分析\企画リサーチ_20260605\gcs_upload_staging\naresome_thumbnails\YZdj_3IQpvo.jpg,265737,gs://senior-share-staging-570862915709/naresome_thumbnails/YZdj_3IQpvo.jpg,
Y_XoUjQT5QY,E:\Data\ObsidianVault\02_Channels\馴れ初めシネマ\競合チャンネル分析\企画リサーチ_20260605\gcs_upload_staging\naresome_thumbnails\Y_XoUjQT5QY.jpg,261666,gs://senior-share-staging-570862915709/naresome_thumbnails/Y_XoUjQT5QY.jpg,
YaNTTulxE_s,E:\Data\ObsidianVault\02_Channels\馴れ初めシネマ\競合チャンネル分析\企画リサーチ_20260605\gcs_upload_staging\naresome_thumbnails\YaNTTulxE_s.jpg,254707,gs://senior-share-staging-570862915709/naresome_thumbnails/YaNTTulxE_s.jpg,
YaXtvgZwJZM,E:\Data\ObsidianVault\02_Channels\馴れ初めシネマ\競合チャンネル分析\企画リサーチ_20260605\gcs_upload_staging\naresome_thumbnails\YaXtvgZwJZM.jpg,268143,gs://senior-share-staging-570862915709/naresome_thumbnails/YaXtvgZwJZM.jpg,
YcIQkwyjcfA,E:\Data\ObsidianVault\02_Channels\馴れ初めシネマ\競合チャンネル分析\企画リサーチ_20260605\gcs_upload_staging\naresome_thumbnails\YcIQkwyjcfA.jpg,281197,gs://senior-share-staging-570862915709/naresome_thumbnails/YcIQkwyjcfA.jpg,
YcQRjpbUjIw,E:\Data\ObsidianVault\02_Channels\馴れ初めシネマ\競合チャンネル分析\企画リサーチ_20260605\gcs_upload_staging\naresome_thumbnails\YcQRjpbUjIw.jpg,269331,gs://senior-share-staging-570862915709/naresome_thumbnails/YcQRjpbUjIw.jpg,
Ycac6Vbbq5k,E:\Data\ObsidianVault\02_Channels\馴れ初めシネマ\競合チャンネル分析\企画リサーチ_20260605\gcs_upload_staging\naresome_thumbnails\Ycac6Vbbq5k.jpg,271993,gs://senior-share-staging-570862915709/naresome_thumbnails/Ycac6Vbbq5k.jpg,
Ye2aNu0MUXk,E:\Data\ObsidianVault\02_Channels\馴れ初めシネマ\競合チャンネル分析\企画リサーチ_20260605\gcs_upload_staging\naresome_thumbnails\Ye2aNu0MUXk.jpg,256291,gs://senior-share-staging-570862915709/naresome_thumbnails/Ye2aNu0MUXk.jpg,
YePA8eBxSIc,E:\Data\ObsidianVault\02_Channels\馴れ初めシネマ\競合チャンネル分析\企画リサーチ_20260605\gcs_upload_staging\naresome_thumbnails\YePA8eBxSIc.jpg,254477,gs://senior-share-staging-570862915709/naresome_thumbnails/YePA8eBxSIc.jpg,
YgRqK_58_Bs,E:\Data\ObsidianVault\02_Channels\馴れ初めシネマ\競合チャンネル分析\企画リサーチ_20260605\gcs_upload_staging\naresome_thumbnails\YgRqK_58_Bs.jpg,259713,gs://senior-share-staging-570862915709/naresome_thumbnails/YgRqK_58_Bs.jpg,
Yik-SDdOBf4,E:\Data\ObsidianVault\02_Channels\馴れ初めシネマ\競合チャンネル分析\企画リサーチ_20260605\gcs_upload_staging\naresome_thumbnails\Yik-SDdOBf4.jpg,251683,gs://senior-share-staging-570862915709/naresome_thumbnails/Yik-SDdOBf4.jpg,
YivOyPfHEKc,E:\Data\ObsidianVault\02_Channels\馴れ初めシネマ\競合チャンネル分析\企画リサーチ_20260605\gcs_upload_staging\naresome_thumbnails\YivOyPfHEKc.jpg,257532,gs://senior-share-staging-570862915709/naresome_thumbnails/YivOyPfHEKc.jpg,
YkgOy543I8Q,E:\Data\ObsidianVault\02_Channels\馴れ初めシネマ\競合チャンネル分析\企画リサーチ_20260605\gcs_upload_staging\naresome_thumbnails\YkgOy543I8Q.jpg,352391,gs://senior-share-staging-570862915709/naresome_thumbnails/YkgOy543I8Q.jpg,
YkixkHnp1zY,E:\Data\ObsidianVault\02_Channels\馴れ初めシネマ\競合チャンネル分析\企画リサーチ_20260605\gcs_upload_staging\naresome_thumbnails\YkixkHnp1zY.jpg,263536,gs://senior-share-staging-570862915709/naresome_thumbnails/YkixkHnp1zY.jpg,
Ykj7ikC9xFU,E:\Data\ObsidianVault\02_Channels\馴れ初めシネマ\競合チャンネル分析\企画リサーチ_20260605\gcs_upload_staging\naresome_thumbnails\Ykj7ikC9xFU.jpg,206872,gs://senior-share-staging-570862915709/naresome_thumbnails/Ykj7ikC9xFU.jpg,
YkqeUPUgxzY,E:\Data\ObsidianVault\02_Channels\馴れ初めシネマ\競合チャンネル分析\企画リサーチ_20260605\gcs_upload_staging\naresome_thumbnails\YkqeUPUgxzY.jpg,263875,gs://senior-share-staging-570862915709/naresome_thumbnails/YkqeUPUgxzY.jpg,
YoHqwWen3Ek,E:\Data\ObsidianVault\02_Channels\馴れ初めシネマ\競合チャンネル分析\企画リサーチ_20260605\gcs_upload_staging\naresome_thumbnails\YoHqwWen3Ek.jpg,250675,gs://senior-share-staging-570862915709/naresome_thumbnails/YoHqwWen3Ek.jpg,
Yp1Z2Of5q7U,E:\Data\ObsidianVault\02_Channels\馴れ初めシネマ\競合チャンネル分析\企画リサーチ_20260605\gcs_upload_staging\naresome_thumbnails\Yp1Z2Of5q7U.jpg,238120,gs://senior-share-staging-570862915709/naresome_thumbnails/Yp1Z2Of5q7U.jpg,
YpuziC0QUes,E:\Data\ObsidianVault\02_Channels\馴れ初めシネマ\競合チャンネル分析\企画リサーチ_20260605\gcs_upload_staging\naresome_thumbnails\YpuziC0QUes.jpg,250526,gs://senior-share-staging-570862915709/naresome_thumbnails/YpuziC0QUes.jpg,
YqHhdquFB2E,E:\Data\ObsidianVault\02_Channels\馴れ初めシネマ\競合チャンネル分析\企画リサーチ_20260605\gcs_upload_staging\naresome_thumbnails\YqHhdquFB2E.jpg,274636,gs://senior-share-staging-570862915709/naresome_thumbnails/YqHhdquFB2E.jpg,
Yr9to2mVokI,E:\Data\ObsidianVault\02_Channels\馴れ初めシネマ\競合チャンネル分析\企画リサーチ_20260605\gcs_upload_staging\naresome_thumbnails\Yr9to2mVokI.jpg,221309,gs://senior-share-staging-570862915709/naresome_thumbnails/Yr9to2mVokI.jpg,
YrI6gSYccCQ,E:\Data\ObsidianVault\02_Channels\馴れ初めシネマ\競合チャンネル分析\企画リサーチ_20260605\gcs_upload_staging\naresome_thumbnails\YrI6gSYccCQ.jpg,318313,gs://senior-share-staging-570862915709/naresome_thumbnails/YrI6gSYccCQ.jpg,
YsSEuLe4xcw,E:\Data\ObsidianVault\02_Channels\馴れ初めシネマ\競合チャンネル分析\企画リサーチ_20260605\gcs_upload_staging\naresome_thumbnails\YsSEuLe4xcw.jpg,240727,gs://senior-share-staging-570862915709/naresome_thumbnails/YsSEuLe4xcw.jpg,
Yxs5_UjfSRs,E:\Data\ObsidianVault\02_Channels\馴れ初めシネマ\競合チャンネル分析\企画リサーチ_20260605\gcs_upload_staging\naresome_thumbnails\Yxs5_UjfSRs.jpg,276641,gs://senior-share-staging-570862915709/naresome_thumbnails/Yxs5_UjfSRs.jpg,
Yy-S0h1xJCc,E:\Data\ObsidianVault\02_Channels\馴れ初めシネマ\競合チャンネル分析\企画リサーチ_20260605\gcs_upload_staging\naresome_thumbnails\Yy-S0h1xJCc.jpg,251568,gs://senior-share-staging-570862915709/naresome_thumbnails/Yy-S0h1xJCc.jpg,
YylbcGLFa1M,E:\Data\ObsidianVault\02_Channels\馴れ初めシネマ\競合チャンネル分析\企画リサーチ_20260605\gcs_upload_staging\naresome_thumbnails\YylbcGLFa1M.jpg,255505,gs://senior-share-staging-570862915709/naresome_thumbnails/YylbcGLFa1M.jpg,
Yyy5Ork9VKU,E:\Data\ObsidianVault\02_Channels\馴れ初めシネマ\競合チャンネル分析\企画リサーチ_20260605\gcs_upload_staging\naresome_thumbnails\Yyy5Ork9VKU.jpg,350871,gs://senior-share-staging-570862915709/naresome_thumbnails/Yyy5Ork9VKU.jpg,
Z-1JnuAa0vw,E:\Data\ObsidianVault\02_Channels\馴れ初めシネマ\競合チャンネル分析\企画リサーチ_20260605\gcs_upload_staging\naresome_thumbnails\Z-1JnuAa0vw.jpg,236103,gs://senior-share-staging-570862915709/naresome_thumbnails/Z-1JnuAa0vw.jpg,
Z-gBqCdH-d0,E:\Data\ObsidianVault\02_Channels\馴れ初めシネマ\競合チャンネル分析\企画リサーチ_20260605\gcs_upload_staging\naresome_thumbnails\Z-gBqCdH-d0.jpg,265048,gs://senior-share-staging-570862915709/naresome_thumbnails/Z-gBqCdH-d0.jpg,
Z0N5QZLA-bo,E:\Data\ObsidianVault\02_Channels\馴れ初めシネマ\競合チャンネル分析\企画リサーチ_20260605\gcs_upload_staging\naresome_thumbnails\Z0N5QZLA-bo.jpg,250367,gs://senior-share-staging-570862915709/naresome_thumbnails/Z0N5QZLA-bo.jpg,
Z0QDyzoyc2k,E:\Data\ObsidianVault\02_Channels\馴れ初めシネマ\競合チャンネル分析\企画リサーチ_20260605\gcs_upload_staging\naresome_thumbnails\Z0QDyzoyc2k.jpg,246617,gs://senior-share-staging-570862915709/naresome_thumbnails/Z0QDyzoyc2k.jpg,
Z0gHfbu-_Zs,E:\Data\ObsidianVault\02_Channels\馴れ初めシネマ\競合チャンネル分析\企画リサーチ_20260605\gcs_upload_staging\naresome_thumbnails\Z0gHfbu-_Zs.jpg,234023,gs://senior-share-staging-570862915709/naresome_thumbnails/Z0gHfbu-_Zs.jpg,
Z1KJwxOg-Qk,E:\Data\ObsidianVault\02_Channels\馴れ初めシネマ\競合チャンネル分析\企画リサーチ_20260605\gcs_upload_staging\naresome_thumbnails\Z1KJwxOg-Qk.jpg,262809,gs://senior-share-staging-570862915709/naresome_thumbnails/Z1KJwxOg-Qk.jpg,
Z1VPS9iloco,E:\Data\ObsidianVault\02_Channels\馴れ初めシネマ\競合チャンネル分析\企画リサーチ_20260605\gcs_upload_staging\naresome_thumbnails\Z1VPS9iloco.jpg,268156,gs://senior-share-staging-570862915709/naresome_thumbnails/Z1VPS9iloco.jpg,
Z2OvbY7z_5Q,E:\Data\ObsidianVault\02_Channels\馴れ初めシネマ\競合チャンネル分析\企画リサーチ_20260605\gcs_upload_staging\naresome_thumbnails\Z2OvbY7z_5Q.jpg,258555,gs://senior-share-staging-570862915709/naresome_thumbnails/Z2OvbY7z_5Q.jpg,
Z3-cmJVV8QE,E:\Data\ObsidianVault\02_Channels\馴れ初めシネマ\競合チャンネル分析\企画リサーチ_20260605\gcs_upload_staging\naresome_thumbnails\Z3-cmJVV8QE.jpg,248434,gs://senior-share-staging-570862915709/naresome_thumbnails/Z3-cmJVV8QE.jpg,
Z46r-2wErtM,E:\Data\ObsidianVault\02_Channels\馴れ初めシネマ\競合チャンネル分析\企画リサーチ_20260605\gcs_upload_staging\naresome_thumbnails\Z46r-2wErtM.jpg,260997,gs://senior-share-staging-570862915709/naresome_thumbnails/Z46r-2wErtM.jpg,
Z6KPdsGuVFM,E:\Data\ObsidianVault\02_Channels\馴れ初めシネマ\競合チャンネル分析\企画リサーチ_20260605\gcs_upload_staging\naresome_thumbnails\Z6KPdsGuVFM.jpg,234162,gs://senior-share-staging-570862915709/naresome_thumbnails/Z6KPdsGuVFM.jpg,
Z6LtbQJ4iOU,E:\Data\ObsidianVault\02_Channels\馴れ初めシネマ\競合チャンネル分析\企画リサーチ_20260605\gcs_upload_staging\naresome_thumbnails\Z6LtbQJ4iOU.jpg,274839,gs://senior-share-staging-570862915709/naresome_thumbnails/Z6LtbQJ4iOU.jpg,
Z6UAwFmF23A,E:\Data\ObsidianVault\02_Channels\馴れ初めシネマ\競合チャンネル分析\企画リサーチ_20260605\gcs_upload_staging\naresome_thumbnails\Z6UAwFmF23A.jpg,253234,gs://senior-share-staging-570862915709/naresome_thumbnails/Z6UAwFmF23A.jpg,
Z77o5igufg8,E:\Data\ObsidianVault\02_Channels\馴れ初めシネマ\競合チャンネル分析\企画リサーチ_20260605\gcs_upload_staging\naresome_thumbnails\Z77o5igufg8.jpg,268103,gs://senior-share-staging-570862915709/naresome_thumbnails/Z77o5igufg8.jpg,
Z86y01V6h0Y,E:\Data\ObsidianVault\02_Channels\馴れ初めシネマ\競合チャンネル分析\企画リサーチ_20260605\gcs_upload_staging\naresome_thumbnails\Z86y01V6h0Y.jpg,316671,gs://senior-share-staging-570862915709/naresome_thumbnails/Z86y01V6h0Y.jpg,
Z9-tLxd68gI,E:\Data\ObsidianVault\02_Channels\馴れ初めシネマ\競合チャンネル分析\企画リサーチ_20260605\gcs_upload_staging\naresome_thumbnails\Z9-tLxd68gI.jpg,277443,gs://senior-share-staging-570862915709/naresome_thumbnails/Z9-tLxd68gI.jpg,
Z9NykYNjpZE,E:\Data\ObsidianVault\02_Channels\馴れ初めシネマ\競合チャンネル分析\企画リサーチ_20260605\gcs_upload_staging\naresome_thumbnails\Z9NykYNjpZE.jpg,259077,gs://senior-share-staging-570862915709/naresome_thumbnails/Z9NykYNjpZE.jpg,
ZBRjNyTUE9g,E:\Data\ObsidianVault\02_Channels\馴れ初めシネマ\競合チャンネル分析\企画リサーチ_20260605\gcs_upload_staging\naresome_thumbnails\ZBRjNyTUE9g.jpg,287241,gs://senior-share-staging-570862915709/naresome_thumbnails/ZBRjNyTUE9g.jpg,
ZBn1UgwrPYA,E:\Data\ObsidianVault\02_Channels\馴れ初めシネマ\競合チャンネル分析\企画リサーチ_20260605\gcs_upload_staging\naresome_thumbnails\ZBn1UgwrPYA.jpg,254219,gs://senior-share-staging-570862915709/naresome_thumbnails/ZBn1UgwrPYA.jpg,
ZD8LchkEeTA,E:\Data\ObsidianVault\02_Channels\馴れ初めシネマ\競合チャンネル分析\企画リサーチ_20260605\gcs_upload_staging\naresome_thumbnails\ZD8LchkEeTA.jpg,271082,gs://senior-share-staging-570862915709/naresome_thumbnails/ZD8LchkEeTA.jpg,
ZEJrBBqAurA,E:\Data\ObsidianVault\02_Channels\馴れ初めシネマ\競合チャンネル分析\企画リサーチ_20260605\gcs_upload_staging\naresome_thumbnails\ZEJrBBqAurA.jpg,303298,gs://senior-share-staging-570862915709/naresome_thumbnails/ZEJrBBqAurA.jpg,
ZF1bNR99q3Q,E:\Data\ObsidianVault\02_Channels\馴れ初めシネマ\競合チャンネル分析\企画リサーチ_20260605\gcs_upload_staging\naresome_thumbnails\ZF1bNR99q3Q.jpg,251538,gs://senior-share-staging-570862915709/naresome_thumbnails/ZF1bNR99q3Q.jpg,
ZFEMB169gHc,E:\Data\ObsidianVault\02_Channels\馴れ初めシネマ\競合チャンネル分析\企画リサーチ_20260605\gcs_upload_staging\naresome_thumbnails\ZFEMB169gHc.jpg,287515,gs://senior-share-staging-570862915709/naresome_thumbnails/ZFEMB169gHc.jpg,
ZGdnXPmll4k,E:\Data\ObsidianVault\02_Channels\馴れ初めシネマ\競合チャンネル分析\企画リサーチ_20260605\gcs_upload_staging\naresome_thumbnails\ZGdnXPmll4k.jpg,262879,gs://senior-share-staging-570862915709/naresome_thumbnails/ZGdnXPmll4k.jpg,
ZGsGlQQOQFk,E:\Data\ObsidianVault\02_Channels\馴れ初めシネマ\競合チャンネル分析\企画リサーチ_20260605\gcs_upload_staging\naresome_thumbnails\ZGsGlQQOQFk.jpg,250556,gs://senior-share-staging-570862915709/naresome_thumbnails/ZGsGlQQOQFk.jpg,
ZHe8IYVtyAg,E:\Data\ObsidianVault\02_Channels\馴れ初めシネマ\競合チャンネル分析\企画リサーチ_20260605\gcs_upload_staging\naresome_thumbnails\ZHe8IYVtyAg.jpg,268407,gs://senior-share-staging-570862915709/naresome_thumbnails/ZHe8IYVtyAg.jpg,
ZHhzw-q94gY,E:\Data\ObsidianVault\02_Channels\馴れ初めシネマ\競合チャンネル分析\企画リサーチ_20260605\gcs_upload_staging\naresome_thumbnails\ZHhzw-q94gY.jpg,276271,gs://senior-share-staging-570862915709/naresome_thumbnails/ZHhzw-q94gY.jpg,
ZIC2jaXLQ-o,E:\Data\ObsidianVault\02_Channels\馴れ初めシネマ\競合チャンネル分析\企画リサーチ_20260605\gcs_upload_staging\naresome_thumbnails\ZIC2jaXLQ-o.jpg,219613,gs://senior-share-staging-570862915709/naresome_thumbnails/ZIC2jaXLQ-o.jpg,
ZJKpYB_ktfk,E:\Data\ObsidianVault\02_Channels\馴れ初めシネマ\競合チャンネル分析\企画リサーチ_20260605\gcs_upload_staging\naresome_thumbnails\ZJKpYB_ktfk.jpg,264234,gs://senior-share-staging-570862915709/naresome_thumbnails/ZJKpYB_ktfk.jpg,
ZKfP_JZSbSA,E:\Data\ObsidianVault\02_Channels\馴れ初めシネマ\競合チャンネル分析\企画リサーチ_20260605\gcs_upload_staging\naresome_thumbnails\ZKfP_JZSbSA.jpg,236166,gs://senior-share-staging-570862915709/naresome_thumbnails/ZKfP_JZSbSA.jpg,
ZLwVin46ttA,E:\Data\ObsidianVault\02_Channels\馴れ初めシネマ\競合チャンネル分析\企画リサーチ_20260605\gcs_upload_staging\naresome_thumbnails\ZLwVin46ttA.jpg,251086,gs://senior-share-staging-570862915709/naresome_thumbnails/ZLwVin46ttA.jpg,
ZOtxtLgPeJ8,E:\Data\ObsidianVault\02_Channels\馴れ初めシネマ\競合チャンネル分析\企画リサーチ_20260605\gcs_upload_staging\naresome_thumbnails\ZOtxtLgPeJ8.jpg,248065,gs://senior-share-staging-570862915709/naresome_thumbnails/ZOtxtLgPeJ8.jpg,
ZP9w31fZSsM,E:\Data\ObsidianVault\02_Channels\馴れ初めシネマ\競合チャンネル分析\企画リサーチ_20260605\gcs_upload_staging\naresome_thumbnails\ZP9w31fZSsM.jpg,314599,gs://senior-share-staging-570862915709/naresome_thumbnails/ZP9w31fZSsM.jpg,
ZPDkqkgvu1g,E:\Data\ObsidianVault\02_Channels\馴れ初めシネマ\競合チャンネル分析\企画リサーチ_20260605\gcs_upload_staging\naresome_thumbnails\ZPDkqkgvu1g.jpg,261276,gs://senior-share-staging-570862915709/naresome_thumbnails/ZPDkqkgvu1g.jpg,
ZQDnn4_acUY,E:\Data\ObsidianVault\02_Channels\馴れ初めシネマ\競合チャンネル分析\企画リサーチ_20260605\gcs_upload_staging\naresome_thumbnails\ZQDnn4_acUY.jpg,260608,gs://senior-share-staging-570862915709/naresome_thumbnails/ZQDnn4_acUY.jpg,
ZQb8psWYLMc,E:\Data\ObsidianVault\02_Channels\馴れ初めシネマ\競合チャンネル分析\企画リサーチ_20260605\gcs_upload_staging\naresome_thumbnails\ZQb8psWYLMc.jpg,252915,gs://senior-share-staging-570862915709/naresome_thumbnails/ZQb8psWYLMc.jpg,
ZQftYwRyu_k,E:\Data\ObsidianVault\02_Channels\馴れ初めシネマ\競合チャンネル分析\企画リサーチ_20260605\gcs_upload_staging\naresome_thumbnails\ZQftYwRyu_k.jpg,227690,gs://senior-share-staging-570862915709/naresome_thumbnails/ZQftYwRyu_k.jpg,
ZUAAU4QGVuc,E:\Data\ObsidianVault\02_Channels\馴れ初めシネマ\競合チャンネル分析\企画リサーチ_20260605\gcs_upload_staging\naresome_thumbnails\ZUAAU4QGVuc.jpg,250405,gs://senior-share-staging-570862915709/naresome_thumbnails/ZUAAU4QGVuc.jpg,
ZUND93XPImU,E:\Data\ObsidianVault\02_Channels\馴れ初めシネマ\競合チャンネル分析\企画リサーチ_20260605\gcs_upload_staging\naresome_thumbnails\ZUND93XPImU.jpg,216498,gs://senior-share-staging-570862915709/naresome_thumbnails/ZUND93XPImU.jpg,
ZUelZ6DvM1Y,E:\Data\ObsidianVault\02_Channels\馴れ初めシネマ\競合チャンネル分析\企画リサーチ_20260605\gcs_upload_staging\naresome_thumbnails\ZUelZ6DvM1Y.jpg,259910,gs://senior-share-staging-570862915709/naresome_thumbnails/ZUelZ6DvM1Y.jpg,
ZVH8xh4_Sno,E:\Data\ObsidianVault\02_Channels\馴れ初めシネマ\競合チャンネル分析\企画リサーチ_20260605\gcs_upload_staging\naresome_thumbnails\ZVH8xh4_Sno.jpg,252487,gs://senior-share-staging-570862915709/naresome_thumbnails/ZVH8xh4_Sno.jpg,
ZVtGPAKU9qY,E:\Data\ObsidianVault\02_Channels\馴れ初めシネマ\競合チャンネル分析\企画リサーチ_20260605\gcs_upload_staging\naresome_thumbnails\ZVtGPAKU9qY.jpg,273078,gs://senior-share-staging-570862915709/naresome_thumbnails/ZVtGPAKU9qY.jpg,
ZXShwrl0SpE,E:\Data\ObsidianVault\02_Channels\馴れ初めシネマ\競合チャンネル分析\企画リサーチ_20260605\gcs_upload_staging\naresome_thumbnails\ZXShwrl0SpE.jpg,58827,gs://senior-share-staging-570862915709/naresome_thumbnails/ZXShwrl0SpE.jpg,
ZYfI8OgpTNU,E:\Data\ObsidianVault\02_Channels\馴れ初めシネマ\競合チャンネル分析\企画リサーチ_20260605\gcs_upload_staging\naresome_thumbnails\ZYfI8OgpTNU.jpg,270718,gs://senior-share-staging-570862915709/naresome_thumbnails/ZYfI8OgpTNU.jpg,
Z_LzVNagccQ,E:\Data\ObsidianVault\02_Channels\馴れ初めシネマ\競合チャンネル分析\企画リサーチ_20260605\gcs_upload_staging\naresome_thumbnails\Z_LzVNagccQ.jpg,244519,gs://senior-share-staging-570862915709/naresome_thumbnails/Z_LzVNagccQ.jpg,
ZaN6wpwymvQ,E:\Data\ObsidianVault\02_Channels\馴れ初めシネマ\競合チャンネル分析\企画リサーチ_20260605\gcs_upload_staging\naresome_thumbnails\ZaN6wpwymvQ.jpg,257613,gs://senior-share-staging-570862915709/naresome_thumbnails/ZaN6wpwymvQ.jpg,
ZaY6brGZOx8,E:\Data\ObsidianVault\02_Channels\馴れ初めシネマ\競合チャンネル分析\企画リサーチ_20260605\gcs_upload_staging\naresome_thumbnails\ZaY6brGZOx8.jpg,278812,gs://senior-share-staging-570862915709/naresome_thumbnails/ZaY6brGZOx8.jpg,
Zc7jeS6uHz0,E:\Data\ObsidianVault\02_Channels\馴れ初めシネマ\競合チャンネル分析\企画リサーチ_20260605\gcs_upload_staging\naresome_thumbnails\Zc7jeS6uHz0.jpg,237437,gs://senior-share-staging-570862915709/naresome_thumbnails/Zc7jeS6uHz0.jpg,
Zc9oCYyz1cY,E:\Data\ObsidianVault\02_Channels\馴れ初めシネマ\競合チャンネル分析\企画リサーチ_20260605\gcs_upload_staging\naresome_thumbnails\Zc9oCYyz1cY.jpg,260525,gs://senior-share-staging-570862915709/naresome_thumbnails/Zc9oCYyz1cY.jpg,
Zexi1tALEIg,E:\Data\ObsidianVault\02_Channels\馴れ初めシネマ\競合チャンネル分析\企画リサーチ_20260605\gcs_upload_staging\naresome_thumbnails\Zexi1tALEIg.jpg,266654,gs://senior-share-staging-570862915709/naresome_thumbnails/Zexi1tALEIg.jpg,
ZfdewW0ySnI,E:\Data\ObsidianVault\02_Channels\馴れ初めシネマ\競合チャンネル分析\企画リサーチ_20260605\gcs_upload_staging\naresome_thumbnails\ZfdewW0ySnI.jpg,249489,gs://senior-share-staging-570862915709/naresome_thumbnails/ZfdewW0ySnI.jpg,
ZhbtbHNmSYM,E:\Data\ObsidianVault\02_Channels\馴れ初めシネマ\競合チャンネル分析\企画リサーチ_20260605\gcs_upload_staging\naresome_thumbnails\ZhbtbHNmSYM.jpg,253199,gs://senior-share-staging-570862915709/naresome_thumbnails/ZhbtbHNmSYM.jpg,
ZiblTcyNTA8,E:\Data\ObsidianVault\02_Channels\馴れ初めシネマ\競合チャンネル分析\企画リサーチ_20260605\gcs_upload_staging\naresome_thumbnails\ZiblTcyNTA8.jpg,246539,gs://senior-share-staging-570862915709/naresome_thumbnails/ZiblTcyNTA8.jpg,
ZicYROvcBlg,E:\Data\ObsidianVault\02_Channels\馴れ初めシネマ\競合チャンネル分析\企画リサーチ_20260605\gcs_upload_staging\naresome_thumbnails\ZicYROvcBlg.jpg,271134,gs://senior-share-staging-570862915709/naresome_thumbnails/ZicYROvcBlg.jpg,
ZiroWFb5ka4,E:\Data\ObsidianVault\02_Channels\馴れ初めシネマ\競合チャンネル分析\企画リサーチ_20260605\gcs_upload_staging\naresome_thumbnails\ZiroWFb5ka4.jpg,255954,gs://senior-share-staging-570862915709/naresome_thumbnails/ZiroWFb5ka4.jpg,
ZitoNl74b9Q,E:\Data\ObsidianVault\02_Channels\馴れ初めシネマ\競合チャンネル分析\企画リサーチ_20260605\gcs_upload_staging\naresome_thumbnails\ZitoNl74b9Q.jpg,314843,gs://senior-share-staging-570862915709/naresome_thumbnails/ZitoNl74b9Q.jpg,
ZjnH0M1fXQk,E:\Data\ObsidianVault\02_Channels\馴れ初めシネマ\競合チャンネル分析\企画リサーチ_20260605\gcs_upload_staging\naresome_thumbnails\ZjnH0M1fXQk.jpg,299901,gs://senior-share-staging-570862915709/naresome_thumbnails/ZjnH0M1fXQk.jpg,
ZkOvfNSclDY,E:\Data\ObsidianVault\02_Channels\馴れ初めシネマ\競合チャンネル分析\企画リサーチ_20260605\gcs_upload_staging\naresome_thumbnails\ZkOvfNSclDY.jpg,250612,gs://senior-share-staging-570862915709/naresome_thumbnails/ZkOvfNSclDY.jpg,
ZkPUid0bwIA,E:\Data\ObsidianVault\02_Channels\馴れ初めシネマ\競合チャンネル分析\企画リサーチ_20260605\gcs_upload_staging\naresome_thumbnails\ZkPUid0bwIA.jpg,247517,gs://senior-share-staging-570862915709/naresome_thumbnails/ZkPUid0bwIA.jpg,
Zkxo3W2eFcI,E:\Data\ObsidianVault\02_Channels\馴れ初めシネマ\競合チャンネル分析\企画リサーチ_20260605\gcs_upload_staging\naresome_thumbnails\Zkxo3W2eFcI.jpg,262538,gs://senior-share-staging-570862915709/naresome_thumbnails/Zkxo3W2eFcI.jpg,
Zl3hVJ2DJMk,E:\Data\ObsidianVault\02_Channels\馴れ初めシネマ\競合チャンネル分析\企画リサーチ_20260605\gcs_upload_staging\naresome_thumbnails\Zl3hVJ2DJMk.jpg,240948,gs://senior-share-staging-570862915709/naresome_thumbnails/Zl3hVJ2DJMk.jpg,
ZnkC9Bemz5U,E:\Data\ObsidianVault\02_Channels\馴れ初めシネマ\競合チャンネル分析\企画リサーチ_20260605\gcs_upload_staging\naresome_thumbnails\ZnkC9Bemz5U.jpg,267868,gs://senior-share-staging-570862915709/naresome_thumbnails/ZnkC9Bemz5U.jpg,
ZoxLFDgSE6Y,E:\Data\ObsidianVault\02_Channels\馴れ初めシネマ\競合チャンネル分析\企画リサーチ_20260605\gcs_upload_staging\naresome_thumbnails\ZoxLFDgSE6Y.jpg,260435,gs://senior-share-staging-570862915709/naresome_thumbnails/ZoxLFDgSE6Y.jpg,
Zr-hxMhe8wE,E:\Data\ObsidianVault\02_Channels\馴れ初めシネマ\競合チャンネル分析\企画リサーチ_20260605\gcs_upload_staging\naresome_thumbnails\Zr-hxMhe8wE.jpg,254484,gs://senior-share-staging-570862915709/naresome_thumbnails/Zr-hxMhe8wE.jpg,
Zsc4J35Z9Wk,E:\Data\ObsidianVault\02_Channels\馴れ初めシネマ\競合チャンネル分析\企画リサーチ_20260605\gcs_upload_staging\naresome_thumbnails\Zsc4J35Z9Wk.jpg,246109,gs://senior-share-staging-570862915709/naresome_thumbnails/Zsc4J35Z9Wk.jpg,
Zse9nGkcWpI,E:\Data\ObsidianVault\02_Channels\馴れ初めシネマ\競合チャンネル分析\企画リサーチ_20260605\gcs_upload_staging\naresome_thumbnails\Zse9nGkcWpI.jpg,233063,gs://senior-share-staging-570862915709/naresome_thumbnails/Zse9nGkcWpI.jpg,
ZuPMBUN6cKU,E:\Data\ObsidianVault\02_Channels\馴れ初めシネマ\競合チャンネル分析\企画リサーチ_20260605\gcs_upload_staging\naresome_thumbnails\ZuPMBUN6cKU.jpg,263415,gs://senior-share-staging-570862915709/naresome_thumbnails/ZuPMBUN6cKU.jpg,
ZuR63Dwu7-Q,E:\Data\ObsidianVault\02_Channels\馴れ初めシネマ\競合チャンネル分析\企画リサーチ_20260605\gcs_upload_staging\naresome_thumbnails\ZuR63Dwu7-Q.jpg,280604,gs://senior-share-staging-570862915709/naresome_thumbnails/ZuR63Dwu7-Q.jpg,
ZxFmM0vyliE,E:\Data\ObsidianVault\02_Channels\馴れ初めシネマ\競合チャンネル分析\企画リサーチ_20260605\gcs_upload_staging\naresome_thumbnails\ZxFmM0vyliE.jpg,269388,gs://senior-share-staging-570862915709/naresome_thumbnails/ZxFmM0vyliE.jpg,
ZxP0kpwVkrE,E:\Data\ObsidianVault\02_Channels\馴れ初めシネマ\競合チャンネル分析\企画リサーチ_20260605\gcs_upload_staging\naresome_thumbnails\ZxP0kpwVkrE.jpg,273189,gs://senior-share-staging-570862915709/naresome_thumbnails/ZxP0kpwVkrE.jpg,
ZzAgKpcv14Q,E:\Data\ObsidianVault\02_Channels\馴れ初めシネマ\競合チャンネル分析\企画リサーチ_20260605\gcs_upload_staging\naresome_thumbnails\ZzAgKpcv14Q.jpg,289137,gs://senior-share-staging-570862915709/naresome_thumbnails/ZzAgKpcv14Q.jpg,
Zzjvo6x8Dc0,E:\Data\ObsidianVault\02_Channels\馴れ初めシネマ\競合チャンネル分析\企画リサーチ_20260605\gcs_upload_staging\naresome_thumbnails\Zzjvo6x8Dc0.jpg,273826,gs://senior-share-staging-570862915709/naresome_thumbnails/Zzjvo6x8Dc0.jpg,
_-wFib6SmUA,E:\Data\ObsidianVault\02_Channels\馴れ初めシネマ\競合チャンネル分析\企画リサーチ_20260605\gcs_upload_staging\naresome_thumbnails\_-wFib6SmUA.jpg,234322,gs://senior-share-staging-570862915709/naresome_thumbnails/_-wFib6SmUA.jpg,
_2VdpswMpho,E:\Data\ObsidianVault\02_Channels\馴れ初めシネマ\競合チャンネル分析\企画リサーチ_20260605\gcs_upload_staging\naresome_thumbnails\_2VdpswMpho.jpg,261485,gs://senior-share-staging-570862915709/naresome_thumbnails/_2VdpswMpho.jpg,
_3fPtsJ8lO4,E:\Data\ObsidianVault\02_Channels\馴れ初めシネマ\競合チャンネル分析\企画リサーチ_20260605\gcs_upload_staging\naresome_thumbnails\_3fPtsJ8lO4.jpg,251487,gs://senior-share-staging-570862915709/naresome_thumbnails/_3fPtsJ8lO4.jpg,
_47xDH7lous,E:\Data\ObsidianVault\02_Channels\馴れ初めシネマ\競合チャンネル分析\企画リサーチ_20260605\gcs_upload_staging\naresome_thumbnails\_47xDH7lous.jpg,261837,gs://senior-share-staging-570862915709/naresome_thumbnails/_47xDH7lous.jpg,
_52B1BIL81Q,E:\Data\ObsidianVault\02_Channels\馴れ初めシネマ\競合チャンネル分析\企画リサーチ_20260605\gcs_upload_staging\naresome_thumbnails\_52B1BIL81Q.jpg,263416,gs://senior-share-staging-570862915709/naresome_thumbnails/_52B1BIL81Q.jpg,
_5dPu-rRm3E,E:\Data\ObsidianVault\02_Channels\馴れ初めシネマ\競合チャンネル分析\企画リサーチ_20260605\gcs_upload_staging\naresome_thumbnails\_5dPu-rRm3E.jpg,261364,gs://senior-share-staging-570862915709/naresome_thumbnails/_5dPu-rRm3E.jpg,
_6mTxPKuzfI,E:\Data\ObsidianVault\02_Channels\馴れ初めシネマ\競合チャンネル分析\企画リサーチ_20260605\gcs_upload_staging\naresome_thumbnails\_6mTxPKuzfI.jpg,307929,gs://senior-share-staging-570862915709/naresome_thumbnails/_6mTxPKuzfI.jpg,
_6rDD8BgW90,E:\Data\ObsidianVault\02_Channels\馴れ初めシネマ\競合チャンネル分析\企画リサーチ_20260605\gcs_upload_staging\naresome_thumbnails\_6rDD8BgW90.jpg,243746,gs://senior-share-staging-570862915709/naresome_thumbnails/_6rDD8BgW90.jpg,
_7nSJXM5EEA,E:\Data\ObsidianVault\02_Channels\馴れ初めシネマ\競合チャンネル分析\企画リサーチ_20260605\gcs_upload_staging\naresome_thumbnails\_7nSJXM5EEA.jpg,267323,gs://senior-share-staging-570862915709/naresome_thumbnails/_7nSJXM5EEA.jpg,
_94ICNCbMlk,E:\Data\ObsidianVault\02_Channels\馴れ初めシネマ\競合チャンネル分析\企画リサーチ_20260605\gcs_upload_staging\naresome_thumbnails\_94ICNCbMlk.jpg,263305,gs://senior-share-staging-570862915709/naresome_thumbnails/_94ICNCbMlk.jpg,
_AI_x9ZpJhg,E:\Data\ObsidianVault\02_Channels\馴れ初めシネマ\競合チャンネル分析\企画リサーチ_20260605\gcs_upload_staging\naresome_thumbnails\_AI_x9ZpJhg.jpg,262524,gs://senior-share-staging-570862915709/naresome_thumbnails/_AI_x9ZpJhg.jpg,
_BLZMn7FhuM,E:\Data\ObsidianVault\02_Channels\馴れ初めシネマ\競合チャンネル分析\企画リサーチ_20260605\gcs_upload_staging\naresome_thumbnails\_BLZMn7FhuM.jpg,252868,gs://senior-share-staging-570862915709/naresome_thumbnails/_BLZMn7FhuM.jpg,
_BMO9o_z1fg,E:\Data\ObsidianVault\02_Channels\馴れ初めシネマ\競合チャンネル分析\企画リサーチ_20260605\gcs_upload_staging\naresome_thumbnails\_BMO9o_z1fg.jpg,235936,gs://senior-share-staging-570862915709/naresome_thumbnails/_BMO9o_z1fg.jpg,
_CkhUkMn1Iw,E:\Data\ObsidianVault\02_Channels\馴れ初めシネマ\競合チャンネル分析\企画リサーチ_20260605\gcs_upload_staging\naresome_thumbnails\_CkhUkMn1Iw.jpg,247646,gs://senior-share-staging-570862915709/naresome_thumbnails/_CkhUkMn1Iw.jpg,
_KsVbirajsQ,E:\Data\ObsidianVault\02_Channels\馴れ初めシネマ\競合チャンネル分析\企画リサーチ_20260605\gcs_upload_staging\naresome_thumbnails\_KsVbirajsQ.jpg,247983,gs://senior-share-staging-570862915709/naresome_thumbnails/_KsVbirajsQ.jpg,
_M9c47FH0uE,E:\Data\ObsidianVault\02_Channels\馴れ初めシネマ\競合チャンネル分析\企画リサーチ_20260605\gcs_upload_staging\naresome_thumbnails\_M9c47FH0uE.jpg,248855,gs://senior-share-staging-570862915709/naresome_thumbnails/_M9c47FH0uE.jpg,
_MGc77skoD4,E:\Data\ObsidianVault\02_Channels\馴れ初めシネマ\競合チャンネル分析\企画リサーチ_20260605\gcs_upload_staging\naresome_thumbnails\_MGc77skoD4.jpg,280165,gs://senior-share-staging-570862915709/naresome_thumbnails/_MGc77skoD4.jpg,
_Me2UsQyXDc,E:\Data\ObsidianVault\02_Channels\馴れ初めシネマ\競合チャンネル分析\企画リサーチ_20260605\gcs_upload_staging\naresome_thumbnails\_Me2UsQyXDc.jpg,270581,gs://senior-share-staging-570862915709/naresome_thumbnails/_Me2UsQyXDc.jpg,
_PIftF_HnRI,E:\Data\ObsidianVault\02_Channels\馴れ初めシネマ\競合チャンネル分析\企画リサーチ_20260605\gcs_upload_staging\naresome_thumbnails\_PIftF_HnRI.jpg,252831,gs://senior-share-staging-570862915709/naresome_thumbnails/_PIftF_HnRI.jpg,
_PXk2Xyrkrk,E:\Data\ObsidianVault\02_Channels\馴れ初めシネマ\競合チャンネル分析\企画リサーチ_20260605\gcs_upload_staging\naresome_thumbnails\_PXk2Xyrkrk.jpg,262307,gs://senior-share-staging-570862915709/naresome_thumbnails/_PXk2Xyrkrk.jpg,
_PyC3aGrXjQ,E:\Data\ObsidianVault\02_Channels\馴れ初めシネマ\競合チャンネル分析\企画リサーチ_20260605\gcs_upload_staging\naresome_thumbnails\_PyC3aGrXjQ.jpg,254478,gs://senior-share-staging-570862915709/naresome_thumbnails/_PyC3aGrXjQ.jpg,
_QWaTxxLkXI,E:\Data\ObsidianVault\02_Channels\馴れ初めシネマ\競合チャンネル分析\企画リサーチ_20260605\gcs_upload_staging\naresome_thumbnails\_QWaTxxLkXI.jpg,275812,gs://senior-share-staging-570862915709/naresome_thumbnails/_QWaTxxLkXI.jpg,
_S7KVswKbu4,E:\Data\ObsidianVault\02_Channels\馴れ初めシネマ\競合チャンネル分析\企画リサーチ_20260605\gcs_upload_staging\naresome_thumbnails\_S7KVswKbu4.jpg,268129,gs://senior-share-staging-570862915709/naresome_thumbnails/_S7KVswKbu4.jpg,
_XQgn6Xk8YM,E:\Data\ObsidianVault\02_Channels\馴れ初めシネマ\競合チャンネル分析\企画リサーチ_20260605\gcs_upload_staging\naresome_thumbnails\_XQgn6Xk8YM.jpg,324713,gs://senior-share-staging-570862915709/naresome_thumbnails/_XQgn6Xk8YM.jpg,
_YlPmKBB80E,E:\Data\ObsidianVault\02_Channels\馴れ初めシネマ\競合チャンネル分析\企画リサーチ_20260605\gcs_upload_staging\naresome_thumbnails\_YlPmKBB80E.jpg,263848,gs://senior-share-staging-570862915709/naresome_thumbnails/_YlPmKBB80E.jpg,
__NpsxK9H4I,E:\Data\ObsidianVault\02_Channels\馴れ初めシネマ\競合チャンネル分析\企画リサーチ_20260605\gcs_upload_staging\naresome_thumbnails\__NpsxK9H4I.jpg,249591,gs://senior-share-staging-570862915709/naresome_thumbnails/__NpsxK9H4I.jpg,
__sTornjaYE,E:\Data\ObsidianVault\02_Channels\馴れ初めシネマ\競合チャンネル分析\企画リサーチ_20260605\gcs_upload_staging\naresome_thumbnails\__sTornjaYE.jpg,266857,gs://senior-share-staging-570862915709/naresome_thumbnails/__sTornjaYE.jpg,
_a8I9AB9mMc,E:\Data\ObsidianVault\02_Channels\馴れ初めシネマ\競合チャンネル分析\企画リサーチ_20260605\gcs_upload_staging\naresome_thumbnails\_a8I9AB9mMc.jpg,283571,gs://senior-share-staging-570862915709/naresome_thumbnails/_a8I9AB9mMc.jpg,
_bAMCuB8xbk,E:\Data\ObsidianVault\02_Channels\馴れ初めシネマ\競合チャンネル分析\企画リサーチ_20260605\gcs_upload_staging\naresome_thumbnails\_bAMCuB8xbk.jpg,281018,gs://senior-share-staging-570862915709/naresome_thumbnails/_bAMCuB8xbk.jpg,
_baSt_n2WQ4,E:\Data\ObsidianVault\02_Channels\馴れ初めシネマ\競合チャンネル分析\企画リサーチ_20260605\gcs_upload_staging\naresome_thumbnails\_baSt_n2WQ4.jpg,263580,gs://senior-share-staging-570862915709/naresome_thumbnails/_baSt_n2WQ4.jpg,
_bq4wjSiuu8,E:\Data\ObsidianVault\02_Channels\馴れ初めシネマ\競合チャンネル分析\企画リサーチ_20260605\gcs_upload_staging\naresome_thumbnails\_bq4wjSiuu8.jpg,292154,gs://senior-share-staging-570862915709/naresome_thumbnails/_bq4wjSiuu8.jpg,
_cPpx98wvmY,E:\Data\ObsidianVault\02_Channels\馴れ初めシネマ\競合チャンネル分析\企画リサーチ_20260605\gcs_upload_staging\naresome_thumbnails\_cPpx98wvmY.jpg,262355,gs://senior-share-staging-570862915709/naresome_thumbnails/_cPpx98wvmY.jpg,
_dQBxgsFHQs,E:\Data\ObsidianVault\02_Channels\馴れ初めシネマ\競合チャンネル分析\企画リサーチ_20260605\gcs_upload_staging\naresome_thumbnails\_dQBxgsFHQs.jpg,257850,gs://senior-share-staging-570862915709/naresome_thumbnails/_dQBxgsFHQs.jpg,
_diGD8XatRk,E:\Data\ObsidianVault\02_Channels\馴れ初めシネマ\競合チャンネル分析\企画リサーチ_20260605\gcs_upload_staging\naresome_thumbnails\_diGD8XatRk.jpg,275714,gs://senior-share-staging-570862915709/naresome_thumbnails/_diGD8XatRk.jpg,
_dlvr0qOQqY,E:\Data\ObsidianVault\02_Channels\馴れ初めシネマ\競合チャンネル分析\企画リサーチ_20260605\gcs_upload_staging\naresome_thumbnails\_dlvr0qOQqY.jpg,252004,gs://senior-share-staging-570862915709/naresome_thumbnails/_dlvr0qOQqY.jpg,
_eC6er2YqkU,E:\Data\ObsidianVault\02_Channels\馴れ初めシネマ\競合チャンネル分析\企画リサーチ_20260605\gcs_upload_staging\naresome_thumbnails\_eC6er2YqkU.jpg,266268,gs://senior-share-staging-570862915709/naresome_thumbnails/_eC6er2YqkU.jpg,
_eN-w65qlU4,E:\Data\ObsidianVault\02_Channels\馴れ初めシネマ\競合チャンネル分析\企画リサーチ_20260605\gcs_upload_staging\naresome_thumbnails\_eN-w65qlU4.jpg,259196,gs://senior-share-staging-570862915709/naresome_thumbnails/_eN-w65qlU4.jpg,
_eULr2fk2Kk,E:\Data\ObsidianVault\02_Channels\馴れ初めシネマ\競合チャンネル分析\企画リサーチ_20260605\gcs_upload_staging\naresome_thumbnails\_eULr2fk2Kk.jpg,281305,gs://senior-share-staging-570862915709/naresome_thumbnails/_eULr2fk2Kk.jpg,
_fMsoIJPuhM,E:\Data\ObsidianVault\02_Channels\馴れ初めシネマ\競合チャンネル分析\企画リサーチ_20260605\gcs_upload_staging\naresome_thumbnails\_fMsoIJPuhM.jpg,266023,gs://senior-share-staging-570862915709/naresome_thumbnails/_fMsoIJPuhM.jpg,
_gKP--CGFF8,E:\Data\ObsidianVault\02_Channels\馴れ初めシネマ\競合チャンネル分析\企画リサーチ_20260605\gcs_upload_staging\naresome_thumbnails\_gKP--CGFF8.jpg,247594,gs://senior-share-staging-570862915709/naresome_thumbnails/_gKP--CGFF8.jpg,
_hycrtfk2FY,E:\Data\ObsidianVault\02_Channels\馴れ初めシネマ\競合チャンネル分析\企画リサーチ_20260605\gcs_upload_staging\naresome_thumbnails\_hycrtfk2FY.jpg,216254,gs://senior-share-staging-570862915709/naresome_thumbnails/_hycrtfk2FY.jpg,
_iO4hoUpKIM,E:\Data\ObsidianVault\02_Channels\馴れ初めシネマ\競合チャンネル分析\企画リサーチ_20260605\gcs_upload_staging\naresome_thumbnails\_iO4hoUpKIM.jpg,244017,gs://senior-share-staging-570862915709/naresome_thumbnails/_iO4hoUpKIM.jpg,
_j0vl5HVTcU,E:\Data\ObsidianVault\02_Channels\馴れ初めシネマ\競合チャンネル分析\企画リサーチ_20260605\gcs_upload_staging\naresome_thumbnails\_j0vl5HVTcU.jpg,243823,gs://senior-share-staging-570862915709/naresome_thumbnails/_j0vl5HVTcU.jpg,
_o-qP1wSalA,E:\Data\ObsidianVault\02_Channels\馴れ初めシネマ\競合チャンネル分析\企画リサーチ_20260605\gcs_upload_staging\naresome_thumbnails\_o-qP1wSalA.jpg,250806,gs://senior-share-staging-570862915709/naresome_thumbnails/_o-qP1wSalA.jpg,
_o1jwQo3MfM,E:\Data\ObsidianVault\02_Channels\馴れ初めシネマ\競合チャンネル分析\企画リサーチ_20260605\gcs_upload_staging\naresome_thumbnails\_o1jwQo3MfM.jpg,255457,gs://senior-share-staging-570862915709/naresome_thumbnails/_o1jwQo3MfM.jpg,
_oo91HbBALY,E:\Data\ObsidianVault\02_Channels\馴れ初めシネマ\競合チャンネル分析\企画リサーチ_20260605\gcs_upload_staging\naresome_thumbnails\_oo91HbBALY.jpg,241029,gs://senior-share-staging-570862915709/naresome_thumbnails/_oo91HbBALY.jpg,
_u0sb3omNRQ,E:\Data\ObsidianVault\02_Channels\馴れ初めシネマ\競合チャンネル分析\企画リサーチ_20260605\gcs_upload_staging\naresome_thumbnails\_u0sb3omNRQ.jpg,246456,gs://senior-share-staging-570862915709/naresome_thumbnails/_u0sb3omNRQ.jpg,
_ulDX2OLi1Q,E:\Data\ObsidianVault\02_Channels\馴れ初めシネマ\競合チャンネル分析\企画リサーチ_20260605\gcs_upload_staging\naresome_thumbnails\_ulDX2OLi1Q.jpg,319787,gs://senior-share-staging-570862915709/naresome_thumbnails/_ulDX2OLi1Q.jpg,
_usAd0KZpgE,E:\Data\ObsidianVault\02_Channels\馴れ初めシネマ\競合チャンネル分析\企画リサーチ_20260605\gcs_upload_staging\naresome_thumbnails\_usAd0KZpgE.jpg,274714,gs://senior-share-staging-570862915709/naresome_thumbnails/_usAd0KZpgE.jpg,
_vQSL6uy5jU,E:\Data\ObsidianVault\02_Channels\馴れ初めシネマ\競合チャンネル分析\企画リサーチ_20260605\gcs_upload_staging\naresome_thumbnails\_vQSL6uy5jU.jpg,252700,gs://senior-share-staging-570862915709/naresome_thumbnails/_vQSL6uy5jU.jpg,
_vf59Vl4V-A,E:\Data\ObsidianVault\02_Channels\馴れ初めシネマ\競合チャンネル分析\企画リサーチ_20260605\gcs_upload_staging\naresome_thumbnails\_vf59Vl4V-A.jpg,233253,gs://senior-share-staging-570862915709/naresome_thumbnails/_vf59Vl4V-A.jpg,
_wbimeFxALo,E:\Data\ObsidianVault\02_Channels\馴れ初めシネマ\競合チャンネル分析\企画リサーチ_20260605\gcs_upload_staging\naresome_thumbnails\_wbimeFxALo.jpg,255954,gs://senior-share-staging-570862915709/naresome_thumbnails/_wbimeFxALo.jpg,
_xUUe846GnM,E:\Data\ObsidianVault\02_Channels\馴れ初めシネマ\競合チャンネル分析\企画リサーチ_20260605\gcs_upload_staging\naresome_thumbnails\_xUUe846GnM.jpg,263038,gs://senior-share-staging-570862915709/naresome_thumbnails/_xUUe846GnM.jpg,
_y1HIN3vBZI,E:\Data\ObsidianVault\02_Channels\馴れ初めシネマ\競合チャンネル分析\企画リサーチ_20260605\gcs_upload_staging\naresome_thumbnails\_y1HIN3vBZI.jpg,255823,gs://senior-share-staging-570862915709/naresome_thumbnails/_y1HIN3vBZI.jpg,
_zinKoLom1Y,E:\Data\ObsidianVault\02_Channels\馴れ初めシネマ\競合チャンネル分析\企画リサーチ_20260605\gcs_upload_staging\naresome_thumbnails\_zinKoLom1Y.jpg,280941,gs://senior-share-staging-570862915709/naresome_thumbnails/_zinKoLom1Y.jpg,
a-mkJeZ5QOk,E:\Data\ObsidianVault\02_Channels\馴れ初めシネマ\競合チャンネル分析\企画リサーチ_20260605\gcs_upload_staging\naresome_thumbnails\a-mkJeZ5QOk.jpg,298916,gs://senior-share-staging-570862915709/naresome_thumbnails/a-mkJeZ5QOk.jpg,
a023yHng6xc,E:\Data\ObsidianVault\02_Channels\馴れ初めシネマ\競合チャンネル分析\企画リサーチ_20260605\gcs_upload_staging\naresome_thumbnails\a023yHng6xc.jpg,246517,gs://senior-share-staging-570862915709/naresome_thumbnails/a023yHng6xc.jpg,
a0KFL7MfVQA,E:\Data\ObsidianVault\02_Channels\馴れ初めシネマ\競合チャンネル分析\企画リサーチ_20260605\gcs_upload_staging\naresome_thumbnails\a0KFL7MfVQA.jpg,268622,gs://senior-share-staging-570862915709/naresome_thumbnails/a0KFL7MfVQA.jpg,
a12KnA9Vyyc,E:\Data\ObsidianVault\02_Channels\馴れ初めシネマ\競合チャンネル分析\企画リサーチ_20260605\gcs_upload_staging\naresome_thumbnails\a12KnA9Vyyc.jpg,253671,gs://senior-share-staging-570862915709/naresome_thumbnails/a12KnA9Vyyc.jpg,
a4NUDEzNJJk,E:\Data\ObsidianVault\02_Channels\馴れ初めシネマ\競合チャンネル分析\企画リサーチ_20260605\gcs_upload_staging\naresome_thumbnails\a4NUDEzNJJk.jpg,244727,gs://senior-share-staging-570862915709/naresome_thumbnails/a4NUDEzNJJk.jpg,
a4_0x8DqO5Y,E:\Data\ObsidianVault\02_Channels\馴れ初めシネマ\競合チャンネル分析\企画リサーチ_20260605\gcs_upload_staging\naresome_thumbnails\a4_0x8DqO5Y.jpg,279010,gs://senior-share-staging-570862915709/naresome_thumbnails/a4_0x8DqO5Y.jpg,
a5M6K87UvSU,E:\Data\ObsidianVault\02_Channels\馴れ初めシネマ\競合チャンネル分析\企画リサーチ_20260605\gcs_upload_staging\naresome_thumbnails\a5M6K87UvSU.jpg,239262,gs://senior-share-staging-570862915709/naresome_thumbnails/a5M6K87UvSU.jpg,
a7rYL_1Trjw,E:\Data\ObsidianVault\02_Channels\馴れ初めシネマ\競合チャンネル分析\企画リサーチ_20260605\gcs_upload_staging\naresome_thumbnails\a7rYL_1Trjw.jpg,271290,gs://senior-share-staging-570862915709/naresome_thumbnails/a7rYL_1Trjw.jpg,
a8AMlna5Kk0,E:\Data\ObsidianVault\02_Channels\馴れ初めシネマ\競合チャンネル分析\企画リサーチ_20260605\gcs_upload_staging\naresome_thumbnails\a8AMlna5Kk0.jpg,243154,gs://senior-share-staging-570862915709/naresome_thumbnails/a8AMlna5Kk0.jpg,
a8hIzcwl2_o,E:\Data\ObsidianVault\02_Channels\馴れ初めシネマ\競合チャンネル分析\企画リサーチ_20260605\gcs_upload_staging\naresome_thumbnails\a8hIzcwl2_o.jpg,277012,gs://senior-share-staging-570862915709/naresome_thumbnails/a8hIzcwl2_o.jpg,
aCbsRELr8KA,E:\Data\ObsidianVault\02_Channels\馴れ初めシネマ\競合チャンネル分析\企画リサーチ_20260605\gcs_upload_staging\naresome_thumbnails\aCbsRELr8KA.jpg,261938,gs://senior-share-staging-570862915709/naresome_thumbnails/aCbsRELr8KA.jpg,
aDHUK7lNbVI,E:\Data\ObsidianVault\02_Channels\馴れ初めシネマ\競合チャンネル分析\企画リサーチ_20260605\gcs_upload_staging\naresome_thumbnails\aDHUK7lNbVI.jpg,257110,gs://senior-share-staging-570862915709/naresome_thumbnails/aDHUK7lNbVI.jpg,
aEMlzuGdNao,E:\Data\ObsidianVault\02_Channels\馴れ初めシネマ\競合チャンネル分析\企画リサーチ_20260605\gcs_upload_staging\naresome_thumbnails\aEMlzuGdNao.jpg,269149,gs://senior-share-staging-570862915709/naresome_thumbnails/aEMlzuGdNao.jpg,
aEkv3rp37Dk,E:\Data\ObsidianVault\02_Channels\馴れ初めシネマ\競合チャンネル分析\企画リサーチ_20260605\gcs_upload_staging\naresome_thumbnails\aEkv3rp37Dk.jpg,277100,gs://senior-share-staging-570862915709/naresome_thumbnails/aEkv3rp37Dk.jpg,
aG9Y45LuS7w,E:\Data\ObsidianVault\02_Channels\馴れ初めシネマ\競合チャンネル分析\企画リサーチ_20260605\gcs_upload_staging\naresome_thumbnails\aG9Y45LuS7w.jpg,56626,gs://senior-share-staging-570862915709/naresome_thumbnails/aG9Y45LuS7w.jpg,
aGUlUV51LX8,E:\Data\ObsidianVault\02_Channels\馴れ初めシネマ\競合チャンネル分析\企画リサーチ_20260605\gcs_upload_staging\naresome_thumbnails\aGUlUV51LX8.jpg,243208,gs://senior-share-staging-570862915709/naresome_thumbnails/aGUlUV51LX8.jpg,
aHDlGQgpVC8,E:\Data\ObsidianVault\02_Channels\馴れ初めシネマ\競合チャンネル分析\企画リサーチ_20260605\gcs_upload_staging\naresome_thumbnails\aHDlGQgpVC8.jpg,256782,gs://senior-share-staging-570862915709/naresome_thumbnails/aHDlGQgpVC8.jpg,
aIAGix8Q_XA,E:\Data\ObsidianVault\02_Channels\馴れ初めシネマ\競合チャンネル分析\企画リサーチ_20260605\gcs_upload_staging\naresome_thumbnails\aIAGix8Q_XA.jpg,260795,gs://senior-share-staging-570862915709/naresome_thumbnails/aIAGix8Q_XA.jpg,
aK38oFO2arw,E:\Data\ObsidianVault\02_Channels\馴れ初めシネマ\競合チャンネル分析\企画リサーチ_20260605\gcs_upload_staging\naresome_thumbnails\aK38oFO2arw.jpg,247398,gs://senior-share-staging-570862915709/naresome_thumbnails/aK38oFO2arw.jpg,
aM5rbA5dyrY,E:\Data\ObsidianVault\02_Channels\馴れ初めシネマ\競合チャンネル分析\企画リサーチ_20260605\gcs_upload_staging\naresome_thumbnails\aM5rbA5dyrY.jpg,266065,gs://senior-share-staging-570862915709/naresome_thumbnails/aM5rbA5dyrY.jpg,
aMwrNVOMWj8,E:\Data\ObsidianVault\02_Channels\馴れ初めシネマ\競合チャンネル分析\企画リサーチ_20260605\gcs_upload_staging\naresome_thumbnails\aMwrNVOMWj8.jpg,290109,gs://senior-share-staging-570862915709/naresome_thumbnails/aMwrNVOMWj8.jpg,
aP2AYUMnPPM,E:\Data\ObsidianVault\02_Channels\馴れ初めシネマ\競合チャンネル分析\企画リサーチ_20260605\gcs_upload_staging\naresome_thumbnails\aP2AYUMnPPM.jpg,252239,gs://senior-share-staging-570862915709/naresome_thumbnails/aP2AYUMnPPM.jpg,
aPhkhjEkaqE,E:\Data\ObsidianVault\02_Channels\馴れ初めシネマ\競合チャンネル分析\企画リサーチ_20260605\gcs_upload_staging\naresome_thumbnails\aPhkhjEkaqE.jpg,257210,gs://senior-share-staging-570862915709/naresome_thumbnails/aPhkhjEkaqE.jpg,
aPqIWYez6Wg,E:\Data\ObsidianVault\02_Channels\馴れ初めシネマ\競合チャンネル分析\企画リサーチ_20260605\gcs_upload_staging\naresome_thumbnails\aPqIWYez6Wg.jpg,232222,gs://senior-share-staging-570862915709/naresome_thumbnails/aPqIWYez6Wg.jpg,
aS7DZcQ1bts,E:\Data\ObsidianVault\02_Channels\馴れ初めシネマ\競合チャンネル分析\企画リサーチ_20260605\gcs_upload_staging\naresome_thumbnails\aS7DZcQ1bts.jpg,271968,gs://senior-share-staging-570862915709/naresome_thumbnails/aS7DZcQ1bts.jpg,
aYn880Qcgxk,E:\Data\ObsidianVault\02_Channels\馴れ初めシネマ\競合チャンネル分析\企画リサーチ_20260605\gcs_upload_staging\naresome_thumbnails\aYn880Qcgxk.jpg,246385,gs://senior-share-staging-570862915709/naresome_thumbnails/aYn880Qcgxk.jpg,
aayY8_6MUYs,E:\Data\ObsidianVault\02_Channels\馴れ初めシネマ\競合チャンネル分析\企画リサーチ_20260605\gcs_upload_staging\naresome_thumbnails\aayY8_6MUYs.jpg,272722,gs://senior-share-staging-570862915709/naresome_thumbnails/aayY8_6MUYs.jpg,
abUMdBJshzo,E:\Data\ObsidianVault\02_Channels\馴れ初めシネマ\競合チャンネル分析\企画リサーチ_20260605\gcs_upload_staging\naresome_thumbnails\abUMdBJshzo.jpg,243860,gs://senior-share-staging-570862915709/naresome_thumbnails/abUMdBJshzo.jpg,
abzAdOmrS68,E:\Data\ObsidianVault\02_Channels\馴れ初めシネマ\競合チャンネル分析\企画リサーチ_20260605\gcs_upload_staging\naresome_thumbnails\abzAdOmrS68.jpg,264176,gs://senior-share-staging-570862915709/naresome_thumbnails/abzAdOmrS68.jpg,
aczv_qurSr0,E:\Data\ObsidianVault\02_Channels\馴れ初めシネマ\競合チャンネル分析\企画リサーチ_20260605\gcs_upload_staging\naresome_thumbnails\aczv_qurSr0.jpg,254077,gs://senior-share-staging-570862915709/naresome_thumbnails/aczv_qurSr0.jpg,
ad-rC-7ZEqg,E:\Data\ObsidianVault\02_Channels\馴れ初めシネマ\競合チャンネル分析\企画リサーチ_20260605\gcs_upload_staging\naresome_thumbnails\ad-rC-7ZEqg.jpg,261385,gs://senior-share-staging-570862915709/naresome_thumbnails/ad-rC-7ZEqg.jpg,
ae5H_7ueEYQ,E:\Data\ObsidianVault\02_Channels\馴れ初めシネマ\競合チャンネル分析\企画リサーチ_20260605\gcs_upload_staging\naresome_thumbnails\ae5H_7ueEYQ.jpg,240348,gs://senior-share-staging-570862915709/naresome_thumbnails/ae5H_7ueEYQ.jpg,
afbNyD7vPN8,E:\Data\ObsidianVault\02_Channels\馴れ初めシネマ\競合チャンネル分析\企画リサーチ_20260605\gcs_upload_staging\naresome_thumbnails\afbNyD7vPN8.jpg,334860,gs://senior-share-staging-570862915709/naresome_thumbnails/afbNyD7vPN8.jpg,
ag8pcyXbIzY,E:\Data\ObsidianVault\02_Channels\馴れ初めシネマ\競合チャンネル分析\企画リサーチ_20260605\gcs_upload_staging\naresome_thumbnails\ag8pcyXbIzY.jpg,247703,gs://senior-share-staging-570862915709/naresome_thumbnails/ag8pcyXbIzY.jpg,
ahX2CVOVMUU,E:\Data\ObsidianVault\02_Channels\馴れ初めシネマ\競合チャンネル分析\企画リサーチ_20260605\gcs_upload_staging\naresome_thumbnails\ahX2CVOVMUU.jpg,247972,gs://senior-share-staging-570862915709/naresome_thumbnails/ahX2CVOVMUU.jpg,
ahg8clCV4Vc,E:\Data\ObsidianVault\02_Channels\馴れ初めシネマ\競合チャンネル分析\企画リサーチ_20260605\gcs_upload_staging\naresome_thumbnails\ahg8clCV4Vc.jpg,255382,gs://senior-share-staging-570862915709/naresome_thumbnails/ahg8clCV4Vc.jpg,
aiVj0T2hO3Q,E:\Data\ObsidianVault\02_Channels\馴れ初めシネマ\競合チャンネル分析\企画リサーチ_20260605\gcs_upload_staging\naresome_thumbnails\aiVj0T2hO3Q.jpg,241759,gs://senior-share-staging-570862915709/naresome_thumbnails/aiVj0T2hO3Q.jpg,
ajSArTpajQw,E:\Data\ObsidianVault\02_Channels\馴れ初めシネマ\競合チャンネル分析\企画リサーチ_20260605\gcs_upload_staging\naresome_thumbnails\ajSArTpajQw.jpg,249898,gs://senior-share-staging-570862915709/naresome_thumbnails/ajSArTpajQw.jpg,
anPWRVLgsBc,E:\Data\ObsidianVault\02_Channels\馴れ初めシネマ\競合チャンネル分析\企画リサーチ_20260605\gcs_upload_staging\naresome_thumbnails\anPWRVLgsBc.jpg,285982,gs://senior-share-staging-570862915709/naresome_thumbnails/anPWRVLgsBc.jpg,
ao2XHmtWWRY,E:\Data\ObsidianVault\02_Channels\馴れ初めシネマ\競合チャンネル分析\企画リサーチ_20260605\gcs_upload_staging\naresome_thumbnails\ao2XHmtWWRY.jpg,243365,gs://senior-share-staging-570862915709/naresome_thumbnails/ao2XHmtWWRY.jpg,
aomDR_43UFE,E:\Data\ObsidianVault\02_Channels\馴れ初めシネマ\競合チャンネル分析\企画リサーチ_20260605\gcs_upload_staging\naresome_thumbnails\aomDR_43UFE.jpg,270790,gs://senior-share-staging-570862915709/naresome_thumbnails/aomDR_43UFE.jpg,
ap_g_BK-ksM,E:\Data\ObsidianVault\02_Channels\馴れ初めシネマ\競合チャンネル分析\企画リサーチ_20260605\gcs_upload_staging\naresome_thumbnails\ap_g_BK-ksM.jpg,261147,gs://senior-share-staging-570862915709/naresome_thumbnails/ap_g_BK-ksM.jpg,
apg0rZe662Y,E:\Data\ObsidianVault\02_Channels\馴れ初めシネマ\競合チャンネル分析\企画リサーチ_20260605\gcs_upload_staging\naresome_thumbnails\apg0rZe662Y.jpg,266710,gs://senior-share-staging-570862915709/naresome_thumbnails/apg0rZe662Y.jpg,
arGh-UEP64A,E:\Data\ObsidianVault\02_Channels\馴れ初めシネマ\競合チャンネル分析\企画リサーチ_20260605\gcs_upload_staging\naresome_thumbnails\arGh-UEP64A.jpg,303467,gs://senior-share-staging-570862915709/naresome_thumbnails/arGh-UEP64A.jpg,
armaVAdlDdM,E:\Data\ObsidianVault\02_Channels\馴れ初めシネマ\競合チャンネル分析\企画リサーチ_20260605\gcs_upload_staging\naresome_thumbnails\armaVAdlDdM.jpg,243583,gs://senior-share-staging-570862915709/naresome_thumbnails/armaVAdlDdM.jpg,
asf9MR-pINo,E:\Data\ObsidianVault\02_Channels\馴れ初めシネマ\競合チャンネル分析\企画リサーチ_20260605\gcs_upload_staging\naresome_thumbnails\asf9MR-pINo.jpg,235589,gs://senior-share-staging-570862915709/naresome_thumbnails/asf9MR-pINo.jpg,
ataEAuFxfeo,E:\Data\ObsidianVault\02_Channels\馴れ初めシネマ\競合チャンネル分析\企画リサーチ_20260605\gcs_upload_staging\naresome_thumbnails\ataEAuFxfeo.jpg,268377,gs://senior-share-staging-570862915709/naresome_thumbnails/ataEAuFxfeo.jpg,
ati6PmQm_SE,E:\Data\ObsidianVault\02_Channels\馴れ初めシネマ\競合チャンネル分析\企画リサーチ_20260605\gcs_upload_staging\naresome_thumbnails\ati6PmQm_SE.jpg,267565,gs://senior-share-staging-570862915709/naresome_thumbnails/ati6PmQm_SE.jpg,
auBHF-m5sEE,E:\Data\ObsidianVault\02_Channels\馴れ初めシネマ\競合チャンネル分析\企画リサーチ_20260605\gcs_upload_staging\naresome_thumbnails\auBHF-m5sEE.jpg,234565,gs://senior-share-staging-570862915709/naresome_thumbnails/auBHF-m5sEE.jpg,
av4Sn8wUoi0,E:\Data\ObsidianVault\02_Channels\馴れ初めシネマ\競合チャンネル分析\企画リサーチ_20260605\gcs_upload_staging\naresome_thumbnails\av4Sn8wUoi0.jpg,241368,gs://senior-share-staging-570862915709/naresome_thumbnails/av4Sn8wUoi0.jpg,
azHWqkDGCe0,E:\Data\ObsidianVault\02_Channels\馴れ初めシネマ\競合チャンネル分析\企画リサーチ_20260605\gcs_upload_staging\naresome_thumbnails\azHWqkDGCe0.jpg,269434,gs://senior-share-staging-570862915709/naresome_thumbnails/azHWqkDGCe0.jpg,
azJ2SWERv0k,E:\Data\ObsidianVault\02_Channels\馴れ初めシネマ\競合チャンネル分析\企画リサーチ_20260605\gcs_upload_staging\naresome_thumbnails\azJ2SWERv0k.jpg,250079,gs://senior-share-staging-570862915709/naresome_thumbnails/azJ2SWERv0k.jpg,
b-LodVY_rfA,E:\Data\ObsidianVault\02_Channels\馴れ初めシネマ\競合チャンネル分析\企画リサーチ_20260605\gcs_upload_staging\naresome_thumbnails\b-LodVY_rfA.jpg,255302,gs://senior-share-staging-570862915709/naresome_thumbnails/b-LodVY_rfA.jpg,
b0YhLOPttFQ,E:\Data\ObsidianVault\02_Channels\馴れ初めシネマ\競合チャンネル分析\企画リサーチ_20260605\gcs_upload_staging\naresome_thumbnails\b0YhLOPttFQ.jpg,257061,gs://senior-share-staging-570862915709/naresome_thumbnails/b0YhLOPttFQ.jpg,
b1RvPA-eQi0,E:\Data\ObsidianVault\02_Channels\馴れ初めシネマ\競合チャンネル分析\企画リサーチ_20260605\gcs_upload_staging\naresome_thumbnails\b1RvPA-eQi0.jpg,227946,gs://senior-share-staging-570862915709/naresome_thumbnails/b1RvPA-eQi0.jpg,
b1ScgfAIOYo,E:\Data\ObsidianVault\02_Channels\馴れ初めシネマ\競合チャンネル分析\企画リサーチ_20260605\gcs_upload_staging\naresome_thumbnails\b1ScgfAIOYo.jpg,282387,gs://senior-share-staging-570862915709/naresome_thumbnails/b1ScgfAIOYo.jpg,
b4uwkOhIRbU,E:\Data\ObsidianVault\02_Channels\馴れ初めシネマ\競合チャンネル分析\企画リサーチ_20260605\gcs_upload_staging\naresome_thumbnails\b4uwkOhIRbU.jpg,260884,gs://senior-share-staging-570862915709/naresome_thumbnails/b4uwkOhIRbU.jpg,
b5wMIRI2zfw,E:\Data\ObsidianVault\02_Channels\馴れ初めシネマ\競合チャンネル分析\企画リサーチ_20260605\gcs_upload_staging\naresome_thumbnails\b5wMIRI2zfw.jpg,268766,gs://senior-share-staging-570862915709/naresome_thumbnails/b5wMIRI2zfw.jpg,
b6NJwqtx_cU,E:\Data\ObsidianVault\02_Channels\馴れ初めシネマ\競合チャンネル分析\企画リサーチ_20260605\gcs_upload_staging\naresome_thumbnails\b6NJwqtx_cU.jpg,254228,gs://senior-share-staging-570862915709/naresome_thumbnails/b6NJwqtx_cU.jpg,
b90JWjJIc2A,E:\Data\ObsidianVault\02_Channels\馴れ初めシネマ\競合チャンネル分析\企画リサーチ_20260605\gcs_upload_staging\naresome_thumbnails\b90JWjJIc2A.jpg,263687,gs://senior-share-staging-570862915709/naresome_thumbnails/b90JWjJIc2A.jpg,
b9cBtArcWxw,E:\Data\ObsidianVault\02_Channels\馴れ初めシネマ\競合チャンネル分析\企画リサーチ_20260605\gcs_upload_staging\naresome_thumbnails\b9cBtArcWxw.jpg,243709,gs://senior-share-staging-570862915709/naresome_thumbnails/b9cBtArcWxw.jpg,
bENZDraIh2M,E:\Data\ObsidianVault\02_Channels\馴れ初めシネマ\競合チャンネル分析\企画リサーチ_20260605\gcs_upload_staging\naresome_thumbnails\bENZDraIh2M.jpg,275872,gs://senior-share-staging-570862915709/naresome_thumbnails/bENZDraIh2M.jpg,
bFkHthcLmy0,E:\Data\ObsidianVault\02_Channels\馴れ初めシネマ\競合チャンネル分析\企画リサーチ_20260605\gcs_upload_staging\naresome_thumbnails\bFkHthcLmy0.jpg,247200,gs://senior-share-staging-570862915709/naresome_thumbnails/bFkHthcLmy0.jpg,
bGTzlW2ycdE,E:\Data\ObsidianVault\02_Channels\馴れ初めシネマ\競合チャンネル分析\企画リサーチ_20260605\gcs_upload_staging\naresome_thumbnails\bGTzlW2ycdE.jpg,247684,gs://senior-share-staging-570862915709/naresome_thumbnails/bGTzlW2ycdE.jpg,
bHTfj57q-zk,E:\Data\ObsidianVault\02_Channels\馴れ初めシネマ\競合チャンネル分析\企画リサーチ_20260605\gcs_upload_staging\naresome_thumbnails\bHTfj57q-zk.jpg,265919,gs://senior-share-staging-570862915709/naresome_thumbnails/bHTfj57q-zk.jpg,
bHoyw7tguPc,E:\Data\ObsidianVault\02_Channels\馴れ初めシネマ\競合チャンネル分析\企画リサーチ_20260605\gcs_upload_staging\naresome_thumbnails\bHoyw7tguPc.jpg,266154,gs://senior-share-staging-570862915709/naresome_thumbnails/bHoyw7tguPc.jpg,
bIV7tnBmJno,E:\Data\ObsidianVault\02_Channels\馴れ初めシネマ\競合チャンネル分析\企画リサーチ_20260605\gcs_upload_staging\naresome_thumbnails\bIV7tnBmJno.jpg,272998,gs://senior-share-staging-570862915709/naresome_thumbnails/bIV7tnBmJno.jpg,
bJ3QOUfsu2E,E:\Data\ObsidianVault\02_Channels\馴れ初めシネマ\競合チャンネル分析\企画リサーチ_20260605\gcs_upload_staging\naresome_thumbnails\bJ3QOUfsu2E.jpg,268385,gs://senior-share-staging-570862915709/naresome_thumbnails/bJ3QOUfsu2E.jpg,
bJqphxqzuHs,E:\Data\ObsidianVault\02_Channels\馴れ初めシネマ\競合チャンネル分析\企画リサーチ_20260605\gcs_upload_staging\naresome_thumbnails\bJqphxqzuHs.jpg,246667,gs://senior-share-staging-570862915709/naresome_thumbnails/bJqphxqzuHs.jpg,
bKSlb5BCbt0,E:\Data\ObsidianVault\02_Channels\馴れ初めシネマ\競合チャンネル分析\企画リサーチ_20260605\gcs_upload_staging\naresome_thumbnails\bKSlb5BCbt0.jpg,279113,gs://senior-share-staging-570862915709/naresome_thumbnails/bKSlb5BCbt0.jpg,
bMNOx0bf5Ss,E:\Data\ObsidianVault\02_Channels\馴れ初めシネマ\競合チャンネル分析\企画リサーチ_20260605\gcs_upload_staging\naresome_thumbnails\bMNOx0bf5Ss.jpg,235492,gs://senior-share-staging-570862915709/naresome_thumbnails/bMNOx0bf5Ss.jpg,
bQLFsfJW5_c,E:\Data\ObsidianVault\02_Channels\馴れ初めシネマ\競合チャンネル分析\企画リサーチ_20260605\gcs_upload_staging\naresome_thumbnails\bQLFsfJW5_c.jpg,249943,gs://senior-share-staging-570862915709/naresome_thumbnails/bQLFsfJW5_c.jpg,
bRQhj7frUZY,E:\Data\ObsidianVault\02_Channels\馴れ初めシネマ\競合チャンネル分析\企画リサーチ_20260605\gcs_upload_staging\naresome_thumbnails\bRQhj7frUZY.jpg,265321,gs://senior-share-staging-570862915709/naresome_thumbnails/bRQhj7frUZY.jpg,
bRiVpudAF50,E:\Data\ObsidianVault\02_Channels\馴れ初めシネマ\競合チャンネル分析\企画リサーチ_20260605\gcs_upload_staging\naresome_thumbnails\bRiVpudAF50.jpg,340729,gs://senior-share-staging-570862915709/naresome_thumbnails/bRiVpudAF50.jpg,
bS4-CN0NYYQ,E:\Data\ObsidianVault\02_Channels\馴れ初めシネマ\競合チャンネル分析\企画リサーチ_20260605\gcs_upload_staging\naresome_thumbnails\bS4-CN0NYYQ.jpg,246304,gs://senior-share-staging-570862915709/naresome_thumbnails/bS4-CN0NYYQ.jpg,
bTUEwC4kOJ0,E:\Data\ObsidianVault\02_Channels\馴れ初めシネマ\競合チャンネル分析\企画リサーチ_20260605\gcs_upload_staging\naresome_thumbnails\bTUEwC4kOJ0.jpg,253058,gs://senior-share-staging-570862915709/naresome_thumbnails/bTUEwC4kOJ0.jpg,
bUF_kruwpsY,E:\Data\ObsidianVault\02_Channels\馴れ初めシネマ\競合チャンネル分析\企画リサーチ_20260605\gcs_upload_staging\naresome_thumbnails\bUF_kruwpsY.jpg,268275,gs://senior-share-staging-570862915709/naresome_thumbnails/bUF_kruwpsY.jpg,
bUKCQ7-AWek,E:\Data\ObsidianVault\02_Channels\馴れ初めシネマ\競合チャンネル分析\企画リサーチ_20260605\gcs_upload_staging\naresome_thumbnails\bUKCQ7-AWek.jpg,253414,gs://senior-share-staging-570862915709/naresome_thumbnails/bUKCQ7-AWek.jpg,
bUkcjhfdMSI,E:\Data\ObsidianVault\02_Channels\馴れ初めシネマ\競合チャンネル分析\企画リサーチ_20260605\gcs_upload_staging\naresome_thumbnails\bUkcjhfdMSI.jpg,294119,gs://senior-share-staging-570862915709/naresome_thumbnails/bUkcjhfdMSI.jpg,
bWmJuPNxOj8,E:\Data\ObsidianVault\02_Channels\馴れ初めシネマ\競合チャンネル分析\企画リサーチ_20260605\gcs_upload_staging\naresome_thumbnails\bWmJuPNxOj8.jpg,259854,gs://senior-share-staging-570862915709/naresome_thumbnails/bWmJuPNxOj8.jpg,
bXT9S9S_-Ek,E:\Data\ObsidianVault\02_Channels\馴れ初めシネマ\競合チャンネル分析\企画リサーチ_20260605\gcs_upload_staging\naresome_thumbnails\bXT9S9S_-Ek.jpg,260031,gs://senior-share-staging-570862915709/naresome_thumbnails/bXT9S9S_-Ek.jpg,
bXVVjDD1bmA,E:\Data\ObsidianVault\02_Channels\馴れ初めシネマ\競合チャンネル分析\企画リサーチ_20260605\gcs_upload_staging\naresome_thumbnails\bXVVjDD1bmA.jpg,250552,gs://senior-share-staging-570862915709/naresome_thumbnails/bXVVjDD1bmA.jpg,
bX_UrcC7rNs,E:\Data\ObsidianVault\02_Channels\馴れ初めシネマ\競合チャンネル分析\企画リサーチ_20260605\gcs_upload_staging\naresome_thumbnails\bX_UrcC7rNs.jpg,268717,gs://senior-share-staging-570862915709/naresome_thumbnails/bX_UrcC7rNs.jpg,
bZ720d8RU_8,E:\Data\ObsidianVault\02_Channels\馴れ初めシネマ\競合チャンネル分析\企画リサーチ_20260605\gcs_upload_staging\naresome_thumbnails\bZ720d8RU_8.jpg,249203,gs://senior-share-staging-570862915709/naresome_thumbnails/bZ720d8RU_8.jpg,
b_3lVI2reaA,E:\Data\ObsidianVault\02_Channels\馴れ初めシネマ\競合チャンネル分析\企画リサーチ_20260605\gcs_upload_staging\naresome_thumbnails\b_3lVI2reaA.jpg,259261,gs://senior-share-staging-570862915709/naresome_thumbnails/b_3lVI2reaA.jpg,
bbBIppHSJUs,E:\Data\ObsidianVault\02_Channels\馴れ初めシネマ\競合チャンネル分析\企画リサーチ_20260605\gcs_upload_staging\naresome_thumbnails\bbBIppHSJUs.jpg,242399,gs://senior-share-staging-570862915709/naresome_thumbnails/bbBIppHSJUs.jpg,
bbMJDKg8RoU,E:\Data\ObsidianVault\02_Channels\馴れ初めシネマ\競合チャンネル分析\企画リサーチ_20260605\gcs_upload_staging\naresome_thumbnails\bbMJDKg8RoU.jpg,237067,gs://senior-share-staging-570862915709/naresome_thumbnails/bbMJDKg8RoU.jpg,
bbPsFTsIbzk,E:\Data\ObsidianVault\02_Channels\馴れ初めシネマ\競合チャンネル分析\企画リサーチ_20260605\gcs_upload_staging\naresome_thumbnails\bbPsFTsIbzk.jpg,245629,gs://senior-share-staging-570862915709/naresome_thumbnails/bbPsFTsIbzk.jpg,
bbspswnD86U,E:\Data\ObsidianVault\02_Channels\馴れ初めシネマ\競合チャンネル分析\企画リサーチ_20260605\gcs_upload_staging\naresome_thumbnails\bbspswnD86U.jpg,265429,gs://senior-share-staging-570862915709/naresome_thumbnails/bbspswnD86U.jpg,
bdWX0ciQxao,E:\Data\ObsidianVault\02_Channels\馴れ初めシネマ\競合チャンネル分析\企画リサーチ_20260605\gcs_upload_staging\naresome_thumbnails\bdWX0ciQxao.jpg,266050,gs://senior-share-staging-570862915709/naresome_thumbnails/bdWX0ciQxao.jpg,
bd_gIZtvoRM,E:\Data\ObsidianVault\02_Channels\馴れ初めシネマ\競合チャンネル分析\企画リサーチ_20260605\gcs_upload_staging\naresome_thumbnails\bd_gIZtvoRM.jpg,243774,gs://senior-share-staging-570862915709/naresome_thumbnails/bd_gIZtvoRM.jpg,
be3mfcE8P9w,E:\Data\ObsidianVault\02_Channels\馴れ初めシネマ\競合チャンネル分析\企画リサーチ_20260605\gcs_upload_staging\naresome_thumbnails\be3mfcE8P9w.jpg,256917,gs://senior-share-staging-570862915709/naresome_thumbnails/be3mfcE8P9w.jpg,
be6U0d9BqAY,E:\Data\ObsidianVault\02_Channels\馴れ初めシネマ\競合チャンネル分析\企画リサーチ_20260605\gcs_upload_staging\naresome_thumbnails\be6U0d9BqAY.jpg,243475,gs://senior-share-staging-570862915709/naresome_thumbnails/be6U0d9BqAY.jpg,
bf9aVB9Y4QA,E:\Data\ObsidianVault\02_Channels\馴れ初めシネマ\競合チャンネル分析\企画リサーチ_20260605\gcs_upload_staging\naresome_thumbnails\bf9aVB9Y4QA.jpg,239065,gs://senior-share-staging-570862915709/naresome_thumbnails/bf9aVB9Y4QA.jpg,
bfelMaxMypY,E:\Data\ObsidianVault\02_Channels\馴れ初めシネマ\競合チャンネル分析\企画リサーチ_20260605\gcs_upload_staging\naresome_thumbnails\bfelMaxMypY.jpg,305511,gs://senior-share-staging-570862915709/naresome_thumbnails/bfelMaxMypY.jpg,
bhjSMOnFDnM,E:\Data\ObsidianVault\02_Channels\馴れ初めシネマ\競合チャンネル分析\企画リサーチ_20260605\gcs_upload_staging\naresome_thumbnails\bhjSMOnFDnM.jpg,252617,gs://senior-share-staging-570862915709/naresome_thumbnails/bhjSMOnFDnM.jpg,
biRD0wKrt9E,E:\Data\ObsidianVault\02_Channels\馴れ初めシネマ\競合チャンネル分析\企画リサーチ_20260605\gcs_upload_staging\naresome_thumbnails\biRD0wKrt9E.jpg,223895,gs://senior-share-staging-570862915709/naresome_thumbnails/biRD0wKrt9E.jpg,
bjn9gdqlNmM,E:\Data\ObsidianVault\02_Channels\馴れ初めシネマ\競合チャンネル分析\企画リサーチ_20260605\gcs_upload_staging\naresome_thumbnails\bjn9gdqlNmM.jpg,273242,gs://senior-share-staging-570862915709/naresome_thumbnails/bjn9gdqlNmM.jpg,
bkD16qW989k,E:\Data\ObsidianVault\02_Channels\馴れ初めシネマ\競合チャンネル分析\企画リサーチ_20260605\gcs_upload_staging\naresome_thumbnails\bkD16qW989k.jpg,239530,gs://senior-share-staging-570862915709/naresome_thumbnails/bkD16qW989k.jpg,
bl3jKDuZo9A,E:\Data\ObsidianVault\02_Channels\馴れ初めシネマ\競合チャンネル分析\企画リサーチ_20260605\gcs_upload_staging\naresome_thumbnails\bl3jKDuZo9A.jpg,243492,gs://senior-share-staging-570862915709/naresome_thumbnails/bl3jKDuZo9A.jpg,
bmHa9o2yqLQ,E:\Data\ObsidianVault\02_Channels\馴れ初めシネマ\競合チャンネル分析\企画リサーチ_20260605\gcs_upload_staging\naresome_thumbnails\bmHa9o2yqLQ.jpg,236783,gs://senior-share-staging-570862915709/naresome_thumbnails/bmHa9o2yqLQ.jpg,
bo7B7FeLYaM,E:\Data\ObsidianVault\02_Channels\馴れ初めシネマ\競合チャンネル分析\企画リサーチ_20260605\gcs_upload_staging\naresome_thumbnails\bo7B7FeLYaM.jpg,267276,gs://senior-share-staging-570862915709/naresome_thumbnails/bo7B7FeLYaM.jpg,
brDqRuPv_kk,E:\Data\ObsidianVault\02_Channels\馴れ初めシネマ\競合チャンネル分析\企画リサーチ_20260605\gcs_upload_staging\naresome_thumbnails\brDqRuPv_kk.jpg,258911,gs://senior-share-staging-570862915709/naresome_thumbnails/brDqRuPv_kk.jpg,
bsQ4EVasA8g,E:\Data\ObsidianVault\02_Channels\馴れ初めシネマ\競合チャンネル分析\企画リサーチ_20260605\gcs_upload_staging\naresome_thumbnails\bsQ4EVasA8g.jpg,260967,gs://senior-share-staging-570862915709/naresome_thumbnails/bsQ4EVasA8g.jpg,
bsitYmQCkMI,E:\Data\ObsidianVault\02_Channels\馴れ初めシネマ\競合チャンネル分析\企画リサーチ_20260605\gcs_upload_staging\naresome_thumbnails\bsitYmQCkMI.jpg,259887,gs://senior-share-staging-570862915709/naresome_thumbnails/bsitYmQCkMI.jpg,
bttRa-rlR2k,E:\Data\ObsidianVault\02_Channels\馴れ初めシネマ\競合チャンネル分析\企画リサーチ_20260605\gcs_upload_staging\naresome_thumbnails\bttRa-rlR2k.jpg,254373,gs://senior-share-staging-570862915709/naresome_thumbnails/bttRa-rlR2k.jpg,
bwQvcip_UPQ,E:\Data\ObsidianVault\02_Channels\馴れ初めシネマ\競合チャンネル分析\企画リサーチ_20260605\gcs_upload_staging\naresome_thumbnails\bwQvcip_UPQ.jpg,239085,gs://senior-share-staging-570862915709/naresome_thumbnails/bwQvcip_UPQ.jpg,
bxNmIECt0Ek,E:\Data\ObsidianVault\02_Channels\馴れ初めシネマ\競合チャンネル分析\企画リサーチ_20260605\gcs_upload_staging\naresome_thumbnails\bxNmIECt0Ek.jpg,254351,gs://senior-share-staging-570862915709/naresome_thumbnails/bxNmIECt0Ek.jpg,
bzGiLVkcCec,E:\Data\ObsidianVault\02_Channels\馴れ初めシネマ\競合チャンネル分析\企画リサーチ_20260605\gcs_upload_staging\naresome_thumbnails\bzGiLVkcCec.jpg,244569,gs://senior-share-staging-570862915709/naresome_thumbnails/bzGiLVkcCec.jpg,
c-2am62_VVo,E:\Data\ObsidianVault\02_Channels\馴れ初めシネマ\競合チャンネル分析\企画リサーチ_20260605\gcs_upload_staging\naresome_thumbnails\c-2am62_VVo.jpg,259945,gs://senior-share-staging-570862915709/naresome_thumbnails/c-2am62_VVo.jpg,
c-Hc66EevTw,E:\Data\ObsidianVault\02_Channels\馴れ初めシネマ\競合チャンネル分析\企画リサーチ_20260605\gcs_upload_staging\naresome_thumbnails\c-Hc66EevTw.jpg,233693,gs://senior-share-staging-570862915709/naresome_thumbnails/c-Hc66EevTw.jpg,
c-IFIYfF3Pg,E:\Data\ObsidianVault\02_Channels\馴れ初めシネマ\競合チャンネル分析\企画リサーチ_20260605\gcs_upload_staging\naresome_thumbnails\c-IFIYfF3Pg.jpg,249252,gs://senior-share-staging-570862915709/naresome_thumbnails/c-IFIYfF3Pg.jpg,
c0SGs9EB49I,E:\Data\ObsidianVault\02_Channels\馴れ初めシネマ\競合チャンネル分析\企画リサーチ_20260605\gcs_upload_staging\naresome_thumbnails\c0SGs9EB49I.jpg,243925,gs://senior-share-staging-570862915709/naresome_thumbnails/c0SGs9EB49I.jpg,
c0WonrRfeDE,E:\Data\ObsidianVault\02_Channels\馴れ初めシネマ\競合チャンネル分析\企画リサーチ_20260605\gcs_upload_staging\naresome_thumbnails\c0WonrRfeDE.jpg,280609,gs://senior-share-staging-570862915709/naresome_thumbnails/c0WonrRfeDE.jpg,
c1Td3o54r3s,E:\Data\ObsidianVault\02_Channels\馴れ初めシネマ\競合チャンネル分析\企画リサーチ_20260605\gcs_upload_staging\naresome_thumbnails\c1Td3o54r3s.jpg,253351,gs://senior-share-staging-570862915709/naresome_thumbnails/c1Td3o54r3s.jpg,
c2zu9_nmhWc,E:\Data\ObsidianVault\02_Channels\馴れ初めシネマ\競合チャンネル分析\企画リサーチ_20260605\gcs_upload_staging\naresome_thumbnails\c2zu9_nmhWc.jpg,247205,gs://senior-share-staging-570862915709/naresome_thumbnails/c2zu9_nmhWc.jpg,
c3HvWKXsqkc,E:\Data\ObsidianVault\02_Channels\馴れ初めシネマ\競合チャンネル分析\企画リサーチ_20260605\gcs_upload_staging\naresome_thumbnails\c3HvWKXsqkc.jpg,242643,gs://senior-share-staging-570862915709/naresome_thumbnails/c3HvWKXsqkc.jpg,
c3oaXVdYWAc,E:\Data\ObsidianVault\02_Channels\馴れ初めシネマ\競合チャンネル分析\企画リサーチ_20260605\gcs_upload_staging\naresome_thumbnails\c3oaXVdYWAc.jpg,379209,gs://senior-share-staging-570862915709/naresome_thumbnails/c3oaXVdYWAc.jpg,
c5AlZLXatBg,E:\Data\ObsidianVault\02_Channels\馴れ初めシネマ\競合チャンネル分析\企画リサーチ_20260605\gcs_upload_staging\naresome_thumbnails\c5AlZLXatBg.jpg,253327,gs://senior-share-staging-570862915709/naresome_thumbnails/c5AlZLXatBg.jpg,
c5Xy02eq_G0,E:\Data\ObsidianVault\02_Channels\馴れ初めシネマ\競合チャンネル分析\企画リサーチ_20260605\gcs_upload_staging\naresome_thumbnails\c5Xy02eq_G0.jpg,245642,gs://senior-share-staging-570862915709/naresome_thumbnails/c5Xy02eq_G0.jpg,
c5xI9Fyoi-0,E:\Data\ObsidianVault\02_Channels\馴れ初めシネマ\競合チャンネル分析\企画リサーチ_20260605\gcs_upload_staging\naresome_thumbnails\c5xI9Fyoi-0.jpg,250988,gs://senior-share-staging-570862915709/naresome_thumbnails/c5xI9Fyoi-0.jpg,
c6xmfPLJPhE,E:\Data\ObsidianVault\02_Channels\馴れ初めシネマ\競合チャンネル分析\企画リサーチ_20260605\gcs_upload_staging\naresome_thumbnails\c6xmfPLJPhE.jpg,264992,gs://senior-share-staging-570862915709/naresome_thumbnails/c6xmfPLJPhE.jpg,
c73fyj6DlXg,E:\Data\ObsidianVault\02_Channels\馴れ初めシネマ\競合チャンネル分析\企画リサーチ_20260605\gcs_upload_staging\naresome_thumbnails\c73fyj6DlXg.jpg,252329,gs://senior-share-staging-570862915709/naresome_thumbnails/c73fyj6DlXg.jpg,
c7uTtIevazw,E:\Data\ObsidianVault\02_Channels\馴れ初めシネマ\競合チャンネル分析\企画リサーチ_20260605\gcs_upload_staging\naresome_thumbnails\c7uTtIevazw.jpg,236341,gs://senior-share-staging-570862915709/naresome_thumbnails/c7uTtIevazw.jpg,
c8OrCLRNxzY,E:\Data\ObsidianVault\02_Channels\馴れ初めシネマ\競合チャンネル分析\企画リサーチ_20260605\gcs_upload_staging\naresome_thumbnails\c8OrCLRNxzY.jpg,251808,gs://senior-share-staging-570862915709/naresome_thumbnails/c8OrCLRNxzY.jpg,
c8zalvJACrY,E:\Data\ObsidianVault\02_Channels\馴れ初めシネマ\競合チャンネル分析\企画リサーチ_20260605\gcs_upload_staging\naresome_thumbnails\c8zalvJACrY.jpg,245748,gs://senior-share-staging-570862915709/naresome_thumbnails/c8zalvJACrY.jpg,
c9oezg7q6d4,E:\Data\ObsidianVault\02_Channels\馴れ初めシネマ\競合チャンネル分析\企画リサーチ_20260605\gcs_upload_staging\naresome_thumbnails\c9oezg7q6d4.jpg,250074,gs://senior-share-staging-570862915709/naresome_thumbnails/c9oezg7q6d4.jpg,
cA6Cfiw80bE,E:\Data\ObsidianVault\02_Channels\馴れ初めシネマ\競合チャンネル分析\企画リサーチ_20260605\gcs_upload_staging\naresome_thumbnails\cA6Cfiw80bE.jpg,256397,gs://senior-share-staging-570862915709/naresome_thumbnails/cA6Cfiw80bE.jpg,
cAdV_9koruE,E:\Data\ObsidianVault\02_Channels\馴れ初めシネマ\競合チャンネル分析\企画リサーチ_20260605\gcs_upload_staging\naresome_thumbnails\cAdV_9koruE.jpg,239633,gs://senior-share-staging-570862915709/naresome_thumbnails/cAdV_9koruE.jpg,
cAyRqEqtGKo,E:\Data\ObsidianVault\02_Channels\馴れ初めシネマ\競合チャンネル分析\企画リサーチ_20260605\gcs_upload_staging\naresome_thumbnails\cAyRqEqtGKo.jpg,256950,gs://senior-share-staging-570862915709/naresome_thumbnails/cAyRqEqtGKo.jpg,
cGp3gWF0S5A,E:\Data\ObsidianVault\02_Channels\馴れ初めシネマ\競合チャンネル分析\企画リサーチ_20260605\gcs_upload_staging\naresome_thumbnails\cGp3gWF0S5A.jpg,274057,gs://senior-share-staging-570862915709/naresome_thumbnails/cGp3gWF0S5A.jpg,
cGqVzNqVVSI,E:\Data\ObsidianVault\02_Channels\馴れ初めシネマ\競合チャンネル分析\企画リサーチ_20260605\gcs_upload_staging\naresome_thumbnails\cGqVzNqVVSI.jpg,266677,gs://senior-share-staging-570862915709/naresome_thumbnails/cGqVzNqVVSI.jpg,
cHyjAO3pfmU,E:\Data\ObsidianVault\02_Channels\馴れ初めシネマ\競合チャンネル分析\企画リサーチ_20260605\gcs_upload_staging\naresome_thumbnails\cHyjAO3pfmU.jpg,250209,gs://senior-share-staging-570862915709/naresome_thumbnails/cHyjAO3pfmU.jpg,
cIB2jodWlmU,E:\Data\ObsidianVault\02_Channels\馴れ初めシネマ\競合チャンネル分析\企画リサーチ_20260605\gcs_upload_staging\naresome_thumbnails\cIB2jodWlmU.jpg,252748,gs://senior-share-staging-570862915709/naresome_thumbnails/cIB2jodWlmU.jpg,
cIahOVbG_Gg,E:\Data\ObsidianVault\02_Channels\馴れ初めシネマ\競合チャンネル分析\企画リサーチ_20260605\gcs_upload_staging\naresome_thumbnails\cIahOVbG_Gg.jpg,241142,gs://senior-share-staging-570862915709/naresome_thumbnails/cIahOVbG_Gg.jpg,
cJM6uOoB01A,E:\Data\ObsidianVault\02_Channels\馴れ初めシネマ\競合チャンネル分析\企画リサーチ_20260605\gcs_upload_staging\naresome_thumbnails\cJM6uOoB01A.jpg,254947,gs://senior-share-staging-570862915709/naresome_thumbnails/cJM6uOoB01A.jpg,
cJdh8KzsuBQ,E:\Data\ObsidianVault\02_Channels\馴れ初めシネマ\競合チャンネル分析\企画リサーチ_20260605\gcs_upload_staging\naresome_thumbnails\cJdh8KzsuBQ.jpg,228155,gs://senior-share-staging-570862915709/naresome_thumbnails/cJdh8KzsuBQ.jpg,
cJghwwnfJ9E,E:\Data\ObsidianVault\02_Channels\馴れ初めシネマ\競合チャンネル分析\企画リサーチ_20260605\gcs_upload_staging\naresome_thumbnails\cJghwwnfJ9E.jpg,236417,gs://senior-share-staging-570862915709/naresome_thumbnails/cJghwwnfJ9E.jpg,
cKzRRtb1N5Y,E:\Data\ObsidianVault\02_Channels\馴れ初めシネマ\競合チャンネル分析\企画リサーチ_20260605\gcs_upload_staging\naresome_thumbnails\cKzRRtb1N5Y.jpg,241352,gs://senior-share-staging-570862915709/naresome_thumbnails/cKzRRtb1N5Y.jpg,
cLOl462Ms_s,E:\Data\ObsidianVault\02_Channels\馴れ初めシネマ\競合チャンネル分析\企画リサーチ_20260605\gcs_upload_staging\naresome_thumbnails\cLOl462Ms_s.jpg,264770,gs://senior-share-staging-570862915709/naresome_thumbnails/cLOl462Ms_s.jpg,
cNdZkDBZcvQ,E:\Data\ObsidianVault\02_Channels\馴れ初めシネマ\競合チャンネル分析\企画リサーチ_20260605\gcs_upload_staging\naresome_thumbnails\cNdZkDBZcvQ.jpg,252825,gs://senior-share-staging-570862915709/naresome_thumbnails/cNdZkDBZcvQ.jpg,
cQNVH9kG2mI,E:\Data\ObsidianVault\02_Channels\馴れ初めシネマ\競合チャンネル分析\企画リサーチ_20260605\gcs_upload_staging\naresome_thumbnails\cQNVH9kG2mI.jpg,281158,gs://senior-share-staging-570862915709/naresome_thumbnails/cQNVH9kG2mI.jpg,
cUI4fdrlFC0,E:\Data\ObsidianVault\02_Channels\馴れ初めシネマ\競合チャンネル分析\企画リサーチ_20260605\gcs_upload_staging\naresome_thumbnails\cUI4fdrlFC0.jpg,276836,gs://senior-share-staging-570862915709/naresome_thumbnails/cUI4fdrlFC0.jpg,
cWMh7GUO-r8,E:\Data\ObsidianVault\02_Channels\馴れ初めシネマ\競合チャンネル分析\企画リサーチ_20260605\gcs_upload_staging\naresome_thumbnails\cWMh7GUO-r8.jpg,286330,gs://senior-share-staging-570862915709/naresome_thumbnails/cWMh7GUO-r8.jpg,
cXUn5GfWTNE,E:\Data\ObsidianVault\02_Channels\馴れ初めシネマ\競合チャンネル分析\企画リサーチ_20260605\gcs_upload_staging\naresome_thumbnails\cXUn5GfWTNE.jpg,245225,gs://senior-share-staging-570862915709/naresome_thumbnails/cXUn5GfWTNE.jpg,
c_wtDiJzUb0,E:\Data\ObsidianVault\02_Channels\馴れ初めシネマ\競合チャンネル分析\企画リサーチ_20260605\gcs_upload_staging\naresome_thumbnails\c_wtDiJzUb0.jpg,268959,gs://senior-share-staging-570862915709/naresome_thumbnails/c_wtDiJzUb0.jpg,
ca743DaYabQ,E:\Data\ObsidianVault\02_Channels\馴れ初めシネマ\競合チャンネル分析\企画リサーチ_20260605\gcs_upload_staging\naresome_thumbnails\ca743DaYabQ.jpg,281635,gs://senior-share-staging-570862915709/naresome_thumbnails/ca743DaYabQ.jpg,
cbS8gMsX7bo,E:\Data\ObsidianVault\02_Channels\馴れ初めシネマ\競合チャンネル分析\企画リサーチ_20260605\gcs_upload_staging\naresome_thumbnails\cbS8gMsX7bo.jpg,314073,gs://senior-share-staging-570862915709/naresome_thumbnails/cbS8gMsX7bo.jpg,
cci_OjqybJM,E:\Data\ObsidianVault\02_Channels\馴れ初めシネマ\競合チャンネル分析\企画リサーチ_20260605\gcs_upload_staging\naresome_thumbnails\cci_OjqybJM.jpg,251266,gs://senior-share-staging-570862915709/naresome_thumbnails/cci_OjqybJM.jpg,
cdYPQxhS5wk,E:\Data\ObsidianVault\02_Channels\馴れ初めシネマ\競合チャンネル分析\企画リサーチ_20260605\gcs_upload_staging\naresome_thumbnails\cdYPQxhS5wk.jpg,341203,gs://senior-share-staging-570862915709/naresome_thumbnails/cdYPQxhS5wk.jpg,
cd_mgUGUKlQ,E:\Data\ObsidianVault\02_Channels\馴れ初めシネマ\競合チャンネル分析\企画リサーチ_20260605\gcs_upload_staging\naresome_thumbnails\cd_mgUGUKlQ.jpg,283651,gs://senior-share-staging-570862915709/naresome_thumbnails/cd_mgUGUKlQ.jpg,
cdmRUdBhUOY,E:\Data\ObsidianVault\02_Channels\馴れ初めシネマ\競合チャンネル分析\企画リサーチ_20260605\gcs_upload_staging\naresome_thumbnails\cdmRUdBhUOY.jpg,326040,gs://senior-share-staging-570862915709/naresome_thumbnails/cdmRUdBhUOY.jpg,
cgZI3qzbXQk,E:\Data\ObsidianVault\02_Channels\馴れ初めシネマ\競合チャンネル分析\企画リサーチ_20260605\gcs_upload_staging\naresome_thumbnails\cgZI3qzbXQk.jpg,261839,gs://senior-share-staging-570862915709/naresome_thumbnails/cgZI3qzbXQk.jpg,
cgdD5FKwfH8,E:\Data\ObsidianVault\02_Channels\馴れ初めシネマ\競合チャンネル分析\企画リサーチ_20260605\gcs_upload_staging\naresome_thumbnails\cgdD5FKwfH8.jpg,241343,gs://senior-share-staging-570862915709/naresome_thumbnails/cgdD5FKwfH8.jpg,
cl1iidlfT24,E:\Data\ObsidianVault\02_Channels\馴れ初めシネマ\競合チャンネル分析\企画リサーチ_20260605\gcs_upload_staging\naresome_thumbnails\cl1iidlfT24.jpg,231048,gs://senior-share-staging-570862915709/naresome_thumbnails/cl1iidlfT24.jpg,
cmp9Ndf_ALs,E:\Data\ObsidianVault\02_Channels\馴れ初めシネマ\競合チャンネル分析\企画リサーチ_20260605\gcs_upload_staging\naresome_thumbnails\cmp9Ndf_ALs.jpg,235664,gs://senior-share-staging-570862915709/naresome_thumbnails/cmp9Ndf_ALs.jpg,
cosKauxvlQY,E:\Data\ObsidianVault\02_Channels\馴れ初めシネマ\競合チャンネル分析\企画リサーチ_20260605\gcs_upload_staging\naresome_thumbnails\cosKauxvlQY.jpg,309339,gs://senior-share-staging-570862915709/naresome_thumbnails/cosKauxvlQY.jpg,
cq10XEZlKeI,E:\Data\ObsidianVault\02_Channels\馴れ初めシネマ\競合チャンネル分析\企画リサーチ_20260605\gcs_upload_staging\naresome_thumbnails\cq10XEZlKeI.jpg,267516,gs://senior-share-staging-570862915709/naresome_thumbnails/cq10XEZlKeI.jpg,
cromZhOzkfo,E:\Data\ObsidianVault\02_Channels\馴れ初めシネマ\競合チャンネル分析\企画リサーチ_20260605\gcs_upload_staging\naresome_thumbnails\cromZhOzkfo.jpg,242604,gs://senior-share-staging-570862915709/naresome_thumbnails/cromZhOzkfo.jpg,
csEn3OOBUqg,E:\Data\ObsidianVault\02_Channels\馴れ初めシネマ\競合チャンネル分析\企画リサーチ_20260605\gcs_upload_staging\naresome_thumbnails\csEn3OOBUqg.jpg,259246,gs://senior-share-staging-570862915709/naresome_thumbnails/csEn3OOBUqg.jpg,
cwAj2ffSfUE,E:\Data\ObsidianVault\02_Channels\馴れ初めシネマ\競合チャンネル分析\企画リサーチ_20260605\gcs_upload_staging\naresome_thumbnails\cwAj2ffSfUE.jpg,265462,gs://senior-share-staging-570862915709/naresome_thumbnails/cwAj2ffSfUE.jpg,
cwEBEcBIQ24,E:\Data\ObsidianVault\02_Channels\馴れ初めシネマ\競合チャンネル分析\企画リサーチ_20260605\gcs_upload_staging\naresome_thumbnails\cwEBEcBIQ24.jpg,265149,gs://senior-share-staging-570862915709/naresome_thumbnails/cwEBEcBIQ24.jpg,
cwe9G1b-FX0,E:\Data\ObsidianVault\02_Channels\馴れ初めシネマ\競合チャンネル分析\企画リサーチ_20260605\gcs_upload_staging\naresome_thumbnails\cwe9G1b-FX0.jpg,244961,gs://senior-share-staging-570862915709/naresome_thumbnails/cwe9G1b-FX0.jpg,
cxDLWOLr1uE,E:\Data\ObsidianVault\02_Channels\馴れ初めシネマ\競合チャンネル分析\企画リサーチ_20260605\gcs_upload_staging\naresome_thumbnails\cxDLWOLr1uE.jpg,241264,gs://senior-share-staging-570862915709/naresome_thumbnails/cxDLWOLr1uE.jpg,
cxw2FVHQe_8,E:\Data\ObsidianVault\02_Channels\馴れ初めシネマ\競合チャンネル分析\企画リサーチ_20260605\gcs_upload_staging\naresome_thumbnails\cxw2FVHQe_8.jpg,255530,gs://senior-share-staging-570862915709/naresome_thumbnails/cxw2FVHQe_8.jpg,
cyW5pIvDOwk,E:\Data\ObsidianVault\02_Channels\馴れ初めシネマ\競合チャンネル分析\企画リサーチ_20260605\gcs_upload_staging\naresome_thumbnails\cyW5pIvDOwk.jpg,279413,gs://senior-share-staging-570862915709/naresome_thumbnails/cyW5pIvDOwk.jpg,
czgPw7YYCe0,E:\Data\ObsidianVault\02_Channels\馴れ初めシネマ\競合チャンネル分析\企画リサーチ_20260605\gcs_upload_staging\naresome_thumbnails\czgPw7YYCe0.jpg,243273,gs://senior-share-staging-570862915709/naresome_thumbnails/czgPw7YYCe0.jpg,
d-mULSoGZmE,E:\Data\ObsidianVault\02_Channels\馴れ初めシネマ\競合チャンネル分析\企画リサーチ_20260605\gcs_upload_staging\naresome_thumbnails\d-mULSoGZmE.jpg,272254,gs://senior-share-staging-570862915709/naresome_thumbnails/d-mULSoGZmE.jpg,
d1ml4qqlwTo,E:\Data\ObsidianVault\02_Channels\馴れ初めシネマ\競合チャンネル分析\企画リサーチ_20260605\gcs_upload_staging\naresome_thumbnails\d1ml4qqlwTo.jpg,258221,gs://senior-share-staging-570862915709/naresome_thumbnails/d1ml4qqlwTo.jpg,
d3FSUAj3i-w,E:\Data\ObsidianVault\02_Channels\馴れ初めシネマ\競合チャンネル分析\企画リサーチ_20260605\gcs_upload_staging\naresome_thumbnails\d3FSUAj3i-w.jpg,238648,gs://senior-share-staging-570862915709/naresome_thumbnails/d3FSUAj3i-w.jpg,
d4zu1Af8le8,E:\Data\ObsidianVault\02_Channels\馴れ初めシネマ\競合チャンネル分析\企画リサーチ_20260605\gcs_upload_staging\naresome_thumbnails\d4zu1Af8le8.jpg,255103,gs://senior-share-staging-570862915709/naresome_thumbnails/d4zu1Af8le8.jpg,
d5ACcVevKNs,E:\Data\ObsidianVault\02_Channels\馴れ初めシネマ\競合チャンネル分析\企画リサーチ_20260605\gcs_upload_staging\naresome_thumbnails\d5ACcVevKNs.jpg,299109,gs://senior-share-staging-570862915709/naresome_thumbnails/d5ACcVevKNs.jpg,
d67pdZg-hmw,E:\Data\ObsidianVault\02_Channels\馴れ初めシネマ\競合チャンネル分析\企画リサーチ_20260605\gcs_upload_staging\naresome_thumbnails\d67pdZg-hmw.jpg,231085,gs://senior-share-staging-570862915709/naresome_thumbnails/d67pdZg-hmw.jpg,
d6JyOXzT_hY,E:\Data\ObsidianVault\02_Channels\馴れ初めシネマ\競合チャンネル分析\企画リサーチ_20260605\gcs_upload_staging\naresome_thumbnails\d6JyOXzT_hY.jpg,250888,gs://senior-share-staging-570862915709/naresome_thumbnails/d6JyOXzT_hY.jpg,
d6eUy6q8vzU,E:\Data\ObsidianVault\02_Channels\馴れ初めシネマ\競合チャンネル分析\企画リサーチ_20260605\gcs_upload_staging\naresome_thumbnails\d6eUy6q8vzU.jpg,326904,gs://senior-share-staging-570862915709/naresome_thumbnails/d6eUy6q8vzU.jpg,
d7-ZGtlmepM,E:\Data\ObsidianVault\02_Channels\馴れ初めシネマ\競合チャンネル分析\企画リサーチ_20260605\gcs_upload_staging\naresome_thumbnails\d7-ZGtlmepM.jpg,272910,gs://senior-share-staging-570862915709/naresome_thumbnails/d7-ZGtlmepM.jpg,
d9AwsRIZss8,E:\Data\ObsidianVault\02_Channels\馴れ初めシネマ\競合チャンネル分析\企画リサーチ_20260605\gcs_upload_staging\naresome_thumbnails\d9AwsRIZss8.jpg,286642,gs://senior-share-staging-570862915709/naresome_thumbnails/d9AwsRIZss8.jpg,
d9m3ZX5tDIY,E:\Data\ObsidianVault\02_Channels\馴れ初めシネマ\競合チャンネル分析\企画リサーチ_20260605\gcs_upload_staging\naresome_thumbnails\d9m3ZX5tDIY.jpg,251160,gs://senior-share-staging-570862915709/naresome_thumbnails/d9m3ZX5tDIY.jpg,
dANEl4pncsE,E:\Data\ObsidianVault\02_Channels\馴れ初めシネマ\競合チャンネル分析\企画リサーチ_20260605\gcs_upload_staging\naresome_thumbnails\dANEl4pncsE.jpg,286923,gs://senior-share-staging-570862915709/naresome_thumbnails/dANEl4pncsE.jpg,
dARKwKkBVDA,E:\Data\ObsidianVault\02_Channels\馴れ初めシネマ\競合チャンネル分析\企画リサーチ_20260605\gcs_upload_staging\naresome_thumbnails\dARKwKkBVDA.jpg,232275,gs://senior-share-staging-570862915709/naresome_thumbnails/dARKwKkBVDA.jpg,
dAna_MIZtAU,E:\Data\ObsidianVault\02_Channels\馴れ初めシネマ\競合チャンネル分析\企画リサーチ_20260605\gcs_upload_staging\naresome_thumbnails\dAna_MIZtAU.jpg,276492,gs://senior-share-staging-570862915709/naresome_thumbnails/dAna_MIZtAU.jpg,
dB6DHXXZs34,E:\Data\ObsidianVault\02_Channels\馴れ初めシネマ\競合チャンネル分析\企画リサーチ_20260605\gcs_upload_staging\naresome_thumbnails\dB6DHXXZs34.jpg,255819,gs://senior-share-staging-570862915709/naresome_thumbnails/dB6DHXXZs34.jpg,
dEgDGfOD9AU,E:\Data\ObsidianVault\02_Channels\馴れ初めシネマ\競合チャンネル分析\企画リサーチ_20260605\gcs_upload_staging\naresome_thumbnails\dEgDGfOD9AU.jpg,268281,gs://senior-share-staging-570862915709/naresome_thumbnails/dEgDGfOD9AU.jpg,
dGZ6ZSiUKgI,E:\Data\ObsidianVault\02_Channels\馴れ初めシネマ\競合チャンネル分析\企画リサーチ_20260605\gcs_upload_staging\naresome_thumbnails\dGZ6ZSiUKgI.jpg,277564,gs://senior-share-staging-570862915709/naresome_thumbnails/dGZ6ZSiUKgI.jpg,
dH1BCEzL_mo,E:\Data\ObsidianVault\02_Channels\馴れ初めシネマ\競合チャンネル分析\企画リサーチ_20260605\gcs_upload_staging\naresome_thumbnails\dH1BCEzL_mo.jpg,252671,gs://senior-share-staging-570862915709/naresome_thumbnails/dH1BCEzL_mo.jpg,
dH6sO-z4-6w,E:\Data\ObsidianVault\02_Channels\馴れ初めシネマ\競合チャンネル分析\企画リサーチ_20260605\gcs_upload_staging\naresome_thumbnails\dH6sO-z4-6w.jpg,261631,gs://senior-share-staging-570862915709/naresome_thumbnails/dH6sO-z4-6w.jpg,
dHGEOpewX90,E:\Data\ObsidianVault\02_Channels\馴れ初めシネマ\競合チャンネル分析\企画リサーチ_20260605\gcs_upload_staging\naresome_thumbnails\dHGEOpewX90.jpg,248606,gs://senior-share-staging-570862915709/naresome_thumbnails/dHGEOpewX90.jpg,
dIZLJKuNhns,E:\Data\ObsidianVault\02_Channels\馴れ初めシネマ\競合チャンネル分析\企画リサーチ_20260605\gcs_upload_staging\naresome_thumbnails\dIZLJKuNhns.jpg,267802,gs://senior-share-staging-570862915709/naresome_thumbnails/dIZLJKuNhns.jpg,
dK2K-0R6mjw,E:\Data\ObsidianVault\02_Channels\馴れ初めシネマ\競合チャンネル分析\企画リサーチ_20260605\gcs_upload_staging\naresome_thumbnails\dK2K-0R6mjw.jpg,266132,gs://senior-share-staging-570862915709/naresome_thumbnails/dK2K-0R6mjw.jpg,
dK3lAsOSsh8,E:\Data\ObsidianVault\02_Channels\馴れ初めシネマ\競合チャンネル分析\企画リサーチ_20260605\gcs_upload_staging\naresome_thumbnails\dK3lAsOSsh8.jpg,230107,gs://senior-share-staging-570862915709/naresome_thumbnails/dK3lAsOSsh8.jpg,
dLVFiPLle1U,E:\Data\ObsidianVault\02_Channels\馴れ初めシネマ\競合チャンネル分析\企画リサーチ_20260605\gcs_upload_staging\naresome_thumbnails\dLVFiPLle1U.jpg,258594,gs://senior-share-staging-570862915709/naresome_thumbnails/dLVFiPLle1U.jpg,
dMIfZEvRZYc,E:\Data\ObsidianVault\02_Channels\馴れ初めシネマ\競合チャンネル分析\企画リサーチ_20260605\gcs_upload_staging\naresome_thumbnails\dMIfZEvRZYc.jpg,250397,gs://senior-share-staging-570862915709/naresome_thumbnails/dMIfZEvRZYc.jpg,
dMqf9fDX2es,E:\Data\ObsidianVault\02_Channels\馴れ初めシネマ\競合チャンネル分析\企画リサーチ_20260605\gcs_upload_staging\naresome_thumbnails\dMqf9fDX2es.jpg,264878,gs://senior-share-staging-570862915709/naresome_thumbnails/dMqf9fDX2es.jpg,
dODETDRu0XQ,E:\Data\ObsidianVault\02_Channels\馴れ初めシネマ\競合チャンネル分析\企画リサーチ_20260605\gcs_upload_staging\naresome_thumbnails\dODETDRu0XQ.jpg,251147,gs://senior-share-staging-570862915709/naresome_thumbnails/dODETDRu0XQ.jpg,
dODdg9rQZ6c,E:\Data\ObsidianVault\02_Channels\馴れ初めシネマ\競合チャンネル分析\企画リサーチ_20260605\gcs_upload_staging\naresome_thumbnails\dODdg9rQZ6c.jpg,257898,gs://senior-share-staging-570862915709/naresome_thumbnails/dODdg9rQZ6c.jpg,
dRP5K893TWI,E:\Data\ObsidianVault\02_Channels\馴れ初めシネマ\競合チャンネル分析\企画リサーチ_20260605\gcs_upload_staging\naresome_thumbnails\dRP5K893TWI.jpg,261681,gs://senior-share-staging-570862915709/naresome_thumbnails/dRP5K893TWI.jpg,
d_u8Ud1kOOo,E:\Data\ObsidianVault\02_Channels\馴れ初めシネマ\競合チャンネル分析\企画リサーチ_20260605\gcs_upload_staging\naresome_thumbnails\d_u8Ud1kOOo.jpg,292223,gs://senior-share-staging-570862915709/naresome_thumbnails/d_u8Ud1kOOo.jpg,
dc3Q5Fr0Vxo,E:\Data\ObsidianVault\02_Channels\馴れ初めシネマ\競合チャンネル分析\企画リサーチ_20260605\gcs_upload_staging\naresome_thumbnails\dc3Q5Fr0Vxo.jpg,277818,gs://senior-share-staging-570862915709/naresome_thumbnails/dc3Q5Fr0Vxo.jpg,
dc62vfgR5Ws,E:\Data\ObsidianVault\02_Channels\馴れ初めシネマ\競合チャンネル分析\企画リサーチ_20260605\gcs_upload_staging\naresome_thumbnails\dc62vfgR5Ws.jpg,338298,gs://senior-share-staging-570862915709/naresome_thumbnails/dc62vfgR5Ws.jpg,
dfVZhXtbWb8,E:\Data\ObsidianVault\02_Channels\馴れ初めシネマ\競合チャンネル分析\企画リサーチ_20260605\gcs_upload_staging\naresome_thumbnails\dfVZhXtbWb8.jpg,266774,gs://senior-share-staging-570862915709/naresome_thumbnails/dfVZhXtbWb8.jpg,
dg-8GkWIKl8,E:\Data\ObsidianVault\02_Channels\馴れ初めシネマ\競合チャンネル分析\企画リサーチ_20260605\gcs_upload_staging\naresome_thumbnails\dg-8GkWIKl8.jpg,258173,gs://senior-share-staging-570862915709/naresome_thumbnails/dg-8GkWIKl8.jpg,
dguryn9A610,E:\Data\ObsidianVault\02_Channels\馴れ初めシネマ\競合チャンネル分析\企画リサーチ_20260605\gcs_upload_staging\naresome_thumbnails\dguryn9A610.jpg,214632,gs://senior-share-staging-570862915709/naresome_thumbnails/dguryn9A610.jpg,
dhttbbQBWjw,E:\Data\ObsidianVault\02_Channels\馴れ初めシネマ\競合チャンネル分析\企画リサーチ_20260605\gcs_upload_staging\naresome_thumbnails\dhttbbQBWjw.jpg,268511,gs://senior-share-staging-570862915709/naresome_thumbnails/dhttbbQBWjw.jpg,
dj5vhuz_xWY,E:\Data\ObsidianVault\02_Channels\馴れ初めシネマ\競合チャンネル分析\企画リサーチ_20260605\gcs_upload_staging\naresome_thumbnails\dj5vhuz_xWY.jpg,268566,gs://senior-share-staging-570862915709/naresome_thumbnails/dj5vhuz_xWY.jpg,
dkeXYCYzIg0,E:\Data\ObsidianVault\02_Channels\馴れ初めシネマ\競合チャンネル分析\企画リサーチ_20260605\gcs_upload_staging\naresome_thumbnails\dkeXYCYzIg0.jpg,243971,gs://senior-share-staging-570862915709/naresome_thumbnails/dkeXYCYzIg0.jpg,
dknW73SKLrw,E:\Data\ObsidianVault\02_Channels\馴れ初めシネマ\競合チャンネル分析\企画リサーチ_20260605\gcs_upload_staging\naresome_thumbnails\dknW73SKLrw.jpg,255598,gs://senior-share-staging-570862915709/naresome_thumbnails/dknW73SKLrw.jpg,
dlChp81yhdE,E:\Data\ObsidianVault\02_Channels\馴れ初めシネマ\競合チャンネル分析\企画リサーチ_20260605\gcs_upload_staging\naresome_thumbnails\dlChp81yhdE.jpg,250730,gs://senior-share-staging-570862915709/naresome_thumbnails/dlChp81yhdE.jpg,
dlX6lh2aXKI,E:\Data\ObsidianVault\02_Channels\馴れ初めシネマ\競合チャンネル分析\企画リサーチ_20260605\gcs_upload_staging\naresome_thumbnails\dlX6lh2aXKI.jpg,263615,gs://senior-share-staging-570862915709/naresome_thumbnails/dlX6lh2aXKI.jpg,
dlXuD3JwR48,E:\Data\ObsidianVault\02_Channels\馴れ初めシネマ\競合チャンネル分析\企画リサーチ_20260605\gcs_upload_staging\naresome_thumbnails\dlXuD3JwR48.jpg,241376,gs://senior-share-staging-570862915709/naresome_thumbnails/dlXuD3JwR48.jpg,
dp_hNTlg6Ys,E:\Data\ObsidianVault\02_Channels\馴れ初めシネマ\競合チャンネル分析\企画リサーチ_20260605\gcs_upload_staging\naresome_thumbnails\dp_hNTlg6Ys.jpg,319217,gs://senior-share-staging-570862915709/naresome_thumbnails/dp_hNTlg6Ys.jpg,
dqOUR6HpUnE,E:\Data\ObsidianVault\02_Channels\馴れ初めシネマ\競合チャンネル分析\企画リサーチ_20260605\gcs_upload_staging\naresome_thumbnails\dqOUR6HpUnE.jpg,252272,gs://senior-share-staging-570862915709/naresome_thumbnails/dqOUR6HpUnE.jpg,
dqtRFPHHp0U,E:\Data\ObsidianVault\02_Channels\馴れ初めシネマ\競合チャンネル分析\企画リサーチ_20260605\gcs_upload_staging\naresome_thumbnails\dqtRFPHHp0U.jpg,269866,gs://senior-share-staging-570862915709/naresome_thumbnails/dqtRFPHHp0U.jpg,
drN80JrZeCk,E:\Data\ObsidianVault\02_Channels\馴れ初めシネマ\競合チャンネル分析\企画リサーチ_20260605\gcs_upload_staging\naresome_thumbnails\drN80JrZeCk.jpg,241553,gs://senior-share-staging-570862915709/naresome_thumbnails/drN80JrZeCk.jpg,
dsuwG1iDNQE,E:\Data\ObsidianVault\02_Channels\馴れ初めシネマ\競合チャンネル分析\企画リサーチ_20260605\gcs_upload_staging\naresome_thumbnails\dsuwG1iDNQE.jpg,259766,gs://senior-share-staging-570862915709/naresome_thumbnails/dsuwG1iDNQE.jpg,
dulV-LVIvEs,E:\Data\ObsidianVault\02_Channels\馴れ初めシネマ\競合チャンネル分析\企画リサーチ_20260605\gcs_upload_staging\naresome_thumbnails\dulV-LVIvEs.jpg,290166,gs://senior-share-staging-570862915709/naresome_thumbnails/dulV-LVIvEs.jpg,
dw0Yj6fk-ig,E:\Data\ObsidianVault\02_Channels\馴れ初めシネマ\競合チャンネル分析\企画リサーチ_20260605\gcs_upload_staging\naresome_thumbnails\dw0Yj6fk-ig.jpg,246828,gs://senior-share-staging-570862915709/naresome_thumbnails/dw0Yj6fk-ig.jpg,
dwGhj26x3K8,E:\Data\ObsidianVault\02_Channels\馴れ初めシネマ\競合チャンネル分析\企画リサーチ_20260605\gcs_upload_staging\naresome_thumbnails\dwGhj26x3K8.jpg,246685,gs://senior-share-staging-570862915709/naresome_thumbnails/dwGhj26x3K8.jpg,
dykbN5x_A3I,E:\Data\ObsidianVault\02_Channels\馴れ初めシネマ\競合チャンネル分析\企画リサーチ_20260605\gcs_upload_staging\naresome_thumbnails\dykbN5x_A3I.jpg,253719,gs://senior-share-staging-570862915709/naresome_thumbnails/dykbN5x_A3I.jpg,
dzKr_iFSI6I,E:\Data\ObsidianVault\02_Channels\馴れ初めシネマ\競合チャンネル分析\企画リサーチ_20260605\gcs_upload_staging\naresome_thumbnails\dzKr_iFSI6I.jpg,271765,gs://senior-share-staging-570862915709/naresome_thumbnails/dzKr_iFSI6I.jpg,
e3CVaLdyJx8,E:\Data\ObsidianVault\02_Channels\馴れ初めシネマ\競合チャンネル分析\企画リサーチ_20260605\gcs_upload_staging\naresome_thumbnails\e3CVaLdyJx8.jpg,258166,gs://senior-share-staging-570862915709/naresome_thumbnails/e3CVaLdyJx8.jpg,
e3cZdja-lDU,E:\Data\ObsidianVault\02_Channels\馴れ初めシネマ\競合チャンネル分析\企画リサーチ_20260605\gcs_upload_staging\naresome_thumbnails\e3cZdja-lDU.jpg,261445,gs://senior-share-staging-570862915709/naresome_thumbnails/e3cZdja-lDU.jpg,
e3z3x1jOcxo,E:\Data\ObsidianVault\02_Channels\馴れ初めシネマ\競合チャンネル分析\企画リサーチ_20260605\gcs_upload_staging\naresome_thumbnails\e3z3x1jOcxo.jpg,254042,gs://senior-share-staging-570862915709/naresome_thumbnails/e3z3x1jOcxo.jpg,
e4YtXTchXlU,E:\Data\ObsidianVault\02_Channels\馴れ初めシネマ\競合チャンネル分析\企画リサーチ_20260605\gcs_upload_staging\naresome_thumbnails\e4YtXTchXlU.jpg,268380,gs://senior-share-staging-570862915709/naresome_thumbnails/e4YtXTchXlU.jpg,
e5lznSkXUeM,E:\Data\ObsidianVault\02_Channels\馴れ初めシネマ\競合チャンネル分析\企画リサーチ_20260605\gcs_upload_staging\naresome_thumbnails\e5lznSkXUeM.jpg,249984,gs://senior-share-staging-570862915709/naresome_thumbnails/e5lznSkXUeM.jpg,
e6637-DnfEg,E:\Data\ObsidianVault\02_Channels\馴れ初めシネマ\競合チャンネル分析\企画リサーチ_20260605\gcs_upload_staging\naresome_thumbnails\e6637-DnfEg.jpg,240802,gs://senior-share-staging-570862915709/naresome_thumbnails/e6637-DnfEg.jpg,
e6ZrRAGp4SI,E:\Data\ObsidianVault\02_Channels\馴れ初めシネマ\競合チャンネル分析\企画リサーチ_20260605\gcs_upload_staging\naresome_thumbnails\e6ZrRAGp4SI.jpg,278105,gs://senior-share-staging-570862915709/naresome_thumbnails/e6ZrRAGp4SI.jpg,
e7YZZr_r9w4,E:\Data\ObsidianVault\02_Channels\馴れ初めシネマ\競合チャンネル分析\企画リサーチ_20260605\gcs_upload_staging\naresome_thumbnails\e7YZZr_r9w4.jpg,271363,gs://senior-share-staging-570862915709/naresome_thumbnails/e7YZZr_r9w4.jpg,
e8RvCIRtp6U,E:\Data\ObsidianVault\02_Channels\馴れ初めシネマ\競合チャンネル分析\企画リサーチ_20260605\gcs_upload_staging\naresome_thumbnails\e8RvCIRtp6U.jpg,282895,gs://senior-share-staging-570862915709/naresome_thumbnails/e8RvCIRtp6U.jpg,
e8tHq1Tv4xE,E:\Data\ObsidianVault\02_Channels\馴れ初めシネマ\競合チャンネル分析\企画リサーチ_20260605\gcs_upload_staging\naresome_thumbnails\e8tHq1Tv4xE.jpg,229316,gs://senior-share-staging-570862915709/naresome_thumbnails/e8tHq1Tv4xE.jpg,
e9QodFbOl2I,E:\Data\ObsidianVault\02_Channels\馴れ初めシネマ\競合チャンネル分析\企画リサーチ_20260605\gcs_upload_staging\naresome_thumbnails\e9QodFbOl2I.jpg,246365,gs://senior-share-staging-570862915709/naresome_thumbnails/e9QodFbOl2I.jpg,
eCOzKDvqyIE,E:\Data\ObsidianVault\02_Channels\馴れ初めシネマ\競合チャンネル分析\企画リサーチ_20260605\gcs_upload_staging\naresome_thumbnails\eCOzKDvqyIE.jpg,283548,gs://senior-share-staging-570862915709/naresome_thumbnails/eCOzKDvqyIE.jpg,
eCYwJsfYGMU,E:\Data\ObsidianVault\02_Channels\馴れ初めシネマ\競合チャンネル分析\企画リサーチ_20260605\gcs_upload_staging\naresome_thumbnails\eCYwJsfYGMU.jpg,253831,gs://senior-share-staging-570862915709/naresome_thumbnails/eCYwJsfYGMU.jpg,
eErdOn5VNdU,E:\Data\ObsidianVault\02_Channels\馴れ初めシネマ\競合チャンネル分析\企画リサーチ_20260605\gcs_upload_staging\naresome_thumbnails\eErdOn5VNdU.jpg,301017,gs://senior-share-staging-570862915709/naresome_thumbnails/eErdOn5VNdU.jpg,
eFRJdGWqRWc,E:\Data\ObsidianVault\02_Channels\馴れ初めシネマ\競合チャンネル分析\企画リサーチ_20260605\gcs_upload_staging\naresome_thumbnails\eFRJdGWqRWc.jpg,314658,gs://senior-share-staging-570862915709/naresome_thumbnails/eFRJdGWqRWc.jpg,
eHAQTgRBks4,E:\Data\ObsidianVault\02_Channels\馴れ初めシネマ\競合チャンネル分析\企画リサーチ_20260605\gcs_upload_staging\naresome_thumbnails\eHAQTgRBks4.jpg,237885,gs://senior-share-staging-570862915709/naresome_thumbnails/eHAQTgRBks4.jpg,
eHRH36eG5hA,E:\Data\ObsidianVault\02_Channels\馴れ初めシネマ\競合チャンネル分析\企画リサーチ_20260605\gcs_upload_staging\naresome_thumbnails\eHRH36eG5hA.jpg,308522,gs://senior-share-staging-570862915709/naresome_thumbnails/eHRH36eG5hA.jpg,
eHqOUDORUuI,E:\Data\ObsidianVault\02_Channels\馴れ初めシネマ\競合チャンネル分析\企画リサーチ_20260605\gcs_upload_staging\naresome_thumbnails\eHqOUDORUuI.jpg,244123,gs://senior-share-staging-570862915709/naresome_thumbnails/eHqOUDORUuI.jpg,
eJ-airAl2oU,E:\Data\ObsidianVault\02_Channels\馴れ初めシネマ\競合チャンネル分析\企画リサーチ_20260605\gcs_upload_staging\naresome_thumbnails\eJ-airAl2oU.jpg,256257,gs://senior-share-staging-570862915709/naresome_thumbnails/eJ-airAl2oU.jpg,
eJbaK5lL_jc,E:\Data\ObsidianVault\02_Channels\馴れ初めシネマ\競合チャンネル分析\企画リサーチ_20260605\gcs_upload_staging\naresome_thumbnails\eJbaK5lL_jc.jpg,248433,gs://senior-share-staging-570862915709/naresome_thumbnails/eJbaK5lL_jc.jpg,
eJen-8-60Cg,E:\Data\ObsidianVault\02_Channels\馴れ初めシネマ\競合チャンネル分析\企画リサーチ_20260605\gcs_upload_staging\naresome_thumbnails\eJen-8-60Cg.jpg,272034,gs://senior-share-staging-570862915709/naresome_thumbnails/eJen-8-60Cg.jpg,
eJvf4VQd8NA,E:\Data\ObsidianVault\02_Channels\馴れ初めシネマ\競合チャンネル分析\企画リサーチ_20260605\gcs_upload_staging\naresome_thumbnails\eJvf4VQd8NA.jpg,254781,gs://senior-share-staging-570862915709/naresome_thumbnails/eJvf4VQd8NA.jpg,
eMIu7ZAMfFI,E:\Data\ObsidianVault\02_Channels\馴れ初めシネマ\競合チャンネル分析\企画リサーチ_20260605\gcs_upload_staging\naresome_thumbnails\eMIu7ZAMfFI.jpg,258343,gs://senior-share-staging-570862915709/naresome_thumbnails/eMIu7ZAMfFI.jpg,
eMsYeE0qJCo,E:\Data\ObsidianVault\02_Channels\馴れ初めシネマ\競合チャンネル分析\企画リサーチ_20260605\gcs_upload_staging\naresome_thumbnails\eMsYeE0qJCo.jpg,251190,gs://senior-share-staging-570862915709/naresome_thumbnails/eMsYeE0qJCo.jpg,
eOQXCOcTsn8,E:\Data\ObsidianVault\02_Channels\馴れ初めシネマ\競合チャンネル分析\企画リサーチ_20260605\gcs_upload_staging\naresome_thumbnails\eOQXCOcTsn8.jpg,272775,gs://senior-share-staging-570862915709/naresome_thumbnails/eOQXCOcTsn8.jpg,
eSM-yqd5NEI,E:\Data\ObsidianVault\02_Channels\馴れ初めシネマ\競合チャンネル分析\企画リサーチ_20260605\gcs_upload_staging\naresome_thumbnails\eSM-yqd5NEI.jpg,244594,gs://senior-share-staging-570862915709/naresome_thumbnails/eSM-yqd5NEI.jpg,
eSjd9PPWNQM,E:\Data\ObsidianVault\02_Channels\馴れ初めシネマ\競合チャンネル分析\企画リサーチ_20260605\gcs_upload_staging\naresome_thumbnails\eSjd9PPWNQM.jpg,265937,gs://senior-share-staging-570862915709/naresome_thumbnails/eSjd9PPWNQM.jpg,
eTVFrgrz21k,E:\Data\ObsidianVault\02_Channels\馴れ初めシネマ\競合チャンネル分析\企画リサーチ_20260605\gcs_upload_staging\naresome_thumbnails\eTVFrgrz21k.jpg,259835,gs://senior-share-staging-570862915709/naresome_thumbnails/eTVFrgrz21k.jpg,
eUFqsl1JtmU,E:\Data\ObsidianVault\02_Channels\馴れ初めシネマ\競合チャンネル分析\企画リサーチ_20260605\gcs_upload_staging\naresome_thumbnails\eUFqsl1JtmU.jpg,251720,gs://senior-share-staging-570862915709/naresome_thumbnails/eUFqsl1JtmU.jpg,
eUj8zFKvcpg,E:\Data\ObsidianVault\02_Channels\馴れ初めシネマ\競合チャンネル分析\企画リサーチ_20260605\gcs_upload_staging\naresome_thumbnails\eUj8zFKvcpg.jpg,256117,gs://senior-share-staging-570862915709/naresome_thumbnails/eUj8zFKvcpg.jpg,
eWPgS-3DYVs,E:\Data\ObsidianVault\02_Channels\馴れ初めシネマ\競合チャンネル分析\企画リサーチ_20260605\gcs_upload_staging\naresome_thumbnails\eWPgS-3DYVs.jpg,288686,gs://senior-share-staging-570862915709/naresome_thumbnails/eWPgS-3DYVs.jpg,
eXyBT9PeKZg,E:\Data\ObsidianVault\02_Channels\馴れ初めシネマ\競合チャンネル分析\企画リサーチ_20260605\gcs_upload_staging\naresome_thumbnails\eXyBT9PeKZg.jpg,230856,gs://senior-share-staging-570862915709/naresome_thumbnails/eXyBT9PeKZg.jpg,
eZVgnASMa5w,E:\Data\ObsidianVault\02_Channels\馴れ初めシネマ\競合チャンネル分析\企画リサーチ_20260605\gcs_upload_staging\naresome_thumbnails\eZVgnASMa5w.jpg,254340,gs://senior-share-staging-570862915709/naresome_thumbnails/eZVgnASMa5w.jpg,
ea1Y_0e5sgk,E:\Data\ObsidianVault\02_Channels\馴れ初めシネマ\競合チャンネル分析\企画リサーチ_20260605\gcs_upload_staging\naresome_thumbnails\ea1Y_0e5sgk.jpg,340307,gs://senior-share-staging-570862915709/naresome_thumbnails/ea1Y_0e5sgk.jpg,
eaA4UP3zhEI,E:\Data\ObsidianVault\02_Channels\馴れ初めシネマ\競合チャンネル分析\企画リサーチ_20260605\gcs_upload_staging\naresome_thumbnails\eaA4UP3zhEI.jpg,266658,gs://senior-share-staging-570862915709/naresome_thumbnails/eaA4UP3zhEI.jpg,
eaAoGxkfpWM,E:\Data\ObsidianVault\02_Channels\馴れ初めシネマ\競合チャンネル分析\企画リサーチ_20260605\gcs_upload_staging\naresome_thumbnails\eaAoGxkfpWM.jpg,248567,gs://senior-share-staging-570862915709/naresome_thumbnails/eaAoGxkfpWM.jpg,
ebOUn5jA4i0,E:\Data\ObsidianVault\02_Channels\馴れ初めシネマ\競合チャンネル分析\企画リサーチ_20260605\gcs_upload_staging\naresome_thumbnails\ebOUn5jA4i0.jpg,258470,gs://senior-share-staging-570862915709/naresome_thumbnails/ebOUn5jA4i0.jpg,
ecOvmZeKNeI,E:\Data\ObsidianVault\02_Channels\馴れ初めシネマ\競合チャンネル分析\企画リサーチ_20260605\gcs_upload_staging\naresome_thumbnails\ecOvmZeKNeI.jpg,344841,gs://senior-share-staging-570862915709/naresome_thumbnails/ecOvmZeKNeI.jpg,
eeb3xFrczrQ,E:\Data\ObsidianVault\02_Channels\馴れ初めシネマ\競合チャンネル分析\企画リサーチ_20260605\gcs_upload_staging\naresome_thumbnails\eeb3xFrczrQ.jpg,274968,gs://senior-share-staging-570862915709/naresome_thumbnails/eeb3xFrczrQ.jpg,
ef8vqoy2uKc,E:\Data\ObsidianVault\02_Channels\馴れ初めシネマ\競合チャンネル分析\企画リサーチ_20260605\gcs_upload_staging\naresome_thumbnails\ef8vqoy2uKc.jpg,258259,gs://senior-share-staging-570862915709/naresome_thumbnails/ef8vqoy2uKc.jpg,
efA7QNCp4PU,E:\Data\ObsidianVault\02_Channels\馴れ初めシネマ\競合チャンネル分析\企画リサーチ_20260605\gcs_upload_staging\naresome_thumbnails\efA7QNCp4PU.jpg,240862,gs://senior-share-staging-570862915709/naresome_thumbnails/efA7QNCp4PU.jpg,
efvIhgq-DIU,E:\Data\ObsidianVault\02_Channels\馴れ初めシネマ\競合チャンネル分析\企画リサーチ_20260605\gcs_upload_staging\naresome_thumbnails\efvIhgq-DIU.jpg,267790,gs://senior-share-staging-570862915709/naresome_thumbnails/efvIhgq-DIU.jpg,
egGc2jjhJp0,E:\Data\ObsidianVault\02_Channels\馴れ初めシネマ\競合チャンネル分析\企画リサーチ_20260605\gcs_upload_staging\naresome_thumbnails\egGc2jjhJp0.jpg,249906,gs://senior-share-staging-570862915709/naresome_thumbnails/egGc2jjhJp0.jpg,
eh9Jb2dVYAM,E:\Data\ObsidianVault\02_Channels\馴れ初めシネマ\競合チャンネル分析\企画リサーチ_20260605\gcs_upload_staging\naresome_thumbnails\eh9Jb2dVYAM.jpg,251732,gs://senior-share-staging-570862915709/naresome_thumbnails/eh9Jb2dVYAM.jpg,
eifrArCxv_8,E:\Data\ObsidianVault\02_Channels\馴れ初めシネマ\競合チャンネル分析\企画リサーチ_20260605\gcs_upload_staging\naresome_thumbnails\eifrArCxv_8.jpg,265782,gs://senior-share-staging-570862915709/naresome_thumbnails/eifrArCxv_8.jpg,
eigCSo6yINY,E:\Data\ObsidianVault\02_Channels\馴れ初めシネマ\競合チャンネル分析\企画リサーチ_20260605\gcs_upload_staging\naresome_thumbnails\eigCSo6yINY.jpg,235975,gs://senior-share-staging-570862915709/naresome_thumbnails/eigCSo6yINY.jpg,
ek1_-t5Arq4,E:\Data\ObsidianVault\02_Channels\馴れ初めシネマ\競合チャンネル分析\企画リサーチ_20260605\gcs_upload_staging\naresome_thumbnails\ek1_-t5Arq4.jpg,242962,gs://senior-share-staging-570862915709/naresome_thumbnails/ek1_-t5Arq4.jpg,
ek8t0K0TJWk,E:\Data\ObsidianVault\02_Channels\馴れ初めシネマ\競合チャンネル分析\企画リサーチ_20260605\gcs_upload_staging\naresome_thumbnails\ek8t0K0TJWk.jpg,236167,gs://senior-share-staging-570862915709/naresome_thumbnails/ek8t0K0TJWk.jpg,
ekF099tgSZQ,E:\Data\ObsidianVault\02_Channels\馴れ初めシネマ\競合チャンネル分析\企画リサーチ_20260605\gcs_upload_staging\naresome_thumbnails\ekF099tgSZQ.jpg,274695,gs://senior-share-staging-570862915709/naresome_thumbnails/ekF099tgSZQ.jpg,
ekXAlEun614,E:\Data\ObsidianVault\02_Channels\馴れ初めシネマ\競合チャンネル分析\企画リサーチ_20260605\gcs_upload_staging\naresome_thumbnails\ekXAlEun614.jpg,242725,gs://senior-share-staging-570862915709/naresome_thumbnails/ekXAlEun614.jpg,
emtCWtPRTW8,E:\Data\ObsidianVault\02_Channels\馴れ初めシネマ\競合チャンネル分析\企画リサーチ_20260605\gcs_upload_staging\naresome_thumbnails\emtCWtPRTW8.jpg,255682,gs://senior-share-staging-570862915709/naresome_thumbnails/emtCWtPRTW8.jpg,
ep6M3XiyXxc,E:\Data\ObsidianVault\02_Channels\馴れ初めシネマ\競合チャンネル分析\企画リサーチ_20260605\gcs_upload_staging\naresome_thumbnails\ep6M3XiyXxc.jpg,242495,gs://senior-share-staging-570862915709/naresome_thumbnails/ep6M3XiyXxc.jpg,
epUtvQAoXJY,E:\Data\ObsidianVault\02_Channels\馴れ初めシネマ\競合チャンネル分析\企画リサーチ_20260605\gcs_upload_staging\naresome_thumbnails\epUtvQAoXJY.jpg,257934,gs://senior-share-staging-570862915709/naresome_thumbnails/epUtvQAoXJY.jpg,
eq3jJtsBT74,E:\Data\ObsidianVault\02_Channels\馴れ初めシネマ\競合チャンネル分析\企画リサーチ_20260605\gcs_upload_staging\naresome_thumbnails\eq3jJtsBT74.jpg,278727,gs://senior-share-staging-570862915709/naresome_thumbnails/eq3jJtsBT74.jpg,
et0BSY3EszU,E:\Data\ObsidianVault\02_Channels\馴れ初めシネマ\競合チャンネル分析\企画リサーチ_20260605\gcs_upload_staging\naresome_thumbnails\et0BSY3EszU.jpg,241959,gs://senior-share-staging-570862915709/naresome_thumbnails/et0BSY3EszU.jpg,
euWyDKsgu-c,E:\Data\ObsidianVault\02_Channels\馴れ初めシネマ\競合チャンネル分析\企画リサーチ_20260605\gcs_upload_staging\naresome_thumbnails\euWyDKsgu-c.jpg,231772,gs://senior-share-staging-570862915709/naresome_thumbnails/euWyDKsgu-c.jpg,
eustvmEuUrQ,E:\Data\ObsidianVault\02_Channels\馴れ初めシネマ\競合チャンネル分析\企画リサーチ_20260605\gcs_upload_staging\naresome_thumbnails\eustvmEuUrQ.jpg,250234,gs://senior-share-staging-570862915709/naresome_thumbnails/eustvmEuUrQ.jpg,
evMEe9MD_aI,E:\Data\ObsidianVault\02_Channels\馴れ初めシネマ\競合チャンネル分析\企画リサーチ_20260605\gcs_upload_staging\naresome_thumbnails\evMEe9MD_aI.jpg,296104,gs://senior-share-staging-570862915709/naresome_thumbnails/evMEe9MD_aI.jpg,
ewIsf-ynNE4,E:\Data\ObsidianVault\02_Channels\馴れ初めシネマ\競合チャンネル分析\企画リサーチ_20260605\gcs_upload_staging\naresome_thumbnails\ewIsf-ynNE4.jpg,266384,gs://senior-share-staging-570862915709/naresome_thumbnails/ewIsf-ynNE4.jpg,
ewXgKOLhJe0,E:\Data\ObsidianVault\02_Channels\馴れ初めシネマ\競合チャンネル分析\企画リサーチ_20260605\gcs_upload_staging\naresome_thumbnails\ewXgKOLhJe0.jpg,281240,gs://senior-share-staging-570862915709/naresome_thumbnails/ewXgKOLhJe0.jpg,
eyjkCb8tWvk,E:\Data\ObsidianVault\02_Channels\馴れ初めシネマ\競合チャンネル分析\企画リサーチ_20260605\gcs_upload_staging\naresome_thumbnails\eyjkCb8tWvk.jpg,262032,gs://senior-share-staging-570862915709/naresome_thumbnails/eyjkCb8tWvk.jpg,
f0Ag59OEtk8,E:\Data\ObsidianVault\02_Channels\馴れ初めシネマ\競合チャンネル分析\企画リサーチ_20260605\gcs_upload_staging\naresome_thumbnails\f0Ag59OEtk8.jpg,269572,gs://senior-share-staging-570862915709/naresome_thumbnails/f0Ag59OEtk8.jpg,
f12NZV9Cl08,E:\Data\ObsidianVault\02_Channels\馴れ初めシネマ\競合チャンネル分析\企画リサーチ_20260605\gcs_upload_staging\naresome_thumbnails\f12NZV9Cl08.jpg,52791,gs://senior-share-staging-570862915709/naresome_thumbnails/f12NZV9Cl08.jpg,
f1rb9OEeBcE,E:\Data\ObsidianVault\02_Channels\馴れ初めシネマ\競合チャンネル分析\企画リサーチ_20260605\gcs_upload_staging\naresome_thumbnails\f1rb9OEeBcE.jpg,258325,gs://senior-share-staging-570862915709/naresome_thumbnails/f1rb9OEeBcE.jpg,
f30U7ngz9Sk,E:\Data\ObsidianVault\02_Channels\馴れ初めシネマ\競合チャンネル分析\企画リサーチ_20260605\gcs_upload_staging\naresome_thumbnails\f30U7ngz9Sk.jpg,272457,gs://senior-share-staging-570862915709/naresome_thumbnails/f30U7ngz9Sk.jpg,
f3SKYzQzXHM,E:\Data\ObsidianVault\02_Channels\馴れ初めシネマ\競合チャンネル分析\企画リサーチ_20260605\gcs_upload_staging\naresome_thumbnails\f3SKYzQzXHM.jpg,362270,gs://senior-share-staging-570862915709/naresome_thumbnails/f3SKYzQzXHM.jpg,
f5FlPicfcMY,E:\Data\ObsidianVault\02_Channels\馴れ初めシネマ\競合チャンネル分析\企画リサーチ_20260605\gcs_upload_staging\naresome_thumbnails\f5FlPicfcMY.jpg,260495,gs://senior-share-staging-570862915709/naresome_thumbnails/f5FlPicfcMY.jpg,
f5WMXG1rbSg,E:\Data\ObsidianVault\02_Channels\馴れ初めシネマ\競合チャンネル分析\企画リサーチ_20260605\gcs_upload_staging\naresome_thumbnails\f5WMXG1rbSg.jpg,260351,gs://senior-share-staging-570862915709/naresome_thumbnails/f5WMXG1rbSg.jpg,
f97pTnEtSJg,E:\Data\ObsidianVault\02_Channels\馴れ初めシネマ\競合チャンネル分析\企画リサーチ_20260605\gcs_upload_staging\naresome_thumbnails\f97pTnEtSJg.jpg,248818,gs://senior-share-staging-570862915709/naresome_thumbnails/f97pTnEtSJg.jpg,
f9W-X_81zDY,E:\Data\ObsidianVault\02_Channels\馴れ初めシネマ\競合チャンネル分析\企画リサーチ_20260605\gcs_upload_staging\naresome_thumbnails\f9W-X_81zDY.jpg,252501,gs://senior-share-staging-570862915709/naresome_thumbnails/f9W-X_81zDY.jpg,
f9Z-KoDBheo,E:\Data\ObsidianVault\02_Channels\馴れ初めシネマ\競合チャンネル分析\企画リサーチ_20260605\gcs_upload_staging\naresome_thumbnails\f9Z-KoDBheo.jpg,236517,gs://senior-share-staging-570862915709/naresome_thumbnails/f9Z-KoDBheo.jpg,
fCS1g4vjP7Q,E:\Data\ObsidianVault\02_Channels\馴れ初めシネマ\競合チャンネル分析\企画リサーチ_20260605\gcs_upload_staging\naresome_thumbnails\fCS1g4vjP7Q.jpg,271385,gs://senior-share-staging-570862915709/naresome_thumbnails/fCS1g4vjP7Q.jpg,
fDeVWRNgrUk,E:\Data\ObsidianVault\02_Channels\馴れ初めシネマ\競合チャンネル分析\企画リサーチ_20260605\gcs_upload_staging\naresome_thumbnails\fDeVWRNgrUk.jpg,266916,gs://senior-share-staging-570862915709/naresome_thumbnails/fDeVWRNgrUk.jpg,
fDp-2Kqhgiw,E:\Data\ObsidianVault\02_Channels\馴れ初めシネマ\競合チャンネル分析\企画リサーチ_20260605\gcs_upload_staging\naresome_thumbnails\fDp-2Kqhgiw.jpg,263692,gs://senior-share-staging-570862915709/naresome_thumbnails/fDp-2Kqhgiw.jpg,
fFaOIdDMJOg,E:\Data\ObsidianVault\02_Channels\馴れ初めシネマ\競合チャンネル分析\企画リサーチ_20260605\gcs_upload_staging\naresome_thumbnails\fFaOIdDMJOg.jpg,276338,gs://senior-share-staging-570862915709/naresome_thumbnails/fFaOIdDMJOg.jpg,
fLHjKLW6vwE,E:\Data\ObsidianVault\02_Channels\馴れ初めシネマ\競合チャンネル分析\企画リサーチ_20260605\gcs_upload_staging\naresome_thumbnails\fLHjKLW6vwE.jpg,249551,gs://senior-share-staging-570862915709/naresome_thumbnails/fLHjKLW6vwE.jpg,
fLg182TV_6s,E:\Data\ObsidianVault\02_Channels\馴れ初めシネマ\競合チャンネル分析\企画リサーチ_20260605\gcs_upload_staging\naresome_thumbnails\fLg182TV_6s.jpg,263569,gs://senior-share-staging-570862915709/naresome_thumbnails/fLg182TV_6s.jpg,
fMYAS5Sx3ZU,E:\Data\ObsidianVault\02_Channels\馴れ初めシネマ\競合チャンネル分析\企画リサーチ_20260605\gcs_upload_staging\naresome_thumbnails\fMYAS5Sx3ZU.jpg,249131,gs://senior-share-staging-570862915709/naresome_thumbnails/fMYAS5Sx3ZU.jpg,
fMl0yShqdz8,E:\Data\ObsidianVault\02_Channels\馴れ初めシネマ\競合チャンネル分析\企画リサーチ_20260605\gcs_upload_staging\naresome_thumbnails\fMl0yShqdz8.jpg,269209,gs://senior-share-staging-570862915709/naresome_thumbnails/fMl0yShqdz8.jpg,
fNElslQvZ8A,E:\Data\ObsidianVault\02_Channels\馴れ初めシネマ\競合チャンネル分析\企画リサーチ_20260605\gcs_upload_staging\naresome_thumbnails\fNElslQvZ8A.jpg,249100,gs://senior-share-staging-570862915709/naresome_thumbnails/fNElslQvZ8A.jpg,
fP0fj8NgnTE,E:\Data\ObsidianVault\02_Channels\馴れ初めシネマ\競合チャンネル分析\企画リサーチ_20260605\gcs_upload_staging\naresome_thumbnails\fP0fj8NgnTE.jpg,230772,gs://senior-share-staging-570862915709/naresome_thumbnails/fP0fj8NgnTE.jpg,
fQKLyou7Nm8,E:\Data\ObsidianVault\02_Channels\馴れ初めシネマ\競合チャンネル分析\企画リサーチ_20260605\gcs_upload_staging\naresome_thumbnails\fQKLyou7Nm8.jpg,277615,gs://senior-share-staging-570862915709/naresome_thumbnails/fQKLyou7Nm8.jpg,
fQvmyhPo3_s,E:\Data\ObsidianVault\02_Channels\馴れ初めシネマ\競合チャンネル分析\企画リサーチ_20260605\gcs_upload_staging\naresome_thumbnails\fQvmyhPo3_s.jpg,231948,gs://senior-share-staging-570862915709/naresome_thumbnails/fQvmyhPo3_s.jpg,
fSZnC9a5Uq0,E:\Data\ObsidianVault\02_Channels\馴れ初めシネマ\競合チャンネル分析\企画リサーチ_20260605\gcs_upload_staging\naresome_thumbnails\fSZnC9a5Uq0.jpg,246666,gs://senior-share-staging-570862915709/naresome_thumbnails/fSZnC9a5Uq0.jpg,
fSwgGo12MpQ,E:\Data\ObsidianVault\02_Channels\馴れ初めシネマ\競合チャンネル分析\企画リサーチ_20260605\gcs_upload_staging\naresome_thumbnails\fSwgGo12MpQ.jpg,253972,gs://senior-share-staging-570862915709/naresome_thumbnails/fSwgGo12MpQ.jpg,
fTAIgcGwNjQ,E:\Data\ObsidianVault\02_Channels\馴れ初めシネマ\競合チャンネル分析\企画リサーチ_20260605\gcs_upload_staging\naresome_thumbnails\fTAIgcGwNjQ.jpg,280346,gs://senior-share-staging-570862915709/naresome_thumbnails/fTAIgcGwNjQ.jpg,
fTqPjfz5GdY,E:\Data\ObsidianVault\02_Channels\馴れ初めシネマ\競合チャンネル分析\企画リサーチ_20260605\gcs_upload_staging\naresome_thumbnails\fTqPjfz5GdY.jpg,57225,gs://senior-share-staging-570862915709/naresome_thumbnails/fTqPjfz5GdY.jpg,
fYilLdyxXoE,E:\Data\ObsidianVault\02_Channels\馴れ初めシネマ\競合チャンネル分析\企画リサーチ_20260605\gcs_upload_staging\naresome_thumbnails\fYilLdyxXoE.jpg,228739,gs://senior-share-staging-570862915709/naresome_thumbnails/fYilLdyxXoE.jpg,
fZQ1WuWk_oA,E:\Data\ObsidianVault\02_Channels\馴れ初めシネマ\競合チャンネル分析\企画リサーチ_20260605\gcs_upload_staging\naresome_thumbnails\fZQ1WuWk_oA.jpg,235877,gs://senior-share-staging-570862915709/naresome_thumbnails/fZQ1WuWk_oA.jpg,
fZehfbjoxgM,E:\Data\ObsidianVault\02_Channels\馴れ初めシネマ\競合チャンネル分析\企画リサーチ_20260605\gcs_upload_staging\naresome_thumbnails\fZehfbjoxgM.jpg,256723,gs://senior-share-staging-570862915709/naresome_thumbnails/fZehfbjoxgM.jpg,
fZmDPT4Yp3M,E:\Data\ObsidianVault\02_Channels\馴れ初めシネマ\競合チャンネル分析\企画リサーチ_20260605\gcs_upload_staging\naresome_thumbnails\fZmDPT4Yp3M.jpg,243366,gs://senior-share-staging-570862915709/naresome_thumbnails/fZmDPT4Yp3M.jpg,
f_w6ZHFYwAE,E:\Data\ObsidianVault\02_Channels\馴れ初めシネマ\競合チャンネル分析\企画リサーチ_20260605\gcs_upload_staging\naresome_thumbnails\f_w6ZHFYwAE.jpg,351162,gs://senior-share-staging-570862915709/naresome_thumbnails/f_w6ZHFYwAE.jpg,
f_yp5aoJOQ0,E:\Data\ObsidianVault\02_Channels\馴れ初めシネマ\競合チャンネル分析\企画リサーチ_20260605\gcs_upload_staging\naresome_thumbnails\f_yp5aoJOQ0.jpg,263238,gs://senior-share-staging-570862915709/naresome_thumbnails/f_yp5aoJOQ0.jpg,
faLP5n3FX0k,E:\Data\ObsidianVault\02_Channels\馴れ初めシネマ\競合チャンネル分析\企画リサーチ_20260605\gcs_upload_staging\naresome_thumbnails\faLP5n3FX0k.jpg,252721,gs://senior-share-staging-570862915709/naresome_thumbnails/faLP5n3FX0k.jpg,
fcBfiVy5Rjg,E:\Data\ObsidianVault\02_Channels\馴れ初めシネマ\競合チャンネル分析\企画リサーチ_20260605\gcs_upload_staging\naresome_thumbnails\fcBfiVy5Rjg.jpg,272069,gs://senior-share-staging-570862915709/naresome_thumbnails/fcBfiVy5Rjg.jpg,
fcWNBcjcDrE,E:\Data\ObsidianVault\02_Channels\馴れ初めシネマ\競合チャンネル分析\企画リサーチ_20260605\gcs_upload_staging\naresome_thumbnails\fcWNBcjcDrE.jpg,247191,gs://senior-share-staging-570862915709/naresome_thumbnails/fcWNBcjcDrE.jpg,
fcweqIqJf3I,E:\Data\ObsidianVault\02_Channels\馴れ初めシネマ\競合チャンネル分析\企画リサーチ_20260605\gcs_upload_staging\naresome_thumbnails\fcweqIqJf3I.jpg,244280,gs://senior-share-staging-570862915709/naresome_thumbnails/fcweqIqJf3I.jpg,
fh9fT82ZH-4,E:\Data\ObsidianVault\02_Channels\馴れ初めシネマ\競合チャンネル分析\企画リサーチ_20260605\gcs_upload_staging\naresome_thumbnails\fh9fT82ZH-4.jpg,259351,gs://senior-share-staging-570862915709/naresome_thumbnails/fh9fT82ZH-4.jpg,
fiK30M55-GA,E:\Data\ObsidianVault\02_Channels\馴れ初めシネマ\競合チャンネル分析\企画リサーチ_20260605\gcs_upload_staging\naresome_thumbnails\fiK30M55-GA.jpg,285856,gs://senior-share-staging-570862915709/naresome_thumbnails/fiK30M55-GA.jpg,
fm8Eob8ZWr0,E:\Data\ObsidianVault\02_Channels\馴れ初めシネマ\競合チャンネル分析\企画リサーチ_20260605\gcs_upload_staging\naresome_thumbnails\fm8Eob8ZWr0.jpg,260247,gs://senior-share-staging-570862915709/naresome_thumbnails/fm8Eob8ZWr0.jpg,
fmTp5UWyRQc,E:\Data\ObsidianVault\02_Channels\馴れ初めシネマ\競合チャンネル分析\企画リサーチ_20260605\gcs_upload_staging\naresome_thumbnails\fmTp5UWyRQc.jpg,242557,gs://senior-share-staging-570862915709/naresome_thumbnails/fmTp5UWyRQc.jpg,
fnv0eiiKDNQ,E:\Data\ObsidianVault\02_Channels\馴れ初めシネマ\競合チャンネル分析\企画リサーチ_20260605\gcs_upload_staging\naresome_thumbnails\fnv0eiiKDNQ.jpg,229991,gs://senior-share-staging-570862915709/naresome_thumbnails/fnv0eiiKDNQ.jpg,
fq1DVI579GE,E:\Data\ObsidianVault\02_Channels\馴れ初めシネマ\競合チャンネル分析\企画リサーチ_20260605\gcs_upload_staging\naresome_thumbnails\fq1DVI579GE.jpg,237216,gs://senior-share-staging-570862915709/naresome_thumbnails/fq1DVI579GE.jpg,
fql8iwGgJSY,E:\Data\ObsidianVault\02_Channels\馴れ初めシネマ\競合チャンネル分析\企画リサーチ_20260605\gcs_upload_staging\naresome_thumbnails\fql8iwGgJSY.jpg,211636,gs://senior-share-staging-570862915709/naresome_thumbnails/fql8iwGgJSY.jpg,
fqp6j__YKCE,E:\Data\ObsidianVault\02_Channels\馴れ初めシネマ\競合チャンネル分析\企画リサーチ_20260605\gcs_upload_staging\naresome_thumbnails\fqp6j__YKCE.jpg,253816,gs://senior-share-staging-570862915709/naresome_thumbnails/fqp6j__YKCE.jpg,
ftADW8CHuyc,E:\Data\ObsidianVault\02_Channels\馴れ初めシネマ\競合チャンネル分析\企画リサーチ_20260605\gcs_upload_staging\naresome_thumbnails\ftADW8CHuyc.jpg,248746,gs://senior-share-staging-570862915709/naresome_thumbnails/ftADW8CHuyc.jpg,
fvXd5VvfGgQ,E:\Data\ObsidianVault\02_Channels\馴れ初めシネマ\競合チャンネル分析\企画リサーチ_20260605\gcs_upload_staging\naresome_thumbnails\fvXd5VvfGgQ.jpg,277995,gs://senior-share-staging-570862915709/naresome_thumbnails/fvXd5VvfGgQ.jpg,
fvrlJ8EFLks,E:\Data\ObsidianVault\02_Channels\馴れ初めシネマ\競合チャンネル分析\企画リサーチ_20260605\gcs_upload_staging\naresome_thumbnails\fvrlJ8EFLks.jpg,233937,gs://senior-share-staging-570862915709/naresome_thumbnails/fvrlJ8EFLks.jpg,
fxYnMDplZzE,E:\Data\ObsidianVault\02_Channels\馴れ初めシネマ\競合チャンネル分析\企画リサーチ_20260605\gcs_upload_staging\naresome_thumbnails\fxYnMDplZzE.jpg,263573,gs://senior-share-staging-570862915709/naresome_thumbnails/fxYnMDplZzE.jpg,
fyJCvUC-1N0,E:\Data\ObsidianVault\02_Channels\馴れ初めシネマ\競合チャンネル分析\企画リサーチ_20260605\gcs_upload_staging\naresome_thumbnails\fyJCvUC-1N0.jpg,233604,gs://senior-share-staging-570862915709/naresome_thumbnails/fyJCvUC-1N0.jpg,
fziQgM_1QmE,E:\Data\ObsidianVault\02_Channels\馴れ初めシネマ\競合チャンネル分析\企画リサーチ_20260605\gcs_upload_staging\naresome_thumbnails\fziQgM_1QmE.jpg,256256,gs://senior-share-staging-570862915709/naresome_thumbnails/fziQgM_1QmE.jpg,
fzoxdIji1us,E:\Data\ObsidianVault\02_Channels\馴れ初めシネマ\競合チャンネル分析\企画リサーチ_20260605\gcs_upload_staging\naresome_thumbnails\fzoxdIji1us.jpg,258069,gs://senior-share-staging-570862915709/naresome_thumbnails/fzoxdIji1us.jpg,
g-8Zqbv7pRE,E:\Data\ObsidianVault\02_Channels\馴れ初めシネマ\競合チャンネル分析\企画リサーチ_20260605\gcs_upload_staging\naresome_thumbnails\g-8Zqbv7pRE.jpg,263697,gs://senior-share-staging-570862915709/naresome_thumbnails/g-8Zqbv7pRE.jpg,
g0w-7d4L6B0,E:\Data\ObsidianVault\02_Channels\馴れ初めシネマ\競合チャンネル分析\企画リサーチ_20260605\gcs_upload_staging\naresome_thumbnails\g0w-7d4L6B0.jpg,327698,gs://senior-share-staging-570862915709/naresome_thumbnails/g0w-7d4L6B0.jpg,
g3pCm3eeg98,E:\Data\ObsidianVault\02_Channels\馴れ初めシネマ\競合チャンネル分析\企画リサーチ_20260605\gcs_upload_staging\naresome_thumbnails\g3pCm3eeg98.jpg,252512,gs://senior-share-staging-570862915709/naresome_thumbnails/g3pCm3eeg98.jpg,
g3qA5YzlUD0,E:\Data\ObsidianVault\02_Channels\馴れ初めシネマ\競合チャンネル分析\企画リサーチ_20260605\gcs_upload_staging\naresome_thumbnails\g3qA5YzlUD0.jpg,251825,gs://senior-share-staging-570862915709/naresome_thumbnails/g3qA5YzlUD0.jpg,
g5J01jvQrgI,E:\Data\ObsidianVault\02_Channels\馴れ初めシネマ\競合チャンネル分析\企画リサーチ_20260605\gcs_upload_staging\naresome_thumbnails\g5J01jvQrgI.jpg,56856,gs://senior-share-staging-570862915709/naresome_thumbnails/g5J01jvQrgI.jpg,
g5SnXkBttGg,E:\Data\ObsidianVault\02_Channels\馴れ初めシネマ\競合チャンネル分析\企画リサーチ_20260605\gcs_upload_staging\naresome_thumbnails\g5SnXkBttGg.jpg,286897,gs://senior-share-staging-570862915709/naresome_thumbnails/g5SnXkBttGg.jpg,
g6EzHy5FvrY,E:\Data\ObsidianVault\02_Channels\馴れ初めシネマ\競合チャンネル分析\企画リサーチ_20260605\gcs_upload_staging\naresome_thumbnails\g6EzHy5FvrY.jpg,235892,gs://senior-share-staging-570862915709/naresome_thumbnails/g6EzHy5FvrY.jpg,
g7DhKCSD3nc,E:\Data\ObsidianVault\02_Channels\馴れ初めシネマ\競合チャンネル分析\企画リサーチ_20260605\gcs_upload_staging\naresome_thumbnails\g7DhKCSD3nc.jpg,246319,gs://senior-share-staging-570862915709/naresome_thumbnails/g7DhKCSD3nc.jpg,
g7hYwDN2_VA,E:\Data\ObsidianVault\02_Channels\馴れ初めシネマ\競合チャンネル分析\企画リサーチ_20260605\gcs_upload_staging\naresome_thumbnails\g7hYwDN2_VA.jpg,261424,gs://senior-share-staging-570862915709/naresome_thumbnails/g7hYwDN2_VA.jpg,
g7kCHOCz9PM,E:\Data\ObsidianVault\02_Channels\馴れ初めシネマ\競合チャンネル分析\企画リサーチ_20260605\gcs_upload_staging\naresome_thumbnails\g7kCHOCz9PM.jpg,251398,gs://senior-share-staging-570862915709/naresome_thumbnails/g7kCHOCz9PM.jpg,
g9LoAbdyJg0,E:\Data\ObsidianVault\02_Channels\馴れ初めシネマ\競合チャンネル分析\企画リサーチ_20260605\gcs_upload_staging\naresome_thumbnails\g9LoAbdyJg0.jpg,265749,gs://senior-share-staging-570862915709/naresome_thumbnails/g9LoAbdyJg0.jpg,
gBBeJhusaCI,E:\Data\ObsidianVault\02_Channels\馴れ初めシネマ\競合チャンネル分析\企画リサーチ_20260605\gcs_upload_staging\naresome_thumbnails\gBBeJhusaCI.jpg,276707,gs://senior-share-staging-570862915709/naresome_thumbnails/gBBeJhusaCI.jpg,
gC2Apj8zoI0,E:\Data\ObsidianVault\02_Channels\馴れ初めシネマ\競合チャンネル分析\企画リサーチ_20260605\gcs_upload_staging\naresome_thumbnails\gC2Apj8zoI0.jpg,270871,gs://senior-share-staging-570862915709/naresome_thumbnails/gC2Apj8zoI0.jpg,
gD1o07CqImI,E:\Data\ObsidianVault\02_Channels\馴れ初めシネマ\競合チャンネル分析\企画リサーチ_20260605\gcs_upload_staging\naresome_thumbnails\gD1o07CqImI.jpg,252847,gs://senior-share-staging-570862915709/naresome_thumbnails/gD1o07CqImI.jpg,
gE4fiTVdNiE,E:\Data\ObsidianVault\02_Channels\馴れ初めシネマ\競合チャンネル分析\企画リサーチ_20260605\gcs_upload_staging\naresome_thumbnails\gE4fiTVdNiE.jpg,246616,gs://senior-share-staging-570862915709/naresome_thumbnails/gE4fiTVdNiE.jpg,
gGVjsFYeHx8,E:\Data\ObsidianVault\02_Channels\馴れ初めシネマ\競合チャンネル分析\企画リサーチ_20260605\gcs_upload_staging\naresome_thumbnails\gGVjsFYeHx8.jpg,268003,gs://senior-share-staging-570862915709/naresome_thumbnails/gGVjsFYeHx8.jpg,
gHE5tQLJCHQ,E:\Data\ObsidianVault\02_Channels\馴れ初めシネマ\競合チャンネル分析\企画リサーチ_20260605\gcs_upload_staging\naresome_thumbnails\gHE5tQLJCHQ.jpg,254994,gs://senior-share-staging-570862915709/naresome_thumbnails/gHE5tQLJCHQ.jpg,
gI54J2RW6Xc,E:\Data\ObsidianVault\02_Channels\馴れ初めシネマ\競合チャンネル分析\企画リサーチ_20260605\gcs_upload_staging\naresome_thumbnails\gI54J2RW6Xc.jpg,233844,gs://senior-share-staging-570862915709/naresome_thumbnails/gI54J2RW6Xc.jpg,
gIph0mHHvpU,E:\Data\ObsidianVault\02_Channels\馴れ初めシネマ\競合チャンネル分析\企画リサーチ_20260605\gcs_upload_staging\naresome_thumbnails\gIph0mHHvpU.jpg,243589,gs://senior-share-staging-570862915709/naresome_thumbnails/gIph0mHHvpU.jpg,
gKCq3p8CfDU,E:\Data\ObsidianVault\02_Channels\馴れ初めシネマ\競合チャンネル分析\企画リサーチ_20260605\gcs_upload_staging\naresome_thumbnails\gKCq3p8CfDU.jpg,229376,gs://senior-share-staging-570862915709/naresome_thumbnails/gKCq3p8CfDU.jpg,
gKq4cNco5F8,E:\Data\ObsidianVault\02_Channels\馴れ初めシネマ\競合チャンネル分析\企画リサーチ_20260605\gcs_upload_staging\naresome_thumbnails\gKq4cNco5F8.jpg,258858,gs://senior-share-staging-570862915709/naresome_thumbnails/gKq4cNco5F8.jpg,
gMKlEKfPDwE,E:\Data\ObsidianVault\02_Channels\馴れ初めシネマ\競合チャンネル分析\企画リサーチ_20260605\gcs_upload_staging\naresome_thumbnails\gMKlEKfPDwE.jpg,279338,gs://senior-share-staging-570862915709/naresome_thumbnails/gMKlEKfPDwE.jpg,
gNgQ98cr0g8,E:\Data\ObsidianVault\02_Channels\馴れ初めシネマ\競合チャンネル分析\企画リサーチ_20260605\gcs_upload_staging\naresome_thumbnails\gNgQ98cr0g8.jpg,261592,gs://senior-share-staging-570862915709/naresome_thumbnails/gNgQ98cr0g8.jpg,
gNqwuuf37Go,E:\Data\ObsidianVault\02_Channels\馴れ初めシネマ\競合チャンネル分析\企画リサーチ_20260605\gcs_upload_staging\naresome_thumbnails\gNqwuuf37Go.jpg,263886,gs://senior-share-staging-570862915709/naresome_thumbnails/gNqwuuf37Go.jpg,
gQaBi5hOxbw,E:\Data\ObsidianVault\02_Channels\馴れ初めシネマ\競合チャンネル分析\企画リサーチ_20260605\gcs_upload_staging\naresome_thumbnails\gQaBi5hOxbw.jpg,242649,gs://senior-share-staging-570862915709/naresome_thumbnails/gQaBi5hOxbw.jpg,
gRBgfh7x-Jw,E:\Data\ObsidianVault\02_Channels\馴れ初めシネマ\競合チャンネル分析\企画リサーチ_20260605\gcs_upload_staging\naresome_thumbnails\gRBgfh7x-Jw.jpg,240872,gs://senior-share-staging-570862915709/naresome_thumbnails/gRBgfh7x-Jw.jpg,
gRJiST1CgeI,E:\Data\ObsidianVault\02_Channels\馴れ初めシネマ\競合チャンネル分析\企画リサーチ_20260605\gcs_upload_staging\naresome_thumbnails\gRJiST1CgeI.jpg,258235,gs://senior-share-staging-570862915709/naresome_thumbnails/gRJiST1CgeI.jpg,
gSrTChbiBvI,E:\Data\ObsidianVault\02_Channels\馴れ初めシネマ\競合チャンネル分析\企画リサーチ_20260605\gcs_upload_staging\naresome_thumbnails\gSrTChbiBvI.jpg,241806,gs://senior-share-staging-570862915709/naresome_thumbnails/gSrTChbiBvI.jpg,
gTCcj3jw5qQ,E:\Data\ObsidianVault\02_Channels\馴れ初めシネマ\競合チャンネル分析\企画リサーチ_20260605\gcs_upload_staging\naresome_thumbnails\gTCcj3jw5qQ.jpg,277445,gs://senior-share-staging-570862915709/naresome_thumbnails/gTCcj3jw5qQ.jpg,
gV0mlRqgveI,E:\Data\ObsidianVault\02_Channels\馴れ初めシネマ\競合チャンネル分析\企画リサーチ_20260605\gcs_upload_staging\naresome_thumbnails\gV0mlRqgveI.jpg,250400,gs://senior-share-staging-570862915709/naresome_thumbnails/gV0mlRqgveI.jpg,
gW6yyVXzbII,E:\Data\ObsidianVault\02_Channels\馴れ初めシネマ\競合チャンネル分析\企画リサーチ_20260605\gcs_upload_staging\naresome_thumbnails\gW6yyVXzbII.jpg,256585,gs://senior-share-staging-570862915709/naresome_thumbnails/gW6yyVXzbII.jpg,
gWDICzs76XY,E:\Data\ObsidianVault\02_Channels\馴れ初めシネマ\競合チャンネル分析\企画リサーチ_20260605\gcs_upload_staging\naresome_thumbnails\gWDICzs76XY.jpg,245285,gs://senior-share-staging-570862915709/naresome_thumbnails/gWDICzs76XY.jpg,
gX7V8Js0Wow,E:\Data\ObsidianVault\02_Channels\馴れ初めシネマ\競合チャンネル分析\企画リサーチ_20260605\gcs_upload_staging\naresome_thumbnails\gX7V8Js0Wow.jpg,256787,gs://senior-share-staging-570862915709/naresome_thumbnails/gX7V8Js0Wow.jpg,
gZ1kPvl-Wv0,E:\Data\ObsidianVault\02_Channels\馴れ初めシネマ\競合チャンネル分析\企画リサーチ_20260605\gcs_upload_staging\naresome_thumbnails\gZ1kPvl-Wv0.jpg,271857,gs://senior-share-staging-570862915709/naresome_thumbnails/gZ1kPvl-Wv0.jpg,
gZsUqqmukkw,E:\Data\ObsidianVault\02_Channels\馴れ初めシネマ\競合チャンネル分析\企画リサーチ_20260605\gcs_upload_staging\naresome_thumbnails\gZsUqqmukkw.jpg,243680,gs://senior-share-staging-570862915709/naresome_thumbnails/gZsUqqmukkw.jpg,
gZynIoqCVpE,E:\Data\ObsidianVault\02_Channels\馴れ初めシネマ\競合チャンネル分析\企画リサーチ_20260605\gcs_upload_staging\naresome_thumbnails\gZynIoqCVpE.jpg,258668,gs://senior-share-staging-570862915709/naresome_thumbnails/gZynIoqCVpE.jpg,
g_FqVMpEvb0,E:\Data\ObsidianVault\02_Channels\馴れ初めシネマ\競合チャンネル分析\企画リサーチ_20260605\gcs_upload_staging\naresome_thumbnails\g_FqVMpEvb0.jpg,250081,gs://senior-share-staging-570862915709/naresome_thumbnails/g_FqVMpEvb0.jpg,
gadmhrvUTBc,E:\Data\ObsidianVault\02_Channels\馴れ初めシネマ\競合チャンネル分析\企画リサーチ_20260605\gcs_upload_staging\naresome_thumbnails\gadmhrvUTBc.jpg,268031,gs://senior-share-staging-570862915709/naresome_thumbnails/gadmhrvUTBc.jpg,
gcaViVBUGAw,E:\Data\ObsidianVault\02_Channels\馴れ初めシネマ\競合チャンネル分析\企画リサーチ_20260605\gcs_upload_staging\naresome_thumbnails\gcaViVBUGAw.jpg,248046,gs://senior-share-staging-570862915709/naresome_thumbnails/gcaViVBUGAw.jpg,
gd8mAlKCa2o,E:\Data\ObsidianVault\02_Channels\馴れ初めシネマ\競合チャンネル分析\企画リサーチ_20260605\gcs_upload_staging\naresome_thumbnails\gd8mAlKCa2o.jpg,266227,gs://senior-share-staging-570862915709/naresome_thumbnails/gd8mAlKCa2o.jpg,
gdnlu8V51Wc,E:\Data\ObsidianVault\02_Channels\馴れ初めシネマ\競合チャンネル分析\企画リサーチ_20260605\gcs_upload_staging\naresome_thumbnails\gdnlu8V51Wc.jpg,257625,gs://senior-share-staging-570862915709/naresome_thumbnails/gdnlu8V51Wc.jpg,
ggP5gFWVIQI,E:\Data\ObsidianVault\02_Channels\馴れ初めシネマ\競合チャンネル分析\企画リサーチ_20260605\gcs_upload_staging\naresome_thumbnails\ggP5gFWVIQI.jpg,266191,gs://senior-share-staging-570862915709/naresome_thumbnails/ggP5gFWVIQI.jpg,
ggjWQdpxVYw,E:\Data\ObsidianVault\02_Channels\馴れ初めシネマ\競合チャンネル分析\企画リサーチ_20260605\gcs_upload_staging\naresome_thumbnails\ggjWQdpxVYw.jpg,331157,gs://senior-share-staging-570862915709/naresome_thumbnails/ggjWQdpxVYw.jpg,
gh10OE2z3fI,E:\Data\ObsidianVault\02_Channels\馴れ初めシネマ\競合チャンネル分析\企画リサーチ_20260605\gcs_upload_staging\naresome_thumbnails\gh10OE2z3fI.jpg,245938,gs://senior-share-staging-570862915709/naresome_thumbnails/gh10OE2z3fI.jpg,
gi_ZZIMU4gQ,E:\Data\ObsidianVault\02_Channels\馴れ初めシネマ\競合チャンネル分析\企画リサーチ_20260605\gcs_upload_staging\naresome_thumbnails\gi_ZZIMU4gQ.jpg,319893,gs://senior-share-staging-570862915709/naresome_thumbnails/gi_ZZIMU4gQ.jpg,
giqZpDZk8O0,E:\Data\ObsidianVault\02_Channels\馴れ初めシネマ\競合チャンネル分析\企画リサーチ_20260605\gcs_upload_staging\naresome_thumbnails\giqZpDZk8O0.jpg,240291,gs://senior-share-staging-570862915709/naresome_thumbnails/giqZpDZk8O0.jpg,
gk77JBqQlRE,E:\Data\ObsidianVault\02_Channels\馴れ初めシネマ\競合チャンネル分析\企画リサーチ_20260605\gcs_upload_staging\naresome_thumbnails\gk77JBqQlRE.jpg,266565,gs://senior-share-staging-570862915709/naresome_thumbnails/gk77JBqQlRE.jpg,
gkN6BL3CrwE,E:\Data\ObsidianVault\02_Channels\馴れ初めシネマ\競合チャンネル分析\企画リサーチ_20260605\gcs_upload_staging\naresome_thumbnails\gkN6BL3CrwE.jpg,51926,gs://senior-share-staging-570862915709/naresome_thumbnails/gkN6BL3CrwE.jpg,
gkXrXQ6U22s,E:\Data\ObsidianVault\02_Channels\馴れ初めシネマ\競合チャンネル分析\企画リサーチ_20260605\gcs_upload_staging\naresome_thumbnails\gkXrXQ6U22s.jpg,286871,gs://senior-share-staging-570862915709/naresome_thumbnails/gkXrXQ6U22s.jpg,
goabIv7pYFY,E:\Data\ObsidianVault\02_Channels\馴れ初めシネマ\競合チャンネル分析\企画リサーチ_20260605\gcs_upload_staging\naresome_thumbnails\goabIv7pYFY.jpg,359688,gs://senior-share-staging-570862915709/naresome_thumbnails/goabIv7pYFY.jpg,
gpYIVOaYnl4,E:\Data\ObsidianVault\02_Channels\馴れ初めシネマ\競合チャンネル分析\企画リサーチ_20260605\gcs_upload_staging\naresome_thumbnails\gpYIVOaYnl4.jpg,246007,gs://senior-share-staging-570862915709/naresome_thumbnails/gpYIVOaYnl4.jpg,
gpYvVDGKy74,E:\Data\ObsidianVault\02_Channels\馴れ初めシネマ\競合チャンネル分析\企画リサーチ_20260605\gcs_upload_staging\naresome_thumbnails\gpYvVDGKy74.jpg,286679,gs://senior-share-staging-570862915709/naresome_thumbnails/gpYvVDGKy74.jpg,
gpzFXD29RWE,E:\Data\ObsidianVault\02_Channels\馴れ初めシネマ\競合チャンネル分析\企画リサーチ_20260605\gcs_upload_staging\naresome_thumbnails\gpzFXD29RWE.jpg,221472,gs://senior-share-staging-570862915709/naresome_thumbnails/gpzFXD29RWE.jpg,
gsIw6OpPwmU,E:\Data\ObsidianVault\02_Channels\馴れ初めシネマ\競合チャンネル分析\企画リサーチ_20260605\gcs_upload_staging\naresome_thumbnails\gsIw6OpPwmU.jpg,54339,gs://senior-share-staging-570862915709/naresome_thumbnails/gsIw6OpPwmU.jpg,
guvZycdr5eo,E:\Data\ObsidianVault\02_Channels\馴れ初めシネマ\競合チャンネル分析\企画リサーチ_20260605\gcs_upload_staging\naresome_thumbnails\guvZycdr5eo.jpg,258772,gs://senior-share-staging-570862915709/naresome_thumbnails/guvZycdr5eo.jpg,
gvwcsHTHYkU,E:\Data\ObsidianVault\02_Channels\馴れ初めシネマ\競合チャンネル分析\企画リサーチ_20260605\gcs_upload_staging\naresome_thumbnails\gvwcsHTHYkU.jpg,253021,gs://senior-share-staging-570862915709/naresome_thumbnails/gvwcsHTHYkU.jpg,
gwo6MObphJw,E:\Data\ObsidianVault\02_Channels\馴れ初めシネマ\競合チャンネル分析\企画リサーチ_20260605\gcs_upload_staging\naresome_thumbnails\gwo6MObphJw.jpg,250886,gs://senior-share-staging-570862915709/naresome_thumbnails/gwo6MObphJw.jpg,
gyfjex2xrfs,E:\Data\ObsidianVault\02_Channels\馴れ初めシネマ\競合チャンネル分析\企画リサーチ_20260605\gcs_upload_staging\naresome_thumbnails\gyfjex2xrfs.jpg,260892,gs://senior-share-staging-570862915709/naresome_thumbnails/gyfjex2xrfs.jpg,
gylepT56FAo,E:\Data\ObsidianVault\02_Channels\馴れ初めシネマ\競合チャンネル分析\企画リサーチ_20260605\gcs_upload_staging\naresome_thumbnails\gylepT56FAo.jpg,233933,gs://senior-share-staging-570862915709/naresome_thumbnails/gylepT56FAo.jpg,
h-AyE6QtJbg,E:\Data\ObsidianVault\02_Channels\馴れ初めシネマ\競合チャンネル分析\企画リサーチ_20260605\gcs_upload_staging\naresome_thumbnails\h-AyE6QtJbg.jpg,205969,gs://senior-share-staging-570862915709/naresome_thumbnails/h-AyE6QtJbg.jpg,
h2wbf5N8stM,E:\Data\ObsidianVault\02_Channels\馴れ初めシネマ\競合チャンネル分析\企画リサーチ_20260605\gcs_upload_staging\naresome_thumbnails\h2wbf5N8stM.jpg,288568,gs://senior-share-staging-570862915709/naresome_thumbnails/h2wbf5N8stM.jpg,
h7Uhf-gmN9M,E:\Data\ObsidianVault\02_Channels\馴れ初めシネマ\競合チャンネル分析\企画リサーチ_20260605\gcs_upload_staging\naresome_thumbnails\h7Uhf-gmN9M.jpg,246387,gs://senior-share-staging-570862915709/naresome_thumbnails/h7Uhf-gmN9M.jpg,
h93smtG6cDo,E:\Data\ObsidianVault\02_Channels\馴れ初めシネマ\競合チャンネル分析\企画リサーチ_20260605\gcs_upload_staging\naresome_thumbnails\h93smtG6cDo.jpg,263930,gs://senior-share-staging-570862915709/naresome_thumbnails/h93smtG6cDo.jpg,
h9alfo2vHTw,E:\Data\ObsidianVault\02_Channels\馴れ初めシネマ\競合チャンネル分析\企画リサーチ_20260605\gcs_upload_staging\naresome_thumbnails\h9alfo2vHTw.jpg,233909,gs://senior-share-staging-570862915709/naresome_thumbnails/h9alfo2vHTw.jpg,
h9ap6v-Ocvs,E:\Data\ObsidianVault\02_Channels\馴れ初めシネマ\競合チャンネル分析\企画リサーチ_20260605\gcs_upload_staging\naresome_thumbnails\h9ap6v-Ocvs.jpg,260223,gs://senior-share-staging-570862915709/naresome_thumbnails/h9ap6v-Ocvs.jpg,
h9clhfTBP44,E:\Data\ObsidianVault\02_Channels\馴れ初めシネマ\競合チャンネル分析\企画リサーチ_20260605\gcs_upload_staging\naresome_thumbnails\h9clhfTBP44.jpg,306230,gs://senior-share-staging-570862915709/naresome_thumbnails/h9clhfTBP44.jpg,
hB4vs0-qziU,E:\Data\ObsidianVault\02_Channels\馴れ初めシネマ\競合チャンネル分析\企画リサーチ_20260605\gcs_upload_staging\naresome_thumbnails\hB4vs0-qziU.jpg,241717,gs://senior-share-staging-570862915709/naresome_thumbnails/hB4vs0-qziU.jpg,
hBfuEZ7Edj4,E:\Data\ObsidianVault\02_Channels\馴れ初めシネマ\競合チャンネル分析\企画リサーチ_20260605\gcs_upload_staging\naresome_thumbnails\hBfuEZ7Edj4.jpg,275105,gs://senior-share-staging-570862915709/naresome_thumbnails/hBfuEZ7Edj4.jpg,
hIyft022mJ4,E:\Data\ObsidianVault\02_Channels\馴れ初めシネマ\競合チャンネル分析\企画リサーチ_20260605\gcs_upload_staging\naresome_thumbnails\hIyft022mJ4.jpg,334417,gs://senior-share-staging-570862915709/naresome_thumbnails/hIyft022mJ4.jpg,
hJEg7OwV1PI,E:\Data\ObsidianVault\02_Channels\馴れ初めシネマ\競合チャンネル分析\企画リサーチ_20260605\gcs_upload_staging\naresome_thumbnails\hJEg7OwV1PI.jpg,243168,gs://senior-share-staging-570862915709/naresome_thumbnails/hJEg7OwV1PI.jpg,
hJToVAwNLVE,E:\Data\ObsidianVault\02_Channels\馴れ初めシネマ\競合チャンネル分析\企画リサーチ_20260605\gcs_upload_staging\naresome_thumbnails\hJToVAwNLVE.jpg,244526,gs://senior-share-staging-570862915709/naresome_thumbnails/hJToVAwNLVE.jpg,
hLTj1zAQOds,E:\Data\ObsidianVault\02_Channels\馴れ初めシネマ\競合チャンネル分析\企画リサーチ_20260605\gcs_upload_staging\naresome_thumbnails\hLTj1zAQOds.jpg,280676,gs://senior-share-staging-570862915709/naresome_thumbnails/hLTj1zAQOds.jpg,
hLdcyg2HEtw,E:\Data\ObsidianVault\02_Channels\馴れ初めシネマ\競合チャンネル分析\企画リサーチ_20260605\gcs_upload_staging\naresome_thumbnails\hLdcyg2HEtw.jpg,248391,gs://senior-share-staging-570862915709/naresome_thumbnails/hLdcyg2HEtw.jpg,
hNUgqgsn3Uc,E:\Data\ObsidianVault\02_Channels\馴れ初めシネマ\競合チャンネル分析\企画リサーチ_20260605\gcs_upload_staging\naresome_thumbnails\hNUgqgsn3Uc.jpg,279238,gs://senior-share-staging-570862915709/naresome_thumbnails/hNUgqgsn3Uc.jpg,
hNY1zAxsAbA,E:\Data\ObsidianVault\02_Channels\馴れ初めシネマ\競合チャンネル分析\企画リサーチ_20260605\gcs_upload_staging\naresome_thumbnails\hNY1zAxsAbA.jpg,265681,gs://senior-share-staging-570862915709/naresome_thumbnails/hNY1zAxsAbA.jpg,
hR86VWnc-N4,E:\Data\ObsidianVault\02_Channels\馴れ初めシネマ\競合チャンネル分析\企画リサーチ_20260605\gcs_upload_staging\naresome_thumbnails\hR86VWnc-N4.jpg,228218,gs://senior-share-staging-570862915709/naresome_thumbnails/hR86VWnc-N4.jpg,
hRd-R039ax8,E:\Data\ObsidianVault\02_Channels\馴れ初めシネマ\競合チャンネル分析\企画リサーチ_20260605\gcs_upload_staging\naresome_thumbnails\hRd-R039ax8.jpg,244695,gs://senior-share-staging-570862915709/naresome_thumbnails/hRd-R039ax8.jpg,
hSX3ziAW79s,E:\Data\ObsidianVault\02_Channels\馴れ初めシネマ\競合チャンネル分析\企画リサーチ_20260605\gcs_upload_staging\naresome_thumbnails\hSX3ziAW79s.jpg,270733,gs://senior-share-staging-570862915709/naresome_thumbnails/hSX3ziAW79s.jpg,
hTFy5lnAXM8,E:\Data\ObsidianVault\02_Channels\馴れ初めシネマ\競合チャンネル分析\企画リサーチ_20260605\gcs_upload_staging\naresome_thumbnails\hTFy5lnAXM8.jpg,242488,gs://senior-share-staging-570862915709/naresome_thumbnails/hTFy5lnAXM8.jpg,
hTXPYFz1ExI,E:\Data\ObsidianVault\02_Channels\馴れ初めシネマ\競合チャンネル分析\企画リサーチ_20260605\gcs_upload_staging\naresome_thumbnails\hTXPYFz1ExI.jpg,251726,gs://senior-share-staging-570862915709/naresome_thumbnails/hTXPYFz1ExI.jpg,
hTcmAPcRRzE,E:\Data\ObsidianVault\02_Channels\馴れ初めシネマ\競合チャンネル分析\企画リサーチ_20260605\gcs_upload_staging\naresome_thumbnails\hTcmAPcRRzE.jpg,248151,gs://senior-share-staging-570862915709/naresome_thumbnails/hTcmAPcRRzE.jpg,
hXH3LxWI9Xo,E:\Data\ObsidianVault\02_Channels\馴れ初めシネマ\競合チャンネル分析\企画リサーチ_20260605\gcs_upload_staging\naresome_thumbnails\hXH3LxWI9Xo.jpg,271199,gs://senior-share-staging-570862915709/naresome_thumbnails/hXH3LxWI9Xo.jpg,
hXcajZf26Yk,E:\Data\ObsidianVault\02_Channels\馴れ初めシネマ\競合チャンネル分析\企画リサーチ_20260605\gcs_upload_staging\naresome_thumbnails\hXcajZf26Yk.jpg,277893,gs://senior-share-staging-570862915709/naresome_thumbnails/hXcajZf26Yk.jpg,
hYJvpH3KJ4E,E:\Data\ObsidianVault\02_Channels\馴れ初めシネマ\競合チャンネル分析\企画リサーチ_20260605\gcs_upload_staging\naresome_thumbnails\hYJvpH3KJ4E.jpg,260528,gs://senior-share-staging-570862915709/naresome_thumbnails/hYJvpH3KJ4E.jpg,
hYdHXsEwKzo,E:\Data\ObsidianVault\02_Channels\馴れ初めシネマ\競合チャンネル分析\企画リサーチ_20260605\gcs_upload_staging\naresome_thumbnails\hYdHXsEwKzo.jpg,247578,gs://senior-share-staging-570862915709/naresome_thumbnails/hYdHXsEwKzo.jpg,
hbBWgcgYteA,E:\Data\ObsidianVault\02_Channels\馴れ初めシネマ\競合チャンネル分析\企画リサーチ_20260605\gcs_upload_staging\naresome_thumbnails\hbBWgcgYteA.jpg,290329,gs://senior-share-staging-570862915709/naresome_thumbnails/hbBWgcgYteA.jpg,
he98tj4lE4s,E:\Data\ObsidianVault\02_Channels\馴れ初めシネマ\競合チャンネル分析\企画リサーチ_20260605\gcs_upload_staging\naresome_thumbnails\he98tj4lE4s.jpg,334225,gs://senior-share-staging-570862915709/naresome_thumbnails/he98tj4lE4s.jpg,
hf-YtASMZB4,E:\Data\ObsidianVault\02_Channels\馴れ初めシネマ\競合チャンネル分析\企画リサーチ_20260605\gcs_upload_staging\naresome_thumbnails\hf-YtASMZB4.jpg,260353,gs://senior-share-staging-570862915709/naresome_thumbnails/hf-YtASMZB4.jpg,
hhZFk_-OhoQ,E:\Data\ObsidianVault\02_Channels\馴れ初めシネマ\競合チャンネル分析\企画リサーチ_20260605\gcs_upload_staging\naresome_thumbnails\hhZFk_-OhoQ.jpg,262403,gs://senior-share-staging-570862915709/naresome_thumbnails/hhZFk_-OhoQ.jpg,
hjAX-Hyv7RE,E:\Data\ObsidianVault\02_Channels\馴れ初めシネマ\競合チャンネル分析\企画リサーチ_20260605\gcs_upload_staging\naresome_thumbnails\hjAX-Hyv7RE.jpg,247411,gs://senior-share-staging-570862915709/naresome_thumbnails/hjAX-Hyv7RE.jpg,
hlc10ai0gYg,E:\Data\ObsidianVault\02_Channels\馴れ初めシネマ\競合チャンネル分析\企画リサーチ_20260605\gcs_upload_staging\naresome_thumbnails\hlc10ai0gYg.jpg,264470,gs://senior-share-staging-570862915709/naresome_thumbnails/hlc10ai0gYg.jpg,
hlq9_sFxRH4,E:\Data\ObsidianVault\02_Channels\馴れ初めシネマ\競合チャンネル分析\企画リサーチ_20260605\gcs_upload_staging\naresome_thumbnails\hlq9_sFxRH4.jpg,244168,gs://senior-share-staging-570862915709/naresome_thumbnails/hlq9_sFxRH4.jpg,
hmfpkEZNi3M,E:\Data\ObsidianVault\02_Channels\馴れ初めシネマ\競合チャンネル分析\企画リサーチ_20260605\gcs_upload_staging\naresome_thumbnails\hmfpkEZNi3M.jpg,256065,gs://senior-share-staging-570862915709/naresome_thumbnails/hmfpkEZNi3M.jpg,
hoyIi8g1Cek,E:\Data\ObsidianVault\02_Channels\馴れ初めシネマ\競合チャンネル分析\企画リサーチ_20260605\gcs_upload_staging\naresome_thumbnails\hoyIi8g1Cek.jpg,261660,gs://senior-share-staging-570862915709/naresome_thumbnails/hoyIi8g1Cek.jpg,
hqFkHgkTkyo,E:\Data\ObsidianVault\02_Channels\馴れ初めシネマ\競合チャンネル分析\企画リサーチ_20260605\gcs_upload_staging\naresome_thumbnails\hqFkHgkTkyo.jpg,252660,gs://senior-share-staging-570862915709/naresome_thumbnails/hqFkHgkTkyo.jpg,
hqKg-Kmyi1k,E:\Data\ObsidianVault\02_Channels\馴れ初めシネマ\競合チャンネル分析\企画リサーチ_20260605\gcs_upload_staging\naresome_thumbnails\hqKg-Kmyi1k.jpg,265354,gs://senior-share-staging-570862915709/naresome_thumbnails/hqKg-Kmyi1k.jpg,
hva1BPNTjWE,E:\Data\ObsidianVault\02_Channels\馴れ初めシネマ\競合チャンネル分析\企画リサーチ_20260605\gcs_upload_staging\naresome_thumbnails\hva1BPNTjWE.jpg,287062,gs://senior-share-staging-570862915709/naresome_thumbnails/hva1BPNTjWE.jpg,
hzLcm0AGqDQ,E:\Data\ObsidianVault\02_Channels\馴れ初めシネマ\競合チャンネル分析\企画リサーチ_20260605\gcs_upload_staging\naresome_thumbnails\hzLcm0AGqDQ.jpg,280058,gs://senior-share-staging-570862915709/naresome_thumbnails/hzLcm0AGqDQ.jpg,
i-Lny65FGf4,E:\Data\ObsidianVault\02_Channels\馴れ初めシネマ\競合チャンネル分析\企画リサーチ_20260605\gcs_upload_staging\naresome_thumbnails\i-Lny65FGf4.jpg,268807,gs://senior-share-staging-570862915709/naresome_thumbnails/i-Lny65FGf4.jpg,
i0jh75jN_pk,E:\Data\ObsidianVault\02_Channels\馴れ初めシネマ\競合チャンネル分析\企画リサーチ_20260605\gcs_upload_staging\naresome_thumbnails\i0jh75jN_pk.jpg,253163,gs://senior-share-staging-570862915709/naresome_thumbnails/i0jh75jN_pk.jpg,
i1sqlP6NrEw,E:\Data\ObsidianVault\02_Channels\馴れ初めシネマ\競合チャンネル分析\企画リサーチ_20260605\gcs_upload_staging\naresome_thumbnails\i1sqlP6NrEw.jpg,250963,gs://senior-share-staging-570862915709/naresome_thumbnails/i1sqlP6NrEw.jpg,
i4W5bKYxa4E,E:\Data\ObsidianVault\02_Channels\馴れ初めシネマ\競合チャンネル分析\企画リサーチ_20260605\gcs_upload_staging\naresome_thumbnails\i4W5bKYxa4E.jpg,259725,gs://senior-share-staging-570862915709/naresome_thumbnails/i4W5bKYxa4E.jpg,
i75mWNQ83F4,E:\Data\ObsidianVault\02_Channels\馴れ初めシネマ\競合チャンネル分析\企画リサーチ_20260605\gcs_upload_staging\naresome_thumbnails\i75mWNQ83F4.jpg,244908,gs://senior-share-staging-570862915709/naresome_thumbnails/i75mWNQ83F4.jpg,
i7JSR7JchHk,E:\Data\ObsidianVault\02_Channels\馴れ初めシネマ\競合チャンネル分析\企画リサーチ_20260605\gcs_upload_staging\naresome_thumbnails\i7JSR7JchHk.jpg,270039,gs://senior-share-staging-570862915709/naresome_thumbnails/i7JSR7JchHk.jpg,
i8br0ddKA-s,E:\Data\ObsidianVault\02_Channels\馴れ初めシネマ\競合チャンネル分析\企画リサーチ_20260605\gcs_upload_staging\naresome_thumbnails\i8br0ddKA-s.jpg,260348,gs://senior-share-staging-570862915709/naresome_thumbnails/i8br0ddKA-s.jpg,
i8oXWeWyZSY,E:\Data\ObsidianVault\02_Channels\馴れ初めシネマ\競合チャンネル分析\企画リサーチ_20260605\gcs_upload_staging\naresome_thumbnails\i8oXWeWyZSY.jpg,259565,gs://senior-share-staging-570862915709/naresome_thumbnails/i8oXWeWyZSY.jpg,
iCcZbO5Sd_I,E:\Data\ObsidianVault\02_Channels\馴れ初めシネマ\競合チャンネル分析\企画リサーチ_20260605\gcs_upload_staging\naresome_thumbnails\iCcZbO5Sd_I.jpg,290552,gs://senior-share-staging-570862915709/naresome_thumbnails/iCcZbO5Sd_I.jpg,
iCw8oiey4GE,E:\Data\ObsidianVault\02_Channels\馴れ初めシネマ\競合チャンネル分析\企画リサーチ_20260605\gcs_upload_staging\naresome_thumbnails\iCw8oiey4GE.jpg,236065,gs://senior-share-staging-570862915709/naresome_thumbnails/iCw8oiey4GE.jpg,
iDc7RP_1Q0I,E:\Data\ObsidianVault\02_Channels\馴れ初めシネマ\競合チャンネル分析\企画リサーチ_20260605\gcs_upload_staging\naresome_thumbnails\iDc7RP_1Q0I.jpg,259998,gs://senior-share-staging-570862915709/naresome_thumbnails/iDc7RP_1Q0I.jpg,
iEJR0sTVfoo,E:\Data\ObsidianVault\02_Channels\馴れ初めシネマ\競合チャンネル分析\企画リサーチ_20260605\gcs_upload_staging\naresome_thumbnails\iEJR0sTVfoo.jpg,276721,gs://senior-share-staging-570862915709/naresome_thumbnails/iEJR0sTVfoo.jpg,
iFAMZ6TB3_c,E:\Data\ObsidianVault\02_Channels\馴れ初めシネマ\競合チャンネル分析\企画リサーチ_20260605\gcs_upload_staging\naresome_thumbnails\iFAMZ6TB3_c.jpg,267150,gs://senior-share-staging-570862915709/naresome_thumbnails/iFAMZ6TB3_c.jpg,
iFMwQQQ5UYU,E:\Data\ObsidianVault\02_Channels\馴れ初めシネマ\競合チャンネル分析\企画リサーチ_20260605\gcs_upload_staging\naresome_thumbnails\iFMwQQQ5UYU.jpg,255534,gs://senior-share-staging-570862915709/naresome_thumbnails/iFMwQQQ5UYU.jpg,
iF_RWhuWn3M,E:\Data\ObsidianVault\02_Channels\馴れ初めシネマ\競合チャンネル分析\企画リサーチ_20260605\gcs_upload_staging\naresome_thumbnails\iF_RWhuWn3M.jpg,242402,gs://senior-share-staging-570862915709/naresome_thumbnails/iF_RWhuWn3M.jpg,
iFq9yBx9G98,E:\Data\ObsidianVault\02_Channels\馴れ初めシネマ\競合チャンネル分析\企画リサーチ_20260605\gcs_upload_staging\naresome_thumbnails\iFq9yBx9G98.jpg,243429,gs://senior-share-staging-570862915709/naresome_thumbnails/iFq9yBx9G98.jpg,
iG3vMzQ3EX4,E:\Data\ObsidianVault\02_Channels\馴れ初めシネマ\競合チャンネル分析\企画リサーチ_20260605\gcs_upload_staging\naresome_thumbnails\iG3vMzQ3EX4.jpg,253265,gs://senior-share-staging-570862915709/naresome_thumbnails/iG3vMzQ3EX4.jpg,
iGub5FhLb88,E:\Data\ObsidianVault\02_Channels\馴れ初めシネマ\競合チャンネル分析\企画リサーチ_20260605\gcs_upload_staging\naresome_thumbnails\iGub5FhLb88.jpg,251927,gs://senior-share-staging-570862915709/naresome_thumbnails/iGub5FhLb88.jpg,
iH_O9cSXL8U,E:\Data\ObsidianVault\02_Channels\馴れ初めシネマ\競合チャンネル分析\企画リサーチ_20260605\gcs_upload_staging\naresome_thumbnails\iH_O9cSXL8U.jpg,245510,gs://senior-share-staging-570862915709/naresome_thumbnails/iH_O9cSXL8U.jpg,
iL8D9C26xjM,E:\Data\ObsidianVault\02_Channels\馴れ初めシネマ\競合チャンネル分析\企画リサーチ_20260605\gcs_upload_staging\naresome_thumbnails\iL8D9C26xjM.jpg,245810,gs://senior-share-staging-570862915709/naresome_thumbnails/iL8D9C26xjM.jpg,
iLkBfMcuECk,E:\Data\ObsidianVault\02_Channels\馴れ初めシネマ\競合チャンネル分析\企画リサーチ_20260605\gcs_upload_staging\naresome_thumbnails\iLkBfMcuECk.jpg,279240,gs://senior-share-staging-570862915709/naresome_thumbnails/iLkBfMcuECk.jpg,
iM2LvUF4N9g,E:\Data\ObsidianVault\02_Channels\馴れ初めシネマ\競合チャンネル分析\企画リサーチ_20260605\gcs_upload_staging\naresome_thumbnails\iM2LvUF4N9g.jpg,289422,gs://senior-share-staging-570862915709/naresome_thumbnails/iM2LvUF4N9g.jpg,
iPD2SsZXwqM,E:\Data\ObsidianVault\02_Channels\馴れ初めシネマ\競合チャンネル分析\企画リサーチ_20260605\gcs_upload_staging\naresome_thumbnails\iPD2SsZXwqM.jpg,238380,gs://senior-share-staging-570862915709/naresome_thumbnails/iPD2SsZXwqM.jpg,
iPTfKT8Pz4k,E:\Data\ObsidianVault\02_Channels\馴れ初めシネマ\競合チャンネル分析\企画リサーチ_20260605\gcs_upload_staging\naresome_thumbnails\iPTfKT8Pz4k.jpg,268600,gs://senior-share-staging-570862915709/naresome_thumbnails/iPTfKT8Pz4k.jpg,
iQjXANtiDmE,E:\Data\ObsidianVault\02_Channels\馴れ初めシネマ\競合チャンネル分析\企画リサーチ_20260605\gcs_upload_staging\naresome_thumbnails\iQjXANtiDmE.jpg,252810,gs://senior-share-staging-570862915709/naresome_thumbnails/iQjXANtiDmE.jpg,
iRdabNDa3qk,E:\Data\ObsidianVault\02_Channels\馴れ初めシネマ\競合チャンネル分析\企画リサーチ_20260605\gcs_upload_staging\naresome_thumbnails\iRdabNDa3qk.jpg,265822,gs://senior-share-staging-570862915709/naresome_thumbnails/iRdabNDa3qk.jpg,
iTsdGHM2dd4,E:\Data\ObsidianVault\02_Channels\馴れ初めシネマ\競合チャンネル分析\企画リサーチ_20260605\gcs_upload_staging\naresome_thumbnails\iTsdGHM2dd4.jpg,267844,gs://senior-share-staging-570862915709/naresome_thumbnails/iTsdGHM2dd4.jpg,
iU4wIz2Gr0E,E:\Data\ObsidianVault\02_Channels\馴れ初めシネマ\競合チャンネル分析\企画リサーチ_20260605\gcs_upload_staging\naresome_thumbnails\iU4wIz2Gr0E.jpg,277816,gs://senior-share-staging-570862915709/naresome_thumbnails/iU4wIz2Gr0E.jpg,
iXPIkZba3f4,E:\Data\ObsidianVault\02_Channels\馴れ初めシネマ\競合チャンネル分析\企画リサーチ_20260605\gcs_upload_staging\naresome_thumbnails\iXPIkZba3f4.jpg,277767,gs://senior-share-staging-570862915709/naresome_thumbnails/iXPIkZba3f4.jpg,
iXxe3ag--hI,E:\Data\ObsidianVault\02_Channels\馴れ初めシネマ\競合チャンネル分析\企画リサーチ_20260605\gcs_upload_staging\naresome_thumbnails\iXxe3ag--hI.jpg,251951,gs://senior-share-staging-570862915709/naresome_thumbnails/iXxe3ag--hI.jpg,
iYMBelyqUas,E:\Data\ObsidianVault\02_Channels\馴れ初めシネマ\競合チャンネル分析\企画リサーチ_20260605\gcs_upload_staging\naresome_thumbnails\iYMBelyqUas.jpg,253129,gs://senior-share-staging-570862915709/naresome_thumbnails/iYMBelyqUas.jpg,
iYPNhhSCV84,E:\Data\ObsidianVault\02_Channels\馴れ初めシネマ\競合チャンネル分析\企画リサーチ_20260605\gcs_upload_staging\naresome_thumbnails\iYPNhhSCV84.jpg,255490,gs://senior-share-staging-570862915709/naresome_thumbnails/iYPNhhSCV84.jpg,
iZc-k-CMk1o,E:\Data\ObsidianVault\02_Channels\馴れ初めシネマ\競合チャンネル分析\企画リサーチ_20260605\gcs_upload_staging\naresome_thumbnails\iZc-k-CMk1o.jpg,249044,gs://senior-share-staging-570862915709/naresome_thumbnails/iZc-k-CMk1o.jpg,
i_V8IX2GGu8,E:\Data\ObsidianVault\02_Channels\馴れ初めシネマ\競合チャンネル分析\企画リサーチ_20260605\gcs_upload_staging\naresome_thumbnails\i_V8IX2GGu8.jpg,273048,gs://senior-share-staging-570862915709/naresome_thumbnails/i_V8IX2GGu8.jpg,
ia95WEVZ_yg,E:\Data\ObsidianVault\02_Channels\馴れ初めシネマ\競合チャンネル分析\企画リサーチ_20260605\gcs_upload_staging\naresome_thumbnails\ia95WEVZ_yg.jpg,253512,gs://senior-share-staging-570862915709/naresome_thumbnails/ia95WEVZ_yg.jpg,
iaAUT3fG1U0,E:\Data\ObsidianVault\02_Channels\馴れ初めシネマ\競合チャンネル分析\企画リサーチ_20260605\gcs_upload_staging\naresome_thumbnails\iaAUT3fG1U0.jpg,248388,gs://senior-share-staging-570862915709/naresome_thumbnails/iaAUT3fG1U0.jpg,
iaTElYda8pc,E:\Data\ObsidianVault\02_Channels\馴れ初めシネマ\競合チャンネル分析\企画リサーチ_20260605\gcs_upload_staging\naresome_thumbnails\iaTElYda8pc.jpg,273024,gs://senior-share-staging-570862915709/naresome_thumbnails/iaTElYda8pc.jpg,
ie1Auztphvw,E:\Data\ObsidianVault\02_Channels\馴れ初めシネマ\競合チャンネル分析\企画リサーチ_20260605\gcs_upload_staging\naresome_thumbnails\ie1Auztphvw.jpg,251294,gs://senior-share-staging-570862915709/naresome_thumbnails/ie1Auztphvw.jpg,
iey-dEKH6X4,E:\Data\ObsidianVault\02_Channels\馴れ初めシネマ\競合チャンネル分析\企画リサーチ_20260605\gcs_upload_staging\naresome_thumbnails\iey-dEKH6X4.jpg,252294,gs://senior-share-staging-570862915709/naresome_thumbnails/iey-dEKH6X4.jpg,
ihcrEuC9Qwo,E:\Data\ObsidianVault\02_Channels\馴れ初めシネマ\競合チャンネル分析\企画リサーチ_20260605\gcs_upload_staging\naresome_thumbnails\ihcrEuC9Qwo.jpg,269124,gs://senior-share-staging-570862915709/naresome_thumbnails/ihcrEuC9Qwo.jpg,
ijVdy8061b4,E:\Data\ObsidianVault\02_Channels\馴れ初めシネマ\競合チャンネル分析\企画リサーチ_20260605\gcs_upload_staging\naresome_thumbnails\ijVdy8061b4.jpg,246667,gs://senior-share-staging-570862915709/naresome_thumbnails/ijVdy8061b4.jpg,
ilmKypr5aFU,E:\Data\ObsidianVault\02_Channels\馴れ初めシネマ\競合チャンネル分析\企画リサーチ_20260605\gcs_upload_staging\naresome_thumbnails\ilmKypr5aFU.jpg,279556,gs://senior-share-staging-570862915709/naresome_thumbnails/ilmKypr5aFU.jpg,
iluoRf74UbQ,E:\Data\ObsidianVault\02_Channels\馴れ初めシネマ\競合チャンネル分析\企画リサーチ_20260605\gcs_upload_staging\naresome_thumbnails\iluoRf74UbQ.jpg,259690,gs://senior-share-staging-570862915709/naresome_thumbnails/iluoRf74UbQ.jpg,
imVlq-pR5Yg,E:\Data\ObsidianVault\02_Channels\馴れ初めシネマ\競合チャンネル分析\企画リサーチ_20260605\gcs_upload_staging\naresome_thumbnails\imVlq-pR5Yg.jpg,261962,gs://senior-share-staging-570862915709/naresome_thumbnails/imVlq-pR5Yg.jpg,
ipSpCD--VVQ,E:\Data\ObsidianVault\02_Channels\馴れ初めシネマ\競合チャンネル分析\企画リサーチ_20260605\gcs_upload_staging\naresome_thumbnails\ipSpCD--VVQ.jpg,241620,gs://senior-share-staging-570862915709/naresome_thumbnails/ipSpCD--VVQ.jpg,
isRhCh4Xpxw,E:\Data\ObsidianVault\02_Channels\馴れ初めシネマ\競合チャンネル分析\企画リサーチ_20260605\gcs_upload_staging\naresome_thumbnails\isRhCh4Xpxw.jpg,262501,gs://senior-share-staging-570862915709/naresome_thumbnails/isRhCh4Xpxw.jpg,
it46wFFCuEI,E:\Data\ObsidianVault\02_Channels\馴れ初めシネマ\競合チャンネル分析\企画リサーチ_20260605\gcs_upload_staging\naresome_thumbnails\it46wFFCuEI.jpg,235802,gs://senior-share-staging-570862915709/naresome_thumbnails/it46wFFCuEI.jpg,
itUu-C3bCPI,E:\Data\ObsidianVault\02_Channels\馴れ初めシネマ\競合チャンネル分析\企画リサーチ_20260605\gcs_upload_staging\naresome_thumbnails\itUu-C3bCPI.jpg,259959,gs://senior-share-staging-570862915709/naresome_thumbnails/itUu-C3bCPI.jpg,
ivR6Q6SsQyA,E:\Data\ObsidianVault\02_Channels\馴れ初めシネマ\競合チャンネル分析\企画リサーチ_20260605\gcs_upload_staging\naresome_thumbnails\ivR6Q6SsQyA.jpg,237513,gs://senior-share-staging-570862915709/naresome_thumbnails/ivR6Q6SsQyA.jpg,
iv_lOYDPXNU,E:\Data\ObsidianVault\02_Channels\馴れ初めシネマ\競合チャンネル分析\企画リサーチ_20260605\gcs_upload_staging\naresome_thumbnails\iv_lOYDPXNU.jpg,253420,gs://senior-share-staging-570862915709/naresome_thumbnails/iv_lOYDPXNU.jpg,
ixdVa0kS7-o,E:\Data\ObsidianVault\02_Channels\馴れ初めシネマ\競合チャンネル分析\企画リサーチ_20260605\gcs_upload_staging\naresome_thumbnails\ixdVa0kS7-o.jpg,260276,gs://senior-share-staging-570862915709/naresome_thumbnails/ixdVa0kS7-o.jpg,
ixgHwGANUDM,E:\Data\ObsidianVault\02_Channels\馴れ初めシネマ\競合チャンネル分析\企画リサーチ_20260605\gcs_upload_staging\naresome_thumbnails\ixgHwGANUDM.jpg,243647,gs://senior-share-staging-570862915709/naresome_thumbnails/ixgHwGANUDM.jpg,
iyux4qvWdX0,E:\Data\ObsidianVault\02_Channels\馴れ初めシネマ\競合チャンネル分析\企画リサーチ_20260605\gcs_upload_staging\naresome_thumbnails\iyux4qvWdX0.jpg,265199,gs://senior-share-staging-570862915709/naresome_thumbnails/iyux4qvWdX0.jpg,
izmWNq-FeNA,E:\Data\ObsidianVault\02_Channels\馴れ初めシネマ\競合チャンネル分析\企画リサーチ_20260605\gcs_upload_staging\naresome_thumbnails\izmWNq-FeNA.jpg,244803,gs://senior-share-staging-570862915709/naresome_thumbnails/izmWNq-FeNA.jpg,
j-YsuRiNTi8,E:\Data\ObsidianVault\02_Channels\馴れ初めシネマ\競合チャンネル分析\企画リサーチ_20260605\gcs_upload_staging\naresome_thumbnails\j-YsuRiNTi8.jpg,253147,gs://senior-share-staging-570862915709/naresome_thumbnails/j-YsuRiNTi8.jpg,
j-zM9AgCkko,E:\Data\ObsidianVault\02_Channels\馴れ初めシネマ\競合チャンネル分析\企画リサーチ_20260605\gcs_upload_staging\naresome_thumbnails\j-zM9AgCkko.jpg,231502,gs://senior-share-staging-570862915709/naresome_thumbnails/j-zM9AgCkko.jpg,
j12QcG9sFL8,E:\Data\ObsidianVault\02_Channels\馴れ初めシネマ\競合チャンネル分析\企画リサーチ_20260605\gcs_upload_staging\naresome_thumbnails\j12QcG9sFL8.jpg,249099,gs://senior-share-staging-570862915709/naresome_thumbnails/j12QcG9sFL8.jpg,
j18X_xjQlik,E:\Data\ObsidianVault\02_Channels\馴れ初めシネマ\競合チャンネル分析\企画リサーチ_20260605\gcs_upload_staging\naresome_thumbnails\j18X_xjQlik.jpg,266654,gs://senior-share-staging-570862915709/naresome_thumbnails/j18X_xjQlik.jpg,
j3_CmmWsinM,E:\Data\ObsidianVault\02_Channels\馴れ初めシネマ\競合チャンネル分析\企画リサーチ_20260605\gcs_upload_staging\naresome_thumbnails\j3_CmmWsinM.jpg,268819,gs://senior-share-staging-570862915709/naresome_thumbnails/j3_CmmWsinM.jpg,
j3jXoAH04FA,E:\Data\ObsidianVault\02_Channels\馴れ初めシネマ\競合チャンネル分析\企画リサーチ_20260605\gcs_upload_staging\naresome_thumbnails\j3jXoAH04FA.jpg,254966,gs://senior-share-staging-570862915709/naresome_thumbnails/j3jXoAH04FA.jpg,
j3rY4ser3FE,E:\Data\ObsidianVault\02_Channels\馴れ初めシネマ\競合チャンネル分析\企画リサーチ_20260605\gcs_upload_staging\naresome_thumbnails\j3rY4ser3FE.jpg,275829,gs://senior-share-staging-570862915709/naresome_thumbnails/j3rY4ser3FE.jpg,
j4S3_Eksio0,E:\Data\ObsidianVault\02_Channels\馴れ初めシネマ\競合チャンネル分析\企画リサーチ_20260605\gcs_upload_staging\naresome_thumbnails\j4S3_Eksio0.jpg,270222,gs://senior-share-staging-570862915709/naresome_thumbnails/j4S3_Eksio0.jpg,
j4ToWJMUlbE,E:\Data\ObsidianVault\02_Channels\馴れ初めシネマ\競合チャンネル分析\企画リサーチ_20260605\gcs_upload_staging\naresome_thumbnails\j4ToWJMUlbE.jpg,331287,gs://senior-share-staging-570862915709/naresome_thumbnails/j4ToWJMUlbE.jpg,
j56XBPTFMR4,E:\Data\ObsidianVault\02_Channels\馴れ初めシネマ\競合チャンネル分析\企画リサーチ_20260605\gcs_upload_staging\naresome_thumbnails\j56XBPTFMR4.jpg,259860,gs://senior-share-staging-570862915709/naresome_thumbnails/j56XBPTFMR4.jpg,
j6XaWZj23Ug,E:\Data\ObsidianVault\02_Channels\馴れ初めシネマ\競合チャンネル分析\企画リサーチ_20260605\gcs_upload_staging\naresome_thumbnails\j6XaWZj23Ug.jpg,253856,gs://senior-share-staging-570862915709/naresome_thumbnails/j6XaWZj23Ug.jpg,
j8IZ07A8GQs,E:\Data\ObsidianVault\02_Channels\馴れ初めシネマ\競合チャンネル分析\企画リサーチ_20260605\gcs_upload_staging\naresome_thumbnails\j8IZ07A8GQs.jpg,254776,gs://senior-share-staging-570862915709/naresome_thumbnails/j8IZ07A8GQs.jpg,
j9blBL__HkU,E:\Data\ObsidianVault\02_Channels\馴れ初めシネマ\競合チャンネル分析\企画リサーチ_20260605\gcs_upload_staging\naresome_thumbnails\j9blBL__HkU.jpg,269202,gs://senior-share-staging-570862915709/naresome_thumbnails/j9blBL__HkU.jpg,
jB98wuDEbkg,E:\Data\ObsidianVault\02_Channels\馴れ初めシネマ\競合チャンネル分析\企画リサーチ_20260605\gcs_upload_staging\naresome_thumbnails\jB98wuDEbkg.jpg,276977,gs://senior-share-staging-570862915709/naresome_thumbnails/jB98wuDEbkg.jpg,
jBpnaZAFi3o,E:\Data\ObsidianVault\02_Channels\馴れ初めシネマ\競合チャンネル分析\企画リサーチ_20260605\gcs_upload_staging\naresome_thumbnails\jBpnaZAFi3o.jpg,274185,gs://senior-share-staging-570862915709/naresome_thumbnails/jBpnaZAFi3o.jpg,
jCFezY_-Wc0,E:\Data\ObsidianVault\02_Channels\馴れ初めシネマ\競合チャンネル分析\企画リサーチ_20260605\gcs_upload_staging\naresome_thumbnails\jCFezY_-Wc0.jpg,266999,gs://senior-share-staging-570862915709/naresome_thumbnails/jCFezY_-Wc0.jpg,
jCujq0BiifI,E:\Data\ObsidianVault\02_Channels\馴れ初めシネマ\競合チャンネル分析\企画リサーチ_20260605\gcs_upload_staging\naresome_thumbnails\jCujq0BiifI.jpg,232919,gs://senior-share-staging-570862915709/naresome_thumbnails/jCujq0BiifI.jpg,
jDykMSdDzAQ,E:\Data\ObsidianVault\02_Channels\馴れ初めシネマ\競合チャンネル分析\企画リサーチ_20260605\gcs_upload_staging\naresome_thumbnails\jDykMSdDzAQ.jpg,256907,gs://senior-share-staging-570862915709/naresome_thumbnails/jDykMSdDzAQ.jpg,
jFmJxuKHOmc,E:\Data\ObsidianVault\02_Channels\馴れ初めシネマ\競合チャンネル分析\企画リサーチ_20260605\gcs_upload_staging\naresome_thumbnails\jFmJxuKHOmc.jpg,243012,gs://senior-share-staging-570862915709/naresome_thumbnails/jFmJxuKHOmc.jpg,
jGLY08Ec0Z4,E:\Data\ObsidianVault\02_Channels\馴れ初めシネマ\競合チャンネル分析\企画リサーチ_20260605\gcs_upload_staging\naresome_thumbnails\jGLY08Ec0Z4.jpg,273216,gs://senior-share-staging-570862915709/naresome_thumbnails/jGLY08Ec0Z4.jpg,
jJp3gDY9REA,E:\Data\ObsidianVault\02_Channels\馴れ初めシネマ\競合チャンネル分析\企画リサーチ_20260605\gcs_upload_staging\naresome_thumbnails\jJp3gDY9REA.jpg,237675,gs://senior-share-staging-570862915709/naresome_thumbnails/jJp3gDY9REA.jpg,
jKuIdew4rfo,E:\Data\ObsidianVault\02_Channels\馴れ初めシネマ\競合チャンネル分析\企画リサーチ_20260605\gcs_upload_staging\naresome_thumbnails\jKuIdew4rfo.jpg,243724,gs://senior-share-staging-570862915709/naresome_thumbnails/jKuIdew4rfo.jpg,
jL7hJv_BuxY,E:\Data\ObsidianVault\02_Channels\馴れ初めシネマ\競合チャンネル分析\企画リサーチ_20260605\gcs_upload_staging\naresome_thumbnails\jL7hJv_BuxY.jpg,253500,gs://senior-share-staging-570862915709/naresome_thumbnails/jL7hJv_BuxY.jpg,
jMGtfpyaNj0,E:\Data\ObsidianVault\02_Channels\馴れ初めシネマ\競合チャンネル分析\企画リサーチ_20260605\gcs_upload_staging\naresome_thumbnails\jMGtfpyaNj0.jpg,234349,gs://senior-share-staging-570862915709/naresome_thumbnails/jMGtfpyaNj0.jpg,
jNqt3w227Rs,E:\Data\ObsidianVault\02_Channels\馴れ初めシネマ\競合チャンネル分析\企画リサーチ_20260605\gcs_upload_staging\naresome_thumbnails\jNqt3w227Rs.jpg,250743,gs://senior-share-staging-570862915709/naresome_thumbnails/jNqt3w227Rs.jpg,
jPhbvhbFSPo,E:\Data\ObsidianVault\02_Channels\馴れ初めシネマ\競合チャンネル分析\企画リサーチ_20260605\gcs_upload_staging\naresome_thumbnails\jPhbvhbFSPo.jpg,240807,gs://senior-share-staging-570862915709/naresome_thumbnails/jPhbvhbFSPo.jpg,
jRSZsTc3wYE,E:\Data\ObsidianVault\02_Channels\馴れ初めシネマ\競合チャンネル分析\企画リサーチ_20260605\gcs_upload_staging\naresome_thumbnails\jRSZsTc3wYE.jpg,269019,gs://senior-share-staging-570862915709/naresome_thumbnails/jRSZsTc3wYE.jpg,
jWBNkH1DHjo,E:\Data\ObsidianVault\02_Channels\馴れ初めシネマ\競合チャンネル分析\企画リサーチ_20260605\gcs_upload_staging\naresome_thumbnails\jWBNkH1DHjo.jpg,274966,gs://senior-share-staging-570862915709/naresome_thumbnails/jWBNkH1DHjo.jpg,
jWLL1cbMw0M,E:\Data\ObsidianVault\02_Channels\馴れ初めシネマ\競合チャンネル分析\企画リサーチ_20260605\gcs_upload_staging\naresome_thumbnails\jWLL1cbMw0M.jpg,239195,gs://senior-share-staging-570862915709/naresome_thumbnails/jWLL1cbMw0M.jpg,
jZNJu4p-IX8,E:\Data\ObsidianVault\02_Channels\馴れ初めシネマ\競合チャンネル分析\企画リサーチ_20260605\gcs_upload_staging\naresome_thumbnails\jZNJu4p-IX8.jpg,255953,gs://senior-share-staging-570862915709/naresome_thumbnails/jZNJu4p-IX8.jpg,
jZWhoqryudg,E:\Data\ObsidianVault\02_Channels\馴れ初めシネマ\競合チャンネル分析\企画リサーチ_20260605\gcs_upload_staging\naresome_thumbnails\jZWhoqryudg.jpg,324792,gs://senior-share-staging-570862915709/naresome_thumbnails/jZWhoqryudg.jpg,
j_nyEe46Q74,E:\Data\ObsidianVault\02_Channels\馴れ初めシネマ\競合チャンネル分析\企画リサーチ_20260605\gcs_upload_staging\naresome_thumbnails\j_nyEe46Q74.jpg,55813,gs://senior-share-staging-570862915709/naresome_thumbnails/j_nyEe46Q74.jpg,
jbI4eEg2dMI,E:\Data\ObsidianVault\02_Channels\馴れ初めシネマ\競合チャンネル分析\企画リサーチ_20260605\gcs_upload_staging\naresome_thumbnails\jbI4eEg2dMI.jpg,272587,gs://senior-share-staging-570862915709/naresome_thumbnails/jbI4eEg2dMI.jpg,
jbM8rL02FM8,E:\Data\ObsidianVault\02_Channels\馴れ初めシネマ\競合チャンネル分析\企画リサーチ_20260605\gcs_upload_staging\naresome_thumbnails\jbM8rL02FM8.jpg,244154,gs://senior-share-staging-570862915709/naresome_thumbnails/jbM8rL02FM8.jpg,
jcsUwOGqq6s,E:\Data\ObsidianVault\02_Channels\馴れ初めシネマ\競合チャンネル分析\企画リサーチ_20260605\gcs_upload_staging\naresome_thumbnails\jcsUwOGqq6s.jpg,264644,gs://senior-share-staging-570862915709/naresome_thumbnails/jcsUwOGqq6s.jpg,
jdnclzNyPtk,E:\Data\ObsidianVault\02_Channels\馴れ初めシネマ\競合チャンネル分析\企画リサーチ_20260605\gcs_upload_staging\naresome_thumbnails\jdnclzNyPtk.jpg,255805,gs://senior-share-staging-570862915709/naresome_thumbnails/jdnclzNyPtk.jpg,
je_qDYiCgmY,E:\Data\ObsidianVault\02_Channels\馴れ初めシネマ\競合チャンネル分析\企画リサーチ_20260605\gcs_upload_staging\naresome_thumbnails\je_qDYiCgmY.jpg,258537,gs://senior-share-staging-570862915709/naresome_thumbnails/je_qDYiCgmY.jpg,
jfzqGg2XBj4,E:\Data\ObsidianVault\02_Channels\馴れ初めシネマ\競合チャンネル分析\企画リサーチ_20260605\gcs_upload_staging\naresome_thumbnails\jfzqGg2XBj4.jpg,249783,gs://senior-share-staging-570862915709/naresome_thumbnails/jfzqGg2XBj4.jpg,
jg1Y9t4hi0k,E:\Data\ObsidianVault\02_Channels\馴れ初めシネマ\競合チャンネル分析\企画リサーチ_20260605\gcs_upload_staging\naresome_thumbnails\jg1Y9t4hi0k.jpg,282781,gs://senior-share-staging-570862915709/naresome_thumbnails/jg1Y9t4hi0k.jpg,
jgDlSn-C7j0,E:\Data\ObsidianVault\02_Channels\馴れ初めシネマ\競合チャンネル分析\企画リサーチ_20260605\gcs_upload_staging\naresome_thumbnails\jgDlSn-C7j0.jpg,276930,gs://senior-share-staging-570862915709/naresome_thumbnails/jgDlSn-C7j0.jpg,
jhGe8JUgoxc,E:\Data\ObsidianVault\02_Channels\馴れ初めシネマ\競合チャンネル分析\企画リサーチ_20260605\gcs_upload_staging\naresome_thumbnails\jhGe8JUgoxc.jpg,252606,gs://senior-share-staging-570862915709/naresome_thumbnails/jhGe8JUgoxc.jpg,
jiCuDFVFUKU,E:\Data\ObsidianVault\02_Channels\馴れ初めシネマ\競合チャンネル分析\企画リサーチ_20260605\gcs_upload_staging\naresome_thumbnails\jiCuDFVFUKU.jpg,272797,gs://senior-share-staging-570862915709/naresome_thumbnails/jiCuDFVFUKU.jpg,
jk7jkMj1dGA,E:\Data\ObsidianVault\02_Channels\馴れ初めシネマ\競合チャンネル分析\企画リサーチ_20260605\gcs_upload_staging\naresome_thumbnails\jk7jkMj1dGA.jpg,276860,gs://senior-share-staging-570862915709/naresome_thumbnails/jk7jkMj1dGA.jpg,
jlcNyF0gW2A,E:\Data\ObsidianVault\02_Channels\馴れ初めシネマ\競合チャンネル分析\企画リサーチ_20260605\gcs_upload_staging\naresome_thumbnails\jlcNyF0gW2A.jpg,248918,gs://senior-share-staging-570862915709/naresome_thumbnails/jlcNyF0gW2A.jpg,
jldkBgbsymM,E:\Data\ObsidianVault\02_Channels\馴れ初めシネマ\競合チャンネル分析\企画リサーチ_20260605\gcs_upload_staging\naresome_thumbnails\jldkBgbsymM.jpg,262541,gs://senior-share-staging-570862915709/naresome_thumbnails/jldkBgbsymM.jpg,
jmA-om8tkj0,E:\Data\ObsidianVault\02_Channels\馴れ初めシネマ\競合チャンネル分析\企画リサーチ_20260605\gcs_upload_staging\naresome_thumbnails\jmA-om8tkj0.jpg,246788,gs://senior-share-staging-570862915709/naresome_thumbnails/jmA-om8tkj0.jpg,
jnTxULYu0HQ,E:\Data\ObsidianVault\02_Channels\馴れ初めシネマ\競合チャンネル分析\企画リサーチ_20260605\gcs_upload_staging\naresome_thumbnails\jnTxULYu0HQ.jpg,263204,gs://senior-share-staging-570862915709/naresome_thumbnails/jnTxULYu0HQ.jpg,
jqSr0S5WvxI,E:\Data\ObsidianVault\02_Channels\馴れ初めシネマ\競合チャンネル分析\企画リサーチ_20260605\gcs_upload_staging\naresome_thumbnails\jqSr0S5WvxI.jpg,242798,gs://senior-share-staging-570862915709/naresome_thumbnails/jqSr0S5WvxI.jpg,
jqeMDpTLxQc,E:\Data\ObsidianVault\02_Channels\馴れ初めシネマ\競合チャンネル分析\企画リサーチ_20260605\gcs_upload_staging\naresome_thumbnails\jqeMDpTLxQc.jpg,256954,gs://senior-share-staging-570862915709/naresome_thumbnails/jqeMDpTLxQc.jpg,
jrXc2--_nn0,E:\Data\ObsidianVault\02_Channels\馴れ初めシネマ\競合チャンネル分析\企画リサーチ_20260605\gcs_upload_staging\naresome_thumbnails\jrXc2--_nn0.jpg,286376,gs://senior-share-staging-570862915709/naresome_thumbnails/jrXc2--_nn0.jpg,
jrkwlhXrovg,E:\Data\ObsidianVault\02_Channels\馴れ初めシネマ\競合チャンネル分析\企画リサーチ_20260605\gcs_upload_staging\naresome_thumbnails\jrkwlhXrovg.jpg,248971,gs://senior-share-staging-570862915709/naresome_thumbnails/jrkwlhXrovg.jpg,
jskJpW29bs0,E:\Data\ObsidianVault\02_Channels\馴れ初めシネマ\競合チャンネル分析\企画リサーチ_20260605\gcs_upload_staging\naresome_thumbnails\jskJpW29bs0.jpg,265228,gs://senior-share-staging-570862915709/naresome_thumbnails/jskJpW29bs0.jpg,
jwsQJ1PKrJE,E:\Data\ObsidianVault\02_Channels\馴れ初めシネマ\競合チャンネル分析\企画リサーチ_20260605\gcs_upload_staging\naresome_thumbnails\jwsQJ1PKrJE.jpg,254251,gs://senior-share-staging-570862915709/naresome_thumbnails/jwsQJ1PKrJE.jpg,
jxuLTxaTdzM,E:\Data\ObsidianVault\02_Channels\馴れ初めシネマ\競合チャンネル分析\企画リサーチ_20260605\gcs_upload_staging\naresome_thumbnails\jxuLTxaTdzM.jpg,340124,gs://senior-share-staging-570862915709/naresome_thumbnails/jxuLTxaTdzM.jpg,
jy1mD6snupU,E:\Data\ObsidianVault\02_Channels\馴れ初めシネマ\競合チャンネル分析\企画リサーチ_20260605\gcs_upload_staging\naresome_thumbnails\jy1mD6snupU.jpg,260012,gs://senior-share-staging-570862915709/naresome_thumbnails/jy1mD6snupU.jpg,
jyDw1a8olrw,E:\Data\ObsidianVault\02_Channels\馴れ初めシネマ\競合チャンネル分析\企画リサーチ_20260605\gcs_upload_staging\naresome_thumbnails\jyDw1a8olrw.jpg,260721,gs://senior-share-staging-570862915709/naresome_thumbnails/jyDw1a8olrw.jpg,
jzDDRH7fCps,E:\Data\ObsidianVault\02_Channels\馴れ初めシネマ\競合チャンネル分析\企画リサーチ_20260605\gcs_upload_staging\naresome_thumbnails\jzDDRH7fCps.jpg,256892,gs://senior-share-staging-570862915709/naresome_thumbnails/jzDDRH7fCps.jpg,
jzxefFoIgwY,E:\Data\ObsidianVault\02_Channels\馴れ初めシネマ\競合チャンネル分析\企画リサーチ_20260605\gcs_upload_staging\naresome_thumbnails\jzxefFoIgwY.jpg,250791,gs://senior-share-staging-570862915709/naresome_thumbnails/jzxefFoIgwY.jpg,
k1eyttawgAI,E:\Data\ObsidianVault\02_Channels\馴れ初めシネマ\競合チャンネル分析\企画リサーチ_20260605\gcs_upload_staging\naresome_thumbnails\k1eyttawgAI.jpg,285365,gs://senior-share-staging-570862915709/naresome_thumbnails/k1eyttawgAI.jpg,
k2N2HeIfTfM,E:\Data\ObsidianVault\02_Channels\馴れ初めシネマ\競合チャンネル分析\企画リサーチ_20260605\gcs_upload_staging\naresome_thumbnails\k2N2HeIfTfM.jpg,320796,gs://senior-share-staging-570862915709/naresome_thumbnails/k2N2HeIfTfM.jpg,
k5UQcK71y9U,E:\Data\ObsidianVault\02_Channels\馴れ初めシネマ\競合チャンネル分析\企画リサーチ_20260605\gcs_upload_staging\naresome_thumbnails\k5UQcK71y9U.jpg,242370,gs://senior-share-staging-570862915709/naresome_thumbnails/k5UQcK71y9U.jpg,
k6J_7Nqkn_k,E:\Data\ObsidianVault\02_Channels\馴れ初めシネマ\競合チャンネル分析\企画リサーチ_20260605\gcs_upload_staging\naresome_thumbnails\k6J_7Nqkn_k.jpg,259238,gs://senior-share-staging-570862915709/naresome_thumbnails/k6J_7Nqkn_k.jpg,
k6hKlr4_GbM,E:\Data\ObsidianVault\02_Channels\馴れ初めシネマ\競合チャンネル分析\企画リサーチ_20260605\gcs_upload_staging\naresome_thumbnails\k6hKlr4_GbM.jpg,263301,gs://senior-share-staging-570862915709/naresome_thumbnails/k6hKlr4_GbM.jpg,
k6i7KYFl560,E:\Data\ObsidianVault\02_Channels\馴れ初めシネマ\競合チャンネル分析\企画リサーチ_20260605\gcs_upload_staging\naresome_thumbnails\k6i7KYFl560.jpg,242183,gs://senior-share-staging-570862915709/naresome_thumbnails/k6i7KYFl560.jpg,
k7RprMnMz2k,E:\Data\ObsidianVault\02_Channels\馴れ初めシネマ\競合チャンネル分析\企画リサーチ_20260605\gcs_upload_staging\naresome_thumbnails\k7RprMnMz2k.jpg,258535,gs://senior-share-staging-570862915709/naresome_thumbnails/k7RprMnMz2k.jpg,
k8EiF71N1Mw,E:\Data\ObsidianVault\02_Channels\馴れ初めシネマ\競合チャンネル分析\企画リサーチ_20260605\gcs_upload_staging\naresome_thumbnails\k8EiF71N1Mw.jpg,329646,gs://senior-share-staging-570862915709/naresome_thumbnails/k8EiF71N1Mw.jpg,
kAC3I6n3aoY,E:\Data\ObsidianVault\02_Channels\馴れ初めシネマ\競合チャンネル分析\企画リサーチ_20260605\gcs_upload_staging\naresome_thumbnails\kAC3I6n3aoY.jpg,251255,gs://senior-share-staging-570862915709/naresome_thumbnails/kAC3I6n3aoY.jpg,
kB56yA799lQ,E:\Data\ObsidianVault\02_Channels\馴れ初めシネマ\競合チャンネル分析\企画リサーチ_20260605\gcs_upload_staging\naresome_thumbnails\kB56yA799lQ.jpg,250099,gs://senior-share-staging-570862915709/naresome_thumbnails/kB56yA799lQ.jpg,
kCQUR4YjUWU,E:\Data\ObsidianVault\02_Channels\馴れ初めシネマ\競合チャンネル分析\企画リサーチ_20260605\gcs_upload_staging\naresome_thumbnails\kCQUR4YjUWU.jpg,259736,gs://senior-share-staging-570862915709/naresome_thumbnails/kCQUR4YjUWU.jpg,
kDTNR68JWA0,E:\Data\ObsidianVault\02_Channels\馴れ初めシネマ\競合チャンネル分析\企画リサーチ_20260605\gcs_upload_staging\naresome_thumbnails\kDTNR68JWA0.jpg,305420,gs://senior-share-staging-570862915709/naresome_thumbnails/kDTNR68JWA0.jpg,
kEIaw2hq3dQ,E:\Data\ObsidianVault\02_Channels\馴れ初めシネマ\競合チャンネル分析\企画リサーチ_20260605\gcs_upload_staging\naresome_thumbnails\kEIaw2hq3dQ.jpg,243763,gs://senior-share-staging-570862915709/naresome_thumbnails/kEIaw2hq3dQ.jpg,
kEUPmTZguYw,E:\Data\ObsidianVault\02_Channels\馴れ初めシネマ\競合チャンネル分析\企画リサーチ_20260605\gcs_upload_staging\naresome_thumbnails\kEUPmTZguYw.jpg,289327,gs://senior-share-staging-570862915709/naresome_thumbnails/kEUPmTZguYw.jpg,
kEWgrBegaq8,E:\Data\ObsidianVault\02_Channels\馴れ初めシネマ\競合チャンネル分析\企画リサーチ_20260605\gcs_upload_staging\naresome_thumbnails\kEWgrBegaq8.jpg,290280,gs://senior-share-staging-570862915709/naresome_thumbnails/kEWgrBegaq8.jpg,
kK9EL_25BZw,E:\Data\ObsidianVault\02_Channels\馴れ初めシネマ\競合チャンネル分析\企画リサーチ_20260605\gcs_upload_staging\naresome_thumbnails\kK9EL_25BZw.jpg,255544,gs://senior-share-staging-570862915709/naresome_thumbnails/kK9EL_25BZw.jpg,
kKIixAXSs4k,E:\Data\ObsidianVault\02_Channels\馴れ初めシネマ\競合チャンネル分析\企画リサーチ_20260605\gcs_upload_staging\naresome_thumbnails\kKIixAXSs4k.jpg,271246,gs://senior-share-staging-570862915709/naresome_thumbnails/kKIixAXSs4k.jpg,
kNkDH069v5Q,E:\Data\ObsidianVault\02_Channels\馴れ初めシネマ\競合チャンネル分析\企画リサーチ_20260605\gcs_upload_staging\naresome_thumbnails\kNkDH069v5Q.jpg,256875,gs://senior-share-staging-570862915709/naresome_thumbnails/kNkDH069v5Q.jpg,
kOOP3BZDh9U,E:\Data\ObsidianVault\02_Channels\馴れ初めシネマ\競合チャンネル分析\企画リサーチ_20260605\gcs_upload_staging\naresome_thumbnails\kOOP3BZDh9U.jpg,274600,gs://senior-share-staging-570862915709/naresome_thumbnails/kOOP3BZDh9U.jpg,
kQqLS0AYGZ4,E:\Data\ObsidianVault\02_Channels\馴れ初めシネマ\競合チャンネル分析\企画リサーチ_20260605\gcs_upload_staging\naresome_thumbnails\kQqLS0AYGZ4.jpg,260722,gs://senior-share-staging-570862915709/naresome_thumbnails/kQqLS0AYGZ4.jpg,
kSZC9K1AaUQ,E:\Data\ObsidianVault\02_Channels\馴れ初めシネマ\競合チャンネル分析\企画リサーチ_20260605\gcs_upload_staging\naresome_thumbnails\kSZC9K1AaUQ.jpg,258078,gs://senior-share-staging-570862915709/naresome_thumbnails/kSZC9K1AaUQ.jpg,
kTRQ2v-6BxM,E:\Data\ObsidianVault\02_Channels\馴れ初めシネマ\競合チャンネル分析\企画リサーチ_20260605\gcs_upload_staging\naresome_thumbnails\kTRQ2v-6BxM.jpg,231940,gs://senior-share-staging-570862915709/naresome_thumbnails/kTRQ2v-6BxM.jpg,
kTmpMs2JK6s,E:\Data\ObsidianVault\02_Channels\馴れ初めシネマ\競合チャンネル分析\企画リサーチ_20260605\gcs_upload_staging\naresome_thumbnails\kTmpMs2JK6s.jpg,234086,gs://senior-share-staging-570862915709/naresome_thumbnails/kTmpMs2JK6s.jpg,
kUMtHvOU4js,E:\Data\ObsidianVault\02_Channels\馴れ初めシネマ\競合チャンネル分析\企画リサーチ_20260605\gcs_upload_staging\naresome_thumbnails\kUMtHvOU4js.jpg,246509,gs://senior-share-staging-570862915709/naresome_thumbnails/kUMtHvOU4js.jpg,
kZ3Wb6mH5Ng,E:\Data\ObsidianVault\02_Channels\馴れ初めシネマ\競合チャンネル分析\企画リサーチ_20260605\gcs_upload_staging\naresome_thumbnails\kZ3Wb6mH5Ng.jpg,244847,gs://senior-share-staging-570862915709/naresome_thumbnails/kZ3Wb6mH5Ng.jpg,
kaWUVj0r2xU,E:\Data\ObsidianVault\02_Channels\馴れ初めシネマ\競合チャンネル分析\企画リサーチ_20260605\gcs_upload_staging\naresome_thumbnails\kaWUVj0r2xU.jpg,277885,gs://senior-share-staging-570862915709/naresome_thumbnails/kaWUVj0r2xU.jpg,
kdBb_rm3MmY,E:\Data\ObsidianVault\02_Channels\馴れ初めシネマ\競合チャンネル分析\企画リサーチ_20260605\gcs_upload_staging\naresome_thumbnails\kdBb_rm3MmY.jpg,242664,gs://senior-share-staging-570862915709/naresome_thumbnails/kdBb_rm3MmY.jpg,
keQRdh3aTJc,E:\Data\ObsidianVault\02_Channels\馴れ初めシネマ\競合チャンネル分析\企画リサーチ_20260605\gcs_upload_staging\naresome_thumbnails\keQRdh3aTJc.jpg,269537,gs://senior-share-staging-570862915709/naresome_thumbnails/keQRdh3aTJc.jpg,
ke_2ZIK7FZw,E:\Data\ObsidianVault\02_Channels\馴れ初めシネマ\競合チャンネル分析\企画リサーチ_20260605\gcs_upload_staging\naresome_thumbnails\ke_2ZIK7FZw.jpg,225350,gs://senior-share-staging-570862915709/naresome_thumbnails/ke_2ZIK7FZw.jpg,
kgAIpyW-G7M,E:\Data\ObsidianVault\02_Channels\馴れ初めシネマ\競合チャンネル分析\企画リサーチ_20260605\gcs_upload_staging\naresome_thumbnails\kgAIpyW-G7M.jpg,273661,gs://senior-share-staging-570862915709/naresome_thumbnails/kgAIpyW-G7M.jpg,
kgqrdIZSymc,E:\Data\ObsidianVault\02_Channels\馴れ初めシネマ\競合チャンネル分析\企画リサーチ_20260605\gcs_upload_staging\naresome_thumbnails\kgqrdIZSymc.jpg,248601,gs://senior-share-staging-570862915709/naresome_thumbnails/kgqrdIZSymc.jpg,
kh4rLfDu-GE,E:\Data\ObsidianVault\02_Channels\馴れ初めシネマ\競合チャンネル分析\企画リサーチ_20260605\gcs_upload_staging\naresome_thumbnails\kh4rLfDu-GE.jpg,239834,gs://senior-share-staging-570862915709/naresome_thumbnails/kh4rLfDu-GE.jpg,
kh9KmACMQw8,E:\Data\ObsidianVault\02_Channels\馴れ初めシネマ\競合チャンネル分析\企画リサーチ_20260605\gcs_upload_staging\naresome_thumbnails\kh9KmACMQw8.jpg,237243,gs://senior-share-staging-570862915709/naresome_thumbnails/kh9KmACMQw8.jpg,
kiLPwA22L38,E:\Data\ObsidianVault\02_Channels\馴れ初めシネマ\競合チャンネル分析\企画リサーチ_20260605\gcs_upload_staging\naresome_thumbnails\kiLPwA22L38.jpg,266739,gs://senior-share-staging-570862915709/naresome_thumbnails/kiLPwA22L38.jpg,
kiWdSJtVj0c,E:\Data\ObsidianVault\02_Channels\馴れ初めシネマ\競合チャンネル分析\企画リサーチ_20260605\gcs_upload_staging\naresome_thumbnails\kiWdSJtVj0c.jpg,329423,gs://senior-share-staging-570862915709/naresome_thumbnails/kiWdSJtVj0c.jpg,
kjoHYsJDUN0,E:\Data\ObsidianVault\02_Channels\馴れ初めシネマ\競合チャンネル分析\企画リサーチ_20260605\gcs_upload_staging\naresome_thumbnails\kjoHYsJDUN0.jpg,253794,gs://senior-share-staging-570862915709/naresome_thumbnails/kjoHYsJDUN0.jpg,
klqF1M3RmVo,E:\Data\ObsidianVault\02_Channels\馴れ初めシネマ\競合チャンネル分析\企画リサーチ_20260605\gcs_upload_staging\naresome_thumbnails\klqF1M3RmVo.jpg,246890,gs://senior-share-staging-570862915709/naresome_thumbnails/klqF1M3RmVo.jpg,
knkBx9jmT7k,E:\Data\ObsidianVault\02_Channels\馴れ初めシネマ\競合チャンネル分析\企画リサーチ_20260605\gcs_upload_staging\naresome_thumbnails\knkBx9jmT7k.jpg,242087,gs://senior-share-staging-570862915709/naresome_thumbnails/knkBx9jmT7k.jpg,
kofbi8pe0S8,E:\Data\ObsidianVault\02_Channels\馴れ初めシネマ\競合チャンネル分析\企画リサーチ_20260605\gcs_upload_staging\naresome_thumbnails\kofbi8pe0S8.jpg,218506,gs://senior-share-staging-570862915709/naresome_thumbnails/kofbi8pe0S8.jpg,
kqtMTKrjnJA,E:\Data\ObsidianVault\02_Channels\馴れ初めシネマ\競合チャンネル分析\企画リサーチ_20260605\gcs_upload_staging\naresome_thumbnails\kqtMTKrjnJA.jpg,264445,gs://senior-share-staging-570862915709/naresome_thumbnails/kqtMTKrjnJA.jpg,
krxXJ2AXkiI,E:\Data\ObsidianVault\02_Channels\馴れ初めシネマ\競合チャンネル分析\企画リサーチ_20260605\gcs_upload_staging\naresome_thumbnails\krxXJ2AXkiI.jpg,271448,gs://senior-share-staging-570862915709/naresome_thumbnails/krxXJ2AXkiI.jpg,
kt-npNwzM9Q,E:\Data\ObsidianVault\02_Channels\馴れ初めシネマ\競合チャンネル分析\企画リサーチ_20260605\gcs_upload_staging\naresome_thumbnails\kt-npNwzM9Q.jpg,266457,gs://senior-share-staging-570862915709/naresome_thumbnails/kt-npNwzM9Q.jpg,
kv8inOlfzpw,E:\Data\ObsidianVault\02_Channels\馴れ初めシネマ\競合チャンネル分析\企画リサーチ_20260605\gcs_upload_staging\naresome_thumbnails\kv8inOlfzpw.jpg,256092,gs://senior-share-staging-570862915709/naresome_thumbnails/kv8inOlfzpw.jpg,
kwBthOkWCq0,E:\Data\ObsidianVault\02_Channels\馴れ初めシネマ\競合チャンネル分析\企画リサーチ_20260605\gcs_upload_staging\naresome_thumbnails\kwBthOkWCq0.jpg,234151,gs://senior-share-staging-570862915709/naresome_thumbnails/kwBthOkWCq0.jpg,
ky1f_ymtR3I,E:\Data\ObsidianVault\02_Channels\馴れ初めシネマ\競合チャンネル分析\企画リサーチ_20260605\gcs_upload_staging\naresome_thumbnails\ky1f_ymtR3I.jpg,267006,gs://senior-share-staging-570862915709/naresome_thumbnails/ky1f_ymtR3I.jpg,
kzjXb7twfmA,E:\Data\ObsidianVault\02_Channels\馴れ初めシネマ\競合チャンネル分析\企画リサーチ_20260605\gcs_upload_staging\naresome_thumbnails\kzjXb7twfmA.jpg,252603,gs://senior-share-staging-570862915709/naresome_thumbnails/kzjXb7twfmA.jpg,
l-dKk_Txyok,E:\Data\ObsidianVault\02_Channels\馴れ初めシネマ\競合チャンネル分析\企画リサーチ_20260605\gcs_upload_staging\naresome_thumbnails\l-dKk_Txyok.jpg,249029,gs://senior-share-staging-570862915709/naresome_thumbnails/l-dKk_Txyok.jpg,
l1782bsAYJ8,E:\Data\ObsidianVault\02_Channels\馴れ初めシネマ\競合チャンネル分析\企画リサーチ_20260605\gcs_upload_staging\naresome_thumbnails\l1782bsAYJ8.jpg,236508,gs://senior-share-staging-570862915709/naresome_thumbnails/l1782bsAYJ8.jpg,
l2GQepQ807k,E:\Data\ObsidianVault\02_Channels\馴れ初めシネマ\競合チャンネル分析\企画リサーチ_20260605\gcs_upload_staging\naresome_thumbnails\l2GQepQ807k.jpg,260908,gs://senior-share-staging-570862915709/naresome_thumbnails/l2GQepQ807k.jpg,
l4YhcjLeHpE,E:\Data\ObsidianVault\02_Channels\馴れ初めシネマ\競合チャンネル分析\企画リサーチ_20260605\gcs_upload_staging\naresome_thumbnails\l4YhcjLeHpE.jpg,251624,gs://senior-share-staging-570862915709/naresome_thumbnails/l4YhcjLeHpE.jpg,
l5E9INmB59A,E:\Data\ObsidianVault\02_Channels\馴れ初めシネマ\競合チャンネル分析\企画リサーチ_20260605\gcs_upload_staging\naresome_thumbnails\l5E9INmB59A.jpg,249322,gs://senior-share-staging-570862915709/naresome_thumbnails/l5E9INmB59A.jpg,
l5sj8we9n_k,E:\Data\ObsidianVault\02_Channels\馴れ初めシネマ\競合チャンネル分析\企画リサーチ_20260605\gcs_upload_staging\naresome_thumbnails\l5sj8we9n_k.jpg,233868,gs://senior-share-staging-570862915709/naresome_thumbnails/l5sj8we9n_k.jpg,
l7MUTjoQ4m0,E:\Data\ObsidianVault\02_Channels\馴れ初めシネマ\競合チャンネル分析\企画リサーチ_20260605\gcs_upload_staging\naresome_thumbnails\l7MUTjoQ4m0.jpg,246495,gs://senior-share-staging-570862915709/naresome_thumbnails/l7MUTjoQ4m0.jpg,
l7T80cUMEeQ,E:\Data\ObsidianVault\02_Channels\馴れ初めシネマ\競合チャンネル分析\企画リサーチ_20260605\gcs_upload_staging\naresome_thumbnails\l7T80cUMEeQ.jpg,248100,gs://senior-share-staging-570862915709/naresome_thumbnails/l7T80cUMEeQ.jpg,
l8egyKrOyTM,E:\Data\ObsidianVault\02_Channels\馴れ初めシネマ\競合チャンネル分析\企画リサーチ_20260605\gcs_upload_staging\naresome_thumbnails\l8egyKrOyTM.jpg,325202,gs://senior-share-staging-570862915709/naresome_thumbnails/l8egyKrOyTM.jpg,
l9nVsT-5I94,E:\Data\ObsidianVault\02_Channels\馴れ初めシネマ\競合チャンネル分析\企画リサーチ_20260605\gcs_upload_staging\naresome_thumbnails\l9nVsT-5I94.jpg,231878,gs://senior-share-staging-570862915709/naresome_thumbnails/l9nVsT-5I94.jpg,
lABQLbDQglo,E:\Data\ObsidianVault\02_Channels\馴れ初めシネマ\競合チャンネル分析\企画リサーチ_20260605\gcs_upload_staging\naresome_thumbnails\lABQLbDQglo.jpg,57860,gs://senior-share-staging-570862915709/naresome_thumbnails/lABQLbDQglo.jpg,
lBHZiuivMME,E:\Data\ObsidianVault\02_Channels\馴れ初めシネマ\競合チャンネル分析\企画リサーチ_20260605\gcs_upload_staging\naresome_thumbnails\lBHZiuivMME.jpg,58674,gs://senior-share-staging-570862915709/naresome_thumbnails/lBHZiuivMME.jpg,
lBLI2AUUVaw,E:\Data\ObsidianVault\02_Channels\馴れ初めシネマ\競合チャンネル分析\企画リサーチ_20260605\gcs_upload_staging\naresome_thumbnails\lBLI2AUUVaw.jpg,246548,gs://senior-share-staging-570862915709/naresome_thumbnails/lBLI2AUUVaw.jpg,
lBpWk1KmERY,E:\Data\ObsidianVault\02_Channels\馴れ初めシネマ\競合チャンネル分析\企画リサーチ_20260605\gcs_upload_staging\naresome_thumbnails\lBpWk1KmERY.jpg,251354,gs://senior-share-staging-570862915709/naresome_thumbnails/lBpWk1KmERY.jpg,
lC2V8f7nJfE,E:\Data\ObsidianVault\02_Channels\馴れ初めシネマ\競合チャンネル分析\企画リサーチ_20260605\gcs_upload_staging\naresome_thumbnails\lC2V8f7nJfE.jpg,273025,gs://senior-share-staging-570862915709/naresome_thumbnails/lC2V8f7nJfE.jpg,
lCAhSUGM6Us,E:\Data\ObsidianVault\02_Channels\馴れ初めシネマ\競合チャンネル分析\企画リサーチ_20260605\gcs_upload_staging\naresome_thumbnails\lCAhSUGM6Us.jpg,250007,gs://senior-share-staging-570862915709/naresome_thumbnails/lCAhSUGM6Us.jpg,
lCfM8GygP9k,E:\Data\ObsidianVault\02_Channels\馴れ初めシネマ\競合チャンネル分析\企画リサーチ_20260605\gcs_upload_staging\naresome_thumbnails\lCfM8GygP9k.jpg,340689,gs://senior-share-staging-570862915709/naresome_thumbnails/lCfM8GygP9k.jpg,
lEhCjjItYKM,E:\Data\ObsidianVault\02_Channels\馴れ初めシネマ\競合チャンネル分析\企画リサーチ_20260605\gcs_upload_staging\naresome_thumbnails\lEhCjjItYKM.jpg,260673,gs://senior-share-staging-570862915709/naresome_thumbnails/lEhCjjItYKM.jpg,
lEuakHgnDa4,E:\Data\ObsidianVault\02_Channels\馴れ初めシネマ\競合チャンネル分析\企画リサーチ_20260605\gcs_upload_staging\naresome_thumbnails\lEuakHgnDa4.jpg,226112,gs://senior-share-staging-570862915709/naresome_thumbnails/lEuakHgnDa4.jpg,
lFrTulO6Fxs,E:\Data\ObsidianVault\02_Channels\馴れ初めシネマ\競合チャンネル分析\企画リサーチ_20260605\gcs_upload_staging\naresome_thumbnails\lFrTulO6Fxs.jpg,246109,gs://senior-share-staging-570862915709/naresome_thumbnails/lFrTulO6Fxs.jpg,
lGz2Xp7zNu4,E:\Data\ObsidianVault\02_Channels\馴れ初めシネマ\競合チャンネル分析\企画リサーチ_20260605\gcs_upload_staging\naresome_thumbnails\lGz2Xp7zNu4.jpg,249995,gs://senior-share-staging-570862915709/naresome_thumbnails/lGz2Xp7zNu4.jpg,
lHvQmn1pI7M,E:\Data\ObsidianVault\02_Channels\馴れ初めシネマ\競合チャンネル分析\企画リサーチ_20260605\gcs_upload_staging\naresome_thumbnails\lHvQmn1pI7M.jpg,279785,gs://senior-share-staging-570862915709/naresome_thumbnails/lHvQmn1pI7M.jpg,
lI5LfTgDtuA,E:\Data\ObsidianVault\02_Channels\馴れ初めシネマ\競合チャンネル分析\企画リサーチ_20260605\gcs_upload_staging\naresome_thumbnails\lI5LfTgDtuA.jpg,238273,gs://senior-share-staging-570862915709/naresome_thumbnails/lI5LfTgDtuA.jpg,
lIBbCjWsySY,E:\Data\ObsidianVault\02_Channels\馴れ初めシネマ\競合チャンネル分析\企画リサーチ_20260605\gcs_upload_staging\naresome_thumbnails\lIBbCjWsySY.jpg,249409,gs://senior-share-staging-570862915709/naresome_thumbnails/lIBbCjWsySY.jpg,
lJFbBxt9GNk,E:\Data\ObsidianVault\02_Channels\馴れ初めシネマ\競合チャンネル分析\企画リサーチ_20260605\gcs_upload_staging\naresome_thumbnails\lJFbBxt9GNk.jpg,316391,gs://senior-share-staging-570862915709/naresome_thumbnails/lJFbBxt9GNk.jpg,
lJUl5vZAybQ,E:\Data\ObsidianVault\02_Channels\馴れ初めシネマ\競合チャンネル分析\企画リサーチ_20260605\gcs_upload_staging\naresome_thumbnails\lJUl5vZAybQ.jpg,268259,gs://senior-share-staging-570862915709/naresome_thumbnails/lJUl5vZAybQ.jpg,
lJsQR6cxpxA,E:\Data\ObsidianVault\02_Channels\馴れ初めシネマ\競合チャンネル分析\企画リサーチ_20260605\gcs_upload_staging\naresome_thumbnails\lJsQR6cxpxA.jpg,242583,gs://senior-share-staging-570862915709/naresome_thumbnails/lJsQR6cxpxA.jpg,
lJvA88WCicI,E:\Data\ObsidianVault\02_Channels\馴れ初めシネマ\競合チャンネル分析\企画リサーチ_20260605\gcs_upload_staging\naresome_thumbnails\lJvA88WCicI.jpg,255398,gs://senior-share-staging-570862915709/naresome_thumbnails/lJvA88WCicI.jpg,
lL5eWu5z4_A,E:\Data\ObsidianVault\02_Channels\馴れ初めシネマ\競合チャンネル分析\企画リサーチ_20260605\gcs_upload_staging\naresome_thumbnails\lL5eWu5z4_A.jpg,257651,gs://senior-share-staging-570862915709/naresome_thumbnails/lL5eWu5z4_A.jpg,
lLCFpxDmRN0,E:\Data\ObsidianVault\02_Channels\馴れ初めシネマ\競合チャンネル分析\企画リサーチ_20260605\gcs_upload_staging\naresome_thumbnails\lLCFpxDmRN0.jpg,252379,gs://senior-share-staging-570862915709/naresome_thumbnails/lLCFpxDmRN0.jpg,
lLE5uob0Ze4,E:\Data\ObsidianVault\02_Channels\馴れ初めシネマ\競合チャンネル分析\企画リサーチ_20260605\gcs_upload_staging\naresome_thumbnails\lLE5uob0Ze4.jpg,261182,gs://senior-share-staging-570862915709/naresome_thumbnails/lLE5uob0Ze4.jpg,
lLWWqRP55fQ,E:\Data\ObsidianVault\02_Channels\馴れ初めシネマ\競合チャンネル分析\企画リサーチ_20260605\gcs_upload_staging\naresome_thumbnails\lLWWqRP55fQ.jpg,249375,gs://senior-share-staging-570862915709/naresome_thumbnails/lLWWqRP55fQ.jpg,
lLwHFDs9nmw,E:\Data\ObsidianVault\02_Channels\馴れ初めシネマ\競合チャンネル分析\企画リサーチ_20260605\gcs_upload_staging\naresome_thumbnails\lLwHFDs9nmw.jpg,265783,gs://senior-share-staging-570862915709/naresome_thumbnails/lLwHFDs9nmw.jpg,
lMm7JnTvX6o,E:\Data\ObsidianVault\02_Channels\馴れ初めシネマ\競合チャンネル分析\企画リサーチ_20260605\gcs_upload_staging\naresome_thumbnails\lMm7JnTvX6o.jpg,232686,gs://senior-share-staging-570862915709/naresome_thumbnails/lMm7JnTvX6o.jpg,
lNqaBRJMeYg,E:\Data\ObsidianVault\02_Channels\馴れ初めシネマ\競合チャンネル分析\企画リサーチ_20260605\gcs_upload_staging\naresome_thumbnails\lNqaBRJMeYg.jpg,265294,gs://senior-share-staging-570862915709/naresome_thumbnails/lNqaBRJMeYg.jpg,
lON6SNQjrvg,E:\Data\ObsidianVault\02_Channels\馴れ初めシネマ\競合チャンネル分析\企画リサーチ_20260605\gcs_upload_staging\naresome_thumbnails\lON6SNQjrvg.jpg,252164,gs://senior-share-staging-570862915709/naresome_thumbnails/lON6SNQjrvg.jpg,
lOq8owrhhfI,E:\Data\ObsidianVault\02_Channels\馴れ初めシネマ\競合チャンネル分析\企画リサーチ_20260605\gcs_upload_staging\naresome_thumbnails\lOq8owrhhfI.jpg,252787,gs://senior-share-staging-570862915709/naresome_thumbnails/lOq8owrhhfI.jpg,
lSAqZoZFF1g,E:\Data\ObsidianVault\02_Channels\馴れ初めシネマ\競合チャンネル分析\企画リサーチ_20260605\gcs_upload_staging\naresome_thumbnails\lSAqZoZFF1g.jpg,242758,gs://senior-share-staging-570862915709/naresome_thumbnails/lSAqZoZFF1g.jpg,
lSEGnDywUZU,E:\Data\ObsidianVault\02_Channels\馴れ初めシネマ\競合チャンネル分析\企画リサーチ_20260605\gcs_upload_staging\naresome_thumbnails\lSEGnDywUZU.jpg,255642,gs://senior-share-staging-570862915709/naresome_thumbnails/lSEGnDywUZU.jpg,
lSYC4k8CRJ4,E:\Data\ObsidianVault\02_Channels\馴れ初めシネマ\競合チャンネル分析\企画リサーチ_20260605\gcs_upload_staging\naresome_thumbnails\lSYC4k8CRJ4.jpg,277386,gs://senior-share-staging-570862915709/naresome_thumbnails/lSYC4k8CRJ4.jpg,
lUAi8ZJOaFw,E:\Data\ObsidianVault\02_Channels\馴れ初めシネマ\競合チャンネル分析\企画リサーチ_20260605\gcs_upload_staging\naresome_thumbnails\lUAi8ZJOaFw.jpg,268761,gs://senior-share-staging-570862915709/naresome_thumbnails/lUAi8ZJOaFw.jpg,
lWA28nru0sY,E:\Data\ObsidianVault\02_Channels\馴れ初めシネマ\競合チャンネル分析\企画リサーチ_20260605\gcs_upload_staging\naresome_thumbnails\lWA28nru0sY.jpg,222946,gs://senior-share-staging-570862915709/naresome_thumbnails/lWA28nru0sY.jpg,
lWZOKIxiF7g,E:\Data\ObsidianVault\02_Channels\馴れ初めシネマ\競合チャンネル分析\企画リサーチ_20260605\gcs_upload_staging\naresome_thumbnails\lWZOKIxiF7g.jpg,283389,gs://senior-share-staging-570862915709/naresome_thumbnails/lWZOKIxiF7g.jpg,
lX8nIyydBYw,E:\Data\ObsidianVault\02_Channels\馴れ初めシネマ\競合チャンネル分析\企画リサーチ_20260605\gcs_upload_staging\naresome_thumbnails\lX8nIyydBYw.jpg,238769,gs://senior-share-staging-570862915709/naresome_thumbnails/lX8nIyydBYw.jpg,
lYCx8W7Ld5M,E:\Data\ObsidianVault\02_Channels\馴れ初めシネマ\競合チャンネル分析\企画リサーチ_20260605\gcs_upload_staging\naresome_thumbnails\lYCx8W7Ld5M.jpg,215588,gs://senior-share-staging-570862915709/naresome_thumbnails/lYCx8W7Ld5M.jpg,
lYIMzwvbstA,E:\Data\ObsidianVault\02_Channels\馴れ初めシネマ\競合チャンネル分析\企画リサーチ_20260605\gcs_upload_staging\naresome_thumbnails\lYIMzwvbstA.jpg,315902,gs://senior-share-staging-570862915709/naresome_thumbnails/lYIMzwvbstA.jpg,
lckEaPjdCzw,E:\Data\ObsidianVault\02_Channels\馴れ初めシネマ\競合チャンネル分析\企画リサーチ_20260605\gcs_upload_staging\naresome_thumbnails\lckEaPjdCzw.jpg,261620,gs://senior-share-staging-570862915709/naresome_thumbnails/lckEaPjdCzw.jpg,
ldxdEmqK7Vs,E:\Data\ObsidianVault\02_Channels\馴れ初めシネマ\競合チャンネル分析\企画リサーチ_20260605\gcs_upload_staging\naresome_thumbnails\ldxdEmqK7Vs.jpg,250859,gs://senior-share-staging-570862915709/naresome_thumbnails/ldxdEmqK7Vs.jpg,
lg1ChVuirGM,E:\Data\ObsidianVault\02_Channels\馴れ初めシネマ\競合チャンネル分析\企画リサーチ_20260605\gcs_upload_staging\naresome_thumbnails\lg1ChVuirGM.jpg,241065,gs://senior-share-staging-570862915709/naresome_thumbnails/lg1ChVuirGM.jpg,
lhcX3X5qeNw,E:\Data\ObsidianVault\02_Channels\馴れ初めシネマ\競合チャンネル分析\企画リサーチ_20260605\gcs_upload_staging\naresome_thumbnails\lhcX3X5qeNw.jpg,261608,gs://senior-share-staging-570862915709/naresome_thumbnails/lhcX3X5qeNw.jpg,
lhdRoPl68kU,E:\Data\ObsidianVault\02_Channels\馴れ初めシネマ\競合チャンネル分析\企画リサーチ_20260605\gcs_upload_staging\naresome_thumbnails\lhdRoPl68kU.jpg,274536,gs://senior-share-staging-570862915709/naresome_thumbnails/lhdRoPl68kU.jpg,
li0GNVRFtIw,E:\Data\ObsidianVault\02_Channels\馴れ初めシネマ\競合チャンネル分析\企画リサーチ_20260605\gcs_upload_staging\naresome_thumbnails\li0GNVRFtIw.jpg,255143,gs://senior-share-staging-570862915709/naresome_thumbnails/li0GNVRFtIw.jpg,
lkMfvD4cyDo,E:\Data\ObsidianVault\02_Channels\馴れ初めシネマ\競合チャンネル分析\企画リサーチ_20260605\gcs_upload_staging\naresome_thumbnails\lkMfvD4cyDo.jpg,246836,gs://senior-share-staging-570862915709/naresome_thumbnails/lkMfvD4cyDo.jpg,
lmN5PBMmZdM,E:\Data\ObsidianVault\02_Channels\馴れ初めシネマ\競合チャンネル分析\企画リサーチ_20260605\gcs_upload_staging\naresome_thumbnails\lmN5PBMmZdM.jpg,268476,gs://senior-share-staging-570862915709/naresome_thumbnails/lmN5PBMmZdM.jpg,
lnw7qVa6K60,E:\Data\ObsidianVault\02_Channels\馴れ初めシネマ\競合チャンネル分析\企画リサーチ_20260605\gcs_upload_staging\naresome_thumbnails\lnw7qVa6K60.jpg,259908,gs://senior-share-staging-570862915709/naresome_thumbnails/lnw7qVa6K60.jpg,
lr1aema7U7A,E:\Data\ObsidianVault\02_Channels\馴れ初めシネマ\競合チャンネル分析\企画リサーチ_20260605\gcs_upload_staging\naresome_thumbnails\lr1aema7U7A.jpg,246281,gs://senior-share-staging-570862915709/naresome_thumbnails/lr1aema7U7A.jpg,
ls21EzR-5M4,E:\Data\ObsidianVault\02_Channels\馴れ初めシネマ\競合チャンネル分析\企画リサーチ_20260605\gcs_upload_staging\naresome_thumbnails\ls21EzR-5M4.jpg,235602,gs://senior-share-staging-570862915709/naresome_thumbnails/ls21EzR-5M4.jpg,
lsEKGXPu3jM,E:\Data\ObsidianVault\02_Channels\馴れ初めシネマ\競合チャンネル分析\企画リサーチ_20260605\gcs_upload_staging\naresome_thumbnails\lsEKGXPu3jM.jpg,267742,gs://senior-share-staging-570862915709/naresome_thumbnails/lsEKGXPu3jM.jpg,
lsRjkBYRTW0,E:\Data\ObsidianVault\02_Channels\馴れ初めシネマ\競合チャンネル分析\企画リサーチ_20260605\gcs_upload_staging\naresome_thumbnails\lsRjkBYRTW0.jpg,271529,gs://senior-share-staging-570862915709/naresome_thumbnails/lsRjkBYRTW0.jpg,
lseDVkaGISo,E:\Data\ObsidianVault\02_Channels\馴れ初めシネマ\競合チャンネル分析\企画リサーチ_20260605\gcs_upload_staging\naresome_thumbnails\lseDVkaGISo.jpg,250033,gs://senior-share-staging-570862915709/naresome_thumbnails/lseDVkaGISo.jpg,
ltCucQWT6tw,E:\Data\ObsidianVault\02_Channels\馴れ初めシネマ\競合チャンネル分析\企画リサーチ_20260605\gcs_upload_staging\naresome_thumbnails\ltCucQWT6tw.jpg,253261,gs://senior-share-staging-570862915709/naresome_thumbnails/ltCucQWT6tw.jpg,
luvNeP-TAs8,E:\Data\ObsidianVault\02_Channels\馴れ初めシネマ\競合チャンネル分析\企画リサーチ_20260605\gcs_upload_staging\naresome_thumbnails\luvNeP-TAs8.jpg,260623,gs://senior-share-staging-570862915709/naresome_thumbnails/luvNeP-TAs8.jpg,
lvQE8WfyFEg,E:\Data\ObsidianVault\02_Channels\馴れ初めシネマ\競合チャンネル分析\企画リサーチ_20260605\gcs_upload_staging\naresome_thumbnails\lvQE8WfyFEg.jpg,259438,gs://senior-share-staging-570862915709/naresome_thumbnails/lvQE8WfyFEg.jpg,
lx7oTDVtjw4,E:\Data\ObsidianVault\02_Channels\馴れ初めシネマ\競合チャンネル分析\企画リサーチ_20260605\gcs_upload_staging\naresome_thumbnails\lx7oTDVtjw4.jpg,237150,gs://senior-share-staging-570862915709/naresome_thumbnails/lx7oTDVtjw4.jpg,
lxhHIkA5Lgg,E:\Data\ObsidianVault\02_Channels\馴れ初めシネマ\競合チャンネル分析\企画リサーチ_20260605\gcs_upload_staging\naresome_thumbnails\lxhHIkA5Lgg.jpg,254589,gs://senior-share-staging-570862915709/naresome_thumbnails/lxhHIkA5Lgg.jpg,
ly6rQEnwTCo,E:\Data\ObsidianVault\02_Channels\馴れ初めシネマ\競合チャンネル分析\企画リサーチ_20260605\gcs_upload_staging\naresome_thumbnails\ly6rQEnwTCo.jpg,269863,gs://senior-share-staging-570862915709/naresome_thumbnails/ly6rQEnwTCo.jpg,
lzCZbHXGqeo,E:\Data\ObsidianVault\02_Channels\馴れ初めシネマ\競合チャンネル分析\企画リサーチ_20260605\gcs_upload_staging\naresome_thumbnails\lzCZbHXGqeo.jpg,258431,gs://senior-share-staging-570862915709/naresome_thumbnails/lzCZbHXGqeo.jpg,
m-ZuPn5o52U,E:\Data\ObsidianVault\02_Channels\馴れ初めシネマ\競合チャンネル分析\企画リサーチ_20260605\gcs_upload_staging\naresome_thumbnails\m-ZuPn5o52U.jpg,247635,gs://senior-share-staging-570862915709/naresome_thumbnails/m-ZuPn5o52U.jpg,
m0mSc3Pa2OE,E:\Data\ObsidianVault\02_Channels\馴れ初めシネマ\競合チャンネル分析\企画リサーチ_20260605\gcs_upload_staging\naresome_thumbnails\m0mSc3Pa2OE.jpg,238536,gs://senior-share-staging-570862915709/naresome_thumbnails/m0mSc3Pa2OE.jpg,
m18RKwl5eWc,E:\Data\ObsidianVault\02_Channels\馴れ初めシネマ\競合チャンネル分析\企画リサーチ_20260605\gcs_upload_staging\naresome_thumbnails\m18RKwl5eWc.jpg,264385,gs://senior-share-staging-570862915709/naresome_thumbnails/m18RKwl5eWc.jpg,
m1fHJe3FS1Q,E:\Data\ObsidianVault\02_Channels\馴れ初めシネマ\競合チャンネル分析\企画リサーチ_20260605\gcs_upload_staging\naresome_thumbnails\m1fHJe3FS1Q.jpg,227400,gs://senior-share-staging-570862915709/naresome_thumbnails/m1fHJe3FS1Q.jpg,
m3-RkvoOxmI,E:\Data\ObsidianVault\02_Channels\馴れ初めシネマ\競合チャンネル分析\企画リサーチ_20260605\gcs_upload_staging\naresome_thumbnails\m3-RkvoOxmI.jpg,254005,gs://senior-share-staging-570862915709/naresome_thumbnails/m3-RkvoOxmI.jpg,
m3jwyANUF5U,E:\Data\ObsidianVault\02_Channels\馴れ初めシネマ\競合チャンネル分析\企画リサーチ_20260605\gcs_upload_staging\naresome_thumbnails\m3jwyANUF5U.jpg,259105,gs://senior-share-staging-570862915709/naresome_thumbnails/m3jwyANUF5U.jpg,
m4CnAY4jCt0,E:\Data\ObsidianVault\02_Channels\馴れ初めシネマ\競合チャンネル分析\企画リサーチ_20260605\gcs_upload_staging\naresome_thumbnails\m4CnAY4jCt0.jpg,256167,gs://senior-share-staging-570862915709/naresome_thumbnails/m4CnAY4jCt0.jpg,
m5HPgo0nKGc,E:\Data\ObsidianVault\02_Channels\馴れ初めシネマ\競合チャンネル分析\企画リサーチ_20260605\gcs_upload_staging\naresome_thumbnails\m5HPgo0nKGc.jpg,257859,gs://senior-share-staging-570862915709/naresome_thumbnails/m5HPgo0nKGc.jpg,
m6_38R8A7eU,E:\Data\ObsidianVault\02_Channels\馴れ初めシネマ\競合チャンネル分析\企画リサーチ_20260605\gcs_upload_staging\naresome_thumbnails\m6_38R8A7eU.jpg,249379,gs://senior-share-staging-570862915709/naresome_thumbnails/m6_38R8A7eU.jpg,
m6v7TQKjSAA,E:\Data\ObsidianVault\02_Channels\馴れ初めシネマ\競合チャンネル分析\企画リサーチ_20260605\gcs_upload_staging\naresome_thumbnails\m6v7TQKjSAA.jpg,247527,gs://senior-share-staging-570862915709/naresome_thumbnails/m6v7TQKjSAA.jpg,
m7ipy2EuOG0,E:\Data\ObsidianVault\02_Channels\馴れ初めシネマ\競合チャンネル分析\企画リサーチ_20260605\gcs_upload_staging\naresome_thumbnails\m7ipy2EuOG0.jpg,261728,gs://senior-share-staging-570862915709/naresome_thumbnails/m7ipy2EuOG0.jpg,
m8YMqED8Tig,E:\Data\ObsidianVault\02_Channels\馴れ初めシネマ\競合チャンネル分析\企画リサーチ_20260605\gcs_upload_staging\naresome_thumbnails\m8YMqED8Tig.jpg,255774,gs://senior-share-staging-570862915709/naresome_thumbnails/m8YMqED8Tig.jpg,
m9mkm4Oev4A,E:\Data\ObsidianVault\02_Channels\馴れ初めシネマ\競合チャンネル分析\企画リサーチ_20260605\gcs_upload_staging\naresome_thumbnails\m9mkm4Oev4A.jpg,231809,gs://senior-share-staging-570862915709/naresome_thumbnails/m9mkm4Oev4A.jpg,
mBbNPPstTAk,E:\Data\ObsidianVault\02_Channels\馴れ初めシネマ\競合チャンネル分析\企画リサーチ_20260605\gcs_upload_staging\naresome_thumbnails\mBbNPPstTAk.jpg,238581,gs://senior-share-staging-570862915709/naresome_thumbnails/mBbNPPstTAk.jpg,
mC6hHvW6p0U,E:\Data\ObsidianVault\02_Channels\馴れ初めシネマ\競合チャンネル分析\企画リサーチ_20260605\gcs_upload_staging\naresome_thumbnails\mC6hHvW6p0U.jpg,248824,gs://senior-share-staging-570862915709/naresome_thumbnails/mC6hHvW6p0U.jpg,
mD3k5jAhjyM,E:\Data\ObsidianVault\02_Channels\馴れ初めシネマ\競合チャンネル分析\企画リサーチ_20260605\gcs_upload_staging\naresome_thumbnails\mD3k5jAhjyM.jpg,249434,gs://senior-share-staging-570862915709/naresome_thumbnails/mD3k5jAhjyM.jpg,
mDUalcTpejM,E:\Data\ObsidianVault\02_Channels\馴れ初めシネマ\競合チャンネル分析\企画リサーチ_20260605\gcs_upload_staging\naresome_thumbnails\mDUalcTpejM.jpg,277055,gs://senior-share-staging-570862915709/naresome_thumbnails/mDUalcTpejM.jpg,
mDpI8gPACxg,E:\Data\ObsidianVault\02_Channels\馴れ初めシネマ\競合チャンネル分析\企画リサーチ_20260605\gcs_upload_staging\naresome_thumbnails\mDpI8gPACxg.jpg,250886,gs://senior-share-staging-570862915709/naresome_thumbnails/mDpI8gPACxg.jpg,
mI6y7qjJNmw,E:\Data\ObsidianVault\02_Channels\馴れ初めシネマ\競合チャンネル分析\企画リサーチ_20260605\gcs_upload_staging\naresome_thumbnails\mI6y7qjJNmw.jpg,249949,gs://senior-share-staging-570862915709/naresome_thumbnails/mI6y7qjJNmw.jpg,
mIyGJGEbrO4,E:\Data\ObsidianVault\02_Channels\馴れ初めシネマ\競合チャンネル分析\企画リサーチ_20260605\gcs_upload_staging\naresome_thumbnails\mIyGJGEbrO4.jpg,250966,gs://senior-share-staging-570862915709/naresome_thumbnails/mIyGJGEbrO4.jpg,
mJ3abZxf1oU,E:\Data\ObsidianVault\02_Channels\馴れ初めシネマ\競合チャンネル分析\企画リサーチ_20260605\gcs_upload_staging\naresome_thumbnails\mJ3abZxf1oU.jpg,259663,gs://senior-share-staging-570862915709/naresome_thumbnails/mJ3abZxf1oU.jpg,
mKOBhYwj7jQ,E:\Data\ObsidianVault\02_Channels\馴れ初めシネマ\競合チャンネル分析\企画リサーチ_20260605\gcs_upload_staging\naresome_thumbnails\mKOBhYwj7jQ.jpg,263394,gs://senior-share-staging-570862915709/naresome_thumbnails/mKOBhYwj7jQ.jpg,
mLWhD30BLjk,E:\Data\ObsidianVault\02_Channels\馴れ初めシネマ\競合チャンネル分析\企画リサーチ_20260605\gcs_upload_staging\naresome_thumbnails\mLWhD30BLjk.jpg,254975,gs://senior-share-staging-570862915709/naresome_thumbnails/mLWhD30BLjk.jpg,
mPjOBjiwCcE,E:\Data\ObsidianVault\02_Channels\馴れ初めシネマ\競合チャンネル分析\企画リサーチ_20260605\gcs_upload_staging\naresome_thumbnails\mPjOBjiwCcE.jpg,276594,gs://senior-share-staging-570862915709/naresome_thumbnails/mPjOBjiwCcE.jpg,
mQKmJDwbboE,E:\Data\ObsidianVault\02_Channels\馴れ初めシネマ\競合チャンネル分析\企画リサーチ_20260605\gcs_upload_staging\naresome_thumbnails\mQKmJDwbboE.jpg,265343,gs://senior-share-staging-570862915709/naresome_thumbnails/mQKmJDwbboE.jpg,
mYYYzRClai8,E:\Data\ObsidianVault\02_Channels\馴れ初めシネマ\競合チャンネル分析\企画リサーチ_20260605\gcs_upload_staging\naresome_thumbnails\mYYYzRClai8.jpg,267279,gs://senior-share-staging-570862915709/naresome_thumbnails/mYYYzRClai8.jpg,
mZvSjyTGNrc,E:\Data\ObsidianVault\02_Channels\馴れ初めシネマ\競合チャンネル分析\企画リサーチ_20260605\gcs_upload_staging\naresome_thumbnails\mZvSjyTGNrc.jpg,259603,gs://senior-share-staging-570862915709/naresome_thumbnails/mZvSjyTGNrc.jpg,
m_sQ1OETNwo,E:\Data\ObsidianVault\02_Channels\馴れ初めシネマ\競合チャンネル分析\企画リサーチ_20260605\gcs_upload_staging\naresome_thumbnails\m_sQ1OETNwo.jpg,319501,gs://senior-share-staging-570862915709/naresome_thumbnails/m_sQ1OETNwo.jpg,
ma-r8d_LJ5o,E:\Data\ObsidianVault\02_Channels\馴れ初めシネマ\競合チャンネル分析\企画リサーチ_20260605\gcs_upload_staging\naresome_thumbnails\ma-r8d_LJ5o.jpg,245119,gs://senior-share-staging-570862915709/naresome_thumbnails/ma-r8d_LJ5o.jpg,
mbqFn0yVFbQ,E:\Data\ObsidianVault\02_Channels\馴れ初めシネマ\競合チャンネル分析\企画リサーチ_20260605\gcs_upload_staging\naresome_thumbnails\mbqFn0yVFbQ.jpg,252258,gs://senior-share-staging-570862915709/naresome_thumbnails/mbqFn0yVFbQ.jpg,
mcG5zR_j8i0,E:\Data\ObsidianVault\02_Channels\馴れ初めシネマ\競合チャンネル分析\企画リサーチ_20260605\gcs_upload_staging\naresome_thumbnails\mcG5zR_j8i0.jpg,242048,gs://senior-share-staging-570862915709/naresome_thumbnails/mcG5zR_j8i0.jpg,
mddq_d4VTuk,E:\Data\ObsidianVault\02_Channels\馴れ初めシネマ\競合チャンネル分析\企画リサーチ_20260605\gcs_upload_staging\naresome_thumbnails\mddq_d4VTuk.jpg,236576,gs://senior-share-staging-570862915709/naresome_thumbnails/mddq_d4VTuk.jpg,
mevE2cF3Z8M,E:\Data\ObsidianVault\02_Channels\馴れ初めシネマ\競合チャンネル分析\企画リサーチ_20260605\gcs_upload_staging\naresome_thumbnails\mevE2cF3Z8M.jpg,256496,gs://senior-share-staging-570862915709/naresome_thumbnails/mevE2cF3Z8M.jpg,
mmKlYVuppzg,E:\Data\ObsidianVault\02_Channels\馴れ初めシネマ\競合チャンネル分析\企画リサーチ_20260605\gcs_upload_staging\naresome_thumbnails\mmKlYVuppzg.jpg,255153,gs://senior-share-staging-570862915709/naresome_thumbnails/mmKlYVuppzg.jpg,
mnWhustIZXs,E:\Data\ObsidianVault\02_Channels\馴れ初めシネマ\競合チャンネル分析\企画リサーチ_20260605\gcs_upload_staging\naresome_thumbnails\mnWhustIZXs.jpg,283696,gs://senior-share-staging-570862915709/naresome_thumbnails/mnWhustIZXs.jpg,
moXgeEUh90g,E:\Data\ObsidianVault\02_Channels\馴れ初めシネマ\競合チャンネル分析\企画リサーチ_20260605\gcs_upload_staging\naresome_thumbnails\moXgeEUh90g.jpg,272450,gs://senior-share-staging-570862915709/naresome_thumbnails/moXgeEUh90g.jpg,
mpnR27RxZVo,E:\Data\ObsidianVault\02_Channels\馴れ初めシネマ\競合チャンネル分析\企画リサーチ_20260605\gcs_upload_staging\naresome_thumbnails\mpnR27RxZVo.jpg,251699,gs://senior-share-staging-570862915709/naresome_thumbnails/mpnR27RxZVo.jpg,
mqUG6CkezLQ,E:\Data\ObsidianVault\02_Channels\馴れ初めシネマ\競合チャンネル分析\企画リサーチ_20260605\gcs_upload_staging\naresome_thumbnails\mqUG6CkezLQ.jpg,265048,gs://senior-share-staging-570862915709/naresome_thumbnails/mqUG6CkezLQ.jpg,
mqyaznKyBOE,E:\Data\ObsidianVault\02_Channels\馴れ初めシネマ\競合チャンネル分析\企画リサーチ_20260605\gcs_upload_staging\naresome_thumbnails\mqyaznKyBOE.jpg,256659,gs://senior-share-staging-570862915709/naresome_thumbnails/mqyaznKyBOE.jpg,
msT9biaCwoQ,E:\Data\ObsidianVault\02_Channels\馴れ初めシネマ\競合チャンネル分析\企画リサーチ_20260605\gcs_upload_staging\naresome_thumbnails\msT9biaCwoQ.jpg,247445,gs://senior-share-staging-570862915709/naresome_thumbnails/msT9biaCwoQ.jpg,
mwi5hjxjRGo,E:\Data\ObsidianVault\02_Channels\馴れ初めシネマ\競合チャンネル分析\企画リサーチ_20260605\gcs_upload_staging\naresome_thumbnails\mwi5hjxjRGo.jpg,280910,gs://senior-share-staging-570862915709/naresome_thumbnails/mwi5hjxjRGo.jpg,
my_ZFrhDil0,E:\Data\ObsidianVault\02_Channels\馴れ初めシネマ\競合チャンネル分析\企画リサーチ_20260605\gcs_upload_staging\naresome_thumbnails\my_ZFrhDil0.jpg,255651,gs://senior-share-staging-570862915709/naresome_thumbnails/my_ZFrhDil0.jpg,
n2qgotOA05I,E:\Data\ObsidianVault\02_Channels\馴れ初めシネマ\競合チャンネル分析\企画リサーチ_20260605\gcs_upload_staging\naresome_thumbnails\n2qgotOA05I.jpg,250078,gs://senior-share-staging-570862915709/naresome_thumbnails/n2qgotOA05I.jpg,
n3BOhZJqEHI,E:\Data\ObsidianVault\02_Channels\馴れ初めシネマ\競合チャンネル分析\企画リサーチ_20260605\gcs_upload_staging\naresome_thumbnails\n3BOhZJqEHI.jpg,255892,gs://senior-share-staging-570862915709/naresome_thumbnails/n3BOhZJqEHI.jpg,
n5PRuT84M3s,E:\Data\ObsidianVault\02_Channels\馴れ初めシネマ\競合チャンネル分析\企画リサーチ_20260605\gcs_upload_staging\naresome_thumbnails\n5PRuT84M3s.jpg,243816,gs://senior-share-staging-570862915709/naresome_thumbnails/n5PRuT84M3s.jpg,
n5vllltS1GY,E:\Data\ObsidianVault\02_Channels\馴れ初めシネマ\競合チャンネル分析\企画リサーチ_20260605\gcs_upload_staging\naresome_thumbnails\n5vllltS1GY.jpg,237165,gs://senior-share-staging-570862915709/naresome_thumbnails/n5vllltS1GY.jpg,
n85LCdqyDQk,E:\Data\ObsidianVault\02_Channels\馴れ初めシネマ\競合チャンネル分析\企画リサーチ_20260605\gcs_upload_staging\naresome_thumbnails\n85LCdqyDQk.jpg,271814,gs://senior-share-staging-570862915709/naresome_thumbnails/n85LCdqyDQk.jpg,
n9EXr9hxrxU,E:\Data\ObsidianVault\02_Channels\馴れ初めシネマ\競合チャンネル分析\企画リサーチ_20260605\gcs_upload_staging\naresome_thumbnails\n9EXr9hxrxU.jpg,270211,gs://senior-share-staging-570862915709/naresome_thumbnails/n9EXr9hxrxU.jpg,
nBz7WVVqSas,E:\Data\ObsidianVault\02_Channels\馴れ初めシネマ\競合チャンネル分析\企画リサーチ_20260605\gcs_upload_staging\naresome_thumbnails\nBz7WVVqSas.jpg,266710,gs://senior-share-staging-570862915709/naresome_thumbnails/nBz7WVVqSas.jpg,
nCfwc2V-8Yg,E:\Data\ObsidianVault\02_Channels\馴れ初めシネマ\競合チャンネル分析\企画リサーチ_20260605\gcs_upload_staging\naresome_thumbnails\nCfwc2V-8Yg.jpg,259888,gs://senior-share-staging-570862915709/naresome_thumbnails/nCfwc2V-8Yg.jpg,
nD1HAINWf3M,E:\Data\ObsidianVault\02_Channels\馴れ初めシネマ\競合チャンネル分析\企画リサーチ_20260605\gcs_upload_staging\naresome_thumbnails\nD1HAINWf3M.jpg,258049,gs://senior-share-staging-570862915709/naresome_thumbnails/nD1HAINWf3M.jpg,
nFhlyEsSq0c,E:\Data\ObsidianVault\02_Channels\馴れ初めシネマ\競合チャンネル分析\企画リサーチ_20260605\gcs_upload_staging\naresome_thumbnails\nFhlyEsSq0c.jpg,240321,gs://senior-share-staging-570862915709/naresome_thumbnails/nFhlyEsSq0c.jpg,
nGjbOhIgy6M,E:\Data\ObsidianVault\02_Channels\馴れ初めシネマ\競合チャンネル分析\企画リサーチ_20260605\gcs_upload_staging\naresome_thumbnails\nGjbOhIgy6M.jpg,253746,gs://senior-share-staging-570862915709/naresome_thumbnails/nGjbOhIgy6M.jpg,
nHw4RN9dbeE,E:\Data\ObsidianVault\02_Channels\馴れ初めシネマ\競合チャンネル分析\企画リサーチ_20260605\gcs_upload_staging\naresome_thumbnails\nHw4RN9dbeE.jpg,246641,gs://senior-share-staging-570862915709/naresome_thumbnails/nHw4RN9dbeE.jpg,
nInv3eAm8BE,E:\Data\ObsidianVault\02_Channels\馴れ初めシネマ\競合チャンネル分析\企画リサーチ_20260605\gcs_upload_staging\naresome_thumbnails\nInv3eAm8BE.jpg,258551,gs://senior-share-staging-570862915709/naresome_thumbnails/nInv3eAm8BE.jpg,
nJYhK51QFrE,E:\Data\ObsidianVault\02_Channels\馴れ初めシネマ\競合チャンネル分析\企画リサーチ_20260605\gcs_upload_staging\naresome_thumbnails\nJYhK51QFrE.jpg,264042,gs://senior-share-staging-570862915709/naresome_thumbnails/nJYhK51QFrE.jpg,
nKdG0XoLL-w,E:\Data\ObsidianVault\02_Channels\馴れ初めシネマ\競合チャンネル分析\企画リサーチ_20260605\gcs_upload_staging\naresome_thumbnails\nKdG0XoLL-w.jpg,248990,gs://senior-share-staging-570862915709/naresome_thumbnails/nKdG0XoLL-w.jpg,
nLkLlIrW8FI,E:\Data\ObsidianVault\02_Channels\馴れ初めシネマ\競合チャンネル分析\企画リサーチ_20260605\gcs_upload_staging\naresome_thumbnails\nLkLlIrW8FI.jpg,248993,gs://senior-share-staging-570862915709/naresome_thumbnails/nLkLlIrW8FI.jpg,
nN0cDtEAzsg,E:\Data\ObsidianVault\02_Channels\馴れ初めシネマ\競合チャンネル分析\企画リサーチ_20260605\gcs_upload_staging\naresome_thumbnails\nN0cDtEAzsg.jpg,248475,gs://senior-share-staging-570862915709/naresome_thumbnails/nN0cDtEAzsg.jpg,
nPnkhbzgGw8,E:\Data\ObsidianVault\02_Channels\馴れ初めシネマ\競合チャンネル分析\企画リサーチ_20260605\gcs_upload_staging\naresome_thumbnails\nPnkhbzgGw8.jpg,303893,gs://senior-share-staging-570862915709/naresome_thumbnails/nPnkhbzgGw8.jpg,
nR5MiScrWVA,E:\Data\ObsidianVault\02_Channels\馴れ初めシネマ\競合チャンネル分析\企画リサーチ_20260605\gcs_upload_staging\naresome_thumbnails\nR5MiScrWVA.jpg,275824,gs://senior-share-staging-570862915709/naresome_thumbnails/nR5MiScrWVA.jpg,
nRZRFtr7gqE,E:\Data\ObsidianVault\02_Channels\馴れ初めシネマ\競合チャンネル分析\企画リサーチ_20260605\gcs_upload_staging\naresome_thumbnails\nRZRFtr7gqE.jpg,245365,gs://senior-share-staging-570862915709/naresome_thumbnails/nRZRFtr7gqE.jpg,
nS-uEGsm89E,E:\Data\ObsidianVault\02_Channels\馴れ初めシネマ\競合チャンネル分析\企画リサーチ_20260605\gcs_upload_staging\naresome_thumbnails\nS-uEGsm89E.jpg,281246,gs://senior-share-staging-570862915709/naresome_thumbnails/nS-uEGsm89E.jpg,
nTQlVUBBgXg,E:\Data\ObsidianVault\02_Channels\馴れ初めシネマ\競合チャンネル分析\企画リサーチ_20260605\gcs_upload_staging\naresome_thumbnails\nTQlVUBBgXg.jpg,227682,gs://senior-share-staging-570862915709/naresome_thumbnails/nTQlVUBBgXg.jpg,
nU0l7CBwJV0,E:\Data\ObsidianVault\02_Channels\馴れ初めシネマ\競合チャンネル分析\企画リサーチ_20260605\gcs_upload_staging\naresome_thumbnails\nU0l7CBwJV0.jpg,253925,gs://senior-share-staging-570862915709/naresome_thumbnails/nU0l7CBwJV0.jpg,
nUVn5QE1oRM,E:\Data\ObsidianVault\02_Channels\馴れ初めシネマ\競合チャンネル分析\企画リサーチ_20260605\gcs_upload_staging\naresome_thumbnails\nUVn5QE1oRM.jpg,251030,gs://senior-share-staging-570862915709/naresome_thumbnails/nUVn5QE1oRM.jpg,
nUiEY58I20E,E:\Data\ObsidianVault\02_Channels\馴れ初めシネマ\競合チャンネル分析\企画リサーチ_20260605\gcs_upload_staging\naresome_thumbnails\nUiEY58I20E.jpg,271081,gs://senior-share-staging-570862915709/naresome_thumbnails/nUiEY58I20E.jpg,
nUlrYd4D5m4,E:\Data\ObsidianVault\02_Channels\馴れ初めシネマ\競合チャンネル分析\企画リサーチ_20260605\gcs_upload_staging\naresome_thumbnails\nUlrYd4D5m4.jpg,280879,gs://senior-share-staging-570862915709/naresome_thumbnails/nUlrYd4D5m4.jpg,
nVHTwBmJohg,E:\Data\ObsidianVault\02_Channels\馴れ初めシネマ\競合チャンネル分析\企画リサーチ_20260605\gcs_upload_staging\naresome_thumbnails\nVHTwBmJohg.jpg,240083,gs://senior-share-staging-570862915709/naresome_thumbnails/nVHTwBmJohg.jpg,
nZSWPVIDq8g,E:\Data\ObsidianVault\02_Channels\馴れ初めシネマ\競合チャンネル分析\企画リサーチ_20260605\gcs_upload_staging\naresome_thumbnails\nZSWPVIDq8g.jpg,259196,gs://senior-share-staging-570862915709/naresome_thumbnails/nZSWPVIDq8g.jpg,
nZxhDGsSODk,E:\Data\ObsidianVault\02_Channels\馴れ初めシネマ\競合チャンネル分析\企画リサーチ_20260605\gcs_upload_staging\naresome_thumbnails\nZxhDGsSODk.jpg,275195,gs://senior-share-staging-570862915709/naresome_thumbnails/nZxhDGsSODk.jpg,
n_0FGjmCINY,E:\Data\ObsidianVault\02_Channels\馴れ初めシネマ\競合チャンネル分析\企画リサーチ_20260605\gcs_upload_staging\naresome_thumbnails\n_0FGjmCINY.jpg,251358,gs://senior-share-staging-570862915709/naresome_thumbnails/n_0FGjmCINY.jpg,
ncbRskGjOoo,E:\Data\ObsidianVault\02_Channels\馴れ初めシネマ\競合チャンネル分析\企画リサーチ_20260605\gcs_upload_staging\naresome_thumbnails\ncbRskGjOoo.jpg,259566,gs://senior-share-staging-570862915709/naresome_thumbnails/ncbRskGjOoo.jpg,
nd6HbZJWdiY,E:\Data\ObsidianVault\02_Channels\馴れ初めシネマ\競合チャンネル分析\企画リサーチ_20260605\gcs_upload_staging\naresome_thumbnails\nd6HbZJWdiY.jpg,247996,gs://senior-share-staging-570862915709/naresome_thumbnails/nd6HbZJWdiY.jpg,
ndPeZ6rHmy0,E:\Data\ObsidianVault\02_Channels\馴れ初めシネマ\競合チャンネル分析\企画リサーチ_20260605\gcs_upload_staging\naresome_thumbnails\ndPeZ6rHmy0.jpg,269374,gs://senior-share-staging-570862915709/naresome_thumbnails/ndPeZ6rHmy0.jpg,
ndYWIkmKmtM,E:\Data\ObsidianVault\02_Channels\馴れ初めシネマ\競合チャンネル分析\企画リサーチ_20260605\gcs_upload_staging\naresome_thumbnails\ndYWIkmKmtM.jpg,276019,gs://senior-share-staging-570862915709/naresome_thumbnails/ndYWIkmKmtM.jpg,
nfuQqzt0hrM,E:\Data\ObsidianVault\02_Channels\馴れ初めシネマ\競合チャンネル分析\企画リサーチ_20260605\gcs_upload_staging\naresome_thumbnails\nfuQqzt0hrM.jpg,253296,gs://senior-share-staging-570862915709/naresome_thumbnails/nfuQqzt0hrM.jpg,
nhGifZyO8Kw,E:\Data\ObsidianVault\02_Channels\馴れ初めシネマ\競合チャンネル分析\企画リサーチ_20260605\gcs_upload_staging\naresome_thumbnails\nhGifZyO8Kw.jpg,240278,gs://senior-share-staging-570862915709/naresome_thumbnails/nhGifZyO8Kw.jpg,
nl2HwCeLkls,E:\Data\ObsidianVault\02_Channels\馴れ初めシネマ\競合チャンネル分析\企画リサーチ_20260605\gcs_upload_staging\naresome_thumbnails\nl2HwCeLkls.jpg,233716,gs://senior-share-staging-570862915709/naresome_thumbnails/nl2HwCeLkls.jpg,
nn2itBMTJGM,E:\Data\ObsidianVault\02_Channels\馴れ初めシネマ\競合チャンネル分析\企画リサーチ_20260605\gcs_upload_staging\naresome_thumbnails\nn2itBMTJGM.jpg,244395,gs://senior-share-staging-570862915709/naresome_thumbnails/nn2itBMTJGM.jpg,
nq6eH1tRYTY,E:\Data\ObsidianVault\02_Channels\馴れ初めシネマ\競合チャンネル分析\企画リサーチ_20260605\gcs_upload_staging\naresome_thumbnails\nq6eH1tRYTY.jpg,271966,gs://senior-share-staging-570862915709/naresome_thumbnails/nq6eH1tRYTY.jpg,
nqaQSHtPih0,E:\Data\ObsidianVault\02_Channels\馴れ初めシネマ\競合チャンネル分析\企画リサーチ_20260605\gcs_upload_staging\naresome_thumbnails\nqaQSHtPih0.jpg,246913,gs://senior-share-staging-570862915709/naresome_thumbnails/nqaQSHtPih0.jpg,
nsZ-X7vN1J4,E:\Data\ObsidianVault\02_Channels\馴れ初めシネマ\競合チャンネル分析\企画リサーチ_20260605\gcs_upload_staging\naresome_thumbnails\nsZ-X7vN1J4.jpg,247739,gs://senior-share-staging-570862915709/naresome_thumbnails/nsZ-X7vN1J4.jpg,
ntoKqaE0rUc,E:\Data\ObsidianVault\02_Channels\馴れ初めシネマ\競合チャンネル分析\企画リサーチ_20260605\gcs_upload_staging\naresome_thumbnails\ntoKqaE0rUc.jpg,251701,gs://senior-share-staging-570862915709/naresome_thumbnails/ntoKqaE0rUc.jpg,
nu1d92GRFwo,E:\Data\ObsidianVault\02_Channels\馴れ初めシネマ\競合チャンネル分析\企画リサーチ_20260605\gcs_upload_staging\naresome_thumbnails\nu1d92GRFwo.jpg,238275,gs://senior-share-staging-570862915709/naresome_thumbnails/nu1d92GRFwo.jpg,
nvwHD1NTpn8,E:\Data\ObsidianVault\02_Channels\馴れ初めシネマ\競合チャンネル分析\企画リサーチ_20260605\gcs_upload_staging\naresome_thumbnails\nvwHD1NTpn8.jpg,243512,gs://senior-share-staging-570862915709/naresome_thumbnails/nvwHD1NTpn8.jpg,
nwG0UCak1JM,E:\Data\ObsidianVault\02_Channels\馴れ初めシネマ\競合チャンネル分析\企画リサーチ_20260605\gcs_upload_staging\naresome_thumbnails\nwG0UCak1JM.jpg,277142,gs://senior-share-staging-570862915709/naresome_thumbnails/nwG0UCak1JM.jpg,
nxOpyakt4QU,E:\Data\ObsidianVault\02_Channels\馴れ初めシネマ\競合チャンネル分析\企画リサーチ_20260605\gcs_upload_staging\naresome_thumbnails\nxOpyakt4QU.jpg,260288,gs://senior-share-staging-570862915709/naresome_thumbnails/nxOpyakt4QU.jpg,
nxw7RhGcNoE,E:\Data\ObsidianVault\02_Channels\馴れ初めシネマ\競合チャンネル分析\企画リサーチ_20260605\gcs_upload_staging\naresome_thumbnails\nxw7RhGcNoE.jpg,265080,gs://senior-share-staging-570862915709/naresome_thumbnails/nxw7RhGcNoE.jpg,
o04dPTajdmA,E:\Data\ObsidianVault\02_Channels\馴れ初めシネマ\競合チャンネル分析\企画リサーチ_20260605\gcs_upload_staging\naresome_thumbnails\o04dPTajdmA.jpg,260880,gs://senior-share-staging-570862915709/naresome_thumbnails/o04dPTajdmA.jpg,
o2Eg-0RlP34,E:\Data\ObsidianVault\02_Channels\馴れ初めシネマ\競合チャンネル分析\企画リサーチ_20260605\gcs_upload_staging\naresome_thumbnails\o2Eg-0RlP34.jpg,247600,gs://senior-share-staging-570862915709/naresome_thumbnails/o2Eg-0RlP34.jpg,
o2NJRAWotYY,E:\Data\ObsidianVault\02_Channels\馴れ初めシネマ\競合チャンネル分析\企画リサーチ_20260605\gcs_upload_staging\naresome_thumbnails\o2NJRAWotYY.jpg,268550,gs://senior-share-staging-570862915709/naresome_thumbnails/o2NJRAWotYY.jpg,
o3PyRmgERSY,E:\Data\ObsidianVault\02_Channels\馴れ初めシネマ\競合チャンネル分析\企画リサーチ_20260605\gcs_upload_staging\naresome_thumbnails\o3PyRmgERSY.jpg,256898,gs://senior-share-staging-570862915709/naresome_thumbnails/o3PyRmgERSY.jpg,
o3u0hlC9-S8,E:\Data\ObsidianVault\02_Channels\馴れ初めシネマ\競合チャンネル分析\企画リサーチ_20260605\gcs_upload_staging\naresome_thumbnails\o3u0hlC9-S8.jpg,245245,gs://senior-share-staging-570862915709/naresome_thumbnails/o3u0hlC9-S8.jpg,
o52Q-oDR3pM,E:\Data\ObsidianVault\02_Channels\馴れ初めシネマ\競合チャンネル分析\企画リサーチ_20260605\gcs_upload_staging\naresome_thumbnails\o52Q-oDR3pM.jpg,259484,gs://senior-share-staging-570862915709/naresome_thumbnails/o52Q-oDR3pM.jpg,
o6vandusWt0,E:\Data\ObsidianVault\02_Channels\馴れ初めシネマ\競合チャンネル分析\企画リサーチ_20260605\gcs_upload_staging\naresome_thumbnails\o6vandusWt0.jpg,257577,gs://senior-share-staging-570862915709/naresome_thumbnails/o6vandusWt0.jpg,
o7nLdthOTzE,E:\Data\ObsidianVault\02_Channels\馴れ初めシネマ\競合チャンネル分析\企画リサーチ_20260605\gcs_upload_staging\naresome_thumbnails\o7nLdthOTzE.jpg,263223,gs://senior-share-staging-570862915709/naresome_thumbnails/o7nLdthOTzE.jpg,
o9-iMErMf9c,E:\Data\ObsidianVault\02_Channels\馴れ初めシネマ\競合チャンネル分析\企画リサーチ_20260605\gcs_upload_staging\naresome_thumbnails\o9-iMErMf9c.jpg,324692,gs://senior-share-staging-570862915709/naresome_thumbnails/o9-iMErMf9c.jpg,
o9VADxyTqII,E:\Data\ObsidianVault\02_Channels\馴れ初めシネマ\競合チャンネル分析\企画リサーチ_20260605\gcs_upload_staging\naresome_thumbnails\o9VADxyTqII.jpg,274962,gs://senior-share-staging-570862915709/naresome_thumbnails/o9VADxyTqII.jpg,
oBgClgiL9_0,E:\Data\ObsidianVault\02_Channels\馴れ初めシネマ\競合チャンネル分析\企画リサーチ_20260605\gcs_upload_staging\naresome_thumbnails\oBgClgiL9_0.jpg,252555,gs://senior-share-staging-570862915709/naresome_thumbnails/oBgClgiL9_0.jpg,
oC8PVHinpm0,E:\Data\ObsidianVault\02_Channels\馴れ初めシネマ\競合チャンネル分析\企画リサーチ_20260605\gcs_upload_staging\naresome_thumbnails\oC8PVHinpm0.jpg,260074,gs://senior-share-staging-570862915709/naresome_thumbnails/oC8PVHinpm0.jpg,
oCYotTMv6Ug,E:\Data\ObsidianVault\02_Channels\馴れ初めシネマ\競合チャンネル分析\企画リサーチ_20260605\gcs_upload_staging\naresome_thumbnails\oCYotTMv6Ug.jpg,246653,gs://senior-share-staging-570862915709/naresome_thumbnails/oCYotTMv6Ug.jpg,
oDJVpd67eHE,E:\Data\ObsidianVault\02_Channels\馴れ初めシネマ\競合チャンネル分析\企画リサーチ_20260605\gcs_upload_staging\naresome_thumbnails\oDJVpd67eHE.jpg,250763,gs://senior-share-staging-570862915709/naresome_thumbnails/oDJVpd67eHE.jpg,
oFL-oxoS5TQ,E:\Data\ObsidianVault\02_Channels\馴れ初めシネマ\競合チャンネル分析\企画リサーチ_20260605\gcs_upload_staging\naresome_thumbnails\oFL-oxoS5TQ.jpg,260684,gs://senior-share-staging-570862915709/naresome_thumbnails/oFL-oxoS5TQ.jpg,
oHBP2Pp-GJs,E:\Data\ObsidianVault\02_Channels\馴れ初めシネマ\競合チャンネル分析\企画リサーチ_20260605\gcs_upload_staging\naresome_thumbnails\oHBP2Pp-GJs.jpg,258431,gs://senior-share-staging-570862915709/naresome_thumbnails/oHBP2Pp-GJs.jpg,
oIAmsgfprkc,E:\Data\ObsidianVault\02_Channels\馴れ初めシネマ\競合チャンネル分析\企画リサーチ_20260605\gcs_upload_staging\naresome_thumbnails\oIAmsgfprkc.jpg,286187,gs://senior-share-staging-570862915709/naresome_thumbnails/oIAmsgfprkc.jpg,
oIdaVNPtcEA,E:\Data\ObsidianVault\02_Channels\馴れ初めシネマ\競合チャンネル分析\企画リサーチ_20260605\gcs_upload_staging\naresome_thumbnails\oIdaVNPtcEA.jpg,233602,gs://senior-share-staging-570862915709/naresome_thumbnails/oIdaVNPtcEA.jpg,
oJlfgACcGTg,E:\Data\ObsidianVault\02_Channels\馴れ初めシネマ\競合チャンネル分析\企画リサーチ_20260605\gcs_upload_staging\naresome_thumbnails\oJlfgACcGTg.jpg,278354,gs://senior-share-staging-570862915709/naresome_thumbnails/oJlfgACcGTg.jpg,
oL2D_TdYiNY,E:\Data\ObsidianVault\02_Channels\馴れ初めシネマ\競合チャンネル分析\企画リサーチ_20260605\gcs_upload_staging\naresome_thumbnails\oL2D_TdYiNY.jpg,262471,gs://senior-share-staging-570862915709/naresome_thumbnails/oL2D_TdYiNY.jpg,
oM9Vl8_V34M,E:\Data\ObsidianVault\02_Channels\馴れ初めシネマ\競合チャンネル分析\企画リサーチ_20260605\gcs_upload_staging\naresome_thumbnails\oM9Vl8_V34M.jpg,276588,gs://senior-share-staging-570862915709/naresome_thumbnails/oM9Vl8_V34M.jpg,
oQG5Lqcf1eQ,E:\Data\ObsidianVault\02_Channels\馴れ初めシネマ\競合チャンネル分析\企画リサーチ_20260605\gcs_upload_staging\naresome_thumbnails\oQG5Lqcf1eQ.jpg,245475,gs://senior-share-staging-570862915709/naresome_thumbnails/oQG5Lqcf1eQ.jpg,
oR2o_PrtCEU,E:\Data\ObsidianVault\02_Channels\馴れ初めシネマ\競合チャンネル分析\企画リサーチ_20260605\gcs_upload_staging\naresome_thumbnails\oR2o_PrtCEU.jpg,256893,gs://senior-share-staging-570862915709/naresome_thumbnails/oR2o_PrtCEU.jpg,
oRq2PiuSYe4,E:\Data\ObsidianVault\02_Channels\馴れ初めシネマ\競合チャンネル分析\企画リサーチ_20260605\gcs_upload_staging\naresome_thumbnails\oRq2PiuSYe4.jpg,244703,gs://senior-share-staging-570862915709/naresome_thumbnails/oRq2PiuSYe4.jpg,
oSBL3J1d2vk,E:\Data\ObsidianVault\02_Channels\馴れ初めシネマ\競合チャンネル分析\企画リサーチ_20260605\gcs_upload_staging\naresome_thumbnails\oSBL3J1d2vk.jpg,245376,gs://senior-share-staging-570862915709/naresome_thumbnails/oSBL3J1d2vk.jpg,
oSqoUZKjK1I,E:\Data\ObsidianVault\02_Channels\馴れ初めシネマ\競合チャンネル分析\企画リサーチ_20260605\gcs_upload_staging\naresome_thumbnails\oSqoUZKjK1I.jpg,272561,gs://senior-share-staging-570862915709/naresome_thumbnails/oSqoUZKjK1I.jpg,
oXLrNo3ye9Q,E:\Data\ObsidianVault\02_Channels\馴れ初めシネマ\競合チャンネル分析\企画リサーチ_20260605\gcs_upload_staging\naresome_thumbnails\oXLrNo3ye9Q.jpg,243913,gs://senior-share-staging-570862915709/naresome_thumbnails/oXLrNo3ye9Q.jpg,
oYy9bfn1Tsc,E:\Data\ObsidianVault\02_Channels\馴れ初めシネマ\競合チャンネル分析\企画リサーチ_20260605\gcs_upload_staging\naresome_thumbnails\oYy9bfn1Tsc.jpg,271566,gs://senior-share-staging-570862915709/naresome_thumbnails/oYy9bfn1Tsc.jpg,
o_lttmGBAOs,E:\Data\ObsidianVault\02_Channels\馴れ初めシネマ\競合チャンネル分析\企画リサーチ_20260605\gcs_upload_staging\naresome_thumbnails\o_lttmGBAOs.jpg,254835,gs://senior-share-staging-570862915709/naresome_thumbnails/o_lttmGBAOs.jpg,
obKi2J-p3FE,E:\Data\ObsidianVault\02_Channels\馴れ初めシネマ\競合チャンネル分析\企画リサーチ_20260605\gcs_upload_staging\naresome_thumbnails\obKi2J-p3FE.jpg,229833,gs://senior-share-staging-570862915709/naresome_thumbnails/obKi2J-p3FE.jpg,
ogUgYIVk-40,E:\Data\ObsidianVault\02_Channels\馴れ初めシネマ\競合チャンネル分析\企画リサーチ_20260605\gcs_upload_staging\naresome_thumbnails\ogUgYIVk-40.jpg,281998,gs://senior-share-staging-570862915709/naresome_thumbnails/ogUgYIVk-40.jpg,
ok2Er4HuPIY,E:\Data\ObsidianVault\02_Channels\馴れ初めシネマ\競合チャンネル分析\企画リサーチ_20260605\gcs_upload_staging\naresome_thumbnails\ok2Er4HuPIY.jpg,260979,gs://senior-share-staging-570862915709/naresome_thumbnails/ok2Er4HuPIY.jpg,
okc-UGYbzCI,E:\Data\ObsidianVault\02_Channels\馴れ初めシネマ\競合チャンネル分析\企画リサーチ_20260605\gcs_upload_staging\naresome_thumbnails\okc-UGYbzCI.jpg,261221,gs://senior-share-staging-570862915709/naresome_thumbnails/okc-UGYbzCI.jpg,
oldaIj7noxs,E:\Data\ObsidianVault\02_Channels\馴れ初めシネマ\競合チャンネル分析\企画リサーチ_20260605\gcs_upload_staging\naresome_thumbnails\oldaIj7noxs.jpg,272607,gs://senior-share-staging-570862915709/naresome_thumbnails/oldaIj7noxs.jpg,
olzrtpefQm0,E:\Data\ObsidianVault\02_Channels\馴れ初めシネマ\競合チャンネル分析\企画リサーチ_20260605\gcs_upload_staging\naresome_thumbnails\olzrtpefQm0.jpg,263162,gs://senior-share-staging-570862915709/naresome_thumbnails/olzrtpefQm0.jpg,
on20yu4QodU,E:\Data\ObsidianVault\02_Channels\馴れ初めシネマ\競合チャンネル分析\企画リサーチ_20260605\gcs_upload_staging\naresome_thumbnails\on20yu4QodU.jpg,245485,gs://senior-share-staging-570862915709/naresome_thumbnails/on20yu4QodU.jpg,
onovjzUtyRs,E:\Data\ObsidianVault\02_Channels\馴れ初めシネマ\競合チャンネル分析\企画リサーチ_20260605\gcs_upload_staging\naresome_thumbnails\onovjzUtyRs.jpg,225508,gs://senior-share-staging-570862915709/naresome_thumbnails/onovjzUtyRs.jpg,
ooz2i0PI5Yw,E:\Data\ObsidianVault\02_Channels\馴れ初めシネマ\競合チャンネル分析\企画リサーチ_20260605\gcs_upload_staging\naresome_thumbnails\ooz2i0PI5Yw.jpg,258533,gs://senior-share-staging-570862915709/naresome_thumbnails/ooz2i0PI5Yw.jpg,
opxBCqzDUfc,E:\Data\ObsidianVault\02_Channels\馴れ初めシネマ\競合チャンネル分析\企画リサーチ_20260605\gcs_upload_staging\naresome_thumbnails\opxBCqzDUfc.jpg,249216,gs://senior-share-staging-570862915709/naresome_thumbnails/opxBCqzDUfc.jpg,
oq3WzJb7IiA,E:\Data\ObsidianVault\02_Channels\馴れ初めシネマ\競合チャンネル分析\企画リサーチ_20260605\gcs_upload_staging\naresome_thumbnails\oq3WzJb7IiA.jpg,254913,gs://senior-share-staging-570862915709/naresome_thumbnails/oq3WzJb7IiA.jpg,
oqOcKWF4-YI,E:\Data\ObsidianVault\02_Channels\馴れ初めシネマ\競合チャンネル分析\企画リサーチ_20260605\gcs_upload_staging\naresome_thumbnails\oqOcKWF4-YI.jpg,256561,gs://senior-share-staging-570862915709/naresome_thumbnails/oqOcKWF4-YI.jpg,
oqk3ZN-wRI4,E:\Data\ObsidianVault\02_Channels\馴れ初めシネマ\競合チャンネル分析\企画リサーチ_20260605\gcs_upload_staging\naresome_thumbnails\oqk3ZN-wRI4.jpg,259225,gs://senior-share-staging-570862915709/naresome_thumbnails/oqk3ZN-wRI4.jpg,
ov7jmHjRTiI,E:\Data\ObsidianVault\02_Channels\馴れ初めシネマ\競合チャンネル分析\企画リサーチ_20260605\gcs_upload_staging\naresome_thumbnails\ov7jmHjRTiI.jpg,256932,gs://senior-share-staging-570862915709/naresome_thumbnails/ov7jmHjRTiI.jpg,
ovWwmrqOsTk,E:\Data\ObsidianVault\02_Channels\馴れ初めシネマ\競合チャンネル分析\企画リサーチ_20260605\gcs_upload_staging\naresome_thumbnails\ovWwmrqOsTk.jpg,239373,gs://senior-share-staging-570862915709/naresome_thumbnails/ovWwmrqOsTk.jpg,
ozxovE-4I98,E:\Data\ObsidianVault\02_Channels\馴れ初めシネマ\競合チャンネル分析\企画リサーチ_20260605\gcs_upload_staging\naresome_thumbnails\ozxovE-4I98.jpg,259585,gs://senior-share-staging-570862915709/naresome_thumbnails/ozxovE-4I98.jpg,
p-kLB4WFTbQ,E:\Data\ObsidianVault\02_Channels\馴れ初めシネマ\競合チャンネル分析\企画リサーチ_20260605\gcs_upload_staging\naresome_thumbnails\p-kLB4WFTbQ.jpg,267265,gs://senior-share-staging-570862915709/naresome_thumbnails/p-kLB4WFTbQ.jpg,
p2hKS7SRNHk,E:\Data\ObsidianVault\02_Channels\馴れ初めシネマ\競合チャンネル分析\企画リサーチ_20260605\gcs_upload_staging\naresome_thumbnails\p2hKS7SRNHk.jpg,237009,gs://senior-share-staging-570862915709/naresome_thumbnails/p2hKS7SRNHk.jpg,
p3LGkwvi26U,E:\Data\ObsidianVault\02_Channels\馴れ初めシネマ\競合チャンネル分析\企画リサーチ_20260605\gcs_upload_staging\naresome_thumbnails\p3LGkwvi26U.jpg,253773,gs://senior-share-staging-570862915709/naresome_thumbnails/p3LGkwvi26U.jpg,
p4fJdRxgnCg,E:\Data\ObsidianVault\02_Channels\馴れ初めシネマ\競合チャンネル分析\企画リサーチ_20260605\gcs_upload_staging\naresome_thumbnails\p4fJdRxgnCg.jpg,269538,gs://senior-share-staging-570862915709/naresome_thumbnails/p4fJdRxgnCg.jpg,
p86pogDPBZo,E:\Data\ObsidianVault\02_Channels\馴れ初めシネマ\競合チャンネル分析\企画リサーチ_20260605\gcs_upload_staging\naresome_thumbnails\p86pogDPBZo.jpg,272557,gs://senior-share-staging-570862915709/naresome_thumbnails/p86pogDPBZo.jpg,
p96_12UepDs,E:\Data\ObsidianVault\02_Channels\馴れ初めシネマ\競合チャンネル分析\企画リサーチ_20260605\gcs_upload_staging\naresome_thumbnails\p96_12UepDs.jpg,300095,gs://senior-share-staging-570862915709/naresome_thumbnails/p96_12UepDs.jpg,
p9kyY7BJXCM,E:\Data\ObsidianVault\02_Channels\馴れ初めシネマ\競合チャンネル分析\企画リサーチ_20260605\gcs_upload_staging\naresome_thumbnails\p9kyY7BJXCM.jpg,277551,gs://senior-share-staging-570862915709/naresome_thumbnails/p9kyY7BJXCM.jpg,
pAjDLtGjRKU,E:\Data\ObsidianVault\02_Channels\馴れ初めシネマ\競合チャンネル分析\企画リサーチ_20260605\gcs_upload_staging\naresome_thumbnails\pAjDLtGjRKU.jpg,271264,gs://senior-share-staging-570862915709/naresome_thumbnails/pAjDLtGjRKU.jpg,
pB2ma5p7Nxo,E:\Data\ObsidianVault\02_Channels\馴れ初めシネマ\競合チャンネル分析\企画リサーチ_20260605\gcs_upload_staging\naresome_thumbnails\pB2ma5p7Nxo.jpg,240488,gs://senior-share-staging-570862915709/naresome_thumbnails/pB2ma5p7Nxo.jpg,
pE5smpHlYzI,E:\Data\ObsidianVault\02_Channels\馴れ初めシネマ\競合チャンネル分析\企画リサーチ_20260605\gcs_upload_staging\naresome_thumbnails\pE5smpHlYzI.jpg,244074,gs://senior-share-staging-570862915709/naresome_thumbnails/pE5smpHlYzI.jpg,
pFEhmPuR5i8,E:\Data\ObsidianVault\02_Channels\馴れ初めシネマ\競合チャンネル分析\企画リサーチ_20260605\gcs_upload_staging\naresome_thumbnails\pFEhmPuR5i8.jpg,252699,gs://senior-share-staging-570862915709/naresome_thumbnails/pFEhmPuR5i8.jpg,
pGGVW6WBygk,E:\Data\ObsidianVault\02_Channels\馴れ初めシネマ\競合チャンネル分析\企画リサーチ_20260605\gcs_upload_staging\naresome_thumbnails\pGGVW6WBygk.jpg,258407,gs://senior-share-staging-570862915709/naresome_thumbnails/pGGVW6WBygk.jpg,
pGH8v_XLn6E,E:\Data\ObsidianVault\02_Channels\馴れ初めシネマ\競合チャンネル分析\企画リサーチ_20260605\gcs_upload_staging\naresome_thumbnails\pGH8v_XLn6E.jpg,264626,gs://senior-share-staging-570862915709/naresome_thumbnails/pGH8v_XLn6E.jpg,
pHG9mBM5IKY,E:\Data\ObsidianVault\02_Channels\馴れ初めシネマ\競合チャンネル分析\企画リサーチ_20260605\gcs_upload_staging\naresome_thumbnails\pHG9mBM5IKY.jpg,285677,gs://senior-share-staging-570862915709/naresome_thumbnails/pHG9mBM5IKY.jpg,
pHLWssutMwg,E:\Data\ObsidianVault\02_Channels\馴れ初めシネマ\競合チャンネル分析\企画リサーチ_20260605\gcs_upload_staging\naresome_thumbnails\pHLWssutMwg.jpg,253415,gs://senior-share-staging-570862915709/naresome_thumbnails/pHLWssutMwg.jpg,
pHjnav56Zl0,E:\Data\ObsidianVault\02_Channels\馴れ初めシネマ\競合チャンネル分析\企画リサーチ_20260605\gcs_upload_staging\naresome_thumbnails\pHjnav56Zl0.jpg,263362,gs://senior-share-staging-570862915709/naresome_thumbnails/pHjnav56Zl0.jpg,
pIuVI8yrVGY,E:\Data\ObsidianVault\02_Channels\馴れ初めシネマ\競合チャンネル分析\企画リサーチ_20260605\gcs_upload_staging\naresome_thumbnails\pIuVI8yrVGY.jpg,240644,gs://senior-share-staging-570862915709/naresome_thumbnails/pIuVI8yrVGY.jpg,
pIyEL1yQqL4,E:\Data\ObsidianVault\02_Channels\馴れ初めシネマ\競合チャンネル分析\企画リサーチ_20260605\gcs_upload_staging\naresome_thumbnails\pIyEL1yQqL4.jpg,241230,gs://senior-share-staging-570862915709/naresome_thumbnails/pIyEL1yQqL4.jpg,
pLRpq56gFhY,E:\Data\ObsidianVault\02_Channels\馴れ初めシネマ\競合チャンネル分析\企画リサーチ_20260605\gcs_upload_staging\naresome_thumbnails\pLRpq56gFhY.jpg,262253,gs://senior-share-staging-570862915709/naresome_thumbnails/pLRpq56gFhY.jpg,
pLxrpe6sin4,E:\Data\ObsidianVault\02_Channels\馴れ初めシネマ\競合チャンネル分析\企画リサーチ_20260605\gcs_upload_staging\naresome_thumbnails\pLxrpe6sin4.jpg,231763,gs://senior-share-staging-570862915709/naresome_thumbnails/pLxrpe6sin4.jpg,
pMKRD5ShYy8,E:\Data\ObsidianVault\02_Channels\馴れ初めシネマ\競合チャンネル分析\企画リサーチ_20260605\gcs_upload_staging\naresome_thumbnails\pMKRD5ShYy8.jpg,255628,gs://senior-share-staging-570862915709/naresome_thumbnails/pMKRD5ShYy8.jpg,
pMkk4jJ27kw,E:\Data\ObsidianVault\02_Channels\馴れ初めシネマ\競合チャンネル分析\企画リサーチ_20260605\gcs_upload_staging\naresome_thumbnails\pMkk4jJ27kw.jpg,255626,gs://senior-share-staging-570862915709/naresome_thumbnails/pMkk4jJ27kw.jpg,
pMq8AkoBFmQ,E:\Data\ObsidianVault\02_Channels\馴れ初めシネマ\競合チャンネル分析\企画リサーチ_20260605\gcs_upload_staging\naresome_thumbnails\pMq8AkoBFmQ.jpg,242527,gs://senior-share-staging-570862915709/naresome_thumbnails/pMq8AkoBFmQ.jpg,
pOCh9gv-Mco,E:\Data\ObsidianVault\02_Channels\馴れ初めシネマ\競合チャンネル分析\企画リサーチ_20260605\gcs_upload_staging\naresome_thumbnails\pOCh9gv-Mco.jpg,281828,gs://senior-share-staging-570862915709/naresome_thumbnails/pOCh9gv-Mco.jpg,
pOv1hdMIYxc,E:\Data\ObsidianVault\02_Channels\馴れ初めシネマ\競合チャンネル分析\企画リサーチ_20260605\gcs_upload_staging\naresome_thumbnails\pOv1hdMIYxc.jpg,251960,gs://senior-share-staging-570862915709/naresome_thumbnails/pOv1hdMIYxc.jpg,
pPN_34-OnMo,E:\Data\ObsidianVault\02_Channels\馴れ初めシネマ\競合チャンネル分析\企画リサーチ_20260605\gcs_upload_staging\naresome_thumbnails\pPN_34-OnMo.jpg,273572,gs://senior-share-staging-570862915709/naresome_thumbnails/pPN_34-OnMo.jpg,
pS0Tw5D0Ccs,E:\Data\ObsidianVault\02_Channels\馴れ初めシネマ\競合チャンネル分析\企画リサーチ_20260605\gcs_upload_staging\naresome_thumbnails\pS0Tw5D0Ccs.jpg,263364,gs://senior-share-staging-570862915709/naresome_thumbnails/pS0Tw5D0Ccs.jpg,
pTG96WQdNcI,E:\Data\ObsidianVault\02_Channels\馴れ初めシネマ\競合チャンネル分析\企画リサーチ_20260605\gcs_upload_staging\naresome_thumbnails\pTG96WQdNcI.jpg,252955,gs://senior-share-staging-570862915709/naresome_thumbnails/pTG96WQdNcI.jpg,
pTpd7qkwIFM,E:\Data\ObsidianVault\02_Channels\馴れ初めシネマ\競合チャンネル分析\企画リサーチ_20260605\gcs_upload_staging\naresome_thumbnails\pTpd7qkwIFM.jpg,251494,gs://senior-share-staging-570862915709/naresome_thumbnails/pTpd7qkwIFM.jpg,
pXZu04U-pLQ,E:\Data\ObsidianVault\02_Channels\馴れ初めシネマ\競合チャンネル分析\企画リサーチ_20260605\gcs_upload_staging\naresome_thumbnails\pXZu04U-pLQ.jpg,260582,gs://senior-share-staging-570862915709/naresome_thumbnails/pXZu04U-pLQ.jpg,
pXn2yFmwzcU,E:\Data\ObsidianVault\02_Channels\馴れ初めシネマ\競合チャンネル分析\企画リサーチ_20260605\gcs_upload_staging\naresome_thumbnails\pXn2yFmwzcU.jpg,261095,gs://senior-share-staging-570862915709/naresome_thumbnails/pXn2yFmwzcU.jpg,
pZ8DnLedme8,E:\Data\ObsidianVault\02_Channels\馴れ初めシネマ\競合チャンネル分析\企画リサーチ_20260605\gcs_upload_staging\naresome_thumbnails\pZ8DnLedme8.jpg,221554,gs://senior-share-staging-570862915709/naresome_thumbnails/pZ8DnLedme8.jpg,
pZbmw3e2Xd0,E:\Data\ObsidianVault\02_Channels\馴れ初めシネマ\競合チャンネル分析\企画リサーチ_20260605\gcs_upload_staging\naresome_thumbnails\pZbmw3e2Xd0.jpg,261189,gs://senior-share-staging-570862915709/naresome_thumbnails/pZbmw3e2Xd0.jpg,
pcEhRRu9A3w,E:\Data\ObsidianVault\02_Channels\馴れ初めシネマ\競合チャンネル分析\企画リサーチ_20260605\gcs_upload_staging\naresome_thumbnails\pcEhRRu9A3w.jpg,252670,gs://senior-share-staging-570862915709/naresome_thumbnails/pcEhRRu9A3w.jpg,
pdgXGG9b3OM,E:\Data\ObsidianVault\02_Channels\馴れ初めシネマ\競合チャンネル分析\企画リサーチ_20260605\gcs_upload_staging\naresome_thumbnails\pdgXGG9b3OM.jpg,239497,gs://senior-share-staging-570862915709/naresome_thumbnails/pdgXGG9b3OM.jpg,
pdu8pq5lKo4,E:\Data\ObsidianVault\02_Channels\馴れ初めシネマ\競合チャンネル分析\企画リサーチ_20260605\gcs_upload_staging\naresome_thumbnails\pdu8pq5lKo4.jpg,262052,gs://senior-share-staging-570862915709/naresome_thumbnails/pdu8pq5lKo4.jpg,
pfZDRdh3KuY,E:\Data\ObsidianVault\02_Channels\馴れ初めシネマ\競合チャンネル分析\企画リサーチ_20260605\gcs_upload_staging\naresome_thumbnails\pfZDRdh3KuY.jpg,241716,gs://senior-share-staging-570862915709/naresome_thumbnails/pfZDRdh3KuY.jpg,
phzlchUzKHE,E:\Data\ObsidianVault\02_Channels\馴れ初めシネマ\競合チャンネル分析\企画リサーチ_20260605\gcs_upload_staging\naresome_thumbnails\phzlchUzKHE.jpg,247477,gs://senior-share-staging-570862915709/naresome_thumbnails/phzlchUzKHE.jpg,
piTmT3_JKkk,E:\Data\ObsidianVault\02_Channels\馴れ初めシネマ\競合チャンネル分析\企画リサーチ_20260605\gcs_upload_staging\naresome_thumbnails\piTmT3_JKkk.jpg,259999,gs://senior-share-staging-570862915709/naresome_thumbnails/piTmT3_JKkk.jpg,
pjEouL7YE4Q,E:\Data\ObsidianVault\02_Channels\馴れ初めシネマ\競合チャンネル分析\企画リサーチ_20260605\gcs_upload_staging\naresome_thumbnails\pjEouL7YE4Q.jpg,286728,gs://senior-share-staging-570862915709/naresome_thumbnails/pjEouL7YE4Q.jpg,
pkHH680jQ-I,E:\Data\ObsidianVault\02_Channels\馴れ初めシネマ\競合チャンネル分析\企画リサーチ_20260605\gcs_upload_staging\naresome_thumbnails\pkHH680jQ-I.jpg,266115,gs://senior-share-staging-570862915709/naresome_thumbnails/pkHH680jQ-I.jpg,
pkHhm7gvuF0,E:\Data\ObsidianVault\02_Channels\馴れ初めシネマ\競合チャンネル分析\企画リサーチ_20260605\gcs_upload_staging\naresome_thumbnails\pkHhm7gvuF0.jpg,237211,gs://senior-share-staging-570862915709/naresome_thumbnails/pkHhm7gvuF0.jpg,
pkgCYGNYoGU,E:\Data\ObsidianVault\02_Channels\馴れ初めシネマ\競合チャンネル分析\企画リサーチ_20260605\gcs_upload_staging\naresome_thumbnails\pkgCYGNYoGU.jpg,273446,gs://senior-share-staging-570862915709/naresome_thumbnails/pkgCYGNYoGU.jpg,
plA2WAq_ywQ,E:\Data\ObsidianVault\02_Channels\馴れ初めシネマ\競合チャンネル分析\企画リサーチ_20260605\gcs_upload_staging\naresome_thumbnails\plA2WAq_ywQ.jpg,261927,gs://senior-share-staging-570862915709/naresome_thumbnails/plA2WAq_ywQ.jpg,
plO4hbLzlYA,E:\Data\ObsidianVault\02_Channels\馴れ初めシネマ\競合チャンネル分析\企画リサーチ_20260605\gcs_upload_staging\naresome_thumbnails\plO4hbLzlYA.jpg,258859,gs://senior-share-staging-570862915709/naresome_thumbnails/plO4hbLzlYA.jpg,
pnaQvMMZ6aw,E:\Data\ObsidianVault\02_Channels\馴れ初めシネマ\競合チャンネル分析\企画リサーチ_20260605\gcs_upload_staging\naresome_thumbnails\pnaQvMMZ6aw.jpg,225759,gs://senior-share-staging-570862915709/naresome_thumbnails/pnaQvMMZ6aw.jpg,
pp0dToQzOt4,E:\Data\ObsidianVault\02_Channels\馴れ初めシネマ\競合チャンネル分析\企画リサーチ_20260605\gcs_upload_staging\naresome_thumbnails\pp0dToQzOt4.jpg,290820,gs://senior-share-staging-570862915709/naresome_thumbnails/pp0dToQzOt4.jpg,
ppWlKR_rcSE,E:\Data\ObsidianVault\02_Channels\馴れ初めシネマ\競合チャンネル分析\企画リサーチ_20260605\gcs_upload_staging\naresome_thumbnails\ppWlKR_rcSE.jpg,251462,gs://senior-share-staging-570862915709/naresome_thumbnails/ppWlKR_rcSE.jpg,
pq6B7MQhdcw,E:\Data\ObsidianVault\02_Channels\馴れ初めシネマ\競合チャンネル分析\企画リサーチ_20260605\gcs_upload_staging\naresome_thumbnails\pq6B7MQhdcw.jpg,255416,gs://senior-share-staging-570862915709/naresome_thumbnails/pq6B7MQhdcw.jpg,
pqhw_UEnTWU,E:\Data\ObsidianVault\02_Channels\馴れ初めシネマ\競合チャンネル分析\企画リサーチ_20260605\gcs_upload_staging\naresome_thumbnails\pqhw_UEnTWU.jpg,256701,gs://senior-share-staging-570862915709/naresome_thumbnails/pqhw_UEnTWU.jpg,
prOdnVOVErw,E:\Data\ObsidianVault\02_Channels\馴れ初めシネマ\競合チャンネル分析\企画リサーチ_20260605\gcs_upload_staging\naresome_thumbnails\prOdnVOVErw.jpg,256770,gs://senior-share-staging-570862915709/naresome_thumbnails/prOdnVOVErw.jpg,
psKmbcBpiE8,E:\Data\ObsidianVault\02_Channels\馴れ初めシネマ\競合チャンネル分析\企画リサーチ_20260605\gcs_upload_staging\naresome_thumbnails\psKmbcBpiE8.jpg,261483,gs://senior-share-staging-570862915709/naresome_thumbnails/psKmbcBpiE8.jpg,
ptMW1vGudsE,E:\Data\ObsidianVault\02_Channels\馴れ初めシネマ\競合チャンネル分析\企画リサーチ_20260605\gcs_upload_staging\naresome_thumbnails\ptMW1vGudsE.jpg,252716,gs://senior-share-staging-570862915709/naresome_thumbnails/ptMW1vGudsE.jpg,
pu1_CyJyW1E,E:\Data\ObsidianVault\02_Channels\馴れ初めシネマ\競合チャンネル分析\企画リサーチ_20260605\gcs_upload_staging\naresome_thumbnails\pu1_CyJyW1E.jpg,266751,gs://senior-share-staging-570862915709/naresome_thumbnails/pu1_CyJyW1E.jpg,
pw3RS4GfnrU,E:\Data\ObsidianVault\02_Channels\馴れ初めシネマ\競合チャンネル分析\企画リサーチ_20260605\gcs_upload_staging\naresome_thumbnails\pw3RS4GfnrU.jpg,256082,gs://senior-share-staging-570862915709/naresome_thumbnails/pw3RS4GfnrU.jpg,
pxrVSJ7yzEU,E:\Data\ObsidianVault\02_Channels\馴れ初めシネマ\競合チャンネル分析\企画リサーチ_20260605\gcs_upload_staging\naresome_thumbnails\pxrVSJ7yzEU.jpg,251858,gs://senior-share-staging-570862915709/naresome_thumbnails/pxrVSJ7yzEU.jpg,
pyHodUrX_kY,E:\Data\ObsidianVault\02_Channels\馴れ初めシネマ\競合チャンネル分析\企画リサーチ_20260605\gcs_upload_staging\naresome_thumbnails\pyHodUrX_kY.jpg,250565,gs://senior-share-staging-570862915709/naresome_thumbnails/pyHodUrX_kY.jpg,
q-oVG6lFb14,E:\Data\ObsidianVault\02_Channels\馴れ初めシネマ\競合チャンネル分析\企画リサーチ_20260605\gcs_upload_staging\naresome_thumbnails\q-oVG6lFb14.jpg,247633,gs://senior-share-staging-570862915709/naresome_thumbnails/q-oVG6lFb14.jpg,
q154u2SF-tQ,E:\Data\ObsidianVault\02_Channels\馴れ初めシネマ\競合チャンネル分析\企画リサーチ_20260605\gcs_upload_staging\naresome_thumbnails\q154u2SF-tQ.jpg,226658,gs://senior-share-staging-570862915709/naresome_thumbnails/q154u2SF-tQ.jpg,
q1ZfN0svL2g,E:\Data\ObsidianVault\02_Channels\馴れ初めシネマ\競合チャンネル分析\企画リサーチ_20260605\gcs_upload_staging\naresome_thumbnails\q1ZfN0svL2g.jpg,256007,gs://senior-share-staging-570862915709/naresome_thumbnails/q1ZfN0svL2g.jpg,
q2HHZCgWN00,E:\Data\ObsidianVault\02_Channels\馴れ初めシネマ\競合チャンネル分析\企画リサーチ_20260605\gcs_upload_staging\naresome_thumbnails\q2HHZCgWN00.jpg,268606,gs://senior-share-staging-570862915709/naresome_thumbnails/q2HHZCgWN00.jpg,
q32VlZIIQ6M,E:\Data\ObsidianVault\02_Channels\馴れ初めシネマ\競合チャンネル分析\企画リサーチ_20260605\gcs_upload_staging\naresome_thumbnails\q32VlZIIQ6M.jpg,261272,gs://senior-share-staging-570862915709/naresome_thumbnails/q32VlZIIQ6M.jpg,
q513QyZchUA,E:\Data\ObsidianVault\02_Channels\馴れ初めシネマ\競合チャンネル分析\企画リサーチ_20260605\gcs_upload_staging\naresome_thumbnails\q513QyZchUA.jpg,243791,gs://senior-share-staging-570862915709/naresome_thumbnails/q513QyZchUA.jpg,
q5_jqCsI3-g,E:\Data\ObsidianVault\02_Channels\馴れ初めシネマ\競合チャンネル分析\企画リサーチ_20260605\gcs_upload_staging\naresome_thumbnails\q5_jqCsI3-g.jpg,267111,gs://senior-share-staging-570862915709/naresome_thumbnails/q5_jqCsI3-g.jpg,
q68nney5PqE,E:\Data\ObsidianVault\02_Channels\馴れ初めシネマ\競合チャンネル分析\企画リサーチ_20260605\gcs_upload_staging\naresome_thumbnails\q68nney5PqE.jpg,234662,gs://senior-share-staging-570862915709/naresome_thumbnails/q68nney5PqE.jpg,
q6sKLzUbseI,E:\Data\ObsidianVault\02_Channels\馴れ初めシネマ\競合チャンネル分析\企画リサーチ_20260605\gcs_upload_staging\naresome_thumbnails\q6sKLzUbseI.jpg,248916,gs://senior-share-staging-570862915709/naresome_thumbnails/q6sKLzUbseI.jpg,
qAVMZZqAkb4,E:\Data\ObsidianVault\02_Channels\馴れ初めシネマ\競合チャンネル分析\企画リサーチ_20260605\gcs_upload_staging\naresome_thumbnails\qAVMZZqAkb4.jpg,246540,gs://senior-share-staging-570862915709/naresome_thumbnails/qAVMZZqAkb4.jpg,
qAg0dnhOtIQ,E:\Data\ObsidianVault\02_Channels\馴れ初めシネマ\競合チャンネル分析\企画リサーチ_20260605\gcs_upload_staging\naresome_thumbnails\qAg0dnhOtIQ.jpg,256685,gs://senior-share-staging-570862915709/naresome_thumbnails/qAg0dnhOtIQ.jpg,
qBtwBuOwsxI,E:\Data\ObsidianVault\02_Channels\馴れ初めシネマ\競合チャンネル分析\企画リサーチ_20260605\gcs_upload_staging\naresome_thumbnails\qBtwBuOwsxI.jpg,244566,gs://senior-share-staging-570862915709/naresome_thumbnails/qBtwBuOwsxI.jpg,
qC-baw2Q290,E:\Data\ObsidianVault\02_Channels\馴れ初めシネマ\競合チャンネル分析\企画リサーチ_20260605\gcs_upload_staging\naresome_thumbnails\qC-baw2Q290.jpg,245079,gs://senior-share-staging-570862915709/naresome_thumbnails/qC-baw2Q290.jpg,
qCFomSPUvok,E:\Data\ObsidianVault\02_Channels\馴れ初めシネマ\競合チャンネル分析\企画リサーチ_20260605\gcs_upload_staging\naresome_thumbnails\qCFomSPUvok.jpg,255916,gs://senior-share-staging-570862915709/naresome_thumbnails/qCFomSPUvok.jpg,
qDP9wU75zog,E:\Data\ObsidianVault\02_Channels\馴れ初めシネマ\競合チャンネル分析\企画リサーチ_20260605\gcs_upload_staging\naresome_thumbnails\qDP9wU75zog.jpg,254969,gs://senior-share-staging-570862915709/naresome_thumbnails/qDP9wU75zog.jpg,
qDcB35o6F-Q,E:\Data\ObsidianVault\02_Channels\馴れ初めシネマ\競合チャンネル分析\企画リサーチ_20260605\gcs_upload_staging\naresome_thumbnails\qDcB35o6F-Q.jpg,244604,gs://senior-share-staging-570862915709/naresome_thumbnails/qDcB35o6F-Q.jpg,
qE3Cla6XKhM,E:\Data\ObsidianVault\02_Channels\馴れ初めシネマ\競合チャンネル分析\企画リサーチ_20260605\gcs_upload_staging\naresome_thumbnails\qE3Cla6XKhM.jpg,263714,gs://senior-share-staging-570862915709/naresome_thumbnails/qE3Cla6XKhM.jpg,
qGfZ-Z9CizA,E:\Data\ObsidianVault\02_Channels\馴れ初めシネマ\競合チャンネル分析\企画リサーチ_20260605\gcs_upload_staging\naresome_thumbnails\qGfZ-Z9CizA.jpg,237220,gs://senior-share-staging-570862915709/naresome_thumbnails/qGfZ-Z9CizA.jpg,
qJsp9IyMkpE,E:\Data\ObsidianVault\02_Channels\馴れ初めシネマ\競合チャンネル分析\企画リサーチ_20260605\gcs_upload_staging\naresome_thumbnails\qJsp9IyMkpE.jpg,267421,gs://senior-share-staging-570862915709/naresome_thumbnails/qJsp9IyMkpE.jpg,
qKSmxPpduG0,E:\Data\ObsidianVault\02_Channels\馴れ初めシネマ\競合チャンネル分析\企画リサーチ_20260605\gcs_upload_staging\naresome_thumbnails\qKSmxPpduG0.jpg,278727,gs://senior-share-staging-570862915709/naresome_thumbnails/qKSmxPpduG0.jpg,
qKyV1-TXRqc,E:\Data\ObsidianVault\02_Channels\馴れ初めシネマ\競合チャンネル分析\企画リサーチ_20260605\gcs_upload_staging\naresome_thumbnails\qKyV1-TXRqc.jpg,246340,gs://senior-share-staging-570862915709/naresome_thumbnails/qKyV1-TXRqc.jpg,
qL58qoNGmx4,E:\Data\ObsidianVault\02_Channels\馴れ初めシネマ\競合チャンネル分析\企画リサーチ_20260605\gcs_upload_staging\naresome_thumbnails\qL58qoNGmx4.jpg,257665,gs://senior-share-staging-570862915709/naresome_thumbnails/qL58qoNGmx4.jpg,
qLOguMs0yo4,E:\Data\ObsidianVault\02_Channels\馴れ初めシネマ\競合チャンネル分析\企画リサーチ_20260605\gcs_upload_staging\naresome_thumbnails\qLOguMs0yo4.jpg,316423,gs://senior-share-staging-570862915709/naresome_thumbnails/qLOguMs0yo4.jpg,
qLSmAg_ReRU,E:\Data\ObsidianVault\02_Channels\馴れ初めシネマ\競合チャンネル分析\企画リサーチ_20260605\gcs_upload_staging\naresome_thumbnails\qLSmAg_ReRU.jpg,283947,gs://senior-share-staging-570862915709/naresome_thumbnails/qLSmAg_ReRU.jpg,
qLft1VGOVY4,E:\Data\ObsidianVault\02_Channels\馴れ初めシネマ\競合チャンネル分析\企画リサーチ_20260605\gcs_upload_staging\naresome_thumbnails\qLft1VGOVY4.jpg,267978,gs://senior-share-staging-570862915709/naresome_thumbnails/qLft1VGOVY4.jpg,
qMurGvhW418,E:\Data\ObsidianVault\02_Channels\馴れ初めシネマ\競合チャンネル分析\企画リサーチ_20260605\gcs_upload_staging\naresome_thumbnails\qMurGvhW418.jpg,241819,gs://senior-share-staging-570862915709/naresome_thumbnails/qMurGvhW418.jpg,
qOX09xILkVE,E:\Data\ObsidianVault\02_Channels\馴れ初めシネマ\競合チャンネル分析\企画リサーチ_20260605\gcs_upload_staging\naresome_thumbnails\qOX09xILkVE.jpg,238320,gs://senior-share-staging-570862915709/naresome_thumbnails/qOX09xILkVE.jpg,
qQXw1ZHA210,E:\Data\ObsidianVault\02_Channels\馴れ初めシネマ\競合チャンネル分析\企画リサーチ_20260605\gcs_upload_staging\naresome_thumbnails\qQXw1ZHA210.jpg,238011,gs://senior-share-staging-570862915709/naresome_thumbnails/qQXw1ZHA210.jpg,
qRl6Px7qeZM,E:\Data\ObsidianVault\02_Channels\馴れ初めシネマ\競合チャンネル分析\企画リサーチ_20260605\gcs_upload_staging\naresome_thumbnails\qRl6Px7qeZM.jpg,256501,gs://senior-share-staging-570862915709/naresome_thumbnails/qRl6Px7qeZM.jpg,
qSJVnEviU0Y,E:\Data\ObsidianVault\02_Channels\馴れ初めシネマ\競合チャンネル分析\企画リサーチ_20260605\gcs_upload_staging\naresome_thumbnails\qSJVnEviU0Y.jpg,232365,gs://senior-share-staging-570862915709/naresome_thumbnails/qSJVnEviU0Y.jpg,
qSupEE0pvnc,E:\Data\ObsidianVault\02_Channels\馴れ初めシネマ\競合チャンネル分析\企画リサーチ_20260605\gcs_upload_staging\naresome_thumbnails\qSupEE0pvnc.jpg,261213,gs://senior-share-staging-570862915709/naresome_thumbnails/qSupEE0pvnc.jpg,
qV3QUntszlQ,E:\Data\ObsidianVault\02_Channels\馴れ初めシネマ\競合チャンネル分析\企画リサーチ_20260605\gcs_upload_staging\naresome_thumbnails\qV3QUntszlQ.jpg,261557,gs://senior-share-staging-570862915709/naresome_thumbnails/qV3QUntszlQ.jpg,
qVAOsZUJbcc,E:\Data\ObsidianVault\02_Channels\馴れ初めシネマ\競合チャンネル分析\企画リサーチ_20260605\gcs_upload_staging\naresome_thumbnails\qVAOsZUJbcc.jpg,275130,gs://senior-share-staging-570862915709/naresome_thumbnails/qVAOsZUJbcc.jpg,
qWK88p_S8GY,E:\Data\ObsidianVault\02_Channels\馴れ初めシネマ\競合チャンネル分析\企画リサーチ_20260605\gcs_upload_staging\naresome_thumbnails\qWK88p_S8GY.jpg,249844,gs://senior-share-staging-570862915709/naresome_thumbnails/qWK88p_S8GY.jpg,
qZA9CSgZ5lk,E:\Data\ObsidianVault\02_Channels\馴れ初めシネマ\競合チャンネル分析\企画リサーチ_20260605\gcs_upload_staging\naresome_thumbnails\qZA9CSgZ5lk.jpg,243557,gs://senior-share-staging-570862915709/naresome_thumbnails/qZA9CSgZ5lk.jpg,
qZOoZWH4u0w,E:\Data\ObsidianVault\02_Channels\馴れ初めシネマ\競合チャンネル分析\企画リサーチ_20260605\gcs_upload_staging\naresome_thumbnails\qZOoZWH4u0w.jpg,273441,gs://senior-share-staging-570862915709/naresome_thumbnails/qZOoZWH4u0w.jpg,
qbJZXvpknSI,E:\Data\ObsidianVault\02_Channels\馴れ初めシネマ\競合チャンネル分析\企画リサーチ_20260605\gcs_upload_staging\naresome_thumbnails\qbJZXvpknSI.jpg,248295,gs://senior-share-staging-570862915709/naresome_thumbnails/qbJZXvpknSI.jpg,
qf103fYSmzs,E:\Data\ObsidianVault\02_Channels\馴れ初めシネマ\競合チャンネル分析\企画リサーチ_20260605\gcs_upload_staging\naresome_thumbnails\qf103fYSmzs.jpg,254950,gs://senior-share-staging-570862915709/naresome_thumbnails/qf103fYSmzs.jpg,
qfLxBHu6HPc,E:\Data\ObsidianVault\02_Channels\馴れ初めシネマ\競合チャンネル分析\企画リサーチ_20260605\gcs_upload_staging\naresome_thumbnails\qfLxBHu6HPc.jpg,272452,gs://senior-share-staging-570862915709/naresome_thumbnails/qfLxBHu6HPc.jpg,
qffkMLEYw4c,E:\Data\ObsidianVault\02_Channels\馴れ初めシネマ\競合チャンネル分析\企画リサーチ_20260605\gcs_upload_staging\naresome_thumbnails\qffkMLEYw4c.jpg,257448,gs://senior-share-staging-570862915709/naresome_thumbnails/qffkMLEYw4c.jpg,
qftPVrd6SjA,E:\Data\ObsidianVault\02_Channels\馴れ初めシネマ\競合チャンネル分析\企画リサーチ_20260605\gcs_upload_staging\naresome_thumbnails\qftPVrd6SjA.jpg,254391,gs://senior-share-staging-570862915709/naresome_thumbnails/qftPVrd6SjA.jpg,
qhqRD8XJFAc,E:\Data\ObsidianVault\02_Channels\馴れ初めシネマ\競合チャンネル分析\企画リサーチ_20260605\gcs_upload_staging\naresome_thumbnails\qhqRD8XJFAc.jpg,283767,gs://senior-share-staging-570862915709/naresome_thumbnails/qhqRD8XJFAc.jpg,
qj6w11ukjfg,E:\Data\ObsidianVault\02_Channels\馴れ初めシネマ\競合チャンネル分析\企画リサーチ_20260605\gcs_upload_staging\naresome_thumbnails\qj6w11ukjfg.jpg,263232,gs://senior-share-staging-570862915709/naresome_thumbnails/qj6w11ukjfg.jpg,
qmkbKGVR-ik,E:\Data\ObsidianVault\02_Channels\馴れ初めシネマ\競合チャンネル分析\企画リサーチ_20260605\gcs_upload_staging\naresome_thumbnails\qmkbKGVR-ik.jpg,281446,gs://senior-share-staging-570862915709/naresome_thumbnails/qmkbKGVR-ik.jpg,
qnL6yYSoDmk,E:\Data\ObsidianVault\02_Channels\馴れ初めシネマ\競合チャンネル分析\企画リサーチ_20260605\gcs_upload_staging\naresome_thumbnails\qnL6yYSoDmk.jpg,242876,gs://senior-share-staging-570862915709/naresome_thumbnails/qnL6yYSoDmk.jpg,
qonG513ES6Q,E:\Data\ObsidianVault\02_Channels\馴れ初めシネマ\競合チャンネル分析\企画リサーチ_20260605\gcs_upload_staging\naresome_thumbnails\qonG513ES6Q.jpg,239689,gs://senior-share-staging-570862915709/naresome_thumbnails/qonG513ES6Q.jpg,
qq2Y790KzCI,E:\Data\ObsidianVault\02_Channels\馴れ初めシネマ\競合チャンネル分析\企画リサーチ_20260605\gcs_upload_staging\naresome_thumbnails\qq2Y790KzCI.jpg,254303,gs://senior-share-staging-570862915709/naresome_thumbnails/qq2Y790KzCI.jpg,
qq_1ZOMTMgc,E:\Data\ObsidianVault\02_Channels\馴れ初めシネマ\競合チャンネル分析\企画リサーチ_20260605\gcs_upload_staging\naresome_thumbnails\qq_1ZOMTMgc.jpg,247971,gs://senior-share-staging-570862915709/naresome_thumbnails/qq_1ZOMTMgc.jpg,
qsBp47n45HE,E:\Data\ObsidianVault\02_Channels\馴れ初めシネマ\競合チャンネル分析\企画リサーチ_20260605\gcs_upload_staging\naresome_thumbnails\qsBp47n45HE.jpg,246745,gs://senior-share-staging-570862915709/naresome_thumbnails/qsBp47n45HE.jpg,
qvsdowEnuXE,E:\Data\ObsidianVault\02_Channels\馴れ初めシネマ\競合チャンネル分析\企画リサーチ_20260605\gcs_upload_staging\naresome_thumbnails\qvsdowEnuXE.jpg,256673,gs://senior-share-staging-570862915709/naresome_thumbnails/qvsdowEnuXE.jpg,
qyJPkXJjygE,E:\Data\ObsidianVault\02_Channels\馴れ初めシネマ\競合チャンネル分析\企画リサーチ_20260605\gcs_upload_staging\naresome_thumbnails\qyJPkXJjygE.jpg,255772,gs://senior-share-staging-570862915709/naresome_thumbnails/qyJPkXJjygE.jpg,
qzfovq_hoTI,E:\Data\ObsidianVault\02_Channels\馴れ初めシネマ\競合チャンネル分析\企画リサーチ_20260605\gcs_upload_staging\naresome_thumbnails\qzfovq_hoTI.jpg,271844,gs://senior-share-staging-570862915709/naresome_thumbnails/qzfovq_hoTI.jpg,
r-8kiGiHeiA,E:\Data\ObsidianVault\02_Channels\馴れ初めシネマ\競合チャンネル分析\企画リサーチ_20260605\gcs_upload_staging\naresome_thumbnails\r-8kiGiHeiA.jpg,242574,gs://senior-share-staging-570862915709/naresome_thumbnails/r-8kiGiHeiA.jpg,
r17DLWLZd38,E:\Data\ObsidianVault\02_Channels\馴れ初めシネマ\競合チャンネル分析\企画リサーチ_20260605\gcs_upload_staging\naresome_thumbnails\r17DLWLZd38.jpg,249877,gs://senior-share-staging-570862915709/naresome_thumbnails/r17DLWLZd38.jpg,
r1c-y_DqiL4,E:\Data\ObsidianVault\02_Channels\馴れ初めシネマ\競合チャンネル分析\企画リサーチ_20260605\gcs_upload_staging\naresome_thumbnails\r1c-y_DqiL4.jpg,235575,gs://senior-share-staging-570862915709/naresome_thumbnails/r1c-y_DqiL4.jpg,
r1rjDnU9FzI,E:\Data\ObsidianVault\02_Channels\馴れ初めシネマ\競合チャンネル分析\企画リサーチ_20260605\gcs_upload_staging\naresome_thumbnails\r1rjDnU9FzI.jpg,256536,gs://senior-share-staging-570862915709/naresome_thumbnails/r1rjDnU9FzI.jpg,
r1uqq-cCQt4,E:\Data\ObsidianVault\02_Channels\馴れ初めシネマ\競合チャンネル分析\企画リサーチ_20260605\gcs_upload_staging\naresome_thumbnails\r1uqq-cCQt4.jpg,278488,gs://senior-share-staging-570862915709/naresome_thumbnails/r1uqq-cCQt4.jpg,
r3IUOGgK_xE,E:\Data\ObsidianVault\02_Channels\馴れ初めシネマ\競合チャンネル分析\企画リサーチ_20260605\gcs_upload_staging\naresome_thumbnails\r3IUOGgK_xE.jpg,254719,gs://senior-share-staging-570862915709/naresome_thumbnails/r3IUOGgK_xE.jpg,
r413kNJqGhI,E:\Data\ObsidianVault\02_Channels\馴れ初めシネマ\競合チャンネル分析\企画リサーチ_20260605\gcs_upload_staging\naresome_thumbnails\r413kNJqGhI.jpg,239583,gs://senior-share-staging-570862915709/naresome_thumbnails/r413kNJqGhI.jpg,
r5Pl0-ZtK4w,E:\Data\ObsidianVault\02_Channels\馴れ初めシネマ\競合チャンネル分析\企画リサーチ_20260605\gcs_upload_staging\naresome_thumbnails\r5Pl0-ZtK4w.jpg,329036,gs://senior-share-staging-570862915709/naresome_thumbnails/r5Pl0-ZtK4w.jpg,
r5i6k0o8eWA,E:\Data\ObsidianVault\02_Channels\馴れ初めシネマ\競合チャンネル分析\企画リサーチ_20260605\gcs_upload_staging\naresome_thumbnails\r5i6k0o8eWA.jpg,264340,gs://senior-share-staging-570862915709/naresome_thumbnails/r5i6k0o8eWA.jpg,
r6YWPatVCWI,E:\Data\ObsidianVault\02_Channels\馴れ初めシネマ\競合チャンネル分析\企画リサーチ_20260605\gcs_upload_staging\naresome_thumbnails\r6YWPatVCWI.jpg,247189,gs://senior-share-staging-570862915709/naresome_thumbnails/r6YWPatVCWI.jpg,
r77JLnkh2C0,E:\Data\ObsidianVault\02_Channels\馴れ初めシネマ\競合チャンネル分析\企画リサーチ_20260605\gcs_upload_staging\naresome_thumbnails\r77JLnkh2C0.jpg,243358,gs://senior-share-staging-570862915709/naresome_thumbnails/r77JLnkh2C0.jpg,
rBtaxD-mvmI,E:\Data\ObsidianVault\02_Channels\馴れ初めシネマ\競合チャンネル分析\企画リサーチ_20260605\gcs_upload_staging\naresome_thumbnails\rBtaxD-mvmI.jpg,220254,gs://senior-share-staging-570862915709/naresome_thumbnails/rBtaxD-mvmI.jpg,
rByC6KM3FQI,E:\Data\ObsidianVault\02_Channels\馴れ初めシネマ\競合チャンネル分析\企画リサーチ_20260605\gcs_upload_staging\naresome_thumbnails\rByC6KM3FQI.jpg,338959,gs://senior-share-staging-570862915709/naresome_thumbnails/rByC6KM3FQI.jpg,
rEB2NrcMSgY,E:\Data\ObsidianVault\02_Channels\馴れ初めシネマ\競合チャンネル分析\企画リサーチ_20260605\gcs_upload_staging\naresome_thumbnails\rEB2NrcMSgY.jpg,262455,gs://senior-share-staging-570862915709/naresome_thumbnails/rEB2NrcMSgY.jpg,
rG1ZRoDx62I,E:\Data\ObsidianVault\02_Channels\馴れ初めシネマ\競合チャンネル分析\企画リサーチ_20260605\gcs_upload_staging\naresome_thumbnails\rG1ZRoDx62I.jpg,254542,gs://senior-share-staging-570862915709/naresome_thumbnails/rG1ZRoDx62I.jpg,
rHsSC1EzBto,E:\Data\ObsidianVault\02_Channels\馴れ初めシネマ\競合チャンネル分析\企画リサーチ_20260605\gcs_upload_staging\naresome_thumbnails\rHsSC1EzBto.jpg,233625,gs://senior-share-staging-570862915709/naresome_thumbnails/rHsSC1EzBto.jpg,
rJNRCBo6UVw,E:\Data\ObsidianVault\02_Channels\馴れ初めシネマ\競合チャンネル分析\企画リサーチ_20260605\gcs_upload_staging\naresome_thumbnails\rJNRCBo6UVw.jpg,349478,gs://senior-share-staging-570862915709/naresome_thumbnails/rJNRCBo6UVw.jpg,
rLGCEfrxYbo,E:\Data\ObsidianVault\02_Channels\馴れ初めシネマ\競合チャンネル分析\企画リサーチ_20260605\gcs_upload_staging\naresome_thumbnails\rLGCEfrxYbo.jpg,238993,gs://senior-share-staging-570862915709/naresome_thumbnails/rLGCEfrxYbo.jpg,
rOtlJpCR3AU,E:\Data\ObsidianVault\02_Channels\馴れ初めシネマ\競合チャンネル分析\企画リサーチ_20260605\gcs_upload_staging\naresome_thumbnails\rOtlJpCR3AU.jpg,267601,gs://senior-share-staging-570862915709/naresome_thumbnails/rOtlJpCR3AU.jpg,
rOynWuvPPrg,E:\Data\ObsidianVault\02_Channels\馴れ初めシネマ\競合チャンネル分析\企画リサーチ_20260605\gcs_upload_staging\naresome_thumbnails\rOynWuvPPrg.jpg,323912,gs://senior-share-staging-570862915709/naresome_thumbnails/rOynWuvPPrg.jpg,
rQTG9QuOvs4,E:\Data\ObsidianVault\02_Channels\馴れ初めシネマ\競合チャンネル分析\企画リサーチ_20260605\gcs_upload_staging\naresome_thumbnails\rQTG9QuOvs4.jpg,264857,gs://senior-share-staging-570862915709/naresome_thumbnails/rQTG9QuOvs4.jpg,
rQdTCuJn_wY,E:\Data\ObsidianVault\02_Channels\馴れ初めシネマ\競合チャンネル分析\企画リサーチ_20260605\gcs_upload_staging\naresome_thumbnails\rQdTCuJn_wY.jpg,248879,gs://senior-share-staging-570862915709/naresome_thumbnails/rQdTCuJn_wY.jpg,
rRgYTeMZ1J4,E:\Data\ObsidianVault\02_Channels\馴れ初めシネマ\競合チャンネル分析\企画リサーチ_20260605\gcs_upload_staging\naresome_thumbnails\rRgYTeMZ1J4.jpg,58823,gs://senior-share-staging-570862915709/naresome_thumbnails/rRgYTeMZ1J4.jpg,
rSUQt5nFtvM,E:\Data\ObsidianVault\02_Channels\馴れ初めシネマ\競合チャンネル分析\企画リサーチ_20260605\gcs_upload_staging\naresome_thumbnails\rSUQt5nFtvM.jpg,280510,gs://senior-share-staging-570862915709/naresome_thumbnails/rSUQt5nFtvM.jpg,
rTG5SsWXa0Y,E:\Data\ObsidianVault\02_Channels\馴れ初めシネマ\競合チャンネル分析\企画リサーチ_20260605\gcs_upload_staging\naresome_thumbnails\rTG5SsWXa0Y.jpg,247781,gs://senior-share-staging-570862915709/naresome_thumbnails/rTG5SsWXa0Y.jpg,
rUy7EpzO8kk,E:\Data\ObsidianVault\02_Channels\馴れ初めシネマ\競合チャンネル分析\企画リサーチ_20260605\gcs_upload_staging\naresome_thumbnails\rUy7EpzO8kk.jpg,229547,gs://senior-share-staging-570862915709/naresome_thumbnails/rUy7EpzO8kk.jpg,
rWRGK1ICzzc,E:\Data\ObsidianVault\02_Channels\馴れ初めシネマ\競合チャンネル分析\企画リサーチ_20260605\gcs_upload_staging\naresome_thumbnails\rWRGK1ICzzc.jpg,241954,gs://senior-share-staging-570862915709/naresome_thumbnails/rWRGK1ICzzc.jpg,
rWoDaXCaZ8Y,E:\Data\ObsidianVault\02_Channels\馴れ初めシネマ\競合チャンネル分析\企画リサーチ_20260605\gcs_upload_staging\naresome_thumbnails\rWoDaXCaZ8Y.jpg,253364,gs://senior-share-staging-570862915709/naresome_thumbnails/rWoDaXCaZ8Y.jpg,
rXa3ROeV5Is,E:\Data\ObsidianVault\02_Channels\馴れ初めシネマ\競合チャンネル分析\企画リサーチ_20260605\gcs_upload_staging\naresome_thumbnails\rXa3ROeV5Is.jpg,274470,gs://senior-share-staging-570862915709/naresome_thumbnails/rXa3ROeV5Is.jpg,
raC4FD3cpKc,E:\Data\ObsidianVault\02_Channels\馴れ初めシネマ\競合チャンネル分析\企画リサーチ_20260605\gcs_upload_staging\naresome_thumbnails\raC4FD3cpKc.jpg,250132,gs://senior-share-staging-570862915709/naresome_thumbnails/raC4FD3cpKc.jpg,
rcu3efdjvBs,E:\Data\ObsidianVault\02_Channels\馴れ初めシネマ\競合チャンネル分析\企画リサーチ_20260605\gcs_upload_staging\naresome_thumbnails\rcu3efdjvBs.jpg,279495,gs://senior-share-staging-570862915709/naresome_thumbnails/rcu3efdjvBs.jpg,
rdOWU1opzGE,E:\Data\ObsidianVault\02_Channels\馴れ初めシネマ\競合チャンネル分析\企画リサーチ_20260605\gcs_upload_staging\naresome_thumbnails\rdOWU1opzGE.jpg,254027,gs://senior-share-staging-570862915709/naresome_thumbnails/rdOWU1opzGE.jpg,
rdgcAeNwS20,E:\Data\ObsidianVault\02_Channels\馴れ初めシネマ\競合チャンネル分析\企画リサーチ_20260605\gcs_upload_staging\naresome_thumbnails\rdgcAeNwS20.jpg,239646,gs://senior-share-staging-570862915709/naresome_thumbnails/rdgcAeNwS20.jpg,
rhljB4dIL-E,E:\Data\ObsidianVault\02_Channels\馴れ初めシネマ\競合チャンネル分析\企画リサーチ_20260605\gcs_upload_staging\naresome_thumbnails\rhljB4dIL-E.jpg,252353,gs://senior-share-staging-570862915709/naresome_thumbnails/rhljB4dIL-E.jpg,
rj9RMtwBFnc,E:\Data\ObsidianVault\02_Channels\馴れ初めシネマ\競合チャンネル分析\企画リサーチ_20260605\gcs_upload_staging\naresome_thumbnails\rj9RMtwBFnc.jpg,264157,gs://senior-share-staging-570862915709/naresome_thumbnails/rj9RMtwBFnc.jpg,
rnKACECKye4,E:\Data\ObsidianVault\02_Channels\馴れ初めシネマ\競合チャンネル分析\企画リサーチ_20260605\gcs_upload_staging\naresome_thumbnails\rnKACECKye4.jpg,244337,gs://senior-share-staging-570862915709/naresome_thumbnails/rnKACECKye4.jpg,
ro90YWLGzTg,E:\Data\ObsidianVault\02_Channels\馴れ初めシネマ\競合チャンネル分析\企画リサーチ_20260605\gcs_upload_staging\naresome_thumbnails\ro90YWLGzTg.jpg,263344,gs://senior-share-staging-570862915709/naresome_thumbnails/ro90YWLGzTg.jpg,
rquzepTPoBA,E:\Data\ObsidianVault\02_Channels\馴れ初めシネマ\競合チャンネル分析\企画リサーチ_20260605\gcs_upload_staging\naresome_thumbnails\rquzepTPoBA.jpg,286888,gs://senior-share-staging-570862915709/naresome_thumbnails/rquzepTPoBA.jpg,
rrWNOBn8h2k,E:\Data\ObsidianVault\02_Channels\馴れ初めシネマ\競合チャンネル分析\企画リサーチ_20260605\gcs_upload_staging\naresome_thumbnails\rrWNOBn8h2k.jpg,280440,gs://senior-share-staging-570862915709/naresome_thumbnails/rrWNOBn8h2k.jpg,
ruEQD6J_Wd8,E:\Data\ObsidianVault\02_Channels\馴れ初めシネマ\競合チャンネル分析\企画リサーチ_20260605\gcs_upload_staging\naresome_thumbnails\ruEQD6J_Wd8.jpg,255651,gs://senior-share-staging-570862915709/naresome_thumbnails/ruEQD6J_Wd8.jpg,
rvu0Mr7czkM,E:\Data\ObsidianVault\02_Channels\馴れ初めシネマ\競合チャンネル分析\企画リサーチ_20260605\gcs_upload_staging\naresome_thumbnails\rvu0Mr7czkM.jpg,267026,gs://senior-share-staging-570862915709/naresome_thumbnails/rvu0Mr7czkM.jpg,
rwM81-5dAOw,E:\Data\ObsidianVault\02_Channels\馴れ初めシネマ\競合チャンネル分析\企画リサーチ_20260605\gcs_upload_staging\naresome_thumbnails\rwM81-5dAOw.jpg,261666,gs://senior-share-staging-570862915709/naresome_thumbnails/rwM81-5dAOw.jpg,
ry4rcSCVkK4,E:\Data\ObsidianVault\02_Channels\馴れ初めシネマ\競合チャンネル分析\企画リサーチ_20260605\gcs_upload_staging\naresome_thumbnails\ry4rcSCVkK4.jpg,253320,gs://senior-share-staging-570862915709/naresome_thumbnails/ry4rcSCVkK4.jpg,
rygFOLG7de0,E:\Data\ObsidianVault\02_Channels\馴れ初めシネマ\競合チャンネル分析\企画リサーチ_20260605\gcs_upload_staging\naresome_thumbnails\rygFOLG7de0.jpg,265967,gs://senior-share-staging-570862915709/naresome_thumbnails/rygFOLG7de0.jpg,
s-0n5wBRTck,E:\Data\ObsidianVault\02_Channels\馴れ初めシネマ\競合チャンネル分析\企画リサーチ_20260605\gcs_upload_staging\naresome_thumbnails\s-0n5wBRTck.jpg,249173,gs://senior-share-staging-570862915709/naresome_thumbnails/s-0n5wBRTck.jpg,
s-QhxRM-0gI,E:\Data\ObsidianVault\02_Channels\馴れ初めシネマ\競合チャンネル分析\企画リサーチ_20260605\gcs_upload_staging\naresome_thumbnails\s-QhxRM-0gI.jpg,244449,gs://senior-share-staging-570862915709/naresome_thumbnails/s-QhxRM-0gI.jpg,
s-T3eUc4g_U,E:\Data\ObsidianVault\02_Channels\馴れ初めシネマ\競合チャンネル分析\企画リサーチ_20260605\gcs_upload_staging\naresome_thumbnails\s-T3eUc4g_U.jpg,258328,gs://senior-share-staging-570862915709/naresome_thumbnails/s-T3eUc4g_U.jpg,
s-zDqE0NMew,E:\Data\ObsidianVault\02_Channels\馴れ初めシネマ\競合チャンネル分析\企画リサーチ_20260605\gcs_upload_staging\naresome_thumbnails\s-zDqE0NMew.jpg,247969,gs://senior-share-staging-570862915709/naresome_thumbnails/s-zDqE0NMew.jpg,
s0-QuxLz4vQ,E:\Data\ObsidianVault\02_Channels\馴れ初めシネマ\競合チャンネル分析\企画リサーチ_20260605\gcs_upload_staging\naresome_thumbnails\s0-QuxLz4vQ.jpg,263099,gs://senior-share-staging-570862915709/naresome_thumbnails/s0-QuxLz4vQ.jpg,
s1q2A0nT4ho,E:\Data\ObsidianVault\02_Channels\馴れ初めシネマ\競合チャンネル分析\企画リサーチ_20260605\gcs_upload_staging\naresome_thumbnails\s1q2A0nT4ho.jpg,250869,gs://senior-share-staging-570862915709/naresome_thumbnails/s1q2A0nT4ho.jpg,
s1rMeVKlerk,E:\Data\ObsidianVault\02_Channels\馴れ初めシネマ\競合チャンネル分析\企画リサーチ_20260605\gcs_upload_staging\naresome_thumbnails\s1rMeVKlerk.jpg,254006,gs://senior-share-staging-570862915709/naresome_thumbnails/s1rMeVKlerk.jpg,
s1vSK8u25lA,E:\Data\ObsidianVault\02_Channels\馴れ初めシネマ\競合チャンネル分析\企画リサーチ_20260605\gcs_upload_staging\naresome_thumbnails\s1vSK8u25lA.jpg,230311,gs://senior-share-staging-570862915709/naresome_thumbnails/s1vSK8u25lA.jpg,
s26mX6XKd60,E:\Data\ObsidianVault\02_Channels\馴れ初めシネマ\競合チャンネル分析\企画リサーチ_20260605\gcs_upload_staging\naresome_thumbnails\s26mX6XKd60.jpg,254879,gs://senior-share-staging-570862915709/naresome_thumbnails/s26mX6XKd60.jpg,
s2pNHXUBT50,E:\Data\ObsidianVault\02_Channels\馴れ初めシネマ\競合チャンネル分析\企画リサーチ_20260605\gcs_upload_staging\naresome_thumbnails\s2pNHXUBT50.jpg,246509,gs://senior-share-staging-570862915709/naresome_thumbnails/s2pNHXUBT50.jpg,
s2vJQ1wnqMw,E:\Data\ObsidianVault\02_Channels\馴れ初めシネマ\競合チャンネル分析\企画リサーチ_20260605\gcs_upload_staging\naresome_thumbnails\s2vJQ1wnqMw.jpg,259668,gs://senior-share-staging-570862915709/naresome_thumbnails/s2vJQ1wnqMw.jpg,
s4Q3Jm6iwMw,E:\Data\ObsidianVault\02_Channels\馴れ初めシネマ\競合チャンネル分析\企画リサーチ_20260605\gcs_upload_staging\naresome_thumbnails\s4Q3Jm6iwMw.jpg,264674,gs://senior-share-staging-570862915709/naresome_thumbnails/s4Q3Jm6iwMw.jpg,
s52Q-rV5FNg,E:\Data\ObsidianVault\02_Channels\馴れ初めシネマ\競合チャンネル分析\企画リサーチ_20260605\gcs_upload_staging\naresome_thumbnails\s52Q-rV5FNg.jpg,256914,gs://senior-share-staging-570862915709/naresome_thumbnails/s52Q-rV5FNg.jpg,
s5MiqUFM5S0,E:\Data\ObsidianVault\02_Channels\馴れ初めシネマ\競合チャンネル分析\企画リサーチ_20260605\gcs_upload_staging\naresome_thumbnails\s5MiqUFM5S0.jpg,245902,gs://senior-share-staging-570862915709/naresome_thumbnails/s5MiqUFM5S0.jpg,
s5dVTf-gAhE,E:\Data\ObsidianVault\02_Channels\馴れ初めシネマ\競合チャンネル分析\企画リサーチ_20260605\gcs_upload_staging\naresome_thumbnails\s5dVTf-gAhE.jpg,259373,gs://senior-share-staging-570862915709/naresome_thumbnails/s5dVTf-gAhE.jpg,
s5yBIqHJbv8,E:\Data\ObsidianVault\02_Channels\馴れ初めシネマ\競合チャンネル分析\企画リサーチ_20260605\gcs_upload_staging\naresome_thumbnails\s5yBIqHJbv8.jpg,245704,gs://senior-share-staging-570862915709/naresome_thumbnails/s5yBIqHJbv8.jpg,
s6sY1V-UEyk,E:\Data\ObsidianVault\02_Channels\馴れ初めシネマ\競合チャンネル分析\企画リサーチ_20260605\gcs_upload_staging\naresome_thumbnails\s6sY1V-UEyk.jpg,267363,gs://senior-share-staging-570862915709/naresome_thumbnails/s6sY1V-UEyk.jpg,
s7H3Erpq-O4,E:\Data\ObsidianVault\02_Channels\馴れ初めシネマ\競合チャンネル分析\企画リサーチ_20260605\gcs_upload_staging\naresome_thumbnails\s7H3Erpq-O4.jpg,232123,gs://senior-share-staging-570862915709/naresome_thumbnails/s7H3Erpq-O4.jpg,
s85fC1RzhMc,E:\Data\ObsidianVault\02_Channels\馴れ初めシネマ\競合チャンネル分析\企画リサーチ_20260605\gcs_upload_staging\naresome_thumbnails\s85fC1RzhMc.jpg,245155,gs://senior-share-staging-570862915709/naresome_thumbnails/s85fC1RzhMc.jpg,
s86IAUrevvk,E:\Data\ObsidianVault\02_Channels\馴れ初めシネマ\競合チャンネル分析\企画リサーチ_20260605\gcs_upload_staging\naresome_thumbnails\s86IAUrevvk.jpg,315947,gs://senior-share-staging-570862915709/naresome_thumbnails/s86IAUrevvk.jpg,
s8Czk23E5Ww,E:\Data\ObsidianVault\02_Channels\馴れ初めシネマ\競合チャンネル分析\企画リサーチ_20260605\gcs_upload_staging\naresome_thumbnails\s8Czk23E5Ww.jpg,260822,gs://senior-share-staging-570862915709/naresome_thumbnails/s8Czk23E5Ww.jpg,
s9XqbJo_Qug,E:\Data\ObsidianVault\02_Channels\馴れ初めシネマ\競合チャンネル分析\企画リサーチ_20260605\gcs_upload_staging\naresome_thumbnails\s9XqbJo_Qug.jpg,277137,gs://senior-share-staging-570862915709/naresome_thumbnails/s9XqbJo_Qug.jpg,
sB67D3GK_3k,E:\Data\ObsidianVault\02_Channels\馴れ初めシネマ\競合チャンネル分析\企画リサーチ_20260605\gcs_upload_staging\naresome_thumbnails\sB67D3GK_3k.jpg,252955,gs://senior-share-staging-570862915709/naresome_thumbnails/sB67D3GK_3k.jpg,
sBs0MLtr4jw,E:\Data\ObsidianVault\02_Channels\馴れ初めシネマ\競合チャンネル分析\企画リサーチ_20260605\gcs_upload_staging\naresome_thumbnails\sBs0MLtr4jw.jpg,223963,gs://senior-share-staging-570862915709/naresome_thumbnails/sBs0MLtr4jw.jpg,
sC4Oum6ht7o,E:\Data\ObsidianVault\02_Channels\馴れ初めシネマ\競合チャンネル分析\企画リサーチ_20260605\gcs_upload_staging\naresome_thumbnails\sC4Oum6ht7o.jpg,245556,gs://senior-share-staging-570862915709/naresome_thumbnails/sC4Oum6ht7o.jpg,
sDeg7TYwx8U,E:\Data\ObsidianVault\02_Channels\馴れ初めシネマ\競合チャンネル分析\企画リサーチ_20260605\gcs_upload_staging\naresome_thumbnails\sDeg7TYwx8U.jpg,245195,gs://senior-share-staging-570862915709/naresome_thumbnails/sDeg7TYwx8U.jpg,
sEM3kkOuIE4,E:\Data\ObsidianVault\02_Channels\馴れ初めシネマ\競合チャンネル分析\企画リサーチ_20260605\gcs_upload_staging\naresome_thumbnails\sEM3kkOuIE4.jpg,259109,gs://senior-share-staging-570862915709/naresome_thumbnails/sEM3kkOuIE4.jpg,
sENgZs7HRV4,E:\Data\ObsidianVault\02_Channels\馴れ初めシネマ\競合チャンネル分析\企画リサーチ_20260605\gcs_upload_staging\naresome_thumbnails\sENgZs7HRV4.jpg,256508,gs://senior-share-staging-570862915709/naresome_thumbnails/sENgZs7HRV4.jpg,
sEifgeWxtww,E:\Data\ObsidianVault\02_Channels\馴れ初めシネマ\競合チャンネル分析\企画リサーチ_20260605\gcs_upload_staging\naresome_thumbnails\sEifgeWxtww.jpg,243551,gs://senior-share-staging-570862915709/naresome_thumbnails/sEifgeWxtww.jpg,
sG58EJl0E6Q,E:\Data\ObsidianVault\02_Channels\馴れ初めシネマ\競合チャンネル分析\企画リサーチ_20260605\gcs_upload_staging\naresome_thumbnails\sG58EJl0E6Q.jpg,247946,gs://senior-share-staging-570862915709/naresome_thumbnails/sG58EJl0E6Q.jpg,
sGGIqSksV0w,E:\Data\ObsidianVault\02_Channels\馴れ初めシネマ\競合チャンネル分析\企画リサーチ_20260605\gcs_upload_staging\naresome_thumbnails\sGGIqSksV0w.jpg,259092,gs://senior-share-staging-570862915709/naresome_thumbnails/sGGIqSksV0w.jpg,
sHxujpn-hpM,E:\Data\ObsidianVault\02_Channels\馴れ初めシネマ\競合チャンネル分析\企画リサーチ_20260605\gcs_upload_staging\naresome_thumbnails\sHxujpn-hpM.jpg,236422,gs://senior-share-staging-570862915709/naresome_thumbnails/sHxujpn-hpM.jpg,
sKgRWB31eO4,E:\Data\ObsidianVault\02_Channels\馴れ初めシネマ\競合チャンネル分析\企画リサーチ_20260605\gcs_upload_staging\naresome_thumbnails\sKgRWB31eO4.jpg,292914,gs://senior-share-staging-570862915709/naresome_thumbnails/sKgRWB31eO4.jpg,
sLGXDy1pni8,E:\Data\ObsidianVault\02_Channels\馴れ初めシネマ\競合チャンネル分析\企画リサーチ_20260605\gcs_upload_staging\naresome_thumbnails\sLGXDy1pni8.jpg,263244,gs://senior-share-staging-570862915709/naresome_thumbnails/sLGXDy1pni8.jpg,
sMJa6BGgIFs,E:\Data\ObsidianVault\02_Channels\馴れ初めシネマ\競合チャンネル分析\企画リサーチ_20260605\gcs_upload_staging\naresome_thumbnails\sMJa6BGgIFs.jpg,270474,gs://senior-share-staging-570862915709/naresome_thumbnails/sMJa6BGgIFs.jpg,
sMXwSj46T3U,E:\Data\ObsidianVault\02_Channels\馴れ初めシネマ\競合チャンネル分析\企画リサーチ_20260605\gcs_upload_staging\naresome_thumbnails\sMXwSj46T3U.jpg,304439,gs://senior-share-staging-570862915709/naresome_thumbnails/sMXwSj46T3U.jpg,
sMhx2UYR0vo,E:\Data\ObsidianVault\02_Channels\馴れ初めシネマ\競合チャンネル分析\企画リサーチ_20260605\gcs_upload_staging\naresome_thumbnails\sMhx2UYR0vo.jpg,279885,gs://senior-share-staging-570862915709/naresome_thumbnails/sMhx2UYR0vo.jpg,
sMsmLW75X9w,E:\Data\ObsidianVault\02_Channels\馴れ初めシネマ\競合チャンネル分析\企画リサーチ_20260605\gcs_upload_staging\naresome_thumbnails\sMsmLW75X9w.jpg,266253,gs://senior-share-staging-570862915709/naresome_thumbnails/sMsmLW75X9w.jpg,
sOvlJxq-43o,E:\Data\ObsidianVault\02_Channels\馴れ初めシネマ\競合チャンネル分析\企画リサーチ_20260605\gcs_upload_staging\naresome_thumbnails\sOvlJxq-43o.jpg,266025,gs://senior-share-staging-570862915709/naresome_thumbnails/sOvlJxq-43o.jpg,
sQesVIRhKA4,E:\Data\ObsidianVault\02_Channels\馴れ初めシネマ\競合チャンネル分析\企画リサーチ_20260605\gcs_upload_staging\naresome_thumbnails\sQesVIRhKA4.jpg,228513,gs://senior-share-staging-570862915709/naresome_thumbnails/sQesVIRhKA4.jpg,
sQgtwoiQ4JE,E:\Data\ObsidianVault\02_Channels\馴れ初めシネマ\競合チャンネル分析\企画リサーチ_20260605\gcs_upload_staging\naresome_thumbnails\sQgtwoiQ4JE.jpg,260948,gs://senior-share-staging-570862915709/naresome_thumbnails/sQgtwoiQ4JE.jpg,
sRaD_uBy2Xc,E:\Data\ObsidianVault\02_Channels\馴れ初めシネマ\競合チャンネル分析\企画リサーチ_20260605\gcs_upload_staging\naresome_thumbnails\sRaD_uBy2Xc.jpg,273344,gs://senior-share-staging-570862915709/naresome_thumbnails/sRaD_uBy2Xc.jpg,
sSNibB3pSok,E:\Data\ObsidianVault\02_Channels\馴れ初めシネマ\競合チャンネル分析\企画リサーチ_20260605\gcs_upload_staging\naresome_thumbnails\sSNibB3pSok.jpg,247916,gs://senior-share-staging-570862915709/naresome_thumbnails/sSNibB3pSok.jpg,
sTI6Z0263-U,E:\Data\ObsidianVault\02_Channels\馴れ初めシネマ\競合チャンネル分析\企画リサーチ_20260605\gcs_upload_staging\naresome_thumbnails\sTI6Z0263-U.jpg,311330,gs://senior-share-staging-570862915709/naresome_thumbnails/sTI6Z0263-U.jpg,
sUTMTWM07Ns,E:\Data\ObsidianVault\02_Channels\馴れ初めシネマ\競合チャンネル分析\企画リサーチ_20260605\gcs_upload_staging\naresome_thumbnails\sUTMTWM07Ns.jpg,240159,gs://senior-share-staging-570862915709/naresome_thumbnails/sUTMTWM07Ns.jpg,
sVFA4R-IXFo,E:\Data\ObsidianVault\02_Channels\馴れ初めシネマ\競合チャンネル分析\企画リサーチ_20260605\gcs_upload_staging\naresome_thumbnails\sVFA4R-IXFo.jpg,267197,gs://senior-share-staging-570862915709/naresome_thumbnails/sVFA4R-IXFo.jpg,
sVdj9m-UELo,E:\Data\ObsidianVault\02_Channels\馴れ初めシネマ\競合チャンネル分析\企画リサーチ_20260605\gcs_upload_staging\naresome_thumbnails\sVdj9m-UELo.jpg,232297,gs://senior-share-staging-570862915709/naresome_thumbnails/sVdj9m-UELo.jpg,
sVnNLMy7TfI,E:\Data\ObsidianVault\02_Channels\馴れ初めシネマ\競合チャンネル分析\企画リサーチ_20260605\gcs_upload_staging\naresome_thumbnails\sVnNLMy7TfI.jpg,267314,gs://senior-share-staging-570862915709/naresome_thumbnails/sVnNLMy7TfI.jpg,
sWUz8TNchxo,E:\Data\ObsidianVault\02_Channels\馴れ初めシネマ\競合チャンネル分析\企画リサーチ_20260605\gcs_upload_staging\naresome_thumbnails\sWUz8TNchxo.jpg,237254,gs://senior-share-staging-570862915709/naresome_thumbnails/sWUz8TNchxo.jpg,
sZlYEmMOOzk,E:\Data\ObsidianVault\02_Channels\馴れ初めシネマ\競合チャンネル分析\企画リサーチ_20260605\gcs_upload_staging\naresome_thumbnails\sZlYEmMOOzk.jpg,265768,gs://senior-share-staging-570862915709/naresome_thumbnails/sZlYEmMOOzk.jpg,
s_d5xX4AtkQ,E:\Data\ObsidianVault\02_Channels\馴れ初めシネマ\競合チャンネル分析\企画リサーチ_20260605\gcs_upload_staging\naresome_thumbnails\s_d5xX4AtkQ.jpg,306327,gs://senior-share-staging-570862915709/naresome_thumbnails/s_d5xX4AtkQ.jpg,
saWVUCOzNpI,E:\Data\ObsidianVault\02_Channels\馴れ初めシネマ\競合チャンネル分析\企画リサーチ_20260605\gcs_upload_staging\naresome_thumbnails\saWVUCOzNpI.jpg,262994,gs://senior-share-staging-570862915709/naresome_thumbnails/saWVUCOzNpI.jpg,
sdLC1oMdyFw,E:\Data\ObsidianVault\02_Channels\馴れ初めシネマ\競合チャンネル分析\企画リサーチ_20260605\gcs_upload_staging\naresome_thumbnails\sdLC1oMdyFw.jpg,332867,gs://senior-share-staging-570862915709/naresome_thumbnails/sdLC1oMdyFw.jpg,
sfvVxCt5fp4,E:\Data\ObsidianVault\02_Channels\馴れ初めシネマ\競合チャンネル分析\企画リサーチ_20260605\gcs_upload_staging\naresome_thumbnails\sfvVxCt5fp4.jpg,266975,gs://senior-share-staging-570862915709/naresome_thumbnails/sfvVxCt5fp4.jpg,
sg8jQAObbbw,E:\Data\ObsidianVault\02_Channels\馴れ初めシネマ\競合チャンネル分析\企画リサーチ_20260605\gcs_upload_staging\naresome_thumbnails\sg8jQAObbbw.jpg,251441,gs://senior-share-staging-570862915709/naresome_thumbnails/sg8jQAObbbw.jpg,
sirZWrNpjrs,E:\Data\ObsidianVault\02_Channels\馴れ初めシネマ\競合チャンネル分析\企画リサーチ_20260605\gcs_upload_staging\naresome_thumbnails\sirZWrNpjrs.jpg,257893,gs://senior-share-staging-570862915709/naresome_thumbnails/sirZWrNpjrs.jpg,
slLbHwC1udo,E:\Data\ObsidianVault\02_Channels\馴れ初めシネマ\競合チャンネル分析\企画リサーチ_20260605\gcs_upload_staging\naresome_thumbnails\slLbHwC1udo.jpg,240448,gs://senior-share-staging-570862915709/naresome_thumbnails/slLbHwC1udo.jpg,
sm83bcQy2l0,E:\Data\ObsidianVault\02_Channels\馴れ初めシネマ\競合チャンネル分析\企画リサーチ_20260605\gcs_upload_staging\naresome_thumbnails\sm83bcQy2l0.jpg,56450,gs://senior-share-staging-570862915709/naresome_thumbnails/sm83bcQy2l0.jpg,
snFvAfez4jk,E:\Data\ObsidianVault\02_Channels\馴れ初めシネマ\競合チャンネル分析\企画リサーチ_20260605\gcs_upload_staging\naresome_thumbnails\snFvAfez4jk.jpg,270467,gs://senior-share-staging-570862915709/naresome_thumbnails/snFvAfez4jk.jpg,
snpBuj3McHk,E:\Data\ObsidianVault\02_Channels\馴れ初めシネマ\競合チャンネル分析\企画リサーチ_20260605\gcs_upload_staging\naresome_thumbnails\snpBuj3McHk.jpg,266821,gs://senior-share-staging-570862915709/naresome_thumbnails/snpBuj3McHk.jpg,
sp5XUcuB24w,E:\Data\ObsidianVault\02_Channels\馴れ初めシネマ\競合チャンネル分析\企画リサーチ_20260605\gcs_upload_staging\naresome_thumbnails\sp5XUcuB24w.jpg,256682,gs://senior-share-staging-570862915709/naresome_thumbnails/sp5XUcuB24w.jpg,
spOVgpo5vGE,E:\Data\ObsidianVault\02_Channels\馴れ初めシネマ\競合チャンネル分析\企画リサーチ_20260605\gcs_upload_staging\naresome_thumbnails\spOVgpo5vGE.jpg,256642,gs://senior-share-staging-570862915709/naresome_thumbnails/spOVgpo5vGE.jpg,
spwhodrfeg4,E:\Data\ObsidianVault\02_Channels\馴れ初めシネマ\競合チャンネル分析\企画リサーチ_20260605\gcs_upload_staging\naresome_thumbnails\spwhodrfeg4.jpg,237190,gs://senior-share-staging-570862915709/naresome_thumbnails/spwhodrfeg4.jpg,
srBRLiRh1Qk,E:\Data\ObsidianVault\02_Channels\馴れ初めシネマ\競合チャンネル分析\企画リサーチ_20260605\gcs_upload_staging\naresome_thumbnails\srBRLiRh1Qk.jpg,234906,gs://senior-share-staging-570862915709/naresome_thumbnails/srBRLiRh1Qk.jpg,
svOluAXXx2o,E:\Data\ObsidianVault\02_Channels\馴れ初めシネマ\競合チャンネル分析\企画リサーチ_20260605\gcs_upload_staging\naresome_thumbnails\svOluAXXx2o.jpg,281047,gs://senior-share-staging-570862915709/naresome_thumbnails/svOluAXXx2o.jpg,
swtIr5B1aMg,E:\Data\ObsidianVault\02_Channels\馴れ初めシネマ\競合チャンネル分析\企画リサーチ_20260605\gcs_upload_staging\naresome_thumbnails\swtIr5B1aMg.jpg,252333,gs://senior-share-staging-570862915709/naresome_thumbnails/swtIr5B1aMg.jpg,
sx2trD9jKHA,E:\Data\ObsidianVault\02_Channels\馴れ初めシネマ\競合チャンネル分析\企画リサーチ_20260605\gcs_upload_staging\naresome_thumbnails\sx2trD9jKHA.jpg,262613,gs://senior-share-staging-570862915709/naresome_thumbnails/sx2trD9jKHA.jpg,
sxrgA4j73kA,E:\Data\ObsidianVault\02_Channels\馴れ初めシネマ\競合チャンネル分析\企画リサーチ_20260605\gcs_upload_staging\naresome_thumbnails\sxrgA4j73kA.jpg,334096,gs://senior-share-staging-570862915709/naresome_thumbnails/sxrgA4j73kA.jpg,
sy0lYjSfOp4,E:\Data\ObsidianVault\02_Channels\馴れ初めシネマ\競合チャンネル分析\企画リサーチ_20260605\gcs_upload_staging\naresome_thumbnails\sy0lYjSfOp4.jpg,254972,gs://senior-share-staging-570862915709/naresome_thumbnails/sy0lYjSfOp4.jpg,
sysli4Kit2w,E:\Data\ObsidianVault\02_Channels\馴れ初めシネマ\競合チャンネル分析\企画リサーチ_20260605\gcs_upload_staging\naresome_thumbnails\sysli4Kit2w.jpg,275015,gs://senior-share-staging-570862915709/naresome_thumbnails/sysli4Kit2w.jpg,
sz-anVbS4V8,E:\Data\ObsidianVault\02_Channels\馴れ初めシネマ\競合チャンネル分析\企画リサーチ_20260605\gcs_upload_staging\naresome_thumbnails\sz-anVbS4V8.jpg,259010,gs://senior-share-staging-570862915709/naresome_thumbnails/sz-anVbS4V8.jpg,
t-y4XHOwiLw,E:\Data\ObsidianVault\02_Channels\馴れ初めシネマ\競合チャンネル分析\企画リサーチ_20260605\gcs_upload_staging\naresome_thumbnails\t-y4XHOwiLw.jpg,249441,gs://senior-share-staging-570862915709/naresome_thumbnails/t-y4XHOwiLw.jpg,
t0bMHhklqKU,E:\Data\ObsidianVault\02_Channels\馴れ初めシネマ\競合チャンネル分析\企画リサーチ_20260605\gcs_upload_staging\naresome_thumbnails\t0bMHhklqKU.jpg,245129,gs://senior-share-staging-570862915709/naresome_thumbnails/t0bMHhklqKU.jpg,
t0fP2mM3GoU,E:\Data\ObsidianVault\02_Channels\馴れ初めシネマ\競合チャンネル分析\企画リサーチ_20260605\gcs_upload_staging\naresome_thumbnails\t0fP2mM3GoU.jpg,237346,gs://senior-share-staging-570862915709/naresome_thumbnails/t0fP2mM3GoU.jpg,
t1I6HOgRRSw,E:\Data\ObsidianVault\02_Channels\馴れ初めシネマ\競合チャンネル分析\企画リサーチ_20260605\gcs_upload_staging\naresome_thumbnails\t1I6HOgRRSw.jpg,260967,gs://senior-share-staging-570862915709/naresome_thumbnails/t1I6HOgRRSw.jpg,
t1W8tGZtJLE,E:\Data\ObsidianVault\02_Channels\馴れ初めシネマ\競合チャンネル分析\企画リサーチ_20260605\gcs_upload_staging\naresome_thumbnails\t1W8tGZtJLE.jpg,259093,gs://senior-share-staging-570862915709/naresome_thumbnails/t1W8tGZtJLE.jpg,
t1YLFh3BeqQ,E:\Data\ObsidianVault\02_Channels\馴れ初めシネマ\競合チャンネル分析\企画リサーチ_20260605\gcs_upload_staging\naresome_thumbnails\t1YLFh3BeqQ.jpg,259274,gs://senior-share-staging-570862915709/naresome_thumbnails/t1YLFh3BeqQ.jpg,
t1cn_-RSVfI,E:\Data\ObsidianVault\02_Channels\馴れ初めシネマ\競合チャンネル分析\企画リサーチ_20260605\gcs_upload_staging\naresome_thumbnails\t1cn_-RSVfI.jpg,258598,gs://senior-share-staging-570862915709/naresome_thumbnails/t1cn_-RSVfI.jpg,
t2I_wnXAi7o,E:\Data\ObsidianVault\02_Channels\馴れ初めシネマ\競合チャンネル分析\企画リサーチ_20260605\gcs_upload_staging\naresome_thumbnails\t2I_wnXAi7o.jpg,242680,gs://senior-share-staging-570862915709/naresome_thumbnails/t2I_wnXAi7o.jpg,
t2U8lCwnuIg,E:\Data\ObsidianVault\02_Channels\馴れ初めシネマ\競合チャンネル分析\企画リサーチ_20260605\gcs_upload_staging\naresome_thumbnails\t2U8lCwnuIg.jpg,254005,gs://senior-share-staging-570862915709/naresome_thumbnails/t2U8lCwnuIg.jpg,
t4gxXHsX1gY,E:\Data\ObsidianVault\02_Channels\馴れ初めシネマ\競合チャンネル分析\企画リサーチ_20260605\gcs_upload_staging\naresome_thumbnails\t4gxXHsX1gY.jpg,224898,gs://senior-share-staging-570862915709/naresome_thumbnails/t4gxXHsX1gY.jpg,
t5NtbqcaNVo,E:\Data\ObsidianVault\02_Channels\馴れ初めシネマ\競合チャンネル分析\企画リサーチ_20260605\gcs_upload_staging\naresome_thumbnails\t5NtbqcaNVo.jpg,259951,gs://senior-share-staging-570862915709/naresome_thumbnails/t5NtbqcaNVo.jpg,
t5WRDuTxuG4,E:\Data\ObsidianVault\02_Channels\馴れ初めシネマ\競合チャンネル分析\企画リサーチ_20260605\gcs_upload_staging\naresome_thumbnails\t5WRDuTxuG4.jpg,254438,gs://senior-share-staging-570862915709/naresome_thumbnails/t5WRDuTxuG4.jpg,
tCzmfAasXZo,E:\Data\ObsidianVault\02_Channels\馴れ初めシネマ\競合チャンネル分析\企画リサーチ_20260605\gcs_upload_staging\naresome_thumbnails\tCzmfAasXZo.jpg,270038,gs://senior-share-staging-570862915709/naresome_thumbnails/tCzmfAasXZo.jpg,
tEV8fQmJ-_Q,E:\Data\ObsidianVault\02_Channels\馴れ初めシネマ\競合チャンネル分析\企画リサーチ_20260605\gcs_upload_staging\naresome_thumbnails\tEV8fQmJ-_Q.jpg,280546,gs://senior-share-staging-570862915709/naresome_thumbnails/tEV8fQmJ-_Q.jpg,
tE_E_vKSuoc,E:\Data\ObsidianVault\02_Channels\馴れ初めシネマ\競合チャンネル分析\企画リサーチ_20260605\gcs_upload_staging\naresome_thumbnails\tE_E_vKSuoc.jpg,278356,gs://senior-share-staging-570862915709/naresome_thumbnails/tE_E_vKSuoc.jpg,
tFQWiZU8trE,E:\Data\ObsidianVault\02_Channels\馴れ初めシネマ\競合チャンネル分析\企画リサーチ_20260605\gcs_upload_staging\naresome_thumbnails\tFQWiZU8trE.jpg,227749,gs://senior-share-staging-570862915709/naresome_thumbnails/tFQWiZU8trE.jpg,
tFQxO6PwZi8,E:\Data\ObsidianVault\02_Channels\馴れ初めシネマ\競合チャンネル分析\企画リサーチ_20260605\gcs_upload_staging\naresome_thumbnails\tFQxO6PwZi8.jpg,259945,gs://senior-share-staging-570862915709/naresome_thumbnails/tFQxO6PwZi8.jpg,
tG9n-EoIDbs,E:\Data\ObsidianVault\02_Channels\馴れ初めシネマ\競合チャンネル分析\企画リサーチ_20260605\gcs_upload_staging\naresome_thumbnails\tG9n-EoIDbs.jpg,297986,gs://senior-share-staging-570862915709/naresome_thumbnails/tG9n-EoIDbs.jpg,
tIdT3AUNdws,E:\Data\ObsidianVault\02_Channels\馴れ初めシネマ\競合チャンネル分析\企画リサーチ_20260605\gcs_upload_staging\naresome_thumbnails\tIdT3AUNdws.jpg,58804,gs://senior-share-staging-570862915709/naresome_thumbnails/tIdT3AUNdws.jpg,
tIik2nKpO9k,E:\Data\ObsidianVault\02_Channels\馴れ初めシネマ\競合チャンネル分析\企画リサーチ_20260605\gcs_upload_staging\naresome_thumbnails\tIik2nKpO9k.jpg,241781,gs://senior-share-staging-570862915709/naresome_thumbnails/tIik2nKpO9k.jpg,
tIkL4tzaqsw,E:\Data\ObsidianVault\02_Channels\馴れ初めシネマ\競合チャンネル分析\企画リサーチ_20260605\gcs_upload_staging\naresome_thumbnails\tIkL4tzaqsw.jpg,283465,gs://senior-share-staging-570862915709/naresome_thumbnails/tIkL4tzaqsw.jpg,
tLJM-AWXXHo,E:\Data\ObsidianVault\02_Channels\馴れ初めシネマ\競合チャンネル分析\企画リサーチ_20260605\gcs_upload_staging\naresome_thumbnails\tLJM-AWXXHo.jpg,261432,gs://senior-share-staging-570862915709/naresome_thumbnails/tLJM-AWXXHo.jpg,
tMZ0QM6jzMo,E:\Data\ObsidianVault\02_Channels\馴れ初めシネマ\競合チャンネル分析\企画リサーチ_20260605\gcs_upload_staging\naresome_thumbnails\tMZ0QM6jzMo.jpg,243488,gs://senior-share-staging-570862915709/naresome_thumbnails/tMZ0QM6jzMo.jpg,
tNB1yl0ooLI,E:\Data\ObsidianVault\02_Channels\馴れ初めシネマ\競合チャンネル分析\企画リサーチ_20260605\gcs_upload_staging\naresome_thumbnails\tNB1yl0ooLI.jpg,282512,gs://senior-share-staging-570862915709/naresome_thumbnails/tNB1yl0ooLI.jpg,
tOIiSck_j8g,E:\Data\ObsidianVault\02_Channels\馴れ初めシネマ\競合チャンネル分析\企画リサーチ_20260605\gcs_upload_staging\naresome_thumbnails\tOIiSck_j8g.jpg,223545,gs://senior-share-staging-570862915709/naresome_thumbnails/tOIiSck_j8g.jpg,
tOdIi5S7Rbw,E:\Data\ObsidianVault\02_Channels\馴れ初めシネマ\競合チャンネル分析\企画リサーチ_20260605\gcs_upload_staging\naresome_thumbnails\tOdIi5S7Rbw.jpg,268332,gs://senior-share-staging-570862915709/naresome_thumbnails/tOdIi5S7Rbw.jpg,
tQL3gPvgLS8,E:\Data\ObsidianVault\02_Channels\馴れ初めシネマ\競合チャンネル分析\企画リサーチ_20260605\gcs_upload_staging\naresome_thumbnails\tQL3gPvgLS8.jpg,253222,gs://senior-share-staging-570862915709/naresome_thumbnails/tQL3gPvgLS8.jpg,
tQZsY_DYG8s,E:\Data\ObsidianVault\02_Channels\馴れ初めシネマ\競合チャンネル分析\企画リサーチ_20260605\gcs_upload_staging\naresome_thumbnails\tQZsY_DYG8s.jpg,258207,gs://senior-share-staging-570862915709/naresome_thumbnails/tQZsY_DYG8s.jpg,
tRfsDCz8XNs,E:\Data\ObsidianVault\02_Channels\馴れ初めシネマ\競合チャンネル分析\企画リサーチ_20260605\gcs_upload_staging\naresome_thumbnails\tRfsDCz8XNs.jpg,251493,gs://senior-share-staging-570862915709/naresome_thumbnails/tRfsDCz8XNs.jpg,
tRlE6MGyi4U,E:\Data\ObsidianVault\02_Channels\馴れ初めシネマ\競合チャンネル分析\企画リサーチ_20260605\gcs_upload_staging\naresome_thumbnails\tRlE6MGyi4U.jpg,244690,gs://senior-share-staging-570862915709/naresome_thumbnails/tRlE6MGyi4U.jpg,
tSB-DAOyP7E,E:\Data\ObsidianVault\02_Channels\馴れ初めシネマ\競合チャンネル分析\企画リサーチ_20260605\gcs_upload_staging\naresome_thumbnails\tSB-DAOyP7E.jpg,325677,gs://senior-share-staging-570862915709/naresome_thumbnails/tSB-DAOyP7E.jpg,
tZfBHnCWFUM,E:\Data\ObsidianVault\02_Channels\馴れ初めシネマ\競合チャンネル分析\企画リサーチ_20260605\gcs_upload_staging\naresome_thumbnails\tZfBHnCWFUM.jpg,244975,gs://senior-share-staging-570862915709/naresome_thumbnails/tZfBHnCWFUM.jpg,
t_BKUWgUxRE,E:\Data\ObsidianVault\02_Channels\馴れ初めシネマ\競合チャンネル分析\企画リサーチ_20260605\gcs_upload_staging\naresome_thumbnails\t_BKUWgUxRE.jpg,344879,gs://senior-share-staging-570862915709/naresome_thumbnails/t_BKUWgUxRE.jpg,
ta5CJ4O5Iug,E:\Data\ObsidianVault\02_Channels\馴れ初めシネマ\競合チャンネル分析\企画リサーチ_20260605\gcs_upload_staging\naresome_thumbnails\ta5CJ4O5Iug.jpg,243373,gs://senior-share-staging-570862915709/naresome_thumbnails/ta5CJ4O5Iug.jpg,
tbWuP0jN7Ks,E:\Data\ObsidianVault\02_Channels\馴れ初めシネマ\競合チャンネル分析\企画リサーチ_20260605\gcs_upload_staging\naresome_thumbnails\tbWuP0jN7Ks.jpg,246134,gs://senior-share-staging-570862915709/naresome_thumbnails/tbWuP0jN7Ks.jpg,
tbrCejvlGuE,E:\Data\ObsidianVault\02_Channels\馴れ初めシネマ\競合チャンネル分析\企画リサーチ_20260605\gcs_upload_staging\naresome_thumbnails\tbrCejvlGuE.jpg,244699,gs://senior-share-staging-570862915709/naresome_thumbnails/tbrCejvlGuE.jpg,
tc1wAjhKsjw,E:\Data\ObsidianVault\02_Channels\馴れ初めシネマ\競合チャンネル分析\企画リサーチ_20260605\gcs_upload_staging\naresome_thumbnails\tc1wAjhKsjw.jpg,280612,gs://senior-share-staging-570862915709/naresome_thumbnails/tc1wAjhKsjw.jpg,
tcAEYnDR_LQ,E:\Data\ObsidianVault\02_Channels\馴れ初めシネマ\競合チャンネル分析\企画リサーチ_20260605\gcs_upload_staging\naresome_thumbnails\tcAEYnDR_LQ.jpg,278389,gs://senior-share-staging-570862915709/naresome_thumbnails/tcAEYnDR_LQ.jpg,
tdTvkqZgUx4,E:\Data\ObsidianVault\02_Channels\馴れ初めシネマ\競合チャンネル分析\企画リサーチ_20260605\gcs_upload_staging\naresome_thumbnails\tdTvkqZgUx4.jpg,263056,gs://senior-share-staging-570862915709/naresome_thumbnails/tdTvkqZgUx4.jpg,
teKzT6U7lh0,E:\Data\ObsidianVault\02_Channels\馴れ初めシネマ\競合チャンネル分析\企画リサーチ_20260605\gcs_upload_staging\naresome_thumbnails\teKzT6U7lh0.jpg,231313,gs://senior-share-staging-570862915709/naresome_thumbnails/teKzT6U7lh0.jpg,
tf4XlugWSDk,E:\Data\ObsidianVault\02_Channels\馴れ初めシネマ\競合チャンネル分析\企画リサーチ_20260605\gcs_upload_staging\naresome_thumbnails\tf4XlugWSDk.jpg,274909,gs://senior-share-staging-570862915709/naresome_thumbnails/tf4XlugWSDk.jpg,
tiOPkttpX3c,E:\Data\ObsidianVault\02_Channels\馴れ初めシネマ\競合チャンネル分析\企画リサーチ_20260605\gcs_upload_staging\naresome_thumbnails\tiOPkttpX3c.jpg,271637,gs://senior-share-staging-570862915709/naresome_thumbnails/tiOPkttpX3c.jpg,
tjRV9MUUeFM,E:\Data\ObsidianVault\02_Channels\馴れ初めシネマ\競合チャンネル分析\企画リサーチ_20260605\gcs_upload_staging\naresome_thumbnails\tjRV9MUUeFM.jpg,252695,gs://senior-share-staging-570862915709/naresome_thumbnails/tjRV9MUUeFM.jpg,
tjnqZ66q2ao,E:\Data\ObsidianVault\02_Channels\馴れ初めシネマ\競合チャンネル分析\企画リサーチ_20260605\gcs_upload_staging\naresome_thumbnails\tjnqZ66q2ao.jpg,262335,gs://senior-share-staging-570862915709/naresome_thumbnails/tjnqZ66q2ao.jpg,
tkQ4lkRBw9w,E:\Data\ObsidianVault\02_Channels\馴れ初めシネマ\競合チャンネル分析\企画リサーチ_20260605\gcs_upload_staging\naresome_thumbnails\tkQ4lkRBw9w.jpg,297815,gs://senior-share-staging-570862915709/naresome_thumbnails/tkQ4lkRBw9w.jpg,
tkwgYTPJn9Y,E:\Data\ObsidianVault\02_Channels\馴れ初めシネマ\競合チャンネル分析\企画リサーチ_20260605\gcs_upload_staging\naresome_thumbnails\tkwgYTPJn9Y.jpg,266673,gs://senior-share-staging-570862915709/naresome_thumbnails/tkwgYTPJn9Y.jpg,
tpUF90wIZm8,E:\Data\ObsidianVault\02_Channels\馴れ初めシネマ\競合チャンネル分析\企画リサーチ_20260605\gcs_upload_staging\naresome_thumbnails\tpUF90wIZm8.jpg,264596,gs://senior-share-staging-570862915709/naresome_thumbnails/tpUF90wIZm8.jpg,
tpZp1aYk5t0,E:\Data\ObsidianVault\02_Channels\馴れ初めシネマ\競合チャンネル分析\企画リサーチ_20260605\gcs_upload_staging\naresome_thumbnails\tpZp1aYk5t0.jpg,263723,gs://senior-share-staging-570862915709/naresome_thumbnails/tpZp1aYk5t0.jpg,
tpk9366PS8s,E:\Data\ObsidianVault\02_Channels\馴れ初めシネマ\競合チャンネル分析\企画リサーチ_20260605\gcs_upload_staging\naresome_thumbnails\tpk9366PS8s.jpg,244660,gs://senior-share-staging-570862915709/naresome_thumbnails/tpk9366PS8s.jpg,
tqjDiouefcg,E:\Data\ObsidianVault\02_Channels\馴れ初めシネマ\競合チャンネル分析\企画リサーチ_20260605\gcs_upload_staging\naresome_thumbnails\tqjDiouefcg.jpg,257812,gs://senior-share-staging-570862915709/naresome_thumbnails/tqjDiouefcg.jpg,
ttIBmQbdizQ,E:\Data\ObsidianVault\02_Channels\馴れ初めシネマ\競合チャンネル分析\企画リサーチ_20260605\gcs_upload_staging\naresome_thumbnails\ttIBmQbdizQ.jpg,277589,gs://senior-share-staging-570862915709/naresome_thumbnails/ttIBmQbdizQ.jpg,
ttflDatF3PA,E:\Data\ObsidianVault\02_Channels\馴れ初めシネマ\競合チャンネル分析\企画リサーチ_20260605\gcs_upload_staging\naresome_thumbnails\ttflDatF3PA.jpg,262376,gs://senior-share-staging-570862915709/naresome_thumbnails/ttflDatF3PA.jpg,
twWC0AAsKQU,E:\Data\ObsidianVault\02_Channels\馴れ初めシネマ\競合チャンネル分析\企画リサーチ_20260605\gcs_upload_staging\naresome_thumbnails\twWC0AAsKQU.jpg,248573,gs://senior-share-staging-570862915709/naresome_thumbnails/twWC0AAsKQU.jpg,
ty7Wqf19QeE,E:\Data\ObsidianVault\02_Channels\馴れ初めシネマ\競合チャンネル分析\企画リサーチ_20260605\gcs_upload_staging\naresome_thumbnails\ty7Wqf19QeE.jpg,248671,gs://senior-share-staging-570862915709/naresome_thumbnails/ty7Wqf19QeE.jpg,
tykStOZV_Tg,E:\Data\ObsidianVault\02_Channels\馴れ初めシネマ\競合チャンネル分析\企画リサーチ_20260605\gcs_upload_staging\naresome_thumbnails\tykStOZV_Tg.jpg,263182,gs://senior-share-staging-570862915709/naresome_thumbnails/tykStOZV_Tg.jpg,
u0vWTfnYjUM,E:\Data\ObsidianVault\02_Channels\馴れ初めシネマ\競合チャンネル分析\企画リサーチ_20260605\gcs_upload_staging\naresome_thumbnails\u0vWTfnYjUM.jpg,267127,gs://senior-share-staging-570862915709/naresome_thumbnails/u0vWTfnYjUM.jpg,
u1FqZqdeGN0,E:\Data\ObsidianVault\02_Channels\馴れ初めシネマ\競合チャンネル分析\企画リサーチ_20260605\gcs_upload_staging\naresome_thumbnails\u1FqZqdeGN0.jpg,222946,gs://senior-share-staging-570862915709/naresome_thumbnails/u1FqZqdeGN0.jpg,
u2-bUgbEP3g,E:\Data\ObsidianVault\02_Channels\馴れ初めシネマ\競合チャンネル分析\企画リサーチ_20260605\gcs_upload_staging\naresome_thumbnails\u2-bUgbEP3g.jpg,271887,gs://senior-share-staging-570862915709/naresome_thumbnails/u2-bUgbEP3g.jpg,
u27THvpNIUg,E:\Data\ObsidianVault\02_Channels\馴れ初めシネマ\競合チャンネル分析\企画リサーチ_20260605\gcs_upload_staging\naresome_thumbnails\u27THvpNIUg.jpg,266206,gs://senior-share-staging-570862915709/naresome_thumbnails/u27THvpNIUg.jpg,
u2NnTDr4AUY,E:\Data\ObsidianVault\02_Channels\馴れ初めシネマ\競合チャンネル分析\企画リサーチ_20260605\gcs_upload_staging\naresome_thumbnails\u2NnTDr4AUY.jpg,260729,gs://senior-share-staging-570862915709/naresome_thumbnails/u2NnTDr4AUY.jpg,
u3dj4qIAMQo,E:\Data\ObsidianVault\02_Channels\馴れ初めシネマ\競合チャンネル分析\企画リサーチ_20260605\gcs_upload_staging\naresome_thumbnails\u3dj4qIAMQo.jpg,246835,gs://senior-share-staging-570862915709/naresome_thumbnails/u3dj4qIAMQo.jpg,
u3gSM2Af6iA,E:\Data\ObsidianVault\02_Channels\馴れ初めシネマ\競合チャンネル分析\企画リサーチ_20260605\gcs_upload_staging\naresome_thumbnails\u3gSM2Af6iA.jpg,334488,gs://senior-share-staging-570862915709/naresome_thumbnails/u3gSM2Af6iA.jpg,
u3wsUbSL79M,E:\Data\ObsidianVault\02_Channels\馴れ初めシネマ\競合チャンネル分析\企画リサーチ_20260605\gcs_upload_staging\naresome_thumbnails\u3wsUbSL79M.jpg,276044,gs://senior-share-staging-570862915709/naresome_thumbnails/u3wsUbSL79M.jpg,
u49DtjZdoM0,E:\Data\ObsidianVault\02_Channels\馴れ初めシネマ\競合チャンネル分析\企画リサーチ_20260605\gcs_upload_staging\naresome_thumbnails\u49DtjZdoM0.jpg,251020,gs://senior-share-staging-570862915709/naresome_thumbnails/u49DtjZdoM0.jpg,
u4tpJM4rHAo,E:\Data\ObsidianVault\02_Channels\馴れ初めシネマ\競合チャンネル分析\企画リサーチ_20260605\gcs_upload_staging\naresome_thumbnails\u4tpJM4rHAo.jpg,260688,gs://senior-share-staging-570862915709/naresome_thumbnails/u4tpJM4rHAo.jpg,
u52-KdcPpCg,E:\Data\ObsidianVault\02_Channels\馴れ初めシネマ\競合チャンネル分析\企画リサーチ_20260605\gcs_upload_staging\naresome_thumbnails\u52-KdcPpCg.jpg,228799,gs://senior-share-staging-570862915709/naresome_thumbnails/u52-KdcPpCg.jpg,
u75Swl7kFcQ,E:\Data\ObsidianVault\02_Channels\馴れ初めシネマ\競合チャンネル分析\企画リサーチ_20260605\gcs_upload_staging\naresome_thumbnails\u75Swl7kFcQ.jpg,287449,gs://senior-share-staging-570862915709/naresome_thumbnails/u75Swl7kFcQ.jpg,
u771VxZw19g,E:\Data\ObsidianVault\02_Channels\馴れ初めシネマ\競合チャンネル分析\企画リサーチ_20260605\gcs_upload_staging\naresome_thumbnails\u771VxZw19g.jpg,267107,gs://senior-share-staging-570862915709/naresome_thumbnails/u771VxZw19g.jpg,
u7FiTEYsjYQ,E:\Data\ObsidianVault\02_Channels\馴れ初めシネマ\競合チャンネル分析\企画リサーチ_20260605\gcs_upload_staging\naresome_thumbnails\u7FiTEYsjYQ.jpg,261741,gs://senior-share-staging-570862915709/naresome_thumbnails/u7FiTEYsjYQ.jpg,
uA7XHsAdg0s,E:\Data\ObsidianVault\02_Channels\馴れ初めシネマ\競合チャンネル分析\企画リサーチ_20260605\gcs_upload_staging\naresome_thumbnails\uA7XHsAdg0s.jpg,263765,gs://senior-share-staging-570862915709/naresome_thumbnails/uA7XHsAdg0s.jpg,
uAHX43TkUJk,E:\Data\ObsidianVault\02_Channels\馴れ初めシネマ\競合チャンネル分析\企画リサーチ_20260605\gcs_upload_staging\naresome_thumbnails\uAHX43TkUJk.jpg,244232,gs://senior-share-staging-570862915709/naresome_thumbnails/uAHX43TkUJk.jpg,
uDYXEqIwqNE,E:\Data\ObsidianVault\02_Channels\馴れ初めシネマ\競合チャンネル分析\企画リサーチ_20260605\gcs_upload_staging\naresome_thumbnails\uDYXEqIwqNE.jpg,255722,gs://senior-share-staging-570862915709/naresome_thumbnails/uDYXEqIwqNE.jpg,
uE3ifWpHNSY,E:\Data\ObsidianVault\02_Channels\馴れ初めシネマ\競合チャンネル分析\企画リサーチ_20260605\gcs_upload_staging\naresome_thumbnails\uE3ifWpHNSY.jpg,245437,gs://senior-share-staging-570862915709/naresome_thumbnails/uE3ifWpHNSY.jpg,
uE_UYYKBcEY,E:\Data\ObsidianVault\02_Channels\馴れ初めシネマ\競合チャンネル分析\企画リサーチ_20260605\gcs_upload_staging\naresome_thumbnails\uE_UYYKBcEY.jpg,246133,gs://senior-share-staging-570862915709/naresome_thumbnails/uE_UYYKBcEY.jpg,
uFC63_YTzLg,E:\Data\ObsidianVault\02_Channels\馴れ初めシネマ\競合チャンネル分析\企画リサーチ_20260605\gcs_upload_staging\naresome_thumbnails\uFC63_YTzLg.jpg,273180,gs://senior-share-staging-570862915709/naresome_thumbnails/uFC63_YTzLg.jpg,
uFKrJ-QtZyU,E:\Data\ObsidianVault\02_Channels\馴れ初めシネマ\競合チャンネル分析\企画リサーチ_20260605\gcs_upload_staging\naresome_thumbnails\uFKrJ-QtZyU.jpg,271394,gs://senior-share-staging-570862915709/naresome_thumbnails/uFKrJ-QtZyU.jpg,
uGRqMBpEURk,E:\Data\ObsidianVault\02_Channels\馴れ初めシネマ\競合チャンネル分析\企画リサーチ_20260605\gcs_upload_staging\naresome_thumbnails\uGRqMBpEURk.jpg,315812,gs://senior-share-staging-570862915709/naresome_thumbnails/uGRqMBpEURk.jpg,
uIQL4iNtkmg,E:\Data\ObsidianVault\02_Channels\馴れ初めシネマ\競合チャンネル分析\企画リサーチ_20260605\gcs_upload_staging\naresome_thumbnails\uIQL4iNtkmg.jpg,56924,gs://senior-share-staging-570862915709/naresome_thumbnails/uIQL4iNtkmg.jpg,
uJ2uYJ1-0w0,E:\Data\ObsidianVault\02_Channels\馴れ初めシネマ\競合チャンネル分析\企画リサーチ_20260605\gcs_upload_staging\naresome_thumbnails\uJ2uYJ1-0w0.jpg,265299,gs://senior-share-staging-570862915709/naresome_thumbnails/uJ2uYJ1-0w0.jpg,
uNdGyHLMKuM,E:\Data\ObsidianVault\02_Channels\馴れ初めシネマ\競合チャンネル分析\企画リサーチ_20260605\gcs_upload_staging\naresome_thumbnails\uNdGyHLMKuM.jpg,258870,gs://senior-share-staging-570862915709/naresome_thumbnails/uNdGyHLMKuM.jpg,
uOZR4SkgcpA,E:\Data\ObsidianVault\02_Channels\馴れ初めシネマ\競合チャンネル分析\企画リサーチ_20260605\gcs_upload_staging\naresome_thumbnails\uOZR4SkgcpA.jpg,264294,gs://senior-share-staging-570862915709/naresome_thumbnails/uOZR4SkgcpA.jpg,
uPR-asxvJCQ,E:\Data\ObsidianVault\02_Channels\馴れ初めシネマ\競合チャンネル分析\企画リサーチ_20260605\gcs_upload_staging\naresome_thumbnails\uPR-asxvJCQ.jpg,297589,gs://senior-share-staging-570862915709/naresome_thumbnails/uPR-asxvJCQ.jpg,
uQXkdcCo5xY,E:\Data\ObsidianVault\02_Channels\馴れ初めシネマ\競合チャンネル分析\企画リサーチ_20260605\gcs_upload_staging\naresome_thumbnails\uQXkdcCo5xY.jpg,257651,gs://senior-share-staging-570862915709/naresome_thumbnails/uQXkdcCo5xY.jpg,
uRCa1jstDZY,E:\Data\ObsidianVault\02_Channels\馴れ初めシネマ\競合チャンネル分析\企画リサーチ_20260605\gcs_upload_staging\naresome_thumbnails\uRCa1jstDZY.jpg,255052,gs://senior-share-staging-570862915709/naresome_thumbnails/uRCa1jstDZY.jpg,
uRCwWpu6Jl4,E:\Data\ObsidianVault\02_Channels\馴れ初めシネマ\競合チャンネル分析\企画リサーチ_20260605\gcs_upload_staging\naresome_thumbnails\uRCwWpu6Jl4.jpg,262626,gs://senior-share-staging-570862915709/naresome_thumbnails/uRCwWpu6Jl4.jpg,
uSeKlxVegiU,E:\Data\ObsidianVault\02_Channels\馴れ初めシネマ\競合チャンネル分析\企画リサーチ_20260605\gcs_upload_staging\naresome_thumbnails\uSeKlxVegiU.jpg,241756,gs://senior-share-staging-570862915709/naresome_thumbnails/uSeKlxVegiU.jpg,
uSy0V5n-8c4,E:\Data\ObsidianVault\02_Channels\馴れ初めシネマ\競合チャンネル分析\企画リサーチ_20260605\gcs_upload_staging\naresome_thumbnails\uSy0V5n-8c4.jpg,249788,gs://senior-share-staging-570862915709/naresome_thumbnails/uSy0V5n-8c4.jpg,
uT6FTwWkRgs,E:\Data\ObsidianVault\02_Channels\馴れ初めシネマ\競合チャンネル分析\企画リサーチ_20260605\gcs_upload_staging\naresome_thumbnails\uT6FTwWkRgs.jpg,248957,gs://senior-share-staging-570862915709/naresome_thumbnails/uT6FTwWkRgs.jpg,
uVj_CoF_piU,E:\Data\ObsidianVault\02_Channels\馴れ初めシネマ\競合チャンネル分析\企画リサーチ_20260605\gcs_upload_staging\naresome_thumbnails\uVj_CoF_piU.jpg,55291,gs://senior-share-staging-570862915709/naresome_thumbnails/uVj_CoF_piU.jpg,
uWcefvsJMLg,E:\Data\ObsidianVault\02_Channels\馴れ初めシネマ\競合チャンネル分析\企画リサーチ_20260605\gcs_upload_staging\naresome_thumbnails\uWcefvsJMLg.jpg,257389,gs://senior-share-staging-570862915709/naresome_thumbnails/uWcefvsJMLg.jpg,
uX7vn1G58QU,E:\Data\ObsidianVault\02_Channels\馴れ初めシネマ\競合チャンネル分析\企画リサーチ_20260605\gcs_upload_staging\naresome_thumbnails\uX7vn1G58QU.jpg,336408,gs://senior-share-staging-570862915709/naresome_thumbnails/uX7vn1G58QU.jpg,
uXse1kLFoCE,E:\Data\ObsidianVault\02_Channels\馴れ初めシネマ\競合チャンネル分析\企画リサーチ_20260605\gcs_upload_staging\naresome_thumbnails\uXse1kLFoCE.jpg,260126,gs://senior-share-staging-570862915709/naresome_thumbnails/uXse1kLFoCE.jpg,
uZNh_ASUaT4,E:\Data\ObsidianVault\02_Channels\馴れ初めシネマ\競合チャンネル分析\企画リサーチ_20260605\gcs_upload_staging\naresome_thumbnails\uZNh_ASUaT4.jpg,326881,gs://senior-share-staging-570862915709/naresome_thumbnails/uZNh_ASUaT4.jpg,
u_5cJvoEWo4,E:\Data\ObsidianVault\02_Channels\馴れ初めシネマ\競合チャンネル分析\企画リサーチ_20260605\gcs_upload_staging\naresome_thumbnails\u_5cJvoEWo4.jpg,262278,gs://senior-share-staging-570862915709/naresome_thumbnails/u_5cJvoEWo4.jpg,
ua8tV3p8N0I,E:\Data\ObsidianVault\02_Channels\馴れ初めシネマ\競合チャンネル分析\企画リサーチ_20260605\gcs_upload_staging\naresome_thumbnails\ua8tV3p8N0I.jpg,251411,gs://senior-share-staging-570862915709/naresome_thumbnails/ua8tV3p8N0I.jpg,
ubQw6naoVrA,E:\Data\ObsidianVault\02_Channels\馴れ初めシネマ\競合チャンネル分析\企画リサーチ_20260605\gcs_upload_staging\naresome_thumbnails\ubQw6naoVrA.jpg,287475,gs://senior-share-staging-570862915709/naresome_thumbnails/ubQw6naoVrA.jpg,
ud2T2rk3kaY,E:\Data\ObsidianVault\02_Channels\馴れ初めシネマ\競合チャンネル分析\企画リサーチ_20260605\gcs_upload_staging\naresome_thumbnails\ud2T2rk3kaY.jpg,292459,gs://senior-share-staging-570862915709/naresome_thumbnails/ud2T2rk3kaY.jpg,
ud8HOunO52w,E:\Data\ObsidianVault\02_Channels\馴れ初めシネマ\競合チャンネル分析\企画リサーチ_20260605\gcs_upload_staging\naresome_thumbnails\ud8HOunO52w.jpg,268605,gs://senior-share-staging-570862915709/naresome_thumbnails/ud8HOunO52w.jpg,
ueCRfdFP_WI,E:\Data\ObsidianVault\02_Channels\馴れ初めシネマ\競合チャンネル分析\企画リサーチ_20260605\gcs_upload_staging\naresome_thumbnails\ueCRfdFP_WI.jpg,287103,gs://senior-share-staging-570862915709/naresome_thumbnails/ueCRfdFP_WI.jpg,
ugmlaGdGMO8,E:\Data\ObsidianVault\02_Channels\馴れ初めシネマ\競合チャンネル分析\企画リサーチ_20260605\gcs_upload_staging\naresome_thumbnails\ugmlaGdGMO8.jpg,248374,gs://senior-share-staging-570862915709/naresome_thumbnails/ugmlaGdGMO8.jpg,
uh-QAE9VYF8,E:\Data\ObsidianVault\02_Channels\馴れ初めシネマ\競合チャンネル分析\企画リサーチ_20260605\gcs_upload_staging\naresome_thumbnails\uh-QAE9VYF8.jpg,272535,gs://senior-share-staging-570862915709/naresome_thumbnails/uh-QAE9VYF8.jpg,
uiS8kJZHT1o,E:\Data\ObsidianVault\02_Channels\馴れ初めシネマ\競合チャンネル分析\企画リサーチ_20260605\gcs_upload_staging\naresome_thumbnails\uiS8kJZHT1o.jpg,250546,gs://senior-share-staging-570862915709/naresome_thumbnails/uiS8kJZHT1o.jpg,
uiX8ojKWIik,E:\Data\ObsidianVault\02_Channels\馴れ初めシネマ\競合チャンネル分析\企画リサーチ_20260605\gcs_upload_staging\naresome_thumbnails\uiX8ojKWIik.jpg,277420,gs://senior-share-staging-570862915709/naresome_thumbnails/uiX8ojKWIik.jpg,
ujKdPc95p-Q,E:\Data\ObsidianVault\02_Channels\馴れ初めシネマ\競合チャンネル分析\企画リサーチ_20260605\gcs_upload_staging\naresome_thumbnails\ujKdPc95p-Q.jpg,248195,gs://senior-share-staging-570862915709/naresome_thumbnails/ujKdPc95p-Q.jpg,
ujf7iqm-w_c,E:\Data\ObsidianVault\02_Channels\馴れ初めシネマ\競合チャンネル分析\企画リサーチ_20260605\gcs_upload_staging\naresome_thumbnails\ujf7iqm-w_c.jpg,242328,gs://senior-share-staging-570862915709/naresome_thumbnails/ujf7iqm-w_c.jpg,
umi--lS8uDI,E:\Data\ObsidianVault\02_Channels\馴れ初めシネマ\競合チャンネル分析\企画リサーチ_20260605\gcs_upload_staging\naresome_thumbnails\umi--lS8uDI.jpg,239801,gs://senior-share-staging-570862915709/naresome_thumbnails/umi--lS8uDI.jpg,
umitaVlK1Bo,E:\Data\ObsidianVault\02_Channels\馴れ初めシネマ\競合チャンネル分析\企画リサーチ_20260605\gcs_upload_staging\naresome_thumbnails\umitaVlK1Bo.jpg,259064,gs://senior-share-staging-570862915709/naresome_thumbnails/umitaVlK1Bo.jpg,
ungTpM_tWJg,E:\Data\ObsidianVault\02_Channels\馴れ初めシネマ\競合チャンネル分析\企画リサーチ_20260605\gcs_upload_staging\naresome_thumbnails\ungTpM_tWJg.jpg,305310,gs://senior-share-staging-570862915709/naresome_thumbnails/ungTpM_tWJg.jpg,
unqoJov2h6U,E:\Data\ObsidianVault\02_Channels\馴れ初めシネマ\競合チャンネル分析\企画リサーチ_20260605\gcs_upload_staging\naresome_thumbnails\unqoJov2h6U.jpg,251091,gs://senior-share-staging-570862915709/naresome_thumbnails/unqoJov2h6U.jpg,
unuLBCqtk10,E:\Data\ObsidianVault\02_Channels\馴れ初めシネマ\競合チャンネル分析\企画リサーチ_20260605\gcs_upload_staging\naresome_thumbnails\unuLBCqtk10.jpg,272517,gs://senior-share-staging-570862915709/naresome_thumbnails/unuLBCqtk10.jpg,
uoawe0rFCyI,E:\Data\ObsidianVault\02_Channels\馴れ初めシネマ\競合チャンネル分析\企画リサーチ_20260605\gcs_upload_staging\naresome_thumbnails\uoawe0rFCyI.jpg,233804,gs://senior-share-staging-570862915709/naresome_thumbnails/uoawe0rFCyI.jpg,
uofMQRnCs1I,E:\Data\ObsidianVault\02_Channels\馴れ初めシネマ\競合チャンネル分析\企画リサーチ_20260605\gcs_upload_staging\naresome_thumbnails\uofMQRnCs1I.jpg,266786,gs://senior-share-staging-570862915709/naresome_thumbnails/uofMQRnCs1I.jpg,
upRKXeLA0qs,E:\Data\ObsidianVault\02_Channels\馴れ初めシネマ\競合チャンネル分析\企画リサーチ_20260605\gcs_upload_staging\naresome_thumbnails\upRKXeLA0qs.jpg,264926,gs://senior-share-staging-570862915709/naresome_thumbnails/upRKXeLA0qs.jpg,
utTHzeD_YA8,E:\Data\ObsidianVault\02_Channels\馴れ初めシネマ\競合チャンネル分析\企画リサーチ_20260605\gcs_upload_staging\naresome_thumbnails\utTHzeD_YA8.jpg,231394,gs://senior-share-staging-570862915709/naresome_thumbnails/utTHzeD_YA8.jpg,
utpoDQYKNsI,E:\Data\ObsidianVault\02_Channels\馴れ初めシネマ\競合チャンネル分析\企画リサーチ_20260605\gcs_upload_staging\naresome_thumbnails\utpoDQYKNsI.jpg,230267,gs://senior-share-staging-570862915709/naresome_thumbnails/utpoDQYKNsI.jpg,
uu2DFcuS3E8,E:\Data\ObsidianVault\02_Channels\馴れ初めシネマ\競合チャンネル分析\企画リサーチ_20260605\gcs_upload_staging\naresome_thumbnails\uu2DFcuS3E8.jpg,314764,gs://senior-share-staging-570862915709/naresome_thumbnails/uu2DFcuS3E8.jpg,
uujdmq4WcG0,E:\Data\ObsidianVault\02_Channels\馴れ初めシネマ\競合チャンネル分析\企画リサーチ_20260605\gcs_upload_staging\naresome_thumbnails\uujdmq4WcG0.jpg,227937,gs://senior-share-staging-570862915709/naresome_thumbnails/uujdmq4WcG0.jpg,
uwFMqNcIrn8,E:\Data\ObsidianVault\02_Channels\馴れ初めシネマ\競合チャンネル分析\企画リサーチ_20260605\gcs_upload_staging\naresome_thumbnails\uwFMqNcIrn8.jpg,261282,gs://senior-share-staging-570862915709/naresome_thumbnails/uwFMqNcIrn8.jpg,
uyfcCU-2prA,E:\Data\ObsidianVault\02_Channels\馴れ初めシネマ\競合チャンネル分析\企画リサーチ_20260605\gcs_upload_staging\naresome_thumbnails\uyfcCU-2prA.jpg,245293,gs://senior-share-staging-570862915709/naresome_thumbnails/uyfcCU-2prA.jpg,
v-OSIq2ks24,E:\Data\ObsidianVault\02_Channels\馴れ初めシネマ\競合チャンネル分析\企画リサーチ_20260605\gcs_upload_staging\naresome_thumbnails\v-OSIq2ks24.jpg,251300,gs://senior-share-staging-570862915709/naresome_thumbnails/v-OSIq2ks24.jpg,
v0D1cMRYlmc,E:\Data\ObsidianVault\02_Channels\馴れ初めシネマ\競合チャンネル分析\企画リサーチ_20260605\gcs_upload_staging\naresome_thumbnails\v0D1cMRYlmc.jpg,260248,gs://senior-share-staging-570862915709/naresome_thumbnails/v0D1cMRYlmc.jpg,
v24BQZMzyHI,E:\Data\ObsidianVault\02_Channels\馴れ初めシネマ\競合チャンネル分析\企画リサーチ_20260605\gcs_upload_staging\naresome_thumbnails\v24BQZMzyHI.jpg,254534,gs://senior-share-staging-570862915709/naresome_thumbnails/v24BQZMzyHI.jpg,
v3-MTgWPSRI,E:\Data\ObsidianVault\02_Channels\馴れ初めシネマ\競合チャンネル分析\企画リサーチ_20260605\gcs_upload_staging\naresome_thumbnails\v3-MTgWPSRI.jpg,256098,gs://senior-share-staging-570862915709/naresome_thumbnails/v3-MTgWPSRI.jpg,
v3QAxJ4oWUY,E:\Data\ObsidianVault\02_Channels\馴れ初めシネマ\競合チャンネル分析\企画リサーチ_20260605\gcs_upload_staging\naresome_thumbnails\v3QAxJ4oWUY.jpg,256167,gs://senior-share-staging-570862915709/naresome_thumbnails/v3QAxJ4oWUY.jpg,
v3cecCvEEEU,E:\Data\ObsidianVault\02_Channels\馴れ初めシネマ\競合チャンネル分析\企画リサーチ_20260605\gcs_upload_staging\naresome_thumbnails\v3cecCvEEEU.jpg,240761,gs://senior-share-staging-570862915709/naresome_thumbnails/v3cecCvEEEU.jpg,
v4cLSOU0PeY,E:\Data\ObsidianVault\02_Channels\馴れ初めシネマ\競合チャンネル分析\企画リサーチ_20260605\gcs_upload_staging\naresome_thumbnails\v4cLSOU0PeY.jpg,253435,gs://senior-share-staging-570862915709/naresome_thumbnails/v4cLSOU0PeY.jpg,
v4kYjHaE9Cw,E:\Data\ObsidianVault\02_Channels\馴れ初めシネマ\競合チャンネル分析\企画リサーチ_20260605\gcs_upload_staging\naresome_thumbnails\v4kYjHaE9Cw.jpg,261078,gs://senior-share-staging-570862915709/naresome_thumbnails/v4kYjHaE9Cw.jpg,
v56L3h1pbng,E:\Data\ObsidianVault\02_Channels\馴れ初めシネマ\競合チャンネル分析\企画リサーチ_20260605\gcs_upload_staging\naresome_thumbnails\v56L3h1pbng.jpg,230732,gs://senior-share-staging-570862915709/naresome_thumbnails/v56L3h1pbng.jpg,
v79Dm1u_hJQ,E:\Data\ObsidianVault\02_Channels\馴れ初めシネマ\競合チャンネル分析\企画リサーチ_20260605\gcs_upload_staging\naresome_thumbnails\v79Dm1u_hJQ.jpg,253284,gs://senior-share-staging-570862915709/naresome_thumbnails/v79Dm1u_hJQ.jpg,
v7PvELZXOvo,E:\Data\ObsidianVault\02_Channels\馴れ初めシネマ\競合チャンネル分析\企画リサーチ_20260605\gcs_upload_staging\naresome_thumbnails\v7PvELZXOvo.jpg,60321,gs://senior-share-staging-570862915709/naresome_thumbnails/v7PvELZXOvo.jpg,
v7zTNIUE3vQ,E:\Data\ObsidianVault\02_Channels\馴れ初めシネマ\競合チャンネル分析\企画リサーチ_20260605\gcs_upload_staging\naresome_thumbnails\v7zTNIUE3vQ.jpg,250687,gs://senior-share-staging-570862915709/naresome_thumbnails/v7zTNIUE3vQ.jpg,
v8eMVfZqp-U,E:\Data\ObsidianVault\02_Channels\馴れ初めシネマ\競合チャンネル分析\企画リサーチ_20260605\gcs_upload_staging\naresome_thumbnails\v8eMVfZqp-U.jpg,268316,gs://senior-share-staging-570862915709/naresome_thumbnails/v8eMVfZqp-U.jpg,
v8vtMR2ncJA,E:\Data\ObsidianVault\02_Channels\馴れ初めシネマ\競合チャンネル分析\企画リサーチ_20260605\gcs_upload_staging\naresome_thumbnails\v8vtMR2ncJA.jpg,251177,gs://senior-share-staging-570862915709/naresome_thumbnails/v8vtMR2ncJA.jpg,
v9BW31XYm3I,E:\Data\ObsidianVault\02_Channels\馴れ初めシネマ\競合チャンネル分析\企画リサーチ_20260605\gcs_upload_staging\naresome_thumbnails\v9BW31XYm3I.jpg,245227,gs://senior-share-staging-570862915709/naresome_thumbnails/v9BW31XYm3I.jpg,
v9D5TxjYxV4,E:\Data\ObsidianVault\02_Channels\馴れ初めシネマ\競合チャンネル分析\企画リサーチ_20260605\gcs_upload_staging\naresome_thumbnails\v9D5TxjYxV4.jpg,261151,gs://senior-share-staging-570862915709/naresome_thumbnails/v9D5TxjYxV4.jpg,
vAUo7G0IkBM,E:\Data\ObsidianVault\02_Channels\馴れ初めシネマ\競合チャンネル分析\企画リサーチ_20260605\gcs_upload_staging\naresome_thumbnails\vAUo7G0IkBM.jpg,239341,gs://senior-share-staging-570862915709/naresome_thumbnails/vAUo7G0IkBM.jpg,
vBYBKt9d0zQ,E:\Data\ObsidianVault\02_Channels\馴れ初めシネマ\競合チャンネル分析\企画リサーチ_20260605\gcs_upload_staging\naresome_thumbnails\vBYBKt9d0zQ.jpg,278677,gs://senior-share-staging-570862915709/naresome_thumbnails/vBYBKt9d0zQ.jpg,
vD-HMZV7xNs,E:\Data\ObsidianVault\02_Channels\馴れ初めシネマ\競合チャンネル分析\企画リサーチ_20260605\gcs_upload_staging\naresome_thumbnails\vD-HMZV7xNs.jpg,271140,gs://senior-share-staging-570862915709/naresome_thumbnails/vD-HMZV7xNs.jpg,
vDOWM-oQuvA,E:\Data\ObsidianVault\02_Channels\馴れ初めシネマ\競合チャンネル分析\企画リサーチ_20260605\gcs_upload_staging\naresome_thumbnails\vDOWM-oQuvA.jpg,267450,gs://senior-share-staging-570862915709/naresome_thumbnails/vDOWM-oQuvA.jpg,
vDr5Xw2_vEQ,E:\Data\ObsidianVault\02_Channels\馴れ初めシネマ\競合チャンネル分析\企画リサーチ_20260605\gcs_upload_staging\naresome_thumbnails\vDr5Xw2_vEQ.jpg,262084,gs://senior-share-staging-570862915709/naresome_thumbnails/vDr5Xw2_vEQ.jpg,
vE2y5HSbsQc,E:\Data\ObsidianVault\02_Channels\馴れ初めシネマ\競合チャンネル分析\企画リサーチ_20260605\gcs_upload_staging\naresome_thumbnails\vE2y5HSbsQc.jpg,250623,gs://senior-share-staging-570862915709/naresome_thumbnails/vE2y5HSbsQc.jpg,
vEKn280yePg,E:\Data\ObsidianVault\02_Channels\馴れ初めシネマ\競合チャンネル分析\企画リサーチ_20260605\gcs_upload_staging\naresome_thumbnails\vEKn280yePg.jpg,258952,gs://senior-share-staging-570862915709/naresome_thumbnails/vEKn280yePg.jpg,
vFVSI7GNkfQ,E:\Data\ObsidianVault\02_Channels\馴れ初めシネマ\競合チャンネル分析\企画リサーチ_20260605\gcs_upload_staging\naresome_thumbnails\vFVSI7GNkfQ.jpg,251971,gs://senior-share-staging-570862915709/naresome_thumbnails/vFVSI7GNkfQ.jpg,
vGdKLxKfyc8,E:\Data\ObsidianVault\02_Channels\馴れ初めシネマ\競合チャンネル分析\企画リサーチ_20260605\gcs_upload_staging\naresome_thumbnails\vGdKLxKfyc8.jpg,245492,gs://senior-share-staging-570862915709/naresome_thumbnails/vGdKLxKfyc8.jpg,
vGmq9OZqHHg,E:\Data\ObsidianVault\02_Channels\馴れ初めシネマ\競合チャンネル分析\企画リサーチ_20260605\gcs_upload_staging\naresome_thumbnails\vGmq9OZqHHg.jpg,249788,gs://senior-share-staging-570862915709/naresome_thumbnails/vGmq9OZqHHg.jpg,
vIyIXqyGO6w,E:\Data\ObsidianVault\02_Channels\馴れ初めシネマ\競合チャンネル分析\企画リサーチ_20260605\gcs_upload_staging\naresome_thumbnails\vIyIXqyGO6w.jpg,343433,gs://senior-share-staging-570862915709/naresome_thumbnails/vIyIXqyGO6w.jpg,
vJ2q-8ryAkE,E:\Data\ObsidianVault\02_Channels\馴れ初めシネマ\競合チャンネル分析\企画リサーチ_20260605\gcs_upload_staging\naresome_thumbnails\vJ2q-8ryAkE.jpg,256433,gs://senior-share-staging-570862915709/naresome_thumbnails/vJ2q-8ryAkE.jpg,
vJ8l3YZfTbc,E:\Data\ObsidianVault\02_Channels\馴れ初めシネマ\競合チャンネル分析\企画リサーチ_20260605\gcs_upload_staging\naresome_thumbnails\vJ8l3YZfTbc.jpg,259617,gs://senior-share-staging-570862915709/naresome_thumbnails/vJ8l3YZfTbc.jpg,
vKelPPbDd_E,E:\Data\ObsidianVault\02_Channels\馴れ初めシネマ\競合チャンネル分析\企画リサーチ_20260605\gcs_upload_staging\naresome_thumbnails\vKelPPbDd_E.jpg,262100,gs://senior-share-staging-570862915709/naresome_thumbnails/vKelPPbDd_E.jpg,
vKgEtPaqf_U,E:\Data\ObsidianVault\02_Channels\馴れ初めシネマ\競合チャンネル分析\企画リサーチ_20260605\gcs_upload_staging\naresome_thumbnails\vKgEtPaqf_U.jpg,240968,gs://senior-share-staging-570862915709/naresome_thumbnails/vKgEtPaqf_U.jpg,
vMawd5SIbG4,E:\Data\ObsidianVault\02_Channels\馴れ初めシネマ\競合チャンネル分析\企画リサーチ_20260605\gcs_upload_staging\naresome_thumbnails\vMawd5SIbG4.jpg,256319,gs://senior-share-staging-570862915709/naresome_thumbnails/vMawd5SIbG4.jpg,
vPueiR_uEKk,E:\Data\ObsidianVault\02_Channels\馴れ初めシネマ\競合チャンネル分析\企画リサーチ_20260605\gcs_upload_staging\naresome_thumbnails\vPueiR_uEKk.jpg,243161,gs://senior-share-staging-570862915709/naresome_thumbnails/vPueiR_uEKk.jpg,
vRWpmXUQ96I,E:\Data\ObsidianVault\02_Channels\馴れ初めシネマ\競合チャンネル分析\企画リサーチ_20260605\gcs_upload_staging\naresome_thumbnails\vRWpmXUQ96I.jpg,235214,gs://senior-share-staging-570862915709/naresome_thumbnails/vRWpmXUQ96I.jpg,
vSRbJJC_yzo,E:\Data\ObsidianVault\02_Channels\馴れ初めシネマ\競合チャンネル分析\企画リサーチ_20260605\gcs_upload_staging\naresome_thumbnails\vSRbJJC_yzo.jpg,256432,gs://senior-share-staging-570862915709/naresome_thumbnails/vSRbJJC_yzo.jpg,
vT0PJjitdHI,E:\Data\ObsidianVault\02_Channels\馴れ初めシネマ\競合チャンネル分析\企画リサーチ_20260605\gcs_upload_staging\naresome_thumbnails\vT0PJjitdHI.jpg,258189,gs://senior-share-staging-570862915709/naresome_thumbnails/vT0PJjitdHI.jpg,
vTEN0VXP3Pk,E:\Data\ObsidianVault\02_Channels\馴れ初めシネマ\競合チャンネル分析\企画リサーチ_20260605\gcs_upload_staging\naresome_thumbnails\vTEN0VXP3Pk.jpg,248728,gs://senior-share-staging-570862915709/naresome_thumbnails/vTEN0VXP3Pk.jpg,
vTXP_AYUxxM,E:\Data\ObsidianVault\02_Channels\馴れ初めシネマ\競合チャンネル分析\企画リサーチ_20260605\gcs_upload_staging\naresome_thumbnails\vTXP_AYUxxM.jpg,249413,gs://senior-share-staging-570862915709/naresome_thumbnails/vTXP_AYUxxM.jpg,
vUx-hHqu4sg,E:\Data\ObsidianVault\02_Channels\馴れ初めシネマ\競合チャンネル分析\企画リサーチ_20260605\gcs_upload_staging\naresome_thumbnails\vUx-hHqu4sg.jpg,260571,gs://senior-share-staging-570862915709/naresome_thumbnails/vUx-hHqu4sg.jpg,
vWpXg272jeo,E:\Data\ObsidianVault\02_Channels\馴れ初めシネマ\競合チャンネル分析\企画リサーチ_20260605\gcs_upload_staging\naresome_thumbnails\vWpXg272jeo.jpg,252801,gs://senior-share-staging-570862915709/naresome_thumbnails/vWpXg272jeo.jpg,
vXEpG-aiCtM,E:\Data\ObsidianVault\02_Channels\馴れ初めシネマ\競合チャンネル分析\企画リサーチ_20260605\gcs_upload_staging\naresome_thumbnails\vXEpG-aiCtM.jpg,254432,gs://senior-share-staging-570862915709/naresome_thumbnails/vXEpG-aiCtM.jpg,
vXXzlg9QZfQ,E:\Data\ObsidianVault\02_Channels\馴れ初めシネマ\競合チャンネル分析\企画リサーチ_20260605\gcs_upload_staging\naresome_thumbnails\vXXzlg9QZfQ.jpg,264469,gs://senior-share-staging-570862915709/naresome_thumbnails/vXXzlg9QZfQ.jpg,
vY58cSLxsDg,E:\Data\ObsidianVault\02_Channels\馴れ初めシネマ\競合チャンネル分析\企画リサーチ_20260605\gcs_upload_staging\naresome_thumbnails\vY58cSLxsDg.jpg,255537,gs://senior-share-staging-570862915709/naresome_thumbnails/vY58cSLxsDg.jpg,
vah7BDr2V54,E:\Data\ObsidianVault\02_Channels\馴れ初めシネマ\競合チャンネル分析\企画リサーチ_20260605\gcs_upload_staging\naresome_thumbnails\vah7BDr2V54.jpg,252403,gs://senior-share-staging-570862915709/naresome_thumbnails/vah7BDr2V54.jpg,
vcGFwU6caPw,E:\Data\ObsidianVault\02_Channels\馴れ初めシネマ\競合チャンネル分析\企画リサーチ_20260605\gcs_upload_staging\naresome_thumbnails\vcGFwU6caPw.jpg,252673,gs://senior-share-staging-570862915709/naresome_thumbnails/vcGFwU6caPw.jpg,
vcmfdGQaKSU,E:\Data\ObsidianVault\02_Channels\馴れ初めシネマ\競合チャンネル分析\企画リサーチ_20260605\gcs_upload_staging\naresome_thumbnails\vcmfdGQaKSU.jpg,240386,gs://senior-share-staging-570862915709/naresome_thumbnails/vcmfdGQaKSU.jpg,
vggnL2sB5MU,E:\Data\ObsidianVault\02_Channels\馴れ初めシネマ\競合チャンネル分析\企画リサーチ_20260605\gcs_upload_staging\naresome_thumbnails\vggnL2sB5MU.jpg,276288,gs://senior-share-staging-570862915709/naresome_thumbnails/vggnL2sB5MU.jpg,
vh0bJdKXGTU,E:\Data\ObsidianVault\02_Channels\馴れ初めシネマ\競合チャンネル分析\企画リサーチ_20260605\gcs_upload_staging\naresome_thumbnails\vh0bJdKXGTU.jpg,290032,gs://senior-share-staging-570862915709/naresome_thumbnails/vh0bJdKXGTU.jpg,
vhRE13rq1ms,E:\Data\ObsidianVault\02_Channels\馴れ初めシネマ\競合チャンネル分析\企画リサーチ_20260605\gcs_upload_staging\naresome_thumbnails\vhRE13rq1ms.jpg,254579,gs://senior-share-staging-570862915709/naresome_thumbnails/vhRE13rq1ms.jpg,
vhgGiPWd_4s,E:\Data\ObsidianVault\02_Channels\馴れ初めシネマ\競合チャンネル分析\企画リサーチ_20260605\gcs_upload_staging\naresome_thumbnails\vhgGiPWd_4s.jpg,239975,gs://senior-share-staging-570862915709/naresome_thumbnails/vhgGiPWd_4s.jpg,
vhgYSASsZuQ,E:\Data\ObsidianVault\02_Channels\馴れ初めシネマ\競合チャンネル分析\企画リサーチ_20260605\gcs_upload_staging\naresome_thumbnails\vhgYSASsZuQ.jpg,279588,gs://senior-share-staging-570862915709/naresome_thumbnails/vhgYSASsZuQ.jpg,
vj4vREPr63E,E:\Data\ObsidianVault\02_Channels\馴れ初めシネマ\競合チャンネル分析\企画リサーチ_20260605\gcs_upload_staging\naresome_thumbnails\vj4vREPr63E.jpg,260988,gs://senior-share-staging-570862915709/naresome_thumbnails/vj4vREPr63E.jpg,
vjI80u2zdt0,E:\Data\ObsidianVault\02_Channels\馴れ初めシネマ\競合チャンネル分析\企画リサーチ_20260605\gcs_upload_staging\naresome_thumbnails\vjI80u2zdt0.jpg,279270,gs://senior-share-staging-570862915709/naresome_thumbnails/vjI80u2zdt0.jpg,
vm2LfjsmJB8,E:\Data\ObsidianVault\02_Channels\馴れ初めシネマ\競合チャンネル分析\企画リサーチ_20260605\gcs_upload_staging\naresome_thumbnails\vm2LfjsmJB8.jpg,263383,gs://senior-share-staging-570862915709/naresome_thumbnails/vm2LfjsmJB8.jpg,
vmfJMMQBPzo,E:\Data\ObsidianVault\02_Channels\馴れ初めシネマ\競合チャンネル分析\企画リサーチ_20260605\gcs_upload_staging\naresome_thumbnails\vmfJMMQBPzo.jpg,269055,gs://senior-share-staging-570862915709/naresome_thumbnails/vmfJMMQBPzo.jpg,
voW_QG2whLE,E:\Data\ObsidianVault\02_Channels\馴れ初めシネマ\競合チャンネル分析\企画リサーチ_20260605\gcs_upload_staging\naresome_thumbnails\voW_QG2whLE.jpg,290650,gs://senior-share-staging-570862915709/naresome_thumbnails/voW_QG2whLE.jpg,
vr0ICfl8-PM,E:\Data\ObsidianVault\02_Channels\馴れ初めシネマ\競合チャンネル分析\企画リサーチ_20260605\gcs_upload_staging\naresome_thumbnails\vr0ICfl8-PM.jpg,345931,gs://senior-share-staging-570862915709/naresome_thumbnails/vr0ICfl8-PM.jpg,
vrNYq8pYW1Y,E:\Data\ObsidianVault\02_Channels\馴れ初めシネマ\競合チャンネル分析\企画リサーチ_20260605\gcs_upload_staging\naresome_thumbnails\vrNYq8pYW1Y.jpg,247143,gs://senior-share-staging-570862915709/naresome_thumbnails/vrNYq8pYW1Y.jpg,
vs_ET0UAdgo,E:\Data\ObsidianVault\02_Channels\馴れ初めシネマ\競合チャンネル分析\企画リサーチ_20260605\gcs_upload_staging\naresome_thumbnails\vs_ET0UAdgo.jpg,247362,gs://senior-share-staging-570862915709/naresome_thumbnails/vs_ET0UAdgo.jpg,
vvy21hMRSaI,E:\Data\ObsidianVault\02_Channels\馴れ初めシネマ\競合チャンネル分析\企画リサーチ_20260605\gcs_upload_staging\naresome_thumbnails\vvy21hMRSaI.jpg,253182,gs://senior-share-staging-570862915709/naresome_thumbnails/vvy21hMRSaI.jpg,
vwzHvQinl9c,E:\Data\ObsidianVault\02_Channels\馴れ初めシネマ\競合チャンネル分析\企画リサーチ_20260605\gcs_upload_staging\naresome_thumbnails\vwzHvQinl9c.jpg,263895,gs://senior-share-staging-570862915709/naresome_thumbnails/vwzHvQinl9c.jpg,
vxwNjVEAEWg,E:\Data\ObsidianVault\02_Channels\馴れ初めシネマ\競合チャンネル分析\企画リサーチ_20260605\gcs_upload_staging\naresome_thumbnails\vxwNjVEAEWg.jpg,242115,gs://senior-share-staging-570862915709/naresome_thumbnails/vxwNjVEAEWg.jpg,
w0DnBAJf-V4,E:\Data\ObsidianVault\02_Channels\馴れ初めシネマ\競合チャンネル分析\企画リサーチ_20260605\gcs_upload_staging\naresome_thumbnails\w0DnBAJf-V4.jpg,245707,gs://senior-share-staging-570862915709/naresome_thumbnails/w0DnBAJf-V4.jpg,
w0EzNbF_jE0,E:\Data\ObsidianVault\02_Channels\馴れ初めシネマ\競合チャンネル分析\企画リサーチ_20260605\gcs_upload_staging\naresome_thumbnails\w0EzNbF_jE0.jpg,235375,gs://senior-share-staging-570862915709/naresome_thumbnails/w0EzNbF_jE0.jpg,
w1IVUT52kx0,E:\Data\ObsidianVault\02_Channels\馴れ初めシネマ\競合チャンネル分析\企画リサーチ_20260605\gcs_upload_staging\naresome_thumbnails\w1IVUT52kx0.jpg,247683,gs://senior-share-staging-570862915709/naresome_thumbnails/w1IVUT52kx0.jpg,
w1eoNvUux9w,E:\Data\ObsidianVault\02_Channels\馴れ初めシネマ\競合チャンネル分析\企画リサーチ_20260605\gcs_upload_staging\naresome_thumbnails\w1eoNvUux9w.jpg,277505,gs://senior-share-staging-570862915709/naresome_thumbnails/w1eoNvUux9w.jpg,
w24O8C2dgIU,E:\Data\ObsidianVault\02_Channels\馴れ初めシネマ\競合チャンネル分析\企画リサーチ_20260605\gcs_upload_staging\naresome_thumbnails\w24O8C2dgIU.jpg,263109,gs://senior-share-staging-570862915709/naresome_thumbnails/w24O8C2dgIU.jpg,
w2CvUQ1R9C8,E:\Data\ObsidianVault\02_Channels\馴れ初めシネマ\競合チャンネル分析\企画リサーチ_20260605\gcs_upload_staging\naresome_thumbnails\w2CvUQ1R9C8.jpg,247252,gs://senior-share-staging-570862915709/naresome_thumbnails/w2CvUQ1R9C8.jpg,
w7UjAO65gf4,E:\Data\ObsidianVault\02_Channels\馴れ初めシネマ\競合チャンネル分析\企画リサーチ_20260605\gcs_upload_staging\naresome_thumbnails\w7UjAO65gf4.jpg,272047,gs://senior-share-staging-570862915709/naresome_thumbnails/w7UjAO65gf4.jpg,
w8i6byjRrUM,E:\Data\ObsidianVault\02_Channels\馴れ初めシネマ\競合チャンネル分析\企画リサーチ_20260605\gcs_upload_staging\naresome_thumbnails\w8i6byjRrUM.jpg,263745,gs://senior-share-staging-570862915709/naresome_thumbnails/w8i6byjRrUM.jpg,
w9UKhTFTcSM,E:\Data\ObsidianVault\02_Channels\馴れ初めシネマ\競合チャンネル分析\企画リサーチ_20260605\gcs_upload_staging\naresome_thumbnails\w9UKhTFTcSM.jpg,267219,gs://senior-share-staging-570862915709/naresome_thumbnails/w9UKhTFTcSM.jpg,
wAqGZFzSWT8,E:\Data\ObsidianVault\02_Channels\馴れ初めシネマ\競合チャンネル分析\企画リサーチ_20260605\gcs_upload_staging\naresome_thumbnails\wAqGZFzSWT8.jpg,208275,gs://senior-share-staging-570862915709/naresome_thumbnails/wAqGZFzSWT8.jpg,
wC5N7QIBx-U,E:\Data\ObsidianVault\02_Channels\馴れ初めシネマ\競合チャンネル分析\企画リサーチ_20260605\gcs_upload_staging\naresome_thumbnails\wC5N7QIBx-U.jpg,246143,gs://senior-share-staging-570862915709/naresome_thumbnails/wC5N7QIBx-U.jpg,
wC9P_9Gxj4g,E:\Data\ObsidianVault\02_Channels\馴れ初めシネマ\競合チャンネル分析\企画リサーチ_20260605\gcs_upload_staging\naresome_thumbnails\wC9P_9Gxj4g.jpg,221952,gs://senior-share-staging-570862915709/naresome_thumbnails/wC9P_9Gxj4g.jpg,
wDpkRoqkNns,E:\Data\ObsidianVault\02_Channels\馴れ初めシネマ\競合チャンネル分析\企画リサーチ_20260605\gcs_upload_staging\naresome_thumbnails\wDpkRoqkNns.jpg,270503,gs://senior-share-staging-570862915709/naresome_thumbnails/wDpkRoqkNns.jpg,
wE27j4plGVI,E:\Data\ObsidianVault\02_Channels\馴れ初めシネマ\競合チャンネル分析\企画リサーチ_20260605\gcs_upload_staging\naresome_thumbnails\wE27j4plGVI.jpg,278680,gs://senior-share-staging-570862915709/naresome_thumbnails/wE27j4plGVI.jpg,
wGdsDCA-2C4,E:\Data\ObsidianVault\02_Channels\馴れ初めシネマ\競合チャンネル分析\企画リサーチ_20260605\gcs_upload_staging\naresome_thumbnails\wGdsDCA-2C4.jpg,268169,gs://senior-share-staging-570862915709/naresome_thumbnails/wGdsDCA-2C4.jpg,
wHBsbVQ3txs,E:\Data\ObsidianVault\02_Channels\馴れ初めシネマ\競合チャンネル分析\企画リサーチ_20260605\gcs_upload_staging\naresome_thumbnails\wHBsbVQ3txs.jpg,229009,gs://senior-share-staging-570862915709/naresome_thumbnails/wHBsbVQ3txs.jpg,
wHKg2kwXcVE,E:\Data\ObsidianVault\02_Channels\馴れ初めシネマ\競合チャンネル分析\企画リサーチ_20260605\gcs_upload_staging\naresome_thumbnails\wHKg2kwXcVE.jpg,261406,gs://senior-share-staging-570862915709/naresome_thumbnails/wHKg2kwXcVE.jpg,
wHXepcRHCtg,E:\Data\ObsidianVault\02_Channels\馴れ初めシネマ\競合チャンネル分析\企画リサーチ_20260605\gcs_upload_staging\naresome_thumbnails\wHXepcRHCtg.jpg,269968,gs://senior-share-staging-570862915709/naresome_thumbnails/wHXepcRHCtg.jpg,
wIEBEQxASq0,E:\Data\ObsidianVault\02_Channels\馴れ初めシネマ\競合チャンネル分析\企画リサーチ_20260605\gcs_upload_staging\naresome_thumbnails\wIEBEQxASq0.jpg,279581,gs://senior-share-staging-570862915709/naresome_thumbnails/wIEBEQxASq0.jpg,
wJ5nX0lcy1I,E:\Data\ObsidianVault\02_Channels\馴れ初めシネマ\競合チャンネル分析\企画リサーチ_20260605\gcs_upload_staging\naresome_thumbnails\wJ5nX0lcy1I.jpg,265861,gs://senior-share-staging-570862915709/naresome_thumbnails/wJ5nX0lcy1I.jpg,
wJehVd4juJs,E:\Data\ObsidianVault\02_Channels\馴れ初めシネマ\競合チャンネル分析\企画リサーチ_20260605\gcs_upload_staging\naresome_thumbnails\wJehVd4juJs.jpg,238537,gs://senior-share-staging-570862915709/naresome_thumbnails/wJehVd4juJs.jpg,
wLo25dTxIJg,E:\Data\ObsidianVault\02_Channels\馴れ初めシネマ\競合チャンネル分析\企画リサーチ_20260605\gcs_upload_staging\naresome_thumbnails\wLo25dTxIJg.jpg,251202,gs://senior-share-staging-570862915709/naresome_thumbnails/wLo25dTxIJg.jpg,
wMFnR3lo6gA,E:\Data\ObsidianVault\02_Channels\馴れ初めシネマ\競合チャンネル分析\企画リサーチ_20260605\gcs_upload_staging\naresome_thumbnails\wMFnR3lo6gA.jpg,276314,gs://senior-share-staging-570862915709/naresome_thumbnails/wMFnR3lo6gA.jpg,
wO639EZU4xc,E:\Data\ObsidianVault\02_Channels\馴れ初めシネマ\競合チャンネル分析\企画リサーチ_20260605\gcs_upload_staging\naresome_thumbnails\wO639EZU4xc.jpg,258065,gs://senior-share-staging-570862915709/naresome_thumbnails/wO639EZU4xc.jpg,
wOgrRSED50I,E:\Data\ObsidianVault\02_Channels\馴れ初めシネマ\競合チャンネル分析\企画リサーチ_20260605\gcs_upload_staging\naresome_thumbnails\wOgrRSED50I.jpg,270103,gs://senior-share-staging-570862915709/naresome_thumbnails/wOgrRSED50I.jpg,
wOpY0jFulLo,E:\Data\ObsidianVault\02_Channels\馴れ初めシネマ\競合チャンネル分析\企画リサーチ_20260605\gcs_upload_staging\naresome_thumbnails\wOpY0jFulLo.jpg,275231,gs://senior-share-staging-570862915709/naresome_thumbnails/wOpY0jFulLo.jpg,
wPG-BrHaIBQ,E:\Data\ObsidianVault\02_Channels\馴れ初めシネマ\競合チャンネル分析\企画リサーチ_20260605\gcs_upload_staging\naresome_thumbnails\wPG-BrHaIBQ.jpg,267243,gs://senior-share-staging-570862915709/naresome_thumbnails/wPG-BrHaIBQ.jpg,
wQnW95bdGOc,E:\Data\ObsidianVault\02_Channels\馴れ初めシネマ\競合チャンネル分析\企画リサーチ_20260605\gcs_upload_staging\naresome_thumbnails\wQnW95bdGOc.jpg,238931,gs://senior-share-staging-570862915709/naresome_thumbnails/wQnW95bdGOc.jpg,
wTfEOMg0ecU,E:\Data\ObsidianVault\02_Channels\馴れ初めシネマ\競合チャンネル分析\企画リサーチ_20260605\gcs_upload_staging\naresome_thumbnails\wTfEOMg0ecU.jpg,245966,gs://senior-share-staging-570862915709/naresome_thumbnails/wTfEOMg0ecU.jpg,
wTyhke0VJRA,E:\Data\ObsidianVault\02_Channels\馴れ初めシネマ\競合チャンネル分析\企画リサーチ_20260605\gcs_upload_staging\naresome_thumbnails\wTyhke0VJRA.jpg,250211,gs://senior-share-staging-570862915709/naresome_thumbnails/wTyhke0VJRA.jpg,
wVaa2AjvkYI,E:\Data\ObsidianVault\02_Channels\馴れ初めシネマ\競合チャンネル分析\企画リサーチ_20260605\gcs_upload_staging\naresome_thumbnails\wVaa2AjvkYI.jpg,270071,gs://senior-share-staging-570862915709/naresome_thumbnails/wVaa2AjvkYI.jpg,
wahm_MbCbyk,E:\Data\ObsidianVault\02_Channels\馴れ初めシネマ\競合チャンネル分析\企画リサーチ_20260605\gcs_upload_staging\naresome_thumbnails\wahm_MbCbyk.jpg,272668,gs://senior-share-staging-570862915709/naresome_thumbnails/wahm_MbCbyk.jpg,
wc7qNlOkyKc,E:\Data\ObsidianVault\02_Channels\馴れ初めシネマ\競合チャンネル分析\企画リサーチ_20260605\gcs_upload_staging\naresome_thumbnails\wc7qNlOkyKc.jpg,262473,gs://senior-share-staging-570862915709/naresome_thumbnails/wc7qNlOkyKc.jpg,
wd4qg7PMVC0,E:\Data\ObsidianVault\02_Channels\馴れ初めシネマ\競合チャンネル分析\企画リサーチ_20260605\gcs_upload_staging\naresome_thumbnails\wd4qg7PMVC0.jpg,242986,gs://senior-share-staging-570862915709/naresome_thumbnails/wd4qg7PMVC0.jpg,
wdwBOxL_Tto,E:\Data\ObsidianVault\02_Channels\馴れ初めシネマ\競合チャンネル分析\企画リサーチ_20260605\gcs_upload_staging\naresome_thumbnails\wdwBOxL_Tto.jpg,255406,gs://senior-share-staging-570862915709/naresome_thumbnails/wdwBOxL_Tto.jpg,
wg8T4Ztqh5U,E:\Data\ObsidianVault\02_Channels\馴れ初めシネマ\競合チャンネル分析\企画リサーチ_20260605\gcs_upload_staging\naresome_thumbnails\wg8T4Ztqh5U.jpg,244929,gs://senior-share-staging-570862915709/naresome_thumbnails/wg8T4Ztqh5U.jpg,
wgZAbucX_Hg,E:\Data\ObsidianVault\02_Channels\馴れ初めシネマ\競合チャンネル分析\企画リサーチ_20260605\gcs_upload_staging\naresome_thumbnails\wgZAbucX_Hg.jpg,262358,gs://senior-share-staging-570862915709/naresome_thumbnails/wgZAbucX_Hg.jpg,
wgbI7UVXGgA,E:\Data\ObsidianVault\02_Channels\馴れ初めシネマ\競合チャンネル分析\企画リサーチ_20260605\gcs_upload_staging\naresome_thumbnails\wgbI7UVXGgA.jpg,234714,gs://senior-share-staging-570862915709/naresome_thumbnails/wgbI7UVXGgA.jpg,
whMs-BpjgtI,E:\Data\ObsidianVault\02_Channels\馴れ初めシネマ\競合チャンネル分析\企画リサーチ_20260605\gcs_upload_staging\naresome_thumbnails\whMs-BpjgtI.jpg,261614,gs://senior-share-staging-570862915709/naresome_thumbnails/whMs-BpjgtI.jpg,
whWs2-b1Hs8,E:\Data\ObsidianVault\02_Channels\馴れ初めシネマ\競合チャンネル分析\企画リサーチ_20260605\gcs_upload_staging\naresome_thumbnails\whWs2-b1Hs8.jpg,242507,gs://senior-share-staging-570862915709/naresome_thumbnails/whWs2-b1Hs8.jpg,
whZmGG-FZOs,E:\Data\ObsidianVault\02_Channels\馴れ初めシネマ\競合チャンネル分析\企画リサーチ_20260605\gcs_upload_staging\naresome_thumbnails\whZmGG-FZOs.jpg,310097,gs://senior-share-staging-570862915709/naresome_thumbnails/whZmGG-FZOs.jpg,
wjPRUkcZj-I,E:\Data\ObsidianVault\02_Channels\馴れ初めシネマ\競合チャンネル分析\企画リサーチ_20260605\gcs_upload_staging\naresome_thumbnails\wjPRUkcZj-I.jpg,264406,gs://senior-share-staging-570862915709/naresome_thumbnails/wjPRUkcZj-I.jpg,
wjXSSKTt5TU,E:\Data\ObsidianVault\02_Channels\馴れ初めシネマ\競合チャンネル分析\企画リサーチ_20260605\gcs_upload_staging\naresome_thumbnails\wjXSSKTt5TU.jpg,252839,gs://senior-share-staging-570862915709/naresome_thumbnails/wjXSSKTt5TU.jpg,
wkIY01eQ54c,E:\Data\ObsidianVault\02_Channels\馴れ初めシネマ\競合チャンネル分析\企画リサーチ_20260605\gcs_upload_staging\naresome_thumbnails\wkIY01eQ54c.jpg,238359,gs://senior-share-staging-570862915709/naresome_thumbnails/wkIY01eQ54c.jpg,
wlRcjmeo_MI,E:\Data\ObsidianVault\02_Channels\馴れ初めシネマ\競合チャンネル分析\企画リサーチ_20260605\gcs_upload_staging\naresome_thumbnails\wlRcjmeo_MI.jpg,256815,gs://senior-share-staging-570862915709/naresome_thumbnails/wlRcjmeo_MI.jpg,
wn-rKXYEPX8,E:\Data\ObsidianVault\02_Channels\馴れ初めシネマ\競合チャンネル分析\企画リサーチ_20260605\gcs_upload_staging\naresome_thumbnails\wn-rKXYEPX8.jpg,245211,gs://senior-share-staging-570862915709/naresome_thumbnails/wn-rKXYEPX8.jpg,
wn5yKGaKkQw,E:\Data\ObsidianVault\02_Channels\馴れ初めシネマ\競合チャンネル分析\企画リサーチ_20260605\gcs_upload_staging\naresome_thumbnails\wn5yKGaKkQw.jpg,253654,gs://senior-share-staging-570862915709/naresome_thumbnails/wn5yKGaKkQw.jpg,
wnR5vT6tRXU,E:\Data\ObsidianVault\02_Channels\馴れ初めシネマ\競合チャンネル分析\企画リサーチ_20260605\gcs_upload_staging\naresome_thumbnails\wnR5vT6tRXU.jpg,258233,gs://senior-share-staging-570862915709/naresome_thumbnails/wnR5vT6tRXU.jpg,
wouRG9_p3F8,E:\Data\ObsidianVault\02_Channels\馴れ初めシネマ\競合チャンネル分析\企画リサーチ_20260605\gcs_upload_staging\naresome_thumbnails\wouRG9_p3F8.jpg,267948,gs://senior-share-staging-570862915709/naresome_thumbnails/wouRG9_p3F8.jpg,
wq9dy7J8FzA,E:\Data\ObsidianVault\02_Channels\馴れ初めシネマ\競合チャンネル分析\企画リサーチ_20260605\gcs_upload_staging\naresome_thumbnails\wq9dy7J8FzA.jpg,278609,gs://senior-share-staging-570862915709/naresome_thumbnails/wq9dy7J8FzA.jpg,
wrBZr7DGlr4,E:\Data\ObsidianVault\02_Channels\馴れ初めシネマ\競合チャンネル分析\企画リサーチ_20260605\gcs_upload_staging\naresome_thumbnails\wrBZr7DGlr4.jpg,265226,gs://senior-share-staging-570862915709/naresome_thumbnails/wrBZr7DGlr4.jpg,
ws8wAEHUx6Q,E:\Data\ObsidianVault\02_Channels\馴れ初めシネマ\競合チャンネル分析\企画リサーチ_20260605\gcs_upload_staging\naresome_thumbnails\ws8wAEHUx6Q.jpg,255402,gs://senior-share-staging-570862915709/naresome_thumbnails/ws8wAEHUx6Q.jpg,
wtIwzWlCuJ0,E:\Data\ObsidianVault\02_Channels\馴れ初めシネマ\競合チャンネル分析\企画リサーチ_20260605\gcs_upload_staging\naresome_thumbnails\wtIwzWlCuJ0.jpg,223762,gs://senior-share-staging-570862915709/naresome_thumbnails/wtIwzWlCuJ0.jpg,
wwb2vOurTAI,E:\Data\ObsidianVault\02_Channels\馴れ初めシネマ\競合チャンネル分析\企画リサーチ_20260605\gcs_upload_staging\naresome_thumbnails\wwb2vOurTAI.jpg,244766,gs://senior-share-staging-570862915709/naresome_thumbnails/wwb2vOurTAI.jpg,
wyanJc6T9uI,E:\Data\ObsidianVault\02_Channels\馴れ初めシネマ\競合チャンネル分析\企画リサーチ_20260605\gcs_upload_staging\naresome_thumbnails\wyanJc6T9uI.jpg,265286,gs://senior-share-staging-570862915709/naresome_thumbnails/wyanJc6T9uI.jpg,
wzvMjXM0zf4,E:\Data\ObsidianVault\02_Channels\馴れ初めシネマ\競合チャンネル分析\企画リサーチ_20260605\gcs_upload_staging\naresome_thumbnails\wzvMjXM0zf4.jpg,260408,gs://senior-share-staging-570862915709/naresome_thumbnails/wzvMjXM0zf4.jpg,
x-USoMHfwoo,E:\Data\ObsidianVault\02_Channels\馴れ初めシネマ\競合チャンネル分析\企画リサーチ_20260605\gcs_upload_staging\naresome_thumbnails\x-USoMHfwoo.jpg,256500,gs://senior-share-staging-570862915709/naresome_thumbnails/x-USoMHfwoo.jpg,
x-ffLKvi-G0,E:\Data\ObsidianVault\02_Channels\馴れ初めシネマ\競合チャンネル分析\企画リサーチ_20260605\gcs_upload_staging\naresome_thumbnails\x-ffLKvi-G0.jpg,252428,gs://senior-share-staging-570862915709/naresome_thumbnails/x-ffLKvi-G0.jpg,
x-y51FQXvOk,E:\Data\ObsidianVault\02_Channels\馴れ初めシネマ\競合チャンネル分析\企画リサーチ_20260605\gcs_upload_staging\naresome_thumbnails\x-y51FQXvOk.jpg,250056,gs://senior-share-staging-570862915709/naresome_thumbnails/x-y51FQXvOk.jpg,
x0KjR2zx9Z4,E:\Data\ObsidianVault\02_Channels\馴れ初めシネマ\競合チャンネル分析\企画リサーチ_20260605\gcs_upload_staging\naresome_thumbnails\x0KjR2zx9Z4.jpg,254031,gs://senior-share-staging-570862915709/naresome_thumbnails/x0KjR2zx9Z4.jpg,
x1dVPaIiVSM,E:\Data\ObsidianVault\02_Channels\馴れ初めシネマ\競合チャンネル分析\企画リサーチ_20260605\gcs_upload_staging\naresome_thumbnails\x1dVPaIiVSM.jpg,258494,gs://senior-share-staging-570862915709/naresome_thumbnails/x1dVPaIiVSM.jpg,
x23HuwvfIME,E:\Data\ObsidianVault\02_Channels\馴れ初めシネマ\競合チャンネル分析\企画リサーチ_20260605\gcs_upload_staging\naresome_thumbnails\x23HuwvfIME.jpg,251255,gs://senior-share-staging-570862915709/naresome_thumbnails/x23HuwvfIME.jpg,
x29w4fmfPV4,E:\Data\ObsidianVault\02_Channels\馴れ初めシネマ\競合チャンネル分析\企画リサーチ_20260605\gcs_upload_staging\naresome_thumbnails\x29w4fmfPV4.jpg,262581,gs://senior-share-staging-570862915709/naresome_thumbnails/x29w4fmfPV4.jpg,
x2Y1xU6BqyM,E:\Data\ObsidianVault\02_Channels\馴れ初めシネマ\競合チャンネル分析\企画リサーチ_20260605\gcs_upload_staging\naresome_thumbnails\x2Y1xU6BqyM.jpg,255058,gs://senior-share-staging-570862915709/naresome_thumbnails/x2Y1xU6BqyM.jpg,
x2cU59f1eys,E:\Data\ObsidianVault\02_Channels\馴れ初めシネマ\競合チャンネル分析\企画リサーチ_20260605\gcs_upload_staging\naresome_thumbnails\x2cU59f1eys.jpg,320958,gs://senior-share-staging-570862915709/naresome_thumbnails/x2cU59f1eys.jpg,
x2rPhWJD1oM,E:\Data\ObsidianVault\02_Channels\馴れ初めシネマ\競合チャンネル分析\企画リサーチ_20260605\gcs_upload_staging\naresome_thumbnails\x2rPhWJD1oM.jpg,221027,gs://senior-share-staging-570862915709/naresome_thumbnails/x2rPhWJD1oM.jpg,
x4P6SuhUkZo,E:\Data\ObsidianVault\02_Channels\馴れ初めシネマ\競合チャンネル分析\企画リサーチ_20260605\gcs_upload_staging\naresome_thumbnails\x4P6SuhUkZo.jpg,239376,gs://senior-share-staging-570862915709/naresome_thumbnails/x4P6SuhUkZo.jpg,
x4UT1goqZOI,E:\Data\ObsidianVault\02_Channels\馴れ初めシネマ\競合チャンネル分析\企画リサーチ_20260605\gcs_upload_staging\naresome_thumbnails\x4UT1goqZOI.jpg,261768,gs://senior-share-staging-570862915709/naresome_thumbnails/x4UT1goqZOI.jpg,
x4nrMhyzrIw,E:\Data\ObsidianVault\02_Channels\馴れ初めシネマ\競合チャンネル分析\企画リサーチ_20260605\gcs_upload_staging\naresome_thumbnails\x4nrMhyzrIw.jpg,257806,gs://senior-share-staging-570862915709/naresome_thumbnails/x4nrMhyzrIw.jpg,
x4rAeo0rxUE,E:\Data\ObsidianVault\02_Channels\馴れ初めシネマ\競合チャンネル分析\企画リサーチ_20260605\gcs_upload_staging\naresome_thumbnails\x4rAeo0rxUE.jpg,265290,gs://senior-share-staging-570862915709/naresome_thumbnails/x4rAeo0rxUE.jpg,
x5A1jo3qDEs,E:\Data\ObsidianVault\02_Channels\馴れ初めシネマ\競合チャンネル分析\企画リサーチ_20260605\gcs_upload_staging\naresome_thumbnails\x5A1jo3qDEs.jpg,272827,gs://senior-share-staging-570862915709/naresome_thumbnails/x5A1jo3qDEs.jpg,
x8ZPfbFcass,E:\Data\ObsidianVault\02_Channels\馴れ初めシネマ\競合チャンネル分析\企画リサーチ_20260605\gcs_upload_staging\naresome_thumbnails\x8ZPfbFcass.jpg,250678,gs://senior-share-staging-570862915709/naresome_thumbnails/x8ZPfbFcass.jpg,
xA3TnNjt8Ys,E:\Data\ObsidianVault\02_Channels\馴れ初めシネマ\競合チャンネル分析\企画リサーチ_20260605\gcs_upload_staging\naresome_thumbnails\xA3TnNjt8Ys.jpg,254710,gs://senior-share-staging-570862915709/naresome_thumbnails/xA3TnNjt8Ys.jpg,
xBr9Xr2lsi0,E:\Data\ObsidianVault\02_Channels\馴れ初めシネマ\競合チャンネル分析\企画リサーチ_20260605\gcs_upload_staging\naresome_thumbnails\xBr9Xr2lsi0.jpg,248583,gs://senior-share-staging-570862915709/naresome_thumbnails/xBr9Xr2lsi0.jpg,
xEE1B5kSNhM,E:\Data\ObsidianVault\02_Channels\馴れ初めシネマ\競合チャンネル分析\企画リサーチ_20260605\gcs_upload_staging\naresome_thumbnails\xEE1B5kSNhM.jpg,246124,gs://senior-share-staging-570862915709/naresome_thumbnails/xEE1B5kSNhM.jpg,
xFKyJQTp6Ic,E:\Data\ObsidianVault\02_Channels\馴れ初めシネマ\競合チャンネル分析\企画リサーチ_20260605\gcs_upload_staging\naresome_thumbnails\xFKyJQTp6Ic.jpg,283778,gs://senior-share-staging-570862915709/naresome_thumbnails/xFKyJQTp6Ic.jpg,
xGrtp6wI830,E:\Data\ObsidianVault\02_Channels\馴れ初めシネマ\競合チャンネル分析\企画リサーチ_20260605\gcs_upload_staging\naresome_thumbnails\xGrtp6wI830.jpg,248023,gs://senior-share-staging-570862915709/naresome_thumbnails/xGrtp6wI830.jpg,
xIc4Wj-C2PE,E:\Data\ObsidianVault\02_Channels\馴れ初めシネマ\競合チャンネル分析\企画リサーチ_20260605\gcs_upload_staging\naresome_thumbnails\xIc4Wj-C2PE.jpg,228308,gs://senior-share-staging-570862915709/naresome_thumbnails/xIc4Wj-C2PE.jpg,
xMC_c6CZilg,E:\Data\ObsidianVault\02_Channels\馴れ初めシネマ\競合チャンネル分析\企画リサーチ_20260605\gcs_upload_staging\naresome_thumbnails\xMC_c6CZilg.jpg,235736,gs://senior-share-staging-570862915709/naresome_thumbnails/xMC_c6CZilg.jpg,
xMgXpBhxB84,E:\Data\ObsidianVault\02_Channels\馴れ初めシネマ\競合チャンネル分析\企画リサーチ_20260605\gcs_upload_staging\naresome_thumbnails\xMgXpBhxB84.jpg,269720,gs://senior-share-staging-570862915709/naresome_thumbnails/xMgXpBhxB84.jpg,
xMxcTUDiXrc,E:\Data\ObsidianVault\02_Channels\馴れ初めシネマ\競合チャンネル分析\企画リサーチ_20260605\gcs_upload_staging\naresome_thumbnails\xMxcTUDiXrc.jpg,242867,gs://senior-share-staging-570862915709/naresome_thumbnails/xMxcTUDiXrc.jpg,
xN6pJCGEQpY,E:\Data\ObsidianVault\02_Channels\馴れ初めシネマ\競合チャンネル分析\企画リサーチ_20260605\gcs_upload_staging\naresome_thumbnails\xN6pJCGEQpY.jpg,267616,gs://senior-share-staging-570862915709/naresome_thumbnails/xN6pJCGEQpY.jpg,
xO_1lNa360I,E:\Data\ObsidianVault\02_Channels\馴れ初めシネマ\競合チャンネル分析\企画リサーチ_20260605\gcs_upload_staging\naresome_thumbnails\xO_1lNa360I.jpg,270563,gs://senior-share-staging-570862915709/naresome_thumbnails/xO_1lNa360I.jpg,
xPCNxBnITso,E:\Data\ObsidianVault\02_Channels\馴れ初めシネマ\競合チャンネル分析\企画リサーチ_20260605\gcs_upload_staging\naresome_thumbnails\xPCNxBnITso.jpg,258634,gs://senior-share-staging-570862915709/naresome_thumbnails/xPCNxBnITso.jpg,
xPNhqo7neGQ,E:\Data\ObsidianVault\02_Channels\馴れ初めシネマ\競合チャンネル分析\企画リサーチ_20260605\gcs_upload_staging\naresome_thumbnails\xPNhqo7neGQ.jpg,241011,gs://senior-share-staging-570862915709/naresome_thumbnails/xPNhqo7neGQ.jpg,
xPUuzu3KbWM,E:\Data\ObsidianVault\02_Channels\馴れ初めシネマ\競合チャンネル分析\企画リサーチ_20260605\gcs_upload_staging\naresome_thumbnails\xPUuzu3KbWM.jpg,270407,gs://senior-share-staging-570862915709/naresome_thumbnails/xPUuzu3KbWM.jpg,
xPsVsisza54,E:\Data\ObsidianVault\02_Channels\馴れ初めシネマ\競合チャンネル分析\企画リサーチ_20260605\gcs_upload_staging\naresome_thumbnails\xPsVsisza54.jpg,271960,gs://senior-share-staging-570862915709/naresome_thumbnails/xPsVsisza54.jpg,
xQuXphWNCzg,E:\Data\ObsidianVault\02_Channels\馴れ初めシネマ\競合チャンネル分析\企画リサーチ_20260605\gcs_upload_staging\naresome_thumbnails\xQuXphWNCzg.jpg,246643,gs://senior-share-staging-570862915709/naresome_thumbnails/xQuXphWNCzg.jpg,
xRRADGiEFhE,E:\Data\ObsidianVault\02_Channels\馴れ初めシネマ\競合チャンネル分析\企画リサーチ_20260605\gcs_upload_staging\naresome_thumbnails\xRRADGiEFhE.jpg,242580,gs://senior-share-staging-570862915709/naresome_thumbnails/xRRADGiEFhE.jpg,
xSsVTF4W1B4,E:\Data\ObsidianVault\02_Channels\馴れ初めシネマ\競合チャンネル分析\企画リサーチ_20260605\gcs_upload_staging\naresome_thumbnails\xSsVTF4W1B4.jpg,260959,gs://senior-share-staging-570862915709/naresome_thumbnails/xSsVTF4W1B4.jpg,
xSvaVrJzZho,E:\Data\ObsidianVault\02_Channels\馴れ初めシネマ\競合チャンネル分析\企画リサーチ_20260605\gcs_upload_staging\naresome_thumbnails\xSvaVrJzZho.jpg,248556,gs://senior-share-staging-570862915709/naresome_thumbnails/xSvaVrJzZho.jpg,
xThwCd06EQg,E:\Data\ObsidianVault\02_Channels\馴れ初めシネマ\競合チャンネル分析\企画リサーチ_20260605\gcs_upload_staging\naresome_thumbnails\xThwCd06EQg.jpg,244561,gs://senior-share-staging-570862915709/naresome_thumbnails/xThwCd06EQg.jpg,
xVOf_f6hKwU,E:\Data\ObsidianVault\02_Channels\馴れ初めシネマ\競合チャンネル分析\企画リサーチ_20260605\gcs_upload_staging\naresome_thumbnails\xVOf_f6hKwU.jpg,256035,gs://senior-share-staging-570862915709/naresome_thumbnails/xVOf_f6hKwU.jpg,
xWU-cftAFTY,E:\Data\ObsidianVault\02_Channels\馴れ初めシネマ\競合チャンネル分析\企画リサーチ_20260605\gcs_upload_staging\naresome_thumbnails\xWU-cftAFTY.jpg,263315,gs://senior-share-staging-570862915709/naresome_thumbnails/xWU-cftAFTY.jpg,
xYF0GagjwCk,E:\Data\ObsidianVault\02_Channels\馴れ初めシネマ\競合チャンネル分析\企画リサーチ_20260605\gcs_upload_staging\naresome_thumbnails\xYF0GagjwCk.jpg,277729,gs://senior-share-staging-570862915709/naresome_thumbnails/xYF0GagjwCk.jpg,
xZnWb6zTsFw,E:\Data\ObsidianVault\02_Channels\馴れ初めシネマ\競合チャンネル分析\企画リサーチ_20260605\gcs_upload_staging\naresome_thumbnails\xZnWb6zTsFw.jpg,238259,gs://senior-share-staging-570862915709/naresome_thumbnails/xZnWb6zTsFw.jpg,
xbv6zMUbCHE,E:\Data\ObsidianVault\02_Channels\馴れ初めシネマ\競合チャンネル分析\企画リサーチ_20260605\gcs_upload_staging\naresome_thumbnails\xbv6zMUbCHE.jpg,258690,gs://senior-share-staging-570862915709/naresome_thumbnails/xbv6zMUbCHE.jpg,
xc0x44ari2Y,E:\Data\ObsidianVault\02_Channels\馴れ初めシネマ\競合チャンネル分析\企画リサーチ_20260605\gcs_upload_staging\naresome_thumbnails\xc0x44ari2Y.jpg,228444,gs://senior-share-staging-570862915709/naresome_thumbnails/xc0x44ari2Y.jpg,
xcIV-qrN2Y0,E:\Data\ObsidianVault\02_Channels\馴れ初めシネマ\競合チャンネル分析\企画リサーチ_20260605\gcs_upload_staging\naresome_thumbnails\xcIV-qrN2Y0.jpg,267622,gs://senior-share-staging-570862915709/naresome_thumbnails/xcIV-qrN2Y0.jpg,
xcfp-bSAPws,E:\Data\ObsidianVault\02_Channels\馴れ初めシネマ\競合チャンネル分析\企画リサーチ_20260605\gcs_upload_staging\naresome_thumbnails\xcfp-bSAPws.jpg,243550,gs://senior-share-staging-570862915709/naresome_thumbnails/xcfp-bSAPws.jpg,
xcni0tm_h5M,E:\Data\ObsidianVault\02_Channels\馴れ初めシネマ\競合チャンネル分析\企画リサーチ_20260605\gcs_upload_staging\naresome_thumbnails\xcni0tm_h5M.jpg,257340,gs://senior-share-staging-570862915709/naresome_thumbnails/xcni0tm_h5M.jpg,
xfsaTtbWL0E,E:\Data\ObsidianVault\02_Channels\馴れ初めシネマ\競合チャンネル分析\企画リサーチ_20260605\gcs_upload_staging\naresome_thumbnails\xfsaTtbWL0E.jpg,258881,gs://senior-share-staging-570862915709/naresome_thumbnails/xfsaTtbWL0E.jpg,
xg2MiUt2qf0,E:\Data\ObsidianVault\02_Channels\馴れ初めシネマ\競合チャンネル分析\企画リサーチ_20260605\gcs_upload_staging\naresome_thumbnails\xg2MiUt2qf0.jpg,275204,gs://senior-share-staging-570862915709/naresome_thumbnails/xg2MiUt2qf0.jpg,
xg672wgRCjw,E:\Data\ObsidianVault\02_Channels\馴れ初めシネマ\競合チャンネル分析\企画リサーチ_20260605\gcs_upload_staging\naresome_thumbnails\xg672wgRCjw.jpg,273101,gs://senior-share-staging-570862915709/naresome_thumbnails/xg672wgRCjw.jpg,
xglG4zdOsp0,E:\Data\ObsidianVault\02_Channels\馴れ初めシネマ\競合チャンネル分析\企画リサーチ_20260605\gcs_upload_staging\naresome_thumbnails\xglG4zdOsp0.jpg,266990,gs://senior-share-staging-570862915709/naresome_thumbnails/xglG4zdOsp0.jpg,
xgljl9c_ag0,E:\Data\ObsidianVault\02_Channels\馴れ初めシネマ\競合チャンネル分析\企画リサーチ_20260605\gcs_upload_staging\naresome_thumbnails\xgljl9c_ag0.jpg,250358,gs://senior-share-staging-570862915709/naresome_thumbnails/xgljl9c_ag0.jpg,
xiZzYjCp43o,E:\Data\ObsidianVault\02_Channels\馴れ初めシネマ\競合チャンネル分析\企画リサーチ_20260605\gcs_upload_staging\naresome_thumbnails\xiZzYjCp43o.jpg,260232,gs://senior-share-staging-570862915709/naresome_thumbnails/xiZzYjCp43o.jpg,
xiwQfR3pvDo,E:\Data\ObsidianVault\02_Channels\馴れ初めシネマ\競合チャンネル分析\企画リサーチ_20260605\gcs_upload_staging\naresome_thumbnails\xiwQfR3pvDo.jpg,236748,gs://senior-share-staging-570862915709/naresome_thumbnails/xiwQfR3pvDo.jpg,
xjwn-7Ct7Rc,E:\Data\ObsidianVault\02_Channels\馴れ初めシネマ\競合チャンネル分析\企画リサーチ_20260605\gcs_upload_staging\naresome_thumbnails\xjwn-7Ct7Rc.jpg,262500,gs://senior-share-staging-570862915709/naresome_thumbnails/xjwn-7Ct7Rc.jpg,
xocFv5lH7vI,E:\Data\ObsidianVault\02_Channels\馴れ初めシネマ\競合チャンネル分析\企画リサーチ_20260605\gcs_upload_staging\naresome_thumbnails\xocFv5lH7vI.jpg,244480,gs://senior-share-staging-570862915709/naresome_thumbnails/xocFv5lH7vI.jpg,
xp0mj42xpEQ,E:\Data\ObsidianVault\02_Channels\馴れ初めシネマ\競合チャンネル分析\企画リサーチ_20260605\gcs_upload_staging\naresome_thumbnails\xp0mj42xpEQ.jpg,274452,gs://senior-share-staging-570862915709/naresome_thumbnails/xp0mj42xpEQ.jpg,
xp9_aK4ttl4,E:\Data\ObsidianVault\02_Channels\馴れ初めシネマ\競合チャンネル分析\企画リサーチ_20260605\gcs_upload_staging\naresome_thumbnails\xp9_aK4ttl4.jpg,268288,gs://senior-share-staging-570862915709/naresome_thumbnails/xp9_aK4ttl4.jpg,
xpAbw_Xvkr0,E:\Data\ObsidianVault\02_Channels\馴れ初めシネマ\競合チャンネル分析\企画リサーチ_20260605\gcs_upload_staging\naresome_thumbnails\xpAbw_Xvkr0.jpg,256956,gs://senior-share-staging-570862915709/naresome_thumbnails/xpAbw_Xvkr0.jpg,
xpyC8XjgHzk,E:\Data\ObsidianVault\02_Channels\馴れ初めシネマ\競合チャンネル分析\企画リサーチ_20260605\gcs_upload_staging\naresome_thumbnails\xpyC8XjgHzk.jpg,238076,gs://senior-share-staging-570862915709/naresome_thumbnails/xpyC8XjgHzk.jpg,
xrhCPZgSq44,E:\Data\ObsidianVault\02_Channels\馴れ初めシネマ\競合チャンネル分析\企画リサーチ_20260605\gcs_upload_staging\naresome_thumbnails\xrhCPZgSq44.jpg,251084,gs://senior-share-staging-570862915709/naresome_thumbnails/xrhCPZgSq44.jpg,
xtbsHYFGXZ8,E:\Data\ObsidianVault\02_Channels\馴れ初めシネマ\競合チャンネル分析\企画リサーチ_20260605\gcs_upload_staging\naresome_thumbnails\xtbsHYFGXZ8.jpg,249627,gs://senior-share-staging-570862915709/naresome_thumbnails/xtbsHYFGXZ8.jpg,
xtimxU15JJA,E:\Data\ObsidianVault\02_Channels\馴れ初めシネマ\競合チャンネル分析\企画リサーチ_20260605\gcs_upload_staging\naresome_thumbnails\xtimxU15JJA.jpg,251147,gs://senior-share-staging-570862915709/naresome_thumbnails/xtimxU15JJA.jpg,
xu9pv2eSgIw,E:\Data\ObsidianVault\02_Channels\馴れ初めシネマ\競合チャンネル分析\企画リサーチ_20260605\gcs_upload_staging\naresome_thumbnails\xu9pv2eSgIw.jpg,239185,gs://senior-share-staging-570862915709/naresome_thumbnails/xu9pv2eSgIw.jpg,
xwmASBrltds,E:\Data\ObsidianVault\02_Channels\馴れ初めシネマ\競合チャンネル分析\企画リサーチ_20260605\gcs_upload_staging\naresome_thumbnails\xwmASBrltds.jpg,271879,gs://senior-share-staging-570862915709/naresome_thumbnails/xwmASBrltds.jpg,
xx5Sl37BBdE,E:\Data\ObsidianVault\02_Channels\馴れ初めシネマ\競合チャンネル分析\企画リサーチ_20260605\gcs_upload_staging\naresome_thumbnails\xx5Sl37BBdE.jpg,258041,gs://senior-share-staging-570862915709/naresome_thumbnails/xx5Sl37BBdE.jpg,
xxOxYwTdO7o,E:\Data\ObsidianVault\02_Channels\馴れ初めシネマ\競合チャンネル分析\企画リサーチ_20260605\gcs_upload_staging\naresome_thumbnails\xxOxYwTdO7o.jpg,250763,gs://senior-share-staging-570862915709/naresome_thumbnails/xxOxYwTdO7o.jpg,
xyrSdvkcXgw,E:\Data\ObsidianVault\02_Channels\馴れ初めシネマ\競合チャンネル分析\企画リサーチ_20260605\gcs_upload_staging\naresome_thumbnails\xyrSdvkcXgw.jpg,255577,gs://senior-share-staging-570862915709/naresome_thumbnails/xyrSdvkcXgw.jpg,
xz9rl3_IpBU,E:\Data\ObsidianVault\02_Channels\馴れ初めシネマ\競合チャンネル分析\企画リサーチ_20260605\gcs_upload_staging\naresome_thumbnails\xz9rl3_IpBU.jpg,257983,gs://senior-share-staging-570862915709/naresome_thumbnails/xz9rl3_IpBU.jpg,
xzwrmRXwTmA,E:\Data\ObsidianVault\02_Channels\馴れ初めシネマ\競合チャンネル分析\企画リサーチ_20260605\gcs_upload_staging\naresome_thumbnails\xzwrmRXwTmA.jpg,264774,gs://senior-share-staging-570862915709/naresome_thumbnails/xzwrmRXwTmA.jpg,
y-tyXF-mnWo,E:\Data\ObsidianVault\02_Channels\馴れ初めシネマ\競合チャンネル分析\企画リサーチ_20260605\gcs_upload_staging\naresome_thumbnails\y-tyXF-mnWo.jpg,257886,gs://senior-share-staging-570862915709/naresome_thumbnails/y-tyXF-mnWo.jpg,
y3ln5FktnVg,E:\Data\ObsidianVault\02_Channels\馴れ初めシネマ\競合チャンネル分析\企画リサーチ_20260605\gcs_upload_staging\naresome_thumbnails\y3ln5FktnVg.jpg,226435,gs://senior-share-staging-570862915709/naresome_thumbnails/y3ln5FktnVg.jpg,
y4X7EJtqSwk,E:\Data\ObsidianVault\02_Channels\馴れ初めシネマ\競合チャンネル分析\企画リサーチ_20260605\gcs_upload_staging\naresome_thumbnails\y4X7EJtqSwk.jpg,259026,gs://senior-share-staging-570862915709/naresome_thumbnails/y4X7EJtqSwk.jpg,
y4fqipWSzb8,E:\Data\ObsidianVault\02_Channels\馴れ初めシネマ\競合チャンネル分析\企画リサーチ_20260605\gcs_upload_staging\naresome_thumbnails\y4fqipWSzb8.jpg,282190,gs://senior-share-staging-570862915709/naresome_thumbnails/y4fqipWSzb8.jpg,
y559OXhuxso,E:\Data\ObsidianVault\02_Channels\馴れ初めシネマ\競合チャンネル分析\企画リサーチ_20260605\gcs_upload_staging\naresome_thumbnails\y559OXhuxso.jpg,249625,gs://senior-share-staging-570862915709/naresome_thumbnails/y559OXhuxso.jpg,
y5WzMmkCi5s,E:\Data\ObsidianVault\02_Channels\馴れ初めシネマ\競合チャンネル分析\企画リサーチ_20260605\gcs_upload_staging\naresome_thumbnails\y5WzMmkCi5s.jpg,212491,gs://senior-share-staging-570862915709/naresome_thumbnails/y5WzMmkCi5s.jpg,
y8H_RyFJZMA,E:\Data\ObsidianVault\02_Channels\馴れ初めシネマ\競合チャンネル分析\企画リサーチ_20260605\gcs_upload_staging\naresome_thumbnails\y8H_RyFJZMA.jpg,262646,gs://senior-share-staging-570862915709/naresome_thumbnails/y8H_RyFJZMA.jpg,
yA9GWj86JZ8,E:\Data\ObsidianVault\02_Channels\馴れ初めシネマ\競合チャンネル分析\企画リサーチ_20260605\gcs_upload_staging\naresome_thumbnails\yA9GWj86JZ8.jpg,261133,gs://senior-share-staging-570862915709/naresome_thumbnails/yA9GWj86JZ8.jpg,
yBRu-_HBmC8,E:\Data\ObsidianVault\02_Channels\馴れ初めシネマ\競合チャンネル分析\企画リサーチ_20260605\gcs_upload_staging\naresome_thumbnails\yBRu-_HBmC8.jpg,246858,gs://senior-share-staging-570862915709/naresome_thumbnails/yBRu-_HBmC8.jpg,
yFEimh3i-iQ,E:\Data\ObsidianVault\02_Channels\馴れ初めシネマ\競合チャンネル分析\企画リサーチ_20260605\gcs_upload_staging\naresome_thumbnails\yFEimh3i-iQ.jpg,254321,gs://senior-share-staging-570862915709/naresome_thumbnails/yFEimh3i-iQ.jpg,
yGNTXwUt0Ow,E:\Data\ObsidianVault\02_Channels\馴れ初めシネマ\競合チャンネル分析\企画リサーチ_20260605\gcs_upload_staging\naresome_thumbnails\yGNTXwUt0Ow.jpg,249825,gs://senior-share-staging-570862915709/naresome_thumbnails/yGNTXwUt0Ow.jpg,
yHEItHII3CQ,E:\Data\ObsidianVault\02_Channels\馴れ初めシネマ\競合チャンネル分析\企画リサーチ_20260605\gcs_upload_staging\naresome_thumbnails\yHEItHII3CQ.jpg,271899,gs://senior-share-staging-570862915709/naresome_thumbnails/yHEItHII3CQ.jpg,
yI1UlrU84zs,E:\Data\ObsidianVault\02_Channels\馴れ初めシネマ\競合チャンネル分析\企画リサーチ_20260605\gcs_upload_staging\naresome_thumbnails\yI1UlrU84zs.jpg,258515,gs://senior-share-staging-570862915709/naresome_thumbnails/yI1UlrU84zs.jpg,
yID3xJE2lRE,E:\Data\ObsidianVault\02_Channels\馴れ初めシネマ\競合チャンネル分析\企画リサーチ_20260605\gcs_upload_staging\naresome_thumbnails\yID3xJE2lRE.jpg,251905,gs://senior-share-staging-570862915709/naresome_thumbnails/yID3xJE2lRE.jpg,
yKG6npNu9uI,E:\Data\ObsidianVault\02_Channels\馴れ初めシネマ\競合チャンネル分析\企画リサーチ_20260605\gcs_upload_staging\naresome_thumbnails\yKG6npNu9uI.jpg,268747,gs://senior-share-staging-570862915709/naresome_thumbnails/yKG6npNu9uI.jpg,
yMv0pwhuxak,E:\Data\ObsidianVault\02_Channels\馴れ初めシネマ\競合チャンネル分析\企画リサーチ_20260605\gcs_upload_staging\naresome_thumbnails\yMv0pwhuxak.jpg,250703,gs://senior-share-staging-570862915709/naresome_thumbnails/yMv0pwhuxak.jpg,
yNJw57s1RWg,E:\Data\ObsidianVault\02_Channels\馴れ初めシネマ\競合チャンネル分析\企画リサーチ_20260605\gcs_upload_staging\naresome_thumbnails\yNJw57s1RWg.jpg,238388,gs://senior-share-staging-570862915709/naresome_thumbnails/yNJw57s1RWg.jpg,
ySb4p8fFkyQ,E:\Data\ObsidianVault\02_Channels\馴れ初めシネマ\競合チャンネル分析\企画リサーチ_20260605\gcs_upload_staging\naresome_thumbnails\ySb4p8fFkyQ.jpg,286348,gs://senior-share-staging-570862915709/naresome_thumbnails/ySb4p8fFkyQ.jpg,
ySuIwppZeSo,E:\Data\ObsidianVault\02_Channels\馴れ初めシネマ\競合チャンネル分析\企画リサーチ_20260605\gcs_upload_staging\naresome_thumbnails\ySuIwppZeSo.jpg,278691,gs://senior-share-staging-570862915709/naresome_thumbnails/ySuIwppZeSo.jpg,
yTO5uat4FRE,E:\Data\ObsidianVault\02_Channels\馴れ初めシネマ\競合チャンネル分析\企画リサーチ_20260605\gcs_upload_staging\naresome_thumbnails\yTO5uat4FRE.jpg,268235,gs://senior-share-staging-570862915709/naresome_thumbnails/yTO5uat4FRE.jpg,
yTk7vLSDIfA,E:\Data\ObsidianVault\02_Channels\馴れ初めシネマ\競合チャンネル分析\企画リサーチ_20260605\gcs_upload_staging\naresome_thumbnails\yTk7vLSDIfA.jpg,253969,gs://senior-share-staging-570862915709/naresome_thumbnails/yTk7vLSDIfA.jpg,
yUu9DEr5fbQ,E:\Data\ObsidianVault\02_Channels\馴れ初めシネマ\競合チャンネル分析\企画リサーチ_20260605\gcs_upload_staging\naresome_thumbnails\yUu9DEr5fbQ.jpg,290764,gs://senior-share-staging-570862915709/naresome_thumbnails/yUu9DEr5fbQ.jpg,
yVUg6UCduS4,E:\Data\ObsidianVault\02_Channels\馴れ初めシネマ\競合チャンネル分析\企画リサーチ_20260605\gcs_upload_staging\naresome_thumbnails\yVUg6UCduS4.jpg,270228,gs://senior-share-staging-570862915709/naresome_thumbnails/yVUg6UCduS4.jpg,
yWCJ88LVB04,E:\Data\ObsidianVault\02_Channels\馴れ初めシネマ\競合チャンネル分析\企画リサーチ_20260605\gcs_upload_staging\naresome_thumbnails\yWCJ88LVB04.jpg,254513,gs://senior-share-staging-570862915709/naresome_thumbnails/yWCJ88LVB04.jpg,
yWpgHL9AUjw,E:\Data\ObsidianVault\02_Channels\馴れ初めシネマ\競合チャンネル分析\企画リサーチ_20260605\gcs_upload_staging\naresome_thumbnails\yWpgHL9AUjw.jpg,237917,gs://senior-share-staging-570862915709/naresome_thumbnails/yWpgHL9AUjw.jpg,
yZTJk8uUidI,E:\Data\ObsidianVault\02_Channels\馴れ初めシネマ\競合チャンネル分析\企画リサーチ_20260605\gcs_upload_staging\naresome_thumbnails\yZTJk8uUidI.jpg,319568,gs://senior-share-staging-570862915709/naresome_thumbnails/yZTJk8uUidI.jpg,
yZgu3YAjUhE,E:\Data\ObsidianVault\02_Channels\馴れ初めシネマ\競合チャンネル分析\企画リサーチ_20260605\gcs_upload_staging\naresome_thumbnails\yZgu3YAjUhE.jpg,265018,gs://senior-share-staging-570862915709/naresome_thumbnails/yZgu3YAjUhE.jpg,
y_J2rgLy3Yg,E:\Data\ObsidianVault\02_Channels\馴れ初めシネマ\競合チャンネル分析\企画リサーチ_20260605\gcs_upload_staging\naresome_thumbnails\y_J2rgLy3Yg.jpg,264406,gs://senior-share-staging-570862915709/naresome_thumbnails/y_J2rgLy3Yg.jpg,
y_kVuz-q6p8,E:\Data\ObsidianVault\02_Channels\馴れ初めシネマ\競合チャンネル分析\企画リサーチ_20260605\gcs_upload_staging\naresome_thumbnails\y_kVuz-q6p8.jpg,273700,gs://senior-share-staging-570862915709/naresome_thumbnails/y_kVuz-q6p8.jpg,
ya30gmq8QfA,E:\Data\ObsidianVault\02_Channels\馴れ初めシネマ\競合チャンネル分析\企画リサーチ_20260605\gcs_upload_staging\naresome_thumbnails\ya30gmq8QfA.jpg,272150,gs://senior-share-staging-570862915709/naresome_thumbnails/ya30gmq8QfA.jpg,
ycFPo3JTv7I,E:\Data\ObsidianVault\02_Channels\馴れ初めシネマ\競合チャンネル分析\企画リサーチ_20260605\gcs_upload_staging\naresome_thumbnails\ycFPo3JTv7I.jpg,235122,gs://senior-share-staging-570862915709/naresome_thumbnails/ycFPo3JTv7I.jpg,
ycnjt4Vl3V4,E:\Data\ObsidianVault\02_Channels\馴れ初めシネマ\競合チャンネル分析\企画リサーチ_20260605\gcs_upload_staging\naresome_thumbnails\ycnjt4Vl3V4.jpg,252660,gs://senior-share-staging-570862915709/naresome_thumbnails/ycnjt4Vl3V4.jpg,
ycumDrrr6sY,E:\Data\ObsidianVault\02_Channels\馴れ初めシネマ\競合チャンネル分析\企画リサーチ_20260605\gcs_upload_staging\naresome_thumbnails\ycumDrrr6sY.jpg,350499,gs://senior-share-staging-570862915709/naresome_thumbnails/ycumDrrr6sY.jpg,
yflW0KGlAwE,E:\Data\ObsidianVault\02_Channels\馴れ初めシネマ\競合チャンネル分析\企画リサーチ_20260605\gcs_upload_staging\naresome_thumbnails\yflW0KGlAwE.jpg,268693,gs://senior-share-staging-570862915709/naresome_thumbnails/yflW0KGlAwE.jpg,
yh6eYEIE0ZI,E:\Data\ObsidianVault\02_Channels\馴れ初めシネマ\競合チャンネル分析\企画リサーチ_20260605\gcs_upload_staging\naresome_thumbnails\yh6eYEIE0ZI.jpg,245072,gs://senior-share-staging-570862915709/naresome_thumbnails/yh6eYEIE0ZI.jpg,
yigWA9l6zWE,E:\Data\ObsidianVault\02_Channels\馴れ初めシネマ\競合チャンネル分析\企画リサーチ_20260605\gcs_upload_staging\naresome_thumbnails\yigWA9l6zWE.jpg,260907,gs://senior-share-staging-570862915709/naresome_thumbnails/yigWA9l6zWE.jpg,
yjhrxd65hfc,E:\Data\ObsidianVault\02_Channels\馴れ初めシネマ\競合チャンネル分析\企画リサーチ_20260605\gcs_upload_staging\naresome_thumbnails\yjhrxd65hfc.jpg,263480,gs://senior-share-staging-570862915709/naresome_thumbnails/yjhrxd65hfc.jpg,
ylUbenhN1tw,E:\Data\ObsidianVault\02_Channels\馴れ初めシネマ\競合チャンネル分析\企画リサーチ_20260605\gcs_upload_staging\naresome_thumbnails\ylUbenhN1tw.jpg,254534,gs://senior-share-staging-570862915709/naresome_thumbnails/ylUbenhN1tw.jpg,
yojNAUe9F7c,E:\Data\ObsidianVault\02_Channels\馴れ初めシネマ\競合チャンネル分析\企画リサーチ_20260605\gcs_upload_staging\naresome_thumbnails\yojNAUe9F7c.jpg,272287,gs://senior-share-staging-570862915709/naresome_thumbnails/yojNAUe9F7c.jpg,
yqTtwG0jhmk,E:\Data\ObsidianVault\02_Channels\馴れ初めシネマ\競合チャンネル分析\企画リサーチ_20260605\gcs_upload_staging\naresome_thumbnails\yqTtwG0jhmk.jpg,261459,gs://senior-share-staging-570862915709/naresome_thumbnails/yqTtwG0jhmk.jpg,
yrGBl6VqUzA,E:\Data\ObsidianVault\02_Channels\馴れ初めシネマ\競合チャンネル分析\企画リサーチ_20260605\gcs_upload_staging\naresome_thumbnails\yrGBl6VqUzA.jpg,261740,gs://senior-share-staging-570862915709/naresome_thumbnails/yrGBl6VqUzA.jpg,
yt_iRlcCh90,E:\Data\ObsidianVault\02_Channels\馴れ初めシネマ\競合チャンネル分析\企画リサーチ_20260605\gcs_upload_staging\naresome_thumbnails\yt_iRlcCh90.jpg,255226,gs://senior-share-staging-570862915709/naresome_thumbnails/yt_iRlcCh90.jpg,
yuh0AmaBgzY,E:\Data\ObsidianVault\02_Channels\馴れ初めシネマ\競合チャンネル分析\企画リサーチ_20260605\gcs_upload_staging\naresome_thumbnails\yuh0AmaBgzY.jpg,236547,gs://senior-share-staging-570862915709/naresome_thumbnails/yuh0AmaBgzY.jpg,
yv8UcB3TP50,E:\Data\ObsidianVault\02_Channels\馴れ初めシネマ\競合チャンネル分析\企画リサーチ_20260605\gcs_upload_staging\naresome_thumbnails\yv8UcB3TP50.jpg,240896,gs://senior-share-staging-570862915709/naresome_thumbnails/yv8UcB3TP50.jpg,
ywRXwpKoNcM,E:\Data\ObsidianVault\02_Channels\馴れ初めシネマ\競合チャンネル分析\企画リサーチ_20260605\gcs_upload_staging\naresome_thumbnails\ywRXwpKoNcM.jpg,337736,gs://senior-share-staging-570862915709/naresome_thumbnails/ywRXwpKoNcM.jpg,
yzvMrW_wH1o,E:\Data\ObsidianVault\02_Channels\馴れ初めシネマ\競合チャンネル分析\企画リサーチ_20260605\gcs_upload_staging\naresome_thumbnails\yzvMrW_wH1o.jpg,241096,gs://senior-share-staging-570862915709/naresome_thumbnails/yzvMrW_wH1o.jpg,
z-IVTQPmhXA,E:\Data\ObsidianVault\02_Channels\馴れ初めシネマ\競合チャンネル分析\企画リサーチ_20260605\gcs_upload_staging\naresome_thumbnails\z-IVTQPmhXA.jpg,241134,gs://senior-share-staging-570862915709/naresome_thumbnails/z-IVTQPmhXA.jpg,
z2q7NaAk4k4,E:\Data\ObsidianVault\02_Channels\馴れ初めシネマ\競合チャンネル分析\企画リサーチ_20260605\gcs_upload_staging\naresome_thumbnails\z2q7NaAk4k4.jpg,244179,gs://senior-share-staging-570862915709/naresome_thumbnails/z2q7NaAk4k4.jpg,
z4LzOY3uTLw,E:\Data\ObsidianVault\02_Channels\馴れ初めシネマ\競合チャンネル分析\企画リサーチ_20260605\gcs_upload_staging\naresome_thumbnails\z4LzOY3uTLw.jpg,229835,gs://senior-share-staging-570862915709/naresome_thumbnails/z4LzOY3uTLw.jpg,
z6YmcHdLma4,E:\Data\ObsidianVault\02_Channels\馴れ初めシネマ\競合チャンネル分析\企画リサーチ_20260605\gcs_upload_staging\naresome_thumbnails\z6YmcHdLma4.jpg,265567,gs://senior-share-staging-570862915709/naresome_thumbnails/z6YmcHdLma4.jpg,
z6aDOlEtTTA,E:\Data\ObsidianVault\02_Channels\馴れ初めシネマ\競合チャンネル分析\企画リサーチ_20260605\gcs_upload_staging\naresome_thumbnails\z6aDOlEtTTA.jpg,241079,gs://senior-share-staging-570862915709/naresome_thumbnails/z6aDOlEtTTA.jpg,
z6qY5BEWGI0,E:\Data\ObsidianVault\02_Channels\馴れ初めシネマ\競合チャンネル分析\企画リサーチ_20260605\gcs_upload_staging\naresome_thumbnails\z6qY5BEWGI0.jpg,264237,gs://senior-share-staging-570862915709/naresome_thumbnails/z6qY5BEWGI0.jpg,
zDQtWBacqek,E:\Data\ObsidianVault\02_Channels\馴れ初めシネマ\競合チャンネル分析\企画リサーチ_20260605\gcs_upload_staging\naresome_thumbnails\zDQtWBacqek.jpg,315030,gs://senior-share-staging-570862915709/naresome_thumbnails/zDQtWBacqek.jpg,
zE0p3IP7dr4,E:\Data\ObsidianVault\02_Channels\馴れ初めシネマ\競合チャンネル分析\企画リサーチ_20260605\gcs_upload_staging\naresome_thumbnails\zE0p3IP7dr4.jpg,271193,gs://senior-share-staging-570862915709/naresome_thumbnails/zE0p3IP7dr4.jpg,
zEKZAV9qnSI,E:\Data\ObsidianVault\02_Channels\馴れ初めシネマ\競合チャンネル分析\企画リサーチ_20260605\gcs_upload_staging\naresome_thumbnails\zEKZAV9qnSI.jpg,261058,gs://senior-share-staging-570862915709/naresome_thumbnails/zEKZAV9qnSI.jpg,
zKglkka1A-k,E:\Data\ObsidianVault\02_Channels\馴れ初めシネマ\競合チャンネル分析\企画リサーチ_20260605\gcs_upload_staging\naresome_thumbnails\zKglkka1A-k.jpg,329040,gs://senior-share-staging-570862915709/naresome_thumbnails/zKglkka1A-k.jpg,
zLF5AgSlr1U,E:\Data\ObsidianVault\02_Channels\馴れ初めシネマ\競合チャンネル分析\企画リサーチ_20260605\gcs_upload_staging\naresome_thumbnails\zLF5AgSlr1U.jpg,241455,gs://senior-share-staging-570862915709/naresome_thumbnails/zLF5AgSlr1U.jpg,
zLQ-essqxN4,E:\Data\ObsidianVault\02_Channels\馴れ初めシネマ\競合チャンネル分析\企画リサーチ_20260605\gcs_upload_staging\naresome_thumbnails\zLQ-essqxN4.jpg,255331,gs://senior-share-staging-570862915709/naresome_thumbnails/zLQ-essqxN4.jpg,
zMauCG0PEpY,E:\Data\ObsidianVault\02_Channels\馴れ初めシネマ\競合チャンネル分析\企画リサーチ_20260605\gcs_upload_staging\naresome_thumbnails\zMauCG0PEpY.jpg,252522,gs://senior-share-staging-570862915709/naresome_thumbnails/zMauCG0PEpY.jpg,
zMh22jcv_Cw,E:\Data\ObsidianVault\02_Channels\馴れ初めシネマ\競合チャンネル分析\企画リサーチ_20260605\gcs_upload_staging\naresome_thumbnails\zMh22jcv_Cw.jpg,247408,gs://senior-share-staging-570862915709/naresome_thumbnails/zMh22jcv_Cw.jpg,
zMq54EV5pyo,E:\Data\ObsidianVault\02_Channels\馴れ初めシネマ\競合チャンネル分析\企画リサーチ_20260605\gcs_upload_staging\naresome_thumbnails\zMq54EV5pyo.jpg,329410,gs://senior-share-staging-570862915709/naresome_thumbnails/zMq54EV5pyo.jpg,
zPYZl6nKVyg,E:\Data\ObsidianVault\02_Channels\馴れ初めシネマ\競合チャンネル分析\企画リサーチ_20260605\gcs_upload_staging\naresome_thumbnails\zPYZl6nKVyg.jpg,324444,gs://senior-share-staging-570862915709/naresome_thumbnails/zPYZl6nKVyg.jpg,
zQOFnaZPbI8,E:\Data\ObsidianVault\02_Channels\馴れ初めシネマ\競合チャンネル分析\企画リサーチ_20260605\gcs_upload_staging\naresome_thumbnails\zQOFnaZPbI8.jpg,261887,gs://senior-share-staging-570862915709/naresome_thumbnails/zQOFnaZPbI8.jpg,
zRDRcvOl3es,E:\Data\ObsidianVault\02_Channels\馴れ初めシネマ\競合チャンネル分析\企画リサーチ_20260605\gcs_upload_staging\naresome_thumbnails\zRDRcvOl3es.jpg,263514,gs://senior-share-staging-570862915709/naresome_thumbnails/zRDRcvOl3es.jpg,
zTJZwYFWXlo,E:\Data\ObsidianVault\02_Channels\馴れ初めシネマ\競合チャンネル分析\企画リサーチ_20260605\gcs_upload_staging\naresome_thumbnails\zTJZwYFWXlo.jpg,265778,gs://senior-share-staging-570862915709/naresome_thumbnails/zTJZwYFWXlo.jpg,
zTQVQPVLDYo,E:\Data\ObsidianVault\02_Channels\馴れ初めシネマ\競合チャンネル分析\企画リサーチ_20260605\gcs_upload_staging\naresome_thumbnails\zTQVQPVLDYo.jpg,253587,gs://senior-share-staging-570862915709/naresome_thumbnails/zTQVQPVLDYo.jpg,
zUezLEZOjJg,E:\Data\ObsidianVault\02_Channels\馴れ初めシネマ\競合チャンネル分析\企画リサーチ_20260605\gcs_upload_staging\naresome_thumbnails\zUezLEZOjJg.jpg,266962,gs://senior-share-staging-570862915709/naresome_thumbnails/zUezLEZOjJg.jpg,
zVdaS9VbLwI,E:\Data\ObsidianVault\02_Channels\馴れ初めシネマ\競合チャンネル分析\企画リサーチ_20260605\gcs_upload_staging\naresome_thumbnails\zVdaS9VbLwI.jpg,239113,gs://senior-share-staging-570862915709/naresome_thumbnails/zVdaS9VbLwI.jpg,
zX8hMqgyv2A,E:\Data\ObsidianVault\02_Channels\馴れ初めシネマ\競合チャンネル分析\企画リサーチ_20260605\gcs_upload_staging\naresome_thumbnails\zX8hMqgyv2A.jpg,257639,gs://senior-share-staging-570862915709/naresome_thumbnails/zX8hMqgyv2A.jpg,
z_9PsKIh1rY,E:\Data\ObsidianVault\02_Channels\馴れ初めシネマ\競合チャンネル分析\企画リサーチ_20260605\gcs_upload_staging\naresome_thumbnails\z_9PsKIh1rY.jpg,263637,gs://senior-share-staging-570862915709/naresome_thumbnails/z_9PsKIh1rY.jpg,
z_mO4m5fVIo,E:\Data\ObsidianVault\02_Channels\馴れ初めシネマ\競合チャンネル分析\企画リサーチ_20260605\gcs_upload_staging\naresome_thumbnails\z_mO4m5fVIo.jpg,275577,gs://senior-share-staging-570862915709/naresome_thumbnails/z_mO4m5fVIo.jpg,
zaVa-UmkQhk,E:\Data\ObsidianVault\02_Channels\馴れ初めシネマ\競合チャンネル分析\企画リサーチ_20260605\gcs_upload_staging\naresome_thumbnails\zaVa-UmkQhk.jpg,257081,gs://senior-share-staging-570862915709/naresome_thumbnails/zaVa-UmkQhk.jpg,
zamJy0C0UoE,E:\Data\ObsidianVault\02_Channels\馴れ初めシネマ\競合チャンネル分析\企画リサーチ_20260605\gcs_upload_staging\naresome_thumbnails\zamJy0C0UoE.jpg,264668,gs://senior-share-staging-570862915709/naresome_thumbnails/zamJy0C0UoE.jpg,
zatR7_PZyN0,E:\Data\ObsidianVault\02_Channels\馴れ初めシネマ\競合チャンネル分析\企画リサーチ_20260605\gcs_upload_staging\naresome_thumbnails\zatR7_PZyN0.jpg,251546,gs://senior-share-staging-570862915709/naresome_thumbnails/zatR7_PZyN0.jpg,
zbYJqT2z7gM,E:\Data\ObsidianVault\02_Channels\馴れ初めシネマ\競合チャンネル分析\企画リサーチ_20260605\gcs_upload_staging\naresome_thumbnails\zbYJqT2z7gM.jpg,238730,gs://senior-share-staging-570862915709/naresome_thumbnails/zbYJqT2z7gM.jpg,
zbz51RDn5F4,E:\Data\ObsidianVault\02_Channels\馴れ初めシネマ\競合チャンネル分析\企画リサーチ_20260605\gcs_upload_staging\naresome_thumbnails\zbz51RDn5F4.jpg,254728,gs://senior-share-staging-570862915709/naresome_thumbnails/zbz51RDn5F4.jpg,
zcGTyb3tGmE,E:\Data\ObsidianVault\02_Channels\馴れ初めシネマ\競合チャンネル分析\企画リサーチ_20260605\gcs_upload_staging\naresome_thumbnails\zcGTyb3tGmE.jpg,276005,gs://senior-share-staging-570862915709/naresome_thumbnails/zcGTyb3tGmE.jpg,
zcSfGRo9W6A,E:\Data\ObsidianVault\02_Channels\馴れ初めシネマ\競合チャンネル分析\企画リサーチ_20260605\gcs_upload_staging\naresome_thumbnails\zcSfGRo9W6A.jpg,243500,gs://senior-share-staging-570862915709/naresome_thumbnails/zcSfGRo9W6A.jpg,
zh_GD9RBrwY,E:\Data\ObsidianVault\02_Channels\馴れ初めシネマ\競合チャンネル分析\企画リサーチ_20260605\gcs_upload_staging\naresome_thumbnails\zh_GD9RBrwY.jpg,234584,gs://senior-share-staging-570862915709/naresome_thumbnails/zh_GD9RBrwY.jpg,
zjGqeHk59kU,E:\Data\ObsidianVault\02_Channels\馴れ初めシネマ\競合チャンネル分析\企画リサーチ_20260605\gcs_upload_staging\naresome_thumbnails\zjGqeHk59kU.jpg,265333,gs://senior-share-staging-570862915709/naresome_thumbnails/zjGqeHk59kU.jpg,
zl_xk-zmlc4,E:\Data\ObsidianVault\02_Channels\馴れ初めシネマ\競合チャンネル分析\企画リサーチ_20260605\gcs_upload_staging\naresome_thumbnails\zl_xk-zmlc4.jpg,234101,gs://senior-share-staging-570862915709/naresome_thumbnails/zl_xk-zmlc4.jpg,
zmEchhwd_98,E:\Data\ObsidianVault\02_Channels\馴れ初めシネマ\競合チャンネル分析\企画リサーチ_20260605\gcs_upload_staging\naresome_thumbnails\zmEchhwd_98.jpg,322341,gs://senior-share-staging-570862915709/naresome_thumbnails/zmEchhwd_98.jpg,
zmVnshEsKNw,E:\Data\ObsidianVault\02_Channels\馴れ初めシネマ\競合チャンネル分析\企画リサーチ_20260605\gcs_upload_staging\naresome_thumbnails\zmVnshEsKNw.jpg,261008,gs://senior-share-staging-570862915709/naresome_thumbnails/zmVnshEsKNw.jpg,
zn3n5VRUZRs,E:\Data\ObsidianVault\02_Channels\馴れ初めシネマ\競合チャンネル分析\企画リサーチ_20260605\gcs_upload_staging\naresome_thumbnails\zn3n5VRUZRs.jpg,271684,gs://senior-share-staging-570862915709/naresome_thumbnails/zn3n5VRUZRs.jpg,
zonYdBF20Bw,E:\Data\ObsidianVault\02_Channels\馴れ初めシネマ\競合チャンネル分析\企画リサーチ_20260605\gcs_upload_staging\naresome_thumbnails\zonYdBF20Bw.jpg,234741,gs://senior-share-staging-570862915709/naresome_thumbnails/zonYdBF20Bw.jpg,
zuiO0owocLU,E:\Data\ObsidianVault\02_Channels\馴れ初めシネマ\競合チャンネル分析\企画リサーチ_20260605\gcs_upload_staging\naresome_thumbnails\zuiO0owocLU.jpg,312574,gs://senior-share-staging-570862915709/naresome_thumbnails/zuiO0owocLU.jpg,
zuio7RUDwIU,E:\Data\ObsidianVault\02_Channels\馴れ初めシネマ\競合チャンネル分析\企画リサーチ_20260605\gcs_upload_staging\naresome_thumbnails\zuio7RUDwIU.jpg,226381,gs://senior-share-staging-570862915709/naresome_thumbnails/zuio7RUDwIU.jpg,
zunLIBbSEeU,E:\Data\ObsidianVault\02_Channels\馴れ初めシネマ\競合チャンネル分析\企画リサーチ_20260605\gcs_upload_staging\naresome_thumbnails\zunLIBbSEeU.jpg,267064,gs://senior-share-staging-570862915709/naresome_thumbnails/zunLIBbSEeU.jpg,
zvRsNg5CpqI,E:\Data\ObsidianVault\02_Channels\馴れ初めシネマ\競合チャンネル分析\企画リサーチ_20260605\gcs_upload_staging\naresome_thumbnails\zvRsNg5CpqI.jpg,260945,gs://senior-share-staging-570862915709/naresome_thumbnails/zvRsNg5CpqI.jpg,
zyPznznOb7E,E:\Data\ObsidianVault\02_Channels\馴れ初めシネマ\競合チャンネル分析\企画リサーチ_20260605\gcs_upload_staging\naresome_thumbnails\zyPznznOb7E.jpg,260854,gs://senior-share-staging-570862915709/naresome_thumbnails/zyPznznOb7E.jpg,
zyWdTK11voY,E:\Data\ObsidianVault\02_Channels\馴れ初めシネマ\競合チャンネル分析\企画リサーチ_20260605\gcs_upload_staging\naresome_thumbnails\zyWdTK11voY.jpg,262154,gs://senior-share-staging-570862915709/naresome_thumbnails/zyWdTK11voY.jpg,
